{"type": "FeatureCollection", "features": [{"type": "Feature", "properties": {"name": "Coconut Creek", "geoid": "1213275", "county": "broward"}, "geometry": {"type": "Polygon", "coordinates": [[[-80.20306399963769, 26.327824999948312], [-80.20302600000286, 26.326175000362845], [-80.20300000006361, 26.325426000022386], [-80.20295200038302, 26.323168000346527], [-80.20290700017719, 26.320679000381478], [-80.20281599994057, 26.317982000346337], [-80.2027959998491, 26.317608000087375], [-80.20279300037436, 26.317452999611064], [-80.20270799998555, 26.31537000025339], [-80.20268899971899, 26.314975000194515], [-80.20260800042642, 26.312019000238653], [-80.2026059998783, 26.310358999682197], [-80.20258199958886, 26.308783000096792], [-80.20252200021271, 26.304834999780773], [-80.2025289998854, 26.30451999979641], [-80.20251600036492, 26.30341199973002], [-80.20250700014411, 26.302638000376007], [-80.20249200007548, 26.30207799993499], [-80.20249200007548, 26.30204399961403], [-80.20248799987753, 26.301762000309825], [-80.20248600022771, 26.301627999806016], [-80.20248399967954, 26.301445999823247], [-80.20248200002973, 26.3011260000633], [-80.20248000037991, 26.300806000225336], [-80.20248200002973, 26.300315000082747], [-80.20248299985465, 26.300281000050006], [-80.20248399967954, 26.300241999739633], [-80.20248600022771, 26.299831999606084], [-80.20248799987753, 26.29963799980358], [-80.20248799987753, 26.299575999848052], [-80.20248899970242, 26.299381999617154], [-80.20249100025056, 26.29919399959841], [-80.20248700005261, 26.29881000005213], [-80.20248600022771, 26.29855499987717], [-80.20246799978604, 26.29828899981705], [-80.20245699991537, 26.29813699996891], [-80.20244600004473, 26.297974999996132], [-80.20239199961806, 26.297520999900385], [-80.20232600039412, 26.296950000255595], [-80.20230600030264, 26.296797000018344], [-80.20228600021116, 26.29664400038457], [-80.20222099991383, 26.2959419997608], [-80.20215499979159, 26.29497299984712], [-80.20213200022536, 26.294419999671362], [-80.2021280000274, 26.29430499976089], [-80.2021129999588, 26.293347999926947], [-80.2021120001339, 26.293268999991724], [-80.20210600028611, 26.292926999743013], [-80.20210399973797, 26.292813999714703], [-80.20209700006527, 26.292428999696668], [-80.2020779997987, 26.291275000319565], [-80.20207199995092, 26.290891000319995], [-80.2020569998823, 26.2899559999287], [-80.20204799966146, 26.289391999822506], [-80.20204799966146, 26.28715399961501], [-80.2020490003847, 26.286220000040007], [-80.20204600001165, 26.286034999829486], [-80.2020359999659, 26.285427000233174], [-80.2019999999809, 26.283047999699576], [-80.20198800028533, 26.282254999956862], [-80.20198099971432, 26.28182299970048], [-80.20196700036894, 26.280839999713756], [-80.20196300017098, 26.28052800013589], [-80.20195700032319, 26.280097000281398], [-80.20195499977507, 26.27992399981848], [-80.20195399995015, 26.279818999914575], [-80.20194599955423, 26.2789269999135], [-80.20194200025458, 26.278395999764143], [-80.20193399985867, 26.27809800009935], [-80.20186199988864, 26.275418000145777], [-80.20186199988864, 26.274248999760022], [-80.20186400043677, 26.274173000218905], [-80.20186699991152, 26.27407600024482], [-80.20179199956843, 26.27407600024482], [-80.20169399965914, 26.274074999804537], [-80.20071600021605, 26.274063999793945], [-80.1967769999846, 26.274021000181957], [-80.19467399988703, 26.274001999861294], [-80.19465799999352, 26.274001999861294], [-80.19457699980266, 26.274001000225883], [-80.19351300014584, 26.273992999920278], [-80.19269700018616, 26.273968999805632], [-80.19254900004816, 26.273964999651817], [-80.19240199973507, 26.273961000303345], [-80.1923769996207, 26.27395999986207], [-80.19237800034392, 26.27368000001602], [-80.19237400014597, 26.272618999665525], [-80.19237099977293, 26.27117600019946], [-80.19236699957496, 26.269403000289355], [-80.19236800029817, 26.26913900039893], [-80.1923769996207, 26.26662400018777], [-80.19237900016884, 26.26600600012394], [-80.19238500001663, 26.26437100008169], [-80.19238800038968, 26.26356300009557], [-80.19236599975005, 26.25847700014843], [-80.19242799967432, 26.258091000023196], [-80.19242799967432, 26.257892999803452], [-80.19242900039755, 26.257630000104463], [-80.19241500015386, 26.252421000059503], [-80.19239500006236, 26.24457500035118], [-80.19257199961437, 26.244573999656733], [-80.19276800033126, 26.24457199987925], [-80.19288899980678, 26.2445709999905], [-80.19296699962457, 26.24457000010174], [-80.19327600031937, 26.244565999740882], [-80.19420299970882, 26.244556000046686], [-80.19451300022855, 26.2445540002689], [-80.19456199973403, 26.244553000379998], [-80.19457000012994, 26.244283000248068], [-80.19456699975692, 26.243823000219788], [-80.19456199973403, 26.243177999960082], [-80.1945580004344, 26.242864000084612], [-80.19454699966542, 26.24272299991584], [-80.19452599974902, 26.24257700004657], [-80.19449700033502, 26.24243299980816], [-80.19445899980187, 26.242288000288713], [-80.19443600023564, 26.24221199997377], [-80.19436300044072, 26.241929000388897], [-80.19432900010554, 26.241673000204937], [-80.19431900005979, 26.240939000001102], [-80.19430700036423, 26.24030699968822], [-80.19430399999118, 26.239471000191205], [-80.1943049998161, 26.23912700029441], [-80.19428200024987, 26.23773400028282], [-80.19430900001406, 26.23716800037413], [-80.19432900010554, 26.2369239996346], [-80.19433900015129, 26.236695000148934], [-80.19434900019702, 26.23655399974863], [-80.1944110001213, 26.236339999734362], [-80.1945309997719, 26.235883000391997], [-80.19454500001561, 26.23554900001672], [-80.19255599972084, 26.23554100028546], [-80.19255800026897, 26.23527899991908], [-80.19255700044407, 26.234057000326562], [-80.19252099956074, 26.234047999707578], [-80.19248299992591, 26.234037999914325], [-80.19233800016096, 26.23399999988631], [-80.19230800002374, 26.233992000048477], [-80.19179900021071, 26.2338600002273], [-80.19163199980612, 26.23381600025359], [-80.19140699967522, 26.233756999731654], [-80.19117499987165, 26.233695000038626], [-80.19087699994581, 26.233617999763013], [-80.19079099973207, 26.233596000135343], [-80.19065699983777, 26.23356099991333], [-80.19066000021083, 26.23338100033179], [-80.19065400036304, 26.232013999881833], [-80.19065299963981, 26.23115700029236], [-80.19065299963981, 26.23098000022954], [-80.19246899968222, 26.230957000096883], [-80.19246100018461, 26.230555000267003], [-80.19241599997876, 26.227829000112987], [-80.19238199964356, 26.22583499988012], [-80.19238900021458, 26.225484999613276], [-80.19235400005448, 26.223412999636864], [-80.19231899989437, 26.222320000191974], [-80.19225199994723, 26.218631999982552], [-80.19218099980212, 26.214731999724023], [-80.19228899975717, 26.214608000169587], [-80.1922920001302, 26.214281000184503], [-80.19149399971387, 26.215243000347677], [-80.18910500028434, 26.21813399963469], [-80.18829099997446, 26.21909199974672], [-80.1882089999587, 26.219188999694307], [-80.1880740002395, 26.219332999708246], [-80.18703300014892, 26.220449999712002], [-80.18442299988813, 26.223340000091305], [-80.18406600041106, 26.223780000035987], [-80.18301699992456, 26.225096000134645], [-80.18238199971485, 26.225970000093003], [-80.18223299975193, 26.226100999958742], [-80.18207100026854, 26.226245000280688], [-80.18116900009511, 26.22728500035631], [-80.1804359999761, 26.22811800035893], [-80.18005100001163, 26.228595000125225], [-80.1791689999297, 26.229567999769035], [-80.1784790003667, 26.230565000359775], [-80.17845900027523, 26.23059399981823], [-80.178316999985, 26.230760000385978], [-80.17823199959619, 26.23085600026635], [-80.17814700010568, 26.230953000073367], [-80.17797800005128, 26.231146000246238], [-80.17777700020983, 26.23138600021057], [-80.17763099972164, 26.231562999655374], [-80.17703900006795, 26.23230300020257], [-80.177331000146, 26.23204699977076], [-80.177655999836, 26.231798000377577], [-80.17795600030998, 26.23156899965915], [-80.17819999980914, 26.23138900021706], [-80.17837700025945, 26.231259999867998], [-80.17879800020894, 26.23095200006746], [-80.17892899973019, 26.23085600026635], [-80.17906000014976, 26.230760000385978], [-80.1795770003587, 26.23080499991167], [-80.17914299999043, 26.23110700007427], [-80.17873700010956, 26.231393000225587], [-80.17847199979569, 26.231579999665264], [-80.17810899957253, 26.231835000321134], [-80.17757499964516, 26.232284000309487], [-80.177147000023, 26.23264400017304], [-80.17650500014058, 26.233311999733406], [-80.17605800025181, 26.233788999950146], [-80.17539700010282, 26.234577999606167], [-80.17511699972034, 26.234911000381846], [-80.17459399966361, 26.235490000374224], [-80.1742199995698, 26.23597800010876], [-80.17405399988846, 26.236174999842255], [-80.17149899987926, 26.239195999858755], [-80.17131800012929, 26.239416999787572], [-80.17108299995266, 26.23970800009931], [-80.17085600017192, 26.24000300020055], [-80.17063299969085, 26.240301000135407], [-80.17041699978078, 26.240602999803635], [-80.1702069997185, 26.240908999979812], [-80.17009200009076, 26.241081999754538], [-80.16980400021069, 26.241530000372904], [-80.16942599991891, 26.242163000391066], [-80.16921800040477, 26.242535999868146], [-80.16915499975727, 26.24265599983857], [-80.16912299997021, 26.24271499987258], [-80.16907399956641, 26.242807999838064], [-80.1689050004103, 26.243134000290368], [-80.1687430000286, 26.243461999624856], [-80.16868699995212, 26.243591000131367], [-80.16850700002706, 26.243975000304456], [-80.1682569997818, 26.24457500035118], [-80.16798099959728, 26.245303000051255], [-80.16792500041909, 26.245446000075102], [-80.16781300026611, 26.24577599989242], [-80.16768500021959, 26.24618000001401], [-80.16758599958708, 26.24652800027707], [-80.16754799995223, 26.246656999797242], [-80.16750299974639, 26.246755999856536], [-80.16720999984344, 26.247920999629866], [-80.16700900000198, 26.248964000329945], [-80.16697600039001, 26.249139999747314], [-80.1671379998734, 26.24915999995721], [-80.16732100017151, 26.249207999963506], [-80.1673630000043, 26.249218999911808], [-80.16756100037102, 26.24929999971875], [-80.16772799987729, 26.24939700024876], [-80.16787900038834, 26.249509000004135], [-80.16799800021403, 26.249624999838417], [-80.1680659999861, 26.249741000362548], [-80.16811899968954, 26.24984699992064], [-80.16813399975815, 26.249877000051644], [-80.16815600039779, 26.25002000008623], [-80.16815399984964, 26.25014399974836], [-80.16814299997898, 26.250193999834586], [-80.1681229998875, 26.25028300009596], [-80.16809000027555, 26.25034099964118], [-80.16806799963592, 26.250383000127243], [-80.16800599971162, 26.250478999915174], [-80.16792799989383, 26.250559999649347], [-80.16782699961149, 26.250641000132727], [-80.16776600041044, 26.250679000359934], [-80.16769799974006, 26.250724000231273], [-80.16762999996801, 26.250759000119164], [-80.16733700006505, 26.250910000159134], [-80.167193000125, 26.25099800003857], [-80.16714999956898, 26.251027999872374], [-80.16703999996412, 26.251107000364435], [-80.16691699994048, 26.25122800017772], [-80.16681700038136, 26.251343000076538], [-80.16673100016763, 26.25148699974732], [-80.16666900024336, 26.251625000271375], [-80.16663300025834, 26.251734999836124], [-80.16651100005961, 26.252480999790105], [-80.16650199983877, 26.252541000295363], [-80.16650699986165, 26.253407000054484], [-80.16653000032618, 26.25356699978902], [-80.16659800009825, 26.254399000173528], [-80.16668400031197, 26.256062000193563], [-80.16675100025913, 26.256828000252355], [-80.16683499992472, 26.257328000380245], [-80.16695600029854, 26.25803400009218], [-80.16702900009346, 26.258393999950098], [-80.16722300026223, 26.25915200021862], [-80.16731199995068, 26.25948000025308], [-80.16741999990572, 26.259825999830674], [-80.1674609999136, 26.259954000134986], [-80.16831600023134, 26.263084000185998], [-80.16858999986773, 26.264391999803983], [-80.16872799996, 26.2653029996745], [-80.1687489998764, 26.265431000386126], [-80.16879400008224, 26.26584099966394], [-80.16882400021947, 26.26619000034087], [-80.16890200003726, 26.267832999664808], [-80.1689110002581, 26.26824699967217], [-80.16893600037245, 26.269366999900257], [-80.16893399982432, 26.269764000015957], [-80.16894300004516, 26.27063200036449], [-80.16987000033292, 26.270729999658247], [-80.17024000022877, 26.270783000343307], [-80.17045100011596, 26.270857000362543], [-80.17063799971373, 26.27097400028587], [-80.17079000004969, 26.271122000033667], [-80.17090700022555, 26.271289000360664], [-80.17097800037067, 26.27145999988222], [-80.17100599995976, 26.27163399973033], [-80.1710029995867, 26.271796000243295], [-80.17095200043138, 26.271994000115686], [-80.17086299984463, 26.272167999968797], [-80.17073300014829, 26.272333000296882], [-80.17056099972083, 26.272471999863985], [-80.17026799981785, 26.272672000293515], [-80.17025699994723, 26.272679000237883], [-80.17025399957416, 26.27281800019613], [-80.17021900031239, 26.27295499989359], [-80.16986500031007, 26.27318900022585], [-80.16961800043784, 26.27336499998587], [-80.16951799998043, 26.273454999851573], [-80.16937499986528, 26.273628999931063], [-80.16923500012321, 26.27382400018231], [-80.16919900013819, 26.273893000081213], [-80.16918499989448, 26.273972000323692], [-80.16917700039687, 26.27405499985774], [-80.16917200037402, 26.27412500005918], [-80.16932999965944, 26.27408199966426], [-80.16933499968232, 26.274219999919787], [-80.16933499968232, 26.274546000011863], [-80.16935700032195, 26.27632199995198], [-80.16943000011688, 26.279979999889473], [-80.16943199976669, 26.280097000281398], [-80.1694600002541, 26.28194700003562], [-80.16950899975959, 26.285237000259535], [-80.16956300018626, 26.288885999815122], [-80.16956300018626, 26.289074999944074], [-80.16962099991258, 26.293268999991724], [-80.16967000031639, 26.29675299972851], [-80.16972499966965, 26.299076999946852], [-80.16978199957106, 26.301104000339308], [-80.16980699968542, 26.301661000046646], [-80.16983299962469, 26.302199999962447], [-80.16996999989203, 26.305133000005657], [-80.16997599973982, 26.305270000192465], [-80.16997999993778, 26.305336000201134], [-80.16998300031082, 26.305381999989734], [-80.1699049995947, 26.305499999889147], [-80.16973300006556, 26.305728999767435], [-80.16964100000406, 26.305732000269227], [-80.16970700012631, 26.30786200032537], [-80.16975800017993, 26.308876000280613], [-80.16976800022567, 26.3091650001504], [-80.16979599981475, 26.30990399964362], [-80.16983000014994, 26.310839000210986], [-80.16992100038655, 26.311405000098354], [-80.16991399981555, 26.31147799985266], [-80.16991600036367, 26.311533999985993], [-80.1699249996862, 26.311805000018794], [-80.16997200044018, 26.31321200005307], [-80.16999500000641, 26.313915000056515], [-80.17002900034157, 26.314891000063376], [-80.1700719999993, 26.316204999797993], [-80.17007700002215, 26.31633600012929], [-80.17015999986283, 26.317608000087375], [-80.1701719995584, 26.317779999822516], [-80.17012600042597, 26.317780999885777], [-80.17013100044883, 26.31795200010745], [-80.17014899999218, 26.318468000235097], [-80.17015499983995, 26.318640000303674], [-80.17016999990858, 26.32043000025714], [-80.17021500011442, 26.325802999978052], [-80.17023000018304, 26.327496999938592], [-80.17032499971927, 26.327478000329318], [-80.17032700026742, 26.3276119999226], [-80.17032899991723, 26.32773700037075], [-80.17033200029029, 26.327782000144776], [-80.17085199997396, 26.327778000237164], [-80.1708829999361, 26.327775000306346], [-80.17089299998185, 26.32777400032937], [-80.17100099993688, 26.32777300035242], [-80.1710169998304, 26.32777300035242], [-80.17105899966319, 26.32777400032937], [-80.17235199964887, 26.32778899998284], [-80.17365300003044, 26.327804999611043], [-80.17479500040339, 26.327786000052303], [-80.17487400004609, 26.327782000144776], [-80.17589800041824, 26.327764999731237], [-80.17623300015399, 26.327763999754186], [-80.17716000044179, 26.327762999777157], [-80.17733500034396, 26.327756999914648], [-80.17741099961363, 26.327775000306346], [-80.17752500031477, 26.327766999685295], [-80.17753899966016, 26.32776599970828], [-80.17756899979737, 26.327763999754186], [-80.17758100039126, 26.327760999823], [-80.17759499973664, 26.327757999891766], [-80.17761200035339, 26.32775999984595], [-80.1777250003313, 26.32774000030256], [-80.17776200014121, 26.327752000029], [-80.17783400011123, 26.327783000121677], [-80.177872999571, 26.327791999913284], [-80.17808000015853, 26.32779799977399], [-80.17814999958043, 26.32780099970418], [-80.1782040000071, 26.32780099970418], [-80.17834899977206, 26.32780099970418], [-80.17878700033829, 26.327803999634334], [-80.17893299992814, 26.327804999611043], [-80.17933499961106, 26.327806000392854], [-80.17965500017651, 26.327808000346195], [-80.18054200028132, 26.327801999680915], [-80.1809449997891, 26.327799999727457], [-80.18158699967154, 26.327794999843682], [-80.18351599969183, 26.327782000144776], [-80.18415900029748, 26.327778000237164], [-80.18431199956005, 26.327777000260223], [-80.18436699981163, 26.327777000260223], [-80.18477100004267, 26.32778000019099], [-80.18492500002847, 26.327782000144776], [-80.1850199995647, 26.327782000144776], [-80.18530699961988, 26.327785000075426], [-80.18540299987936, 26.327786000052303], [-80.18542700016879, 26.327786000052303], [-80.18550099978864, 26.327787000029165], [-80.18552599990299, 26.327787000029165], [-80.18556600008596, 26.327787000029165], [-80.18568800028471, 26.327787000029165], [-80.18572900029258, 26.327787000029165], [-80.1858570003391, 26.327787000029165], [-80.18624399995339, 26.327787000029165], [-80.18638000039583, 26.327788000005988], [-80.18640799998494, 26.327788000005988], [-80.18645400001569, 26.327788000005988], [-80.18655899959766, 26.327788000005988], [-80.18659399975776, 26.327788000005988], [-80.18664099961343, 26.327788000005988], [-80.18676399963708, 26.327788000005988], [-80.18713299970803, 26.327788000005988], [-80.18725599973166, 26.32778899998284], [-80.18742599961097, 26.32778899998284], [-80.18793899962196, 26.32778899998284], [-80.1881100002245, 26.32778999995965], [-80.18854100021973, 26.32778999995965], [-80.1898340002054, 26.327791999913284], [-80.19010500036705, 26.327791999913284], [-80.19007199985677, 26.32495600036638], [-80.19007000020693, 26.32474599990348], [-80.19045599999632, 26.323739999650744], [-80.19045299962328, 26.323321000390717], [-80.19045199979836, 26.32317999974158], [-80.19034600039147, 26.32317999974158], [-80.19035300006415, 26.323103000045528], [-80.19035899991195, 26.323044999832877], [-80.19035999973686, 26.322996999773732], [-80.19036099956178, 26.32293600025695], [-80.19036599958464, 26.32288300005676], [-80.19037200033073, 26.32282599975359], [-80.19037900000343, 26.322770000247754], [-80.18961400009738, 26.32276900022756], [-80.18961800029534, 26.323178999724938], [-80.18901499987264, 26.323178999724938], [-80.18867000009116, 26.323177999708303], [-80.18867000009116, 26.323125999635938], [-80.18866199969523, 26.3223129997887], [-80.18866099987034, 26.322164000124854], [-80.18866000004542, 26.3220360000228], [-80.18866000004542, 26.322023999704022], [-80.18868400033486, 26.322023999704022], [-80.18872799981749, 26.322023999704022], [-80.18895100029856, 26.322023999704022], [-80.18960599970144, 26.32202299967743], [-80.18959900002875, 26.32130900020684], [-80.1904960001793, 26.321310000239627], [-80.19067600010435, 26.321310000239627], [-80.1946639998413, 26.321313000337945], [-80.19466700021434, 26.321355000095625], [-80.19468300010787, 26.321563000204904], [-80.19445899980187, 26.321567000327192], [-80.19348899985641, 26.321587000131554], [-80.19349499970419, 26.32194199990808], [-80.19363600016949, 26.32194199990808], [-80.19363600016949, 26.32203299994322], [-80.19470499984917, 26.322033999969765], [-80.19470400002427, 26.322162000074034], [-80.19470099965122, 26.323141999908422], [-80.19470099965122, 26.32324499999936], [-80.19470400002427, 26.323553999722463], [-80.19470499984917, 26.323658000264597], [-80.19470700039732, 26.323977999798615], [-80.19471099969695, 26.32465800040145], [-80.19366200010876, 26.32465800040145], [-80.19364799986506, 26.32315200007763], [-80.19357000004726, 26.32315300009449], [-80.1935370004353, 26.323155000128185], [-80.19328600036512, 26.323171999608245], [-80.19316199961827, 26.323180999758186], [-80.19317000001418, 26.32400000001087], [-80.19309700021924, 26.32400000001087], [-80.19309800004416, 26.324467000309767], [-80.19304399961747, 26.324445000186223], [-80.19303100009701, 26.324443000174792], [-80.19296699962457, 26.32443700014028], [-80.19264000028474, 26.324444000180495], [-80.19264000028474, 26.325023999629476], [-80.1946930001536, 26.325022999628782], [-80.20116499975462, 26.325018999625815], [-80.2011699997775, 26.325296000308402], [-80.20117099960241, 26.32560300020354], [-80.20117800017343, 26.32618800024211], [-80.20133999965682, 26.32618800024211], [-80.20212100035472, 26.32618800024211], [-80.20217200040834, 26.32618800024211], [-80.20219199960151, 26.32618800024211], [-80.20226100009681, 26.32618700025147], [-80.20227799981525, 26.32618200029804], [-80.20239699964092, 26.326181000307308], [-80.20242699977817, 26.326181000307308], [-80.20242900032629, 26.326289000059727], [-80.20244000019694, 26.326610000361892], [-80.20245400044065, 26.327051000236438], [-80.20247799983177, 26.327842000353073], [-80.20254300012911, 26.327861999878817], [-80.20258999998478, 26.32784700023484], [-80.20260300040357, 26.327844000305806], [-80.20261900029709, 26.327841000376694], [-80.20264400041144, 26.32784000040029], [-80.20265799975684, 26.32784000040029], [-80.20269499956676, 26.327837999642355], [-80.20272899990195, 26.327836999665966], [-80.20280599989484, 26.327833999736665], [-80.2028510001007, 26.327825999924844], [-80.20289200010856, 26.327830999807297], [-80.2029370003144, 26.32782999983082], [-80.20296999992638, 26.327828999854336], [-80.20300699973629, 26.327826999901326], [-80.20306399963769, 26.327824999948312]], [[-80.18852899962585, 26.322308999692172], [-80.1885470000675, 26.323177999708303], [-80.18830799969291, 26.323177999708303], [-80.1880619996456, 26.323175999674966], [-80.18798499965271, 26.323174999658306], [-80.18790699983491, 26.323174999658306], [-80.18779600040514, 26.323174999658306], [-80.18766300033576, 26.32317399964161], [-80.18765599976474, 26.322536000121694], [-80.1876519995668, 26.32229900025536], [-80.18805499997292, 26.32230400037644], [-80.18852899962585, 26.322308999692172]], [[-80.18659799995572, 26.324963000375238], [-80.18660100032878, 26.325135999654865], [-80.18656600016867, 26.325137999654352], [-80.18636199995417, 26.325149999650417], [-80.18592599993606, 26.325129999656266], [-80.18550099978864, 26.325116999658174], [-80.1854559995828, 26.32511799965809], [-80.18545200028315, 26.32502599963087], [-80.18545099955993, 26.324874000230935], [-80.185449999735, 26.324772999984337], [-80.185449999735, 26.32462500026901], [-80.18544499971215, 26.324322000223702], [-80.18463399977531, 26.324323000230475], [-80.18445899987314, 26.324324000237258], [-80.18445899987314, 26.324212000231675], [-80.18447300011684, 26.324102000135163], [-80.1844709995687, 26.323949000317604], [-80.18449900005612, 26.32380200036561], [-80.1844709995687, 26.32354999966876], [-80.18446700026907, 26.323526000148902], [-80.18444600035266, 26.323398999956588], [-80.18445300002536, 26.323285999845876], [-80.18447300011684, 26.32316300026273], [-80.18450999992676, 26.32316300026273], [-80.18462399972958, 26.32316300026273], [-80.18466200026273, 26.32316300026273], [-80.18469800024774, 26.323162000245947], [-80.18480600020277, 26.323162000245947], [-80.18484300001269, 26.323162000245947], [-80.18606200037853, 26.32316000021235], [-80.18642999972623, 26.3231640002795], [-80.18641899985558, 26.323685999806226], [-80.1864409995969, 26.32402200021894], [-80.18652599998569, 26.32447000032628], [-80.1865390004045, 26.32460600018849], [-80.18659799995572, 26.324963000375238]], [[-80.18439100010107, 26.31942599965117], [-80.18440399962157, 26.320858999876087], [-80.18434900026828, 26.321356000128034], [-80.18436000013894, 26.32171900004171], [-80.18436900035978, 26.32198100016194], [-80.18437500020755, 26.322808000202944], [-80.18437900040551, 26.323171999608245], [-80.18415000007666, 26.323172999624916], [-80.18346499963822, 26.32317999974158], [-80.18323700003258, 26.32318199977482], [-80.18320100004756, 26.32318199977482], [-80.1830970002905, 26.323182999791438], [-80.18306200013039, 26.323183999808034], [-80.18303199999318, 26.323183999808034], [-80.18294400012962, 26.323183999808034], [-80.18291499981731, 26.32318499982464], [-80.18290499977155, 26.32299399971904], [-80.18290399994666, 26.322954999806313], [-80.18289800009887, 26.32242199995097], [-80.18289600044905, 26.32223200022218], [-80.182893000076, 26.322003999975166], [-80.18288899987805, 26.321672000267828], [-80.18323000035988, 26.321672000267828], [-80.18340400043716, 26.321671000238155], [-80.18340100006412, 26.32127699995835], [-80.18339699986616, 26.32094999995694], [-80.18288200020534, 26.32095400010044], [-80.18288100038043, 26.3208880001308], [-80.18287499963434, 26.320270000127593], [-80.18287399980942, 26.320213000148843], [-80.18236800036944, 26.320211000064297], [-80.18235999997353, 26.319421000211015], [-80.1826960004325, 26.319427999749237], [-80.1828789998323, 26.319431999945305], [-80.18297799956649, 26.319430999896294], [-80.18327800004047, 26.319429999847273], [-80.18337799959957, 26.319429999847273], [-80.18363399969262, 26.319428999798273], [-80.18433099982661, 26.31942599965117], [-80.18439100010107, 26.31942599965117]], [[-80.18096900007858, 26.319408999621306], [-80.18096700042874, 26.31949699989096], [-80.18096700042874, 26.319538000259108], [-80.18096700042874, 26.31971599982343], [-80.18096700042874, 26.320102000236798], [-80.18047699998398, 26.32010100019359], [-80.18036700037912, 26.3200980000639], [-80.18036200035625, 26.3194220002601], [-80.18020300034759, 26.319443999727433], [-80.18020599982233, 26.319403000131175], [-80.18022099989095, 26.319404000180427], [-80.18047399961092, 26.319406000278878], [-80.18055300015196, 26.319406000278878], [-80.18079199962824, 26.319407000328106], [-80.18087199999418, 26.319408000377308], [-80.18093300009356, 26.319408000377308], [-80.18096900007858, 26.319408999621306]], [[-80.18039400014331, 26.323172999624916], [-80.18041400023479, 26.325029999633582], [-80.17940599975617, 26.32502799963225], [-80.17940499993125, 26.32466999964212], [-80.17939200041079, 26.32317000037998], [-80.17950299984055, 26.32317000037998], [-80.18015999979158, 26.323171999608245], [-80.18037999989961, 26.323172999624916], [-80.18039400014331, 26.323172999624916]], [[-80.17876700024681, 26.32131200030517], [-80.17877200026966, 26.321910999862094], [-80.17850399958274, 26.32215399987037], [-80.17847299962061, 26.322193000052835], [-80.17848900041244, 26.323070000275163], [-80.17850299975782, 26.323177999708303], [-80.17846400029809, 26.323178999724938], [-80.17826400028154, 26.323175999674966], [-80.1781210001664, 26.32317399964161], [-80.17801099966326, 26.323171999608245], [-80.17768099995035, 26.32316700032978], [-80.17757200017041, 26.32316600031301], [-80.17752799978949, 26.323165000296274], [-80.17739800009315, 26.32316300026273], [-80.17735500043545, 26.32316300026273], [-80.17734700003952, 26.322978000231263], [-80.17733699999378, 26.322731000259584], [-80.17729400033608, 26.321668000149124], [-80.17728599994015, 26.32143800033886], [-80.17728199974219, 26.321316999663708], [-80.17759200026192, 26.32131599963097], [-80.17839900000077, 26.321313000337945], [-80.17876700024681, 26.32131200030517]]]}}, {"type": "Feature", "properties": {"name": "Cooper City", "geoid": "1214125", "county": "broward"}, "geometry": {"type": "Polygon", "coordinates": [[[-80.3298659998931, 26.058547999749262], [-80.3298659998931, 26.05842999969297], [-80.3298650000682, 26.05793700009407], [-80.3298650000682, 26.057619999668827], [-80.32984099977874, 26.057585999778485], [-80.32983400010605, 26.05735999963963], [-80.32980899999168, 26.05655700030534], [-80.32980099959578, 26.056290000306625], [-80.32978399987734, 26.055853000253396], [-80.32975700011316, 26.055106000305532], [-80.32974500041759, 26.054542999904335], [-80.32973600019676, 26.054106999700494], [-80.3297319999988, 26.053990999832106], [-80.32972000030324, 26.053643000345062], [-80.3297160001053, 26.05352799993031], [-80.32969400036397, 26.052899999702706], [-80.3296409997622, 26.051330999676974], [-80.32908799956826, 26.051337000073563], [-80.32903800023786, 26.051338000005106], [-80.32647499983274, 26.05134099979973], [-80.32147500031752, 26.051330999676974], [-80.32147600014244, 26.05141800015131], [-80.32148600018817, 26.051953999802933], [-80.32149200003595, 26.05210699972508], [-80.32151600032542, 26.052922000322695], [-80.32152899984588, 26.05327399999677], [-80.32154999976228, 26.053846000036906], [-80.3215589999831, 26.05406299970827], [-80.32155499978515, 26.05431800025897], [-80.32154599956432, 26.054524000108795], [-80.32153899989163, 26.054652999806862], [-80.32152899984588, 26.05471199973403], [-80.32152200017319, 26.0548720002078], [-80.32151700015031, 26.054968000387184], [-80.31868199975865, 26.054968000387184], [-80.31773600010263, 26.054966999679596], [-80.31764900006398, 26.054966999679596], [-80.3176499998889, 26.054988999911544], [-80.31765699956158, 26.055203000191835], [-80.31767199963019, 26.05587500031903], [-80.31613199977232, 26.055873999619177], [-80.31364600025842, 26.05587600021186], [-80.31364399971028, 26.055814000383645], [-80.31362000031915, 26.054968000387184], [-80.31390499982619, 26.054968000387184], [-80.31658700005698, 26.054966999679596], [-80.31764900006398, 26.054966999679596], [-80.31763300017046, 26.05430599977077], [-80.3176289999725, 26.054060999891643], [-80.31693600003645, 26.054059999983313], [-80.31622300000892, 26.054059000074986], [-80.31599299985514, 26.054059000074986], [-80.31384200007702, 26.054057000258293], [-80.31384000042718, 26.05352700001744], [-80.31381799978756, 26.052222999844147], [-80.31376000006124, 26.048664999956106], [-80.31377400030495, 26.048462000168502], [-80.31376099988616, 26.04831300016033], [-80.31373999996975, 26.048169999714386], [-80.31364999955807, 26.047865999806525], [-80.31361500029628, 26.047622000149122], [-80.31360500025055, 26.04710400028436], [-80.3136100002734, 26.04702700032716], [-80.31363399966455, 26.046978000254704], [-80.3136730000226, 26.04692900016178], [-80.31373199957383, 26.046887999804746], [-80.3137640002592, 26.046876000169966], [-80.31379299967321, 26.046866999636016], [-80.31397699979621, 26.046861999787442], [-80.3144339997307, 26.046848000210325], [-80.31453099981508, 26.046845000300717], [-80.3145040000509, 26.04588300030948], [-80.31488499981741, 26.04588300030948], [-80.31538500030791, 26.04588300030948], [-80.31538199993489, 26.04578300003701], [-80.31533599990411, 26.044097000017633], [-80.31535400034578, 26.044097000017633], [-80.31567099963988, 26.044095000030982], [-80.31576900044747, 26.04409400003763], [-80.31606400000025, 26.04409300004428], [-80.31616299973446, 26.04409300004428], [-80.31626599966663, 26.04409200005093], [-80.31636000027626, 26.044089000070805], [-80.31629400015403, 26.042613999739093], [-80.31727599979507, 26.042614999745066], [-80.31727499997015, 26.042589000394354], [-80.31726900012238, 26.042378999715428], [-80.31726599974934, 26.042310999960737], [-80.3172490000309, 26.0418740002519], [-80.31724200035819, 26.041682000158513], [-80.3172070001981, 26.040735000105098], [-80.31720300000015, 26.04056400025531], [-80.31720200017523, 26.04049900032725], [-80.31719999962709, 26.04043400036314], [-80.3152210002764, 26.04043400036314], [-80.31521399970539, 26.040113000111432], [-80.31516400037498, 26.03861799981469], [-80.31714600009875, 26.03861799981469], [-80.31713799970282, 26.038335000247308], [-80.31712900038029, 26.03803500004005], [-80.31712400035742, 26.037883999602343], [-80.3171019997178, 26.037137999814714], [-80.31709400022021, 26.036838999829296], [-80.31707599977854, 26.036838999829296], [-80.31702499972491, 26.036838999829296], [-80.31700800000648, 26.036838999829296], [-80.31675799976122, 26.036838999829296], [-80.31600799992376, 26.036840999939706], [-80.31575900040174, 26.036841999994913], [-80.31528999987336, 26.036841999994913], [-80.31388499973471, 26.03684500016044], [-80.31374300034281, 26.036846000215597], [-80.31354999999897, 26.03682900008388], [-80.31342000030261, 26.03680599961683], [-80.31316900023243, 26.0368010001464], [-80.31309600043751, 26.03680000009085], [-80.31284000034447, 26.036802000201938], [-80.31283500032161, 26.036634999687948], [-80.3127990003366, 26.035540000010997], [-80.31278699974271, 26.035176000337753], [-80.31274900010787, 26.034048999852054], [-80.31263699995489, 26.03066899972293], [-80.31260000014497, 26.029542999641727], [-80.31241500019703, 26.029549000346076], [-80.31183100004093, 26.029570000387366], [-80.31069200004106, 26.029602000097082], [-80.30950700001043, 26.029606999874364], [-80.30873399970844, 26.02961100034179], [-80.30688900025206, 26.02962099989537], [-80.30649300041692, 26.029618999661846], [-80.30564300012203, 26.029615000001897], [-80.30374699971371, 26.029619999778603], [-80.29977200039556, 26.029616000118704], [-80.29753200003063, 26.029615000001897], [-80.29738700026567, 26.029615000001897], [-80.29710900043133, 26.029615000001897], [-80.29695200007251, 26.02961800035228], [-80.29680800013244, 26.02962099989537], [-80.29674700003308, 26.029622000012115], [-80.29656499955988, 26.02962500036232], [-80.29650500018374, 26.029626999788565], [-80.29635500039592, 26.029629000021952], [-80.29590799960884, 26.02963700014797], [-80.29575899964594, 26.029640999807196], [-80.29563700034552, 26.029643000040352], [-80.29527300029744, 26.02965000004889], [-80.29515199992363, 26.029653000398383], [-80.29483800010426, 26.02965900028995], [-80.29464499976042, 26.029662999948386], [-80.29389800029602, 26.029687000317857], [-80.29358500030159, 26.029697999981067], [-80.29259699991442, 26.029730999771687], [-80.29185700012272, 26.02975600024289], [-80.28963500019945, 26.029822999897263], [-80.28864799963723, 26.029853000115633], [-80.2851670000635, 26.029982000321468], [-80.28372500011493, 26.029969999763892], [-80.28057599990389, 26.0299330003914], [-80.28044299983449, 26.02993700004051], [-80.28045899972803, 26.030092999972045], [-80.27981000017292, 26.030110000272852], [-80.27745600000517, 26.03016899963587], [-80.27667199983254, 26.03019000037337], [-80.27664599989326, 26.03019000037337], [-80.27656999972528, 26.03019199978995], [-80.27654499961092, 26.030192999901832], [-80.27606299956209, 26.03020699985292], [-80.27461800013877, 26.030249999807545], [-80.27455100019162, 26.03025300014168], [-80.27413699991483, 26.030265999974358], [-80.27359499959152, 26.0302830002501], [-80.27197100006806, 26.030334000255355], [-80.27142999956968, 26.030351999824575], [-80.27004700007063, 26.030392000202724], [-80.26857199961178, 26.030435000089536], [-80.26762699978067, 26.030484999919334], [-80.26711700014272, 26.030542999792036], [-80.26653999965933, 26.030642000037407], [-80.26591500039365, 26.030699999832528], [-80.26582599980688, 26.030708999992992], [-80.26536700022257, 26.030720000367577], [-80.26458600042297, 26.030740000092017], [-80.26389900033473, 26.030759999813046], [-80.2635539996549, 26.03077100018285], [-80.26200100027654, 26.030818000356998], [-80.26136799971665, 26.030838000064758], [-80.26113599991305, 26.030845000002014], [-80.2607020004431, 26.030858999875292], [-80.26044299997703, 26.03086599981129], [-80.26021199999833, 26.030873999852975], [-80.25799900029591, 26.030940999676055], [-80.25654399992852, 26.030986000379073], [-80.25515399985849, 26.03102900004817], [-80.25434299992168, 26.03105099992908], [-80.25284400007169, 26.031102999704583], [-80.25136299976505, 26.031155000264235], [-80.25077199993625, 26.031176000018018], [-80.24922299985757, 26.03121500001205], [-80.24915099988753, 26.031212999805703], [-80.24911099970456, 26.031210999599313], [-80.24906999969667, 26.031210000303307], [-80.24908099956733, 26.031789999806037], [-80.2490999998339, 26.032526000401916], [-80.24910400003186, 26.03276200008024], [-80.24912300029844, 26.032760999990252], [-80.2493109997211, 26.032756000347398], [-80.24962100024082, 26.032747000343964], [-80.24989800025024, 26.032738999622836], [-80.25264499988005, 26.032660999827954], [-80.25266199959849, 26.03332400006352], [-80.25266800034458, 26.033567999608636], [-80.2522389999992, 26.03358099988113], [-80.25169199965302, 26.033606000339002], [-80.2512060003045, 26.03361200002835], [-80.2504020000404, 26.033636000397095], [-80.24912499994825, 26.03368500039477], [-80.24917299962883, 26.03596700009705], [-80.2491779996517, 26.03617900027298], [-80.24918100002476, 26.03635000005958], [-80.24918299967459, 26.036553999889517], [-80.24918699987255, 26.036688000273138], [-80.24918900042069, 26.03673599974688], [-80.24919299972032, 26.03682099964119], [-80.24920199994115, 26.036953999665556], [-80.24921600018486, 26.037106999792254], [-80.24924799997191, 26.037371999797944], [-80.24926499969033, 26.037484999819306], [-80.24928200030708, 26.0375890000999], [-80.2493109997211, 26.037747999683138], [-80.2493380003836, 26.03787900017785], [-80.24935599992695, 26.037957999776978], [-80.24936799962249, 26.038009999719094], [-80.24939699993483, 26.03812500002137], [-80.24942899972187, 26.038248999792824], [-80.24943299991983, 26.038264999675654], [-80.24946899990485, 26.03838900010623], [-80.2495080002629, 26.038516999762244], [-80.24952900017931, 26.038580999941423], [-80.24955000009571, 26.03864500008568], [-80.24959399957831, 26.038772000230693], [-80.2496129998449, 26.038822999773554], [-80.24964100033229, 26.038899000238168], [-80.24966999974629, 26.03897299977234], [-80.24969099966269, 26.03902400003494], [-80.24972300034806, 26.03910299966992], [-80.2497419997163, 26.039148999698497], [-80.24975500013511, 26.039178999953048], [-80.249796000143, 26.039273000001472], [-80.24983100030309, 26.039349000174425], [-80.2498530000444, 26.03939600013993], [-80.24991099977073, 26.039519000149372], [-80.24992900021238, 26.039554999694644], [-80.249972999695, 26.039639999967147], [-80.24983799997578, 26.03969800015574], [-80.2496970004088, 26.03975700034597], [-80.24960199997423, 26.039796999938176], [-80.24973699969344, 26.04004399982188], [-80.25000600020526, 26.040500000351248], [-80.25046200031485, 26.041167999950112], [-80.2506690000041, 26.04156500008614], [-80.25082800001276, 26.04178699995845], [-80.25099100021936, 26.042112999714494], [-80.25118700003794, 26.04251999994757], [-80.25139799992515, 26.04310600002878], [-80.25150400023036, 26.04351300004339], [-80.2516189998581, 26.044045000353496], [-80.25171000009468, 26.045309000183856], [-80.25229800044873, 26.045277999900218], [-80.25261800011586, 26.045272000000587], [-80.25284999991948, 26.045268000067338], [-80.25343200042573, 26.045257000250164], [-80.25370900043517, 26.045253000316404], [-80.25416700019458, 26.045246999608416], [-80.25482099977255, 26.04521700009926], [-80.25589299982529, 26.045206000277314], [-80.25688100021243, 26.04515600026652], [-80.2575130000491, 26.045136999756462], [-80.2574989998054, 26.04489600002821], [-80.25740400026916, 26.041587999619786], [-80.25790800005932, 26.041574000220027], [-80.25891499981472, 26.04154499978616], [-80.25941899960488, 26.04153100038124], [-80.25943899969634, 26.042217999935627], [-80.2594770002295, 26.043497000069483], [-80.25948200025238, 26.043646999739067], [-80.25952300026024, 26.04499800022147], [-80.259525999735, 26.04508499974647], [-80.2596310002153, 26.04508699971624], [-80.25978500020108, 26.045089999670832], [-80.259786000026, 26.045154000297934], [-80.25978400037616, 26.045221000034264], [-80.25978699985089, 26.045586999965714], [-80.25979699989665, 26.046685000168228], [-80.25980100009461, 26.047051000371667], [-80.25982500038404, 26.04758999970653], [-80.25989700035406, 26.049206999789664], [-80.25992199957011, 26.049745999702907], [-80.25992400011825, 26.049783000088166], [-80.25992499994317, 26.050130999737597], [-80.2599280003162, 26.05117499975013], [-80.25992999996603, 26.051524000038945], [-80.25997900036984, 26.05329699965438], [-80.25998699986744, 26.053567999666317], [-80.26000299976096, 26.054131999817077], [-80.26005800001255, 26.05608999967933], [-80.26007999975387, 26.056895000368126], [-80.26018600005906, 26.060654999904255], [-80.26020899962529, 26.0610809998558], [-80.26023200008981, 26.061506000027475], [-80.26023299991473, 26.061520000274648], [-80.26025600037927, 26.061953999843745], [-80.26037199983192, 26.064088999955377], [-80.2603869999005, 26.064377000197105], [-80.26039699994627, 26.064560000251795], [-80.26039799977117, 26.06461099987215], [-80.26039699994627, 26.064627000191503], [-80.26039799977117, 26.06475299980569], [-80.26039899959609, 26.064800000075383], [-80.26039899959609, 26.06485100039822], [-80.26066399990995, 26.064845999702996], [-80.26139500037915, 26.06483100003692], [-80.26245999986085, 26.064810999672208], [-80.26358999963992, 26.064787999853806], [-80.26425599981177, 26.064775999630992], [-80.26432000028419, 26.06475799969794], [-80.26435799991903, 26.064768000288698], [-80.26439700027707, 26.06476999992257], [-80.26519999981798, 26.064751999988605], [-80.26561499991969, 26.06474200020342], [-80.26565799957739, 26.06474200020342], [-80.26609100012075, 26.06473599968634], [-80.26950499974734, 26.06466399991293], [-80.27080199993095, 26.064637999804575], [-80.27125999969036, 26.06462800000964], [-80.27235799968236, 26.06460599997363], [-80.2726349996918, 26.064601000074916], [-80.27309400017442, 26.064592999913742], [-80.27433000025867, 26.064570000052516], [-80.27440899990138, 26.064570999871165], [-80.27444800025945, 26.064567999608286], [-80.27452699990216, 26.06456900023388], [-80.27688400044296, 26.064522999690535], [-80.27726199983641, 26.06451899960737], [-80.27734100037745, 26.06451399970493], [-80.27883500020457, 26.064490000008867], [-80.27969800001992, 26.064476999936122], [-80.27977599983772, 26.064472000031873], [-80.27989300001357, 26.064471000212386], [-80.28000799964133, 26.064461000403217], [-80.28004799982429, 26.064463999861886], [-80.28015999997729, 26.064463999861886], [-80.28027100030535, 26.064463999861886], [-80.28035800034401, 26.064463999861886], [-80.28052900004822, 26.064463999861886], [-80.28069999975246, 26.064463999861886], [-80.28073999993542, 26.064467999946963], [-80.28077699974534, 26.064454999871725], [-80.28085299991334, 26.064444000241476], [-80.28259600016078, 26.06441499981747], [-80.28712200002307, 26.06434200002621], [-80.28836499978001, 26.06430600002394], [-80.28844400032105, 26.064302999754283], [-80.28884799965378, 26.06429899966357], [-80.28982500017027, 26.064289999660748], [-80.29006000034691, 26.064283999927472], [-80.29046399967963, 26.06427599974466], [-80.2906650004194, 26.064270999831823], [-80.29126899976868, 26.06425799973474], [-80.29147100033335, 26.064253999642514], [-80.29204299989556, 26.064239999722087], [-80.29375900037886, 26.064202000044954], [-80.29433199976597, 26.064189999762092], [-80.2944670003835, 26.064187000296414], [-80.2947619999363, 26.06417999992893], [-80.29605599974687, 26.064152000068752], [-80.29648699974207, 26.06414300005463], [-80.29673199996448, 26.064137000313796], [-80.29729699985398, 26.06412500002431], [-80.29747099993126, 26.064120999927514], [-80.2976490002065, 26.064116999830617], [-80.29765199968122, 26.063869999835582], [-80.29653899962064, 26.063883999800208], [-80.29649000011514, 26.063882000151203], [-80.29649000011514, 26.063821000349645], [-80.29649099994003, 26.0637409997945], [-80.29649000011514, 26.063698000018217], [-80.29648599991718, 26.06354999984186], [-80.29647400022161, 26.062976999729344], [-80.29647000002365, 26.06278699997884], [-80.29639899987853, 26.060947999766345], [-80.29637600031232, 26.060357999891135], [-80.29639300003075, 26.06031499968013], [-80.29646400017586, 26.060313999825162], [-80.2968809999274, 26.060300000240893], [-80.29696999961585, 26.06029699986864], [-80.29716899980747, 26.060290999930828], [-80.29766199972697, 26.060275999681515], [-80.29770199990995, 26.06027399997094], [-80.29779999981925, 26.063688999969212], [-80.29780200036738, 26.063773999687143], [-80.29780599966702, 26.063865999730087], [-80.29781200041312, 26.064114000363055], [-80.29784800039813, 26.064112999733556], [-80.29824099986018, 26.064103999716433], [-80.2983599996859, 26.064101000248556], [-80.29879300022924, 26.064094999698625], [-80.29887199987198, 26.06409099960084], [-80.3000989997354, 26.06407000009383], [-80.30402299989822, 26.064006999936364], [-80.30410200043926, 26.064002999835537], [-80.30531800043202, 26.06398499978371], [-80.30719999969834, 26.06395000030264], [-80.30724599972909, 26.063951000126554], [-80.30727900023939, 26.06395199995047], [-80.30806300041202, 26.063939999642034], [-80.30814100022984, 26.063934999714878], [-80.30892399967925, 26.06392300021163], [-80.30900200039535, 26.063924999859935], [-80.30947199985033, 26.06391800028377], [-80.30951100020839, 26.063913000355672], [-80.30954899984323, 26.063901000043206], [-80.30958300017839, 26.063882999975704], [-80.30961499996545, 26.063859999975104], [-80.30964799957742, 26.063882000151203], [-80.30968299973752, 26.063897999763178], [-80.30972100027067, 26.063909000251677], [-80.30976999977615, 26.063909000251677], [-80.30983900027144, 26.06391099990022], [-80.31027000026667, 26.063901999867554], [-80.31043699977292, 26.063899000394496], [-80.31045299966647, 26.063897999763178], [-80.31050299989518, 26.0638969999388], [-80.31051999961362, 26.0638969999388], [-80.31073999972165, 26.063892000009798], [-80.31081800043775, 26.063887000080616], [-80.31114300012776, 26.06387899987068], [-80.31160199971207, 26.063869999835582], [-80.31168100025312, 26.06387200029173], [-80.3127790002451, 26.06384600000758], [-80.31301400042175, 26.063841000076415], [-80.3133280002411, 26.063833999688256], [-80.31363799986251, 26.063827999931636], [-80.31369099956594, 26.06382700010665], [-80.31385100029783, 26.06382299999969], [-80.31390499982619, 26.06382299999969], [-80.31436799960846, 26.063813000135195], [-80.31535799964543, 26.063792999596696], [-80.31543600036154, 26.063787999663266], [-80.31575799967851, 26.063781000078887], [-80.3158840000752, 26.06377799979578], [-80.31588499990012, 26.063435000273643], [-80.31588200042539, 26.063351999967793], [-80.31588200042539, 26.063282999639615], [-80.31497299968095, 26.063293000356325], [-80.31492800037343, 26.06163099992698], [-80.31583399984649, 26.061609000135107], [-80.31582899982362, 26.06145200032663], [-80.31574799963276, 26.05860000024243], [-80.31621299996317, 26.05859500008736], [-80.3172630002746, 26.05860000024243], [-80.32188000037347, 26.058601000112017], [-80.32357000001919, 26.058601000112017], [-80.3298659998931, 26.05860399972073], [-80.3298659998931, 26.058547999749262]], [[-80.29638999965772, 26.06288099965609], [-80.29545800024538, 26.06290600032159], [-80.2954609997201, 26.062854999958944], [-80.29442399982749, 26.06287400001753], [-80.2944189998046, 26.062792999788794], [-80.29437299977386, 26.061247000398765], [-80.29436399955303, 26.06095199997147], [-80.29434600000968, 26.06038400014245], [-80.29556600020041, 26.060336999714988], [-80.29583900001188, 26.060325999698076], [-80.29632299971055, 26.060306000178223], [-80.29638700018297, 26.06278699997884], [-80.29638999965772, 26.06288099965609]], [[-80.29237900035454, 26.063175000237237], [-80.2914329998002, 26.063191999776187], [-80.2914329998002, 26.06322200033309], [-80.29143600017325, 26.063320999614856], [-80.29145200006677, 26.063711000177424], [-80.29145600026473, 26.063818999892618], [-80.29146200011252, 26.063975999756753], [-80.29074300023721, 26.063982000312766], [-80.29046500040286, 26.063982000312766], [-80.29044299976324, 26.063985999607333], [-80.29043899956528, 26.063836000145056], [-80.29043199989258, 26.06367599980754], [-80.29043199989258, 26.063654000399698], [-80.290412999626, 26.06307500019375], [-80.29041199980111, 26.06303999963381], [-80.29040900032635, 26.062912999958233], [-80.29040599995332, 26.062873000184403], [-80.2900810002633, 26.062878999989966], [-80.2885670003447, 26.062909999652888], [-80.28857300019247, 26.063241000332187], [-80.28857800021535, 26.06343299981], [-80.28860199960647, 26.063845000182763], [-80.28850500042043, 26.063850000113764], [-80.2884950003747, 26.06376799992744], [-80.28844699979578, 26.063376999725826], [-80.28843199972718, 26.063247000118874], [-80.2883859996964, 26.06071300018576], [-80.28838499987151, 26.060650999689003], [-80.28838400004659, 26.060603000323155], [-80.28838300022169, 26.060573999755263], [-80.28838300022169, 26.060561000054907], [-80.2884479996207, 26.060557999689337], [-80.28855399992591, 26.060554000277747], [-80.28860199960647, 26.060521000285036], [-80.28869500039121, 26.060496999770937], [-80.28874800009467, 26.060495000064112], [-80.28883299958517, 26.060493000357262], [-80.28915300015062, 26.060484000062033], [-80.29106100025453, 26.060431999598013], [-80.29169700028915, 26.060414999658605], [-80.29181899958958, 26.060411000242134], [-80.29218500018578, 26.060397999716706], [-80.29230800020943, 26.06039500015393], [-80.29230999985926, 26.060461000201073], [-80.29237900035454, 26.063175000237237]], [[-80.3016980000428, 26.05861300016037], [-80.3015569995775, 26.05864500001428], [-80.29891299987985, 26.058638999991903], [-80.29872200008413, 26.058607000136337], [-80.29776300000931, 26.058476000207765], [-80.29776800003219, 26.058610999614388], [-80.29776899985708, 26.058664999817687], [-80.29778800012367, 26.059351999828188], [-80.29769400041233, 26.059350000101823], [-80.29769600006216, 26.05943300001504], [-80.29769900043522, 26.059565000348975], [-80.29770199990995, 26.059682000208845], [-80.29770299973487, 26.05969900025462], [-80.29770500028299, 26.05976499988684], [-80.29770600010791, 26.0598169998399], [-80.29771000030586, 26.059925999775217], [-80.2976929996891, 26.059970999844797], [-80.29769900043522, 26.060156000038944], [-80.29766500010003, 26.06015699989525], [-80.29696700014112, 26.06017899995979], [-80.29688500012536, 26.060182000335093], [-80.2968399999195, 26.060191999702518], [-80.2966349998801, 26.060199000308316], [-80.29656299991007, 26.060201999876103], [-80.29641300012224, 26.060197999645396], [-80.29583300016411, 26.06021799999068], [-80.29556600020041, 26.06022700030634], [-80.29487900011216, 26.060251000068746], [-80.29462700021708, 26.060253999635197], [-80.29457100014058, 26.060257000008594], [-80.29437699997182, 26.060266000321253], [-80.2943059998267, 26.060270999598014], [-80.29430099980384, 26.060212999904696], [-80.29427200038984, 26.059378000302754], [-80.29424899992529, 26.059075000280398], [-80.29421299994029, 26.05824699974672], [-80.29324200016991, 26.05827799982829], [-80.29330400009417, 26.060238000332554], [-80.29330599974399, 26.060300000240893], [-80.2923059996613, 26.06031800005195], [-80.29169800011407, 26.060341999795703], [-80.29124600020245, 26.060364999680036], [-80.29069700020645, 26.060379000063552], [-80.29032999978534, 26.060383000288077], [-80.29002199981376, 26.060388000366846], [-80.28993899997307, 26.060392999638392], [-80.28873899987383, 26.06043099974406], [-80.28846000021457, 26.060439000189497], [-80.28844699979578, 26.060439000189497], [-80.28838099967355, 26.060434999966844], [-80.28838200039677, 26.060445999973528], [-80.28836899997798, 26.060441999751152], [-80.28833700019092, 26.060441999751152], [-80.2882019995734, 26.06044500011969], [-80.2882009997485, 26.060394000299645], [-80.28819800027377, 26.060245000128617], [-80.28819599972562, 26.0600420002243], [-80.28819599972562, 26.059975999941134], [-80.28819599972562, 26.059952000122408], [-80.28819599972562, 26.05990500032864], [-80.2881949999007, 26.059856999850158], [-80.2881940000758, 26.059760999641224], [-80.28819200042597, 26.059555000121016], [-80.28819099970275, 26.059328999744995], [-80.28819099970275, 26.05918599982822], [-80.28818999987784, 26.059135000267162], [-80.28818999987784, 26.05898500024268], [-80.28818999987784, 26.058934999653886], [-80.2881870004031, 26.058859999941113], [-80.288180999657, 26.05863800012266], [-80.2881799998321, 26.05856400008967], [-80.28817599963413, 26.058438000275004], [-80.28816700031162, 26.058060999892177], [-80.28816399993856, 26.057936000218824], [-80.28816300011367, 26.057903000295752], [-80.28816200028875, 26.057806000223447], [-80.28816200028875, 26.057774000140373], [-80.2881599997406, 26.057636000136], [-80.28815700026587, 26.05742100038425], [-80.28829199998508, 26.05742100038425], [-80.28901599988326, 26.057398999801865], [-80.2904050001284, 26.057356999999072], [-80.29204500044371, 26.057307000329565], [-80.29224000043739, 26.05728700029436], [-80.29220600010218, 26.05629399986374], [-80.29219000020866, 26.055790999605986], [-80.29217400031513, 26.05528799961018], [-80.28826299967277, 26.055404999705626], [-80.28819099970275, 26.05540999999682], [-80.28810700003714, 26.05541899987477], [-80.28810500038733, 26.055306000191173], [-80.28810000036447, 26.055118999804083], [-80.28808600012076, 26.054558999984614], [-80.2880819999228, 26.054372999925214], [-80.28808100009789, 26.054337000087905], [-80.28807799972485, 26.054232000230208], [-80.28807699989994, 26.05419700025671], [-80.2880740004252, 26.05411499977065], [-80.2880679996791, 26.053872000119142], [-80.28806600002927, 26.053791000123326], [-80.2880600001815, 26.053591000073236], [-80.28805900035658, 26.053544000149156], [-80.28805500015862, 26.053388999853794], [-80.28812600030373, 26.0533830003693], [-80.28868500034548, 26.053367000128482], [-80.29211200039086, 26.053272000166693], [-80.29195400020711, 26.048286999652], [-80.29111099958493, 26.048320999818923], [-80.2910389996149, 26.048320999818923], [-80.28998900020179, 26.04838800016645], [-80.2887780002319, 26.04839299994993], [-80.28848399960572, 26.04838300038275], [-80.28819200042597, 26.048373000007672], [-80.28792499956397, 26.048365000352614], [-80.28792299991414, 26.04828299982162], [-80.28792100026432, 26.04822599980258], [-80.28791600024147, 26.048056000345756], [-80.28791500041655, 26.048000000176355], [-80.2879139996933, 26.047969999757537], [-80.28791100021859, 26.047882999952286], [-80.28791100021859, 26.047854000271858], [-80.28790299982266, 26.047648999960867], [-80.28788199990626, 26.04703500007351], [-80.28787600005849, 26.046830999914466], [-80.28787400040866, 26.046728999701816], [-80.28786799966255, 26.046423000145552], [-80.28786699983766, 26.046321000385003], [-80.2878640003629, 26.046205000074707], [-80.28785500014209, 26.0458580000476], [-80.28785199976903, 26.04574300006554], [-80.28792000043941, 26.04574999992028], [-80.28798700038656, 26.04575799975378], [-80.28804500011289, 26.045763999628537], [-80.28807500025012, 26.045764999607638], [-80.28829500035813, 26.045777000163227], [-80.28874800009467, 26.04577900012119], [-80.28897300022557, 26.045780000100162], [-80.28968100023022, 26.045774000226217], [-80.2896650003367, 26.045436000375027], [-80.2896450002452, 26.044947000135927], [-80.28963799967421, 26.04475200026893], [-80.28949399973415, 26.0447450003546], [-80.28782800037789, 26.044792999758815], [-80.2878209998069, 26.044510999749278], [-80.28781900015707, 26.044401000013885], [-80.28815300006792, 26.044390000115378], [-80.28915399997553, 26.04436000038693], [-80.2894889997113, 26.044349999668633], [-80.28957699957483, 26.044346999695108], [-80.28960800043528, 26.04434599970392], [-80.28984400043684, 26.04433999975659], [-80.28993300012529, 26.044337999774076], [-80.29003799970728, 26.04433499980025], [-80.29035499989969, 26.044327999861007], [-80.29046100020489, 26.0443259998783], [-80.29049999966465, 26.04432499988692], [-80.2905170002814, 26.044830000093224], [-80.29100699982784, 26.044853999780393], [-80.29102899956916, 26.045382999708238], [-80.29103500031526, 26.04568599961855], [-80.29103699996507, 26.045720999712245], [-80.29115900016382, 26.045712999876216], [-80.29130099955573, 26.04571199989668], [-80.29142100010463, 26.045710999917134], [-80.29142000027971, 26.045680999719607], [-80.29141699990667, 26.04562999993119], [-80.29138000009674, 26.044294000150213], [-80.29179000017558, 26.044282000249922], [-80.29192700044293, 26.044279000274667], [-80.29208700027651, 26.044274000315728], [-80.2922429999121, 26.04427000034841], [-80.29256900032534, 26.044260999614387], [-80.29272999998383, 26.04425699964665], [-80.2927979997559, 26.044254999662723], [-80.2927989995808, 26.044914999770263], [-80.29327599960678, 26.04491699974292], [-80.29327700033, 26.04487900025639], [-80.2932560004136, 26.044236999805854], [-80.29329700042149, 26.04423599981371], [-80.29361799991354, 26.044224999899733], [-80.29384100039462, 26.04421799995393], [-80.29383600037174, 26.044510999749278], [-80.29382200012805, 26.045394000320652], [-80.29381799993007, 26.04568800038516], [-80.29381799993007, 26.045753999837103], [-80.29381799993007, 26.045955000323737], [-80.29381899975499, 26.046021999602296], [-80.29381899975499, 26.046073000027278], [-80.29381899975499, 26.046229000287465], [-80.2938199995799, 26.046280999790028], [-80.29382200012805, 26.046369999924984], [-80.29382899980072, 26.046638999867778], [-80.2938320001738, 26.046728999701816], [-80.29383600037174, 26.046830999914466], [-80.29383499964851, 26.047004000246307], [-80.2938339998236, 26.047138999954676], [-80.2938339998236, 26.047179000256897], [-80.2939040001438, 26.047177000322815], [-80.29393599993085, 26.04818399994072], [-80.2939600002203, 26.04818399994072], [-80.29577399971456, 26.048128999791384], [-80.29602099958676, 26.048135000351884], [-80.29604099967825, 26.04878699997342], [-80.29604300022639, 26.048855000007336], [-80.29605099972399, 26.049058999872397], [-80.29605400009704, 26.049127999698936], [-80.29605599974687, 26.049198000241738], [-80.296058000295, 26.04928100008174], [-80.29606199959466, 26.04940899995318], [-80.29606400014278, 26.04946300036146], [-80.2973529999305, 26.049434000264874], [-80.29745000001486, 26.049425999875158], [-80.29745500003774, 26.049605000090747], [-80.2974590002357, 26.049714999785554], [-80.29746000006062, 26.049783000088166], [-80.2974659999084, 26.04998899983847], [-80.29746799955822, 26.05005799992459], [-80.29746900028144, 26.05009300032707], [-80.29747199975617, 26.050197999857627], [-80.29747299958107, 26.050234000159236], [-80.29747500012921, 26.05031600013246], [-80.29748199980192, 26.050564000391308], [-80.29748500017497, 26.050647000071113], [-80.29750500026645, 26.051276000197248], [-80.29755399977195, 26.052808999845496], [-80.2975579999699, 26.053165000329916], [-80.29756299999276, 26.053490000007027], [-80.297516999962, 26.05372700017671], [-80.29749400039579, 26.053837999948392], [-80.29751100011423, 26.053917000092603], [-80.2975300003808, 26.0540109996228], [-80.29756899984056, 26.0540109996228], [-80.29770699993283, 26.0540109996228], [-80.2980519997143, 26.0540109996228], [-80.29899099969765, 26.0540109996228], [-80.29932399978358, 26.05400699998775], [-80.29972800001462, 26.05402100032391], [-80.30002099991758, 26.054013000247306], [-80.30011299997909, 26.054013000247306], [-80.30012499967465, 26.05447799965658], [-80.3008240003568, 26.05446400018207], [-80.30081199976291, 26.0540109996228], [-80.30118599985673, 26.0540109996228], [-80.30151599956962, 26.054000999727872], [-80.30154099968395, 26.05399899991019], [-80.30154099968395, 26.054012000338556], [-80.3016980000428, 26.05861300016037]]]}}, {"type": "Feature", "properties": {"name": "Coral Springs", "geoid": "1214400", "county": "broward"}, "geometry": {"type": "Polygon", "coordinates": [[[-80.29744300034218, 26.23607299974786], [-80.29748099997701, 26.229450000024894], [-80.29648300044244, 26.229480999798536], [-80.2963679999164, 26.229484999872696], [-80.29627900022794, 26.229487999928253], [-80.29592900042356, 26.229456000137674], [-80.29573600007971, 26.229455000118893], [-80.29478899970047, 26.229452000062523], [-80.29313300038996, 26.229459000193984], [-80.29297000018335, 26.229463000268893], [-80.2922630000036, 26.22947099961251], [-80.28965600011587, 26.229502000186393], [-80.2891649998462, 26.229508000296526], [-80.2887869995544, 26.229517999673533], [-80.2885389998573, 26.229523999782803], [-80.2884910001767, 26.229525999819195], [-80.28829299981001, 26.229522999764633], [-80.28779499986763, 26.22953099990994], [-80.2875470001705, 26.22953499998238], [-80.2874199999489, 26.229537000018585], [-80.28639599957675, 26.229544000144895], [-80.28484400002331, 26.229555000342565], [-80.28409099981282, 26.22957899996444], [-80.28294400031533, 26.229601000352122], [-80.28289599973644, 26.229602000369646], [-80.28216500016558, 26.22960499961635], [-80.28179400044479, 26.229606999651317], [-80.28168200029181, 26.229606999651317], [-80.2798660002494, 26.229614999790822], [-80.27433699993138, 26.229639000206145], [-80.2740850000363, 26.22964200025771], [-80.27215799966581, 26.22966499984462], [-80.27169300023373, 26.229669999929406], [-80.27045200012658, 26.229685000182446], [-80.27029999979062, 26.229686000199244], [-80.26983600018345, 26.22969100028313], [-80.26969800009118, 26.229692000299874], [-80.266333999795, 26.229724000025495], [-80.26592000041651, 26.229733000173376], [-80.26446400022422, 26.229762999855463], [-80.26299799998621, 26.229769999968198], [-80.26260100032617, 26.22978000012851], [-80.26216500030809, 26.22978400019238], [-80.26153099992327, 26.229799999640733], [-80.26049700040369, 26.22981099981418], [-80.26037000018209, 26.22975999980702], [-80.2603500000906, 26.229811999829895], [-80.25991200042269, 26.229816999908348], [-80.25977000013246, 26.22975999980702], [-80.25935400020586, 26.229773000016376], [-80.25864000035341, 26.229798999624915], [-80.25768600030148, 26.229824000017835], [-80.25699199964221, 26.229847000374583], [-80.25629899970616, 26.22985499969179], [-80.25588399960445, 26.22985499969179], [-80.25578400004534, 26.22985499969179], [-80.25538599966208, 26.229861999798988], [-80.25498999982698, 26.22982099997097], [-80.25459499981675, 26.229772000000317], [-80.25447000014329, 26.22975999980702], [-80.25372100013075, 26.229827000064617], [-80.25365599983343, 26.229816999908348], [-80.2535770001907, 26.229830000111342], [-80.25346400021279, 26.2298649998448], [-80.25299700023257, 26.229909999716863], [-80.25284400007169, 26.22992599995366], [-80.2527110000023, 26.22993000001252], [-80.25255299981855, 26.22992899999782], [-80.25247400017582, 26.229938000129835], [-80.2522759998091, 26.22992299990944], [-80.25203800015774, 26.22992899999782], [-80.25148400013887, 26.229924999938937], [-80.25049300027699, 26.22994000015907], [-80.24993800043322, 26.229935000085906], [-80.24965999970055, 26.2299420001883], [-80.24958100005784, 26.22995200033379], [-80.24952900017931, 26.229941000173675], [-80.24944999963826, 26.22993400007126], [-80.24802399958321, 26.22995600039178], [-80.24730999973076, 26.22995699960041], [-80.24723100008806, 26.229962999687075], [-80.24554499974202, 26.229979999930872], [-80.24528899964898, 26.229982999973657], [-80.24509100018057, 26.2299910000873], [-80.24454899985724, 26.229997000172194], [-80.2442979997871, 26.230001000228604], [-80.2418409996872, 26.23000200024268], [-80.24156399967775, 26.230004000270842], [-80.24089000000828, 26.23001000035505], [-80.24056899961792, 26.23002099970285], [-80.24042499967788, 26.230024999758424], [-80.24041499963215, 26.230025999772295], [-80.24037100014952, 26.23003099984155], [-80.24017899963059, 26.230054000157356], [-80.24009999998788, 26.23005000010276], [-80.24004399991136, 26.23006100025257], [-80.23999700005571, 26.23006100025257], [-80.23985399994058, 26.23006100025257], [-80.23979799986408, 26.230060000239003], [-80.23962999963459, 26.230060000239003], [-80.23957399955809, 26.230060000239003], [-80.23944999970954, 26.230060000239003], [-80.2393200000132, 26.23006100025257], [-80.2385609999549, 26.230072000401336], [-80.23830900005981, 26.23007599964938], [-80.23818500021129, 26.230077999676244], [-80.23815400024912, 26.23007599964938], [-80.23768899991872, 26.23008099971647], [-80.23753499993292, 26.230083999756648], [-80.23735400018298, 26.230085999783373], [-80.23681199985965, 26.23009299987664], [-80.2366319999346, 26.23009599991651], [-80.2360539996263, 26.230103000009183], [-80.2343220001478, 26.23012600031074], [-80.23430000040649, 26.230127000323744], [-80.2337449996644, 26.230131000375717], [-80.23374800003744, 26.230196000394766], [-80.2337520002354, 26.230262000389313], [-80.23375899990809, 26.231208999690537], [-80.23378400002245, 26.23444599964451], [-80.23378999987023, 26.235204999794757], [-80.2337930002433, 26.235308999781836], [-80.2337949998931, 26.235366000386087], [-80.23379999991597, 26.23552500001552], [-80.2338429995737, 26.236917999907163], [-80.23385599999249, 26.237341000076324], [-80.2338710000611, 26.237791999645143], [-80.23387699990887, 26.238139000101974], [-80.23397499981816, 26.239091000190175], [-80.23400900015335, 26.24109500030938], [-80.2340190001991, 26.241622999675165], [-80.23401400017623, 26.242490000142062], [-80.23401199962808, 26.24291200027445], [-80.23401099980317, 26.242937000264767], [-80.23400400013048, 26.24427700009478], [-80.23400199958233, 26.244724999677405], [-80.23400099975744, 26.24485799993862], [-80.2339980002827, 26.24525699980897], [-80.2339980002827, 26.245391000148736], [-80.23399699955948, 26.245425000150245], [-80.23399699955948, 26.24552999973663], [-80.23399699955948, 26.2455650003834], [-80.23399599973456, 26.245741999993605], [-80.23399499990967, 26.245823999685236], [-80.23399200043491, 26.246274000303547], [-80.23399200043491, 26.246452000317838], [-80.23399099971168, 26.246586999956705], [-80.23398900006185, 26.24684799994181], [-80.23398900006185, 26.24699300021736], [-80.23398900006185, 26.247128999900212], [-80.23397800019121, 26.249046000164896], [-80.23397300016835, 26.25000000002437], [-80.23398099966595, 26.250234999728097], [-80.2340550001841, 26.252650999798398], [-80.23411399973534, 26.25479599990401], [-80.23416700033711, 26.256713000144067], [-80.23416399996405, 26.256766999760757], [-80.23416200031423, 26.25679699971599], [-80.2341539999183, 26.256929999853828], [-80.2341520002685, 26.256984999957172], [-80.23413399982682, 26.257951000382885], [-80.234132000177, 26.25811399961998], [-80.2341189997582, 26.258844000217337], [-80.23406799970459, 26.261751000370136], [-80.23407299972745, 26.261993000251557], [-80.2340839995981, 26.2625089996728], [-80.23408500032134, 26.262721000362916], [-80.23408799979606, 26.26296400037006], [-80.2340900003442, 26.263159999736786], [-80.23410299986469, 26.264870000242677], [-80.23412799997904, 26.267235999605642], [-80.23420800034498, 26.269421999751774], [-80.23424400033, 26.27197199969901], [-80.23421300036786, 26.272144000282356], [-80.23365099995307, 26.272138999608657], [-80.22967099971372, 26.272094999631648], [-80.22604000035216, 26.27199600022657], [-80.22457999996192, 26.271973000157434], [-80.22422299958654, 26.271957999724627], [-80.22387399960708, 26.271957999724627], [-80.22350200006142, 26.271957999724627], [-80.22319099971678, 26.27196600017051], [-80.22306799969314, 26.27198099979674], [-80.22280499992742, 26.272036999673098], [-80.22250799982649, 26.272035000368437], [-80.21844100044683, 26.271980000143927], [-80.21834799966209, 26.271978999685604], [-80.21788099968187, 26.271973999810314], [-80.21521900044087, 26.271947000318942], [-80.21458900025401, 26.271929000117527], [-80.21323699981879, 26.271910000259904], [-80.21260499998213, 26.271901999810154], [-80.21156399989154, 26.271887999827314], [-80.21099300015423, 26.271880000181593], [-80.21078999976466, 26.27187699960945], [-80.21001099961488, 26.27186600019608], [-80.20980200027581, 26.27186400008296], [-80.20917700011182, 26.271859000202706], [-80.2089689996994, 26.271857999743304], [-80.20846900010719, 26.271861999969776], [-80.2069710000821, 26.271875999955736], [-80.20647200031483, 26.27188099983526], [-80.20553800035435, 26.271875000302018], [-80.20502299979522, 26.27187100007604], [-80.20437199969199, 26.271866999849873], [-80.20273800012276, 26.271857000089433], [-80.20238699959519, 26.27185499997616], [-80.20206299973009, 26.271852999862823], [-80.20180499998722, 26.271852000208913], [-80.20186699991152, 26.27407600024482], [-80.20186400043677, 26.274173000218905], [-80.20186199988864, 26.274248999760022], [-80.20186199988864, 26.275418000145777], [-80.20193399985867, 26.27809800009935], [-80.20194200025458, 26.278395999764143], [-80.20194599955423, 26.2789269999135], [-80.20195399995015, 26.279818999914575], [-80.20195499977507, 26.27992399981848], [-80.20195700032319, 26.280097000281398], [-80.20196300017098, 26.28052800013589], [-80.20196700036894, 26.280839999713756], [-80.20198099971432, 26.28182299970048], [-80.20198800028533, 26.282254999956862], [-80.2019999999809, 26.283047999699576], [-80.2020359999659, 26.285427000233174], [-80.20204600001165, 26.286034999829486], [-80.2020490003847, 26.286220000040007], [-80.20204799966146, 26.28715399961501], [-80.20204799966146, 26.289391999822506], [-80.2020569998823, 26.2899559999287], [-80.20207199995092, 26.290891000319995], [-80.2020779997987, 26.291275000319565], [-80.20209700006527, 26.292428999696668], [-80.20210399973797, 26.292813999714703], [-80.20210600028611, 26.292926999743013], [-80.2021120001339, 26.293268999991724], [-80.2021129999588, 26.293347999926947], [-80.2021280000274, 26.29430499976089], [-80.20213200022536, 26.294419999671362], [-80.20215499979159, 26.29497299984712], [-80.20222099991383, 26.2959419997608], [-80.20228600021116, 26.29664400038457], [-80.20230600030264, 26.296797000018344], [-80.20232600039412, 26.296950000255595], [-80.20239199961806, 26.297520999900385], [-80.20244600004473, 26.297974999996132], [-80.20245699991537, 26.29813699996891], [-80.20246799978604, 26.29828899981705], [-80.20248600022771, 26.29855499987717], [-80.20248700005261, 26.29881000005213], [-80.20249100025056, 26.29919399959841], [-80.20248899970242, 26.299381999617154], [-80.20248799987753, 26.299575999848052], [-80.20248799987753, 26.29963799980358], [-80.20248600022771, 26.299831999606084], [-80.20248399967954, 26.300241999739633], [-80.20248299985465, 26.300281000050006], [-80.20248200002973, 26.300315000082747], [-80.20248000037991, 26.300806000225336], [-80.20257599974109, 26.3008009999818], [-80.2031189998893, 26.30080900004926], [-80.20399799959817, 26.300822000359005], [-80.20433700043019, 26.300826000392075], [-80.20440500020226, 26.30082800000591], [-80.20551300023999, 26.300844000136557], [-80.20564499958616, 26.300845999750077], [-80.20659600016339, 26.300860999668956], [-80.20694900034079, 26.30086700011914], [-80.2077800003691, 26.300879000213296], [-80.20825599967183, 26.300886000066317], [-80.20907900020255, 26.30089500033689], [-80.20923400001324, 26.300896999949547], [-80.21050400043269, 26.300909000040583], [-80.2112309998056, 26.300917000100586], [-80.212137000177, 26.300926999772162], [-80.21323000014611, 26.30094400009768], [-80.21512800020426, 26.300973999908148], [-80.21521699989273, 26.300975000116463], [-80.216897000391, 26.30099900028116], [-80.21729300022612, 26.30100499991888], [-80.21828599973782, 26.301022000232994], [-80.21874600004537, 26.301030000285202], [-80.21928099979766, 26.301038999739287], [-80.22131399957503, 26.301066999915488], [-80.2225360003139, 26.30108499962254], [-80.22331799993839, 26.301096000292205], [-80.22422900033264, 26.301108999764462], [-80.22428600023404, 26.301109999971583], [-80.22434300013546, 26.301111000178718], [-80.22534999989087, 26.301124999856317], [-80.22580500017553, 26.301131000292852], [-80.22736400029997, 26.301154000218492], [-80.22782899973205, 26.301158999641494], [-80.22936899958994, 26.30118399997461], [-80.23038899976413, 26.301193999623163], [-80.23038799993921, 26.30108499962254], [-80.2303870001143, 26.3009680002688], [-80.23038200009144, 26.3005850003677], [-80.23035699997708, 26.299209999954567], [-80.23035500032724, 26.298473000383915], [-80.23032099999206, 26.295753999801455], [-80.2310700000046, 26.29576399991836], [-80.23233500040119, 26.295781999643363], [-80.2334989996171, 26.295797999665066], [-80.23419099972823, 26.295809000031014], [-80.23433700021643, 26.295810999731376], [-80.23462000007363, 26.295816000190133], [-80.23462000007363, 26.295848000221902], [-80.23462199972346, 26.296017000092178], [-80.23462300044667, 26.299743000289094], [-80.23463000011938, 26.300409000026622], [-80.23462799957123, 26.3004330003085], [-80.2346250000965, 26.300505000318974], [-80.2346250000965, 26.300529999987802], [-80.2346240002716, 26.300722999697797], [-80.23462000007363, 26.301193000222067], [-80.23485199987722, 26.30123799983819], [-80.23524199986456, 26.301306000137647], [-80.23575300022573, 26.301382999824565], [-80.23598599985424, 26.301410999917685], [-80.23663699995747, 26.30148999994263], [-80.23717900028078, 26.30152799962961], [-80.2382079997775, 26.30153699985035], [-80.23928099965512, 26.301576999928177], [-80.2397290002671, 26.301579999732112], [-80.24229799962167, 26.301584999942076], [-80.24309400038821, 26.30161800019493], [-80.2434679995837, 26.30162399980062], [-80.24551700015292, 26.301658999641884], [-80.24919400044354, 26.301671999856314], [-80.24990099972497, 26.301687999870463], [-80.25046999981245, 26.301694999674645], [-80.2506830002478, 26.301697000078786], [-80.2507180004079, 26.301697000078786], [-80.2514649998723, 26.301705000084414], [-80.25171400029264, 26.301707999885046], [-80.25789899983847, 26.301811999905226], [-80.26667000025398, 26.301926000222817], [-80.26680099977521, 26.30192799981767], [-80.26835800024985, 26.301941000001968], [-80.27125200019275, 26.301968999960298], [-80.27446400015297, 26.30202600005589], [-80.27462200033673, 26.302031000246615], [-80.2747190004211, 26.302035000237968], [-80.2747250002689, 26.302391999917212], [-80.2747250002689, 26.302603000025055], [-80.27472600009379, 26.302889999852862], [-80.27472699991871, 26.30300600029716], [-80.27474399963715, 26.30460699992368], [-80.27475799988085, 26.306048999704558], [-80.274760000429, 26.30614900000699], [-80.274760000429, 26.3061969997994], [-80.274760000429, 26.306231999870402], [-80.27475899970575, 26.30633900034395], [-80.27476299990373, 26.30648999974536], [-80.27477200012454, 26.30724299993525], [-80.27478399982013, 26.308445999628006], [-80.27478700019316, 26.30887699961546], [-80.27479800006383, 26.30970999978828], [-80.27479800006383, 26.309781999672854], [-80.2747970002389, 26.310723999678245], [-80.2749720001411, 26.31071999998677], [-80.27502900004251, 26.31071899986256], [-80.27520200029485, 26.31071899986256], [-80.27526000002119, 26.31071899986256], [-80.27544800034217, 26.31071899986256], [-80.275858000421, 26.31071899986256], [-80.27623599981443, 26.310725999926554], [-80.27646599996821, 26.310725999926554], [-80.27732299993578, 26.310725999926554], [-80.2781480001163, 26.31073099974195], [-80.27829000040654, 26.31073600036237], [-80.278527000233, 26.31074599999205], [-80.27871600037888, 26.31075400017835], [-80.27876900008232, 26.31075300005442], [-80.27889799995376, 26.310751999930524], [-80.27914599965086, 26.310749999682624], [-80.27941199978966, 26.310748000240004], [-80.27982299969338, 26.310822999849613], [-80.28045899972803, 26.31093800028406], [-80.28282700013946, 26.31094699977409], [-80.28521499974408, 26.310969000045553], [-80.28748600007113, 26.310990000190973], [-80.2877019999812, 26.31099199962946], [-80.28835200025955, 26.310998000360428], [-80.28919599980831, 26.311005999724056], [-80.28974599962923, 26.311011000332602], [-80.29005699997386, 26.311013999892378], [-80.29046100020489, 26.311018000378965], [-80.29130300010385, 26.31102400030333], [-80.29282600024328, 26.310789999801877], [-80.29289900003822, 26.310777999928618], [-80.29299799977242, 26.310762999682638], [-80.29336799966828, 26.31076399980647], [-80.29598999962462, 26.3107759996812], [-80.29622399997636, 26.3107769998049], [-80.29665800034462, 26.310779000052282], [-80.2966349998801, 26.311044000317377], [-80.2968969998209, 26.311064999643946], [-80.29697899983668, 26.311057999600436], [-80.29705599982957, 26.311051999677826], [-80.29708799961662, 26.311066999886364], [-80.29709000016476, 26.310693999975662], [-80.29711000025624, 26.306015999907892], [-80.29712699997468, 26.302635999988073], [-80.29713799984533, 26.300358999826074], [-80.29714700006616, 26.29881700003006], [-80.29715899976173, 26.295496000192152], [-80.29717700020339, 26.295402000291723], [-80.2972199998611, 26.294727000036342], [-80.29723800030276, 26.294042999882052], [-80.29723800030276, 26.293343999635873], [-80.29725400019629, 26.292124000260305], [-80.29729299965602, 26.29066099982882], [-80.29729500020416, 26.28889300039218], [-80.29730500024989, 26.288130999760384], [-80.29730500024989, 26.288042000321934], [-80.29730699989973, 26.287723999652886], [-80.29730900044788, 26.287355000032854], [-80.29731500029567, 26.28596000029136], [-80.29734799990761, 26.280820000127417], [-80.29733799986188, 26.280165999672402], [-80.29731100009771, 26.27951099997049], [-80.29727199973964, 26.278934999878967], [-80.29722300023415, 26.278389000164584], [-80.29724499997546, 26.277591999964393], [-80.29727799958741, 26.27307099966978], [-80.2972900001813, 26.271278999744933], [-80.29733799986188, 26.26787699964623], [-80.29734100023491, 26.26772599991509], [-80.29734200005983, 26.26716000030616], [-80.29730100005195, 26.266383999693364], [-80.2973250003414, 26.26322900033522], [-80.2973529999305, 26.258593999657524], [-80.29735499958032, 26.25838399983486], [-80.2973820002428, 26.255633999915013], [-80.29741900005273, 26.25479900011192], [-80.29741900005273, 26.24554199991354], [-80.29743999996911, 26.24127999961848], [-80.29743499994625, 26.241068000085082], [-80.29741200038004, 26.240899999891344], [-80.29739800013633, 26.24072400008017], [-80.29739700031143, 26.240601999880727], [-80.29734799990761, 26.240163999787065], [-80.29722800025701, 26.239387000179168], [-80.29720399996758, 26.239315000120552], [-80.29702599969234, 26.23838100001876], [-80.2970580003777, 26.238338000086983], [-80.29697200016398, 26.23608400013364], [-80.29702099966947, 26.236083000171867], [-80.29744300034218, 26.23607299974786]], [[-80.22426699996747, 26.295679000105334], [-80.22433499973954, 26.30020300022146], [-80.22425500027191, 26.30020200000649], [-80.22330700006773, 26.300187000002346], [-80.22231799985569, 26.300171999996284], [-80.22129299965863, 26.300163999884845], [-80.22029500012405, 26.30015699998822], [-80.21927999997274, 26.30013500008033], [-80.21873699982453, 26.300124000124793], [-80.21828200043818, 26.30011499979437], [-80.21827400004226, 26.29391300039255], [-80.21867900009822, 26.293910999854102], [-80.22023099965165, 26.293904999849243], [-80.22025999996396, 26.29387799982363], [-80.22030000014693, 26.293862000342376], [-80.22223599983992, 26.293886000368794], [-80.22214600032655, 26.28792800004559], [-80.22212399968694, 26.28663199983617], [-80.22221499992352, 26.286633999694786], [-80.22292100027836, 26.286645000124558], [-80.22315700027991, 26.28664899984129], [-80.22351399975697, 26.286652000031435], [-80.22407500034686, 26.286655999747925], [-80.22417999992884, 26.28839300010899], [-80.22423799965516, 26.29186599982295], [-80.22423900037839, 26.292657999622932], [-80.2242689996173, 26.294981999771366], [-80.22426699996747, 26.295679000105334]]]}}, {"type": "Feature", "properties": {"name": "Dania Beach", "geoid": "1216335", "county": "broward"}, "geometry": {"type": "MultiPolygon", "coordinates": [[[[-80.19362899959849, 26.067710999955715], [-80.19362799977357, 26.067664000047156], [-80.19360000018447, 26.066591999999407], [-80.19357000004726, 26.06548099994387], [-80.19353599971205, 26.06419399985653], [-80.19351399997076, 26.06333499964513], [-80.19349499970419, 26.06268900008051], [-80.19333300022079, 26.062680999788757], [-80.19326799992346, 26.06267900011922], [-80.19285700001973, 26.06266300034074], [-80.19264199993457, 26.062655999882193], [-80.19245199996378, 26.06264599991808], [-80.19188200005138, 26.06261600002062], [-80.19181799957896, 26.062612999707653], [-80.19169200008058, 26.062606999888487], [-80.19158699960028, 26.062601999904434], [-80.19127299978094, 26.062587999786572], [-80.19116900002385, 26.062583999637337], [-80.19106299971864, 26.062578999652292], [-80.19074700024947, 26.062563999695957], [-80.19064199976917, 26.062560000352853], [-80.19061300035517, 26.06255799987426], [-80.19058300021793, 26.06255700003845], [-80.19058999989062, 26.062417000344844], [-80.19059200043877, 26.062351999623264], [-80.19061500000498, 26.061849000355743], [-80.1904979998291, 26.061845000181265], [-80.18912500037582, 26.061791999672028], [-80.18754299978684, 26.061732000238997], [-80.18744900007552, 26.061727000217616], [-80.18752400041859, 26.060350000247197], [-80.1875329997411, 26.06019599993347], [-80.18755100018276, 26.05986100009252], [-80.18755299983259, 26.05977799967553], [-80.18755399965748, 26.059729000092076], [-80.18754799980971, 26.05963500030675], [-80.18754100013703, 26.059591999830385], [-80.18753199991619, 26.059549000145218], [-80.18751400037286, 26.059480999860213], [-80.18749199973323, 26.05941500006801], [-80.18746599979394, 26.059355000224663], [-80.18742800015912, 26.059279999973775], [-80.18740100039493, 26.059237000174097], [-80.18737600028058, 26.059198999681136], [-80.18733100007474, 26.059141000264134], [-80.18729900028768, 26.059102999740055], [-80.18725400008184, 26.059055999605704], [-80.18723499981526, 26.059037999600797], [-80.18720800005109, 26.059014000396896], [-80.18719200015757, 26.05899999985027], [-80.18718100028691, 26.0589900003811], [-80.1871670000432, 26.05897900023773], [-80.18715500034764, 26.05896899995976], [-80.1871379997309, 26.058951999808034], [-80.18713100005819, 26.058944000068106], [-80.18712199983736, 26.05892899964633], [-80.18711199979161, 26.058904999613134], [-80.18710699976874, 26.058883999983532], [-80.18710699976874, 26.058864000217532], [-80.1871100001418, 26.05884100003855], [-80.18711500016468, 26.058821000265183], [-80.18712299966228, 26.05880800037033], [-80.18713500025615, 26.05878400031235], [-80.18711599998957, 26.058772000281504], [-80.18709699972301, 26.058761000117663], [-80.1870880004005, 26.05875699983772], [-80.18707800035475, 26.058750999821054], [-80.1870540000653, 26.058737999918442], [-80.18703800017177, 26.058730000163887], [-80.18702899995095, 26.05872599988289], [-80.18701700025537, 26.05871999986467], [-80.1869979999888, 26.05871100024022], [-80.18698600029323, 26.058705000221227], [-80.18697299987444, 26.058700000070655], [-80.18696100017888, 26.0586940000511], [-80.18693400041471, 26.05868399974881], [-80.1869129996, 26.058675999990534], [-80.18688800038395, 26.058665999686713], [-80.18686200044468, 26.05865700005813], [-80.18684099962996, 26.05865000016721], [-80.1868220002617, 26.05864500001428], [-80.18679799997226, 26.05863800012266], [-80.18677700005587, 26.058632000099887], [-80.18675199994152, 26.058626000076863], [-80.18673500022307, 26.0586219997923], [-80.18671799960632, 26.058618000314635], [-80.1866950000401, 26.05861300016037], [-80.18666800027593, 26.05860800000585], [-80.18665499985713, 26.058606000266803], [-80.18664399998647, 26.05860399972073], [-80.18662600044313, 26.058601000112017], [-80.1866029999786, 26.058597999696218], [-80.1865820000622, 26.05859500008736], [-80.18656500034376, 26.058593000348083], [-80.18654000022941, 26.058590999801783], [-80.18652400033588, 26.05858900006244], [-80.18649599984847, 26.05858700032306], [-80.18646999990919, 26.058585999646336], [-80.18644700034298, 26.05858499977662], [-80.18639499956613, 26.05858499977662], [-80.18634199986269, 26.05858499977662], [-80.1863429996876, 26.058576000141816], [-80.18635399955824, 26.05788199967958], [-80.18641899985558, 26.05522000008043], [-80.18640600033511, 26.054778999656396], [-80.1874199997632, 26.054742000041262], [-80.18742999980896, 26.051020000356942], [-80.1873639996867, 26.051021000291197], [-80.18721800009685, 26.051023000159695], [-80.18703599962363, 26.051027999830783], [-80.1864900000007, 26.05104400039094], [-80.18630900025073, 26.05104999999515], [-80.18630900025073, 26.050865999887318], [-80.18631099990054, 26.050313000311604], [-80.18631199972545, 26.050129999795743], [-80.18631199972545, 26.05001000025496], [-80.18631300044869, 26.04965100003439], [-80.18631400027361, 26.049531999950194], [-80.1863150000985, 26.04946300036146], [-80.18632099994629, 26.04925699968675], [-80.18632400031935, 26.04918899988604], [-80.18448099961445, 26.049246000243876], [-80.18449400003324, 26.049681999968662], [-80.18448300016257, 26.049799000011234], [-80.18448300016257, 26.04982200035077], [-80.18448900001036, 26.05065700025223], [-80.18449200038341, 26.05093600019926], [-80.18449200038341, 26.050971000339523], [-80.18449200038341, 26.051078999691917], [-80.18449300020832, 26.051114999722962], [-80.1844610004213, 26.051159000014895], [-80.1843650001618, 26.051198999752405], [-80.18414800042683, 26.05120899988638], [-80.1840759995585, 26.051209999819022], [-80.18284500039542, 26.051228000219336], [-80.18239400030872, 26.05118100015467], [-80.18239099993566, 26.050144999729724], [-80.18238099988993, 26.047496999833488], [-80.18235699960046, 26.047497999797805], [-80.18223600012497, 26.047501999654976], [-80.18205600019992, 26.047508000247536], [-80.18181400035057, 26.047514999996913], [-80.18146100017317, 26.04752599960221], [-80.18146799984585, 26.048742999598115], [-80.18147299986873, 26.049609999822327], [-80.18146199999806, 26.049606999983403], [-80.18090999962902, 26.04962699971516], [-80.18091100035225, 26.049606999983403], [-80.18090200013143, 26.048678000169076], [-80.18058099974105, 26.04868899966524], [-80.17928399955743, 26.048728000291813], [-80.17928299973252, 26.048678000169076], [-80.1792810000827, 26.048548000395765], [-80.17928000025778, 26.04843499973691], [-80.17927699988472, 26.048266999691652], [-80.1792679996639, 26.047764999649402], [-80.17926500018916, 26.04759800022151], [-80.17906400034771, 26.0476040000021], [-80.17846099992504, 26.047621000185863], [-80.17830500028944, 26.047626000002044], [-80.17832399965769, 26.048940999946243], [-80.1782609999085, 26.048941999898243], [-80.17788199979181, 26.048953000176713], [-80.1767469999899, 26.048990000005237], [-80.17636899969811, 26.04900300018214], [-80.17592500018243, 26.049016000357632], [-80.1745929998387, 26.04905600001938], [-80.17415000014792, 26.04907000013989], [-80.17415000014792, 26.048883000294676], [-80.17415000014792, 26.04839299994993], [-80.17414699977488, 26.048322999733475], [-80.174141999752, 26.048137000269616], [-80.17431900020233, 26.048141000104994], [-80.17494099999324, 26.048122000078685], [-80.17516500029923, 26.048113999599472], [-80.17515799972823, 26.047725000354205], [-80.1751550002535, 26.047591999633553], [-80.17490699965805, 26.04760599992889], [-80.17413300042946, 26.04761700033275], [-80.1737259998254, 26.047642000219504], [-80.17336699980018, 26.047650999886905], [-80.17233099973247, 26.047685000238275], [-80.17231700038708, 26.047685000238275], [-80.17158300044316, 26.04771000011058], [-80.17139199974913, 26.047704000335408], [-80.17117699966397, 26.047712000035563], [-80.17018800035025, 26.047728000241282], [-80.16916999982588, 26.04776800034252], [-80.16762699959496, 26.047836000160505], [-80.16720499982056, 26.04784899965833], [-80.16684800034349, 26.047857000155638], [-80.16597999960695, 26.047864999845363], [-80.1654619995731, 26.04788699979633], [-80.16499999961573, 26.047902000017285], [-80.16459799993284, 26.047923999961316], [-80.16345399991009, 26.047981000127237], [-80.16326399993929, 26.0479909997287], [-80.1627929997611, 26.048027999860878], [-80.16247100044413, 26.04803299965972], [-80.162216000176, 26.048038000265397], [-80.16189499978563, 26.048044000023456], [-80.16158400033932, 26.048057000305306], [-80.16119299962877, 26.04803600034597], [-80.16004000028349, 26.048072999656892], [-80.15909999957692, 26.048103000049338], [-80.15668600003305, 26.048191999608115], [-80.15587400027133, 26.04820799974831], [-80.15587099989827, 26.048053999619565], [-80.15586199967746, 26.04765499973886], [-80.15585099980679, 26.047163999943415], [-80.15584699960883, 26.046960000008852], [-80.15584499995902, 26.046867999605702], [-80.15582700041564, 26.04633799994773], [-80.15196799965184, 26.046453000153203], [-80.15173699967315, 26.04646999969677], [-80.15173000000046, 26.046112999886144], [-80.15172800035064, 26.045994000245738], [-80.15172400015268, 26.04588300030948], [-80.15172400015268, 26.045855000112674], [-80.15171499993184, 26.045440000302552], [-80.15171199955881, 26.045302000302783], [-80.15170900008405, 26.045165000124765], [-80.15169999986323, 26.0447560002198], [-80.1516980002134, 26.04462000019972], [-80.15169400001544, 26.044456000298023], [-80.15169200036563, 26.04430200008306], [-80.151677000297, 26.043836999852118], [-80.15167200027415, 26.04368199963435], [-80.15166899990108, 26.043543999986593], [-80.1516610004035, 26.04313000006883], [-80.15165899985534, 26.04299299977413], [-80.15165100035775, 26.042847000090983], [-80.15162799989321, 26.042408999950744], [-80.15162100022052, 26.042264000356468], [-80.15162100022052, 26.042196999737484], [-80.15162500041848, 26.041997000083423], [-80.1516260002434, 26.041931000130806], [-80.15162200004544, 26.041854000004616], [-80.15161100017477, 26.041623000129704], [-80.15160799980173, 26.041545999801244], [-80.151605000327, 26.041400999946898], [-80.15159600010615, 26.040968000155168], [-80.15159399955802, 26.040823999607326], [-80.15159000025838, 26.040676999622328], [-80.15158000021265, 26.040238000228396], [-80.15157699983959, 26.040092000343414], [-80.15157199981671, 26.039945000247926], [-80.15156000012114, 26.03950699976041], [-80.15155599992319, 26.039360999772427], [-80.15155199972523, 26.039214999602695], [-80.15154099985457, 26.038778999694465], [-80.15153800037984, 26.03863399964719], [-80.15153300035696, 26.0384860001043], [-80.15151900011327, 26.038043000399917], [-80.1515149999153, 26.037896000157396], [-80.15150999989244, 26.037746999635665], [-80.15149800019687, 26.037300000163285], [-80.1514939999989, 26.037150999691487], [-80.15148899997604, 26.036998999676054], [-80.15147700028048, 26.03654600023521], [-80.15147300008252, 26.036395000301823], [-80.15146999970946, 26.036245000234338], [-80.15146100038693, 26.035795999752043], [-80.15145800001389, 26.03564699979101], [-80.15145600036408, 26.035586999888658], [-80.15144999961797, 26.035406999997484], [-80.15144899979306, 26.0353480000403], [-80.15144600031832, 26.035261999816992], [-80.15143799992241, 26.03500699978839], [-80.15143600027258, 26.03492200019379], [-80.15143399972445, 26.034789000286647], [-80.15142799987667, 26.03438999966046], [-80.15142600022683, 26.034258000034477], [-80.15142500040191, 26.034248000069006], [-80.15142500040191, 26.03420900027617], [-80.15142100020397, 26.034103000070022], [-80.15141199998314, 26.033785999765342], [-80.15140899961008, 26.033681000066267], [-80.15140799978519, 26.033644000249843], [-80.15140500031045, 26.033532999923384], [-80.15140399958722, 26.033496000060307], [-80.15112699957778, 26.033500999671624], [-80.15029999974746, 26.033517000202202], [-80.15002399956292, 26.033522999896107], [-80.1499800000803, 26.033522999896107], [-80.14985000038396, 26.03352500006307], [-80.14980699982794, 26.03352600014654], [-80.14975699959922, 26.03352600014654], [-80.14960900035953, 26.03352900039689], [-80.14955999995573, 26.03352999967314], [-80.1491699999684, 26.03353800034031], [-80.14800300037942, 26.033565000166465], [-80.14761400021699, 26.033574000107116], [-80.14715499973437, 26.033581999964124], [-80.14577999973294, 26.03360699961459], [-80.14532199997353, 26.033616000359206], [-80.14491400044285, 26.03361999988274], [-80.14369199970398, 26.033636000397095], [-80.1432849999982, 26.033642000084917], [-80.14284399995724, 26.03365300018446], [-80.14152300038249, 26.033686999751797], [-80.14108300016645, 26.033698999929104], [-80.14005999961918, 26.033716999789192], [-80.13984799990708, 26.033720000034652], [-80.13903600014534, 26.03373499964652], [-80.13692800002491, 26.033773999596917], [-80.13614499967717, 26.033795999770206], [-80.13491100014106, 26.03383200026501], [-80.1349000002704, 26.03383200026501], [-80.13487099995808, 26.033833000345865], [-80.13486099991235, 26.03383399961953], [-80.13413700001416, 26.033849000023956], [-80.13196699996945, 26.033895999772074], [-80.13124399989617, 26.03391300032892], [-80.13103800003184, 26.03391699984236], [-80.13041899971564, 26.03393100015616], [-80.13021399967624, 26.03393599974894], [-80.13019100011002, 26.03393599974894], [-80.13012499998779, 26.03393799990884], [-80.13010300024646, 26.033938999988802], [-80.13010700044443, 26.034079999875612], [-80.13010999991917, 26.034185000024674], [-80.13023799996569, 26.034183999946823], [-80.13024299998854, 26.034229000212946], [-80.13027300012578, 26.034520999870054], [-80.13030400008792, 26.034732000164986], [-80.1303300000272, 26.034789000286647], [-80.13025499968413, 26.034855000223004], [-80.13024100033873, 26.034846000380632], [-80.13021299985134, 26.034835999658124], [-80.13018000023936, 26.034834000320664], [-80.13016000014788, 26.03484500030843], [-80.13013099983556, 26.034859999776383], [-80.1301199999649, 26.034866000208773], [-80.13009599967546, 26.034887000105385], [-80.130083000155, 26.03491100021324], [-80.13007599958398, 26.034926999744307], [-80.1300709995611, 26.03494300008038], [-80.13006999973621, 26.034956000200452], [-80.13008999982767, 26.03509200012856], [-80.13010999991917, 26.03522399962312], [-80.13015000010215, 26.035463999791112], [-80.13015299957686, 26.0355389999447], [-80.13022799991994, 26.037619999994963], [-80.1302739999507, 26.03894000016034], [-80.1303020004381, 26.039701000248208], [-80.13033300040024, 26.04055900013794], [-80.13036299963916, 26.041417000206813], [-80.13042799993649, 26.043244000192015], [-80.13044800002798, 26.043796000027932], [-80.13049800025668, 26.045184999807258], [-80.13056900040179, 26.047138999954676], [-80.13062799995303, 26.048803000032397], [-80.13061799990729, 26.04907499989429], [-80.13064499967147, 26.050600999711314], [-80.1306820003797, 26.052546999791115], [-80.13067900000664, 26.05266799988285], [-80.12938600002099, 26.052696000066366], [-80.12788700017099, 26.052735000166706], [-80.12736499993918, 26.05274799992827], [-80.127366999589, 26.05286899981248], [-80.12738400020575, 26.05404599965182], [-80.12742500021363, 26.05633999960308], [-80.12746399967338, 26.058381000352753], [-80.12750300003144, 26.06040899972685], [-80.12752999979561, 26.060399000377934], [-80.12754999988711, 26.06039000007549], [-80.12760099994074, 26.06036700019607], [-80.12766500041315, 26.060329000069615], [-80.1277819996907, 26.06031100026025], [-80.12792800017887, 26.060269999742673], [-80.12823699997536, 26.060185999759376], [-80.12858099993194, 26.060100999859074], [-80.12861899956678, 26.060088999963135], [-80.12868999971188, 26.060059000217866], [-80.12872999989486, 26.06005800036072], [-80.12880799971266, 26.06004499979611], [-80.12907499967635, 26.05998000017945], [-80.12908999974498, 26.059975999941134], [-80.1293309997694, 26.059926999633483], [-80.12948399993027, 26.059903999663177], [-80.12952199956511, 26.05989799970525], [-80.12957400034196, 26.06261900033348], [-80.1295779996416, 26.062766000238085], [-80.1295919998853, 26.063200000033053], [-80.1308510004341, 26.063166999978677], [-80.13145800015641, 26.06315100026686], [-80.1315970000736, 26.063147999967608], [-80.13296100020438, 26.063110999767353], [-80.13346800036757, 26.063096999710318], [-80.13484900021679, 26.063060000300887], [-80.1356529995826, 26.06303799997039], [-80.1361959997308, 26.063038999802107], [-80.13671999961245, 26.06303999963381], [-80.13698900012427, 26.06304100027248], [-80.13724199984426, 26.06304100027248], [-80.13775800022829, 26.06304200010417], [-80.13775800022829, 26.063009000005287], [-80.13835200043013, 26.06300999983723], [-80.13865600020375, 26.06304399976751], [-80.13872700034888, 26.06304399976751], [-80.13872700034888, 26.06301099966919], [-80.1393139999797, 26.063012000308117], [-80.13956800042293, 26.06304299993583], [-80.13959400036218, 26.063046000237794], [-80.1397159996626, 26.06293600014479], [-80.13983799986134, 26.06293399967265], [-80.13983899968626, 26.06280600004848], [-80.13982899964051, 26.062570000324307], [-80.14042000036761, 26.06257199999571], [-80.1405380003684, 26.062465999611057], [-80.14056599995749, 26.062440999658616], [-80.14116699983202, 26.061902000032234], [-80.14169099971366, 26.06143800007134], [-80.1421650002649, 26.061021999907563], [-80.14258799986419, 26.06064100036072], [-80.1431150001189, 26.06129399965417], [-80.14334500027267, 26.06157700028374], [-80.14340399982389, 26.06164799968997], [-80.14346699957308, 26.061728999903412], [-80.14352000017485, 26.061795000006036], [-80.14363499980256, 26.061936000284064], [-80.1437140003436, 26.062035999685893], [-80.14388199967479, 26.062239000170024], [-80.14388699969764, 26.062219000169755], [-80.14389799956831, 26.062174999995733], [-80.143911999812, 26.06211599979146], [-80.14396600023869, 26.06189000032075], [-80.14407400019371, 26.061457000359763], [-80.14410900035381, 26.06134400004326], [-80.14654600036224, 26.061333000120896], [-80.14700300029672, 26.061332000274614], [-80.1470080003196, 26.0615160000889], [-80.14702400021311, 26.062053000197075], [-80.14703300043395, 26.062373000245184], [-80.14703799955849, 26.062573999667066], [-80.14704799960425, 26.06290200018318], [-80.14705500017526, 26.063149999629154], [-80.14721800038188, 26.063147000136837], [-80.14726400041263, 26.063146000306038], [-80.14756999983607, 26.063141000345], [-80.14857499994164, 26.06315299992834], [-80.1495149997499, 26.063161000187854], [-80.15038699978608, 26.063157999888872], [-80.15124899977651, 26.06315600022748], [-80.15211599978984, 26.06315600022748], [-80.15231300033165, 26.063162000018515], [-80.15250999997512, 26.063153999759063], [-80.15261700010525, 26.063123000160708], [-80.15274900034973, 26.06306399962693], [-80.15282899981736, 26.06304299993583], [-80.15291900022905, 26.063033000004747], [-80.15304200025271, 26.063026000375267], [-80.15305399994826, 26.063026000375267], [-80.15305300012334, 26.06297500006486], [-80.15322700020063, 26.062979000200773], [-80.15337799981337, 26.06304100027248], [-80.15347700044587, 26.063093000385404], [-80.15519499968067, 26.06305399969764], [-80.15852999966454, 26.06293399967265], [-80.15858800028917, 26.06295600002265], [-80.15865299968819, 26.062952999718423], [-80.15873499970395, 26.06306199996392], [-80.1588150000699, 26.063168999639892], [-80.15901900028439, 26.063428999689606], [-80.15914999980563, 26.06359599996031], [-80.16003100006267, 26.064721000006166], [-80.16034700043016, 26.064712999853178], [-80.16051099956339, 26.064708999776496], [-80.16074900011306, 26.064694999910458], [-80.16242799988811, 26.064640000247632], [-80.16245499965228, 26.06573999989501], [-80.16245899985024, 26.065881000266344], [-80.16247100044413, 26.0663450003816], [-80.16252499997249, 26.06676000040227], [-80.16255400028481, 26.067126000042215], [-80.16263600030057, 26.06720500010325], [-80.16267800013337, 26.067242999613125], [-80.16277799969247, 26.06733100017203], [-80.16283799996694, 26.067378000214223], [-80.16296500018854, 26.067465999864776], [-80.1630329999606, 26.06750300030329], [-80.16307899999136, 26.06753299975611], [-80.16322799995427, 26.06762699965949], [-80.16336600004654, 26.06770500039765], [-80.16342999962065, 26.067741000162176], [-80.16352800042824, 26.067768000180056], [-80.1634969995678, 26.066501000285754], [-80.1635030003139, 26.06504100002883], [-80.16403399986824, 26.064976999771464], [-80.16426099964893, 26.06494900010175], [-80.16462999971989, 26.065958999746442], [-80.16477500038317, 26.06640000005081], [-80.16506699956288, 26.066982999959656], [-80.16516899967014, 26.067371000037447], [-80.16526300027978, 26.067726999851608], [-80.165285999846, 26.067810000285128], [-80.1653079995873, 26.067884000126217], [-80.16535199996824, 26.068040000401353], [-80.16535899964093, 26.068064999965767], [-80.16536799986177, 26.068095000081566], [-80.16538299993039, 26.068149999735933], [-80.16539999964883, 26.06820800034114], [-80.16541600044066, 26.06826600011069], [-80.16541999974031, 26.068282999717706], [-80.16544099965671, 26.068357999853188], [-80.16574500032863, 26.068358999639482], [-80.16599100037593, 26.068358999639482], [-80.16643900008958, 26.069720000251678], [-80.16650000018895, 26.069900999674523], [-80.16660200029621, 26.070202000395703], [-80.16676399977959, 26.07049099989901], [-80.1669119999176, 26.070819999797326], [-80.16761499989938, 26.072279000076243], [-80.16773999957286, 26.07259499981399], [-80.16794899981024, 26.07319299975694], [-80.16800099968877, 26.073450000112423], [-80.168178999964, 26.07423499974933], [-80.16824900028419, 26.07469700038425], [-80.16869600017296, 26.07464100003762], [-80.16899999994656, 26.074602999700712], [-80.16930700009321, 26.074562999884808], [-80.16959800034637, 26.074559999877877], [-80.17047000038255, 26.07455399986382], [-80.17076199956229, 26.074552000396988], [-80.17075800026264, 26.074365000070394], [-80.17074700039198, 26.07380399971933], [-80.17074400001894, 26.07361800036019], [-80.17074700039198, 26.072931999848425], [-80.17074800021689, 26.072613999906377], [-80.1707130000568, 26.070915000054615], [-80.17066200000318, 26.070343000236875], [-80.16974599958604, 26.0703510000053], [-80.16974300011132, 26.070269000335678], [-80.16973999973827, 26.070207000055316], [-80.1697339998905, 26.070022000403235], [-80.16973200024066, 26.069960999764746], [-80.16992300003638, 26.069963999889485], [-80.17049600032182, 26.069973000263236], [-80.17068700011754, 26.069977000160165], [-80.17069200014039, 26.069877000275376], [-80.1706779998967, 26.069039000015074], [-80.17067299987382, 26.069017000000624], [-80.17011999967986, 26.069013999851634], [-80.16961300041498, 26.06900699977264], [-80.16954999976748, 26.069009999921807], [-80.16952300000328, 26.068099000042615], [-80.1696650002935, 26.068095000081566], [-80.16974300011132, 26.068095999870117], [-80.16983299962469, 26.068091000120354], [-80.16997999993778, 26.068083999986197], [-80.17013599957339, 26.068083999986197], [-80.17034499981077, 26.068083999986197], [-80.17097199962457, 26.068086000370414], [-80.17118199968687, 26.06808700015903], [-80.17120400032647, 26.06808700015903], [-80.17139900032014, 26.068057999830042], [-80.17152099962055, 26.068060000214707], [-80.1716360001466, 26.068063000388122], [-80.17191300015602, 26.068060000214707], [-80.17195199961579, 26.068053999867598], [-80.17206999961655, 26.068045999942257], [-80.17238699980896, 26.068050999693913], [-80.17250499980975, 26.068063000388122], [-80.17254400016782, 26.068072000101058], [-80.17257900032791, 26.068086000370414], [-80.17264799992488, 26.068122999806114], [-80.17280000026085, 26.068084999774833], [-80.17286999968272, 26.068083999986197], [-80.17295800044458, 26.06808199960195], [-80.1730370000873, 26.068090000331768], [-80.17314900024029, 26.06812500018966], [-80.17318600005022, 26.068122000017794], [-80.1732129998144, 26.068111999713402], [-80.17322299986014, 26.068109000348155], [-80.1732620002182, 26.068100999619634], [-80.17329999985303, 26.068095999870117], [-80.17332999999027, 26.06809199990894], [-80.17342399970158, 26.0680800000246], [-80.17345499966372, 26.06807699985162], [-80.1735359998546, 26.06806700035029], [-80.17354900027338, 26.068065999754555], [-80.17381299986403, 26.068050999693913], [-80.17383499960533, 26.06804500015329], [-80.17392800039006, 26.068022999952113], [-80.17396400037508, 26.068029000300815], [-80.17403899981983, 26.068052000289775], [-80.17411699963763, 26.06806400017695], [-80.17463200019675, 26.06807799964032], [-80.1746639999838, 26.06807699985162], [-80.17484999975665, 26.06807500027419], [-80.17486900002322, 26.068073999678536], [-80.17492799957445, 26.068072999889797], [-80.17494799966595, 26.068072999889797], [-80.17497100013048, 26.068068999927856], [-80.17503999972746, 26.068060000214707], [-80.1750640000169, 26.068057000041176], [-80.1750790000855, 26.068053999867598], [-80.17512699976608, 26.0680480003271], [-80.17514299965961, 26.068045999942257], [-80.17518799986544, 26.068026000126522], [-80.17522999969825, 26.068027999704775], [-80.1753460000492, 26.06803700022734], [-80.17550599988277, 26.068034000053224], [-80.17559799994427, 26.06803300026414], [-80.17561100036308, 26.068031999668115], [-80.17565400002077, 26.068031999668115], [-80.1756680002645, 26.068031999668115], [-80.17576600017377, 26.068030000089923], [-80.17606300027468, 26.068026000126522], [-80.17613500024471, 26.0680159998139], [-80.17616100018398, 26.068022999952113], [-80.17617399970445, 26.068026000126522], [-80.17621300006252, 26.068030999879017], [-80.17625400007039, 26.068031999668115], [-80.17629199970523, 26.06803300026414], [-80.17653399955456, 26.068012999639272], [-80.17660700024781, 26.068007999885964], [-80.17662800016421, 26.068007000096678], [-80.17668599989052, 26.068004999711135], [-80.17673899959398, 26.068004999711135], [-80.17704200044099, 26.068006000307367], [-80.17707000003008, 26.06798999964267], [-80.17711000021305, 26.06796900002775], [-80.17716399974142, 26.06793099994647], [-80.17717299996224, 26.0679250003997], [-80.17721099959708, 26.067916999658614], [-80.17732000027533, 26.067907999933773], [-80.17744699959864, 26.067897999611098], [-80.1776059996073, 26.06789999999847], [-80.17779800012622, 26.0678859997069], [-80.17784300033208, 26.06788300033586], [-80.17792199997479, 26.0678859997069], [-80.1779579999598, 26.06788899988482], [-80.17801499986122, 26.067892999852887], [-80.17808000015853, 26.067899000208243], [-80.17815799997634, 26.06791100011112], [-80.1781839999156, 26.06791800025562], [-80.17823800034229, 26.067935999703064], [-80.1783579999929, 26.06793999966957], [-80.17860900006305, 26.067947999602147], [-80.17871600019318, 26.067952000375165], [-80.17878399996523, 26.067965000062237], [-80.17883599984377, 26.067975000379214], [-80.17900400007328, 26.067984000098903], [-80.17945799963469, 26.06798199971294], [-80.17956800013788, 26.067987000274304], [-80.17967199989494, 26.06798999964267], [-80.17989799985075, 26.067987000274304], [-80.18021300039334, 26.0679729999931], [-80.18024099998243, 26.067972000203508], [-80.18068799987117, 26.067961999886304], [-80.18088500041297, 26.067949000198862], [-80.18103299965267, 26.067942999846064], [-80.1812800004232, 26.067934000123234], [-80.18151700024967, 26.067938999879697], [-80.18175400007611, 26.06793099994647], [-80.18194900006979, 26.06791100011112], [-80.18226600026219, 26.06787900036741], [-80.18230499972194, 26.06787900036741], [-80.18241799969984, 26.06791100011112], [-80.18245700005791, 26.06791800025562], [-80.18251300013439, 26.067920999625766], [-80.18265500042462, 26.06792799976966], [-80.18277599990014, 26.067916999658614], [-80.18289100042617, 26.06790700014362], [-80.18301000025185, 26.067907999933773], [-80.18308800006966, 26.067899000208243], [-80.18344299989691, 26.06788499991657], [-80.1835690002936, 26.067887000304186], [-80.1837590002644, 26.067889999675085], [-80.18422899971937, 26.06784500022672], [-80.18442200006321, 26.06784500022672], [-80.18882200042712, 26.06783400010786], [-80.19060300030941, 26.067861999894838], [-80.19073700020371, 26.067861000104294], [-80.19201000009791, 26.067843999629076], [-80.19246600020747, 26.067838000077817], [-80.19253999982732, 26.067811000076105], [-80.19266700004893, 26.06777900030507], [-80.1926929999882, 26.067772999943568], [-80.19304600016561, 26.067745999926885], [-80.19329700023577, 26.067734999798727], [-80.19344000035092, 26.06773000003356], [-80.19350499974992, 26.067710999955715], [-80.19351599962059, 26.067707999773255], [-80.1935370004353, 26.067707999773255], [-80.19362899959849, 26.067710999955715]], [[-80.1732200003854, 26.048199000123695], [-80.17322899970793, 26.04868499984858], [-80.17275199968195, 26.048699000013375], [-80.17221100008187, 26.04871699999225], [-80.17219000016547, 26.04780900039179], [-80.1722489997167, 26.047806999661397], [-80.17271800024507, 26.047790000311704], [-80.17271900006999, 26.047840999967526], [-80.17307499972213, 26.047824999777205], [-80.17321000033967, 26.047819000007923], [-80.1732200003854, 26.048199000123695]], [[-80.16905900039612, 26.070320999660485], [-80.16905900039612, 26.07036199988775], [-80.16869500034804, 26.070368999885744], [-80.168691999975, 26.070257999637604], [-80.1686860001272, 26.070200999818212], [-80.1686710000586, 26.070031999737648], [-80.16866600003571, 26.069976000387683], [-80.16887899957273, 26.069973000263236], [-80.16905000017528, 26.06997000013874], [-80.1690519998251, 26.070012000261052], [-80.16905400037324, 26.070072000294427], [-80.16905799967287, 26.070260999754723], [-80.16905900039612, 26.070320999660485]]], [[[-80.11398800019379, 26.05533299984694], [-80.11400900011017, 26.055116000106175], [-80.11280999983583, 26.055061999881374], [-80.1128569996915, 26.0543299999389], [-80.11285300039185, 26.054019999608194], [-80.11284599982085, 26.053518999907105], [-80.1128569996915, 26.053037999635112], [-80.11279599959212, 26.053054999837755], [-80.11232199993921, 26.053197000057533], [-80.11228400030437, 26.053215000152676], [-80.11225699964187, 26.05324400012081], [-80.11224800031935, 26.053275999826823], [-80.1121379998162, 26.054277999971912], [-80.11207400024209, 26.054873000109197], [-80.11196000043927, 26.054868999696524], [-80.11161800013251, 26.05485700007179], [-80.11150400032969, 26.054854000367165], [-80.11057399966887, 26.054825999892223], [-80.10778400038136, 26.054743999846252], [-80.10685500044376, 26.0547170000548], [-80.10675699963615, 26.055545999603375], [-80.10646299990827, 26.058035999806766], [-80.1069290000636, 26.058865999952193], [-80.10777699981034, 26.058865999952193], [-80.11032299959871, 26.058865999952193], [-80.11074500027141, 26.058865999952193], [-80.1106959998676, 26.059195000223152], [-80.11112199983997, 26.05923499963876], [-80.11237100034302, 26.059355000224663], [-80.11262900008587, 26.05938400028728], [-80.11262700043605, 26.059351999828188], [-80.11260899999438, 26.059180999698192], [-80.11260899999438, 26.05913199986504], [-80.11263900013162, 26.058938999927708], [-80.11265500002513, 26.058896000002893], [-80.1126940003832, 26.058840000171013], [-80.1127239996221, 26.058806999695502], [-80.11276700017814, 26.058790000327285], [-80.11280399998805, 26.058751999689356], [-80.11283400012529, 26.058730000163887], [-80.11292500036188, 26.058675000121596], [-80.11296800001959, 26.058614000029845], [-80.11304699966229, 26.058415999883568], [-80.11305500005822, 26.05835200004186], [-80.11306500010396, 26.05827799982829], [-80.11306500010396, 26.058206999993832], [-80.11309000021832, 26.058097000199446], [-80.11312600020334, 26.058014000146844], [-80.1131379998989, 26.05795899976847], [-80.1131379998989, 26.05791000023129], [-80.11312600020334, 26.057844000361165], [-80.11314399974668, 26.057749999870595], [-80.11318099955659, 26.05705099994414], [-80.11319300015049, 26.05697400006556], [-80.11325400024985, 26.056869000149607], [-80.11326000009764, 26.056808999809547], [-80.11329000023485, 26.0567259996516], [-80.11331500034922, 26.056703999745736], [-80.11334499958812, 26.056659999921575], [-80.11338200029637, 26.056616000080925], [-80.11344300039575, 26.05658899991375], [-80.11347299963464, 26.056566999982145], [-80.11347299963464, 26.0565389999165], [-80.11346699978687, 26.056516999975535], [-80.1133630000298, 26.05641300034533], [-80.1133560003571, 26.056403999736688], [-80.11332700004479, 26.056363000272984], [-80.11328400038707, 26.05625799980953], [-80.11328400038707, 26.0562199999645], [-80.11325900027272, 26.05609900031209], [-80.11326599994541, 26.056027000072806], [-80.11328400038707, 26.055982999994466], [-80.11329600008266, 26.055938999899578], [-80.113313999626, 26.055900999951103], [-80.11334499958812, 26.05585699982545], [-80.11337499972535, 26.055840000029256], [-80.1134120004336, 26.05583499975642], [-80.11346000011416, 26.055839000136107], [-80.11346599996196, 26.055383000358773], [-80.11384000005576, 26.05541299968721], [-80.11398099962277, 26.05542500006204], [-80.11398800019379, 26.05533299984694]]], [[[-80.13629100016537, 26.089138999918475], [-80.13632899980021, 26.08913200023603], [-80.1359139996985, 26.08724999988112], [-80.13586600001791, 26.087070000282125], [-80.13572000042807, 26.086428000291267], [-80.13544699971827, 26.08532799974556], [-80.1353360002885, 26.08482000008752], [-80.13526199977035, 26.08444599966691], [-80.13461400004014, 26.081659999804135], [-80.13452100015371, 26.081277000270656], [-80.13449000019158, 26.081277000270656], [-80.13331799968144, 26.081317999888796], [-80.13254199990472, 26.081317999888796], [-80.13194199985507, 26.081347000161013], [-80.13160799994425, 26.08141600033469], [-80.131401000255, 26.081523999858405], [-80.131253000117, 26.081622000131823], [-80.1312179999569, 26.0814749996909], [-80.1312039997132, 26.081387999754625], [-80.13120200006338, 26.081205999854994], [-80.13120500043644, 26.081075999868705], [-80.13124700026923, 26.08031199993642], [-80.13124100042144, 26.08027000028133], [-80.13114799963671, 26.080119000205865], [-80.13101299991749, 26.079918000236024], [-80.13089900011468, 26.079698999863947], [-80.13084600041124, 26.07953999991184], [-80.13081899974873, 26.079367999710314], [-80.13081000042622, 26.07920499972706], [-80.13082899979449, 26.079021000270235], [-80.13086800015253, 26.07887000019735], [-80.13087700037337, 26.07815500035491], [-80.13089200044199, 26.075624999923573], [-80.13073599990805, 26.075581999669215], [-80.13077600009102, 26.07545599960227], [-80.13088099967301, 26.07545400015084], [-80.13116799972818, 26.074556999870904], [-80.13122700017773, 26.074383999875575], [-80.13168199956408, 26.074371999829108], [-80.13168599976204, 26.074489000229722], [-80.13208400014531, 26.074480999937066], [-80.13206499987874, 26.073967999698684], [-80.13205900003095, 26.073815999824006], [-80.13197199999232, 26.071421999776376], [-80.13196299977147, 26.071198999795147], [-80.13194400040324, 26.07064799969599], [-80.12985100035138, 26.07069599978722], [-80.12991699957533, 26.072565000044055], [-80.12788999964573, 26.072614999656338], [-80.12799400030111, 26.075704999622932], [-80.12806500044621, 26.077867000107727], [-80.12813099967015, 26.079773000260218], [-80.12812599964727, 26.080065999898096], [-80.12811200030188, 26.080474999991896], [-80.12806999957078, 26.081705000398056], [-80.12806100024827, 26.08203099962983], [-80.12805799987522, 26.082136000386964], [-80.12806100024827, 26.082280000188685], [-80.12806200007317, 26.082362000321574], [-80.12806299989808, 26.082401000226884], [-80.12806399972301, 26.082437999980208], [-80.12806399972301, 26.08246400017057], [-80.12811200030188, 26.08455399962202], [-80.12814300026402, 26.08540399989868], [-80.12821500023405, 26.08747000027004], [-80.12822899957943, 26.088358999877045], [-80.1282450003713, 26.089175999961952], [-80.12846799995404, 26.089169000281686], [-80.12913900014877, 26.089151000064714], [-80.12936299955645, 26.08914499999174], [-80.13074900032684, 26.08910599991347], [-80.13243700032272, 26.089058999719093], [-80.13412299977045, 26.08903500021337], [-80.13491100014106, 26.0890270001081], [-80.13500400002748, 26.0890270001081], [-80.1355890000085, 26.08912000008786], [-80.13584599992645, 26.089134999869465], [-80.13629100016537, 26.089138999918475]]], [[[-80.1941369995866, 26.047578000143606], [-80.19413800030982, 26.047124999603565], [-80.19407899986028, 26.04712600037812], [-80.1931230001585, 26.047156000205867], [-80.19280500014119, 26.047165999877713], [-80.19276599978313, 26.047166999844855], [-80.19265299980523, 26.047169999746206], [-80.19261500017038, 26.047171999680415], [-80.19261699982022, 26.047235000011415], [-80.19262600004105, 26.047423999994276], [-80.192630000239, 26.047487000189875], [-80.192630000239, 26.047567999699815], [-80.19263299971375, 26.047812000276714], [-80.19263400043697, 26.047894000330103], [-80.19262500021614, 26.048117000283646], [-80.19261299962226, 26.048416999714775], [-80.19258900023112, 26.048635999662082], [-80.19257300033759, 26.04878600002009], [-80.19254999987307, 26.049008999890827], [-80.19260199975159, 26.049006999987963], [-80.19276099976027, 26.049001000279176], [-80.19281500018694, 26.049000000327684], [-80.19306100023424, 26.04899099995682], [-80.19380000020102, 26.048966000357712], [-80.19404700007324, 26.048958999887954], [-80.19412099969307, 26.048958999887954], [-80.1941220004163, 26.048607000167966], [-80.1941369995866, 26.047578000143606]]], [[[-80.20707499983918, 26.066242000403452], [-80.20706800016649, 26.06609199979535], [-80.20706399996853, 26.065991999821186], [-80.20705300009787, 26.065742000319215], [-80.20704899989991, 26.065642999855736], [-80.207048000075, 26.06561799977438], [-80.2070420002272, 26.065493999905193], [-80.2070349996562, 26.06532699991951], [-80.20701499956472, 26.064826000147786], [-80.20700899971695, 26.06465999983457], [-80.20700899971695, 26.064607999610278], [-80.20701100026508, 26.064494999912338], [-80.20700399969407, 26.06445400005212], [-80.20698199995276, 26.064409000090606], [-80.20695900038655, 26.064395000188703], [-80.20691900020357, 26.06438200010541], [-80.20686899997484, 26.064367000379907], [-80.20682700014206, 26.064358000382303], [-80.2067660000427, 26.064355000113952], [-80.20671599981398, 26.064356999754878], [-80.20664800004192, 26.06436099984362], [-80.20656799967598, 26.06436499993218], [-80.2064160002383, 26.064373000108922], [-80.20594800043317, 26.064338999757453], [-80.20592099977068, 26.063308000219326], [-80.20563500043875, 26.063318000126927], [-80.20539400041432, 26.063322000251123], [-80.20539500023922, 26.063347000015533], [-80.20539600006414, 26.063392000385036], [-80.20539699988903, 26.063426000204437], [-80.2049159996651, 26.063436000101962], [-80.20490099959649, 26.062874999850628], [-80.20491300019037, 26.062874999850628], [-80.20502699999318, 26.062877000323816], [-80.20504299988673, 26.062877000323816], [-80.20509200029052, 26.062877000323816], [-80.20510900000895, 26.06287800015689], [-80.20516900028342, 26.062883999962175], [-80.20534900020847, 26.062901000350294], [-80.2054089995846, 26.062907999987257], [-80.2055009996461, 26.06291499962377], [-80.20577699983065, 26.06293699997737], [-80.20586999971707, 26.062945000251645], [-80.20602399970285, 26.062945000251645], [-80.20648599966022, 26.062946000084146], [-80.206639999646, 26.06294699991665], [-80.20663799999618, 26.06287800015689], [-80.20663499962313, 26.062776000191956], [-80.20663200014837, 26.062673000303416], [-80.20662999960025, 26.06260500021769], [-80.20662799995041, 26.06256500033866], [-80.20662499957739, 26.062444999812772], [-80.20662399975247, 26.062404999879153], [-80.20661000040708, 26.06196899987823], [-80.20658600011762, 26.06114099962223], [-80.20657600007189, 26.06066199967541], [-80.20656799967598, 26.06022700030634], [-80.20661600025487, 26.06022499978794], [-80.20661600025487, 26.0600940000544], [-80.2066189997296, 26.05970099997502], [-80.2066199995545, 26.059649999831123], [-80.20670800031637, 26.05943499973998], [-80.20670099974537, 26.059188000364394], [-80.20688999989125, 26.05918499996363], [-80.20695699983841, 26.059182000369802], [-80.20693599992201, 26.058519000286726], [-80.2069350000971, 26.058494000299042], [-80.2069350000971, 26.05845000034005], [-80.20692400022644, 26.058053999965622], [-80.20691800037865, 26.057855999680026], [-80.2069009997619, 26.057275999991106], [-80.20689900011209, 26.05719699969026], [-80.20689599973905, 26.057111000160308], [-80.20687800019569, 26.056518999750246], [-80.20702999963333, 26.056516000088163], [-80.20701499956472, 26.056094000050322], [-80.20652900021624, 26.056115000179908], [-80.20630300026042, 26.056124999894458], [-80.2058720002652, 26.056141999649306], [-80.20557900036223, 26.056153999949483], [-80.20552300028575, 26.054499999980386], [-80.20579100007434, 26.05449000012717], [-80.20619699995521, 26.054476999751827], [-80.20648900003326, 26.054466999896682], [-80.20696900043228, 26.054450999803837], [-80.2069640004094, 26.054346999954145], [-80.20695600001349, 26.053970000128906], [-80.20671199961602, 26.053977000299387], [-80.20670900014129, 26.053791000123326], [-80.20669599972248, 26.053791000123326], [-80.20670199957029, 26.05344699969674], [-80.20662299992756, 26.053447999610295], [-80.20648400001038, 26.053450000244403], [-80.20612099978722, 26.05345800035943], [-80.20611499993944, 26.053374000334966], [-80.20605999968787, 26.052176000178477], [-80.20585499964845, 26.052181999724738], [-80.20481199990803, 26.05221099994846], [-80.20401299966679, 26.052232999890762], [-80.20360400031119, 26.052243999860387], [-80.20338500002806, 26.050240999745828], [-80.20339599989872, 26.05017500039892], [-80.20340500011956, 26.049884000120677], [-80.20333599962426, 26.048461000212413], [-80.20331800008091, 26.047876000224896], [-80.20391499975749, 26.047879000108118], [-80.20475699965645, 26.047877000185984], [-80.20477099990015, 26.047509000211754], [-80.20478400031894, 26.047062999988523], [-80.20478500014386, 26.046969999697414], [-80.20463100015806, 26.046978000254704], [-80.20456300038602, 26.046981000160915], [-80.2044930000658, 26.046980000192182], [-80.20428300000353, 26.046978000254704], [-80.20421400040654, 26.046978000254704], [-80.20414200043652, 26.04697700028596], [-80.20392700035138, 26.046975000348443], [-80.20385600020627, 26.046975000348443], [-80.20377800038845, 26.04697199963502], [-80.20354700040977, 26.046964999853227], [-80.20347000041689, 26.046962999915507], [-80.20328999959351, 26.046957000102108], [-80.2028090002679, 26.046942999729225], [-80.20275099964326, 26.046940999791126], [-80.20257200044144, 26.046935999945706], [-80.20250100029631, 26.04693400000749], [-80.20242900032629, 26.046932000069237], [-80.2022180004391, 26.046927000223434], [-80.20166199987209, 26.04691599975487], [-80.20160800034374, 26.046912999847006], [-80.2011560004321, 26.046918999662658], [-80.20080200042979, 26.046925000285054], [-80.20077999979016, 26.046926000254242], [-80.20071399966793, 26.04692900016178], [-80.20069199992662, 26.04693000013093], [-80.20055899985722, 26.04692099960114], [-80.1995160001168, 26.046962999915507], [-80.19949000017755, 26.04696099997774], [-80.19945699966726, 26.04695900003994], [-80.19924699960498, 26.046944999667303], [-80.19910400038816, 26.046948000381438], [-80.19908000009872, 26.046949000350438], [-80.19914600022095, 26.048734999968314], [-80.19880700028725, 26.04874700021988], [-80.19875399968548, 26.04695800007103], [-80.19853899960033, 26.04696399988437], [-80.19694199984106, 26.04701100002577], [-80.19679700007609, 26.047029000263812], [-80.19665800015892, 26.047046999692004], [-80.19658100016602, 26.047057000180246], [-80.19629400011085, 26.047065999892556], [-80.19619799985139, 26.04706999976446], [-80.19615799966842, 26.04706999976446], [-80.19603800001782, 26.047070999732416], [-80.19599899965975, 26.04707199970036], [-80.19582999960535, 26.047072999668305], [-80.19575400033568, 26.047072999668305], [-80.19573599989401, 26.047072999668305], [-80.19567700034278, 26.047073999636236], [-80.19567899999261, 26.047467000093018], [-80.1954589998846, 26.047473999844822], [-80.19546200025763, 26.047077000347038], [-80.19544499964088, 26.047077000347038], [-80.19532599981518, 26.047082000186453], [-80.1951579995857, 26.047090999896817], [-80.19505600037677, 26.04709499976788], [-80.19475400025297, 26.047107000187328], [-80.19465299997064, 26.047112000025457], [-80.19465600034368, 26.047484000296627], [-80.1946360002522, 26.048972000068293], [-80.19462299983341, 26.05073899992951], [-80.19514500006522, 26.05071900038752], [-80.19616699988923, 26.05067999961635], [-80.19666800020467, 26.050678999679192], [-80.19673299960367, 26.050678999679192], [-80.19678100018257, 26.054268000099782], [-80.19733500020143, 26.054289999655964], [-80.19825599974313, 26.054251999979773], [-80.19849500011772, 26.054243999918942], [-80.19859700022496, 26.054237999671216], [-80.19878399982271, 26.05422899970254], [-80.19897600034163, 26.05421899982621], [-80.1989310001358, 26.054686999741183], [-80.1998879996625, 26.054661999742954], [-80.20110700002832, 26.0546349999326], [-80.20109899963239, 26.0546859998382], [-80.201085000287, 26.05477400014532], [-80.20106699984534, 26.05487499991197], [-80.2010140001419, 26.05517399990145], [-80.20100099972309, 26.055261999842116], [-80.20097499978384, 26.05544299981497], [-80.20094899984456, 26.055633000176805], [-80.20094399982169, 26.055666999826773], [-80.19972799982891, 26.05567399989592], [-80.198805999564, 26.055705999745452], [-80.19870900037796, 26.0565520000631], [-80.19862900001202, 26.057219000310603], [-80.19849000009484, 26.05837500031683], [-80.19840499970603, 26.059093000279667], [-80.19831600001756, 26.059846999647135], [-80.19820399986456, 26.060728000379118], [-80.19837000044424, 26.060732999636162], [-80.20019599963406, 26.060772000289614], [-80.20014999960331, 26.06086699981992], [-80.20009000022718, 26.060985999692033], [-80.20001800025715, 26.061128999832796], [-80.19994600028711, 26.06127199979901], [-80.19991799979971, 26.061353000272423], [-80.19986199972321, 26.061525000304883], [-80.1997549995931, 26.06224400016955], [-80.19971100011048, 26.062552999888148], [-80.19968400034631, 26.062752000139852], [-80.19968400034631, 26.062782999836386], [-80.19968199979816, 26.062957999687466], [-80.19953299983526, 26.06295400035781], [-80.19908900031955, 26.062941999947125], [-80.1990009995577, 26.062940000282044], [-80.19894100018153, 26.06293799980995], [-80.19877100030223, 26.062928999702553], [-80.19843599966816, 26.062912999958233], [-80.19826400013903, 26.06290499968177], [-80.19827800038273, 26.06275299997401], [-80.19841899994972, 26.06157700028374], [-80.19810299958225, 26.061563000043385], [-80.1980780003662, 26.061795000006036], [-80.19807400016823, 26.061811999745196], [-80.19806599977231, 26.06187799980105], [-80.19804400003102, 26.062064000051844], [-80.19798299993164, 26.062583999637337], [-80.19796200001525, 26.0627410003497], [-80.1979450002968, 26.06288999976718], [-80.19786999995374, 26.06288700026821], [-80.19776299982361, 26.06288099965609], [-80.19768099980784, 26.06287800015689], [-80.19741100036941, 26.062864999905205], [-80.19660200008242, 26.062825999948537], [-80.19633299957059, 26.062812999691076], [-80.19605499973625, 26.062802999740363], [-80.19541700005179, 26.062782000002482], [-80.1952210002332, 26.062772000049133], [-80.19504399978288, 26.062763999763042], [-80.19517199982941, 26.06770200021506], [-80.19517600002737, 26.06807100031229], [-80.19523899977656, 26.070002000118038], [-80.19513099982153, 26.070009000137556], [-80.19507200027029, 26.07001300003324], [-80.194890999622, 26.070015000384505], [-80.19441899961889, 26.07001900027997], [-80.19301500020347, 26.070030999965628], [-80.19300500015773, 26.070030000193604], [-80.1928200002098, 26.07002600029851], [-80.19267600026976, 26.069994000325774], [-80.19259099988095, 26.069955000321954], [-80.19254999987307, 26.06993599979812], [-80.19247100023034, 26.069969000366196], [-80.19245399961359, 26.069976000387683], [-80.19232599956707, 26.06999599987043], [-80.19205100010578, 26.06999999976654], [-80.19114599955931, 26.069969000366196], [-80.1911449997344, 26.070073000066095], [-80.19114700028254, 26.07023199996408], [-80.19115999980302, 26.070766000355682], [-80.19117200039689, 26.071174999855078], [-80.18925900027013, 26.071276999768106], [-80.18926199974484, 26.071390999945507], [-80.18926799959264, 26.071628000213906], [-80.18927299961551, 26.071865999759034], [-80.18913200004852, 26.071865999759034], [-80.1887089995509, 26.071865999759034], [-80.18856899980882, 26.071865999759034], [-80.18838800005885, 26.0718849999697], [-80.18784800028368, 26.071944999850324], [-80.18766800035863, 26.071964999803686], [-80.18745999994617, 26.071957000145513], [-80.1871090003169, 26.071944999850324], [-80.1868790001631, 26.07193700019075], [-80.18683099958423, 26.071935999628106], [-80.18676899965996, 26.071990999899334], [-80.18672000015445, 26.072034999613575], [-80.18657899968915, 26.072268000373874], [-80.18615799973968, 26.072967999619987], [-80.18609800036353, 26.07307000039193], [-80.1860690000512, 26.073144000136914], [-80.1860680002263, 26.073219000386832], [-80.1860680002263, 26.073262999639653], [-80.18606200037853, 26.07402999960154], [-80.1860470003099, 26.076087999635288], [-80.18580299991243, 26.0760510002955], [-80.18556199988801, 26.076016000385906], [-80.185385000336, 26.075988999849063], [-80.18519500036521, 26.075962000112902], [-80.18512000002214, 26.075950999949647], [-80.18504399985414, 26.075939999785373], [-80.1850460004023, 26.075965000083908], [-80.1850549997248, 26.076040000140615], [-80.18505899992276, 26.07606499961091], [-80.18505600044803, 26.07623300014093], [-80.18504899987701, 26.076740000235745], [-80.18504700022719, 26.07690900031734], [-80.18504300002924, 26.076949000138637], [-80.18503299998349, 26.077069000327338], [-80.18502999961044, 26.077109999805558], [-80.18495799964043, 26.077109999805558], [-80.1848859996704, 26.077109000093966], [-80.18470400009554, 26.07710699986389], [-80.18455299958448, 26.077106000152273], [-80.18312400005468, 26.0770940003848], [-80.18264799985361, 26.077090999635868], [-80.18259400032527, 26.077129999683542], [-80.1825120003095, 26.077136000372473], [-80.18238099988993, 26.07714699961754], [-80.18230600044517, 26.077145999906268], [-80.18151899989948, 26.077139000313366], [-80.18124100006513, 26.077142000254216], [-80.18105299974415, 26.07714500019498], [-80.18108500042953, 26.07792900036646], [-80.1811199996913, 26.07884999980975], [-80.1811199996913, 26.07944200031587], [-80.18111399984353, 26.079786999937422], [-80.18106699998786, 26.080161999600648], [-80.18103900039877, 26.080390999976796], [-80.18102199978202, 26.080821999962964], [-80.18105100009434, 26.081501000095187], [-80.18108000040665, 26.082541999900226], [-80.18105500029229, 26.082817999953594], [-80.18112499971419, 26.08281599982107], [-80.18122299962347, 26.082813000025656], [-80.1812889997457, 26.08281200036278], [-80.1813230000809, 26.08281200036278], [-80.18172300011398, 26.08281200036278], [-80.18285399971795, 26.08280300016915], [-80.18370700038587, 26.08279899990352], [-80.18445899987314, 26.082796999770704], [-80.18473599988259, 26.082796000107688], [-80.18505600044803, 26.082793000311725], [-80.1850759996412, 26.08323499980831], [-80.18507700036443, 26.083284000045815], [-80.18508099966407, 26.083336999703338], [-80.18508700041016, 26.083411000220167], [-80.18493800044725, 26.083442000095673], [-80.184864999754, 26.08346100004136], [-80.18479199995907, 26.083482000105132], [-80.18471900016414, 26.083503999822074], [-80.1846890000269, 26.083513999618724], [-80.18457299967595, 26.083552999946995], [-80.18455900033057, 26.083560999619632], [-80.18440600016969, 26.083625999864513], [-80.18399600009086, 26.083618000196278], [-80.18363000039298, 26.0835990002761], [-80.18327899986538, 26.08357800023333], [-80.1832029996974, 26.083571999874632], [-80.18312200040486, 26.083566000322467], [-80.18288300003026, 26.083548000050445], [-80.18203100008556, 26.083468999720296], [-80.18131200021026, 26.083387000362954], [-80.1813099996621, 26.08352600034175], [-80.18130499963924, 26.083835000382308], [-80.18232399998851, 26.08397100006329], [-80.18234599972983, 26.083973000176066], [-80.18246799992856, 26.083982999932616], [-80.1825340000508, 26.083987999810603], [-80.18272599967142, 26.08400300025], [-80.18265399970139, 26.084112999917505], [-80.18264500037888, 26.08412800034091], [-80.18297000006889, 26.084152999697594], [-80.1834279998283, 26.08418600029254], [-80.18361199995131, 26.084198000139846], [-80.18372800030227, 26.084205000117418], [-80.18377599998284, 26.084207999877183], [-80.18379900044737, 26.084207999877183], [-80.18378500020367, 26.084237000240172], [-80.18375199969341, 26.084313999945003], [-80.18372499992921, 26.084396999915857], [-80.18370700038587, 26.08446800000949], [-80.18370099963977, 26.084490999996504], [-80.18369300014217, 26.08454100016312], [-80.18368399992134, 26.084601000012142], [-80.1836820002715, 26.084635999775394], [-80.18367899989846, 26.084690000081142], [-80.18367899989846, 26.084729999664052], [-80.18368100044658, 26.084783000280385], [-80.18368300009642, 26.084811999694093], [-80.18368700029438, 26.08485200004209], [-80.18368899994421, 26.084861999723554], [-80.18369300014217, 26.08489200037645], [-80.18369899998994, 26.08492599960105], [-80.18370200036298, 26.08494099992023], [-80.18304200003891, 26.085017999968702], [-80.18271200032603, 26.08505600015208], [-80.18208100031427, 26.0851260002028], [-80.18196199959027, 26.08513799995372], [-80.18194099967388, 26.085135000217797], [-80.18192399995543, 26.085144000232106], [-80.18171399989315, 26.085169000178606], [-80.18160400028829, 26.085180999925115], [-80.18151499970152, 26.085192000027863], [-80.18142799966289, 26.085201999680255], [-80.18128200007301, 26.085219000055563], [-80.18089499956041, 26.085262999639163], [-80.18047600015906, 26.085318999745397], [-80.18033800006681, 26.08533899983448], [-80.18022400026399, 26.085354000100754], [-80.18012999965435, 26.08545200039454], [-80.1800779997758, 26.085506999963666], [-80.18002300042254, 26.08554700007415], [-80.17998700043752, 26.085565000038738], [-80.17997800021668, 26.085180999925115], [-80.18005699985942, 26.08509700006008], [-80.18031200012754, 26.084834999613488], [-80.18043400032627, 26.084710000277717], [-80.18051299996898, 26.084536000308795], [-80.18060699968034, 26.084387999844104], [-80.18063799964247, 26.08432900034266], [-80.18068700004626, 26.084235000131937], [-80.18075200034359, 26.08403600008044], [-80.18081199971974, 26.083768999792014], [-80.18085199990271, 26.083473999620207], [-80.18082299959039, 26.083470999841676], [-80.18074599959749, 26.082813000025656], [-80.18082699978835, 26.082813000025656], [-80.18088100021502, 26.08281200036278], [-80.18087100016929, 26.082100999876115], [-80.18086600014641, 26.081703000246517], [-80.18084600005493, 26.08125799997048], [-80.1808440004051, 26.081202000341694], [-80.18083199981122, 26.08094400038039], [-80.18082500013854, 26.0807969998948], [-80.18081099989482, 26.080500000128847], [-80.1807809997576, 26.079838000188126], [-80.18090299995632, 26.079838000188126], [-80.18086799979622, 26.07906600026497], [-80.18077499990981, 26.07906600026497], [-80.18056300019771, 26.07906600026497], [-80.18049500042564, 26.077556999935208], [-80.18049100022769, 26.077470000314495], [-80.18047799980889, 26.077140999736024], [-80.18046000026555, 26.077140999736024], [-80.18040599983887, 26.077140999736024], [-80.17994499970642, 26.077143999676814], [-80.1785630000323, 26.077151999787493], [-80.17810299972476, 26.077156000246056], [-80.17783999995902, 26.07715699995724], [-80.1778380003092, 26.07707299998184], [-80.17781200036994, 26.075872999862675], [-80.17780700034706, 26.075642000076055], [-80.17780499979892, 26.07557899968839], [-80.17779999977604, 26.075347000401976], [-80.1777959995781, 26.07513899978836], [-80.17781400001977, 26.075128000354685], [-80.17785300037781, 26.075093999897938], [-80.17788599998977, 26.075054999978914], [-80.17790699990617, 26.074909999628137], [-80.17783499993617, 26.074893000176218], [-80.17780399997403, 26.074893000176218], [-80.1770149997785, 26.074875999914976], [-80.17700399990785, 26.074894999637223], [-80.17696399972488, 26.074947999865415], [-80.17689699977772, 26.074991000352618], [-80.17681899995992, 26.07500000034002], [-80.17676299988342, 26.075007999790298], [-80.17669299956322, 26.07502700029799], [-80.17664900008062, 26.075045999995773], [-80.17657100026281, 26.07507800020172], [-80.17516799977396, 26.0751100003989], [-80.17478600018255, 26.075113000391713], [-80.17477199993886, 26.077213999618035], [-80.17475600004532, 26.079403000231544], [-80.17447700038606, 26.079403000231544], [-80.17297199978998, 26.079390000200526], [-80.17046299981153, 26.07937400028453], [-80.1701649998857, 26.079374999976785], [-80.16952999967597, 26.07937400028453], [-80.16924199979589, 26.07937100040089], [-80.16895399991581, 26.07937299978542], [-80.1689609995885, 26.079492999910013], [-80.16896399996155, 26.079573999884243], [-80.1689759996571, 26.079864000149158], [-80.1689740000073, 26.080194000021915], [-80.16896499978645, 26.080339000283043], [-80.16894999971785, 26.08060499983883], [-80.1689460004182, 26.08066599977308], [-80.16893299999941, 26.080831000308955], [-80.16922000005458, 26.08082299964284], [-80.16924599999386, 26.082027999814304], [-80.1692490003669, 26.082282999997787], [-80.1692560000396, 26.082597000030006], [-80.16926799973517, 26.082916999612443], [-80.16928000032904, 26.083468000063018], [-80.16929399967444, 26.0837639999047], [-80.16929500039765, 26.084033999968717], [-80.1693120001161, 26.084639000330906], [-80.16932999965944, 26.085547999713672], [-80.16935700032195, 26.086925000291753], [-80.1693820004363, 26.088059999894487], [-80.16939300030694, 26.088402000278485], [-80.16939800032982, 26.088639999606766], [-80.16958699957739, 26.088605999847616], [-80.16972399984475, 26.088580999828572], [-80.16974099956319, 26.088580000214957], [-80.16978199957106, 26.088568000010195], [-80.16989200007424, 26.08854000033441], [-80.1710450003178, 26.088241000007578], [-80.1710450003178, 26.08819800035373], [-80.17177099986583, 26.088008999999282], [-80.17212999989103, 26.087915999943306], [-80.17219600001324, 26.087901000005434], [-80.17234099977821, 26.08786200031935], [-80.17254099979475, 26.087811999958035], [-80.17309499981363, 26.08766599965202], [-80.17367899996972, 26.08751599986632], [-80.17395400032933, 26.08745199979168], [-80.17395599997917, 26.08758699968129], [-80.17396299965185, 26.087989999985176], [-80.174029999599, 26.087975999675564], [-80.17514600003265, 26.08769400034375], [-80.17515799972823, 26.087977999719907], [-80.17516100010127, 26.088160000383823], [-80.17516500029923, 26.088177000329413], [-80.1757829998922, 26.088161999618208], [-80.17672199987554, 26.08813900035271], [-80.17672199987554, 26.088110999767466], [-80.17673299974619, 26.088110000149843], [-80.17674500034006, 26.088524999669758], [-80.17585499986221, 26.088524999669758], [-80.17586200043323, 26.08875399981862], [-80.17590300044112, 26.091412999996713], [-80.17597600023605, 26.091428000291153], [-80.17609000003887, 26.091450999716937], [-80.17613400041981, 26.091460000052265], [-80.17629099988032, 26.09147799991406], [-80.17637000042136, 26.09148300027857], [-80.17640899988109, 26.091489999820368], [-80.17643499982036, 26.091497000168566], [-80.17652299968391, 26.091522000371327], [-80.17654899962318, 26.091522999959807], [-80.17656000039216, 26.091522999959807], [-80.17665900012635, 26.091462999626046], [-80.17668500006562, 26.091450999716937], [-80.17673100009637, 26.091430999865732], [-80.17692000024226, 26.091379000236557], [-80.17713699997722, 26.09133000016144], [-80.17729000013811, 26.091296000377177], [-80.17738100037471, 26.09127500010212], [-80.17741200033684, 26.09127100012612], [-80.17753899966016, 26.091259000197343], [-80.17765699966093, 26.091259000197343], [-80.17778499970744, 26.09127100012612], [-80.17785400020273, 26.091277999680642], [-80.17789299966246, 26.091277000090063], [-80.177908999556, 26.091269999728738], [-80.1779649996325, 26.091247000267344], [-80.17804800037148, 26.091220999607977], [-80.17811500031863, 26.091200999717447], [-80.17842199956698, 26.09113100007366], [-80.17848100001653, 26.091113999750448], [-80.17853600026812, 26.091099999814627], [-80.17862199958353, 26.09106900035417], [-80.17872000039114, 26.091032999695194], [-80.17873799993447, 26.091024999726535], [-80.17893499957796, 26.090939000028907], [-80.17900400007328, 26.090903999730497], [-80.17903300038557, 26.090881999791108], [-80.17906400034771, 26.09085100027289], [-80.17915300003618, 26.090764000045645], [-80.17919499986898, 26.090722000107526], [-80.17922599983112, 26.09069899973162], [-80.17926400036427, 26.090674999755507], [-80.17929199995335, 26.0906589997687], [-80.1793019999991, 26.090652999773077], [-80.17939599971044, 26.090606000200104], [-80.17949699999276, 26.090548999800085], [-80.17959200042732, 26.09048400017339], [-80.17963500008503, 26.09046499975441], [-80.17974300004005, 26.090444999734622], [-80.17977599965202, 26.090442000134765], [-80.17982199968277, 26.090436999725764], [-80.17985000017018, 26.090414000100623], [-80.17990399969855, 26.090360000015906], [-80.17992399979002, 26.090343000387442], [-80.17996099959993, 26.09031399992405], [-80.17999300028531, 26.090287999864138], [-80.18004799963859, 26.090235000127507], [-80.18010999956286, 26.09019000039316], [-80.180148000096, 26.090156000277624], [-80.18042599993036, 26.0899139999766], [-80.18046600011333, 26.089875999757194], [-80.18062099992402, 26.089733000031046], [-80.18070100028997, 26.08966900036217], [-80.1807110003357, 26.089661999904614], [-80.1808800003901, 26.089500999753778], [-80.18095200036012, 26.089432000312836], [-80.180985999797, 26.08940099960367], [-80.1811330001101, 26.089278999934102], [-80.18118099979068, 26.089243000337955], [-80.18119500003438, 26.089233000224052], [-80.1812670000044, 26.08919400017511], [-80.18131100038534, 26.0891739999381], [-80.18131300003515, 26.088963999663402], [-80.18131100038534, 26.08872499976819], [-80.18128200007301, 26.088097999896878], [-80.18127500040032, 26.087932999924355], [-80.1812529997607, 26.087453999844957], [-80.18129399976858, 26.087453999844957], [-80.18161400033404, 26.08745700032822], [-80.1817730003427, 26.08745799995142], [-80.18210399988048, 26.0874609996278], [-80.18227200010999, 26.087466000163975], [-80.18243100011864, 26.08746400011089], [-80.18244000033947, 26.087174999745688], [-80.18244600018724, 26.08715600040298], [-80.18265899972427, 26.087131000074155], [-80.18278900031893, 26.08683900000113], [-80.18290899996951, 26.0865810003637], [-80.18290499977155, 26.08616499996296], [-80.18288899987805, 26.08608199963235], [-80.18287499963434, 26.085770999794715], [-80.18286600031182, 26.0855919999804], [-80.18290599959647, 26.085587999810148], [-80.18292499986306, 26.08558700017096], [-80.18348100043006, 26.08552299984815], [-80.18376400028728, 26.085491000077035], [-80.1840610003882, 26.085459999937424], [-80.1842730001003, 26.0854350000531], [-80.18434699972015, 26.085426999701717], [-80.18438100005534, 26.08542300033262], [-80.18441200001747, 26.085426999701717], [-80.18436900035978, 26.085291999740736], [-80.18434000004746, 26.08519100038529], [-80.1843169995829, 26.085115999737063], [-80.18424799998594, 26.084883999987955], [-80.18592299956303, 26.08469299982844], [-80.18591699971525, 26.084603000114132], [-80.18589300032411, 26.084214999854183], [-80.18588800030125, 26.084138000084227], [-80.18588099973023, 26.084017999880707], [-80.18586999985958, 26.083822000036708], [-80.18583300004967, 26.08319199992875], [-80.18582800002679, 26.08299799963776], [-80.18590900021765, 26.08283299973614], [-80.18594299965451, 26.08269099994263], [-80.18596100009619, 26.08254699983974], [-80.18596500029413, 26.08246799964078], [-80.18595400042348, 26.082358999707676], [-80.18595400042348, 26.0823230004033], [-80.18598000036275, 26.082142000012446], [-80.18599399970813, 26.082107999979144], [-80.18606499985324, 26.081978999857785], [-80.18617700000624, 26.08182999971584], [-80.18624899997626, 26.08170100009496], [-80.1862780002886, 26.081595999754416], [-80.18629199963398, 26.081523999858405], [-80.18628800033433, 26.08141499985306], [-80.1863150000985, 26.081163999713855], [-80.18632699979406, 26.080877000094134], [-80.18633400036508, 26.080842000013664], [-80.1863360000149, 26.080812999616313], [-80.18634000021287, 26.080769999653825], [-80.18636899962686, 26.080702000393938], [-80.18643099955115, 26.080609999861085], [-80.18650000004644, 26.08052300008875], [-80.18661499967416, 26.080423000335447], [-80.186772000033, 26.08031299962066], [-80.18678799992652, 26.080301000181876], [-80.18683200030746, 26.08026599992918], [-80.18692699984369, 26.080201000238947], [-80.18722099957157, 26.080016000240327], [-80.18727699964806, 26.079964000379977], [-80.18736700005975, 26.079892999974774], [-80.18740300004475, 26.079897000339663], [-80.18744099967958, 26.079908000132168], [-80.18752000022063, 26.079918000236024], [-80.18763800022138, 26.079919999611217], [-80.18783099966693, 26.07988200018088], [-80.1879400003452, 26.079856000223845], [-80.18801899998792, 26.07983099994934], [-80.18816999960065, 26.079791999994615], [-80.18828099992872, 26.07975599990076], [-80.18850100003675, 26.079677000238643], [-80.18886900028279, 26.079552999926154], [-80.18894399972756, 26.079531000273448], [-80.18945699973852, 26.079351000098885], [-80.18982699963438, 26.079232000329032], [-80.19061800037802, 26.07901300028729], [-80.1912419998188, 26.07879300013864], [-80.19162199976039, 26.07864999977997], [-80.19204100006004, 26.07849499962273], [-80.19219199967277, 26.07845500032966], [-80.19237300032107, 26.078383000115377], [-80.19265500035335, 26.078253000221437], [-80.1927840002248, 26.07816499980166], [-80.19281199981388, 26.07816999992814], [-80.19282299968454, 26.078172000140025], [-80.1928629998675, 26.078172000140025], [-80.19294099968532, 26.078161000184434], [-80.1930179996782, 26.078145000100452], [-80.19313499985407, 26.078132999632597], [-80.19321100002206, 26.07811599984181], [-80.19333999989348, 26.078091999705805], [-80.19363199997153, 26.07803800039038], [-80.19370899996444, 26.07802800012592], [-80.19389899993523, 26.07799300000048], [-80.19397500010321, 26.077974999678307], [-80.19439500022777, 26.077900999759144], [-80.19447300004559, 26.077892999699674], [-80.19462500038155, 26.077859999751094], [-80.19470200037445, 26.077850000278314], [-80.19492099975923, 26.07780999995799], [-80.19500799979788, 26.077795000338668], [-80.19508399996585, 26.07777699998604], [-80.195375000219, 26.07772400023166], [-80.195447000189, 26.077711000014197], [-80.19585100042006, 26.07763699992816], [-80.19592900023787, 26.077626999629466], [-80.1960439998656, 26.077603000200074], [-80.1961569998435, 26.077572000391918], [-80.19641299993653, 26.077479000111307], [-80.19651900024176, 26.077431000380052], [-80.19666200035688, 26.077351999955848], [-80.1967560000682, 26.07730100023584], [-80.19699600026772, 26.077173999887282], [-80.1971779998426, 26.077103999922144], [-80.19740299997349, 26.077036000146485], [-80.19754600008862, 26.07697400022172], [-80.19760899983783, 26.076929999942816], [-80.19775899962563, 26.076811999846758], [-80.19793199987801, 26.0766630003898], [-80.1980930004348, 26.07645499969353], [-80.19824400004754, 26.076242000032867], [-80.19834399960666, 26.076086000194664], [-80.19841599957667, 26.076000000008783], [-80.19858100033143, 26.075752000338692], [-80.198733999594, 26.07553999993092], [-80.1988180001579, 26.075416999803824], [-80.19886300036373, 26.075357999815118], [-80.19898200018945, 26.075170000240746], [-80.19905800035741, 26.07504200027198], [-80.19921300016811, 26.074746999893055], [-80.19923800028248, 26.074692000109447], [-80.1994319995529, 26.074279999969896], [-80.19953799985812, 26.074084999696105], [-80.19980200034708, 26.073547000140795], [-80.19999200031786, 26.07315900035213], [-80.20003499997559, 26.073020000167006], [-80.20007599998347, 26.07291800015842], [-80.2000860000292, 26.07288499961452], [-80.20009900044799, 26.07284800006947], [-80.20013100023505, 26.072781999739767], [-80.20051899967424, 26.07277199983329], [-80.2054720002321, 26.072693000299946], [-80.2054560003386, 26.072060999693687], [-80.20630900010819, 26.072053000042068], [-80.20661299988181, 26.072043999828182], [-80.20665800008766, 26.071894999951915], [-80.20670499994333, 26.071732000054297], [-80.20664600039208, 26.071731000296804], [-80.20656100000326, 26.071728999974834], [-80.20583499955696, 26.071742000049614], [-80.20583200008222, 26.071602000037664], [-80.20579699992211, 26.070301000233275], [-80.20578400040166, 26.070302000002993], [-80.20322799966924, 26.07034499977558], [-80.20324399956274, 26.070922000019554], [-80.20091000038482, 26.070960999701335], [-80.200937000149, 26.070901000123477], [-80.20095300004252, 26.070869000389816], [-80.20118200037138, 26.07040799975168], [-80.20124299957243, 26.070249000092655], [-80.20127400043289, 26.070168000122436], [-80.20133299998412, 26.06999599987043], [-80.20135700027357, 26.069924999875692], [-80.20136300012135, 26.06990799970007], [-80.20156700033586, 26.069414999989526], [-80.20165100000142, 26.06929199988394], [-80.20167899959053, 26.06926599999597], [-80.20179900013945, 26.069171999794193], [-80.2018230004289, 26.069142999733906], [-80.2019160003153, 26.068995999762915], [-80.20192299998801, 26.068986000340068], [-80.20199199958498, 26.06885499991384], [-80.20203400031609, 26.068753000312064], [-80.20207199995092, 26.068671000330454], [-80.20211100030897, 26.068586000131486], [-80.20216599966226, 26.068477999970046], [-80.20219499997455, 26.068421999877014], [-80.20228799986099, 26.068305999656754], [-80.20233899991462, 26.06825100007566], [-80.20246399958808, 26.068065999754555], [-80.20248600022771, 26.06799699978245], [-80.20250999961883, 26.06793999966957], [-80.20252999971032, 26.06789600003062], [-80.20253999975607, 26.067861999894838], [-80.2025499998018, 26.067788999830988], [-80.20256700041855, 26.067734999798727], [-80.2026059998783, 26.067726999851608], [-80.20263799966536, 26.067711999747544], [-80.20265699993193, 26.06769100008278], [-80.20274499979547, 26.067604000394017], [-80.20287799986487, 26.067527999982318], [-80.20290800000208, 26.067516000040232], [-80.20298599981989, 26.067485999776117], [-80.20300599991138, 26.06748199979413], [-80.20302400035304, 26.067477999811988], [-80.20309499959983, 26.067449999933235], [-80.2031060003688, 26.067445999949985], [-80.203169000118, 26.067429000221487], [-80.20331399988295, 26.0673769996126], [-80.20335200041612, 26.067367999846272], [-80.20341099996735, 26.067343999928056], [-80.20346000037114, 26.06732600038965], [-80.20350200020393, 26.067289999690598], [-80.20351600044764, 26.067277999724137], [-80.20355499990738, 26.06728599970192], [-80.20359500009036, 26.067287000304308], [-80.20374800025122, 26.067253999787475], [-80.20382600006903, 26.067241999817302], [-80.20388700016841, 26.067228000253998], [-80.20394099969675, 26.067217000077232], [-80.20398400025279, 26.067204000307097], [-80.20409600040577, 26.067169000173973], [-80.20443299979136, 26.067066999910804], [-80.20454599976927, 26.06703400013892], [-80.20465299989938, 26.06700100035774], [-80.20473099971717, 26.06697800016239], [-80.20529200030705, 26.0668210002872], [-80.20547899990481, 26.066769000215317], [-80.20562000037012, 26.06672900014433], [-80.20604299996941, 26.06660999965062], [-80.20612900018314, 26.066586000384], [-80.20618500025965, 26.066571999935373], [-80.20637000020757, 26.066523999767796], [-80.20650999994966, 26.066487999629235], [-80.20680500040075, 26.066387999993154], [-80.20691400018069, 26.066346999988564], [-80.20698299977767, 26.06630999999179], [-80.20704600042517, 26.06626700035162], [-80.20707499983918, 26.066242000403452]]], [[[-80.20786099966163, 26.047175000388698], [-80.20781299998107, 26.046705000398493], [-80.20776500030047, 26.046711000224782], [-80.2077240002926, 26.046715000108808], [-80.20760200009387, 26.046729999672685], [-80.2075619999109, 26.046735000333967], [-80.20748200044325, 26.046743000100257], [-80.20724499971848, 26.046771000084973], [-80.20716600007577, 26.046780999789664], [-80.20695900038655, 26.04680499988453], [-80.2069929998234, 26.047131000215426], [-80.20699600019645, 26.04716499991057], [-80.20699799984628, 26.047180000223925], [-80.2070060002422, 26.047259999979683], [-80.20609599967287, 26.047335999818106], [-80.20608700035035, 26.047238999877568], [-80.20605200019025, 26.04689399962167], [-80.20599500028885, 26.046899000275967], [-80.20547399988193, 26.046934999976603], [-80.20530099962959, 26.046948000381438], [-80.2052250003599, 26.046953000226335], [-80.2051399999711, 26.04695900003994], [-80.2052250003599, 26.04778299977168], [-80.20507499967376, 26.04779600008246], [-80.20503100019116, 26.047816000123174], [-80.20501299974948, 26.047834000237632], [-80.20499400038122, 26.047877000185984], [-80.204992999658, 26.047893000369196], [-80.20499799968087, 26.04791900015783], [-80.2050079997266, 26.04794000013813], [-80.20503399966589, 26.047965999916343], [-80.2054079997597, 26.048154000376055], [-80.20561799982198, 26.04825100036655], [-80.20704100040231, 26.048950000320986], [-80.20710800034946, 26.048849000290765], [-80.20719600021302, 26.04871799994615], [-80.2075550002382, 26.04818499989917], [-80.20748900011597, 26.048152999610274], [-80.20767800026185, 26.047870999612275], [-80.20786099966163, 26.047175000388698]]]]}}, {"type": "Feature", "properties": {"name": "Davie", "geoid": "1216475", "county": "broward"}, "geometry": {"type": "MultiPolygon", "coordinates": [[[[-80.36950499993303, 26.041335999675645], [-80.36950199955999, 26.041234000332192], [-80.3694949998873, 26.040928000155226], [-80.36949300023748, 26.040826999670987], [-80.36948900003952, 26.040653999910003], [-80.36947700034395, 26.040137999984054], [-80.36947300014597, 26.039966000042263], [-80.36946800012312, 26.03978000023422], [-80.36945499970433, 26.039222999882053], [-80.36945100040468, 26.039037999739126], [-80.36944499965858, 26.038725000015095], [-80.36942899976505, 26.037785999866347], [-80.36942799994014, 26.037711000342536], [-80.36942700011522, 26.0376710000388], [-80.36942499956709, 26.037629999672937], [-80.36942000044253, 26.037474000079165], [-80.36941899971931, 26.037448000395745], [-80.36941600024458, 26.037371999797944], [-80.36941600024458, 26.03734700014281], [-80.36922700009869, 26.037340999837337], [-80.36832599975018, 26.037314000073305], [-80.36784799989931, 26.037300000163285], [-80.36742399957677, 26.037288000354412], [-80.36683100009816, 26.037271000286715], [-80.36670100040183, 26.037263999925784], [-80.36669600037895, 26.03758499990456], [-80.36669399983082, 26.037710000294748], [-80.36541000006596, 26.037710000294748], [-80.36538400012671, 26.036768999979063], [-80.36517599971424, 26.036768999979063], [-80.36505699988855, 26.036768999979063], [-80.36394600037609, 26.036768999979063], [-80.36358200032801, 26.036768999979063], [-80.36326900033356, 26.036763999699883], [-80.36275299994952, 26.036758000171762], [-80.3617939998747, 26.03676200039532], [-80.36130299960503, 26.036764999755736], [-80.36130400032826, 26.036787000175135], [-80.36119800002305, 26.03678500006381], [-80.3594060002701, 26.036779999785324], [-80.35733800033262, 26.03677200014645], [-80.35733400013466, 26.03668099987741], [-80.35730399999743, 26.035401999660234], [-80.35718799964648, 26.031634999809164], [-80.357139000141, 26.02965999959916], [-80.35713699959285, 26.02956599991854], [-80.35713699959285, 26.029538999979177], [-80.35704399970642, 26.029540000096635], [-80.35678199976562, 26.029542000331496], [-80.35556099974997, 26.029556000360277], [-80.35506700000558, 26.029562000256767], [-80.35455200034474, 26.029564999801323], [-80.35300900011384, 26.02957500016601], [-80.35249500027794, 26.029578999827343], [-80.35241999993485, 26.029577999710234], [-80.35219800017701, 26.029576000283146], [-80.35212399965884, 26.029576000283146], [-80.35198700028982, 26.029578999827343], [-80.35157800003591, 26.029586999956763], [-80.35144199959346, 26.029590999617692], [-80.35096100026784, 26.02960099998016], [-80.35085099976467, 26.02959999986324], [-80.35028099985229, 26.02959999986324], [-80.34852099988639, 26.02959999986324], [-80.3467989995553, 26.02961100034179], [-80.34650400000254, 26.02961299976827], [-80.34563899963904, 26.029619999778603], [-80.345530999684, 26.029618999661846], [-80.3452069998189, 26.029617000235497], [-80.34509899986388, 26.029617000235497], [-80.34509899986388, 26.029633999798072], [-80.34509999968878, 26.029687999626866], [-80.34510100041201, 26.029706000102404], [-80.34510300006183, 26.02977500001623], [-80.34510899990963, 26.029982000321468], [-80.34511099955944, 26.030052000186046], [-80.34512200032842, 26.03046600026098], [-80.34515499994038, 26.03162300022788], [-80.34515800031343, 26.031707999791553], [-80.34517300038202, 26.03212199967266], [-80.34521199984178, 26.03324000014238], [-80.34527999961384, 26.03537700039235], [-80.34528899983468, 26.03567700013426], [-80.34529600040568, 26.035881000327564], [-80.34531499977393, 26.0365799997711], [-80.34532399999476, 26.03688099971939], [-80.34534400008626, 26.03751599974185], [-80.34540500018564, 26.03942400026496], [-80.34541000020849, 26.039575000334043], [-80.34543100012488, 26.040060000266955], [-80.34543500032285, 26.040145000173425], [-80.34545000039147, 26.040400000330294], [-80.34545500041435, 26.04048600001446], [-80.34546200008704, 26.04083899992487], [-80.34548600037648, 26.041897999737014], [-80.34549399987408, 26.042251000239357], [-80.34550700029287, 26.042627999821818], [-80.34554900012567, 26.04376100016668], [-80.3455580003465, 26.043995999841755], [-80.34556400019429, 26.044138999729526], [-80.34558299956255, 26.044765000108743], [-80.34558400028577, 26.044820000222114], [-80.34561900044586, 26.046105000076867], [-80.34564100018717, 26.046864999696616], [-80.34565999955544, 26.047546999652916], [-80.34566399975338, 26.047712999998037], [-80.34567799999711, 26.048212000388343], [-80.34568300001996, 26.048378999748582], [-80.3456999997384, 26.048762000330814], [-80.34571599963193, 26.049289999623294], [-80.34575800036305, 26.050651999758244], [-80.3457630003859, 26.050944999613744], [-80.34576800040878, 26.051113999789507], [-80.34577500008147, 26.051339999868198], [-80.3459380002881, 26.051339999868198], [-80.34644399972808, 26.0513440004013], [-80.3477839995694, 26.051342999662758], [-80.34973100003137, 26.05134600026429], [-80.34970099989414, 26.05043300034925], [-80.34979799997852, 26.050436000167032], [-80.35267100000503, 26.050436000167032], [-80.35269399957126, 26.051298000315054], [-80.35270799981495, 26.051804000270923], [-80.3527460003481, 26.053170999825554], [-80.35275800004366, 26.05351500025526], [-80.35278499980784, 26.054312999921187], [-80.35282099979285, 26.055318999667527], [-80.35270899963987, 26.056671000282662], [-80.35270399961699, 26.0567630002543], [-80.35268199987567, 26.057271999660465], [-80.3460310001745, 26.057271999660465], [-80.3459669997021, 26.05727500011022], [-80.3459730004482, 26.057401000368507], [-80.34599199981646, 26.057864000301297], [-80.34599799966423, 26.058012000397653], [-80.3460160001059, 26.058458999984513], [-80.3460229997786, 26.05860800000585], [-80.34602399960352, 26.0586349997078], [-80.34602399960352, 26.058662000210536], [-80.34602500032673, 26.0587069999586], [-80.34604799989295, 26.059516999731198], [-80.34607399983221, 26.06041899988191], [-80.34610599961927, 26.061693999748318], [-80.34610499979436, 26.06174999983005], [-80.34610999981723, 26.062084000078574], [-80.3461209996879, 26.062778999693766], [-80.34612300023603, 26.062940000282044], [-80.34604899971788, 26.062940000282044], [-80.34605700011379, 26.063210999780114], [-80.34592400004439, 26.06321300024751], [-80.3457619996627, 26.06321599973814], [-80.3445370003474, 26.063237000205206], [-80.34430800001854, 26.063241000332187], [-80.34411200019996, 26.063247999948793], [-80.3423480000361, 26.063277999684406], [-80.34226900039339, 26.063282999639615], [-80.34211299985947, 26.063285000105793], [-80.34074100023108, 26.063309999878125], [-80.34042800023663, 26.063318999956238], [-80.34008500010495, 26.063324999738963], [-80.33878200007355, 26.063347999844613], [-80.33870400025575, 26.063352999796834], [-80.33811599990169, 26.063364000336502], [-80.33807599971871, 26.06336199987164], [-80.33803700025898, 26.063365000165433], [-80.33801499961935, 26.063364000336502], [-80.33749800030873, 26.063376999725826], [-80.3374199995926, 26.06337400023933], [-80.33687300014473, 26.063384000141298], [-80.33667700032616, 26.063392000385036], [-80.33526999963935, 26.063413999842087], [-80.33519099999664, 26.06341899979145], [-80.33464399965048, 26.063428999689606], [-80.33456599983266, 26.063427000032846], [-80.3337440000252, 26.063444000342162], [-80.33366600020739, 26.06344299970694], [-80.33358800038958, 26.06344900029025], [-80.33304000021849, 26.063459000185816], [-80.33284400039992, 26.063459000185816], [-80.33217900005296, 26.06347099973659], [-80.33210100023516, 26.063475999683547], [-80.3314359998882, 26.063488000039563], [-80.33135700024548, 26.06348600038379], [-80.33045699972189, 26.063502999877578], [-80.3303789999041, 26.063507999823184], [-80.33026099990332, 26.063508999650878], [-80.3301050002677, 26.063508999650878], [-80.32990900044913, 26.06351500023082], [-80.32939399989, 26.063521000003472], [-80.3277889997348, 26.063541999608873], [-80.32747599974034, 26.06354999984186], [-80.32606599957883, 26.06356799996054], [-80.32598799976101, 26.063573999730483], [-80.32446100032193, 26.063609000130874], [-80.3243829996058, 26.063614000071915], [-80.32305799983311, 26.0636439997138], [-80.32249999961627, 26.063657999705462], [-80.32242199979846, 26.063662999644425], [-80.32191100033563, 26.063674000154975], [-80.32184100001543, 26.063676999633795], [-80.3217709996952, 26.063679999919522], [-80.32162400028044, 26.06367900009328], [-80.32127100010302, 26.06368400003134], [-80.32048699993038, 26.063693000080725], [-80.32040900011258, 26.063698000018217], [-80.31950799976408, 26.06371000035146], [-80.31942999994628, 26.063707000066522], [-80.31888199977519, 26.063713999655302], [-80.31813899961041, 26.063730999923006], [-80.31806099979264, 26.06373000009721], [-80.31740600038974, 26.06374400007855], [-80.31738200010028, 26.063744999904234], [-80.31731799962787, 26.06374999983951], [-80.3171500002967, 26.063753000123327], [-80.31645399998762, 26.06376799992744], [-80.31641700017768, 26.063768999752934], [-80.31633799963666, 26.06376799992744], [-80.316222000184, 26.063771000210814], [-80.3158840000752, 26.06377799979578], [-80.31575799967851, 26.063781000078887], [-80.31543600036154, 26.063787999663266], [-80.31535799964543, 26.063792999596696], [-80.31436799960846, 26.063813000135195], [-80.31390499982619, 26.06382299999969], [-80.31385100029783, 26.06382299999969], [-80.31369099956594, 26.06382700010665], [-80.31363799986251, 26.063827999931636], [-80.3133280002411, 26.063833999688256], [-80.31301400042175, 26.063841000076415], [-80.3127790002451, 26.06384600000758], [-80.31168100025312, 26.06387200029173], [-80.31160199971207, 26.063869999835582], [-80.31114300012776, 26.06387899987068], [-80.31081800043775, 26.063887000080616], [-80.31073999972165, 26.063892000009798], [-80.31051999961362, 26.0638969999388], [-80.31050299989518, 26.0638969999388], [-80.31045299966647, 26.063897999763178], [-80.31043699977292, 26.063899000394496], [-80.31027000026667, 26.063901999867554], [-80.30983900027144, 26.06391099990022], [-80.30976999977615, 26.063909000251677], [-80.30972100027067, 26.063909000251677], [-80.30968299973752, 26.063897999763178], [-80.30964799957742, 26.063882000151203], [-80.30961499996545, 26.063859999975104], [-80.30958300017839, 26.063882999975704], [-80.30954899984323, 26.063901000043206], [-80.30951100020839, 26.063913000355672], [-80.30947199985033, 26.06391800028377], [-80.30900200039535, 26.063924999859935], [-80.30892399967925, 26.06392300021163], [-80.30814100022984, 26.063934999714878], [-80.30806300041202, 26.063939999642034], [-80.30727900023939, 26.06395199995047], [-80.30724599972909, 26.063951000126554], [-80.30719999969834, 26.06395000030264], [-80.30531800043202, 26.06398499978371], [-80.30410200043926, 26.064002999835537], [-80.30402299989822, 26.064006999936364], [-80.3000989997354, 26.06407000009383], [-80.29887199987198, 26.06409099960084], [-80.29879300022924, 26.064094999698625], [-80.2983599996859, 26.064101000248556], [-80.29824099986018, 26.064103999716433], [-80.29784800039813, 26.064112999733556], [-80.29781200041312, 26.064114000363055], [-80.29780599966702, 26.063865999730087], [-80.29780200036738, 26.063773999687143], [-80.29779999981925, 26.063688999969212], [-80.29770199990995, 26.06027399997094], [-80.29766199972697, 26.060275999681515], [-80.29716899980747, 26.060290999930828], [-80.29696999961585, 26.06029699986864], [-80.2968809999274, 26.060300000240893], [-80.29646400017586, 26.060313999825162], [-80.29639300003075, 26.06031499968013], [-80.29637600031232, 26.060357999891135], [-80.29639899987853, 26.060947999766345], [-80.29647000002365, 26.06278699997884], [-80.29647400022161, 26.062976999729344], [-80.29648599991718, 26.06354999984186], [-80.29649000011514, 26.063698000018217], [-80.29649099994003, 26.0637409997945], [-80.29649000011514, 26.063821000349645], [-80.29649000011514, 26.063882000151203], [-80.29653899962064, 26.063883999800208], [-80.29765199968122, 26.063869999835582], [-80.2976490002065, 26.064116999830617], [-80.29747099993126, 26.064120999927514], [-80.29729699985398, 26.06412500002431], [-80.29673199996448, 26.064137000313796], [-80.29648699974207, 26.06414300005463], [-80.29605599974687, 26.064152000068752], [-80.2947619999363, 26.06417999992893], [-80.2944670003835, 26.064187000296414], [-80.29433199976597, 26.064189999762092], [-80.29375900037886, 26.064202000044954], [-80.29204299989556, 26.064239999722087], [-80.29147100033335, 26.064253999642514], [-80.29126899976868, 26.06425799973474], [-80.2906650004194, 26.064270999831823], [-80.29046399967963, 26.06427599974466], [-80.29006000034691, 26.064283999927472], [-80.28982500017027, 26.064289999660748], [-80.28884799965378, 26.06429899966357], [-80.28844400032105, 26.064302999754283], [-80.28836499978001, 26.06430600002394], [-80.28712200002307, 26.06434200002621], [-80.28259600016078, 26.06441499981747], [-80.28085299991334, 26.064444000241476], [-80.28077699974534, 26.064454999871725], [-80.28073999993542, 26.064467999946963], [-80.28069999975246, 26.064463999861886], [-80.28052900004822, 26.064463999861886], [-80.28035800034401, 26.064463999861886], [-80.28027100030535, 26.064463999861886], [-80.28015999997729, 26.064463999861886], [-80.28004799982429, 26.064463999861886], [-80.28000799964133, 26.064461000403217], [-80.27989300001357, 26.064471000212386], [-80.27977599983772, 26.064472000031873], [-80.27969800001992, 26.064476999936122], [-80.27883500020457, 26.064490000008867], [-80.27734100037745, 26.06451399970493], [-80.27726199983641, 26.06451899960737], [-80.27688400044296, 26.064522999690535], [-80.27452699990216, 26.06456900023388], [-80.27444800025945, 26.064567999608286], [-80.27440899990138, 26.064570999871165], [-80.27433000025867, 26.064570000052516], [-80.27309400017442, 26.064592999913742], [-80.2726349996918, 26.064601000074916], [-80.27235799968236, 26.06460599997363], [-80.27125999969036, 26.06462800000964], [-80.27080199993095, 26.064637999804575], [-80.26950499974734, 26.06466399991293], [-80.26609100012075, 26.06473599968634], [-80.26565799957739, 26.06474200020342], [-80.26561499991969, 26.06474200020342], [-80.26519999981798, 26.064751999988605], [-80.26439700027707, 26.06476999992257], [-80.26435799991903, 26.064768000288698], [-80.26432000028419, 26.06475799969794], [-80.26425599981177, 26.064775999630992], [-80.26358999963992, 26.064787999853806], [-80.26245999986085, 26.064810999672208], [-80.26139500037915, 26.06483100003692], [-80.26066399990995, 26.064845999702996], [-80.26039899959609, 26.06485100039822], [-80.26039899959609, 26.064800000075383], [-80.26039799977117, 26.06475299980569], [-80.26039699994627, 26.064627000191503], [-80.26039799977117, 26.06461099987215], [-80.26039699994627, 26.064560000251795], [-80.2603869999005, 26.064377000197105], [-80.26037199983192, 26.064088999955377], [-80.26025600037927, 26.061953999843745], [-80.26023299991473, 26.061520000274648], [-80.26023200008981, 26.061506000027475], [-80.26020899962529, 26.0610809998558], [-80.26018600005906, 26.060654999904255], [-80.26007999975387, 26.056895000368126], [-80.26005800001255, 26.05608999967933], [-80.26000299976096, 26.054131999817077], [-80.25998699986744, 26.053567999666317], [-80.25997900036984, 26.05329699965438], [-80.25992999996603, 26.051524000038945], [-80.2599280003162, 26.05117499975013], [-80.25992499994317, 26.050130999737597], [-80.25992400011825, 26.049783000088166], [-80.25992199957011, 26.049745999702907], [-80.25989700035406, 26.049206999789664], [-80.25982500038404, 26.04758999970653], [-80.25980100009461, 26.047051000371667], [-80.25979699989665, 26.046685000168228], [-80.25978699985089, 26.045586999965714], [-80.25978400037616, 26.045221000034264], [-80.259786000026, 26.045154000297934], [-80.25978500020108, 26.045089999670832], [-80.2596310002153, 26.04508699971624], [-80.259525999735, 26.04508499974647], [-80.25952300026024, 26.04499800022147], [-80.25948200025238, 26.043646999739067], [-80.2594770002295, 26.043497000069483], [-80.25943899969634, 26.042217999935627], [-80.25941899960488, 26.04153100038124], [-80.25891499981472, 26.04154499978616], [-80.25790800005932, 26.041574000220027], [-80.25740400026916, 26.041587999619786], [-80.2574989998054, 26.04489600002821], [-80.2575130000491, 26.045136999756462], [-80.25688100021243, 26.04515600026652], [-80.25589299982529, 26.045206000277314], [-80.25482099977255, 26.04521700009926], [-80.25416700019458, 26.045246999608416], [-80.25370900043517, 26.045253000316404], [-80.25343200042573, 26.045257000250164], [-80.25284999991948, 26.045268000067338], [-80.25261800011586, 26.045272000000587], [-80.25229800044873, 26.045277999900218], [-80.25171000009468, 26.045309000183856], [-80.2516189998581, 26.044045000353496], [-80.25150400023036, 26.04351300004339], [-80.25139799992515, 26.04310600002878], [-80.25118700003794, 26.04251999994757], [-80.25099100021936, 26.042112999714494], [-80.25082800001276, 26.04178699995845], [-80.2506690000041, 26.04156500008614], [-80.25046200031485, 26.041167999950112], [-80.25000600020526, 26.040500000351248], [-80.24973699969344, 26.04004399982188], [-80.24960199997423, 26.039796999938176], [-80.2496970004088, 26.03975700034597], [-80.24983799997578, 26.03969800015574], [-80.249972999695, 26.039639999967147], [-80.24992900021238, 26.039554999694644], [-80.24991099977073, 26.039519000149372], [-80.2498530000444, 26.03939600013993], [-80.24983100030309, 26.039349000174425], [-80.249796000143, 26.039273000001472], [-80.24975500013511, 26.039178999953048], [-80.2497419997163, 26.039148999698497], [-80.24972300034806, 26.03910299966992], [-80.24969099966269, 26.03902400003494], [-80.24966999974629, 26.03897299977234], [-80.24964100033229, 26.038899000238168], [-80.2496129998449, 26.038822999773554], [-80.24959399957831, 26.038772000230693], [-80.24955000009571, 26.03864500008568], [-80.24952900017931, 26.038580999941423], [-80.2495080002629, 26.038516999762244], [-80.24946899990485, 26.03838900010623], [-80.24943299991983, 26.038264999675654], [-80.24942899972187, 26.038248999792824], [-80.24939699993483, 26.03812500002137], [-80.24936799962249, 26.038009999719094], [-80.24935599992695, 26.037957999776978], [-80.2493380003836, 26.03787900017785], [-80.2493109997211, 26.037747999683138], [-80.24928200030708, 26.0375890000999], [-80.24926499969033, 26.037484999819306], [-80.24924799997191, 26.037371999797944], [-80.24921600018486, 26.037106999792254], [-80.24920199994115, 26.036953999665556], [-80.24919299972032, 26.03682099964119], [-80.24918900042069, 26.03673599974688], [-80.24918699987255, 26.036688000273138], [-80.24918299967459, 26.036553999889517], [-80.24918100002476, 26.03635000005958], [-80.2491779996517, 26.03617900027298], [-80.24917299962883, 26.03596700009705], [-80.24912499994825, 26.03368500039477], [-80.2504020000404, 26.033636000397095], [-80.2512060003045, 26.03361200002835], [-80.25169199965302, 26.033606000339002], [-80.2522389999992, 26.03358099988113], [-80.25266800034458, 26.033567999608636], [-80.25266199959849, 26.03332400006352], [-80.25264499988005, 26.032660999827954], [-80.24989800025024, 26.032738999622836], [-80.24962100024082, 26.032747000343964], [-80.2493109997211, 26.032756000347398], [-80.24912300029844, 26.032760999990252], [-80.24910400003186, 26.03276200008024], [-80.2490999998339, 26.032526000401916], [-80.24908099956733, 26.031789999806037], [-80.24906999969667, 26.031210000303307], [-80.249022999841, 26.031208000096882], [-80.24899199987887, 26.03120699999365], [-80.24895300041912, 26.031205999890403], [-80.24889499979449, 26.031203999683903], [-80.24881600015178, 26.031201000181266], [-80.2487199998923, 26.031197999871367], [-80.24866299999088, 26.031196999768046], [-80.24866100034106, 26.03120699999365], [-80.2486560003182, 26.031240000167006], [-80.24865499959498, 26.03125099968461], [-80.24861699996013, 26.03150499970593], [-80.24858099997513, 26.031748999805952], [-80.24857099992938, 26.031856999913156], [-80.24853999996725, 26.032207999776624], [-80.24853599976929, 26.032272000169737], [-80.24852400007373, 26.032529999962648], [-80.24851800022594, 26.03263299970268], [-80.24851700040102, 26.032670999928765], [-80.24851900005085, 26.03294300008299], [-80.24851999987577, 26.033047000355126], [-80.24849800013446, 26.033047000355126], [-80.24843399966204, 26.03304899972303], [-80.24841299974565, 26.033049999810547], [-80.24838799963128, 26.033050999898055], [-80.24804100019996, 26.033119000179052], [-80.24801899956033, 26.033124999893335], [-80.24773700042635, 26.033209999983008], [-80.24761500022761, 26.033261000330107], [-80.24750399989954, 26.033309999677243], [-80.24730399988299, 26.033423999660606], [-80.24720099995082, 26.033493999892848], [-80.24703799974421, 26.033626000378558], [-80.2469730003452, 26.033686999751797], [-80.24687999956046, 26.033776999840928], [-80.24666200000057, 26.033938999988802], [-80.24663400041149, 26.033960000051366], [-80.2463399997853, 26.034157000263182], [-80.24630299997537, 26.0341790003646], [-80.2461359995708, 26.034281000194017], [-80.24584000019311, 26.03444599987271], [-80.24514399988402, 26.034748999793514], [-80.24479400007964, 26.03490200037518], [-80.2447489998738, 26.034921000122225], [-80.24473600035331, 26.034926999744307], [-80.24471700008675, 26.034936000387642], [-80.24469699999527, 26.034944000151754], [-80.24468399957647, 26.034949999772667], [-80.24428699991644, 26.03512099973677], [-80.24309799968785, 26.03563699994393], [-80.24270199985273, 26.03580899977758], [-80.24249299961535, 26.03589499959982], [-80.24186699962647, 26.036152000241426], [-80.24165900011232, 26.036238999872506], [-80.24120399982765, 26.03642599970535], [-80.24119100030717, 26.036432000057616], [-80.24072299960372, 26.036623999868088], [-80.2400599998049, 26.036911999801582], [-80.23984700026787, 26.037003999945213], [-80.23939600018116, 26.03719999983505], [-80.23926599958651, 26.037253000164917], [-80.23887599959917, 26.037413000254006], [-80.23874699972775, 26.037466999730345], [-80.23831900010558, 26.037651999930116], [-80.2380959996245, 26.03774999977804], [-80.23777699978227, 26.037918999603498], [-80.23740500023658, 26.03813699974461], [-80.23712200037936, 26.038365999945164], [-80.23675999998113, 26.038659999874827], [-80.23637599984157, 26.039013999668665], [-80.23623199990152, 26.039148999698497], [-80.23524299968948, 26.04009499961869], [-80.23486699994584, 26.040457000118618], [-80.234717000158, 26.04059300012469], [-80.23426900044436, 26.041003000043005], [-80.23411999958311, 26.04114000024148], [-80.23407100007763, 26.041183000223647], [-80.23392799996249, 26.04131500012669], [-80.23388000028191, 26.041359000061334], [-80.23368699993807, 26.04154899984643], [-80.23310899962976, 26.04212099979615], [-80.23291700000914, 26.042311999969293], [-80.23251199995318, 26.04232200005429], [-80.23129799961025, 26.04235500032876], [-80.2309920001868, 26.042364000402003], [-80.23095000035401, 26.042356000336934], [-80.23089900030037, 26.04233300014681], [-80.23090400032325, 26.043272000205306], [-80.23091299964575, 26.04489100009558], [-80.23091500019392, 26.045139999709768], [-80.2289290002722, 26.045200000373992], [-80.2287810001342, 26.04520400030957], [-80.2269309997566, 26.045260000200408], [-80.22498500001788, 26.045319000013254], [-80.22490899984989, 26.045346000355423], [-80.22488000043589, 26.045351000268653], [-80.22479400022216, 26.045365000024542], [-80.2247120002064, 26.045377999796383], [-80.22452200023561, 26.045382999708238], [-80.22443400037206, 26.045382999708238], [-80.22434999980815, 26.04537999976115], [-80.22425000024903, 26.045370999919417], [-80.22411700017965, 26.045353000233888], [-80.22400300037683, 26.045329999824574], [-80.22390700011736, 26.04530500025187], [-80.22381199968281, 26.04527599993371], [-80.22371399977352, 26.045239999723638], [-80.2236409999786, 26.045216000115488], [-80.22352100032799, 26.045185999791286], [-80.22341400019786, 26.045171000029868], [-80.22332299996127, 26.045166000108967], [-80.22322099985402, 26.04516800007735], [-80.22309100015768, 26.04517200001402], [-80.22299599972312, 26.045174999966438], [-80.22292399975309, 26.045176999934668], [-80.2228679996766, 26.04517599995055], [-80.22272299991164, 26.04518299983916], [-80.22270299982017, 26.045181999855096], [-80.22268399955358, 26.04518299983916], [-80.22261999997947, 26.045184999807258], [-80.22213200008285, 26.045200000373992], [-80.22199800018855, 26.04520400030957], [-80.22171199995829, 26.04524599962491], [-80.22125199965075, 26.04528599976593], [-80.22091199989212, 26.045319000013254], [-80.22086400021153, 26.045319999996146], [-80.22087500008219, 26.045410000035673], [-80.22046400017847, 26.04545200008431], [-80.21974699995296, 26.045473999681015], [-80.21759899964955, 26.045541000041535], [-80.21688300014729, 26.045563999602354], [-80.21689400001794, 26.045745000024073], [-80.21689999986572, 26.045840999608195], [-80.21690700043673, 26.04596200016583], [-80.21691699958417, 26.04611799976665], [-80.21690999991148, 26.046291000343576], [-80.21690200041388, 26.046472999615972], [-80.21650099965757, 26.046466999777497], [-80.21604799992105, 26.046461999911873], [-80.2152989999085, 26.04646299988501], [-80.21515999999131, 26.046463999858144], [-80.215166999664, 26.046755999719277], [-80.21542100010721, 26.05375099965639], [-80.2153130001522, 26.053754000196296], [-80.21505899970899, 26.053761000379676], [-80.21488100033206, 26.053765999933972], [-80.20963099967328, 26.053907000189675], [-80.2076539999724, 26.053961000139648], [-80.20746599965143, 26.053961000139648], [-80.20746700037465, 26.053978000208428], [-80.20748200044325, 26.054434999708814], [-80.20753299959857, 26.05607299991694], [-80.20756899958359, 26.057180000088458], [-80.2076110003147, 26.058500000328834], [-80.20766800021612, 26.060236999669964], [-80.20775000023188, 26.062757000117482], [-80.20775600007966, 26.062946000084146], [-80.207821000377, 26.06468000022507], [-80.20788800032415, 26.066231000134056], [-80.2078780002784, 26.067461999882088], [-80.20783499972238, 26.06791999983573], [-80.20775000023188, 26.068281999930747], [-80.20768599975945, 26.06849500035323], [-80.207188999642, 26.070107000366907], [-80.2067240002099, 26.07167200006454], [-80.20670499994333, 26.071732000054297], [-80.20665800008766, 26.071894999951915], [-80.20661299988181, 26.072043999828182], [-80.20624700018392, 26.073280000135096], [-80.2057380003709, 26.07491799989143], [-80.20562600021789, 26.075280999867115], [-80.20539600006414, 26.076023000045907], [-80.20533999998763, 26.076202999689354], [-80.2048370000224, 26.077826999793228], [-80.20463899965567, 26.078466000257645], [-80.2043509997756, 26.078756999737543], [-80.20415999997988, 26.079064999763236], [-80.20376499996966, 26.079701000049713], [-80.20408399981189, 26.079784999753134], [-80.20399599994835, 26.08001300037316], [-80.20389800003906, 26.08029300028642], [-80.20372999980957, 26.080545000361855], [-80.2032469999358, 26.081277000270656], [-80.20306299981277, 26.08153699965238], [-80.20283500020716, 26.08178499997681], [-80.20264400041144, 26.081963999965815], [-80.20231600034839, 26.082207999906565], [-80.2019799998894, 26.08236599979527], [-80.201782000421, 26.082433000036023], [-80.20157599965836, 26.082490000355172], [-80.20135399990052, 26.082519000337054], [-80.20109000030988, 26.082532000020514], [-80.20079599968369, 26.08253799962569], [-80.20067600003308, 26.08253799962569], [-80.19914399967281, 26.082532000020514], [-80.19871799970046, 26.082577000279194], [-80.19832100004044, 26.082655999597737], [-80.19653500013527, 26.083068000112565], [-80.19581000041217, 26.08325300012846], [-80.19571800035067, 26.083269000321078], [-80.19551900015904, 26.080119000205865], [-80.19543600031837, 26.07891699964244], [-80.195375000219, 26.07772400023166], [-80.19508399996585, 26.07777699998604], [-80.19500799979788, 26.077795000338668], [-80.19492099975923, 26.07780999995799], [-80.19470200037445, 26.077850000278314], [-80.19462500038155, 26.077859999751094], [-80.19447300004559, 26.077892999699674], [-80.19439500022777, 26.077900999759144], [-80.19397500010321, 26.077974999678307], [-80.19389899993523, 26.07799300000048], [-80.19370899996444, 26.07802800012592], [-80.19363199997153, 26.07803800039038], [-80.19333999989348, 26.078091999705805], [-80.19321100002206, 26.07811599984181], [-80.19313499985407, 26.078132999632597], [-80.1930179996782, 26.078145000100452], [-80.19294099968532, 26.078161000184434], [-80.1928629998675, 26.078172000140025], [-80.19282299968454, 26.078172000140025], [-80.19281199981388, 26.07816999992814], [-80.1927840002248, 26.07816499980166], [-80.19265500035335, 26.078253000221437], [-80.19237300032107, 26.078383000115377], [-80.19219199967277, 26.07845500032966], [-80.19204100006004, 26.07849499962273], [-80.19162199976039, 26.07864999977997], [-80.1912419998188, 26.07879300013864], [-80.19061800037802, 26.07901300028729], [-80.18982699963438, 26.079232000329032], [-80.18945699973852, 26.079351000098885], [-80.18894399972756, 26.079531000273448], [-80.18886900028279, 26.079552999926154], [-80.18850100003675, 26.079677000238643], [-80.18828099992872, 26.07975599990076], [-80.18816999960065, 26.079791999994615], [-80.18801899998792, 26.07983099994934], [-80.1879400003452, 26.079856000223845], [-80.18783099966693, 26.07988200018088], [-80.18763800022138, 26.079919999611217], [-80.18752000022063, 26.079918000236024], [-80.18744099967958, 26.079908000132168], [-80.18740300004475, 26.079897000339663], [-80.18736700005975, 26.079892999974774], [-80.18727699964806, 26.079964000379977], [-80.18722099957157, 26.080016000240327], [-80.18692699984369, 26.080201000238947], [-80.18683200030746, 26.08026599992918], [-80.18678799992652, 26.080301000181876], [-80.186772000033, 26.08031299962066], [-80.18661499967416, 26.080423000335447], [-80.18650000004644, 26.08052300008875], [-80.18643099955115, 26.080609999861085], [-80.18636899962686, 26.080702000393938], [-80.18634000021287, 26.080769999653825], [-80.1863360000149, 26.080812999616313], [-80.18633400036508, 26.080842000013664], [-80.18632699979406, 26.080877000094134], [-80.1863150000985, 26.081163999713855], [-80.18628800033433, 26.08141499985306], [-80.18629199963398, 26.081523999858405], [-80.1862780002886, 26.081595999754416], [-80.18624899997626, 26.08170100009496], [-80.18617700000624, 26.08182999971584], [-80.18606499985324, 26.081978999857785], [-80.18599399970813, 26.082107999979144], [-80.18598000036275, 26.082142000012446], [-80.18595400042348, 26.0823230004033], [-80.18595400042348, 26.082358999707676], [-80.18596500029413, 26.08246799964078], [-80.18596100009619, 26.08254699983974], [-80.18594299965451, 26.08269099994263], [-80.18590900021765, 26.08283299973614], [-80.18582800002679, 26.08299799963776], [-80.18583300004967, 26.08319199992875], [-80.18586999985958, 26.083822000036708], [-80.18588099973023, 26.084017999880707], [-80.18588800030125, 26.084138000084227], [-80.18589300032411, 26.084214999854183], [-80.18591699971525, 26.084603000114132], [-80.18592299956303, 26.08469299982844], [-80.18424799998594, 26.084883999987955], [-80.1843169995829, 26.085115999737063], [-80.18434000004746, 26.08519100038529], [-80.18436900035978, 26.085291999740736], [-80.18441200001747, 26.085426999701717], [-80.18443700013182, 26.08543000023695], [-80.18443899978165, 26.085500000063966], [-80.18444499962943, 26.085652000097415], [-80.18421100017602, 26.086230000375174], [-80.18407100043395, 26.08657700022725], [-80.1840549996421, 26.086765000038206], [-80.18408800015237, 26.08732200028863], [-80.1844200004134, 26.087560999822237], [-80.18445399985026, 26.087586000059186], [-80.1845059997288, 26.087584000008135], [-80.18481600024852, 26.087573999752482], [-80.18505399989989, 26.087566999976403], [-80.18523499964986, 26.08756200025135], [-80.18564300007885, 26.08750599960484], [-80.185850999593, 26.087477000051898], [-80.18618899970181, 26.087430999633472], [-80.18631099990054, 26.08741799968735], [-80.18743599965673, 26.087260000164495], [-80.18759700021351, 26.08723800034676], [-80.18780100042802, 26.087210000352727], [-80.18807900026235, 26.087172000061976], [-80.18812299974498, 26.087187999718807], [-80.18819800008806, 26.08719500032436], [-80.1882449999437, 26.0871989996329], [-80.18866400024338, 26.087109999858367], [-80.18871299974886, 26.087103999680753], [-80.1889889999334, 26.087072000341927], [-80.18899499978117, 26.087180999919664], [-80.18915200014001, 26.087150999853552], [-80.18916399983557, 26.087148999795076], [-80.18932000036949, 26.087129999641366], [-80.18944699969278, 26.087114999602733], [-80.18947699983002, 26.08711100029132], [-80.18964300040967, 26.087100999995222], [-80.18979300019751, 26.087092000131403], [-80.18990100015255, 26.08707900014762], [-80.19002800037414, 26.087064000102462], [-80.19026000017774, 26.08702300007678], [-80.19041300033862, 26.08698899984781], [-80.19048500030866, 26.086958999732506], [-80.19052299994347, 26.086949000230238], [-80.1905940000886, 26.08691799967003], [-80.19089299983932, 26.086739999625856], [-80.19114800010745, 26.086575000158962], [-80.1913129999639, 26.086468999718598], [-80.19141300042132, 26.086409999652616], [-80.19153999974462, 26.086343000074944], [-80.19158400012556, 26.08631900001218], [-80.19164199985187, 26.08629400031136], [-80.19165600009556, 26.0862889997251], [-80.1917299997154, 26.086264999651252], [-80.19184699989127, 26.086244999720435], [-80.19188600024934, 26.086242000012906], [-80.1919120001886, 26.08621799992943], [-80.19193399992992, 26.086186999982395], [-80.19194599962547, 26.086173000263898], [-80.19201000009791, 26.086103000032637], [-80.1920250001665, 26.086092000015533], [-80.19204000023512, 26.08608000036242], [-80.1921239999007, 26.086032000124096], [-80.19241099995588, 26.08587099981969], [-80.19242699984942, 26.085861999861294], [-80.19253099960648, 26.08581000017768], [-80.19263199988883, 26.08575799966417], [-80.1927209995773, 26.085714000266687], [-80.1928279997074, 26.08566599987824], [-80.19286600024056, 26.085654999820058], [-80.19295199955597, 26.085647000290543], [-80.1929809998683, 26.085645000206366], [-80.19304699999051, 26.085589999895305], [-80.19307200010488, 26.085574000019985], [-80.19313599967899, 26.08554299990236], [-80.19328999966477, 26.085489999630198], [-80.19340299964267, 26.085461000384512], [-80.19342399955907, 26.085457000209782], [-80.19352300019159, 26.08543900022858], [-80.19355800035169, 26.085432999965306], [-80.19362600012374, 26.085415999621077], [-80.19379299963002, 26.085406999627672], [-80.19394300031615, 26.08542499961377], [-80.19398799962369, 26.085430999877477], [-80.19402600015684, 26.085441999956704], [-80.19404799989813, 26.08544400004433], [-80.19406399979167, 26.08544499968474], [-80.19410300014972, 26.085439999869013], [-80.1941430003327, 26.08544100031628], [-80.1942210001505, 26.08545200039454], [-80.1943340001284, 26.08548600026328], [-80.19442500036502, 26.085535000365187], [-80.19446999967253, 26.085558999781917], [-80.19451200040363, 26.085583999639745], [-80.19461799981055, 26.08564799992921], [-80.19466899986415, 26.085679000019], [-80.19494400022377, 26.085834000344832], [-80.19503899976002, 26.085888000097814], [-80.19505100035389, 26.085899000134102], [-80.19512400014882, 26.085963999887255], [-80.19513800039255, 26.085981999787688], [-80.19514800043828, 26.085992999815133], [-80.19516699980655, 26.08602500025579], [-80.19519100009596, 26.086050000014094], [-80.19522999955574, 26.086058999958038], [-80.19530300024897, 26.08608700022745], [-80.19543899979308, 26.08616799967246], [-80.1955440002734, 26.086230000375174], [-80.19563499961168, 26.08628399994544], [-80.19596299967473, 26.086413000162647], [-80.19606999980488, 26.086455000033812], [-80.19613199972913, 26.08650100002911], [-80.19615299964553, 26.08650000039773], [-80.19620799989713, 26.08650000039773], [-80.19624700025517, 26.08650300009863], [-80.19644100042395, 26.086538999730934], [-80.19654000015815, 26.086564000186247], [-80.19659299986158, 26.08657700022725], [-80.19664300009029, 26.086590999897407], [-80.19695199988679, 26.086677000370287], [-80.19700799996328, 26.0866930000948], [-80.19704399994829, 26.0867089998171], [-80.19705300016913, 26.08671400038541], [-80.19707699956027, 26.086728999668633], [-80.19710699969748, 26.086752999647306], [-80.19713900038286, 26.086763999602287], [-80.1971779998426, 26.086756000148547], [-80.19721800002556, 26.08675400008334], [-80.19725700038363, 26.086756999777748], [-80.19744700035442, 26.08680400008991], [-80.19754899956337, 26.08682899968179], [-80.19761399986069, 26.086845000192334], [-80.19780899985436, 26.086893000097156], [-80.19787499997659, 26.08691000022685], [-80.19791400033466, 26.08691900010465], [-80.19801899991666, 26.086945999733917], [-80.19803099961221, 26.086949999857783], [-80.19805499990164, 26.086958999732506], [-80.19806900014535, 26.08696600035176], [-80.19809000006175, 26.086977000286705], [-80.19815000033621, 26.087025000137423], [-80.19818899979597, 26.087021000016126], [-80.198268000337, 26.087025000137423], [-80.19846099978253, 26.087074000401717], [-80.19856299988976, 26.087100000368995], [-80.19864800027858, 26.08712099977976], [-80.19866699964685, 26.087126999956496], [-80.19897499961843, 26.087232000175735], [-80.19901899999935, 26.08724700019933], [-80.19907300042603, 26.08727700024083], [-80.1991200002817, 26.08730399978751], [-80.19916799996227, 26.08733700030071], [-80.19918300003089, 26.087346999769842], [-80.19936299995594, 26.087369000373876], [-80.19949799967516, 26.087412000332332], [-80.19960599963018, 26.0874470000617], [-80.19981599969246, 26.08751500024362], [-80.20003300032576, 26.087584999630266], [-80.20045299955201, 26.087705000210235], [-80.20055899985722, 26.087735999755157], [-80.20066599998735, 26.087769000146547], [-80.20074600035329, 26.087792999911944], [-80.20083800041479, 26.08781800009931], [-80.20085000011035, 26.088217000334076], [-80.20082199962297, 26.088259000364545], [-80.20086199980594, 26.08888200012232], [-80.20058300014668, 26.091135999646212], [-80.20063300037539, 26.091367999908663], [-80.20061300028388, 26.091369000305217], [-80.20066699981224, 26.09164800008568], [-80.20074100033041, 26.091646000104106], [-80.20094299999678, 26.091640999746552], [-80.20104400027913, 26.091638000177355], [-80.20117800017343, 26.091634999801286], [-80.20120699958741, 26.091630999837605], [-80.20123599989974, 26.091277999680642], [-80.2024169997324, 26.091571999954073], [-80.20263799966536, 26.091626999873785], [-80.20265799975684, 26.091632000231932], [-80.20273300009991, 26.091652999636146], [-80.20276999990982, 26.091534999861512], [-80.20280400024502, 26.091430000276453], [-80.20281900031364, 26.091379000236557], [-80.20286699999421, 26.09122599998348], [-80.20288299988772, 26.091176000252855], [-80.20290700017719, 26.091091999850562], [-80.20298099979703, 26.09083999989535], [-80.20300599991138, 26.09075699965362], [-80.20306399963769, 26.090554000204264], [-80.20324199991293, 26.089948000162465], [-80.20330200018739, 26.089747000130412], [-80.2033249997536, 26.089665000331266], [-80.20339800044687, 26.089418999782218], [-80.20342199983799, 26.08933800016713], [-80.20345500034828, 26.089225999740428], [-80.20350600040189, 26.08905400005779], [-80.20352300012033, 26.08899899973534], [-80.20356199958007, 26.088874999617694], [-80.20291200020004, 26.088714999610026], [-80.20193200020884, 26.088478000048806], [-80.20193999970644, 26.08845099996621], [-80.20195899997302, 26.088383000328193], [-80.20201099985155, 26.088211000213217], [-80.20201900024746, 26.08818099960439], [-80.20204000016386, 26.088114000233887], [-80.20208100017176, 26.088116000275868], [-80.20211899980657, 26.088127000102684], [-80.20222000008891, 26.088150000177365], [-80.20226500029477, 26.088161000001016], [-80.20261699974895, 26.088241000007578], [-80.2032820000959, 26.088396999782326], [-80.20359500009036, 26.08846999990546], [-80.2038379997646, 26.088526999704687], [-80.20391300010766, 26.088547999666197], [-80.20402699991048, 26.088574000112747], [-80.20487600038045, 26.088747000113138], [-80.20601799985506, 26.089019999612162], [-80.20628300016894, 26.089089000102813], [-80.20654799958447, 26.089153000088942], [-80.20700000039442, 26.089272999867735], [-80.20707400001426, 26.089297999738903], [-80.20757699997951, 26.08942499984112], [-80.20779299988958, 26.089479999963295], [-80.20794299967741, 26.089524000365145], [-80.20832699981696, 26.089610000296023], [-80.20851400031302, 26.089667999951047], [-80.20881700026172, 26.08974900014448], [-80.2088990002775, 26.089767999872972], [-80.20908500005032, 26.08981200016652], [-80.20927300037131, 26.089853000021776], [-80.20950799964965, 26.089905000329146], [-80.21038999973156, 26.09012600016747], [-80.21076300000045, 26.090219999680148], [-80.2114890004468, 26.09040200008396], [-80.21191799989387, 26.090508000188713], [-80.21519299960327, 26.091318999828953], [-80.21538500012223, 26.091367999908663], [-80.2159059996308, 26.09150300012088], [-80.2159530003848, 26.091515000024632], [-80.21625499961027, 26.091601000105644], [-80.21653900019072, 26.091663000350003], [-80.21656199975693, 26.09166700031259], [-80.21663399972695, 26.091679999786656], [-80.2166580000164, 26.09168500014254], [-80.216785000238, 26.091708000324584], [-80.21683700011653, 26.091716999833352], [-80.21688300014729, 26.091728000128462], [-80.21710300025532, 26.091777000036863], [-80.21717699987516, 26.091800999786955], [-80.21797299974338, 26.09201099981042], [-80.21843399987581, 26.092113000123774], [-80.21864899996098, 26.092167999789183], [-80.218869000069, 26.092223999818003], [-80.22025999996396, 26.092581999858577], [-80.22056600028571, 26.092656000176543], [-80.22106800042604, 26.092759999890145], [-80.22156399982028, 26.09288399992434], [-80.22193799991409, 26.09299699965235], [-80.22231700003078, 26.09309499999924], [-80.22235600038884, 26.09310600016475], [-80.22347500029724, 26.09336900022056], [-80.22358099970413, 26.09339400002331], [-80.22369500040526, 26.093424000102267], [-80.22376900002511, 26.093448999893276], [-80.22411100033187, 26.093537999686742], [-80.22461599994693, 26.09365500029119], [-80.22494300018508, 26.093730999876453], [-80.22598900029853, 26.093973999917466], [-80.22606299991838, 26.0939990003977], [-80.22613900008636, 26.09401899980991], [-80.22617800044442, 26.094024999632918], [-80.22661100008946, 26.094130000116014], [-80.22667700021172, 26.094161000378914], [-80.22672900009024, 26.094160000006212], [-80.22674900018173, 26.094167999760526], [-80.2267609998773, 26.09417400038263], [-80.2267829996186, 26.09418600001242], [-80.22697099993957, 26.094319000264033], [-80.22702600019117, 26.094371999764107], [-80.22706600037414, 26.094371000199967], [-80.22714500001685, 26.09437800037575], [-80.22764700015719, 26.09447899986897], [-80.22802399972572, 26.094591999669866], [-80.22809700041898, 26.094620000317576], [-80.22829800026044, 26.094712999885388], [-80.22837400042843, 26.094694000153165], [-80.22853099988893, 26.094674000049594], [-80.22861000042997, 26.094679999839023], [-80.22864899988971, 26.094686999996313], [-80.2289090001807, 26.09477599965468], [-80.22898699999851, 26.094784999734216], [-80.22906499981632, 26.0947990000358], [-80.22932900030528, 26.094865000052103], [-80.22990300041565, 26.095011000249176], [-80.23025400004492, 26.095070000011884], [-80.23064599968208, 26.0951199996918], [-80.2309570000267, 26.09517299963574], [-80.2312659998232, 26.095239000247762], [-80.23173299980341, 26.095314000054604], [-80.23180999979633, 26.095330000211558], [-80.23244599983094, 26.09548800013128], [-80.2332590003159, 26.09569099989362], [-80.23336899992076, 26.09573099974961], [-80.23340400008085, 26.095748999761003], [-80.23345900033245, 26.095786999686357], [-80.23357800015812, 26.095791000314673], [-80.23361699961788, 26.09579599968811], [-80.23613200034241, 26.096428999955833], [-80.23631899994017, 26.096489000162872], [-80.23665000037626, 26.09656099972532], [-80.23681900043067, 26.096597999841773], [-80.23785299995026, 26.096840000031413], [-80.24052000011244, 26.097501999792144], [-80.24331500032113, 26.098149999940986], [-80.24439499987147, 26.098412999950728], [-80.24443400022953, 26.09841699968252], [-80.2450080003399, 26.098551999827453], [-80.24624400042414, 26.098839999992315], [-80.24711700028524, 26.09904399991531], [-80.24715400009518, 26.099055999852258], [-80.24730800008095, 26.09908999980135], [-80.2475370004098, 26.099147999596763], [-80.2494449996154, 26.09958899991015], [-80.2496060001722, 26.099625999875464], [-80.25006999977937, 26.09973300001456], [-80.250092000419, 26.09973800002622], [-80.25025399990238, 26.099778999629603], [-80.25035099998678, 26.09980300015814], [-80.25044800007115, 26.099826000357524], [-80.25061600030065, 26.099868000253927], [-80.25073000010345, 26.099896999962322], [-80.2507839996318, 26.099910000135292], [-80.25286599981298, 26.10042399991998], [-80.25518900001859, 26.100998000179963], [-80.25790800005932, 26.101670999967606], [-80.26070499991785, 26.102353999715593], [-80.2633200002015, 26.102993000155447], [-80.26369000009734, 26.103083000243636], [-80.2647999997849, 26.103354000386663], [-80.26517100040398, 26.103444999683624], [-80.26527400033613, 26.103469999752893], [-80.26530799977301, 26.103477999677125], [-80.2653770002683, 26.103494999816782], [-80.26570299978324, 26.10357499982407], [-80.26572100022489, 26.103579999671474], [-80.26573999959315, 26.1035870001028], [-80.26577499975325, 26.10360400022664], [-80.26584400024855, 26.103649999932443], [-80.26592200006634, 26.103635999883597], [-80.26596200024932, 26.10363400010698], [-80.26600099970906, 26.103637000175258], [-80.26607799970195, 26.103653000000314], [-80.26637999982574, 26.103726999767805], [-80.26684199978311, 26.10384000031439], [-80.26703099992899, 26.103892000050912], [-80.26756700040451, 26.104018999636022], [-80.26797699958502, 26.10412200025267], [-80.26850899986259, 26.104255999979276], [-80.27114000003975, 26.10491599995572], [-80.27126100041359, 26.104946999779905], [-80.27194900032676, 26.10511399970624], [-80.27221799994028, 26.105174000297783], [-80.27259799988185, 26.105273000399837], [-80.27268300027067, 26.105292000026896], [-80.2734459996286, 26.105479000139834], [-80.27672000041143, 26.10630200004173], [-80.27702699965977, 26.10637200028655], [-80.27706299964478, 26.106386000007824], [-80.27717700034592, 26.106417999710125], [-80.27759599974725, 26.106523999821075], [-80.27805500022988, 26.106635000359343], [-80.27877599975503, 26.106824999924246], [-80.27903699987093, 26.106884999637764], [-80.27915999989457, 26.106914000026045], [-80.28159799972791, 26.107534999938604], [-80.28166300002523, 26.107564999617054], [-80.28170200038329, 26.107561999649562], [-80.28175099988877, 26.10756400016567], [-80.28178100002602, 26.107565999875103], [-80.28191800029336, 26.10759900031887], [-80.28201100017976, 26.107620000083095], [-80.28209800021843, 26.107640999843532], [-80.2832589999596, 26.107916000122877], [-80.28434600008094, 26.1081749997446], [-80.28473100004541, 26.108258999978325], [-80.28595700008391, 26.108543999687793], [-80.28602999987885, 26.108572000221805], [-80.28637499966035, 26.108653000230778], [-80.28667799960907, 26.108735999873062], [-80.28674000043165, 26.10874899987001], [-80.28721699955932, 26.108851000106107], [-80.28764599990471, 26.108953999692748], [-80.28777399995123, 26.108986000305528], [-80.28790299982266, 26.109016999857253], [-80.2882009997485, 26.109090000018224], [-80.28989999961503, 26.109506000363762], [-80.29081400038231, 26.10973000018487], [-80.29100699982784, 26.109768999839794], [-80.29104399963778, 26.109782999960917], [-80.2911580003389, 26.10981299986918], [-80.29200000023786, 26.110011000199826], [-80.29321899970536, 26.110316000329995], [-80.2958950000884, 26.11096600010789], [-80.29737399984688, 26.111325999695488], [-80.29757499968834, 26.111375000266143], [-80.2977760004281, 26.11142299978462], [-80.2978469996749, 26.111454999721516], [-80.29788299965992, 26.11147999969135], [-80.29790100010158, 26.1114780000489], [-80.29795499962995, 26.111472999732595], [-80.29797399989651, 26.111475000181784], [-80.29798999979003, 26.111476999824323], [-80.2980359998208, 26.11148699964969], [-80.29805699973718, 26.111489000098636], [-80.29811500036182, 26.11150800032877], [-80.29849899960305, 26.111594999645], [-80.30094999985518, 26.112189000255547], [-80.30113999982598, 26.1122340003988], [-80.3019080001051, 26.112418000051434], [-80.30317000012862, 26.112734000287052], [-80.30572099993984, 26.113357000352593], [-80.31038400006949, 26.11449400036659], [-80.3106109998502, 26.114550000190725], [-80.31072800002607, 26.114568999923314], [-80.3110689996096, 26.11466299995586], [-80.31305799990436, 26.11514499969009], [-80.3130949997143, 26.115158999973968], [-80.31346600033336, 26.11524400022114], [-80.31358299961092, 26.11527000037929], [-80.31364000041064, 26.1152839998416], [-80.31381500031281, 26.11532499963999], [-80.3139330003136, 26.115351999971562], [-80.31405100031436, 26.115379000296862], [-80.3140749997055, 26.115391000170575], [-80.31411400006357, 26.115395000128228], [-80.31457199982297, 26.1155029997391], [-80.31614000016825, 26.115874999696235], [-80.31666300022496, 26.11599999960471], [-80.31824999993852, 26.116376000323804], [-80.31874100020819, 26.11649299985674], [-80.318855000011, 26.116523999837447], [-80.32111899976705, 26.117063000373225], [-80.32189000041923, 26.117247999858364], [-80.32285799981655, 26.11747999994112], [-80.32301099997743, 26.11751599971799], [-80.32459799969098, 26.117897999803898], [-80.32463100020125, 26.117906000354], [-80.32506300002139, 26.118010000196236], [-80.32571900014752, 26.118164000258002], [-80.32733699982317, 26.11854700000296], [-80.32908400026861, 26.118957999765037], [-80.32921499978984, 26.118988999898477], [-80.3295980001045, 26.119083999761745], [-80.33002800027481, 26.119178000195703], [-80.33013600022983, 26.11920199996835], [-80.33020700037497, 26.1192200003995], [-80.33040300019354, 26.119269000080443], [-80.33813000014538, 26.121115999637507], [-80.3390259995727, 26.121330000003315], [-80.33992199989834, 26.1215450001156], [-80.34021899999927, 26.121615000104324], [-80.34089199984382, 26.121805000323175], [-80.34149899956613, 26.121942999677138], [-80.34258900006053, 26.12218499983394], [-80.34260099975609, 26.12219400022339], [-80.34298300024582, 26.12227900019298], [-80.34375700037272, 26.122465999747092], [-80.34399400019917, 26.122521999783938], [-80.34405699994838, 26.12253800025041], [-80.34506299987886, 26.12277899985359], [-80.34513400002398, 26.122795999606033], [-80.34540900038358, 26.122861999949883], [-80.34566600030153, 26.122923999750125], [-80.34620799972652, 26.123052999879548], [-80.34625299993237, 26.123063999646405], [-80.34625299993237, 26.122766999931965], [-80.34625499958219, 26.12270100034099], [-80.34625700013034, 26.1225320002774], [-80.34625999960505, 26.12217100039178], [-80.34625999960505, 26.122146000289153], [-80.34626800000099, 26.121315999652165], [-80.3462689998259, 26.12116600027819], [-80.34627200019894, 26.120850000257107], [-80.34627200019894, 26.12080099962597], [-80.34627300002386, 26.120750000297043], [-80.34627399984878, 26.120572000124117], [-80.34628300006959, 26.11959199981707], [-80.34628600044265, 26.11925199981485], [-80.34629099956719, 26.11881299978636], [-80.34629099956719, 26.118563000207164], [-80.34630499981091, 26.117434000030872], [-80.34630900000887, 26.116931000356622], [-80.34631400003174, 26.116827000360754], [-80.34632099970442, 26.11672300027234], [-80.34645399977383, 26.11672099991297], [-80.3468399995632, 26.116726000004743], [-80.34731499993934, 26.11671499964125], [-80.34763700015463, 26.11671199990857], [-80.34863999971206, 26.116714000268097], [-80.34897000032328, 26.116717000000712], [-80.34930500005902, 26.116709000175813], [-80.34946300024276, 26.11671199990857], [-80.34963300012208, 26.116710999728777], [-80.35029799957073, 26.116710999728777], [-80.3503179996622, 26.116710000355596], [-80.35031699983729, 26.1160390003941], [-80.3503179996622, 26.115400999661116], [-80.35031699983729, 26.114941999821728], [-80.35031600001238, 26.114919000176002], [-80.34963800014495, 26.114920000371125], [-80.34931400027985, 26.114916999785752], [-80.34840399971051, 26.114910000032815], [-80.34823700020425, 26.114912999811754], [-80.34781500042986, 26.114912999811754], [-80.34635800041268, 26.114911999616588], [-80.34635800041268, 26.11487199986884], [-80.3463609998874, 26.11430300015957], [-80.3463609998874, 26.114216999833555], [-80.34636300043553, 26.11393699964678], [-80.34636300043553, 26.11377800025038], [-80.34636400026045, 26.113302000165792], [-80.34636500008536, 26.11314400011593], [-80.34634099979593, 26.11294500004021], [-80.34634099979593, 26.11282800018207], [-80.3463469996437, 26.111383999874896], [-80.34635199966655, 26.109478000053446], [-80.34634800036692, 26.10917700032731], [-80.34633699959797, 26.108276999674857], [-80.34633400012322, 26.107977000337694], [-80.34633900014609, 26.107614000150857], [-80.34635400021472, 26.10652699981521], [-80.34636000006249, 26.106165000236487], [-80.34635500003962, 26.1058689997971], [-80.34634199962082, 26.104980999629674], [-80.34633800032117, 26.104685999702372], [-80.34633900014609, 26.104209999705134], [-80.34634199962082, 26.10278399997923], [-80.34634400016895, 26.102308999802997], [-80.34686800005062, 26.102308999802997], [-80.3475640003597, 26.102310000106005], [-80.34785399988961, 26.10230700000368], [-80.34929099981532, 26.1022950004003], [-80.3508109995817, 26.102287999891626], [-80.35179800014394, 26.10228400029222], [-80.35422699975643, 26.102287999891626], [-80.35453499972799, 26.102287999891626], [-80.35544299974919, 26.102289999691283], [-80.35975500024955, 26.102298999999338], [-80.35991400025823, 26.102300000302435], [-80.36039100028418, 26.102305999700647], [-80.36055000029283, 26.102308000306678], [-80.36088599985351, 26.102308999802997], [-80.36189400033214, 26.102313999704506], [-80.36211600009, 26.102315000007454], [-80.3622299998928, 26.102316000310424], [-80.36224800033446, 26.102316000310424], [-80.36230299968774, 26.102316000310424], [-80.3623219999543, 26.102316999806654], [-80.36237200018303, 26.102316999806654], [-80.36246900026741, 26.102316999806654], [-80.36252199997084, 26.102316999806654], [-80.36257300002447, 26.102318000109598], [-80.36268500017746, 26.102316000310424], [-80.36265599986517, 26.09787399974878], [-80.3626459998194, 26.096298999939467], [-80.36268799965221, 26.096281000012716], [-80.36269000020033, 26.09518100012751], [-80.36269600004813, 26.091375999853874], [-80.36269900042117, 26.090009999669164], [-80.36270199989592, 26.087837000141345], [-80.36270299972081, 26.08773799980361], [-80.36270299972081, 26.087641999860598], [-80.36270299972081, 26.087414000386318], [-80.36270400044405, 26.086568999953933], [-80.36270500026896, 26.0861349996364], [-80.36270799974369, 26.084184000183413], [-80.3627089995686, 26.083503000165084], [-80.36271000029183, 26.082686000009264], [-80.3627150003147, 26.079594999838513], [-80.36271899961436, 26.07691899987051], [-80.36273899970583, 26.076587999925295], [-80.36269799969796, 26.076359000178556], [-80.36269100002526, 26.076254999606558], [-80.36267199975867, 26.075918999982317], [-80.3626519996672, 26.075410000107592], [-80.36265000001735, 26.075247000261736], [-80.3626459998194, 26.07491100016536], [-80.36262999992589, 26.074267999912777], [-80.36262900010097, 26.07421200016785], [-80.36261599968219, 26.073397999756352], [-80.36260999983439, 26.073169000225544], [-80.36258999974291, 26.072331999874717], [-80.36258999974291, 26.07231400029603], [-80.36258600044326, 26.072116999660448], [-80.36257600039752, 26.071418999688962], [-80.36256800000162, 26.070801000220747], [-80.36255200010808, 26.0695749997499], [-80.36254399971216, 26.068950000151307], [-80.36253600021456, 26.06833300035133], [-80.36252799981864, 26.0679260001897], [-80.36250600007732, 26.066705000095194], [-80.36249900040463, 26.066298999728804], [-80.36245699967351, 26.065688000150153], [-80.36242599971138, 26.065218000167683], [-80.36237200018303, 26.063853000395024], [-80.36235100026663, 26.063324999738963], [-80.36234799989357, 26.06324200016216], [-80.36234500041886, 26.063167999809284], [-80.36233700002293, 26.062962999656328], [-80.36233600019801, 26.062949000388603], [-80.36233399964988, 26.06287599968373], [-80.36208599995275, 26.062888000101193], [-80.36196999960181, 26.062894999738905], [-80.36134199996309, 26.06289399990597], [-80.36110699978646, 26.06289399990597], [-80.36109400026596, 26.062894999738905], [-80.360609999669, 26.062869000044888], [-80.36048199962248, 26.06286199959864], [-80.36012500014542, 26.062844000178448], [-80.35867399997599, 26.062767999906146], [-80.35812300033018, 26.062772999883112], [-80.35812099978203, 26.062734999730093], [-80.35811699958408, 26.06255899971007], [-80.3581119995612, 26.06234800027292], [-80.35810200041378, 26.061968000037382], [-80.35809200036805, 26.06164299966499], [-80.35807300010146, 26.060932999601178], [-80.35805300000997, 26.060169999640436], [-80.35803200009359, 26.05939899984378], [-80.35793900020717, 26.056365000050327], [-80.3578999998491, 26.055090000299934], [-80.357864999689, 26.054068000056688], [-80.35785800001631, 26.05382500030773], [-80.357836000275, 26.053170999825554], [-80.35774000001553, 26.050110000149854], [-80.35772099974896, 26.04950499976507], [-80.35769399998479, 26.048665999910448], [-80.35769200033496, 26.048617999670814], [-80.36044700036068, 26.048618999625553], [-80.36103700036456, 26.04860900007766], [-80.36117899975648, 26.048606000213116], [-80.36160499972881, 26.04860099963164], [-80.36174799984396, 26.04859899972182], [-80.361743999646, 26.048527999672864], [-80.36173299977533, 26.04831500007502], [-80.36173000030061, 26.048244999812006], [-80.36172199990469, 26.04805099974082], [-80.36169900033848, 26.047469999986696], [-80.36169199976746, 26.047277000213292], [-80.36180899994332, 26.047274000314662], [-80.36177499960813, 26.046741000158733], [-80.36165099975959, 26.044790999784023], [-80.36160999975169, 26.04414199970837], [-80.36159999970596, 26.043762000162854], [-80.36157100029195, 26.042624999804225], [-80.36156200007112, 26.042246000193945], [-80.36155799987316, 26.042057999945502], [-80.3615460001776, 26.04149699985937], [-80.36154299980454, 26.041310000041346], [-80.36153799978166, 26.04097200023513], [-80.36152699991102, 26.04011000002949], [-80.3615260000861, 26.039957999813588], [-80.36152199988814, 26.039621000177448], [-80.36151799969018, 26.03950299963047], [-80.36160999975169, 26.039504999695453], [-80.361603000079, 26.039232000195693], [-80.36163200039132, 26.038956999986087], [-80.36161200029983, 26.038227999691053], [-80.3615749995916, 26.038228999734425], [-80.36155799987316, 26.037615999800664], [-80.36158700018547, 26.037339999786404], [-80.3615810003377, 26.037102000334656], [-80.36157799996464, 26.03694700009283], [-80.36163400004114, 26.036883999883912], [-80.3616809998968, 26.036830000139172], [-80.36205699964043, 26.03683499960837], [-80.36261099965931, 26.03683499960837], [-80.36310699995187, 26.03683499960837], [-80.36338200031147, 26.036831000194468], [-80.36338700033434, 26.03720900030395], [-80.36345199973336, 26.039521000214073], [-80.36347000017503, 26.040123000383968], [-80.36357599958191, 26.043301000212047], [-80.363574999757, 26.04335500020548], [-80.36357200028228, 26.043496000071045], [-80.36358099960479, 26.04363899976153], [-80.36357599958191, 26.044123999834145], [-80.36362599981062, 26.044123999834145], [-80.3640180003461, 26.04412499982724], [-80.36414800004245, 26.044125999820313], [-80.36519699963064, 26.04412299984106], [-80.36558999999102, 26.044121999847953], [-80.36557200044768, 26.04352400002417], [-80.36551200017321, 26.0413339996419], [-80.36950499993303, 26.041335999675645]]], [[[-80.29237900035454, 26.063175000237237], [-80.29230999985926, 26.060461000201073], [-80.29230800020943, 26.06039500015393], [-80.29218500018578, 26.060397999716706], [-80.29181899958958, 26.060411000242134], [-80.29169700028915, 26.060414999658605], [-80.29106100025453, 26.060431999598013], [-80.28915300015062, 26.060484000062033], [-80.28883299958517, 26.060493000357262], [-80.28874800009467, 26.060495000064112], [-80.28869500039121, 26.060496999770937], [-80.28860199960647, 26.060521000285036], [-80.28855399992591, 26.060554000277747], [-80.2884479996207, 26.060557999689337], [-80.28838300022169, 26.060561000054907], [-80.28838300022169, 26.060573999755263], [-80.28838400004659, 26.060603000323155], [-80.28838499987151, 26.060650999689003], [-80.2883859996964, 26.06071300018576], [-80.28843199972718, 26.063247000118874], [-80.28844699979578, 26.063376999725826], [-80.2884950003747, 26.06376799992744], [-80.28850500042043, 26.063850000113764], [-80.28860199960647, 26.063845000182763], [-80.28857800021535, 26.06343299981], [-80.28857300019247, 26.063241000332187], [-80.2885670003447, 26.062909999652888], [-80.2900810002633, 26.062878999989966], [-80.29040599995332, 26.062873000184403], [-80.29040900032635, 26.062912999958233], [-80.29041199980111, 26.06303999963381], [-80.290412999626, 26.06307500019375], [-80.29043199989258, 26.063654000399698], [-80.29043199989258, 26.06367599980754], [-80.29043899956528, 26.063836000145056], [-80.29044299976324, 26.063985999607333], [-80.29046500040286, 26.063982000312766], [-80.29074300023721, 26.063982000312766], [-80.29146200011252, 26.063975999756753], [-80.29145600026473, 26.063818999892618], [-80.29145200006677, 26.063711000177424], [-80.29143600017325, 26.063320999614856], [-80.2914329998002, 26.06322200033309], [-80.2914329998002, 26.063191999776187], [-80.29237900035454, 26.063175000237237]]], [[[-80.29638999965772, 26.06288099965609], [-80.29638700018297, 26.06278699997884], [-80.29632299971055, 26.060306000178223], [-80.29583900001188, 26.060325999698076], [-80.29556600020041, 26.060336999714988], [-80.29434600000968, 26.06038400014245], [-80.29436399955303, 26.06095199997147], [-80.29437299977386, 26.061247000398765], [-80.2944189998046, 26.062792999788794], [-80.29442399982749, 26.06287400001753], [-80.2954609997201, 26.062854999958944], [-80.29545800024538, 26.06290600032159], [-80.29638999965772, 26.06288099965609]]], [[[-80.3015569995775, 26.05864500001428], [-80.3016980000428, 26.05861300016037], [-80.30154099968395, 26.054012000338556], [-80.30154099968395, 26.05399899991019], [-80.30151599956962, 26.054000999727872], [-80.30118599985673, 26.0540109996228], [-80.30081199976291, 26.0540109996228], [-80.3008240003568, 26.05446400018207], [-80.30012499967465, 26.05447799965658], [-80.30011299997909, 26.054013000247306], [-80.30002099991758, 26.054013000247306], [-80.29972800001462, 26.05402100032391], [-80.29932399978358, 26.05400699998775], [-80.29899099969765, 26.0540109996228], [-80.2980519997143, 26.0540109996228], [-80.29770699993283, 26.0540109996228], [-80.29756899984056, 26.0540109996228], [-80.2975300003808, 26.0540109996228], [-80.29751100011423, 26.053917000092603], [-80.29749400039579, 26.053837999948392], [-80.297516999962, 26.05372700017671], [-80.29756299999276, 26.053490000007027], [-80.2975579999699, 26.053165000329916], [-80.29755399977195, 26.052808999845496], [-80.29750500026645, 26.051276000197248], [-80.29748500017497, 26.050647000071113], [-80.29748199980192, 26.050564000391308], [-80.29747500012921, 26.05031600013246], [-80.29747299958107, 26.050234000159236], [-80.29747199975617, 26.050197999857627], [-80.29746900028144, 26.05009300032707], [-80.29746799955822, 26.05005799992459], [-80.2974659999084, 26.04998899983847], [-80.29746000006062, 26.049783000088166], [-80.2974590002357, 26.049714999785554], [-80.29745500003774, 26.049605000090747], [-80.29745000001486, 26.049425999875158], [-80.2973529999305, 26.049434000264874], [-80.29606400014278, 26.04946300036146], [-80.29606199959466, 26.04940899995318], [-80.296058000295, 26.04928100008174], [-80.29605599974687, 26.049198000241738], [-80.29605400009704, 26.049127999698936], [-80.29605099972399, 26.049058999872397], [-80.29604300022639, 26.048855000007336], [-80.29604099967825, 26.04878699997342], [-80.29602099958676, 26.048135000351884], [-80.29577399971456, 26.048128999791384], [-80.2939600002203, 26.04818399994072], [-80.29393599993085, 26.04818399994072], [-80.2939040001438, 26.047177000322815], [-80.2938339998236, 26.047179000256897], [-80.2938339998236, 26.047138999954676], [-80.29383499964851, 26.047004000246307], [-80.29383600037174, 26.046830999914466], [-80.2938320001738, 26.046728999701816], [-80.29382899980072, 26.046638999867778], [-80.29382200012805, 26.046369999924984], [-80.2938199995799, 26.046280999790028], [-80.29381899975499, 26.046229000287465], [-80.29381899975499, 26.046073000027278], [-80.29381899975499, 26.046021999602296], [-80.29381799993007, 26.045955000323737], [-80.29381799993007, 26.045753999837103], [-80.29381799993007, 26.04568800038516], [-80.29382200012805, 26.045394000320652], [-80.29383600037174, 26.044510999749278], [-80.29384100039462, 26.04421799995393], [-80.29361799991354, 26.044224999899733], [-80.29329700042149, 26.04423599981371], [-80.2932560004136, 26.044236999805854], [-80.29327700033, 26.04487900025639], [-80.29327599960678, 26.04491699974292], [-80.2927989995808, 26.044914999770263], [-80.2927979997559, 26.044254999662723], [-80.29272999998383, 26.04425699964665], [-80.29256900032534, 26.044260999614387], [-80.2922429999121, 26.04427000034841], [-80.29208700027651, 26.044274000315728], [-80.29192700044293, 26.044279000274667], [-80.29179000017558, 26.044282000249922], [-80.29138000009674, 26.044294000150213], [-80.29141699990667, 26.04562999993119], [-80.29142000027971, 26.045680999719607], [-80.29142100010463, 26.045710999917134], [-80.29130099955573, 26.04571199989668], [-80.29115900016382, 26.045712999876216], [-80.29103699996507, 26.045720999712245], [-80.29103500031526, 26.04568599961855], [-80.29102899956916, 26.045382999708238], [-80.29100699982784, 26.044853999780393], [-80.2905170002814, 26.044830000093224], [-80.29049999966465, 26.04432499988692], [-80.29046100020489, 26.0443259998783], [-80.29035499989969, 26.044327999861007], [-80.29003799970728, 26.04433499980025], [-80.28993300012529, 26.044337999774076], [-80.28984400043684, 26.04433999975659], [-80.28960800043528, 26.04434599970392], [-80.28957699957483, 26.044346999695108], [-80.2894889997113, 26.044349999668633], [-80.28915399997553, 26.04436000038693], [-80.28815300006792, 26.044390000115378], [-80.28781900015707, 26.044401000013885], [-80.2878209998069, 26.044510999749278], [-80.28782800037789, 26.044792999758815], [-80.28949399973415, 26.0447450003546], [-80.28963799967421, 26.04475200026893], [-80.2896450002452, 26.044947000135927], [-80.2896650003367, 26.045436000375027], [-80.28968100023022, 26.045774000226217], [-80.28897300022557, 26.045780000100162], [-80.28874800009467, 26.04577900012119], [-80.28829500035813, 26.045777000163227], [-80.28807500025012, 26.045764999607638], [-80.28804500011289, 26.045763999628537], [-80.28798700038656, 26.04575799975378], [-80.28792000043941, 26.04574999992028], [-80.28785199976903, 26.04574300006554], [-80.28785500014209, 26.0458580000476], [-80.2878640003629, 26.046205000074707], [-80.28786699983766, 26.046321000385003], [-80.28786799966255, 26.046423000145552], [-80.28787400040866, 26.046728999701816], [-80.28787600005849, 26.046830999914466], [-80.28788199990626, 26.04703500007351], [-80.28790299982266, 26.047648999960867], [-80.28791100021859, 26.047854000271858], [-80.28791100021859, 26.047882999952286], [-80.2879139996933, 26.047969999757537], [-80.28791500041655, 26.048000000176355], [-80.28791600024147, 26.048056000345756], [-80.28792100026432, 26.04822599980258], [-80.28792299991414, 26.04828299982162], [-80.28792499956397, 26.048365000352614], [-80.28819200042597, 26.048373000007672], [-80.28848399960572, 26.04838300038275], [-80.2887780002319, 26.04839299994993], [-80.28998900020179, 26.04838800016645], [-80.2910389996149, 26.048320999818923], [-80.29111099958493, 26.048320999818923], [-80.29195400020711, 26.048286999652], [-80.29211200039086, 26.053272000166693], [-80.28868500034548, 26.053367000128482], [-80.28812600030373, 26.0533830003693], [-80.28805500015862, 26.053388999853794], [-80.28805900035658, 26.053544000149156], [-80.2880600001815, 26.053591000073236], [-80.28806600002927, 26.053791000123326], [-80.2880679996791, 26.053872000119142], [-80.2880740004252, 26.05411499977065], [-80.28807699989994, 26.05419700025671], [-80.28807799972485, 26.054232000230208], [-80.28808100009789, 26.054337000087905], [-80.2880819999228, 26.054372999925214], [-80.28808600012076, 26.054558999984614], [-80.28810000036447, 26.055118999804083], [-80.28810500038733, 26.055306000191173], [-80.28810700003714, 26.05541899987477], [-80.28819099970275, 26.05540999999682], [-80.28826299967277, 26.055404999705626], [-80.29217400031513, 26.05528799961018], [-80.29219000020866, 26.055790999605986], [-80.29220600010218, 26.05629399986374], [-80.29224000043739, 26.05728700029436], [-80.29204500044371, 26.057307000329565], [-80.2904050001284, 26.057356999999072], [-80.28901599988326, 26.057398999801865], [-80.28829199998508, 26.05742100038425], [-80.28815700026587, 26.05742100038425], [-80.2881599997406, 26.057636000136], [-80.28816200028875, 26.057774000140373], [-80.28816200028875, 26.057806000223447], [-80.28816300011367, 26.057903000295752], [-80.28816399993856, 26.057936000218824], [-80.28816700031162, 26.058060999892177], [-80.28817599963413, 26.058438000275004], [-80.2881799998321, 26.05856400008967], [-80.288180999657, 26.05863800012266], [-80.2881870004031, 26.058859999941113], [-80.28818999987784, 26.058934999653886], [-80.28818999987784, 26.05898500024268], [-80.28818999987784, 26.059135000267162], [-80.28819099970275, 26.05918599982822], [-80.28819099970275, 26.059328999744995], [-80.28819200042597, 26.059555000121016], [-80.2881940000758, 26.059760999641224], [-80.2881949999007, 26.059856999850158], [-80.28819599972562, 26.05990500032864], [-80.28819599972562, 26.059952000122408], [-80.28819599972562, 26.059975999941134], [-80.28819599972562, 26.0600420002243], [-80.28819800027377, 26.060245000128617], [-80.2882009997485, 26.060394000299645], [-80.2882019995734, 26.06044500011969], [-80.28833700019092, 26.060441999751152], [-80.28836899997798, 26.060441999751152], [-80.28838200039677, 26.060445999973528], [-80.28838099967355, 26.060434999966844], [-80.28844699979578, 26.060439000189497], [-80.28846000021457, 26.060439000189497], [-80.28873899987383, 26.06043099974406], [-80.28993899997307, 26.060392999638392], [-80.29002199981376, 26.060388000366846], [-80.29032999978534, 26.060383000288077], [-80.29069700020645, 26.060379000063552], [-80.29124600020245, 26.060364999680036], [-80.29169800011407, 26.060341999795703], [-80.2923059996613, 26.06031800005195], [-80.29330599974399, 26.060300000240893], [-80.29330400009417, 26.060238000332554], [-80.29324200016991, 26.05827799982829], [-80.29421299994029, 26.05824699974672], [-80.29424899992529, 26.059075000280398], [-80.29427200038984, 26.059378000302754], [-80.29430099980384, 26.060212999904696], [-80.2943059998267, 26.060270999598014], [-80.29437699997182, 26.060266000321253], [-80.29457100014058, 26.060257000008594], [-80.29462700021708, 26.060253999635197], [-80.29487900011216, 26.060251000068746], [-80.29556600020041, 26.06022700030634], [-80.29583300016411, 26.06021799999068], [-80.29641300012224, 26.060197999645396], [-80.29656299991007, 26.060201999876103], [-80.2966349998801, 26.060199000308316], [-80.2968399999195, 26.060191999702518], [-80.29688500012536, 26.060182000335093], [-80.29696700014112, 26.06017899995979], [-80.29766500010003, 26.06015699989525], [-80.29769900043522, 26.060156000038944], [-80.2976929996891, 26.059970999844797], [-80.29771000030586, 26.059925999775217], [-80.29770600010791, 26.0598169998399], [-80.29770500028299, 26.05976499988684], [-80.29770299973487, 26.05969900025462], [-80.29770199990995, 26.059682000208845], [-80.29769900043522, 26.059565000348975], [-80.29769600006216, 26.05943300001504], [-80.29769400041233, 26.059350000101823], [-80.29778800012367, 26.059351999828188], [-80.29776899985708, 26.058664999817687], [-80.29776800003219, 26.058610999614388], [-80.29776300000931, 26.058476000207765], [-80.29872200008413, 26.058607000136337], [-80.29891299987985, 26.058638999991903], [-80.3015569995775, 26.05864500001428]]]]}}, {"type": "Feature", "properties": {"name": "Deerfield Beach", "geoid": "1216725", "county": "broward"}, "geometry": {"type": "Polygon", "coordinates": [[[-80.16978499994411, 26.32781000029954], [-80.16977400007346, 26.326776999683098], [-80.16973200024066, 26.323914999972825], [-80.16969399970752, 26.321217999602847], [-80.1696719999662, 26.31963199990929], [-80.16962000008766, 26.317788000328306], [-80.16960300036924, 26.317613999670492], [-80.16946399955374, 26.31415799992931], [-80.16927299975804, 26.309917999869672], [-80.16926600008534, 26.30976700010323], [-80.16919099974228, 26.308036999670957], [-80.16911100027464, 26.305747999722946], [-80.16909899968077, 26.3055350001706], [-80.16909399965789, 26.305331000152975], [-80.16909200000808, 26.3053049997381], [-80.16908500033537, 26.30516800039796], [-80.16901199964212, 26.30296199994793], [-80.16897999985507, 26.301807999906178], [-80.16874100037879, 26.301809000107294], [-80.16868799977702, 26.299801000087026], [-80.1686579996398, 26.29853800000664], [-80.16861599980702, 26.297056000196285], [-80.16859300024079, 26.296211000316244], [-80.16860099973839, 26.294340999661074], [-80.16861699963191, 26.292517999795606], [-80.16862699967766, 26.29109999983145], [-80.1686369997234, 26.289081000198795], [-80.16767699982366, 26.289068000183427], [-80.16528199964804, 26.289009000343135], [-80.16477000036029, 26.289016000107345], [-80.16458299986422, 26.289017999924827], [-80.1619130002273, 26.28905899980021], [-80.15948500043972, 26.28909700033963], [-80.15720400006691, 26.28913199993529], [-80.15607000008991, 26.28914800006909], [-80.15492400041734, 26.289166000015612], [-80.15413000019895, 26.28917799970996], [-80.15364999979992, 26.28918500026938], [-80.1533650002929, 26.289188999898496], [-80.15326499983544, 26.28919099971301], [-80.15305999979604, 26.289190000208464], [-80.15300700009259, 26.289188999898496], [-80.15279000035763, 26.28918599977397], [-80.15271699966438, 26.289180000330074], [-80.15255699983081, 26.289154999824916], [-80.15255500018098, 26.289039000019944], [-80.15255299963285, 26.288957000240607], [-80.15254799960996, 26.288534000398993], [-80.15248999988366, 26.284449000319814], [-80.15236199983713, 26.279904000074254], [-80.15232699967703, 26.278001000183917], [-80.15229800026302, 26.276459999960462], [-80.15229499988999, 26.276279000371083], [-80.15239199997437, 26.276279999986862], [-80.154266999568, 26.276258999998625], [-80.15617100037224, 26.27623399993093], [-80.15616700017428, 26.276052999989094], [-80.15615600030362, 26.27555799966772], [-80.15615299993058, 26.275471000301135], [-80.1563029997184, 26.275476000025755], [-80.1581670003397, 26.27544899973805], [-80.15816200031682, 26.274469000228397], [-80.15812600033182, 26.274469000228397], [-80.15771500042808, 26.274473000364843], [-80.15648099999365, 26.274487999667116], [-80.1560709999148, 26.27449399987077], [-80.15569299962304, 26.274498000006353], [-80.15456000036926, 26.27451100004339], [-80.1541829999024, 26.27451599980937], [-80.15380499961061, 26.27451999994423], [-80.15267099963363, 26.27453299997876], [-80.15229400006506, 26.274537999743824], [-80.1522480000343, 26.274537999743824], [-80.15221600024725, 26.274537999743824], [-80.15210900011714, 26.274539999810866], [-80.1520639999113, 26.27454100024715], [-80.15070700035153, 26.27457099963766], [-80.1467970004324, 26.27465799967897], [-80.14663800042374, 26.274661999808906], [-80.14556700019592, 26.274696000102427], [-80.14542099970774, 26.27470200029533], [-80.14528299961549, 26.274707000053084], [-80.14487099988682, 26.274722000130634], [-80.14363800017563, 26.274768999609158], [-80.1432280000968, 26.274785000112843], [-80.14304200032396, 26.274791000301143], [-80.14248699958186, 26.27481100012111], [-80.14230199963394, 26.274817999936438], [-80.14100100015067, 26.274850999750672], [-80.13971200036296, 26.274884000361023], [-80.13805299978108, 26.274921000277523], [-80.13709899972913, 26.27493099977398], [-80.13579900007076, 26.274945999822545], [-80.13565799960546, 26.274947000255324], [-80.13553499958181, 26.274947999882578], [-80.13474499956139, 26.274956000122323], [-80.13448199979567, 26.274958999809353], [-80.13442999991713, 26.274958999809353], [-80.13431399956617, 26.27496099986916], [-80.13427400028151, 26.27496099986916], [-80.13422300022789, 26.27496200030182], [-80.1335679999267, 26.274971999794737], [-80.13306599978635, 26.274978999600368], [-80.13208099977226, 26.274995000075087], [-80.1315629997384, 26.27499399964273], [-80.13129099975184, 26.27499399964273], [-80.1310630001462, 26.27498600021109], [-80.13034799957055, 26.274997999761112], [-80.12906700017876, 26.274964000361543], [-80.12731499971046, 26.274945000195267], [-80.12696300025628, 26.274949999942546], [-80.12569700003478, 26.27499300001587], [-80.12554999972168, 26.274999999820228], [-80.12545199981241, 26.275005999997447], [-80.12520599976511, 26.275018000350894], [-80.12510799985581, 26.27502199966293], [-80.12508399956637, 26.27502399972166], [-80.12496200026594, 26.275031000329633], [-80.12488400044815, 26.27503499964124], [-80.12465099992133, 26.27504699999172], [-80.12457399992842, 26.27505199973461], [-80.12338499969984, 26.275079000114705], [-80.1219310000557, 26.275130000367977], [-80.12190099991847, 26.275130999993653], [-80.12187699962902, 26.275130999993653], [-80.1215440004414, 26.275137000164104], [-80.12054500018361, 26.275154999868015], [-80.12021200009767, 26.27516100003718], [-80.1200589999368, 26.27516100003718], [-80.11959899962926, 26.275161999662593], [-80.11944700019161, 26.275163000093485], [-80.11888200030208, 26.275171000318444], [-80.1177009995711, 26.275186999961218], [-80.11737199968313, 26.275191000072923], [-80.11719000010827, 26.275193999753874], [-80.11700599998522, 26.275195999809643], [-80.11662600004364, 26.275202999601753], [-80.11605500030635, 26.27521200025441], [-80.1143420001961, 26.275240999846766], [-80.1139339997671, 26.275247999636164], [-80.11377200028372, 26.275264000073808], [-80.11374499962122, 26.275264000073808], [-80.11366500015359, 26.275264000073808], [-80.11365400028292, 26.275264000073808], [-80.1136390002143, 26.27526499969834], [-80.11361300027505, 26.27526499969834], [-80.11353399973402, 26.27526499969834], [-80.11350899961965, 26.27526600012837], [-80.11347400035787, 26.27538499968729], [-80.11336999970248, 26.27574200004837], [-80.11333600026562, 26.275862000349587], [-80.1131460002948, 26.276464000028277], [-80.11297999971514, 26.27699300013324], [-80.11268099996441, 26.278055000371054], [-80.1126170003903, 26.27828199967461], [-80.11244699961267, 26.27888999966329], [-80.11179800005756, 26.281112000189513], [-80.11167099983595, 26.281549000139865], [-80.11075799979189, 26.28473799986853], [-80.11001499962713, 26.287449000012565], [-80.10991300041819, 26.287796999822802], [-80.10926499978969, 26.290019999995987], [-80.10905800010045, 26.290755000350778], [-80.10846600044674, 26.292868999727975], [-80.10843899978425, 26.29296100032156], [-80.10822700007215, 26.29369500028963], [-80.10819399956186, 26.293689000273602], [-80.10809800020071, 26.29367299996093], [-80.10806600041366, 26.29366800021509], [-80.10771099968811, 26.293659999654885], [-80.10664799985621, 26.293636000387092], [-80.10629399985388, 26.293629000096374], [-80.10629399985388, 26.293660999926292], [-80.10629399985388, 26.293757000168508], [-80.10629399985388, 26.293788999963105], [-80.10629399985388, 26.293832999766963], [-80.10629499967878, 26.294392999765666], [-80.1063089999225, 26.29447300000493], [-80.10632700036416, 26.29452999975916], [-80.10635099975529, 26.294565000131296], [-80.10637699969456, 26.294603999935223], [-80.10643699996902, 26.294715000110784], [-80.10645399968746, 26.29481499972086], [-80.10646899975607, 26.295733000116932], [-80.10645299986254, 26.2959430000125], [-80.10641600005262, 26.296098999711727], [-80.10635400012833, 26.296241999989878], [-80.10611599957865, 26.296695000016467], [-80.10600199977583, 26.29690899994865], [-80.10596099976796, 26.297010000325105], [-80.10592700033108, 26.297126999646505], [-80.10590999971433, 26.297220000323875], [-80.1059010003918, 26.297395999868797], [-80.10589899984366, 26.2974350003312], [-80.10589800001877, 26.297458999618062], [-80.10571800009372, 26.297452000363467], [-80.10520599990764, 26.297454000035497], [-80.1050340003785, 26.29745500027417], [-80.10487100017187, 26.297455999707488], [-80.10438400010014, 26.29746299976717], [-80.10422199971845, 26.297465000244337], [-80.1040700002808, 26.297465000244337], [-80.10361499999613, 26.297465000244337], [-80.1034640003834, 26.29746599967759], [-80.10300999992364, 26.297479000362227], [-80.1016490001659, 26.297516999753274], [-80.10119600042938, 26.29753099986485], [-80.10103999989545, 26.297533999773517], [-80.10057299991523, 26.297544999974775], [-80.10041899992943, 26.297549000120906], [-80.10026499994365, 26.297553000266923], [-80.0998039998112, 26.297567000374176], [-80.09965099965031, 26.297573000189537], [-80.09887099967564, 26.29758899996406], [-80.09811699964023, 26.29759300010869], [-80.09736900035092, 26.297624999650015], [-80.09672900011833, 26.29763100026769], [-80.09484600012877, 26.297647000034235], [-80.09481400034174, 26.297647000034235], [-80.09417699958387, 26.297666999940603], [-80.0940030004049, 26.297658000224768], [-80.09392899988674, 26.29766999984572], [-80.09316999982846, 26.297791999680037], [-80.09291700010849, 26.297833999910132], [-80.09288899962107, 26.297831000009264], [-80.09281800037428, 26.29782500020725], [-80.09280599978041, 26.29782500020725], [-80.09277900001622, 26.29782599963739], [-80.09267500025913, 26.297826999872854], [-80.09236599956434, 26.297832000244693], [-80.09226299963217, 26.297833999910132], [-80.09225799960932, 26.2976880000802], [-80.09224699973866, 26.297303000137976], [-80.09224300043901, 26.297250999727705], [-80.09224199971577, 26.297237999822855], [-80.09229699996737, 26.297237999822855], [-80.09329799987498, 26.29720300025759], [-80.09329600022517, 26.297086000207496], [-80.09316200033086, 26.293984000156566], [-80.09292899980404, 26.293990000157343], [-80.09279499990974, 26.29399399962076], [-80.09265900036561, 26.293996000157787], [-80.09225099993661, 26.29400399988943], [-80.09211600021742, 26.29400699988934], [-80.09149100005342, 26.294029999617518], [-80.09134000044068, 26.29403299961673], [-80.09088699980583, 26.29404199961394], [-80.0907360001931, 26.294044999612872], [-80.09035600025149, 26.294069999869258], [-80.08906400009074, 26.294102000382868], [-80.0890759997863, 26.294465000305614], [-80.0890880003802, 26.294817000243725], [-80.08917200004579, 26.29733199984553], [-80.0891879999393, 26.297760999615477], [-80.08712900022266, 26.29780699999408], [-80.0862580000114, 26.297823999971797], [-80.08432700034128, 26.297864999955177], [-80.08422299968589, 26.297862000055098], [-80.08292200020261, 26.297903000025045], [-80.08292300002752, 26.297756000045926], [-80.0829210003777, 26.297698000030305], [-80.08291700017973, 26.29752600028539], [-80.08291600035483, 26.297469000393242], [-80.0828860002176, 26.297398999780924], [-80.08286699995102, 26.297259000040146], [-80.08273600042976, 26.297154999962217], [-80.08270799994237, 26.297134999967508], [-80.0825909997665, 26.29705200003313], [-80.08249500040534, 26.29703799986372], [-80.08147900042911, 26.29704499994864], [-80.08120200041968, 26.29704799986985], [-80.08106500015234, 26.297083000287266], [-80.08103199964205, 26.297079000125052], [-80.08085300044023, 26.297062000038093], [-80.08071199997492, 26.297057999875143], [-80.08049500023994, 26.297060000359295], [-80.08029000020052, 26.29704600019085], [-80.08028400035275, 26.297495000149738], [-80.08027699978173, 26.297953999908533], [-80.08024699964452, 26.300105000052746], [-80.0802390001469, 26.30064799999469], [-80.08008599998603, 26.301538000053807], [-80.07989000016745, 26.30268099984935], [-80.07945699962409, 26.3051919996945], [-80.07944199955546, 26.305285999709962], [-80.07938399982915, 26.30528699988104], [-80.0791620000713, 26.30529599980992], [-80.07912000023852, 26.305310999958245], [-80.07901899995616, 26.305321000056043], [-80.07895100018409, 26.305327999640806], [-80.07871699983238, 26.305331000152975], [-80.07861700027327, 26.305332999689092], [-80.0784089998608, 26.3053389999078], [-80.07778700006986, 26.30535600039155], [-80.07758000038064, 26.30536299997423], [-80.0774079999532, 26.305373000067547], [-80.07723800007388, 26.305384000330253], [-80.07689300029237, 26.305388000205895], [-80.07672199968984, 26.305389999741035], [-80.07666099959047, 26.30538700003567], [-80.07648099966542, 26.305379000284166], [-80.07642100028927, 26.305376999943572], [-80.0762129998768, 26.305370999726836], [-80.07622399974746, 26.305769000009203], [-80.07622100027274, 26.30579000029167], [-80.07620600020412, 26.305835999900093], [-80.07620200000618, 26.3058710000801], [-80.07620200000618, 26.305905000083758], [-80.07620399965599, 26.305927999867432], [-80.07613099986104, 26.3065299997245], [-80.07610699957159, 26.30655400034957], [-80.0760859996552, 26.30658999966732], [-80.07607399995965, 26.30662300010577], [-80.07606800011185, 26.30665699988885], [-80.07607099958659, 26.306710000265014], [-80.07608700037842, 26.3067589999835], [-80.07609499987605, 26.30683100009098], [-80.07607599960946, 26.306986999633573], [-80.076063000089, 26.30700399987563], [-80.07604600037055, 26.307033999728198], [-80.0760299995787, 26.307100999693066], [-80.07601700005823, 26.307204000356762], [-80.0760150004084, 26.307272999725985], [-80.07601899970805, 26.307344000166086], [-80.07599399959369, 26.30749499986864], [-80.07598400044625, 26.307509999732357], [-80.07597100002748, 26.30754199975724], [-80.07596799965442, 26.30759400038278], [-80.07597199985238, 26.307610999730517], [-80.07599100011896, 26.30765800037732], [-80.0758250004376, 26.30906399989609], [-80.07579399957716, 26.309365000123176], [-80.07577900040685, 26.309507000007013], [-80.07576299961502, 26.309549000018702], [-80.07575400029249, 26.309582999748592], [-80.07574800044472, 26.30963400012999], [-80.07574900026962, 26.309664000107006], [-80.07575099991944, 26.309680999956328], [-80.07575400029249, 26.30971599978035], [-80.07575599994232, 26.309732999622078], [-80.07571099973649, 26.310176000396464], [-80.07566200023099, 26.31065200037897], [-80.07557400036744, 26.311502000258237], [-80.07546800006222, 26.312535000219423], [-80.07543299990213, 26.312869999858407], [-80.07539500026729, 26.31324400011382], [-80.07538299967342, 26.313358999755916], [-80.07528899996208, 26.314274000368176], [-80.07527399989347, 26.31448900014556], [-80.07525700017503, 26.314717999975276], [-80.07514099982409, 26.31640699984739], [-80.07512900012851, 26.316517000005227], [-80.07505999963323, 26.317550999603856], [-80.07498500018848, 26.318541999621797], [-80.07491200039354, 26.319559999704367], [-80.07487899988325, 26.320031999606517], [-80.07486999966243, 26.320146999756954], [-80.07481899960881, 26.32029599960008], [-80.07481500030916, 26.3206399996892], [-80.07482299980677, 26.32080600033575], [-80.07482700000473, 26.32086800020578], [-80.07483000037779, 26.320918999645443], [-80.07483500040065, 26.321031999650064], [-80.07526399984773, 26.320956000172124], [-80.07571599975934, 26.32092699993442], [-80.07573300037609, 26.320910000124883], [-80.07578799972937, 26.320915000305927], [-80.07675699984993, 26.320890000203654], [-80.07680100023087, 26.320886000057946], [-80.07694799964564, 26.32088900016724], [-80.07777700002413, 26.3208569998027], [-80.07938300000423, 26.320779000135243], [-80.07956200010437, 26.32095700020798], [-80.07976399977075, 26.320927999970507], [-80.0799370000231, 26.32090399990731], [-80.08052200000412, 26.32081399982735], [-80.08053899972255, 26.320812999790274], [-80.08059300014922, 26.32081099971612], [-80.08061200041581, 26.32081099971612], [-80.08138399999456, 26.320839999982894], [-80.08142300035261, 26.32085100038759], [-80.08167699989751, 26.320861999986047], [-80.0817949998983, 26.320857999839394], [-80.08215300009857, 26.320847000240533], [-80.08227199992427, 26.32084400013018], [-80.08243199975783, 26.320838999946034], [-80.08291499963161, 26.32082700030843], [-80.0830760001884, 26.32082300016058], [-80.08336099969543, 26.320814999864428], [-80.08421900038623, 26.32079399988956], [-80.08450499971818, 26.32078799966598], [-80.08485000039799, 26.32078100020994], [-80.08563399967232, 26.320764999611274], [-80.08588800011553, 26.32076100026645], [-80.08623399972194, 26.320755000041167], [-80.08649400001295, 26.320755000041167], [-80.08727399998762, 26.320755000041167], [-80.08753500010354, 26.320756000078752], [-80.08760899972339, 26.320756000078752], [-80.08783100037954, 26.320756000078752], [-80.0879049999994, 26.320756000078752], [-80.08790699964922, 26.320771999873454], [-80.08799399968784, 26.320853999692577], [-80.08804499974147, 26.320901999834735], [-80.08823399988736, 26.321089000030963], [-80.08827999991811, 26.32114799964701], [-80.0883639995837, 26.321256000067244], [-80.08841899983528, 26.321325999957818], [-80.08842399985815, 26.32133800034891], [-80.08852799961524, 26.32159899969041], [-80.08853400036134, 26.32162599969975], [-80.08854400040707, 26.321671000238155], [-80.08854699988181, 26.32172800030459], [-80.08854799970672, 26.321742999935996], [-80.08862100039995, 26.321826999929506], [-80.08864700033924, 26.321856999969956], [-80.0887569999441, 26.322008000082278], [-80.08877600021066, 26.32204000012879], [-80.0888070001728, 26.322107000273007], [-80.08881999969327, 26.322146999691682], [-80.08886099970115, 26.322268000304927], [-80.08888900018857, 26.322351999917625], [-80.08890000005921, 26.322384999892606], [-80.08892299962542, 26.322492999964545], [-80.08893500021932, 26.322613000194718], [-80.08894500026506, 26.322701999661145], [-80.08895000028794, 26.3227459997611], [-80.08894799973979, 26.322818999615563], [-80.0889410000671, 26.322862999671056], [-80.08892099997561, 26.32299899981014], [-80.0889279996483, 26.32303299961865], [-80.08894500026506, 26.32306600020474], [-80.08897100020434, 26.323133999772455], [-80.08902599955759, 26.323329999723956], [-80.08906999993853, 26.323486000401317], [-80.0890680002887, 26.323523000107926], [-80.08905499986992, 26.323578000041667], [-80.08902899993066, 26.323700999989217], [-80.08902800010574, 26.32385700016684], [-80.08902800010574, 26.323951000337562], [-80.08902800010574, 26.323991999934137], [-80.08903999980132, 26.32413699962822], [-80.08903700032657, 26.32417299992395], [-80.08899899979342, 26.3243569996503], [-80.08913400041095, 26.32469299972647], [-80.08925300023664, 26.324848000175884], [-80.08949900028394, 26.32504199964088], [-80.0900950001356, 26.32533600023593], [-80.09077800002589, 26.32554599962887], [-80.09090900044546, 26.325607000186327], [-80.09095399975298, 26.325635000061837], [-80.09104400016469, 26.325705999715883], [-80.09114399972378, 26.32576500020045], [-80.09125400022695, 26.325808999941767], [-80.0913689998547, 26.325955999761515], [-80.0914190000834, 26.326013000134374], [-80.09144699967248, 26.32603899992788], [-80.09154999960464, 26.326092000293993], [-80.0916240001228, 26.326120000052253], [-80.09165000006209, 26.326147999803734], [-80.0917089996133, 26.326197000157695], [-80.09187199981993, 26.326314999791265], [-80.09192899972135, 26.326352000204274], [-80.09196600042957, 26.326361000107074], [-80.09204599989721, 26.32635400018273], [-80.09224400026393, 26.326360000117933], [-80.09244199973233, 26.326352000204274], [-80.09256999977883, 26.326337000364653], [-80.09266100001545, 26.326319999738946], [-80.0927000003735, 26.326326999665362], [-80.09274399985611, 26.32631399980168], [-80.09277399999336, 26.32630399990556], [-80.09285099998624, 26.326282000131023], [-80.09286400040503, 26.326276000191786], [-80.09289299981903, 26.326263000322378], [-80.09298900007849, 26.326210000034507], [-80.09310799990419, 26.32611400010462], [-80.09313499966837, 26.326092000293993], [-80.09365600007528, 26.32569699976217], [-80.09384900041913, 26.325557000391733], [-80.09387399963516, 26.32553999965149], [-80.09390799997034, 26.325520999721107], [-80.09400099985677, 26.325452999944684], [-80.09405699993326, 26.325402000086182], [-80.09408799989541, 26.325380000140278], [-80.09412700025347, 26.32537200015891], [-80.0941780003071, 26.325356000194535], [-80.09424000023137, 26.325339000229935], [-80.09431100037648, 26.325306000291572], [-80.09444199989774, 26.32526300035776], [-80.09446100016432, 26.325257000365728], [-80.09449299995137, 26.325239000387743], [-80.09451999971554, 26.32521399960856], [-80.09454900002787, 26.32518699963054], [-80.09457999999, 26.32516399964429], [-80.09464600011223, 26.325123999657336], [-80.09482199983933, 26.325039999639728], [-80.09488200011378, 26.32499199960234], [-80.09532700035271, 26.32451299974941], [-80.09537000001042, 26.324467000309767], [-80.0954310001098, 26.32441900003487], [-80.09545600022415, 26.324393999883796], [-80.09549100038424, 26.324329000270914], [-80.09553200039213, 26.324265999830935], [-80.09563299977616, 26.324153999769273], [-80.09568899985265, 26.323979999818075], [-80.09574499992915, 26.32384400002589], [-80.09581000022646, 26.32363499997467], [-80.09594499994569, 26.323292999955687], [-80.09607600036526, 26.322949999713295], [-80.0961299998936, 26.322853000282077], [-80.09619000016808, 26.32275900002533], [-80.09624799989439, 26.32262399962586], [-80.09634199960571, 26.32246300008885], [-80.09636699972008, 26.322435000251545], [-80.09643299984232, 26.322395000127155], [-80.09650399998743, 26.32236200015505], [-80.09661600014041, 26.322326000101512], [-80.09665499960016, 26.322316999885125], [-80.09685299996688, 26.322317999909185], [-80.09693199960961, 26.322323000029456], [-80.09701100015062, 26.322317999909185], [-80.09708999979335, 26.322300000279586], [-80.09712699960326, 26.322305000400657], [-80.09719500027364, 26.32234399972708], [-80.09721700001495, 26.322351999917625], [-80.09723100025866, 26.322358000060177], [-80.09727100044164, 26.32235900008391], [-80.09734900025943, 26.32237200039157], [-80.09777000020891, 26.32247600038483], [-80.09792500001961, 26.32250900032448], [-80.09815500017338, 26.322565999978472], [-80.09826800015128, 26.32259899989246], [-80.09861600030584, 26.322694000299947], [-80.09882299999506, 26.322833999910845], [-80.09890500001084, 26.32301900017234], [-80.09903399988225, 26.3231710003967], [-80.09914100001238, 26.3234680001481], [-80.09912599994377, 26.32379700030919], [-80.09893199977502, 26.324097000091697], [-80.09853500011496, 26.324691999722916], [-80.09851400019858, 26.324728999849345], [-80.0984029998705, 26.324880000242814], [-80.09842899980978, 26.32494900035708], [-80.09845399992412, 26.325091999657797], [-80.09844999972617, 26.325200999619945], [-80.09843300000773, 26.325309000286357], [-80.09839000035001, 26.325431000008475], [-80.09837299973326, 26.325481999854244], [-80.09835900038787, 26.325553999598213], [-80.09834000012131, 26.325735000367196], [-80.09831099980899, 26.325914000062127], [-80.09831099980899, 26.32595099979811], [-80.09832599987762, 26.32605899976504], [-80.09832400022778, 26.32613099995543], [-80.09833099990047, 26.326203000101042], [-80.09835799966464, 26.326504000079588], [-80.09843700020569, 26.32673000035168], [-80.09856000022933, 26.3269699999582], [-80.0987760001394, 26.327254999851252], [-80.09898200000373, 26.327495999959226], [-80.0992409995715, 26.32763700018405], [-80.09941700019692, 26.327677000108054], [-80.09961100036566, 26.32773399963374], [-80.09979100029071, 26.32776999961631], [-80.09998799993421, 26.32778000019099], [-80.1019229998023, 26.32780099970418], [-80.1023310002313, 26.32780900032288], [-80.1026900002565, 26.32780700036955], [-80.10276700024939, 26.32780700036955], [-80.10336200027614, 26.327821000042174], [-80.10375800011127, 26.327836999665966], [-80.10451100032176, 26.327838999618773], [-80.10482799961586, 26.32785100014009], [-80.10499300037061, 26.32785300009268], [-80.10562100000932, 26.32786399983123], [-80.10576099975141, 26.327862999855032], [-80.1060629998752, 26.327859999926403], [-80.10629499967878, 26.327858999950177], [-80.1067309996969, 26.327862999855032], [-80.1069700000715, 26.327862999855032], [-80.10727300002019, 26.327862999855032], [-80.10763200004538, 26.327862999855032], [-80.10870800029606, 26.327862999855032], [-80.10906800014618, 26.32786399983123], [-80.10907900001685, 26.32786399983123], [-80.10911400017694, 26.32786399983123], [-80.1091259998725, 26.32786399983123], [-80.10943399984409, 26.32786399983123], [-80.11014000019892, 26.32786499980738], [-80.11035899958371, 26.327862999855032], [-80.11066800027851, 26.327861999878817], [-80.11068800037002, 26.327861999878817], [-80.11074799974614, 26.327861999878817], [-80.11076899966254, 26.327861999878817], [-80.11197100030992, 26.327855000045208], [-80.1132729996181, 26.327849000187484], [-80.11530899976852, 26.32785100014009], [-80.11557900010528, 26.327849000187484], [-80.11582400032765, 26.327848000211144], [-80.11633999981338, 26.32785200011638], [-80.11657800036306, 26.32784300032944], [-80.11678199967925, 26.327845000282146], [-80.11690899990086, 26.3278460002585], [-80.11703600012247, 26.32784700023484], [-80.1170529998409, 26.32784700023484], [-80.11733700042136, 26.327841000376694], [-80.117412999691, 26.32784000040029], [-80.11745000039926, 26.327838999618773], [-80.11891999993692, 26.32781000029954], [-80.11896299959463, 26.32780900032288], [-80.11945600041246, 26.32780099970418], [-80.12012500005905, 26.327790999936475], [-80.12018899963314, 26.32778999995965], [-80.12037799977902, 26.32778400009858], [-80.12044200025144, 26.327783000121677], [-80.12109800037756, 26.32773399963374], [-80.12411500034412, 26.32774300023428], [-80.12523699972725, 26.327751000051833], [-80.12645799974288, 26.32775300000613], [-80.12798900027825, 26.327706000265746], [-80.12803399958577, 26.327704000310646], [-80.12813900006607, 26.327701000377896], [-80.12833400005974, 26.327717999995727], [-80.1286620001228, 26.327796999797215], [-80.12907999969924, 26.327806000392854], [-80.12980799979537, 26.327831999783765], [-80.13015000010215, 26.327856999997714], [-80.13016400034584, 26.327857999973965], [-80.13020100015575, 26.32786899971203], [-80.13026499972986, 26.32791200028838], [-80.13029999988996, 26.327929999850856], [-80.13033599987497, 26.32794300033822], [-80.13037500023303, 26.327951000141958], [-80.13049400005873, 26.327953000092833], [-80.1305340002417, 26.32795000016655], [-80.1306120000595, 26.327953000092833], [-80.13084899988596, 26.327953000092833], [-80.1309290002519, 26.327949000191087], [-80.13100399969666, 26.32792699992397], [-80.13107300019195, 26.32789000001423], [-80.13111000000187, 26.32787900027816], [-80.13114900035994, 26.327881000230242], [-80.13118000032208, 26.327857999973965], [-80.13124999974394, 26.327821000042174], [-80.1312880002771, 26.327819000089036], [-80.1313660000949, 26.327836999665966], [-80.1315629997384, 26.32784700023484], [-80.13164099955621, 26.32784700023484], [-80.13168099973917, 26.32785100014009], [-80.13183300007513, 26.32789499989392], [-80.13190400022026, 26.32786399983123], [-80.13194100003017, 26.32785600002145], [-80.13210000003883, 26.327856999997714], [-80.13217500038189, 26.327880000254194], [-80.13225400002463, 26.327889000038258], [-80.13269000004271, 26.327891999966134], [-80.13308599987784, 26.32786699975972], [-80.13329099991725, 26.32787500037385], [-80.13403699955674, 26.327904999652645], [-80.13436299996998, 26.327896999845727], [-80.13471100012453, 26.327881000230242], [-80.13482999995021, 26.327876000349953], [-80.13502699959369, 26.327860999902644], [-80.13518599960236, 26.327872999616517], [-80.13550299979475, 26.327877000326012], [-80.13575600041308, 26.32787199964043], [-80.13597899999581, 26.32786899971203], [-80.13605699981363, 26.32785600002145], [-80.13610200001949, 26.327842000353073], [-80.1361799998373, 26.327856999997714], [-80.13625799965507, 26.32786499980738], [-80.136702999894, 26.327856999997714], [-80.13685400040505, 26.327855000045208], [-80.1380820000934, 26.327832999760208], [-80.1397859999828, 26.327819000089036], [-80.14017299959708, 26.327819000089036], [-80.14149099969711, 26.327819000089036], [-80.14164899988086, 26.327818000112465], [-80.14339299995324, 26.32781000029954], [-80.14509699984262, 26.32780900032288], [-80.14676100044738, 26.327822999995277], [-80.14751499958447, 26.327833999736665], [-80.14771100030138, 26.32780700036955], [-80.14794899995275, 26.327819000089036], [-80.14838400014594, 26.32780299965764], [-80.14851200019245, 26.32780299965764], [-80.15012900004322, 26.32780299965764], [-80.15054800034287, 26.327803999634334], [-80.15217500023938, 26.327794999843682], [-80.15344899995847, 26.327772000375443], [-80.15358000037804, 26.32776999961631], [-80.15377000034884, 26.32776599970828], [-80.15391900031176, 26.327762999777157], [-80.15505199956554, 26.32776999961631], [-80.15533199994802, 26.32777100039844], [-80.15740900010631, 26.32778400009858], [-80.15843900032624, 26.327782000144776], [-80.1597869996652, 26.327790999936475], [-80.16110200029048, 26.327794999843682], [-80.16211499989366, 26.327796999797215], [-80.16267899995826, 26.327798999750723], [-80.1646230000472, 26.327820000065604], [-80.16515600014966, 26.32781700013587], [-80.16530199973953, 26.327816000159274], [-80.1661150002245, 26.327813000229465], [-80.16616999957778, 26.327811000276174], [-80.16685300036637, 26.327788000005988], [-80.16698499971253, 26.32778400009858], [-80.16766000010522, 26.327808000346195], [-80.1689050004103, 26.32780900032288], [-80.16936599964446, 26.32781000029954], [-80.16942599991891, 26.32782399997182], [-80.16946399955374, 26.32781200025282], [-80.1695029999118, 26.327806000392854], [-80.16958599975247, 26.32780700036955], [-80.16961900026276, 26.32780700036955], [-80.16971899982187, 26.32780900032288], [-80.16975300015706, 26.32781000029954], [-80.16978499994411, 26.32781000029954]]]}}, {"type": "Feature", "properties": {"name": "Fort Lauderdale", "geoid": "1224000", "county": "broward"}, "geometry": {"type": "MultiPolygon", "coordinates": [[[[-80.20142000002276, 26.106333999767042], [-80.20141199962683, 26.105942999775547], [-80.20138599968757, 26.105200999747257], [-80.20136300012135, 26.104514999641662], [-80.20133499963394, 26.104514000164208], [-80.20133399980904, 26.104466000229184], [-80.20132299993838, 26.104074000156732], [-80.20130299984689, 26.103770999650944], [-80.20127400043289, 26.103332000368727], [-80.20125299961818, 26.10285899978824], [-80.20125099996835, 26.10282099974044], [-80.201233000425, 26.102396000317558], [-80.201225999854, 26.102250999961807], [-80.20120800031066, 26.10181600023583], [-80.20115399988397, 26.100427000070635], [-80.20113399979249, 26.09979899966702], [-80.20110899967813, 26.098996000155267], [-80.20104699975386, 26.09773600021518], [-80.20115100040924, 26.0977319996534], [-80.20108699993682, 26.09524399964476], [-80.20098300017976, 26.092635999724546], [-80.20094299999678, 26.091640999746552], [-80.20074100033041, 26.091646000104106], [-80.20066699981224, 26.09164800008568], [-80.20061300028388, 26.091369000305217], [-80.20063300037539, 26.091367999908663], [-80.20058300014668, 26.091135999646212], [-80.20086199980594, 26.08888200012232], [-80.20082199962297, 26.088259000364545], [-80.20085000011035, 26.088217000334076], [-80.20083800041479, 26.08781800009931], [-80.20074600035329, 26.087792999911944], [-80.20066599998735, 26.087769000146547], [-80.20055899985722, 26.087735999755157], [-80.20045299955201, 26.087705000210235], [-80.20003300032576, 26.087584999630266], [-80.19981599969246, 26.08751500024362], [-80.19960599963018, 26.0874470000617], [-80.19949799967516, 26.087412000332332], [-80.19936299995594, 26.087369000373876], [-80.19918300003089, 26.087346999769842], [-80.19916799996227, 26.08733700030071], [-80.1991200002817, 26.08730399978751], [-80.19907300042603, 26.08727700024083], [-80.19901899999935, 26.08724700019933], [-80.19897499961843, 26.087232000175735], [-80.19866699964685, 26.087126999956496], [-80.19864800027858, 26.08712099977976], [-80.19856299988976, 26.087100000368995], [-80.19846099978253, 26.087074000401717], [-80.198268000337, 26.087025000137423], [-80.19818899979597, 26.087021000016126], [-80.19815000033621, 26.087025000137423], [-80.19809000006175, 26.086977000286705], [-80.19806900014535, 26.08696600035176], [-80.19805499990164, 26.086958999732506], [-80.19803099961221, 26.086949999857783], [-80.19801899991666, 26.086945999733917], [-80.19791400033466, 26.08691900010465], [-80.19787499997659, 26.08691000022685], [-80.19780899985436, 26.086893000097156], [-80.19761399986069, 26.086845000192334], [-80.19754899956337, 26.08682899968179], [-80.19744700035442, 26.08680400008991], [-80.19725700038363, 26.086756999777748], [-80.19721800002556, 26.08675400008334], [-80.1971779998426, 26.086756000148547], [-80.19713900038286, 26.086763999602287], [-80.19710699969748, 26.086752999647306], [-80.19707699956027, 26.086728999668633], [-80.19705300016913, 26.08671400038541], [-80.19704399994829, 26.0867089998171], [-80.19700799996328, 26.0866930000948], [-80.19695199988679, 26.086677000370287], [-80.19664300009029, 26.086590999897407], [-80.19659299986158, 26.08657700022725], [-80.19654000015815, 26.086564000186247], [-80.19644100042395, 26.086538999730934], [-80.19624700025517, 26.08650300009863], [-80.19620799989713, 26.08650000039773], [-80.19615299964553, 26.08650000039773], [-80.19613199972913, 26.08650100002911], [-80.19606999980488, 26.086455000033812], [-80.19596299967473, 26.086413000162647], [-80.19563499961168, 26.08628399994544], [-80.1955440002734, 26.086230000375174], [-80.19543899979308, 26.08616799967246], [-80.19530300024897, 26.08608700022745], [-80.19522999955574, 26.086058999958038], [-80.19519100009596, 26.086050000014094], [-80.19516699980655, 26.08602500025579], [-80.19514800043828, 26.085992999815133], [-80.19513800039255, 26.085981999787688], [-80.19512400014882, 26.085963999887255], [-80.19505100035389, 26.085899000134102], [-80.19503899976002, 26.085888000097814], [-80.19494400022377, 26.085834000344832], [-80.19466899986415, 26.085679000019], [-80.19461799981055, 26.08564799992921], [-80.19451200040363, 26.085583999639745], [-80.19446999967253, 26.085558999781917], [-80.19442500036502, 26.085535000365187], [-80.1943340001284, 26.08548600026328], [-80.1942210001505, 26.08545200039454], [-80.1941430003327, 26.08544100031628], [-80.19410300014972, 26.085439999869013], [-80.19406399979167, 26.08544499968474], [-80.19404799989813, 26.08544400004433], [-80.19402600015684, 26.085441999956704], [-80.19398799962369, 26.085430999877477], [-80.19394300031615, 26.08542499961377], [-80.19379299963002, 26.085406999627672], [-80.19362600012374, 26.085415999621077], [-80.19355800035169, 26.085432999965306], [-80.19352300019159, 26.08543900022858], [-80.19342399955907, 26.085457000209782], [-80.19340299964267, 26.085461000384512], [-80.19328999966477, 26.085489999630198], [-80.19313599967899, 26.08554299990236], [-80.19307200010488, 26.085574000019985], [-80.19304699999051, 26.085589999895305], [-80.1929809998683, 26.085645000206366], [-80.19295199955597, 26.085647000290543], [-80.19286600024056, 26.085654999820058], [-80.1928279997074, 26.08566599987824], [-80.1927209995773, 26.085714000266687], [-80.19263199988883, 26.08575799966417], [-80.19253099960648, 26.08581000017768], [-80.19242699984942, 26.085861999861294], [-80.19241099995588, 26.08587099981969], [-80.1921239999007, 26.086032000124096], [-80.19204000023512, 26.08608000036242], [-80.1920250001665, 26.086092000015533], [-80.19201000009791, 26.086103000032637], [-80.19194599962547, 26.086173000263898], [-80.19193399992992, 26.086186999982395], [-80.1919120001886, 26.08621799992943], [-80.19188600024934, 26.086242000012906], [-80.19184699989127, 26.086244999720435], [-80.1917299997154, 26.086264999651252], [-80.19165600009556, 26.0862889997251], [-80.19164199985187, 26.08629400031136], [-80.19158400012556, 26.08631900001218], [-80.19153999974462, 26.086343000074944], [-80.19141300042132, 26.086409999652616], [-80.1913129999639, 26.086468999718598], [-80.19114800010745, 26.086575000158962], [-80.19089299983932, 26.086739999625856], [-80.1905940000886, 26.08691799967003], [-80.19052299994347, 26.086949000230238], [-80.19048500030866, 26.086958999732506], [-80.19041300033862, 26.08698899984781], [-80.19026000017774, 26.08702300007678], [-80.19002800037414, 26.087064000102462], [-80.18990100015255, 26.08707900014762], [-80.18979300019751, 26.087092000131403], [-80.18964300040967, 26.087100999995222], [-80.18947699983002, 26.08711100029132], [-80.18944699969278, 26.087114999602733], [-80.18932000036949, 26.087129999641366], [-80.18916399983557, 26.087148999795076], [-80.18915200014001, 26.087150999853552], [-80.18899499978117, 26.087180999919664], [-80.1889889999334, 26.087072000341927], [-80.18871299974886, 26.087103999680753], [-80.18866400024338, 26.087109999858367], [-80.1882449999437, 26.0871989996329], [-80.18819800008806, 26.08719500032436], [-80.18812299974498, 26.087187999718807], [-80.18807900026235, 26.087172000061976], [-80.18780100042802, 26.087210000352727], [-80.18759700021351, 26.08723800034676], [-80.18743599965673, 26.087260000164495], [-80.18631099990054, 26.08741799968735], [-80.18618899970181, 26.087430999633472], [-80.185850999593, 26.087477000051898], [-80.18564300007885, 26.08750599960484], [-80.18523499964986, 26.08756200025135], [-80.18505399989989, 26.087566999976403], [-80.18481600024852, 26.087573999752482], [-80.1845059997288, 26.087584000008135], [-80.18445399985026, 26.087586000059186], [-80.1844200004134, 26.087560999822237], [-80.18408800015237, 26.08732200028863], [-80.1840549996421, 26.086765000038206], [-80.18407100043395, 26.08657700022725], [-80.18421100017602, 26.086230000375174], [-80.18444499962943, 26.085652000097415], [-80.18443899978165, 26.085500000063966], [-80.18443700013182, 26.08543000023695], [-80.18441200001747, 26.085426999701717], [-80.18438100005534, 26.08542300033262], [-80.18434699972015, 26.085426999701717], [-80.1842730001003, 26.0854350000531], [-80.1840610003882, 26.085459999937424], [-80.18376400028728, 26.085491000077035], [-80.18348100043006, 26.08552299984815], [-80.18292499986306, 26.08558700017096], [-80.18290599959647, 26.085587999810148], [-80.18286600031182, 26.0855919999804], [-80.18287499963434, 26.085770999794715], [-80.18288899987805, 26.08608199963235], [-80.18290499977155, 26.08616499996296], [-80.18290899996951, 26.0865810003637], [-80.18278900031893, 26.08683900000113], [-80.18265899972427, 26.087131000074155], [-80.18244600018724, 26.08715600040298], [-80.18244000033947, 26.087174999745688], [-80.18243100011864, 26.08746400011089], [-80.18227200010999, 26.087466000163975], [-80.18210399988048, 26.0874609996278], [-80.1817730003427, 26.08745799995142], [-80.18161400033404, 26.08745700032822], [-80.18129399976858, 26.087453999844957], [-80.1812529997607, 26.087453999844957], [-80.18127500040032, 26.087932999924355], [-80.18128200007301, 26.088097999896878], [-80.18131100038534, 26.08872499976819], [-80.18131300003515, 26.088963999663402], [-80.18131100038534, 26.0891739999381], [-80.1812670000044, 26.08919400017511], [-80.18119500003438, 26.089233000224052], [-80.18118099979068, 26.089243000337955], [-80.1811330001101, 26.089278999934102], [-80.180985999797, 26.08940099960367], [-80.18095200036012, 26.089432000312836], [-80.1808800003901, 26.089500999753778], [-80.1807110003357, 26.089661999904614], [-80.18070100028997, 26.08966900036217], [-80.18062099992402, 26.089733000031046], [-80.18046600011333, 26.089875999757194], [-80.18042599993036, 26.0899139999766], [-80.180148000096, 26.090156000277624], [-80.18010999956286, 26.09019000039316], [-80.18004799963859, 26.090235000127507], [-80.17999300028531, 26.090287999864138], [-80.17996099959993, 26.09031399992405], [-80.17992399979002, 26.090343000387442], [-80.17990399969855, 26.090360000015906], [-80.17985000017018, 26.090414000100623], [-80.17982199968277, 26.090436999725764], [-80.17977599965202, 26.090442000134765], [-80.17974300004005, 26.090444999734622], [-80.17963500008503, 26.09046499975441], [-80.17959200042732, 26.09048400017339], [-80.17949699999276, 26.090548999800085], [-80.17939599971044, 26.090606000200104], [-80.1793019999991, 26.090652999773077], [-80.17929199995335, 26.0906589997687], [-80.17926400036427, 26.090674999755507], [-80.17922599983112, 26.09069899973162], [-80.17919499986898, 26.090722000107526], [-80.17915300003618, 26.090764000045645], [-80.17906400034771, 26.09085100027289], [-80.17903300038557, 26.090881999791108], [-80.17900400007328, 26.090903999730497], [-80.17893499957796, 26.090939000028907], [-80.17873799993447, 26.091024999726535], [-80.17872000039114, 26.091032999695194], [-80.17862199958353, 26.09106900035417], [-80.17853600026812, 26.091099999814627], [-80.17848100001653, 26.091113999750448], [-80.17842199956698, 26.09113100007366], [-80.17811500031863, 26.091200999717447], [-80.17804800037148, 26.091220999607977], [-80.1779649996325, 26.091247000267344], [-80.177908999556, 26.091269999728738], [-80.17789299966246, 26.091277000090063], [-80.17785400020273, 26.091277999680642], [-80.17778499970744, 26.09127100012612], [-80.17765699966093, 26.091259000197343], [-80.17753899966016, 26.091259000197343], [-80.17741200033684, 26.09127100012612], [-80.17738100037471, 26.09127500010212], [-80.17729000013811, 26.091296000377177], [-80.17713699997722, 26.09133000016144], [-80.17692000024226, 26.091379000236557], [-80.17673100009637, 26.091430999865732], [-80.17668500006562, 26.091450999716937], [-80.17665900012635, 26.091462999626046], [-80.17656000039216, 26.091522999959807], [-80.17654899962318, 26.091522999959807], [-80.17652299968391, 26.091522000371327], [-80.17643499982036, 26.091497000168566], [-80.17640899988109, 26.091489999820368], [-80.17637000042136, 26.09148300027857], [-80.17629099988032, 26.09147799991406], [-80.17613400041981, 26.091460000052265], [-80.17609000003887, 26.091450999716937], [-80.17597600023605, 26.091428000291153], [-80.17590300044112, 26.091412999996713], [-80.17586200043323, 26.08875399981862], [-80.17585499986221, 26.088524999669758], [-80.17674500034006, 26.088524999669758], [-80.17673299974619, 26.088110000149843], [-80.17672199987554, 26.088110999767466], [-80.17672199987554, 26.08813900035271], [-80.1757829998922, 26.088161999618208], [-80.17516500029923, 26.088177000329413], [-80.17516100010127, 26.088160000383823], [-80.17515799972823, 26.087977999719907], [-80.17514600003265, 26.08769400034375], [-80.174029999599, 26.087975999675564], [-80.17396299965185, 26.087989999985176], [-80.17395599997917, 26.08758699968129], [-80.17395400032933, 26.08745199979168], [-80.17367899996972, 26.08751599986632], [-80.17309499981363, 26.08766599965202], [-80.17254099979475, 26.087811999958035], [-80.17234099977821, 26.08786200031935], [-80.17219600001324, 26.087901000005434], [-80.17212999989103, 26.087915999943306], [-80.17177099986583, 26.088008999999282], [-80.1710450003178, 26.08819800035373], [-80.1710450003178, 26.088241000007578], [-80.16989200007424, 26.08854000033441], [-80.16978199957106, 26.088568000010195], [-80.16974099956319, 26.088580000214957], [-80.16972399984475, 26.088580999828572], [-80.16958699957739, 26.088605999847616], [-80.16939800032982, 26.088639999606766], [-80.16939300030694, 26.088402000278485], [-80.1693820004363, 26.088059999894487], [-80.16935700032195, 26.086925000291753], [-80.16932999965944, 26.085547999713672], [-80.1693120001161, 26.084639000330906], [-80.16929500039765, 26.084033999968717], [-80.16929399967444, 26.0837639999047], [-80.16928000032904, 26.083468000063018], [-80.16926799973517, 26.082916999612443], [-80.1692560000396, 26.082597000030006], [-80.1692490003669, 26.082282999997787], [-80.16924599999386, 26.082027999814304], [-80.16922000005458, 26.08082299964284], [-80.16893299999941, 26.080831000308955], [-80.1686369997234, 26.080834000155168], [-80.16837800015563, 26.080841000333955], [-80.168178999964, 26.08084700002581], [-80.16750000027167, 26.080862000060932], [-80.16737300005005, 26.080864999906368], [-80.16693000035926, 26.080874999928454], [-80.16493500021672, 26.08092099969638], [-80.16150800017135, 26.080998999647377], [-80.16074599974002, 26.08099599980539], [-80.1607519995878, 26.08107399970645], [-80.15980400028195, 26.081095000198438], [-80.15868399965034, 26.081133000041863], [-80.15852299999185, 26.081135000203112], [-80.15812399978367, 26.081140999879903], [-80.15778300020013, 26.081155000200315], [-80.1575909996812, 26.081170000196], [-80.15692299985952, 26.08118700035011], [-80.15685300043764, 26.081225999840086], [-80.15662199956063, 26.08122500016365], [-80.15664900022314, 26.081446999931774], [-80.1566530004211, 26.0814749996909], [-80.1565270000244, 26.0814749996909], [-80.15632899965767, 26.081474000016584], [-80.15572799978312, 26.081473000342267], [-80.15512899955843, 26.081471000186756], [-80.15333299960751, 26.08146699987566], [-80.15273500010603, 26.081466000201278], [-80.15057500010707, 26.081479000001732], [-80.14696300011376, 26.081501000095187], [-80.14549000020303, 26.08149899994016], [-80.14409799958486, 26.08149899994016], [-80.1426360004431, 26.08149899994016], [-80.1419390003091, 26.081506000079177], [-80.14172699969868, 26.081508000234066], [-80.14049599963728, 26.081516999720453], [-80.14049200033763, 26.081466000201278], [-80.13980400042446, 26.081463000371276], [-80.1397859999828, 26.081463000371276], [-80.13976400024148, 26.081360999649966], [-80.13972999990632, 26.081195000184497], [-80.13966799998202, 26.080844999859597], [-80.13965000043869, 26.08073000033128], [-80.13964399969258, 26.080688000019343], [-80.13961799975333, 26.080459000224206], [-80.13960100003487, 26.08024799995651], [-80.13959000016422, 26.080049000387984], [-80.13958599996627, 26.079944000179296], [-80.13958500014135, 26.07982000014963], [-80.13958400031643, 26.079646999862774], [-80.13958400031643, 26.07959700002607], [-80.13958299959323, 26.07940499961553], [-80.13961500027857, 26.07911199993689], [-80.13962500032433, 26.07901399998261], [-80.13970099959398, 26.07849499962273], [-80.14009399995439, 26.076892000348824], [-80.14011800024383, 26.076797999813788], [-80.14026700020675, 26.076213999828948], [-80.1406660004149, 26.074656999793568], [-80.1410870003644, 26.073011999773996], [-80.14127999980992, 26.072249000225355], [-80.14172900024681, 26.070503000343205], [-80.14141600025236, 26.07050499987917], [-80.14131400014512, 26.070900000358872], [-80.14114000006785, 26.071581000263514], [-80.14098500025713, 26.072187000186396], [-80.14097000018853, 26.072242000339724], [-80.14073099981391, 26.073178000352993], [-80.1404060001239, 26.074447999833655], [-80.13990800018153, 26.07639199974333], [-80.13980400042446, 26.076796000385276], [-80.13954699960821, 26.077798999968365], [-80.13941100006409, 26.078332000037634], [-80.1393700000562, 26.07850100024168], [-80.13912200035908, 26.07947499981847], [-80.13909499969658, 26.07956699962968], [-80.1390389996201, 26.07978400006438], [-80.13894499990876, 26.079784999753134], [-80.1389259996422, 26.0798540000407], [-80.13886600026603, 26.080098000345597], [-80.13865899967848, 26.080909000319924], [-80.13864299978498, 26.080963999603387], [-80.13861799967061, 26.08106399970132], [-80.13856999999003, 26.081247999981073], [-80.13852200030945, 26.081436000283905], [-80.13851499973845, 26.081463000371276], [-80.13850999971558, 26.08148600014192], [-80.13847700010362, 26.08161200017355], [-80.13847299990566, 26.081627000110647], [-80.13738800033245, 26.08163299976221], [-80.13672100033567, 26.08163900022032], [-80.13662199970315, 26.08163900022032], [-80.13647899958802, 26.08163900022032], [-80.1362729997237, 26.081639999893213], [-80.13625400035544, 26.081639999893213], [-80.13626000020322, 26.08186599997868], [-80.13629899966297, 26.08317700019222], [-80.13630399968584, 26.083611999839626], [-80.13633299999816, 26.084433999845025], [-80.13633700019612, 26.084710000277717], [-80.13635800011252, 26.085361999650292], [-80.13636599961012, 26.085565999678106], [-80.13638300022687, 26.086252000382423], [-80.13639599974736, 26.086638000276245], [-80.13641599983883, 26.087208999920627], [-80.13643699975523, 26.087892999822646], [-80.1364560000218, 26.088520999599755], [-80.13646000021976, 26.088626999794926], [-80.1364839996109, 26.08876500039231], [-80.13653700021266, 26.08909900022903], [-80.1364619998696, 26.089282999978188], [-80.13642400023474, 26.089598999801822], [-80.1363770003791, 26.089781999968178], [-80.13637999985382, 26.089980000328374], [-80.13629000034045, 26.09032999995807], [-80.13602300037675, 26.091383999798524], [-80.13593399978998, 26.091734999655603], [-80.13587400041384, 26.09195600007121], [-80.13569699996353, 26.092621999970845], [-80.1356390002372, 26.09284399990165], [-80.13557800013784, 26.09284599986279], [-80.1353990000377, 26.092851000168803], [-80.13533899976323, 26.092853999706925], [-80.13521400008976, 26.09286200035729], [-80.13484199964577, 26.092887999845196], [-80.13471799979722, 26.09289799964668], [-80.13451100010798, 26.092902999950507], [-80.13233500021548, 26.09296000001045], [-80.13039799979926, 26.09300300033455], [-80.12999500029144, 26.093005999868755], [-80.12964299993892, 26.092973000147634], [-80.12946899986166, 26.092956000092084], [-80.12843899964173, 26.092984999900604], [-80.12630999960489, 26.093041999920636], [-80.12453999959324, 26.093089000128526], [-80.12429600009409, 26.093096000381024], [-80.12382200044117, 26.093110999652914], [-80.1235720001959, 26.093115000372755], [-80.12032900027354, 26.093199999703522], [-80.11990199957796, 26.093208000330197], [-80.1177009995711, 26.093218999678356], [-80.11391399967562, 26.093250999756368], [-80.11290299972225, 26.093259000379582], [-80.10815799957685, 26.093297999880328], [-80.10674800031364, 26.09330799964676], [-80.10510600034851, 26.093318999792285], [-80.10509499957953, 26.093367999841114], [-80.10507899968603, 26.093443000040754], [-80.10500099986822, 26.093803999898665], [-80.1049570003856, 26.094007999730238], [-80.10476599969157, 26.09490100033866], [-80.10475599964583, 26.094943000390032], [-80.1047530001711, 26.094962999640863], [-80.10474099957722, 26.09501300017327], [-80.104718000011, 26.09511900013406], [-80.1047599998438, 26.095132000031313], [-80.10481900029333, 26.09518100012751], [-80.10485199990529, 26.09522499999882], [-80.10487199999679, 26.09525999981128], [-80.10488200004252, 26.095306000378695], [-80.10491899985244, 26.095791000314673], [-80.10489000043844, 26.095985000371417], [-80.10482099994316, 26.09645099965883], [-80.10479099980593, 26.096594000047784], [-80.10469999956933, 26.096947000298993], [-80.10457200042113, 26.097193999886965], [-80.1045349997129, 26.097332000060014], [-80.10452300001732, 26.09751399988729], [-80.10455399997946, 26.097668000326674], [-80.10458999996447, 26.097788999780583], [-80.10456599967505, 26.098536999639766], [-80.10455399997946, 26.099153999963402], [-80.10459599981225, 26.099724999834137], [-80.10460900023105, 26.09989099963381], [-80.10460900023105, 26.100013000337462], [-80.10462099992661, 26.100226999809625], [-80.10462099992661, 26.10032100007977], [-80.10464000019319, 26.10052400032816], [-80.10464600004097, 26.1006730000597], [-80.1046279995993, 26.100942999825964], [-80.10461000005597, 26.101075000148118], [-80.10459699963718, 26.10122299967209], [-80.10456700039825, 26.101349999735696], [-80.10454300010882, 26.10139399970649], [-80.10452999969003, 26.10144899984841], [-80.10452399984224, 26.101554000120828], [-80.10458499994162, 26.101866999758908], [-80.1045919996143, 26.101939000044236], [-80.10458499994162, 26.102027000332793], [-80.10457300024605, 26.10230200010185], [-80.10457300024605, 26.102422999601774], [-80.1045489999566, 26.102543999783176], [-80.1045060002989, 26.10270900012215], [-80.10447199996369, 26.10334399986566], [-80.10446399956778, 26.103502000253208], [-80.10446399956778, 26.10356300035081], [-80.10445199987221, 26.103656000068096], [-80.10445199987221, 26.103750000002123], [-80.10444600002444, 26.103870999617143], [-80.10443400032888, 26.104027000329403], [-80.10442000008516, 26.104313000153542], [-80.1044150000623, 26.10440999960784], [-80.10441099986433, 26.104491000080152], [-80.10440300036673, 26.10465999961019], [-80.10439599979573, 26.104808999718763], [-80.10439699962063, 26.10494399974525], [-80.10440400019165, 26.10509800008109], [-80.10440400019165, 26.10532899980121], [-80.10437900007729, 26.105389999752383], [-80.10436099963562, 26.105482999629956], [-80.10437900007729, 26.10557199994666], [-80.10437900007729, 26.105643000096297], [-80.10435499978784, 26.105862999775002], [-80.10441000003942, 26.106138000202932], [-80.10443400032888, 26.10626499976865], [-80.10446500029101, 26.106396999730027], [-80.10447699998657, 26.106550999765496], [-80.10447399961352, 26.106608999893876], [-80.10446500029101, 26.106793000333305], [-80.1044159998872, 26.10702500019406], [-80.10436200035886, 26.107157000104078], [-80.10436200035886, 26.10718999985662], [-80.10431899980283, 26.10736599972404], [-80.10431899980283, 26.107502999735342], [-80.10431899980283, 26.107640999843532], [-80.10434399991718, 26.107834000154195], [-80.10434399991718, 26.10807599967975], [-80.10434999976496, 26.108146999922145], [-80.10436200035886, 26.10821900037393], [-80.1043740000544, 26.108340000204183], [-80.10434999976496, 26.10891199983311], [-80.10434399991718, 26.108940000278984], [-80.10434399991718, 26.10902800013856], [-80.10434999976496, 26.109078000304272], [-80.10434999976496, 26.10913799966826], [-80.10433800006939, 26.109193000200943], [-80.10433800006939, 26.10923699964046], [-80.10434399991718, 26.109286999716787], [-80.10428299981781, 26.109892000155373], [-80.10428299981781, 26.109968999913256], [-80.10424699983281, 26.11012899988703], [-80.10423599996214, 26.11016500031477], [-80.10417999988566, 26.110337999840507], [-80.1041609996191, 26.110381999655736], [-80.10413700022795, 26.110524999949156], [-80.10414899992351, 26.11059699974301], [-80.10413100038016, 26.11062400036008], [-80.1041189997863, 26.110662999716745], [-80.10403900031866, 26.110696000092958], [-80.1039570003029, 26.110718999762984], [-80.10390399970113, 26.110753999778296], [-80.10386699989121, 26.110836000118788], [-80.10383900030212, 26.110960999769688], [-80.10385699984546, 26.11104800029967], [-80.1038450001499, 26.111080999760546], [-80.10383900030212, 26.111158000348567], [-80.1038450001499, 26.111372999815234], [-80.10383900030212, 26.111443999668587], [-80.10385099999768, 26.111548999838437], [-80.10389399965538, 26.111631999844516], [-80.1039360003865, 26.111681000286907], [-80.10398499989198, 26.111768999696476], [-80.10400900018143, 26.11185200035295], [-80.10401599985413, 26.111917999618097], [-80.10399699958755, 26.111977999944354], [-80.10399099973978, 26.11204399994501], [-80.10403400029578, 26.112149000382548], [-80.10404000014357, 26.112193000322772], [-80.10407100010572, 26.112252999701226], [-80.10409000037227, 26.112259000202034], [-80.1041129999385, 26.112274999653835], [-80.10409500039515, 26.112319999763983], [-80.10408100015145, 26.112334000386205], [-80.10407100010572, 26.1123529996724], [-80.10407699995349, 26.11239099984874], [-80.10409200002209, 26.11240400024585], [-80.1041189997863, 26.11241900026793], [-80.10414399990066, 26.112456999616196], [-80.10414999974843, 26.112512000200567], [-80.10414999974843, 26.112595000329478], [-80.10413200020507, 26.112874999697933], [-80.10411399976341, 26.11293599974503], [-80.10409500039515, 26.112973999731835], [-80.10407600012859, 26.112980999600698], [-80.10406500025793, 26.113002000011402], [-80.10405900041013, 26.113045999630508], [-80.10405900041013, 26.113095999690895], [-80.10404699981626, 26.11322200036123], [-80.10405900041013, 26.113255000015013], [-80.10405299966405, 26.113326999740597], [-80.10404699981626, 26.113381999915593], [-80.10404699981626, 26.11345899979449], [-80.1040350001207, 26.11358699967996], [-80.10403400029578, 26.113607999981777], [-80.10404699981626, 26.113672999662924], [-80.10400400015855, 26.113703000186064], [-80.10399999996059, 26.11372099985097], [-80.10398400006707, 26.113791999891376], [-80.10395399992984, 26.11393500004631], [-80.10391999959465, 26.11409699983564], [-80.10389500037861, 26.11422200003245], [-80.10386400041648, 26.114384000230586], [-80.10383000008127, 26.11456300034773], [-80.10379499992118, 26.114760999892116], [-80.10374999971533, 26.11503100019681], [-80.10372799997403, 26.115174999835435], [-80.10369500036208, 26.115391000170575], [-80.1036740004457, 26.115532999792563], [-80.10367899957022, 26.11560499972809], [-80.1036970000119, 26.1156750000486], [-80.10370899970746, 26.11574999965409], [-80.10370500040781, 26.115822000262558], [-80.1036970000119, 26.115947999607428], [-80.10368500031635, 26.116092999914493], [-80.1036619998518, 26.116309000166243], [-80.10362800041493, 26.116544000236914], [-80.10357900001111, 26.116813000276693], [-80.1035489998739, 26.11695599996181], [-80.10355499972167, 26.117104000354125], [-80.10356599959232, 26.117265999783932], [-80.10358300020907, 26.117445999693565], [-80.10360099975242, 26.117589000217333], [-80.10360400012547, 26.11771899995499], [-80.10365600000401, 26.11985899979434], [-80.10365799965383, 26.119986999929584], [-80.10364000011049, 26.12014900020224], [-80.10362099984393, 26.12023799983819], [-80.10358099966095, 26.120361999770818], [-80.10354499967593, 26.120448999755578], [-80.10348399957655, 26.120586999904454], [-80.10342400020042, 26.120744000232175], [-80.10336899994884, 26.120901999686303], [-80.10331100022252, 26.12109700016273], [-80.10326199981871, 26.12129299964775], [-80.10323099985658, 26.121436000303202], [-80.10320300026748, 26.121598000180057], [-80.103183000176, 26.121740999655678], [-80.10316599955925, 26.12188399976287], [-80.1031699997572, 26.12204400036344], [-80.10317899997804, 26.122187000099768], [-80.10316599955925, 26.122275999796578], [-80.1031339997722, 26.122397999723884], [-80.1031349995971, 26.122487000066513], [-80.10315300003877, 26.12261100003211], [-80.10317200030535, 26.122752999752972], [-80.103183000176, 26.12287700024281], [-80.10317399995516, 26.123003000046367], [-80.10316399990943, 26.123120000203173], [-80.10315999971147, 26.123175999926534], [-80.10316499973433, 26.123236000118865], [-80.10314700019099, 26.12333400012476], [-80.10310299981005, 26.123462999801465], [-80.10306699982505, 26.12368000026181], [-80.10306099997726, 26.123800000097976], [-80.1030640003503, 26.123929000066706], [-80.1030579996042, 26.124048000336735], [-80.1030359998629, 26.124166999678984], [-80.10298800018234, 26.124305000275832], [-80.10297599958844, 26.124404000305564], [-80.10297399993863, 26.12453200030107], [-80.10294700017444, 26.124635999891733], [-80.1029160002123, 26.124750999804355], [-80.10290000031878, 26.124850000262658], [-80.10289399957267, 26.12492900006308], [-80.10289199992286, 26.12503099988976], [-80.1028319996484, 26.125304000173756], [-80.10275300000569, 26.12564799991571], [-80.10275200018077, 26.12576800015008], [-80.10274200013504, 26.125866999746556], [-80.10271399964762, 26.12600399984815], [-80.1026910000814, 26.126561000313938], [-80.1026910000814, 26.12696300009327], [-80.10265099989843, 26.127098999625225], [-80.10263400017999, 26.127196999616743], [-80.10262900015714, 26.127296999704402], [-80.10263400017999, 26.127398999883095], [-80.1025990000199, 26.1276299998873], [-80.10256600040793, 26.128018999748882], [-80.10250100011062, 26.12833000014109], [-80.10246900032357, 26.128515000336918], [-80.10244599985901, 26.128653999907634], [-80.10244199966107, 26.12879300011945], [-80.10246199975255, 26.128977000313697], [-80.1024929997147, 26.129244999885252], [-80.10250299976043, 26.129344999832647], [-80.10250100011062, 26.12944499969447], [-80.10248500021707, 26.129545000277176], [-80.10248900041505, 26.129728000024944], [-80.10250000028569, 26.130005000080565], [-80.10249799973757, 26.13022700000025], [-80.1024719997983, 26.130530999728958], [-80.10247000014849, 26.130591000176164], [-80.10247799964608, 26.13071100017165], [-80.10249500026283, 26.130809999611348], [-80.10249699991266, 26.13091099989011], [-80.10248100001911, 26.131009999966782], [-80.1024509998819, 26.131131000394614], [-80.1024519997068, 26.131211000035414], [-80.10245799955459, 26.131331000200372], [-80.10246699977543, 26.13145100024204], [-80.1024790003693, 26.13157000010782], [-80.10250199993551, 26.13184699982734], [-80.10253399972258, 26.13232600031335], [-80.10252600022497, 26.13238599983845], [-80.10252100020209, 26.13252599968574], [-80.10253700009562, 26.132732999820625], [-80.10252799987478, 26.132839000258052], [-80.10251399963109, 26.132938000313402], [-80.10249100006487, 26.133136000172332], [-80.10248000019422, 26.133275999927044], [-80.1024719997983, 26.133436000247652], [-80.10246900032357, 26.133595000313825], [-80.10247400034645, 26.133794999932416], [-80.1024650001256, 26.1338750001678], [-80.10246299957747, 26.133953000284084], [-80.10247400034645, 26.13407300005108], [-80.10247699982116, 26.13415300009604], [-80.10247400034645, 26.134252999873567], [-80.10245599990476, 26.134407000298996], [-80.10241300024707, 26.13481999996069], [-80.10239800017845, 26.134899000276324], [-80.102373999889, 26.135117999697883], [-80.10237300006409, 26.135317999933985], [-80.1023809995617, 26.135447000086018], [-80.10237200023917, 26.135714000116714], [-80.10240300020133, 26.13590399998424], [-80.1023599996453, 26.13614200019707], [-80.1022960000712, 26.136557000193953], [-80.10228799967527, 26.1367190000684], [-80.10226000008619, 26.136875999682495], [-80.10228799967527, 26.13692500002223], [-80.10233600025416, 26.138041999770078], [-80.1023100003149, 26.13876000035977], [-80.10210899957514, 26.140004000287373], [-80.10195200011461, 26.141559999668434], [-80.10177100036465, 26.14357099990171], [-80.10156999962487, 26.14608799962489], [-80.10154799988356, 26.146224000268866], [-80.10138899987491, 26.1468899997943], [-80.10129799963832, 26.14741799981934], [-80.10124900013284, 26.147644000159953], [-80.10114600020067, 26.14819999990589], [-80.10107300040572, 26.148650999633727], [-80.10101200030637, 26.148997999657603], [-80.10100599956026, 26.149191000188754], [-80.10096899975035, 26.14948200023577], [-80.10089599995541, 26.149664000287036], [-80.10079300002326, 26.150147999715774], [-80.10077399975667, 26.150483999718134], [-80.1006769996723, 26.15111200026762], [-80.10060399987736, 26.151386999819156], [-80.10055500037187, 26.151612999730766], [-80.10055199999883, 26.15166599985718], [-80.10053100008243, 26.152151999604897], [-80.10050699979298, 26.152438000156213], [-80.10042800015026, 26.15291199986464], [-80.10030599995153, 26.15346200031784], [-80.10028099983718, 26.153494999891688], [-80.10026300029384, 26.15364899992975], [-80.10016000036167, 26.154216000150612], [-80.10006800030014, 26.154821999968547], [-80.10002399991922, 26.15506999963305], [-80.1000070002008, 26.155168000337067], [-80.100001000353, 26.155288999916145], [-80.0999870001093, 26.15535000038941], [-80.09985499986483, 26.155944000224107], [-80.09983099957536, 26.1561829997347], [-80.09982499972759, 26.15625299992375], [-80.09978700009276, 26.15646300023887], [-80.0997820000699, 26.156489000090325], [-80.09976399962822, 26.15651699961376], [-80.09973799968897, 26.156675999688574], [-80.09972099997051, 26.156786000308262], [-80.09970300042716, 26.156813999760402], [-80.09970300042716, 26.156880000227872], [-80.09964200032782, 26.157254000290063], [-80.09964200032782, 26.157303999970384], [-80.09963700030494, 26.157327000138636], [-80.09959899977179, 26.15754500038654], [-80.09953900039565, 26.157884000339994], [-80.09952000012906, 26.157992000168214], [-80.09952000012906, 26.158030000009322], [-80.09950199968739, 26.158073999597704], [-80.09944099958804, 26.158519999949597], [-80.09937399964089, 26.15890099993375], [-80.09931500008965, 26.15924099979371], [-80.09930099984595, 26.159323999772678], [-80.0992260004012, 26.159655000092272], [-80.09911900027107, 26.160139000003895], [-80.0989660001102, 26.160739000071725], [-80.09897799980577, 26.160772000006055], [-80.09895400041464, 26.160832000229263], [-80.09896000026242, 26.160870999753083], [-80.0989510000416, 26.16088600000063], [-80.09889300031526, 26.161260999918056], [-80.09888400009444, 26.16130400010247], [-80.09880000042884, 26.16169699981566], [-80.09864300007001, 26.162438999763115], [-80.09863700022221, 26.16250500027309], [-80.09856299970407, 26.16288099960727], [-80.0984870004344, 26.163276999799862], [-80.09841899976401, 26.163623999863013], [-80.09835099999196, 26.163980999868215], [-80.09824499968676, 26.164669999959308], [-80.0981929998082, 26.165009999934266], [-80.0981910001584, 26.16502000001339], [-80.09815000015053, 26.16518000035631], [-80.09812000001328, 26.165528999924437], [-80.09808900005115, 26.165911999911753], [-80.09796000017971, 26.16706999973752], [-80.09795599998175, 26.167111999644597], [-80.0979309998674, 26.167387000178923], [-80.0978959997073, 26.167581999607794], [-80.09786399992025, 26.167762000155548], [-80.09782200008745, 26.16823499993909], [-80.09781600023966, 26.16850499995073], [-80.09780399964578, 26.168669999829277], [-80.09777299968364, 26.16876900012803], [-80.09772400017816, 26.16910999997628], [-80.09768700036824, 26.169256000105275], [-80.09763899978934, 26.169446000187115], [-80.09762700009378, 26.16959499988195], [-80.09763299994157, 26.169644000189095], [-80.09755099992579, 26.170458000337476], [-80.09753599985717, 26.17061300027231], [-80.09749300019949, 26.170827999918824], [-80.09749300019949, 26.170861000223194], [-80.09748599962847, 26.170907999761052], [-80.09742000040454, 26.17144400002931], [-80.09737799967344, 26.17206899987895], [-80.09737199982565, 26.172159999653744], [-80.09738400041954, 26.172186999741584], [-80.09735299955906, 26.172439999693566], [-80.09733500001572, 26.172457000276104], [-80.09731300027444, 26.172638000254455], [-80.09729200035804, 26.17281500034902], [-80.09727399991637, 26.17318300031404], [-80.0972620002208, 26.17321599995183], [-80.09723799993135, 26.173480999636066], [-80.09720299977126, 26.17369700013474], [-80.09714599986984, 26.17406400004574], [-80.09715300044085, 26.174090999692613], [-80.09712199958041, 26.17423999990069], [-80.09712199958041, 26.174290000360692], [-80.09711599973261, 26.174322999685096], [-80.09711599973261, 26.174388999918325], [-80.0970859995954, 26.174537000061118], [-80.0970859995954, 26.174565000088787], [-80.09707300007491, 26.17461399991947], [-80.09707300007491, 26.174641999928625], [-80.09706100037936, 26.17469099972694], [-80.09706100037936, 26.174763000265237], [-80.09705600035647, 26.174789999750207], [-80.09701199997555, 26.175004999755487], [-80.09701899964824, 26.17507700009983], [-80.09693300033283, 26.1754289997099], [-80.09688399992902, 26.175582999809677], [-80.09676500010335, 26.176056999782315], [-80.09668999976026, 26.17635900010668], [-80.09661000029264, 26.176771999625224], [-80.09661699996533, 26.17687100029964], [-80.09657400030763, 26.17705800026917], [-80.09656799956154, 26.177201000328004], [-80.09654300034549, 26.177256000241876], [-80.09654300034549, 26.17728399961641], [-80.09652499990382, 26.17733299991648], [-80.09650099961439, 26.177474999978717], [-80.09644600026111, 26.17782300017188], [-80.09641500029898, 26.17786700035397], [-80.0963890003597, 26.178078000098566], [-80.09636699972008, 26.17826899996589], [-80.09636699972008, 26.178296999903267], [-80.0963550000245, 26.178340999906393], [-80.09634199960571, 26.178484000003472], [-80.09634199960571, 26.17853900011811], [-80.09632999991015, 26.178626999925083], [-80.09629200027533, 26.179036000079684], [-80.09628800007737, 26.179088999836974], [-80.09627800003162, 26.179147000213046], [-80.09622100013021, 26.179497000340785], [-80.09622100013021, 26.179765999620958], [-80.09620900043464, 26.17990399977791], [-80.09620900043464, 26.180025000295164], [-80.09619000016808, 26.18014599988062], [-80.09619699984076, 26.18018999999188], [-80.09617799957418, 26.180344000250475], [-80.09617799957418, 26.18038800028697], [-80.09616000003084, 26.180432000306862], [-80.09612300022093, 26.1809330003879], [-80.0961299998936, 26.18097199963771], [-80.09611700037316, 26.181031999946345], [-80.09611700037316, 26.181114999731186], [-80.09610499977926, 26.181148000347925], [-80.09610499977926, 26.18123599979722], [-80.09597300043309, 26.181910999959058], [-80.09594699959551, 26.18204499990225], [-80.09593499989994, 26.182061000270203], [-80.0959039999378, 26.18225400010167], [-80.09637099991802, 26.18224799997389], [-80.09740500033594, 26.182254999719856], [-80.09745100036669, 26.182256000144207], [-80.09757600004015, 26.182254999719856], [-80.09761000037534, 26.182254999719856], [-80.10284500006719, 26.182212999625403], [-80.10334999968225, 26.18221899975499], [-80.10335399988021, 26.182269000016706], [-80.10332700011604, 26.182726000318414], [-80.1032829997351, 26.183499000183573], [-80.10310899965785, 26.18653500002944], [-80.10306799964995, 26.18738099999364], [-80.1030419997107, 26.187951000153177], [-80.10302800036531, 26.18825900010548], [-80.10295399984714, 26.18984700006532], [-80.10294700017444, 26.189926999750483], [-80.10283599984636, 26.191209000027236], [-80.1026979997541, 26.19281400010756], [-80.10248299966894, 26.19529799960647], [-80.10244199966107, 26.19578000003453], [-80.10240400002623, 26.196220000198682], [-80.1023660003914, 26.196660999807158], [-80.10234200010196, 26.19674000015466], [-80.10227199978175, 26.196977000069595], [-80.10224900021554, 26.197056999693945], [-80.1019789998788, 26.19800599981062], [-80.10181400002234, 26.198578000131405], [-80.1016559998386, 26.1991289998367], [-80.10161800020377, 26.199260000096892], [-80.10158100039384, 26.199391000209694], [-80.10116600029215, 26.200833000048508], [-80.10075100019046, 26.20227499976128], [-80.1007339995737, 26.202334000129962], [-80.10071699985527, 26.202392000217337], [-80.10050199977012, 26.203139000233318], [-80.10039100034035, 26.20352600009512], [-80.10006499992711, 26.204660000211266], [-80.10002599956904, 26.204821999786706], [-80.09977500039719, 26.205895999808064], [-80.09948499996896, 26.207131999983137], [-80.09944999980887, 26.2072820000543], [-80.09941600037199, 26.207433000140274], [-80.09903899990513, 26.20903600027469], [-80.09849699958183, 26.211343000138942], [-80.09835299964179, 26.21165600033376], [-80.09834299959604, 26.21169700011669], [-80.09832400022778, 26.211750999690786], [-80.09831900020491, 26.211767000007544], [-80.09829999993833, 26.211812999797772], [-80.09875100002503, 26.21181000009233], [-80.0989100000337, 26.21180399987528], [-80.10421000002289, 26.211685999842167], [-80.10420800037305, 26.21162700018373], [-80.10420599982493, 26.211544999748188], [-80.1041620003423, 26.20981499993338], [-80.10420500000002, 26.209812000176438], [-80.10487700001966, 26.20979799996645], [-80.10528899974831, 26.209788999888175], [-80.1054219998177, 26.20978700031842], [-80.10564500029876, 26.20978799970033], [-80.10600299960075, 26.209790000075998], [-80.1072119999208, 26.20976000007887], [-80.10736000005882, 26.2097570003205], [-80.10795699973539, 26.20974300010394], [-80.10855400031029, 26.209728999885648], [-80.10897899955941, 26.209718000231103], [-80.10936199987407, 26.20970900014659], [-80.11005800018316, 26.20969200016422], [-80.11009199962002, 26.210445000369354], [-80.11011000006168, 26.21087300019394], [-80.11057600021701, 26.21086400019875], [-80.11122899997008, 26.210851000294028], [-80.1118010004306, 26.21083899976074], [-80.11212399957249, 26.210832000120714], [-80.1135549996504, 26.21080299976537], [-80.11374499962122, 26.210793999764775], [-80.11455700028125, 26.210757999755458], [-80.11509600023152, 26.210751000110545], [-80.11752400001909, 26.210637999912638], [-80.11752499984401, 26.210716000267833], [-80.11752599966891, 26.21074800037775], [-80.11886200021061, 26.21068599970342], [-80.11965300005595, 26.210653000202], [-80.12004800006615, 26.210640000273717], [-80.12004899989107, 26.21055799994871], [-80.12004800006615, 26.210493000239726], [-80.12004700024123, 26.210377000048943], [-80.12005100043919, 26.210290999610525], [-80.12005499973884, 26.210224000190216], [-80.12005300008902, 26.21004900007889], [-80.12007300018051, 26.209894999602078], [-80.12007700037847, 26.209869000380674], [-80.12012500005905, 26.20961799988007], [-80.12015799967101, 26.2095130001041], [-80.12020200005193, 26.209412000191865], [-80.12025300010556, 26.20931299976986], [-80.12038600017495, 26.209132999739403], [-80.12047900006137, 26.209011000249998], [-80.12056899957473, 26.208895000194094], [-80.12059399968909, 26.20886700035782], [-80.12065200031374, 26.208817000230454], [-80.12070900021513, 26.20877699962954], [-80.1207769999872, 26.208727999660475], [-80.12083100041387, 26.20867499968716], [-80.12085999982787, 26.208640000026108], [-80.12089599981287, 26.20862500028329], [-80.12096500030817, 26.208588000210884], [-80.12111400027109, 26.20853799996367], [-80.12113400036257, 26.208532999776573], [-80.12122899989882, 26.2085119996332], [-80.12134600007468, 26.208491999685037], [-80.12146400007548, 26.208478000122245], [-80.1222559997457, 26.208434000218876], [-80.12256100024256, 26.208426999628244], [-80.1226290000146, 26.20842600023468], [-80.12273199994677, 26.208423999835528], [-80.12289500015339, 26.208422000242365], [-80.12312699995698, 26.208418000249903], [-80.12316299994198, 26.208417000050275], [-80.12321300017071, 26.208414000257306], [-80.12326900024719, 26.208410000264568], [-80.12329299963834, 26.208406999665467], [-80.12335200008789, 26.20839899967939], [-80.12339800011864, 26.208390000298877], [-80.12345599984495, 26.20837700011785], [-80.12349000018014, 26.208367999929653], [-80.12350400042385, 26.208362999735265], [-80.12355499957916, 26.20834799995675], [-80.12360900000583, 26.20832900018079], [-80.12365000001371, 26.208314999792425], [-80.12368299962567, 26.208302999803625], [-80.12376499964144, 26.20827399962409], [-80.12393600024397, 26.20822299984668], [-80.12471200002068, 26.207936999953876], [-80.12474299998284, 26.207923000324342], [-80.12483900024229, 26.207857999949812], [-80.12487299967918, 26.207839000093866], [-80.12505299960424, 26.207773000273257], [-80.12520400011529, 26.207718999659463], [-80.12612399983203, 26.207380000383264], [-80.12627100014514, 26.207326999796177], [-80.12638400012305, 26.20729500035765], [-80.12648500040538, 26.207260000281646], [-80.12725500033432, 26.206993999843665], [-80.12786999955424, 26.20678300008506], [-80.12946999968658, 26.206239000249596], [-80.12957199979382, 26.206211999993], [-80.1295840003877, 26.20620900014322], [-80.12969999984034, 26.206187000167752], [-80.12985100035138, 26.206140999766006], [-80.12988999981116, 26.206133999843455], [-80.13008700035296, 26.20611400029266], [-80.13024600036161, 26.20611499970611], [-80.13036400036238, 26.20612199962979], [-80.13037600005795, 26.206119999997075], [-80.13040299982212, 26.206115999925508], [-80.13050400010447, 26.206113000073238], [-80.13064100037182, 26.206110000220892], [-80.13088800024403, 26.206089999860012], [-80.13101700011545, 26.206080000081275], [-80.13107700038991, 26.206074999788594], [-80.1311540003828, 26.206069000081893], [-80.13123100037568, 26.20605200037385], [-80.13125499976682, 26.206043000005902], [-80.13128400007915, 26.206033000223133], [-80.13131300039146, 26.206041000371812], [-80.13136000024713, 26.20605400000778], [-80.13143899988984, 26.20606399978873], [-80.13147300022503, 26.20606399978873], [-80.13151400023293, 26.20606399978873], [-80.13158000035516, 26.20606399978873], [-80.13164700030231, 26.20606399978873], [-80.13169300033306, 26.206062000154994], [-80.13202899989373, 26.20605200037385], [-80.13223099956008, 26.206044999639968], [-80.13241100038346, 26.206040000151777], [-80.13248199963024, 26.206037000297535], [-80.13269800043864, 26.206030999782886], [-80.1327109999591, 26.206030999782886], [-80.13272799967756, 26.206030000368713], [-80.13277000040867, 26.20602900014858], [-80.1332669996278, 26.206012999849023], [-80.13377600033913, 26.20599799976768], [-80.134330000358, 26.20597599975234], [-80.13436899981777, 26.205976999972933], [-80.13448699981852, 26.205990999836505], [-80.13452500035167, 26.20600300006368], [-80.1346259997357, 26.206059999715254], [-80.13473600023889, 26.206102000076974], [-80.1347720002239, 26.206117000144907], [-80.134843000369, 26.206150000126385], [-80.13495499962367, 26.206187000167752], [-80.13499300015683, 26.206195000305872], [-80.1350259997688, 26.206261000215232], [-80.13503900018758, 26.206295999785613], [-80.13507299962446, 26.206361000226416], [-80.1350969999139, 26.206392999921704], [-80.1351399995716, 26.20645099959883], [-80.13529000025775, 26.206619999799592], [-80.1356119995747, 26.206954000228226], [-80.13641800038697, 26.20779200013994], [-80.13686100007776, 26.208257999633123], [-80.13712600039163, 26.208528999787955], [-80.13715599963054, 26.208552000325216], [-80.13721199970703, 26.208588000210884], [-80.1373709997157, 26.208690000229506], [-80.13749700011239, 26.208777999826076], [-80.13757400010529, 26.208816000034258], [-80.1377719995737, 26.20859399978778], [-80.13810600038285, 26.208122999823143], [-80.13809299996406, 26.207765000243594], [-80.1385540000965, 26.207546999627027], [-80.13898699974155, 26.206959999889317], [-80.13920600002466, 26.20668500005946], [-80.1392229997431, 26.20653500002497], [-80.13924899968238, 26.206316000111087], [-80.1396939999213, 26.206001999843302], [-80.13980500024938, 26.20554099969435], [-80.139820000318, 26.205140000118664], [-80.13983299983846, 26.204772999764756], [-80.13981299974698, 26.204477000345083], [-80.13964899971545, 26.204331000016488], [-80.13946600031565, 26.204171999660158], [-80.13924700003255, 26.20398100034914], [-80.1392439996595, 26.20381599969198], [-80.13923799981171, 26.203627000278505], [-80.13923399961375, 26.203481999931974], [-80.13916800038983, 26.203483999610036], [-80.13885399967216, 26.20348499985204], [-80.13791499968883, 26.203490000255965], [-80.1376030004176, 26.2034919999339], [-80.13721199970703, 26.203496000095587], [-80.13719400016369, 26.202618000393354], [-80.1371310004145, 26.202614999644958], [-80.13546900035789, 26.202641999929785], [-80.13526299959527, 26.202644999871467], [-80.13526199977035, 26.2026980001722], [-80.13514799996751, 26.20270100011247], [-80.13517100043207, 26.203378999943006], [-80.1351749997317, 26.203506000096315], [-80.13517999975457, 26.203643000100023], [-80.13468400036034, 26.203648999931758], [-80.13395100024132, 26.203658999919305], [-80.133196000381, 26.203671999821243], [-80.13270099991337, 26.203681999806815], [-80.13262899994335, 26.20368000013219], [-80.13241499968309, 26.203677000217137], [-80.1323440004363, 26.203675999976788], [-80.13231199975094, 26.20367499973642], [-80.13221899986452, 26.203673000061645], [-80.13220700016895, 26.203673000061645], [-80.13220299997099, 26.20355399960413], [-80.13212299960504, 26.200580999947984], [-80.13204700033538, 26.197735999632826], [-80.13201100035039, 26.196302999642096], [-80.13192500013666, 26.193147000311594], [-80.13191000006803, 26.192615999970638], [-80.1312179999569, 26.19263199969295], [-80.13055299960995, 26.192645000019873], [-80.12983399973463, 26.192660000209276], [-80.12978900042712, 26.191145999884892], [-80.1297590002899, 26.18998400001659], [-80.12970999988607, 26.189985000374545], [-80.129570000144, 26.189989000194146], [-80.12926200017242, 26.189994999923304], [-80.12834099973243, 26.19001499982434], [-80.12803399958577, 26.190023000267434], [-80.12781500020097, 26.190028999994833], [-80.12715700042503, 26.190048000338688], [-80.12693899996682, 26.190054999616095], [-80.12690299998181, 26.1900540000648], [-80.12679800039982, 26.190052999707433], [-80.12676300023972, 26.190052999707433], [-80.12672499970658, 26.190052000156154], [-80.12670899981306, 26.190052000156154], [-80.12667200000313, 26.189153000249313], [-80.12667000035331, 26.189100000232806], [-80.12666500033045, 26.188966999902735], [-80.12660900025394, 26.188968000269433], [-80.1262390003581, 26.188974000051168], [-80.12609500041803, 26.188977000344977], [-80.12579999996694, 26.188981000199195], [-80.12491700006011, 26.188994999687882], [-80.12462300033224, 26.18900100027431], [-80.12461999995918, 26.188803999666924], [-80.1246130002865, 26.188385999819932], [-80.12460800026362, 26.188214000249634], [-80.12459900004278, 26.18801600035484], [-80.12458300014926, 26.18801600035484], [-80.1245789999513, 26.187575999831704], [-80.12457700030149, 26.187503000381156], [-80.12458200032434, 26.187250999651585], [-80.12455499966185, 26.187252000033013], [-80.12453700011851, 26.18725299960831], [-80.12436499969107, 26.187250999651585], [-80.12430199994188, 26.187250999651585], [-80.12412399966664, 26.18725399998974], [-80.12394600028973, 26.187259000284506], [-80.12359099956417, 26.187263000197692], [-80.12341400001215, 26.18726599972944], [-80.12323900010998, 26.18726999964242], [-80.12271299968019, 26.18728299976163], [-80.12253899960292, 26.18728800005515], [-80.12252899955718, 26.187006999833258], [-80.12250000014318, 26.186163999937925], [-80.12249099992235, 26.18588300022959], [-80.1224819997015, 26.185713000171706], [-80.12245599976225, 26.185203999714965], [-80.12244800026465, 26.185034999872993], [-80.1224449998916, 26.18492100011303], [-80.12243599967076, 26.184581000166542], [-80.12243300019603, 26.18446800036773], [-80.12242499980012, 26.184259000108618], [-80.12240100040897, 26.183634000325505], [-80.12239399983795, 26.183425999790906], [-80.1222759998372, 26.183429000227598], [-80.12192400038299, 26.183439999947076], [-80.12180700020713, 26.18344399999138], [-80.12177399969686, 26.18344600001346], [-80.12167499996265, 26.183452999687493], [-80.1216430001756, 26.18345600012348], [-80.12151400030417, 26.18345499970946], [-80.12112699979157, 26.18345400010154], [-80.12099899974504, 26.18345400010154], [-80.12079999955343, 26.18345899975324], [-80.12020299987685, 26.183474999927025], [-80.12000500040844, 26.18348099999164], [-80.11978500030041, 26.18348099999164], [-80.11912499997632, 26.18348099999164], [-80.11890599969321, 26.1834819995993], [-80.11899000025713, 26.183297999897523], [-80.11924600035016, 26.182747999889074], [-80.11933099984066, 26.182565000256087], [-80.1194749997807, 26.18219500004093], [-80.11958199991084, 26.1818389998056], [-80.11965600042899, 26.181453999685772], [-80.11968900004096, 26.181105999854466], [-80.11970099973651, 26.180702999916548], [-80.11967700034538, 26.17990599986079], [-80.11961200004805, 26.17773499975787], [-80.11960600020026, 26.177517999827202], [-80.11958299973574, 26.176722000229855], [-80.11957199986509, 26.176254999843046], [-80.11953900025313, 26.174854000355683], [-80.11952900020738, 26.17438699974079], [-80.11952599983432, 26.174301999822944], [-80.1195169996135, 26.17404800019232], [-80.11951400013876, 26.1739639997166], [-80.11950400009303, 26.173811000393364], [-80.11947599960561, 26.173353999801705], [-80.1194670002831, 26.173202000179945], [-80.11946100043531, 26.17292899985773], [-80.11944299999365, 26.172112999814367], [-80.11943700014588, 26.171840999874394], [-80.11935500013011, 26.171390000309454], [-80.11928099961195, 26.17097400031519], [-80.11910099968689, 26.17043000012961], [-80.11894599987619, 26.170086000136862], [-80.11893800037859, 26.17006699976316], [-80.11875300043067, 26.169692999669433], [-80.11846100035261, 26.16922000015672], [-80.11799199982423, 26.168586000316065], [-80.11700099996237, 26.167254999809902], [-80.1170949996737, 26.16725300031624], [-80.11736699966025, 26.16724599966935], [-80.11818299961995, 26.167225999892036], [-80.11845600032974, 26.16721999979694], [-80.11861699998822, 26.1672139997015], [-80.11910300023503, 26.167199000267846], [-80.11926499971842, 26.167193999918705], [-80.11934300043455, 26.167193999918705], [-80.11957900043609, 26.167193999918705], [-80.1196580000788, 26.16719499966607], [-80.11972900022393, 26.16719099987036], [-80.11994199976094, 26.16718300027856], [-80.12001399973097, 26.16718099997743], [-80.12077899963703, 26.167164000238078], [-80.12143599958806, 26.167152999788875], [-80.12155399958883, 26.167145000194456], [-80.12167699961248, 26.16713800034735], [-80.12190500011643, 26.167133999743474], [-80.12194799977414, 26.16713299999561], [-80.12194600012431, 26.1669950000386], [-80.12194000027654, 26.166374000226735], [-80.12193500025364, 26.166133000315234], [-80.12192000018503, 26.166133000315234], [-80.12192000018503, 26.1660779999913], [-80.12192100000995, 26.164561000094253], [-80.12183099959827, 26.164539000316246], [-80.12181200023001, 26.164533999853035], [-80.12159100029707, 26.164353000194765], [-80.12125099964013, 26.164166999776665], [-80.12104899997375, 26.164051000215363], [-80.12101700018671, 26.16402900034115], [-80.12099100024744, 26.16400199997674], [-80.12092299957706, 26.163912999836267], [-80.12090400020881, 26.163880999760114], [-80.12089099979002, 26.163851999809488], [-80.12087400007158, 26.163812999669897], [-80.12085800017805, 26.16374200020922], [-80.12084399993435, 26.16363400006097], [-80.12084200028453, 26.16356299968504], [-80.12083899991148, 26.16341599990495], [-80.12085800017805, 26.163309000041735], [-80.12087200042176, 26.163235999905446], [-80.12089900018594, 26.163129999659283], [-80.12101399981366, 26.16282099963183], [-80.12102200020958, 26.162785000115512], [-80.12101899983654, 26.162604000161743], [-80.12102100038467, 26.16256900036545], [-80.12102899988228, 26.16246000014934], [-80.12101800001162, 26.162425000309835], [-80.12094299966856, 26.162346000080596], [-80.12083700026164, 26.16223299969033], [-80.12080600029951, 26.162211000279484], [-80.1206990001694, 26.16216500025182], [-80.1205510000314, 26.16211699981802], [-80.12051199967333, 26.162111000266314], [-80.12031500002983, 26.16210000014676], [-80.12029300028853, 26.16210000014676], [-80.12027599967178, 26.162100999937778], [-80.1198830002097, 26.162147999781286], [-80.11968999986586, 26.162189999848437], [-80.11957199986509, 26.162188000267918], [-80.11949300022236, 26.16217600036527], [-80.11934000006148, 26.162139999843582], [-80.11912199960328, 26.162054000075333], [-80.11905399983122, 26.162015999932542], [-80.11876900032418, 26.16181899967274], [-80.1187419996617, 26.161793999996597], [-80.11859000022403, 26.161625999873166], [-80.11838699983444, 26.161427000167368], [-80.11837400031396, 26.161414000389524], [-80.11824200006949, 26.16127900031595], [-80.1181790003203, 26.161199000318053], [-80.11814900018308, 26.161161999695775], [-80.11808100041101, 26.161030000343732], [-80.1180599995963, 26.160999999883767], [-80.11800500024302, 26.160946999966086], [-80.11797299955767, 26.16092500031267], [-80.11796199968701, 26.160893000222977], [-80.11796099986209, 26.160861000124534], [-80.11796500006005, 26.160820000187105], [-80.11797799958053, 26.16076799999011], [-80.11805000044887, 26.160495000389606], [-80.11805799994649, 26.160467000208406], [-80.11807300001509, 26.16043199977085], [-80.11806700016731, 26.160405999991912], [-80.11798799962627, 26.16031899994517], [-80.11797799958053, 26.160303999624702], [-80.11796599988497, 26.16028800030207], [-80.11792400005218, 26.160185999831707], [-80.11787800002143, 26.16001100034254], [-80.11786499960263, 26.159918000336713], [-80.11786299995282, 26.159902999964668], [-80.11785799992992, 26.159783000144277], [-80.11784899970911, 26.159577000218487], [-80.11785299990707, 26.1595040001653], [-80.11788800006717, 26.159400000187343], [-80.11797099990784, 26.159120000282044], [-80.11811700039603, 26.158718999777005], [-80.11812200041888, 26.158705999697336], [-80.11815500003087, 26.158640000262974], [-80.11817699977216, 26.15860999999463], [-80.11827899987942, 26.15849799983843], [-80.11826800000877, 26.158423000271238], [-80.11826399981081, 26.158391000301492], [-80.1182570001381, 26.158246000101727], [-80.11826200016098, 26.158209999979718], [-80.11826399981081, 26.15819900029858], [-80.11828300007738, 26.15812700001444], [-80.11829499977294, 26.158079000337853], [-80.11833099975796, 26.157937999863442], [-80.11834400017676, 26.157890999936217], [-80.11845200013178, 26.157847000278807], [-80.11852800029976, 26.157825999868383], [-80.11854800039124, 26.15781599997877], [-80.11859900044487, 26.157793999734874], [-80.11865999964593, 26.157748000384238], [-80.1187140000726, 26.157694999795307], [-80.1187640003013, 26.157637999865308], [-80.1187850002177, 26.157607000316077], [-80.11882399967746, 26.157504000089936], [-80.11883299989829, 26.157395999809914], [-80.11883200007337, 26.15736000023192], [-80.11883700009625, 26.1573239998365], [-80.11884999961671, 26.15728499993311], [-80.11891300026421, 26.157197999977637], [-80.11899399955678, 26.15712400021469], [-80.11901500037148, 26.157105999981944], [-80.11902700006705, 26.157097999698408], [-80.11904899980836, 26.157072999816805], [-80.11904399978548, 26.157036000304707], [-80.11904600033363, 26.157009999768846], [-80.11905100035649, 26.156956999650944], [-80.11908499979334, 26.15686000028563], [-80.11910099968689, 26.15680499962046], [-80.11911599975551, 26.15675399988946], [-80.11910300023503, 26.15672300010531], [-80.11906499970188, 26.156659000030693], [-80.1190179998462, 26.15655900009578], [-80.1189760000134, 26.156457000396372], [-80.11891999993692, 26.156363000135972], [-80.11890900006625, 26.156291000331315], [-80.11888999979969, 26.15625799993564], [-80.11890599969321, 26.156151999798812], [-80.11892300030998, 26.156080999706575], [-80.11894800042433, 26.15601500039974], [-80.11896299959463, 26.155977999745787], [-80.11901100017353, 26.15587899987782], [-80.11903299991482, 26.15584899970576], [-80.11926800009147, 26.155653000165785], [-80.11929400003073, 26.155626000281526], [-80.11947800015375, 26.155346000187507], [-80.1195240001845, 26.15528700021734], [-80.11964700020815, 26.15514499974314], [-80.1198609995701, 26.154885000391683], [-80.11988900005748, 26.154859000182757], [-80.1199819999439, 26.154790999671004], [-80.12004999971596, 26.154753000387547], [-80.12034599999197, 26.154650000060688], [-80.12038500035004, 26.15464400012495], [-80.12058299981844, 26.15463499981761], [-80.12065200031374, 26.154672000091168], [-80.12068099972774, 26.154695999826465], [-80.12070300036736, 26.154726000295014], [-80.12075199987284, 26.154825000335038], [-80.12076699994147, 26.15489700023806], [-80.1207700003145, 26.154932999769745], [-80.12076699994147, 26.155078000055614], [-80.12074500020015, 26.155259000398722], [-80.12075000022303, 26.155294999818718], [-80.12077600016231, 26.155363000036715], [-80.12079600025378, 26.155394000182266], [-80.12087800026954, 26.155458000144506], [-80.12088599976714, 26.155464000038375], [-80.12095500026243, 26.155499000353846], [-80.12106200039254, 26.155545999632082], [-80.12113799966222, 26.15556400010551], [-80.12120299995955, 26.15558699981051], [-80.12128599980022, 26.155617999896506], [-80.1213129995644, 26.15559299969775], [-80.12133699985385, 26.15556400010551], [-80.12136799981599, 26.155496999852303], [-80.12141899986962, 26.15543200006327], [-80.12146099970242, 26.15537999988344], [-80.12153299967244, 26.155250999988564], [-80.12158200007623, 26.155152000310007], [-80.12159499959672, 26.155117999741314], [-80.12160999966532, 26.155046999826133], [-80.12163300012986, 26.154979000230306], [-80.12167900016061, 26.154880000320954], [-80.12173799971184, 26.1548279998951], [-80.12176000035147, 26.154801999673477], [-80.12179600033647, 26.154737000303594], [-80.12186199956041, 26.15463300010759], [-80.12189400024577, 26.154581000378002], [-80.12192199983485, 26.154546999642903], [-80.12202499976702, 26.154444999797125], [-80.12205900010221, 26.154427999814157], [-80.12213299972206, 26.15440099964641], [-80.12217100025521, 26.15439100026957], [-80.12218700014873, 26.154388999749017], [-80.12220999971494, 26.154387000034788], [-80.122249000073, 26.15438999960614], [-80.1222900000809, 26.15437400027874], [-80.12232400041609, 26.15436499995057], [-80.12239300001305, 26.15435499976433], [-80.12244099969364, 26.154348999813426], [-80.12252000023466, 26.154349999670853], [-80.12256000041764, 26.154346000241006], [-80.12270799965732, 26.154342999862205], [-80.12281399996253, 26.154342000004675], [-80.12291000022199, 26.154340000289633], [-80.12295500042784, 26.154340000289633], [-80.12307199970539, 26.154358000142828], [-80.12319700027719, 26.154365999807894], [-80.12326900024719, 26.154370999900646], [-80.12329299963834, 26.154370000043375], [-80.12330600005713, 26.154370000043375], [-80.12334100021722, 26.154352000192077], [-80.12337899985205, 26.154340000289633], [-80.12341800021011, 26.15433299967404], [-80.12363699959492, 26.15431200024376], [-80.12372500035679, 26.154303999768658], [-80.12377200021245, 26.154298999673028], [-80.12380999984727, 26.154290000145394], [-80.12384599983228, 26.154275999714134], [-80.12390399955862, 26.15424300036117], [-80.12391399960435, 26.154238000262932], [-80.12395100031259, 26.154232000306013], [-80.12402999995531, 26.154240999838112], [-80.12414499958304, 26.154267000184756], [-80.1242629995838, 26.154279000094665], [-80.12433799992688, 26.15429699995725], [-80.12437200026207, 26.154277000378542], [-80.1244309998133, 26.154258999706535], [-80.12444800043005, 26.154255000273587], [-80.12464400024864, 26.154232000306013], [-80.12472100024152, 26.15421799986778], [-80.12473200011219, 26.154217000009194], [-80.12483400021942, 26.154216000150612], [-80.12495800006799, 26.15421399962707], [-80.12498400000726, 26.15421000019257], [-80.12530899969727, 26.15417199991355], [-80.12534700023042, 26.15416300037612], [-80.12543300044415, 26.154148999929614], [-80.12558300023197, 26.154125999941154], [-80.12570299988256, 26.15410800005221], [-80.12577400002766, 26.15411099963071], [-80.12585100002057, 26.15412900032554], [-80.12600599983128, 26.15415699960902], [-80.12604299964119, 26.15417000019559], [-80.12605900043305, 26.154181000256603], [-80.12613800007576, 26.15423599973976], [-80.12615800016724, 26.154253999608986], [-80.1261709996877, 26.154261000229322], [-80.12624400038095, 26.15434799995595], [-80.1263180000008, 26.154428999670934], [-80.12659300036043, 26.154453000262574], [-80.12672100040693, 26.15446500015335], [-80.12683699985959, 26.154475000330205], [-80.12687000036985, 26.15447799989929], [-80.1271470003793, 26.15446699986626], [-80.12718699966393, 26.1544710000983], [-80.12726399965683, 26.154489999787497], [-80.12730100036508, 26.154481000274632], [-80.12737599980984, 26.154454000119124], [-80.12753099962053, 26.15442299972385], [-80.12772099959132, 26.15437299961517], [-80.12775800029958, 26.154368000328816], [-80.12780000013237, 26.15436400009327], [-80.1279580003161, 26.154353000049515], [-80.12804199998169, 26.154337999768256], [-80.12813800024117, 26.154222000108373], [-80.12820500018832, 26.15413199990352], [-80.12830499974743, 26.154020000286334], [-80.12844200001479, 26.153841000163744], [-80.1285919998026, 26.153626999706375], [-80.12861600009205, 26.15359799962549], [-80.12869800010782, 26.15351999973366], [-80.12876099985702, 26.153468000314366], [-80.12879000016932, 26.1534500003239], [-80.12899500020873, 26.153338999918155], [-80.12918199980648, 26.153254999846045], [-80.12942000035618, 26.15314699966444], [-80.1295280003112, 26.153088000194952], [-80.12969300016763, 26.15299899979077], [-80.12983499955955, 26.152934000222817], [-80.1298739999176, 26.152927000329196], [-80.12991099972753, 26.152915000280235], [-80.13001899968256, 26.152868999812267], [-80.13011499994204, 26.152806999783934], [-80.1302680001029, 26.152767999983325], [-80.13030699956266, 26.15276299982185], [-80.13034699974563, 26.152765000370273], [-80.13046300009657, 26.15278299966006], [-80.13060700003662, 26.15278699994984], [-80.13066099956498, 26.1527889996915], [-80.13098500032841, 26.152855999887098], [-80.13104700025268, 26.152868999812267], [-80.13115600003262, 26.152913999604145], [-80.13119600021558, 26.152939000376954], [-80.13122100032994, 26.152954000031695], [-80.13125200029208, 26.152978000120385], [-80.13130300034571, 26.15303300017064], [-80.13137299976762, 26.153160000363552], [-80.13140999957753, 26.15322800021319], [-80.13154699984487, 26.153448999652404], [-80.13158799985275, 26.153494999891688], [-80.13172199974704, 26.153646000339343], [-80.13174400038667, 26.15366299962992], [-80.13184499977072, 26.153741000232497], [-80.13193099998443, 26.153782000238866], [-80.13198399968788, 26.153807000019356], [-80.13202200022101, 26.153817000252566], [-80.13210000003883, 26.15382800034687], [-80.13218000040477, 26.153830000070677], [-80.13221899986452, 26.153824000092804], [-80.13225599967444, 26.153812000136075], [-80.13232099997178, 26.15376299962802], [-80.13237500039844, 26.153721999614973], [-80.13240899983532, 26.15369699981628], [-80.13247999998043, 26.153660000039878], [-80.13255199995045, 26.15362099971803], [-80.13258100026277, 26.153607000012826], [-80.13261499969965, 26.153595000033796], [-80.13272900040077, 26.153553999961716], [-80.13289000005926, 26.15344799978722], [-80.1329069997777, 26.153436999657103], [-80.13298999961836, 26.153390000335634], [-80.13306999998431, 26.153308999899348], [-80.13308800042596, 26.153278000006168], [-80.13311000016728, 26.153206999777666], [-80.13317999958916, 26.15307700003091], [-80.13322300014518, 26.15301599998194], [-80.13327199965069, 26.15295900018498], [-80.13338700017673, 26.15281100007287], [-80.13346199962147, 26.152726999620644], [-80.13353500031472, 26.152681999756645], [-80.13356299990382, 26.152669999682505], [-80.1336399998967, 26.152649999824913], [-80.13367900025477, 26.1526449996584], [-80.13375799989748, 26.15264700020882], [-80.1338370004385, 26.15265599986318], [-80.13386400020269, 26.15265699973512], [-80.13388400029417, 26.15265699973512], [-80.13394500039355, 26.152657999607076], [-80.13396600030995, 26.152659000285364], [-80.1339910004243, 26.152659000285364], [-80.13406500004415, 26.152660000157308], [-80.1340750000899, 26.152661000029212], [-80.1340909999834, 26.152661000029212], [-80.13421800020502, 26.152660000157308], [-80.13423300027364, 26.152660000157308], [-80.13443099974204, 26.15264700020882], [-80.13447000010011, 26.152648999952895], [-80.13454899974282, 26.152660000157308], [-80.1345970003217, 26.152673000104322], [-80.13472000034534, 26.15270799964436], [-80.1348230002775, 26.15255200023133], [-80.13487000013319, 26.152494000334343], [-80.13489699989736, 26.152466999719053], [-80.13504599986028, 26.152348000187995], [-80.13525599992255, 26.152245000157105], [-80.13542400015206, 26.152149999852323], [-80.13556499971905, 26.152083000057676], [-80.13564500008499, 26.152041000383402], [-80.13590399965275, 26.151909000387246], [-80.13593100031525, 26.151891000156265], [-80.13597300014804, 26.151860999765155], [-80.13600800030815, 26.15183200005171], [-80.13603400024742, 26.151812000050523], [-80.13606000018669, 26.15179000028712], [-80.13612200011096, 26.151740999736298], [-80.13613700017957, 26.151725999925606], [-80.13616200029394, 26.151703000265886], [-80.13617700036254, 26.151689000330563], [-80.13626100002814, 26.151564999793283], [-80.1362800002947, 26.151538999650935], [-80.13637300018114, 26.151413999878013], [-80.13640699961799, 26.15139900002529], [-80.13648500033412, 26.151385999936338], [-80.13672100033567, 26.151357000104856], [-80.1367999999784, 26.15135199988291], [-80.13681699969683, 26.151349000233484], [-80.1370180004366, 26.151323999926348], [-80.13702799958402, 26.1513220001596], [-80.1370610000943, 26.151317999819597], [-80.13707199996495, 26.151316999936164], [-80.13711399979775, 26.151311999712515], [-80.13715900000359, 26.151311999712515], [-80.13743099999014, 26.151317999819597], [-80.137512000181, 26.151316999936164], [-80.13755400001381, 26.151316000052724], [-80.13768399971015, 26.151313000402382], [-80.13772700026615, 26.151313000402382], [-80.13798500000902, 26.15130800017854], [-80.1381020001849, 26.15128999985488], [-80.13814200036786, 26.151275999869988], [-80.13821400033788, 26.151252000237577], [-80.13842900042303, 26.151161000276225], [-80.13863000026448, 26.15111200026762], [-80.13881199983936, 26.151069000358337], [-80.13888999965718, 26.151057000118275], [-80.13924500038273, 26.1510340003267], [-80.1393640002084, 26.15103500021255], [-80.13956099985191, 26.15105000011209], [-80.13963600019497, 26.151025999626818], [-80.1396710003551, 26.151009999838173], [-80.13974800034798, 26.150992000274883], [-80.13977299956402, 26.150989999696062], [-80.13982699999067, 26.150985000264765], [-80.13998900037238, 26.1509940000473], [-80.14009999980216, 26.151015999960777], [-80.14032999995594, 26.151071000129434], [-80.14047700026903, 26.151123999695653], [-80.14059000024693, 26.15115600004591], [-80.1406160001862, 26.151160000391446], [-80.14066800006472, 26.15117000004516], [-80.14074599988254, 26.151177000044196], [-80.14083200009627, 26.151179999698037], [-80.14086300005842, 26.151179999698037], [-80.1410959996869, 26.151177000044196], [-80.14113400022005, 26.15116599969999], [-80.1411450000907, 26.151164999815236], [-80.14128999985567, 26.151156999930713], [-80.14136799967348, 26.15114800016077], [-80.14152199965925, 26.151114999923166], [-80.14163499963716, 26.151081999676236], [-80.14167099962216, 26.151067999666424], [-80.14186800016398, 26.15094699974182], [-80.14200899973098, 26.150880999949976], [-80.14202899982247, 26.150873000045983], [-80.14208300024913, 26.150854999655188], [-80.14224100043288, 26.150861999673115], [-80.1423190002507, 26.150870000384206], [-80.1423400001671, 26.150873999933204], [-80.14236000025858, 26.150878000288426], [-80.14239700006848, 26.150878000288426], [-80.14242200018285, 26.150874999820438], [-80.14244300009923, 26.150873999933204], [-80.14255400042734, 26.150863000366797], [-80.142637000268, 26.150861999673115], [-80.14271300043599, 26.150861999673115], [-80.14275199989574, 26.15085800012372], [-80.14281600036816, 26.150844000086998], [-80.1429669999809, 26.15096099976615], [-80.14300100031608, 26.150980999913234], [-80.14303700030108, 26.15099499993348], [-80.1431150001189, 26.15100800006602], [-80.14316899964724, 26.15101099972421], [-80.14335100012045, 26.15102299996901], [-80.14336399964091, 26.15102299996901], [-80.1433899995802, 26.151022000083035], [-80.14365900009203, 26.15096099976615], [-80.14373799973473, 26.150954999640724], [-80.14389599991848, 26.150958000106673], [-80.14401399991927, 26.15096799977773], [-80.14409099991215, 26.150980999913234], [-80.14424400007303, 26.15101799973279], [-80.14435700005093, 26.151050999997782], [-80.14449900034116, 26.15110600014998], [-80.14493600018416, 26.151275999869988], [-80.14512500033004, 26.151321000276184], [-80.14531699995067, 26.15135099999977], [-80.14542999992857, 26.151344000011218], [-80.1455930001352, 26.1513340003724], [-80.14574700012098, 26.15130299995453], [-80.14595200016039, 26.151242999668593], [-80.14604500004681, 26.151216000376554], [-80.14608400040487, 26.15121000026423], [-80.14627199982752, 26.151160000391446], [-80.1463179998583, 26.151153000391417], [-80.14650600017926, 26.151127000157263], [-80.14654600036224, 26.1511280000423], [-80.1466989996248, 26.151162000160976], [-80.14684400028806, 26.151221999682196], [-80.14701400016737, 26.151314000285822], [-80.14704099993156, 26.151338999788724], [-80.14706000019812, 26.151371999962972], [-80.14708299976435, 26.151400999790727], [-80.14711100025175, 26.15142699996384], [-80.1471780001989, 26.151466000212675], [-80.14732299996388, 26.151524999695916], [-80.14733499965942, 26.15153199967364], [-80.1473890000861, 26.15156399991199], [-80.14739800030692, 26.151637000095274], [-80.14739800030692, 26.151672999826456], [-80.14741599985027, 26.151703000265886], [-80.14746299970595, 26.151761999629297], [-80.14749200001826, 26.15178599996317], [-80.1475249996302, 26.151806999848105], [-80.14754200024697, 26.151814999688042], [-80.14759599977532, 26.151839999889965], [-80.14773999971538, 26.151898000112045], [-80.1478469998455, 26.151945999912545], [-80.14798300028794, 26.15201999973427], [-80.14808200002214, 26.152079999620657], [-80.14810200011362, 26.152096999945726], [-80.14815499981708, 26.152153000287527], [-80.14834200031314, 26.152464000098266], [-80.14848299988014, 26.15268899966497], [-80.14858699963722, 26.152818999844015], [-80.14861000010174, 26.15284299996047], [-80.14866700000316, 26.152880999865992], [-80.14891999972313, 26.1529999996598], [-80.1489809998225, 26.153002000204168], [-80.14902799967818, 26.1529999996598], [-80.14908799995263, 26.152989000293807], [-80.14912899996051, 26.152976000381972], [-80.14915900009773, 26.15297700025119], [-80.1492200001971, 26.1529799998588], [-80.14928100029647, 26.15298599988007], [-80.14934099967262, 26.15299500031462], [-80.14940099994708, 26.153007000355366], [-80.1494589996734, 26.153022000001393], [-80.14954599971203, 26.153048999681914], [-80.14962899955269, 26.153082000178898], [-80.14970999974356, 26.153120999874584], [-80.1497619996221, 26.153150000073992], [-80.1498110000259, 26.153181999868618], [-80.14985899970648, 26.153216000195155], [-80.14988200017102, 26.153234000221737], [-80.14992700037685, 26.15327100013321], [-80.14997000003456, 26.153309999765693], [-80.15000699984448, 26.15334800032548], [-80.15023500034843, 26.15373000013], [-80.15026700013549, 26.153767999746652], [-80.15027899983104, 26.153783000101164], [-80.15033599973245, 26.153837999771955], [-80.15038900033421, 26.15387899974424], [-80.15046399977896, 26.153924999814027], [-80.15055300036575, 26.153965999755744], [-80.15061500029003, 26.15398700005466], [-80.15068999973478, 26.15400400010185], [-80.15078099997137, 26.154016000038833], [-80.15084200007074, 26.154017999759436], [-80.1509030001701, 26.154015000178504], [-80.15096300044458, 26.154008000349755], [-80.15101199995006, 26.15399800013293], [-80.15130800022607, 26.153982999806026], [-80.15134099983801, 26.153965999755744], [-80.15138900041693, 26.153945000259395], [-80.15145999966373, 26.153921000369614], [-80.15153400018187, 26.153904000310302], [-80.1515850002355, 26.15389699966855], [-80.1516549996574, 26.153893000223174], [-80.1517469997189, 26.15389699966855], [-80.15182799990974, 26.153911000145282], [-80.15187999978829, 26.153923999952923], [-80.1519509999334, 26.15394899970298], [-80.15200600018498, 26.153974000254014], [-80.1520570002386, 26.154003000241445], [-80.1521059997441, 26.154037000328753], [-80.15215099994994, 26.15407300012577], [-80.15219199995782, 26.154114000015504], [-80.15222999959266, 26.15415699960902], [-80.15226300010293, 26.1542040002342], [-80.1522890000422, 26.15424900031753], [-80.15270699961862, 26.15448600036246], [-80.15277399956577, 26.15460299961516], [-80.15277699993884, 26.154740999720044], [-80.15277399956577, 26.15476899966298], [-80.15277299974088, 26.15479599974559], [-80.15277399956577, 26.154823999675322], [-80.15277699993884, 26.154850999745182], [-80.1527819999617, 26.154877999808775], [-80.15278899963438, 26.15490499986617], [-80.15281399974874, 26.154959999814377], [-80.15283600038838, 26.15500600026428], [-80.1528520002819, 26.155029999930886], [-80.15286999982524, 26.15505199988974], [-80.15288900009183, 26.155073999844408], [-80.1529090001833, 26.155094000092813], [-80.15295500021405, 26.155130000370043], [-80.1530060002677, 26.155160999771155], [-80.15306200034418, 26.15518600006248], [-80.1530919995831, 26.15518799976303], [-80.15315299968246, 26.155193999670793], [-80.15321200013202, 26.15520399978514], [-80.15324999976686, 26.1552130000486], [-80.15332699975974, 26.15524000002843], [-80.15338200001132, 26.155265000302833], [-80.15344099956256, 26.155299000022367], [-80.15348199957043, 26.15532799968047], [-80.15355100006572, 26.155388000284784], [-80.15359999957123, 26.15540099992785], [-80.15363899992927, 26.15541400037581], [-80.15369500000575, 26.1554339997596], [-80.15372299959486, 26.15544499970144], [-80.15377799984644, 26.15546800023621], [-80.15380499961061, 26.15548099987039], [-80.15383200027313, 26.1554940003094], [-80.15388400015165, 26.155522999919043], [-80.15391000009093, 26.155538000047954], [-80.15395899959641, 26.155569999993947], [-80.1540070001753, 26.155603999624603], [-80.15405300020606, 26.155639999744448], [-80.15407599977229, 26.155659000049628], [-80.15409800041189, 26.155678000351692], [-80.1541190003283, 26.15569799969024], [-80.15413400039691, 26.155712999796645], [-80.15415199994027, 26.155721000175124], [-80.15418600027543, 26.155736000278576], [-80.15435199995679, 26.155789999989956], [-80.15438399974384, 26.155800000053212], [-80.15444599966814, 26.155820000177155], [-80.15448199965314, 26.155835000267885], [-80.15450900031564, 26.1558560002304], [-80.15452600003407, 26.155888999933442], [-80.15455199997335, 26.155915999756864], [-80.15461100042289, 26.15596600001059], [-80.15474799979192, 26.15609400007874], [-80.15483400000565, 26.156167999688712], [-80.15486099976982, 26.156196000095516], [-80.15490000012788, 26.15625799993564], [-80.15490900034872, 26.15629399985371], [-80.1549360001129, 26.156360999649223], [-80.15496700007503, 26.15646599975685], [-80.15498799999143, 26.156752000215764], [-80.15499999968699, 26.156787000144835], [-80.15503700039524, 26.156843999684327], [-80.15505499993859, 26.156867999779152], [-80.15507300038026, 26.156892999704684], [-80.15513500030451, 26.156979999887618], [-80.15748600009923, 26.160239000095153], [-80.15755100039655, 26.160328999620194], [-80.15796200030029, 26.160898000036017], [-80.15841500003681, 26.161526999960685], [-80.1586390003428, 26.16183699998449], [-80.15947500039398, 26.162995999742694], [-80.15997599981108, 26.163691000286036], [-80.16019199972115, 26.16397900031841], [-80.16021400036077, 26.16402099972619], [-80.16024199994986, 26.164074999633606], [-80.16036499997351, 26.16424300026079], [-80.16048200014939, 26.16409199982326], [-80.161743000348, 26.162465999683043], [-80.16175000002067, 26.162456000191245], [-80.16186100034876, 26.162250999938216], [-80.1618859995648, 26.162262000043523], [-80.1620610003653, 26.161887000119265], [-80.16253199964518, 26.161188000112492], [-80.16263499957734, 26.161031999944097], [-80.1627369996846, 26.160873999963993], [-80.16283700014203, 26.160715999769888], [-80.1629350000513, 26.160555999753278], [-80.16302999958755, 26.160394999711546], [-80.1631230003723, 26.160234000253894], [-80.1632150004338, 26.160071000150914], [-80.16330400012225, 26.15990700001032], [-80.1633910001609, 26.15974299963919], [-80.16347499982648, 26.159577000218487], [-80.16355799966718, 26.159410999755238], [-80.1636380000331, 26.159244000046552], [-80.16371599985091, 26.159074999658632], [-80.16379200001889, 26.158905999832182], [-80.1649400002396, 26.156308000042817], [-80.16551599999977, 26.155002999902447], [-80.16578100031364, 26.15440200030975], [-80.16625599979149, 26.153324000312907], [-80.16637600034039, 26.153101999962445], [-80.16643800026468, 26.15297200009871], [-80.16659100042556, 26.152549999679255], [-80.16707500012421, 26.151485000391204], [-80.16716999966046, 26.151301000187406], [-80.16745099986785, 26.151297999730296], [-80.16754600030242, 26.151297999730296], [-80.16760900005161, 26.151295999963093], [-80.16780099967222, 26.151290999738524], [-80.16786500014464, 26.15128999985488], [-80.16796899990172, 26.151288000087533], [-80.16828100007125, 26.151283999746372], [-80.16838599965322, 26.151283999746372], [-80.16842699966112, 26.151282999862637], [-80.16853999963902, 26.151281999978913], [-80.16699700030641, 26.154805000040515], [-80.16694100022991, 26.154929000359886], [-80.16615799988219, 26.156697000306], [-80.1653410000976, 26.15854799979185], [-80.17063799971373, 26.158371999634962], [-80.1706360000639, 26.15830199991109], [-80.17073200032337, 26.15830100008749], [-80.17188700021678, 26.158275999657395], [-80.17258199980263, 26.158260999880532], [-80.17284100026872, 26.158255999954456], [-80.17331699957147, 26.158246000101727], [-80.17443499965495, 26.15822200029039], [-80.17478100015967, 26.15821400008342], [-80.17547099972266, 26.158159000056614], [-80.17720099955133, 26.158136000052373], [-80.17796100033286, 26.158118999800955], [-80.17813200003707, 26.158113999868796], [-80.17813399968689, 26.15820800033097], [-80.17813500041012, 26.158232000145205], [-80.17813600023503, 26.158306000011624], [-80.17837100041167, 26.158296999986792], [-80.18187299990181, 26.158201999771933], [-80.18206799989547, 26.158196999843334], [-80.1831039999632, 26.158200999947482], [-80.18491599980764, 26.158162000337278], [-80.1849140001578, 26.158061000252466], [-80.1849779997319, 26.15805999962051], [-80.18504899987701, 26.15805799996919], [-80.18526300013725, 26.15805300003445], [-80.18533500010729, 26.15805200020873], [-80.18548599972002, 26.158048999925228], [-80.18593799963165, 26.15803999988056], [-80.1860899999676, 26.15803700040309], [-80.18627499991554, 26.158033000293308], [-80.18683300013235, 26.15802400024742], [-80.18687300031533, 26.15802299961515], [-80.18701899990519, 26.158020999963195], [-80.18701899990519, 26.158002999868863], [-80.18701899990519, 26.157951999855268], [-80.18701899990519, 26.15793500038331], [-80.18701999973013, 26.157527000218764], [-80.18702700030113, 26.15630300003304], [-80.18702999977586, 26.155895999649346], [-80.18701700025537, 26.155315000029237], [-80.18698200009527, 26.153576000198843], [-80.18697100022462, 26.152996000183688], [-80.18696799985157, 26.152854000146576], [-80.1869620000038, 26.152574999723704], [-80.19286399969242, 26.152515000091825], [-80.19288499960882, 26.152515999965015], [-80.19286500041565, 26.15110799992044], [-80.19286000039278, 26.150721000153077], [-80.19285799984462, 26.15058699969069], [-80.19171600037002, 26.15060400023326], [-80.18925800044521, 26.150635999919746], [-80.18711099996672, 26.150659999678844], [-80.18691400032323, 26.150664000041377], [-80.18690699975221, 26.150424999708537], [-80.18687599979008, 26.14931099961439], [-80.18686599974431, 26.148939999606892], [-80.18686499991941, 26.148741000034157], [-80.18686499991941, 26.148343999779517], [-80.1868640000945, 26.148146999818074], [-80.1868640000945, 26.147948999611803], [-80.1868630002696, 26.147870000062927], [-80.1868630002696, 26.1476320003741], [-80.1868630002696, 26.147553999719957], [-80.18686200044468, 26.147395000116973], [-80.18686099972146, 26.146918000008323], [-80.18686099972146, 26.146759000345277], [-80.18683800015523, 26.145980999997036], [-80.18676899965996, 26.14364600014453], [-80.18674699991864, 26.14286899996953], [-80.18674699991864, 26.1426170003495], [-80.1867510001166, 26.141862999767213], [-80.18675199994152, 26.141612000361416], [-80.18659899978064, 26.141613000327997], [-80.18655299974989, 26.141613000327997], [-80.18595900044636, 26.14162000009376], [-80.18576100007964, 26.141622999993263], [-80.1857090002011, 26.14162399995976], [-80.18555299966717, 26.141629999758454], [-80.18550199961354, 26.14163199969129], [-80.18534099995506, 26.141637000329645], [-80.1848580000813, 26.141654999722828], [-80.18475000012629, 26.14165900039403], [-80.182632999785, 26.141757000263887], [-80.18268899986148, 26.145016999801374], [-80.1826960004325, 26.145413000149276], [-80.18054200028132, 26.145455999723392], [-80.17861099971287, 26.145512000026365], [-80.17483700023618, 26.14563100007697], [-80.17454500015813, 26.145635999737628], [-80.17454000013525, 26.14524499982365], [-80.17451800039395, 26.14426600003753], [-80.17449599975433, 26.143158999697388], [-80.17448999990654, 26.14282300038026], [-80.17448800025672, 26.142452999869363], [-80.17456600007452, 26.142449999991218], [-80.17468200042548, 26.142446000153523], [-80.1747190002354, 26.142444000234633], [-80.17483300003822, 26.14244000039676], [-80.17487099967303, 26.142438999630855], [-80.17498799984891, 26.14243599975235], [-80.17534000020142, 26.142428000075885], [-80.1754580002022, 26.14242600015669], [-80.17607900016822, 26.14241199991495], [-80.17794200006627, 26.142371999906178], [-80.1785639998572, 26.142358999618136], [-80.17856100038247, 26.142220000231788], [-80.17855299998655, 26.141804000238146], [-80.17855100033674, 26.141666000157066], [-80.17854700013876, 26.14152500001092], [-80.17853799991795, 26.141102000163514], [-80.1785350004432, 26.140962000114744], [-80.17853299989507, 26.14086199963149], [-80.17852899969711, 26.14056300006271], [-80.17852799987219, 26.14046400002054], [-80.1785270000473, 26.140382000313043], [-80.17852600022236, 26.14029599983021], [-80.17852399967423, 26.140138999976212], [-80.17852299984933, 26.140058000020357], [-80.1785220000244, 26.139987999794197], [-80.17851899965137, 26.139780999617177], [-80.17851799982645, 26.139712000014246], [-80.17851600017663, 26.13962299989345], [-80.17851000032884, 26.13935899988821], [-80.17850899960561, 26.13927100029141], [-80.1785079997807, 26.139220000155667], [-80.17850500030598, 26.139070000386273], [-80.17850399958274, 26.139020000151543], [-80.17850500030598, 26.13897399985212], [-80.1785060001309, 26.1388889999349], [-80.17850699995579, 26.138832999680474], [-80.1785060001309, 26.138800999983875], [-80.17849799973497, 26.138470000188107], [-80.17849500026024, 26.13833500018229], [-80.17849500026024, 26.13830900031857], [-80.17794999956388, 26.138319000266872], [-80.17794999956388, 26.138250999795257], [-80.1779370000434, 26.137002999714152], [-80.17769299964593, 26.137004999726248], [-80.17745499999455, 26.137006999738304], [-80.17670099995914, 26.13701399978025], [-80.17594199990086, 26.13702099982174], [-80.17520100028425, 26.13702799986285], [-80.17441799993652, 26.13703599990933], [-80.17441499956348, 26.136996999677656], [-80.17439600019522, 26.136668999633333], [-80.17439299982216, 26.136618999983273], [-80.1743879997993, 26.1365500001246], [-80.17438399960135, 26.136469000098224], [-80.17438100012659, 26.136420000373594], [-80.17438100012659, 26.136331000162844], [-80.17438100012659, 26.136064999944114], [-80.17438100012659, 26.135977000284072], [-80.1743800003017, 26.13593599966836], [-80.1743800003017, 26.135816000202865], [-80.1743800003017, 26.135776000353644], [-80.1743760001037, 26.13569299975582], [-80.17436699988289, 26.13544500004723], [-80.17436400040816, 26.135363000040712], [-80.17435600001224, 26.135143000250192], [-80.17435799966206, 26.134998000198284], [-80.17436199986003, 26.1349809998022], [-80.17435400036241, 26.134706000309365], [-80.17433699974566, 26.134220999728267], [-80.17433300044603, 26.134132000260927], [-80.1743250000501, 26.133864999838956], [-80.17432199967705, 26.133776000100312], [-80.17431900020233, 26.133709000243236], [-80.17431300035452, 26.133510999742825], [-80.1743109998064, 26.133444999770237], [-80.17430800033166, 26.133351000331434], [-80.17429900011082, 26.133072000067287], [-80.17429599973778, 26.132979000368767], [-80.17429900011082, 26.132918000300844], [-80.17429400008797, 26.13276100020421], [-80.17428999989, 26.13267499975359], [-80.17426599960056, 26.13190600035526], [-80.17425300008007, 26.131547999755483], [-80.17424600040738, 26.131190999727114], [-80.17424499968416, 26.13111699960502], [-80.17423100033878, 26.130463000367712], [-80.17421899974488, 26.12973000016164], [-80.17420299985137, 26.128953000129446], [-80.17415900036875, 26.127732999860637], [-80.17412699968338, 26.12689799973922], [-80.1741209998356, 26.12675099974807], [-80.17410800031512, 26.126408000124766], [-80.17403700017002, 26.12445699987964], [-80.17403200014714, 26.124340000255224], [-80.1740289997741, 26.124270000286], [-80.17543399991276, 26.12422900039979], [-80.17569199965561, 26.12419699992781], [-80.17595399959643, 26.124164000137608], [-80.17580200015878, 26.12415700013201], [-80.17570199970135, 26.124153999783854], [-80.17564300015013, 26.124138000345223], [-80.17555500028658, 26.124112999856933], [-80.17544700033154, 26.124067000138165], [-80.17537299981338, 26.12402199971197], [-80.17534799969901, 26.124007000372615], [-80.17525599963751, 26.1239269998307], [-80.1752189998276, 26.123896000200823], [-80.17515699990331, 26.123820000058718], [-80.17514900040571, 26.12380999967551], [-80.17506999986468, 26.123665000071988], [-80.1750370002527, 26.123562999859274], [-80.1750210003592, 26.12345699987594], [-80.17501899981104, 26.123410999898926], [-80.1750149996131, 26.12330399965435], [-80.17501299996327, 26.123265999800214], [-80.17499899971956, 26.122927000129906], [-80.17499500041991, 26.122820000248637], [-80.17498200000114, 26.122510999966053], [-80.17498000035133, 26.122465999747092], [-80.17459600021175, 26.122477000375778], [-80.17458699999092, 26.12245299966269], [-80.17456199987656, 26.121763000241966], [-80.1749519998639, 26.121754999955925], [-80.17589599987011, 26.121728999627464], [-80.17802200043222, 26.121676999759696], [-80.17900900009613, 26.121656000101268], [-80.17989700002583, 26.12162999975077], [-80.18078699960537, 26.121610000221757], [-80.18165500034192, 26.121583999861016], [-80.1825549999672, 26.12155800030104], [-80.18344399972182, 26.121536999814637], [-80.18432400015392, 26.12151700026972], [-80.1852089997106, 26.12149099988828], [-80.18619000042504, 26.12146500030762], [-80.18619100024993, 26.12140000012084], [-80.18619000042504, 26.12138099988567], [-80.18619100024993, 26.121368999820472], [-80.18619299989977, 26.12125200032998], [-80.18647499993207, 26.121245000149923], [-80.18732400040204, 26.12122599988959], [-80.18760700025925, 26.121220999990328], [-80.18770099997057, 26.121218000373318], [-80.18798600037596, 26.12121100019125], [-80.18808099991219, 26.121208999908706], [-80.1884199998459, 26.121200000249942], [-80.18943599982212, 26.121173999797985], [-80.18977599958076, 26.12116600027819], [-80.18990199997745, 26.121162999853183], [-80.19028299974396, 26.12115400019091], [-80.19040999996557, 26.12115199990736], [-80.1904469997755, 26.12115199990736], [-80.1905609995783, 26.12115199990736], [-80.19059900011146, 26.12115300004914], [-80.19077800021161, 26.121148000146803], [-80.19131799998677, 26.12113499991574], [-80.19149799991183, 26.121131000154584], [-80.1920030004252, 26.121119000063715], [-80.19352099964345, 26.121081999641305], [-80.19402699998173, 26.12107099968785], [-80.19443700006057, 26.12106099987592], [-80.19566899994688, 26.12103299991403], [-80.19607999985061, 26.121024000241704], [-80.19637699995153, 26.121017000048006], [-80.19685800017545, 26.12100800037446], [-80.19724099959178, 26.121000000036755], [-80.19726999990412, 26.120998999893676], [-80.19756799982994, 26.120992999841594], [-80.19769000002867, 26.12098900007559], [-80.19797700008385, 26.120983000023], [-80.19805900009962, 26.120980000399882], [-80.19818200012327, 26.120978000113382], [-80.19825699956802, 26.12097499968355], [-80.19848500007195, 26.120969999773603], [-80.19856100023995, 26.120968999630247], [-80.19848599989687, 26.120884000320828], [-80.19837899976676, 26.120885999802354], [-80.19837700011693, 26.120760000135572], [-80.19837299991897, 26.12063599981876], [-80.19837700011693, 26.120481999788456], [-80.19829900029913, 26.12048099964095], [-80.19824900007042, 26.12048099964095], [-80.19810099993241, 26.12048099964095], [-80.19810900032833, 26.120673000382396], [-80.19811699982594, 26.120893000003928], [-80.19783800016668, 26.120900000205058], [-80.19776700002157, 26.120901000348947], [-80.1977269998386, 26.120901000348947], [-80.19771000012017, 26.120895999629283], [-80.19769400022665, 26.120889000234477], [-80.19767999998292, 26.12087800026284], [-80.19766900011227, 26.12086600014599], [-80.19766099971636, 26.120851000401448], [-80.1976559996935, 26.120834999703963], [-80.1976499998457, 26.120662000390446], [-80.19764599964773, 26.120595999610426], [-80.19763999979996, 26.120438999890393], [-80.19762800010439, 26.12021499962159], [-80.19793900044903, 26.12021300012855], [-80.1979450002968, 26.12027700001984], [-80.19809799955937, 26.120274000378593], [-80.19828900025338, 26.120269999781357], [-80.19932899962075, 26.12024299977947], [-80.19932799979584, 26.12022099971361], [-80.19932100012315, 26.12008799988696], [-80.1993100002525, 26.119873999666197], [-80.1993040004047, 26.119752000329825], [-80.19926400022173, 26.118428999941543], [-80.20038800015298, 26.118392000280533], [-80.20037899993217, 26.118045999809866], [-80.20045900029811, 26.118044000279713], [-80.20094399982169, 26.1180369999075], [-80.20093100030122, 26.11753300023612], [-80.20087600004963, 26.115476999632794], [-80.20075700022394, 26.113650999973423], [-80.20067100001022, 26.112360000385074], [-80.20093999962373, 26.112355000106525], [-80.2010929997846, 26.11234999982775], [-80.20108199991397, 26.11210299998738], [-80.20107500024126, 26.111870999717475], [-80.20102900021051, 26.11045799966423], [-80.20098099963161, 26.108933000168133], [-80.20096200026336, 26.108367999980384], [-80.20089699996602, 26.106345000300795], [-80.2010300000354, 26.10633200003654], [-80.20120199956455, 26.1063350000356], [-80.20126000018918, 26.10633699976606], [-80.20142000002276, 26.106333999767042]]], [[[-80.1490650003864, 26.19784199984292], [-80.14901500015769, 26.197843000133435], [-80.1477410004386, 26.19786899962249], [-80.14773999971538, 26.197677999644302], [-80.14773899989046, 26.197545000242535], [-80.14745199983528, 26.197551000388493], [-80.14736899999463, 26.197633999689344], [-80.14737300019259, 26.19784999974844], [-80.1473969995837, 26.19789100036372], [-80.14829000043461, 26.198794000051564], [-80.14842299960567, 26.198652999656517], [-80.14845100009309, 26.198618999684356], [-80.14855599967508, 26.198497999939914], [-80.14860099988091, 26.198445000145462], [-80.14866100015537, 26.198369999680384], [-80.14870399981307, 26.198316999827675], [-80.14874300017114, 26.198267000005384], [-80.14878699965375, 26.198212000337268], [-80.1490650003864, 26.19784199984292]]], [[[-80.15754200017572, 26.1754659998362], [-80.15800999998086, 26.174406999902136], [-80.15673799991158, 26.174452000252632], [-80.15675899982799, 26.175177999959256], [-80.15676200020104, 26.175212000323295], [-80.15649699988717, 26.175115999696715], [-80.1549290004402, 26.178656000231687], [-80.15494199996067, 26.1788129998481], [-80.15502800017441, 26.180901000146243], [-80.15515899969566, 26.180897000014614], [-80.15606800044009, 26.17885399990823], [-80.15617700022003, 26.178890999753484], [-80.1573089996489, 26.179292999864334], [-80.15754700019859, 26.179376000081536], [-80.15776999978134, 26.17887200000872], [-80.15788100010943, 26.178619999961185], [-80.1576099999478, 26.178518999859556], [-80.15651799980357, 26.17812700006483], [-80.15640499982567, 26.178075999984326], [-80.15659399997155, 26.1776309999158], [-80.15684699969154, 26.1770340002985], [-80.15754200017572, 26.1754659998362]]], [[[-80.18378500020367, 26.084237000240172], [-80.18379900044737, 26.084207999877183], [-80.18377599998284, 26.084207999877183], [-80.18372800030227, 26.084205000117418], [-80.18361199995131, 26.084198000139846], [-80.1834279998283, 26.08418600029254], [-80.18297000006889, 26.084152999697594], [-80.18264500037888, 26.08412800034091], [-80.18265399970139, 26.084112999917505], [-80.18272599967142, 26.08400300025], [-80.1826250002874, 26.08410300017205], [-80.18261000021879, 26.08411799978991], [-80.18247399977635, 26.08411000015531], [-80.18237400021722, 26.08410300017205], [-80.18220400033792, 26.08408599963461], [-80.18216499997986, 26.08412400012062], [-80.18213700039077, 26.084149999936418], [-80.18209700020779, 26.084191999812923], [-80.18198000003193, 26.084332000099216], [-80.18191899993256, 26.084419999916825], [-80.18186200003115, 26.08451899983424], [-80.18183299971884, 26.084582999899276], [-80.18181299962735, 26.084628999823558], [-80.18178800041132, 26.08469700002929], [-80.18176499994678, 26.08477099968626], [-80.1817459996802, 26.084843000005325], [-80.18172999978667, 26.08492499995621], [-80.18172200028906, 26.0849920003457], [-80.18171600044128, 26.085047000131002], [-80.18171399989315, 26.085106000077317], [-80.18171399989315, 26.085169000178606], [-80.18192399995543, 26.085144000232106], [-80.18194099967388, 26.085135000217797], [-80.18196199959027, 26.08513799995372], [-80.18208100031427, 26.0851260002028], [-80.18271200032603, 26.08505600015208], [-80.18304200003891, 26.085017999968702], [-80.18370200036298, 26.08494099992023], [-80.18369899998994, 26.08492599960105], [-80.18369300014217, 26.08489200037645], [-80.18368899994421, 26.084861999723554], [-80.18368700029438, 26.08485200004209], [-80.18368300009642, 26.084811999694093], [-80.18368100044658, 26.084783000280385], [-80.18367899989846, 26.084729999664052], [-80.18367899989846, 26.084690000081142], [-80.1836820002715, 26.084635999775394], [-80.18368399992134, 26.084601000012142], [-80.18369300014217, 26.08454100016312], [-80.18370099963977, 26.084490999996504], [-80.18370700038587, 26.08446800000949], [-80.18372499992921, 26.084396999915857], [-80.18375199969341, 26.084313999945003], [-80.18378500020367, 26.084237000240172]]], [[[-80.18508700041016, 26.083411000220167], [-80.18508099966407, 26.083336999703338], [-80.18507700036443, 26.083284000045815], [-80.1850759996412, 26.08323499980831], [-80.18505600044803, 26.082793000311725], [-80.18473599988259, 26.082796000107688], [-80.18445899987314, 26.082796999770704], [-80.18370700038587, 26.08279899990352], [-80.18285399971795, 26.08280300016915], [-80.18172300011398, 26.08281200036278], [-80.1813230000809, 26.08281200036278], [-80.1812889997457, 26.08281200036278], [-80.18129299994368, 26.08286300010229], [-80.18131300003515, 26.08332100032684], [-80.18131300003515, 26.083352000226203], [-80.18131200021026, 26.083387000362954], [-80.18203100008556, 26.083468999720296], [-80.18288300003026, 26.083548000050445], [-80.18312200040486, 26.083566000322467], [-80.1832029996974, 26.083571999874632], [-80.18327899986538, 26.08357800023333], [-80.18363000039298, 26.0835990002761], [-80.18399600009086, 26.083618000196278], [-80.18440600016969, 26.083625999864513], [-80.18455900033057, 26.083560999619632], [-80.18457299967595, 26.083552999946995], [-80.1846890000269, 26.083513999618724], [-80.18471900016414, 26.083503999822074], [-80.18479199995907, 26.083482000105132], [-80.184864999754, 26.08346100004136], [-80.18493800044725, 26.083442000095673], [-80.18508700041016, 26.083411000220167]]], [[[-80.20356400012822, 26.189597000292096], [-80.20355300025756, 26.187865999648686], [-80.20355200043264, 26.187797999845355], [-80.2033809998301, 26.187799000222103], [-80.20279400019928, 26.18779599989794], [-80.2025849999619, 26.187795000327274], [-80.20217300023326, 26.18779300037985], [-80.20007799963328, 26.187782999835957], [-80.19984199963174, 26.187780999888304], [-80.1996709999275, 26.187780999888304], [-80.19958499971379, 26.18778000031752], [-80.19958700026191, 26.187874999809363], [-80.19958999973667, 26.188115999912196], [-80.19960200033054, 26.18849499997859], [-80.19963099974454, 26.189595999930795], [-80.20254099958096, 26.189610000151657], [-80.20356400012822, 26.189597000292096]]], [[[-80.2037049996952, 26.199786000211436], [-80.20370100039555, 26.199613999742795], [-80.2036279997023, 26.196460999963183], [-80.20363600009823, 26.195266000086086], [-80.20360099993813, 26.195264999773432], [-80.20311600041454, 26.195254999871075], [-80.20293300011643, 26.195251999738957], [-80.20247600018196, 26.195243000148245], [-80.20110500037849, 26.195215999759867], [-80.2006490002689, 26.1952070001664], [-80.20048799971211, 26.195202999719907], [-80.20000700038649, 26.19519200030501], [-80.19984699965461, 26.195189000171286], [-80.19976999966171, 26.195187000350778], [-80.19975299994327, 26.19472999975918], [-80.19969199984389, 26.192296000226563], [-80.19968400034631, 26.191839999918663], [-80.19964599981316, 26.19030699992293], [-80.19964300033843, 26.190170000351536], [-80.19964099979028, 26.19010900036108], [-80.19963099974454, 26.18969500018973], [-80.19963300029266, 26.189659999659987], [-80.19963300029266, 26.18964899972161], [-80.19913299980217, 26.189642999974645], [-80.19889099995282, 26.189666000212156], [-80.19832799971313, 26.18971799961092], [-80.19821999975811, 26.18972299979989], [-80.1980299997873, 26.189720000331413], [-80.19754299971557, 26.189715000142265], [-80.19608400004857, 26.18970299984874], [-80.19574799958959, 26.18970000037973], [-80.19568200036565, 26.18970000037973], [-80.19559799980175, 26.189699000019317], [-80.19556400036488, 26.18825900010548], [-80.19556099999184, 26.18814700021703], [-80.19552199963378, 26.186817000162673], [-80.19551499996108, 26.186592999923935], [-80.19551099976312, 26.18646300031483], [-80.19358400029095, 26.18645799998592], [-80.19257099978945, 26.186454999627255], [-80.19208200006791, 26.186454000045085], [-80.19135599962159, 26.18645200007463], [-80.18930100010292, 26.186446999745222], [-80.18822099965428, 26.186446000163002], [-80.18821999982937, 26.186619000312028], [-80.18823400007305, 26.187021999942562], [-80.1876669996354, 26.187018999598404], [-80.18754799980971, 26.187018999598404], [-80.18754000031211, 26.186748000167427], [-80.18752400041859, 26.18665099978955], [-80.18749199973323, 26.186446000163002], [-80.18737799993039, 26.186446000163002], [-80.1854060002524, 26.186442999804008], [-80.18434500007032, 26.1864889999258], [-80.18368100044658, 26.186567000336158], [-80.18272400002161, 26.186779000030135], [-80.18138099980722, 26.187252000033013], [-80.18020199962437, 26.18765899979192], [-80.17951799990917, 26.187863000132385], [-80.17881900012534, 26.18800900014884], [-80.17828000017509, 26.18808099971415], [-80.17725099978006, 26.188087999915826], [-80.17725499997802, 26.18827299968094], [-80.17729900035894, 26.189306000389784], [-80.17773100017908, 26.18929799989744], [-80.18133999979933, 26.1892440003887], [-80.1813649999137, 26.189243000024373], [-80.18136999993656, 26.189461999804518], [-80.18137499995944, 26.189677000148908], [-80.1834279998283, 26.189666000212156], [-80.18343600022422, 26.19005000024744], [-80.18344999956959, 26.1905490001843], [-80.1834570001406, 26.190930000289747], [-80.18346899983617, 26.191368999890123], [-80.18346999966109, 26.191459000371353], [-80.18352200043793, 26.191458000026042], [-80.18367200022577, 26.191454000256886], [-80.18591000004255, 26.19143500014236], [-80.18680999966783, 26.19142300002598], [-80.18704300019465, 26.191419999795215], [-80.18740399986967, 26.19141499967904], [-80.18749000008339, 26.19141400013944], [-80.18752400041859, 26.192860000131915], [-80.18758799999269, 26.19395599992997], [-80.18759200019063, 26.194081000042367], [-80.18706699958578, 26.19410100004792], [-80.18674500026881, 26.194112000371895], [-80.18678399972855, 26.19504699993323], [-80.1866880003674, 26.19505100038506], [-80.1865600003209, 26.19505600034512], [-80.18556000023818, 26.195099000154023], [-80.18518399959623, 26.19511599984915], [-80.1851240002201, 26.19511599984915], [-80.18494699976976, 26.195118999984732], [-80.18488800021854, 26.19512000029863], [-80.184576000049, 26.19512299962807], [-80.18451900014759, 26.19512399994189], [-80.18437100000959, 26.19511299971347], [-80.17840499984854, 26.195174000307585], [-80.17837899990927, 26.194653999807873], [-80.17836800003863, 26.194061000033408], [-80.17837100041167, 26.19388299964109], [-80.17837999973419, 26.193414999992534], [-80.17335799957937, 26.193534000332942], [-80.1733810000439, 26.194423999822867], [-80.17324799997449, 26.194428000296124], [-80.1729380003531, 26.194435000116375], [-80.17260899956682, 26.194443999769526], [-80.17237500011339, 26.194448000242044], [-80.17230300014337, 26.191862000186642], [-80.17220900043203, 26.19169000010599], [-80.1721990003863, 26.19166799980553], [-80.17219199981528, 26.19164600030698], [-80.17218900034057, 26.191629999643173], [-80.17218799961732, 26.19160100014733], [-80.17219000016547, 26.191580999712507], [-80.17219500018834, 26.191559000197557], [-80.17221799975457, 26.191510000237017], [-80.17229899994541, 26.19143899991218], [-80.17238199978611, 26.19141600002472], [-80.17243899968751, 26.191417999909973], [-80.17249300011417, 26.19143500014236], [-80.17253599977188, 26.191459000371353], [-80.17257900032791, 26.191500000012226], [-80.17261100011497, 26.191541999983272], [-80.17263799987914, 26.19156100008034], [-80.17264799992488, 26.191578999830078], [-80.17324399977653, 26.19157800029185], [-80.17330700042405, 26.19157800029185], [-80.17326499969293, 26.190331999933246], [-80.17325299999737, 26.18902999961133], [-80.17325299999737, 26.1889799998326], [-80.173416000204, 26.188975999978368], [-80.17397000022287, 26.188961000120646], [-80.17425300008007, 26.188953999971424], [-80.17510500002477, 26.188931000399435], [-80.17511699972034, 26.188931000399435], [-80.17521800000269, 26.188926999737394], [-80.17519399971324, 26.188707000194764], [-80.17519200006343, 26.188164999688148], [-80.17519000041358, 26.18799600011062], [-80.17519200006343, 26.18770599981115], [-80.17519200006343, 26.187452999947055], [-80.1751769999948, 26.18718300029539], [-80.17515600007842, 26.186869999605538], [-80.17513900035996, 26.186612000022073], [-80.17511400024561, 26.186432999950387], [-80.17506900003976, 26.186336999699545], [-80.17497500032844, 26.186216000093648], [-80.17495000021408, 26.18612300003131], [-80.17491099985601, 26.185996999854456], [-80.1748890001147, 26.18593400011799], [-80.17485999980241, 26.185858000070667], [-80.17482800001535, 26.185781999973806], [-80.17479500040339, 26.185707000222024], [-80.17476299971801, 26.18564099994914], [-80.17472900028113, 26.18557499963884], [-80.17468099970225, 26.185487000241814], [-80.17463800004454, 26.18541499987956], [-80.17459399966361, 26.185345000268455], [-80.17454799963285, 26.185276000207573], [-80.17444800007374, 26.18514100035585], [-80.17439600019522, 26.185074999762314], [-80.17434099994361, 26.185010999932782], [-80.17428499986713, 26.184947999663176], [-80.1742270001408, 26.184885999761274], [-80.17410499994207, 26.184767000260187], [-80.17404300001779, 26.184711000263224], [-80.17397799972046, 26.184655999836952], [-80.17391099977331, 26.184601999788917], [-80.17384100035142, 26.184547999715853], [-80.17363799996184, 26.184354000053027], [-80.17356900036486, 26.184313000315644], [-80.17349700039483, 26.184269999749755], [-80.17342500042483, 26.184230000390198], [-80.17335199973157, 26.184192000220065], [-80.17327899993663, 26.184156999649336], [-80.1731209997529, 26.18436400008509], [-80.17107700010486, 26.184402999798866], [-80.16824000006336, 26.184466999962385], [-80.16743300032452, 26.184485999601083], [-80.16496199998089, 26.184537999699558], [-80.16307399996847, 26.1845790001639], [-80.1629900003029, 26.182190000334998], [-80.16298500028003, 26.181981000020798], [-80.16295000011992, 26.181974000258368], [-80.16260500033843, 26.181904999813607], [-80.16245200017757, 26.18187499988789], [-80.16195400023518, 26.18178300001382], [-80.1604629998828, 26.181509000011093], [-80.15996599976535, 26.181418000279567], [-80.15981799962734, 26.18138899985412], [-80.15937400011164, 26.181304999831948], [-80.15922599997363, 26.1812769998111], [-80.15907100016292, 26.181257000022423], [-80.15860599983252, 26.181200000323702], [-80.15845199984673, 26.181181000149195], [-80.15831399975447, 26.181166999721647], [-80.157900000376, 26.181127000103093], [-80.15776200028374, 26.181114000103193], [-80.15769000031372, 26.18110999997892], [-80.15747600005346, 26.18109799960522], [-80.15740499990835, 26.181094999914688], [-80.15728699990758, 26.181088000099017], [-80.15693499955508, 26.181070000340785], [-80.15681800027754, 26.181064000152038], [-80.15675800000308, 26.181062000089067], [-80.15657800007801, 26.181057999962988], [-80.15651899962846, 26.181057000334523], [-80.15660800021524, 26.18205700017842], [-80.15665199969787, 26.18296299972506], [-80.15662300028386, 26.182964000143304], [-80.15655299996367, 26.182966000173657], [-80.15627799960404, 26.18297299987649], [-80.1556039999346, 26.182991000146934], [-80.15556600029976, 26.182991999758798], [-80.15556600029976, 26.183068000063223], [-80.15558200019328, 26.183439999947076], [-80.1556039999346, 26.183439000339032], [-80.155808999974, 26.183433999880364], [-80.1558159996467, 26.183618000173535], [-80.1558230002177, 26.183818999907647], [-80.15561700035337, 26.183824999954542], [-80.15562099965301, 26.183886999614874], [-80.15562800022403, 26.184731999862176], [-80.15559300006393, 26.184801999841536], [-80.15555700007891, 26.184871000183122], [-80.15558399984309, 26.185593999902988], [-80.15565300033839, 26.18745499990036], [-80.15565300033839, 26.187471999904954], [-80.15567400025478, 26.18750599990673], [-80.15572899960804, 26.18759800009887], [-80.15574299985175, 26.187977000238174], [-80.15531199985655, 26.187983000070954], [-80.15514600017518, 26.187988000334435], [-80.15514700000008, 26.18828799962721], [-80.155147999825, 26.188396999877558], [-80.155119000411, 26.18839400037491], [-80.1551050001673, 26.188393000003277], [-80.15503400002218, 26.188387000191618], [-80.1550060004331, 26.188385000254343], [-80.1547260000506, 26.18835999982618], [-80.1546470004079, 26.188344999889182], [-80.15381899985432, 26.188383999882646], [-80.1535000000121, 26.188383999882646], [-80.15317899962173, 26.188385999819932], [-80.15301600031343, 26.188387000191618], [-80.15299299984889, 26.188478000123265], [-80.15173000000046, 26.194250999979925], [-80.15140600013535, 26.195752000268243], [-80.15135300043191, 26.195977000128515], [-80.1512830001117, 26.19598200004883], [-80.15031099961809, 26.1978249997397], [-80.15001000021753, 26.198460000393908], [-80.1497330002081, 26.19910299982291], [-80.1496079996363, 26.199669999829528], [-80.14950600042737, 26.200136999864004], [-80.14952700034377, 26.201202999905114], [-80.1494240004116, 26.20152300016174], [-80.14926299985481, 26.201526000132286], [-80.14918699968683, 26.201527999843922], [-80.14902699985326, 26.201530999814327], [-80.14887700006544, 26.201533000331903], [-80.14887700006544, 26.20150599978988], [-80.148748000194, 26.201269000226496], [-80.14842900035177, 26.20073499985034], [-80.14839800038963, 26.200673000290983], [-80.14832300004656, 26.200558000253874], [-80.1481499997942, 26.20036300038698], [-80.14736300014683, 26.201097999793], [-80.14723900029828, 26.201214999819772], [-80.14713100034324, 26.201256000056237], [-80.14714300003881, 26.201853999937597], [-80.14714499968862, 26.201975999673675], [-80.14730399969729, 26.20218400013129], [-80.14735800012396, 26.202254000100982], [-80.14739999995676, 26.202313999926364], [-80.14744000013974, 26.20237200002369], [-80.14744299961446, 26.202467999954592], [-80.1474469998124, 26.202595000295645], [-80.14745100001039, 26.202737000195587], [-80.14746199988103, 26.203093999678554], [-80.14746400042917, 26.20317900035361], [-80.14842699980363, 26.20317399993633], [-80.14845799976578, 26.203146999774866], [-80.1484949995757, 26.203122000097455], [-80.14854800017747, 26.203086000133354], [-80.14853300010886, 26.203132000130267], [-80.14848399970505, 26.203277000106706], [-80.14842699980363, 26.203464999846197], [-80.14837900012306, 26.203610999648806], [-80.1483320002674, 26.20361300013064], [-80.14783799962467, 26.203618999963915], [-80.14758300025487, 26.20362600003772], [-80.14747699994965, 26.203627000278505], [-80.14748299979742, 26.203826999904255], [-80.14725900038977, 26.203831000054482], [-80.1468330004174, 26.20383800011549], [-80.14650100015638, 26.20405699985514], [-80.14638300015562, 26.204346000312643], [-80.14586599994666, 26.20546599977017], [-80.14571299978579, 26.20555299996786], [-80.14485900019127, 26.20603600007745], [-80.14463700043342, 26.20624499994753], [-80.1446290000375, 26.206238000031252], [-80.14461899999175, 26.206232999745353], [-80.14460800012111, 26.206229999896088], [-80.14459700025044, 26.206228000265227], [-80.14458600037979, 26.206227000046795], [-80.14397000043665, 26.206232999745353], [-80.14396600023869, 26.20645300003186], [-80.14214299962526, 26.20647099989769], [-80.14162299994159, 26.206808999995776], [-80.14109300021218, 26.207142999882088], [-80.14013400013735, 26.207900999866855], [-80.13976599989132, 26.208304000004233], [-80.1393480003149, 26.208740999802302], [-80.13936099983536, 26.20931100019196], [-80.13938099992686, 26.209316999731556], [-80.1394269999576, 26.209330999999402], [-80.13954800033142, 26.209359999915563], [-80.1397359997541, 26.209404000274844], [-80.14029800016888, 26.20955100007234], [-80.14041799981949, 26.209582999696604], [-80.14048599959155, 26.209600999884405], [-80.14086800008127, 26.209704000009808], [-80.14189900012612, 26.209982999899502], [-80.14201499957875, 26.210016999776776], [-80.14222499964104, 26.21008000018686], [-80.14235000021283, 26.210117999970006], [-80.14239500041867, 26.210129999771663], [-80.14269199962128, 26.210211000214045], [-80.14287900011735, 26.210267000039156], [-80.14306800026323, 26.210324000020577], [-80.143334000402, 26.21039600029654], [-80.14389799956831, 26.210566999967522], [-80.14404400005648, 26.210622000246634], [-80.14422300015663, 26.21069899962658], [-80.14431400039322, 26.210734999654136], [-80.14443999989162, 26.21078499976348], [-80.14478300002328, 26.210922000065892], [-80.14505099981187, 26.211028000359825], [-80.14553100021091, 26.21121900019714], [-80.14585800044907, 26.21134499968193], [-80.146115000367, 26.211445000161], [-80.14612799988748, 26.211449000049388], [-80.14632799990403, 26.2115039999117], [-80.14692799995366, 26.211669000148564], [-80.14712799997018, 26.211725000078076], [-80.14722699970439, 26.211751999861765], [-80.14732899981165, 26.211780999980668], [-80.14752600035345, 26.211824000060247], [-80.14762699973748, 26.21184699994639], [-80.14769700005768, 26.21186200007989], [-80.14779199959392, 26.211882999618854], [-80.14790799994488, 26.21190600029924], [-80.14797900008999, 26.21192000025562], [-80.14802199974768, 26.211927999999695], [-80.14824000020589, 26.210923999616156], [-80.14827399964275, 26.210779999672916], [-80.14844699989513, 26.210778000120207], [-80.14862000014747, 26.210775999761495], [-80.15592399960173, 26.2107120003542], [-80.15605800039434, 26.2107120003542], [-80.15724300042496, 26.21065999985279], [-80.15822900026399, 26.21061099987051], [-80.1595270002725, 26.210545000009798], [-80.15993999982607, 26.210525999786537], [-80.16176099989133, 26.21043100023551], [-80.16342399977285, 26.210333000057496], [-80.16392699973811, 26.210305999944605], [-80.16508199963151, 26.21024299965685], [-80.16704699963682, 26.210133999705285], [-80.16784400022824, 26.2100930001777], [-80.16864400029439, 26.2100439999567], [-80.1695809997296, 26.20998400008567], [-80.17056400009386, 26.20992900031103], [-80.17181900044471, 26.20989999973064], [-80.17183799981298, 26.20998100033308], [-80.17208800005822, 26.209971000082653], [-80.17264799992488, 26.209960999831363], [-80.17270900002424, 26.209960999831363], [-80.17312699960068, 26.20995500032496], [-80.17323999957858, 26.209952999952115], [-80.17359500030415, 26.209933000251556], [-80.17379199994762, 26.209920000242843], [-80.17409499989633, 26.209867000006366], [-80.17463800004454, 26.209724999938125], [-80.17482899984024, 26.209659999763954], [-80.17489199958943, 26.209638999823895], [-80.17503399987967, 26.20959099960132], [-80.1754930003623, 26.2094370001304], [-80.17580899983147, 26.209351999995004], [-80.17605800025181, 26.20930200007599], [-80.17628400020763, 26.209274999723934], [-80.17630500012402, 26.209273000145348], [-80.17632500021553, 26.20926900018214], [-80.17679200019575, 26.20923500008636], [-80.17696899974776, 26.20923100012185], [-80.17859599964426, 26.209199000400773], [-80.17962900023724, 26.20917899976471], [-80.180472999786, 26.209166999864966], [-80.18164199992312, 26.20915200019006], [-80.18212999981976, 26.209139000094147], [-80.18250499973848, 26.209129999964865], [-80.18339799969107, 26.209140999674997], [-80.18359299968472, 26.20915899993114], [-80.18407999975645, 26.20920499994618], [-80.1842670002525, 26.209250999943045], [-80.18478399956315, 26.209379000329196], [-80.18482799994409, 26.209393999974843], [-80.1850110002422, 26.209455999725503], [-80.18517899957335, 26.2095130001041], [-80.18524200022085, 26.20953400006688], [-80.18526200031236, 26.20953699983097], [-80.18570099980518, 26.209632000111707], [-80.18583600042271, 26.209662000141837], [-80.18587599970736, 26.209667000280426], [-80.18599399970813, 26.20968199988896], [-80.1860120001498, 26.20968300007771], [-80.18621399981616, 26.209705000198365], [-80.18627900011349, 26.20970799995807], [-80.18642300005355, 26.20971499966569], [-80.18646400006142, 26.209718000231103], [-80.18648499997782, 26.209718000231103], [-80.18656100014582, 26.209717000042644], [-80.18797499960698, 26.209723000367287], [-80.18798899985067, 26.209719999802], [-80.18816600030101, 26.20967500017933], [-80.18814899968426, 26.209304999846072], [-80.18814700003442, 26.209232999701122], [-80.1881460002095, 26.209199000400773], [-80.18956200021881, 26.209165999671775], [-80.19141500007113, 26.209125999996747], [-80.1938410002089, 26.209072000010668], [-80.19516699980655, 26.209028999720264], [-80.19539500031048, 26.209028999720264], [-80.19554699974813, 26.209028999720264], [-80.1955450000983, 26.20882900016628], [-80.19553400022765, 26.20775499980277], [-80.19557000021267, 26.207518000065118], [-80.19559100012906, 26.207292999939092], [-80.19560600019769, 26.207222999775336], [-80.19563499961168, 26.207160999641225], [-80.19566099955094, 26.207087000165902], [-80.1956709995967, 26.20698900039622], [-80.19568599966532, 26.206908000129562], [-80.19567599961955, 26.20676299983981], [-80.19565399987826, 26.206596000277266], [-80.19564899985538, 26.20658400011122], [-80.19562499956595, 26.206524000068555], [-80.19559100012906, 26.206474999957052], [-80.19558699993111, 26.20603600007745], [-80.19559000030414, 26.20585599981531], [-80.19561100022055, 26.205796999619576], [-80.19566999977178, 26.205746999785465], [-80.19566999977178, 26.20554099969435], [-80.19563799998473, 26.20487600013243], [-80.1956220000912, 26.203764000139827], [-80.1956220000912, 26.20374299994208], [-80.19557400041063, 26.2032870001262], [-80.19556699983961, 26.203231999605272], [-80.19556400036488, 26.20316200022359], [-80.19976499963884, 26.20325100021315], [-80.19976800001189, 26.20316299966235], [-80.19977200020985, 26.20308399964246], [-80.19978300008052, 26.202867000179204], [-80.19982200043857, 26.20166100033849], [-80.20041800029023, 26.201739999711926], [-80.20160900016866, 26.20189099973232], [-80.20174899991073, 26.201909000303516], [-80.20180499998722, 26.201853999937597], [-80.2022269997616, 26.201399000237203], [-80.20365000034194, 26.199845000229303], [-80.2037049996952, 26.199786000211436]]]]}}, {"type": "Feature", "properties": {"name": "Hallandale Beach", "geoid": "1228452", "county": "broward"}, "geometry": {"type": "Polygon", "coordinates": [[[-80.16597700013223, 25.97761499977255], [-80.16597700013223, 25.97699899983772], [-80.1659610002387, 25.97648199978121], [-80.16590299961406, 25.97561699998193], [-80.16584300023791, 25.975011000245225], [-80.16572400041224, 25.973782999695224], [-80.1655889997947, 25.973825000336156], [-80.16539200015121, 25.973886999870487], [-80.16517600024115, 25.973885000302833], [-80.16503599960075, 25.973885000302833], [-80.16448800032798, 25.973901000073436], [-80.16284399981473, 25.97394900017973], [-80.16229700036686, 25.973965999724737], [-80.16189099958768, 25.973976999761586], [-80.16067399976998, 25.974012000239], [-80.16026899971403, 25.974024000054193], [-80.15986000035844, 25.974034000303064], [-80.15863400031992, 25.974065000019216], [-80.15822599989093, 25.974076000046804], [-80.15811700011099, 25.974079000200984], [-80.15779300024587, 25.97408700007332], [-80.15768500029085, 25.97409100000933], [-80.15758400000851, 25.974094000163117], [-80.15743400022068, 25.97409800009886], [-80.15733200011343, 25.974099999662876], [-80.15657800007801, 25.974120000146794], [-80.15632700000785, 25.97412800001637], [-80.15630400044164, 25.97412800001637], [-80.15623499994635, 25.97413000038746], [-80.15621300020503, 25.97413100016923], [-80.1560270004322, 25.97413599988543], [-80.15547099986519, 25.974150999840298], [-80.15528599991727, 25.974157000144714], [-80.15507099983212, 25.974162999641308], [-80.15442599957663, 25.974180999744277], [-80.15421100038981, 25.97418700004719], [-80.1541190003283, 25.97419099997979], [-80.1538459996185, 25.97420199999556], [-80.15375500028023, 25.974206999708745], [-80.1535359999971, 25.974216000161015], [-80.1528809996959, 25.974245000267654], [-80.152663000136, 25.974254999690142], [-80.15257699992227, 25.97425600027841], [-80.15232199965416, 25.974258999620403], [-80.15223700016365, 25.97426099998929], [-80.1521769998892, 25.974261999769915], [-80.15213699970623, 25.974261999769915], [-80.15211699961476, 25.974263000358118], [-80.15192800036718, 25.97426599969993], [-80.1518379999555, 25.974267000288098], [-80.1517390002213, 25.974268999849265], [-80.15143600027258, 25.974282000226264], [-80.1505280002514, 25.974319999953394], [-80.15022600012759, 25.974334000104793], [-80.1502060000361, 25.974334000104793], [-80.1501490001347, 25.974335999664827], [-80.15012999986814, 25.974337000252394], [-80.14971599959135, 25.974351000401747], [-80.14847600020744, 25.974392000252767], [-80.14806299975557, 25.97440700017499], [-80.14802000009786, 25.974396000178356], [-80.147902999922, 25.97440700017499], [-80.14786399956395, 25.974407999954366], [-80.14782400027929, 25.974406000395575], [-80.14777700042362, 25.974404000029182], [-80.14763799960812, 25.974397999737324], [-80.14759199957736, 25.974396999957833], [-80.14756999983607, 25.974396000178356], [-80.14691600025809, 25.97442500024062], [-80.1462550001091, 25.974455999853745], [-80.146115000367, 25.974462000142626], [-80.14599099962012, 25.974466999844754], [-80.14594899978734, 25.974469000210068], [-80.1456220004475, 25.974469999988923], [-80.14472299974882, 25.974472000354222], [-80.14447300040189, 25.9744940003322], [-80.14384900006281, 25.974496999668123], [-80.14367499998554, 25.974503999733518], [-80.14350099990826, 25.974510999798454], [-80.14212500008192, 25.974676000285886], [-80.13404900015061, 25.974865999777276], [-80.13398200020346, 25.974868000135846], [-80.13386699967742, 25.974868000135846], [-80.13386199965454, 25.974109999905263], [-80.13315299982499, 25.974120000146794], [-80.13041100021805, 25.974227000174455], [-80.12807499959366, 25.974319000173256], [-80.1238740003197, 25.974484000122473], [-80.12382999993876, 25.974552000401257], [-80.12378899993088, 25.974615999915162], [-80.12378800010598, 25.974626999891214], [-80.12376600036465, 25.974890000039743], [-80.12375100029605, 25.97508099976665], [-80.1234809999593, 25.975091999699217], [-80.12330900043017, 25.975102999630725], [-80.12294899968175, 25.975105999758682], [-80.12282300018337, 25.97510899988658], [-80.12255899969442, 25.975115999915538], [-80.12220999971494, 25.975126000071526], [-80.1214880003649, 25.97514499980026], [-80.12124300014251, 25.975151999827055], [-80.12084499975927, 25.9751640003335], [-80.11982899978304, 25.97519199962609], [-80.11956799966713, 25.975197000104757], [-80.11946499973496, 25.975200000230352], [-80.11900000030288, 25.975211999924312], [-80.11808100041101, 25.97524200036522], [-80.11614499981971, 25.975303999960133], [-80.11601299957523, 25.97531400010013], [-80.11529399969992, 25.975317999994374], [-80.11378099960622, 25.975360999858417], [-80.11270500025384, 25.97540200016489], [-80.11315499961734, 25.97730900012172], [-80.11351500036575, 25.978833999779596], [-80.11529200005009, 25.98634100026463], [-80.11521099985924, 25.98699899967579], [-80.11724700000966, 25.986992000354313], [-80.11740400036851, 25.98699099987444], [-80.11763299979903, 25.98699099987444], [-80.11761100005774, 25.987160999775714], [-80.11790899998357, 25.98718999991955], [-80.11801899958843, 25.987201000334238], [-80.11802799980924, 25.987098000301707], [-80.11802899963416, 25.987076000259535], [-80.11803500038026, 25.987012000260286], [-80.11803700003007, 25.98699099987444], [-80.11803899967991, 25.986956999703178], [-80.11804799990074, 25.986857000092478], [-80.11805100027378, 25.986824000363775], [-80.11805799994649, 25.986730999977354], [-80.11806799999222, 25.98662300034797], [-80.11808100041101, 25.98647299966627], [-80.11821500030531, 25.98646699999034], [-80.11926499971842, 25.986426999989522], [-80.11926999974129, 25.986366000285035], [-80.11939899961273, 25.98640100030465], [-80.1197140001553, 25.986486999985637], [-80.11996900042342, 25.986539000119006], [-80.12022799999122, 25.986564999773307], [-80.12055600005426, 25.98657199992772], [-80.12093799964568, 25.98654900011097], [-80.12129599984597, 25.986532999638936], [-80.12176600019926, 25.986511999974987], [-80.1218540000628, 25.986506999977525], [-80.12212000020159, 25.986496000305408], [-80.1221980000194, 25.98649299966057], [-80.12218899979855, 25.986559000102037], [-80.12208599986639, 25.98733400005457], [-80.12186499993345, 25.988979000387985], [-80.12162599955884, 25.98958200023685], [-80.1215510001141, 25.989778000178976], [-80.12133799967876, 25.990330000368708], [-80.12104999979867, 25.99104800014728], [-80.12092699977502, 25.991363000320035], [-80.1204969996047, 25.99247800009455], [-80.12044800009923, 25.99260399970065], [-80.12033500012133, 25.993871999776562], [-80.12024300005983, 25.994913000152334], [-80.12020299987685, 25.995371000027966], [-80.12005200026412, 25.997158999906272], [-80.12001999957874, 25.997471999871724], [-80.12129599984597, 25.997427000046706], [-80.12169300040432, 25.997413000223183], [-80.12201200024654, 25.997407999882146], [-80.12298999968962, 25.997370999935306], [-80.12369600004446, 25.99734599983372], [-80.12373600022744, 25.997345000249414], [-80.1243260002313, 25.997279000213442], [-80.1243959996532, 25.997271000304412], [-80.12452600024785, 25.997263000394863], [-80.12516200028249, 25.997228999965774], [-80.1253739999946, 25.997217999682366], [-80.12557599966097, 25.997211000162068], [-80.1261840001065, 25.997193999941246], [-80.12638699959777, 25.997189000398258], [-80.12647299981151, 25.997184999633344], [-80.1267330001025, 25.9971780001111], [-80.12682000014114, 25.9971760001322], [-80.12684000023262, 25.997174999739013], [-80.12689999960878, 25.997172999760025], [-80.1269210004235, 25.997172999760025], [-80.12718199964107, 25.997191999962585], [-80.12762299968203, 25.997213999725847], [-80.12864600022927, 25.99717699971794], [-80.12954300037983, 25.997147999616303], [-80.13039100012656, 25.9971210002948], [-80.13368400027764, 25.99700800016648], [-80.13375000039989, 25.997006999771873], [-80.13398899987617, 25.997004000202814], [-80.13408599996055, 25.997002000220924], [-80.13459099957561, 25.996996999862354], [-80.13499300015683, 25.99698200040024], [-80.13619900010386, 25.99693900037049], [-80.13660199961167, 25.99692600007676], [-80.13700300036797, 25.996912000193543], [-80.13820699976687, 25.99686900013821], [-80.13860900034808, 25.996855999836708], [-80.13901500022895, 25.996839999960557], [-80.14023200004664, 25.996794999893435], [-80.14063899975241, 25.99678099999461], [-80.14243600042656, 25.996743000260913], [-80.14260899978059, 25.99677999959808], [-80.14276100011656, 25.996775000037488], [-80.14364099965034, 25.996743000260913], [-80.14385099971263, 25.99673599990493], [-80.14448099989949, 25.996716999628593], [-80.14469199978669, 25.99671200006533], [-80.14509000016994, 25.9967000001437], [-80.14628600007124, 25.996666000359106], [-80.14668500027942, 25.996655000022994], [-80.1468960001666, 25.9966510000473], [-80.14753100037632, 25.996641000107488], [-80.14774300008843, 25.99663900011944], [-80.14786399956395, 25.996637999721674], [-80.14822900033523, 25.996635000143215], [-80.14835099963567, 25.996635000143215], [-80.14840000003946, 25.996633999745413], [-80.14854800017747, 25.99663199975725], [-80.14859800040617, 25.99663199975725], [-80.14878599982883, 25.996629000178636], [-80.14901000013482, 25.996623999804175], [-80.15052700042648, 25.99657000010676], [-80.1507819997963, 25.99654699982438], [-80.15098799966063, 25.99653899986553], [-80.15160799980173, 25.996514000394317], [-80.15181500038928, 25.99650700002467], [-80.15201600023073, 25.996501000053527], [-80.15261799993017, 25.996485999720655], [-80.15281999959652, 25.996481999739213], [-80.15302600035916, 25.99647700016596], [-80.15364499977706, 25.99646100023817], [-80.15385200036461, 25.996457000255877], [-80.15405700040402, 25.996451000282203], [-80.15467099979902, 25.996433999951382], [-80.15487699966336, 25.996429000376082], [-80.15508199970276, 25.99642200000137], [-80.1556959999961, 25.996404000074048], [-80.15590199986042, 25.996398000097635], [-80.1561060000749, 25.996392999713365], [-80.15671699999518, 25.996378999766666], [-80.1569220000346, 25.996374999781587], [-80.15712399970097, 25.99636800021109], [-80.15772899977347, 25.99634800028248], [-80.15793200016306, 25.996342000303247], [-80.15811600028607, 25.996338000316907], [-80.1586669999319, 25.996326999950043], [-80.15885199987983, 25.996324000363657], [-80.15922900034668, 25.996309000008164], [-80.15984600011474, 25.996285999674686], [-80.1599630002906, 25.996283999680596], [-80.16036300032367, 25.99627500011043], [-80.16074099971713, 25.996267999726523], [-80.16079000012095, 25.996265000138596], [-80.16093599971082, 25.996255999759565], [-80.16098599993953, 25.996253000171347], [-80.16134900016269, 25.996249000181965], [-80.16243899975876, 25.99623700021305], [-80.16280299980683, 25.99623399981692], [-80.16326899996216, 25.996221999846465], [-80.16395299967736, 25.996205999883955], [-80.16443100042656, 25.996235999811866], [-80.16466700042812, 25.996247000187225], [-80.16490000005662, 25.996259000155124], [-80.16501600040758, 25.99625399976494], [-80.16513299968513, 25.996249000181965], [-80.1652070002033, 25.996245000192474], [-80.16543200033418, 25.996235000218118], [-80.16550699977894, 25.996233000223135], [-80.16549400025848, 25.995966000184918], [-80.16549300043356, 25.99593400018801], [-80.16547900018985, 25.99563599979828], [-80.16547400016697, 25.995292000023454], [-80.16548500003763, 25.99512199977227], [-80.16553500026635, 25.994397999776492], [-80.16555500035784, 25.993661999932485], [-80.16552799969534, 25.992432000345648], [-80.16554500031211, 25.99210199972342], [-80.16557999957388, 25.99179300012847], [-80.16570900034363, 25.99069000004354], [-80.1657000001228, 25.99040500029098], [-80.16567500000845, 25.98954899965828], [-80.16566699961251, 25.989265000021735], [-80.16552900041856, 25.988430999760926], [-80.16550500012913, 25.98828000011015], [-80.16535399961805, 25.987321000313163], [-80.16518000043912, 25.98626499968548], [-80.16514500027901, 25.985928999808603], [-80.16513100003532, 25.985410000079558], [-80.16513199986021, 25.985247999988957], [-80.16513199986021, 25.985084999986455], [-80.16511199976873, 25.984813000390595], [-80.16509800042336, 25.984675999857057], [-80.16508699965438, 25.984295999969966], [-80.16519499960941, 25.98290600020386], [-80.16531900035628, 25.98194599964735], [-80.16539499962595, 25.9813370002574], [-80.16550000010625, 25.980813000204073], [-80.16565200044222, 25.98033700015943], [-80.16578299996347, 25.97992999993488], [-80.16583099964403, 25.97972799970308], [-80.16591299965981, 25.979029000136574], [-80.16593000027656, 25.978705999655226], [-80.16596200006362, 25.97813199969308], [-80.16597700013223, 25.97761499977255]]]}}, {"type": "Feature", "properties": {"name": "Hillsboro Beach", "geoid": "1230850", "county": "broward"}, "geometry": {"type": "Polygon", "coordinates": [[[-80.08376499992649, 26.262558000341674], [-80.08373099959128, 26.26248399986609], [-80.0837020001773, 26.26241999991752], [-80.08365000029875, 26.2623049997073], [-80.08363100003218, 26.262263000309645], [-80.08359800042021, 26.262190000188763], [-80.08356599973486, 26.262120999778528], [-80.0835339999478, 26.262052000132886], [-80.08352399990206, 26.262030000248902], [-80.08350399981057, 26.26198799994618], [-80.08347399967333, 26.261922999984826], [-80.0833509996497, 26.26165800026158], [-80.08330200014422, 26.261552000202958], [-80.08322900034926, 26.261392999933598], [-80.08289299989029, 26.26079899984386], [-80.08195599955677, 26.25914200016866], [-80.08188399958675, 26.259020999737228], [-80.08153700015544, 26.258435000171982], [-80.08149500032265, 26.258365000177417], [-80.081372000299, 26.25815499994068], [-80.08133100029112, 26.258086000355444], [-80.08130600017675, 26.25804299965914], [-80.08113200009949, 26.25774999979286], [-80.08091299981636, 26.257380000153994], [-80.08079499981558, 26.257180999747533], [-80.07918899983548, 26.254469000141338], [-80.07906499998691, 26.254259000111386], [-80.07866499995384, 26.253558999686675], [-80.07611800034057, 26.25645800009324], [-80.07437199972006, 26.279275000317917], [-80.07309100032828, 26.29438099980554], [-80.07216700041356, 26.305261000261563], [-80.07301699981012, 26.30528400017303], [-80.07556900034457, 26.30535400005055], [-80.0762129998768, 26.305370999726836], [-80.07642100028927, 26.305376999943572], [-80.07648099966542, 26.305379000284166], [-80.07666099959047, 26.30538700003567], [-80.07672199968984, 26.305389999741035], [-80.07689300029237, 26.305388000205895], [-80.07723800007388, 26.305384000330253], [-80.0774079999532, 26.305373000067547], [-80.07758000038064, 26.30536299997423], [-80.07778700006986, 26.30535600039155], [-80.0784089998608, 26.3053389999078], [-80.07861700027327, 26.305332999689092], [-80.07871699983238, 26.305331000152975], [-80.07895100018409, 26.305327999640806], [-80.07901899995616, 26.305321000056043], [-80.07912000023852, 26.305310999958245], [-80.0791620000713, 26.30529599980992], [-80.07938399982915, 26.30528699988104], [-80.07944199955546, 26.305285999709962], [-80.07945699962409, 26.3051919996945], [-80.07989000016745, 26.30268099984935], [-80.08008599998603, 26.301538000053807], [-80.0802390001469, 26.30064799999469], [-80.08024699964452, 26.300105000052746], [-80.08027699978173, 26.297953999908533], [-80.08028400035275, 26.297495000149738], [-80.08029000020052, 26.29704600019085], [-80.08029400039848, 26.296743999941725], [-80.08031000029202, 26.29385999980306], [-80.0803160001398, 26.292802000396566], [-80.08043199959242, 26.292263000279835], [-80.08075999965548, 26.290733999760995], [-80.08057200023283, 26.289292999872213], [-80.08058899995127, 26.288931000180593], [-80.08059200032432, 26.288856000098747], [-80.08059599962397, 26.28877999965489], [-80.08068100001279, 26.28694200005907], [-80.08068500021074, 26.286850999853513], [-80.08076600040158, 26.285104000334464], [-80.08077700027224, 26.284508000063237], [-80.08077700027224, 26.28323299984095], [-80.08077899992207, 26.27957100020157], [-80.0808729996334, 26.27762499979528], [-80.08093499955768, 26.276372000044056], [-80.08093999958054, 26.276282000023915], [-80.0809439997785, 26.276191000317453], [-80.08095399982426, 26.275974000357664], [-80.0809649996949, 26.27575799961239], [-80.08114999964283, 26.273768000362605], [-80.08136599955289, 26.271455999641894], [-80.08116700025958, 26.26795500026793], [-80.08120999991729, 26.26779700039996], [-80.08166699985178, 26.26615399976099], [-80.08179700044643, 26.265891999948334], [-80.08214399987774, 26.265198000237792], [-80.08256599965213, 26.264356000277743], [-80.08333399993126, 26.263203000149577], [-80.08376499992649, 26.262558000341674]]]}}, {"type": "Feature", "properties": {"name": "Hollywood", "geoid": "1232000", "county": "broward"}, "geometry": {"type": "MultiPolygon", "coordinates": [[[[-80.24866100034106, 26.03120699999365], [-80.24866299999088, 26.031196999768046], [-80.24864299989942, 26.031193000161895], [-80.24858299962496, 26.03118099972824], [-80.24856300043177, 26.031177000121517], [-80.24834099977562, 26.031133000402836], [-80.24790200028278, 26.031084000146315], [-80.24777599988609, 26.03107600011894], [-80.24728299996659, 26.031046000213347], [-80.24671100040437, 26.03105400024273], [-80.24539400012927, 26.031091000068887], [-80.2446009997358, 26.031114000042223], [-80.24452999959068, 26.031117000354275], [-80.24420099970271, 26.031127999883406], [-80.24356800004112, 26.031151999953167], [-80.24300399997652, 26.031171999603956], [-80.24260499976835, 26.031187000348826], [-80.24220599956017, 26.031195999664725], [-80.24100999965889, 26.031225000236116], [-80.24061200017395, 26.03123499965213], [-80.24021200014086, 26.031247000080256], [-80.23901600023957, 26.03128499994812], [-80.23861700003141, 26.03129799966645], [-80.23821799982323, 26.031308999985797], [-80.23702199992195, 26.031345999731524], [-80.23662400043702, 26.03135900025026], [-80.23625500036606, 26.03136899965485], [-80.23514800015323, 26.031400000386665], [-80.23477999990719, 26.031410999889243], [-80.23434999973689, 26.031422000198003], [-80.23305900029938, 26.031457999807003], [-80.23262999995396, 26.031471000313346], [-80.23262300028128, 26.031328999609833], [-80.23260999986249, 26.031031000257652], [-80.23255299996107, 26.029710999875245], [-80.2325339996945, 26.02927099967612], [-80.23253000039485, 26.0291259999828], [-80.23251799980098, 26.028693000076988], [-80.232513999603, 26.028548999795206], [-80.2325060001054, 26.028406000271026], [-80.23248400036411, 26.027975999714727], [-80.23247699979309, 26.027833999624168], [-80.23247199977021, 26.027687000310053], [-80.23245900024975, 26.02724599964829], [-80.23245500005179, 26.02709999973574], [-80.23244900020399, 26.02695700005992], [-80.23243400013538, 26.02653099960899], [-80.2324290001125, 26.026389000191283], [-80.23242200043981, 26.02624300001958], [-80.23240399999816, 26.025806000178243], [-80.23239899997529, 26.025661000238873], [-80.2323920003026, 26.025518999768302], [-80.2323720002111, 26.02509299974722], [-80.23236600036331, 26.02495200036028], [-80.23235700014247, 26.02480499985727], [-80.23233000037831, 26.02436499982654], [-80.23232199998239, 26.02421900036546], [-80.23246000007464, 26.024214999714193], [-80.23287699982616, 26.024203000181227], [-80.23301599974334, 26.024199999692378], [-80.23310000030725, 26.02419800017369], [-80.23329799977566, 26.02419200000287], [-80.23414300004767, 26.02416900028708], [-80.23442599990487, 26.02416199995152], [-80.23457900006575, 26.02415699994221], [-80.2350410000231, 26.02414400023991], [-80.23519500000891, 26.024140999749548], [-80.23534599962164, 26.024136999902872], [-80.23580199973121, 26.024125000361945], [-80.23595400006718, 26.024121999871095], [-80.23610700022806, 26.024120000351072], [-80.23656499998745, 26.02411699986011], [-80.23671899997325, 26.024115999696424], [-80.23743000035094, 26.024097999977766], [-80.23956500023557, 26.024046000326543], [-80.24027700043818, 26.024030000118763], [-80.24028800030885, 26.02402899995434], [-80.2403209999208, 26.02402899995434], [-80.24033299961637, 26.02402899995434], [-80.24032500011877, 26.023869000176777], [-80.24030400020237, 26.023389999705053], [-80.24029699963135, 26.023231000034716], [-80.24029099978358, 26.02309299973497], [-80.24027400006514, 26.02267999965249], [-80.24026900004226, 26.022542999689133], [-80.24026300019449, 26.02240500019487], [-80.24024599957774, 26.021990999931116], [-80.24024099955487, 26.021852999787775], [-80.2402360004303, 26.021714000105206], [-80.2402210003617, 26.02129700006983], [-80.24021600033883, 26.021158999917688], [-80.2402079999429, 26.020990000165472], [-80.24020600029307, 26.0209419999001], [-80.24019600024734, 26.02072400009596], [-80.2401860002016, 26.02052100038086], [-80.24018399965345, 26.02048600003259], [-80.24017699998076, 26.020318000314614], [-80.24038000037034, 26.02031199994543], [-80.2409899995674, 26.020296000035835], [-80.2411939997819, 26.0202909998618], [-80.2411870001092, 26.020153000141296], [-80.24116799984263, 26.01974199980187], [-80.24116199999486, 26.019604999638002], [-80.24115500032215, 26.019466999918173], [-80.24113699988048, 26.019055999598365], [-80.24113199985763, 26.01891900024832], [-80.24112799965967, 26.018781999931086], [-80.24111699978901, 26.018370000229154], [-80.24111400031425, 26.018234000292228], [-80.24110599991835, 26.01809599976778], [-80.24108400017705, 26.017681999642804], [-80.24107699960604, 26.017545000303624], [-80.2413560001636, 26.01753599994074], [-80.24201999978735, 26.01751500016771], [-80.24219499968952, 26.01750899965525], [-80.242475000072, 26.01750100031695], [-80.24252500030072, 26.017498999876842], [-80.24249500016349, 26.01661000026727], [-80.24246300037645, 26.0166109996876], [-80.24221499978101, 26.016618999893844], [-80.2419689997337, 26.016627000099543], [-80.2414749999893, 26.016643999929364], [-80.24122800011709, 26.016653000360645], [-80.24118999958394, 26.016653000360645], [-80.24107699960604, 26.016656999655112], [-80.24103999979613, 26.01665900010958], [-80.24083899995468, 26.016666000085387], [-80.2402360004303, 26.016689999883937], [-80.24003600041377, 26.016699000311693], [-80.24002800001784, 26.016549000088983], [-80.24000700010144, 26.0161010003494], [-80.24000000042875, 26.015952000403086], [-80.23999399968265, 26.015806000163916], [-80.23997799978913, 26.015367999971502], [-80.23997299976625, 26.0152219998133], [-80.23996799974339, 26.015076999714218], [-80.23995299967478, 26.014641999957057], [-80.2399479996519, 26.014498000194557], [-80.23994099997921, 26.014351999761665], [-80.23992000006282, 26.01391399979552], [-80.23991400021502, 26.013768999695536], [-80.23990800036724, 26.013624000223786], [-80.23988999992558, 26.013188999926644], [-80.23988400007781, 26.013044999996556], [-80.23987800023002, 26.012899999630637], [-80.23985999978835, 26.012466000143203], [-80.23985399994058, 26.01232200013369], [-80.23985099956751, 26.012240000239967], [-80.239842000245, 26.01199400021519], [-80.23983899987196, 26.011913000360032], [-80.239834999674, 26.01184999962674], [-80.23982600035147, 26.01166300018564], [-80.23982299997843, 26.01160100039588], [-80.23981899978048, 26.01152600028087], [-80.23980700008491, 26.011303000194214], [-80.23980399971187, 26.011229000162345], [-80.23980200006203, 26.01120200004093], [-80.23781399959218, 26.01125099971849], [-80.23629600037395, 26.01129100014858], [-80.23577800034008, 26.0113129996931], [-80.23562299963108, 26.011315000238625], [-80.23516099967371, 26.011324000271127], [-80.23500699968793, 26.011327999747127], [-80.2348359999837, 26.011332000030315], [-80.23432399979762, 26.011347000081923], [-80.2341539999183, 26.0113519998296], [-80.23400099975744, 26.01135400037446], [-80.23354600037109, 26.011362000131637], [-80.23339400003512, 26.011365000141332], [-80.23323800039951, 26.011368999615947], [-80.2327730000691, 26.01138300019799], [-80.2326180002584, 26.011387999944137], [-80.23245300040196, 26.01139099995317], [-80.23196100030736, 26.0114010002519], [-80.23179700027583, 26.011404999725244], [-80.2317870002301, 26.011280999840512], [-80.23175899974268, 26.010909000207796], [-80.23175000042018, 26.0107860000765], [-80.23174299984916, 26.01064899995576], [-80.23172500030583, 26.010238000249174], [-80.2317189995597, 26.010101999772164], [-80.23171299971193, 26.01003500016191], [-80.23169500016859, 26.009834999772522], [-80.2316900001457, 26.009769000295854], [-80.23168699977266, 26.009743000124868], [-80.23168099992488, 26.009667999630416], [-80.23167900027505, 26.009642999724065], [-80.23123700040918, 26.009650999597792], [-80.22991099991323, 26.00967800007586], [-80.22946999987226, 26.009687000233853], [-80.22942800003948, 26.009687000233853], [-80.22930500001583, 26.009690000286334], [-80.22926400000794, 26.009690999765617], [-80.22897699995278, 26.009698000156888], [-80.22811599978725, 26.009719999999845], [-80.22782999955697, 26.009727999868353], [-80.22780600016584, 26.009727999868353], [-80.22773599984565, 26.00973099991979], [-80.22771300027942, 26.009732999684932], [-80.22699500022904, 26.009749999705686], [-80.22484299972766, 26.009803999802767], [-80.22412600040047, 26.00982200009869], [-80.2239459995771, 26.00982399986232], [-80.22340800035009, 26.00983400029447], [-80.22322900024993, 26.009837999821233], [-80.22302699968526, 26.009840999869894], [-80.222423000336, 26.0098530000637], [-80.22222199959623, 26.009857000397165], [-80.22204099984626, 26.009859999637992], [-80.2215010000711, 26.009873000114936], [-80.22132100014603, 26.009876999640337], [-80.22107799957347, 26.009882999735563], [-80.22035100020057, 26.009904000066435], [-80.22010900035121, 26.009910999637686], [-80.21995000034256, 26.009913999684464], [-80.2194740001415, 26.00992400010898], [-80.21931599995776, 26.009927999632676], [-80.21885900002327, 26.009936999771487], [-80.2174899998696, 26.009965999944953], [-80.21703399976005, 26.009976000365043], [-80.21676199977347, 26.009981999647863], [-80.2159469996387, 26.0100019996771], [-80.21567600037535, 26.010009000049827], [-80.21538599994712, 26.010012000094125], [-80.21451599956077, 26.010024999746886], [-80.21422699985577, 26.010029000074447], [-80.21411200022803, 26.01003099983454], [-80.21376700044654, 26.01003899968183], [-80.2136529997454, 26.010041999725363], [-80.21353700029276, 26.010044000292552], [-80.21345399955378, 26.010046000052352], [-80.21325400043554, 26.010050999855434], [-80.21329799991817, 26.009868999782018], [-80.21335200034486, 26.009648000351646], [-80.21358699962316, 26.008792999741264], [-80.21431700026746, 26.008440000297675], [-80.21450700023824, 26.00795100005403], [-80.21590999982877, 26.00767100009567], [-80.21597900032404, 26.007658999678856], [-80.2159969998674, 26.007629000246187], [-80.21633699962604, 26.007110999790832], [-80.21650800022856, 26.006849000196016], [-80.21622399964814, 26.006005999977475], [-80.21616500009691, 26.005981000098874], [-80.2150529998612, 26.00549799962367], [-80.21525100022791, 26.005148999650473], [-80.21535900018294, 26.004970000226525], [-80.21562699997155, 26.004537000018306], [-80.21590200033116, 26.004108000357743], [-80.21633900017416, 26.003515000132772], [-80.21652999996988, 26.003240999721434], [-80.21671400009289, 26.002997999638087], [-80.21698699990436, 26.002663000316982], [-80.2170179998665, 26.002626999949864], [-80.21743799999108, 26.002142000320326], [-80.21782200013062, 26.001737999965776], [-80.21866300020467, 26.00086499985022], [-80.21887499991678, 26.000681000155012], [-80.21899100026774, 26.000579999747846], [-80.22006800034335, 25.999515999823192], [-80.22042800019345, 25.999157999682097], [-80.22042099962243, 25.99891800036143], [-80.22041399994976, 25.99871599965833], [-80.22040599955382, 25.998514999797123], [-80.22039499968318, 25.998213999956334], [-80.22039100038354, 25.99811400023555], [-80.22038399981253, 25.99791300015179], [-80.22038399981253, 25.99781300017482], [-80.22038600036066, 25.9975160000967], [-80.22038700018555, 25.997417000172934], [-80.22038100033778, 25.997271999889392], [-80.22036600026915, 25.996839999960557], [-80.2203610002463, 25.996696000169575], [-80.22035399967528, 25.996548999813992], [-80.2203329997589, 25.99611000006319], [-80.2203260000862, 25.99596400018538], [-80.22032100006332, 25.995836999740405], [-80.22032100006332, 25.995423999868347], [-80.22032199988823, 25.995288999603204], [-80.2201229996966, 25.995296000045393], [-80.21952699984493, 25.995320000174235], [-80.21932900037655, 25.99532800021606], [-80.21901399983396, 25.995336000257375], [-80.21807200037588, 25.995362000387868], [-80.21775900038143, 25.995371000027966], [-80.2172429999974, 25.99538599969577], [-80.21569800011666, 25.995433000311152], [-80.21518299955754, 25.995449000378922], [-80.21477099982889, 25.995445000362192], [-80.21353700029276, 25.995435000319763], [-80.21312600038904, 25.995431999903122], [-80.21271799996003, 25.99542900029386], [-80.21149500029458, 25.995419999850785], [-80.21108799969048, 25.995417999841923], [-80.21067900033488, 25.995413000223394], [-80.20945499994619, 25.99540100016907], [-80.2090470004155, 25.9953970001507], [-80.20881300006377, 25.995393999733132], [-80.20811000008199, 25.99538599969577], [-80.20787699955517, 25.995383999686325], [-80.20771199969873, 25.99537300003763], [-80.2072170001294, 25.99534000027782], [-80.20709999995353, 25.995332000236775], [-80.20696900043228, 25.995314000142468], [-80.20640199999463, 25.99523799971385], [-80.2062310002904, 25.99522199961734], [-80.20591400009799, 25.995194000250667], [-80.20567999974625, 25.995190999827884], [-80.20533400013986, 25.995188999815152], [-80.20469100043253, 25.99520099989109], [-80.20374499987817, 25.99521900000275], [-80.20291700022293, 25.995235999701908], [-80.20250899979393, 25.99524199973763], [-80.2012889996032, 25.99525999984298], [-80.2008819998974, 25.99526700028691], [-80.2004729996435, 25.99525999984298], [-80.19924900015312, 25.995239999725765], [-80.19884099972413, 25.995233999689916], [-80.19846900017843, 25.995241000135437], [-80.19735600011784, 25.995263999866022], [-80.19698500039706, 25.995271999911687], [-80.19661299995308, 25.99527599993431], [-80.1964310003782, 25.99527799994558], [-80.19549900006756, 25.99534000027782], [-80.1951290001717, 25.995364999998834], [-80.1947700001465, 25.9953739996387], [-80.19369399989581, 25.995401999769953], [-80.19333599969552, 25.995411999815197], [-80.19295699957884, 25.995421999859584], [-80.19182400032506, 25.99545399999594], [-80.19144600003327, 25.99546499963709], [-80.19104900037325, 25.99547099966111], [-80.18985799959651, 25.995490000138915], [-80.1894619997614, 25.995496999761716], [-80.18905900025358, 25.995504000191566], [-80.18785300030655, 25.99552600027086], [-80.18745099972534, 25.99553400029869], [-80.18703800017177, 25.995542999925647], [-80.18580200008753, 25.995571999615986], [-80.18539000035886, 25.99558199964679], [-80.18499600017358, 25.99559100007746], [-80.18438699990311, 25.995605999717174], [-80.18381699999073, 25.995621000162398], [-80.18342500035355, 25.995631000189], [-80.18210999972827, 25.995659000259007], [-80.18092999972052, 25.995685999916443], [-80.17816800002208, 25.995776000075494], [-80.17706099980926, 25.99581299971719], [-80.17685400012002, 25.995820000128184], [-80.1767110000049, 25.99582499972943], [-80.1762819996595, 25.995840999743802], [-80.17621700026048, 25.995844000149983], [-80.1761400002676, 25.99584600015156], [-80.17595500031966, 25.99584899975017], [-80.17540100030078, 25.995862000163108], [-80.17521700017777, 25.995866000165655], [-80.17482399981739, 25.995878000172432], [-80.17364800000757, 25.995918000186283], [-80.17325600037042, 25.995932000187928], [-80.17284299991854, 25.995944000187986], [-80.17227600037918, 25.995962000185767], [-80.17160600000938, 25.99598400017934], [-80.17119400028074, 25.995998000173113], [-80.17070800003393, 25.996016000162637], [-80.16925400038978, 25.996072000112438], [-80.16876899996788, 25.996090999685645], [-80.16846600001918, 25.99610200007457], [-80.16838099963037, 25.99610600006895], [-80.16783500000741, 25.996185000333565], [-80.16756700021882, 25.99621399986548], [-80.16750899959418, 25.996221000252564], [-80.16726500009501, 25.99621999985129], [-80.16723199958473, 25.996219000257366], [-80.16713299985055, 25.996219000257366], [-80.1671010000635, 25.996219000257366], [-80.16696299997123, 25.996217000262142], [-80.16654799986952, 25.99621100027619], [-80.16641099960218, 25.996209999874786], [-80.16630099999732, 25.996213000271553], [-80.16627300040824, 25.99621399986548], [-80.16613600014088, 25.996217000262142], [-80.16586199960618, 25.99622799983183], [-80.1658209995983, 25.99622799983183], [-80.16570199977262, 25.996229999826916], [-80.16566199958964, 25.99623100022814], [-80.16562999980259, 25.99623100022814], [-80.16553799974108, 25.996231999821912], [-80.16550699977894, 25.996233000223135], [-80.16543200033418, 25.996235000218118], [-80.1652070002033, 25.996245000192474], [-80.16513299968513, 25.996249000181965], [-80.16501600040758, 25.99625399976494], [-80.16490000005662, 25.996259000155124], [-80.16466700042812, 25.996247000187225], [-80.16443100042656, 25.996235999811866], [-80.16395299967736, 25.996205999883955], [-80.16326899996216, 25.996221999846465], [-80.16280299980683, 25.99623399981692], [-80.16243899975876, 25.99623700021305], [-80.16134900016269, 25.996249000181965], [-80.16098599993953, 25.996253000171347], [-80.16093599971082, 25.996255999759565], [-80.16079000012095, 25.996265000138596], [-80.16074099971713, 25.996267999726523], [-80.16036300032367, 25.99627500011043], [-80.1599630002906, 25.996283999680596], [-80.15984600011474, 25.996285999674686], [-80.15922900034668, 25.996309000008164], [-80.15885199987983, 25.996324000363657], [-80.1586669999319, 25.996326999950043], [-80.15811600028607, 25.996338000316907], [-80.15793200016306, 25.996342000303247], [-80.15772899977347, 25.99634800028248], [-80.15712399970097, 25.99636800021109], [-80.1569220000346, 25.996374999781587], [-80.15671699999518, 25.996378999766666], [-80.1561060000749, 25.996392999713365], [-80.15590199986042, 25.996398000097635], [-80.1556959999961, 25.996404000074048], [-80.15508199970276, 25.99642200000137], [-80.15487699966336, 25.996429000376082], [-80.15467099979902, 25.996433999951382], [-80.15405700040402, 25.996451000282203], [-80.15385200036461, 25.996457000255877], [-80.15364499977706, 25.99646100023817], [-80.15302600035916, 25.99647700016596], [-80.15281999959652, 25.996481999739213], [-80.15261799993017, 25.996485999720655], [-80.15201600023073, 25.996501000053527], [-80.15181500038928, 25.99650700002467], [-80.15160799980173, 25.996514000394317], [-80.15098799966063, 25.99653899986553], [-80.1507819997963, 25.99654699982438], [-80.15052700042648, 25.99657000010676], [-80.14901000013482, 25.996623999804175], [-80.14878599982883, 25.996629000178636], [-80.14859800040617, 25.99663199975725], [-80.14854800017747, 25.99663199975725], [-80.14840000003946, 25.996633999745413], [-80.14835099963567, 25.996635000143215], [-80.14822900033523, 25.996635000143215], [-80.14786399956395, 25.996637999721674], [-80.14774300008843, 25.99663900011944], [-80.14753100037632, 25.996641000107488], [-80.1468960001666, 25.9966510000473], [-80.14668500027942, 25.996655000022994], [-80.14628600007124, 25.996666000359106], [-80.14509000016994, 25.9967000001437], [-80.14469199978669, 25.99671200006533], [-80.14448099989949, 25.996716999628593], [-80.14385099971263, 25.99673599990493], [-80.14364099965034, 25.996743000260913], [-80.14276100011656, 25.996775000037488], [-80.14260899978059, 25.99677999959808], [-80.14243600042656, 25.996743000260913], [-80.14063899975241, 25.99678099999461], [-80.14023200004664, 25.996794999893435], [-80.13901500022895, 25.996839999960557], [-80.13860900034808, 25.996855999836708], [-80.13820699976687, 25.99686900013821], [-80.13700300036797, 25.996912000193543], [-80.13660199961167, 25.99692600007676], [-80.13619900010386, 25.99693900037049], [-80.13499300015683, 25.99698200040024], [-80.13459099957561, 25.996996999862354], [-80.13408599996055, 25.997002000220924], [-80.13398899987617, 25.997004000202814], [-80.13375000039989, 25.997006999771873], [-80.13368400027764, 25.99700800016648], [-80.13039100012656, 25.9971210002948], [-80.12954300037983, 25.997147999616303], [-80.12864600022927, 25.99717699971794], [-80.12762299968203, 25.997213999725847], [-80.12718199964107, 25.997191999962585], [-80.1269210004235, 25.997172999760025], [-80.12689999960878, 25.997172999760025], [-80.12684000023262, 25.997174999739013], [-80.12682000014114, 25.9971760001322], [-80.1267330001025, 25.9971780001111], [-80.12647299981151, 25.997184999633344], [-80.12638699959777, 25.997189000398258], [-80.1261840001065, 25.997193999941246], [-80.12557599966097, 25.997211000162068], [-80.1253739999946, 25.997217999682366], [-80.12516200028249, 25.997228999965774], [-80.12452600024785, 25.997263000394863], [-80.1243959996532, 25.997271000304412], [-80.1243260002313, 25.997279000213442], [-80.12373600022744, 25.997345000249414], [-80.12369600004446, 25.99734599983372], [-80.12298999968962, 25.997370999935306], [-80.12201200024654, 25.997407999882146], [-80.12169300040432, 25.997413000223183], [-80.12129599984597, 25.997427000046706], [-80.12001999957874, 25.997471999871724], [-80.12005200026412, 25.997158999906272], [-80.12020299987685, 25.995371000027966], [-80.12024300005983, 25.994913000152334], [-80.12033500012133, 25.993871999776562], [-80.12044800009923, 25.99260399970065], [-80.1204969996047, 25.99247800009455], [-80.12092699977502, 25.991363000320035], [-80.12104999979867, 25.99104800014728], [-80.12133799967876, 25.990330000368708], [-80.1215510001141, 25.989778000178976], [-80.12162599955884, 25.98958200023685], [-80.12186499993345, 25.988979000387985], [-80.12208599986639, 25.98733400005457], [-80.12218899979855, 25.986559000102037], [-80.1221980000194, 25.98649299966057], [-80.12212000020159, 25.986496000305408], [-80.1218540000628, 25.986506999977525], [-80.12176600019926, 25.986511999974987], [-80.12129599984597, 25.986532999638936], [-80.12093799964568, 25.98654900011097], [-80.12055600005426, 25.98657199992772], [-80.12022799999122, 25.986564999773307], [-80.11996900042342, 25.986539000119006], [-80.1197140001553, 25.986486999985637], [-80.11939899961273, 25.98640100030465], [-80.11926999974129, 25.986366000285035], [-80.11926499971842, 25.986426999989522], [-80.11926200024368, 25.986454999829995], [-80.1192420001522, 25.98672300015776], [-80.11923600030443, 25.986812999913813], [-80.11899899957963, 25.986815000069093], [-80.11828700027534, 25.986820999727286], [-80.11805100027378, 25.986824000363775], [-80.11804799990074, 25.986857000092478], [-80.11803899967991, 25.986956999703178], [-80.11803700003007, 25.98699099987444], [-80.11803500038026, 25.987012000260286], [-80.11802899963416, 25.987076000259535], [-80.11802799980924, 25.987098000301707], [-80.11801899958843, 25.987201000334238], [-80.11790899998357, 25.98718999991955], [-80.11761100005774, 25.987160999775714], [-80.11763299979903, 25.98699099987444], [-80.11740400036851, 25.98699099987444], [-80.11724700000966, 25.986992000354313], [-80.11521099985924, 25.98699899967579], [-80.1146090001598, 25.991893000384202], [-80.11453700018977, 25.99247699966137], [-80.114054000316, 25.996410999642382], [-80.11338899996905, 26.001803999918813], [-80.11231600009143, 26.010468999754544], [-80.11195399969317, 26.013383999785905], [-80.11086999994488, 26.022131999646785], [-80.11051000009478, 26.02504800001282], [-80.1097739996027, 26.03098099985337], [-80.10821399965334, 26.04357599991938], [-80.10757000012111, 26.048781000253374], [-80.10707100035383, 26.052828999837892], [-80.10685500044376, 26.0547170000548], [-80.10778400038136, 26.054743999846252], [-80.11057399966887, 26.054825999892223], [-80.11150400032969, 26.054854000367165], [-80.11161800013251, 26.05485700007179], [-80.11196000043927, 26.054868999696524], [-80.11207400024209, 26.054873000109197], [-80.1121379998162, 26.054277999971912], [-80.11224800031935, 26.053275999826823], [-80.11225699964187, 26.05324400012081], [-80.11228400030437, 26.053215000152676], [-80.11232199993921, 26.053197000057533], [-80.11279599959212, 26.053054999837755], [-80.1128569996915, 26.053037999635112], [-80.11284599982085, 26.053518999907105], [-80.11285300039185, 26.054019999608194], [-80.1128569996915, 26.0543299999389], [-80.11280999983583, 26.055061999881374], [-80.11400900011017, 26.055116000106175], [-80.11398800019379, 26.05533299984694], [-80.11398099962277, 26.05542500006204], [-80.11384000005576, 26.05541299968721], [-80.11346599996196, 26.055383000358773], [-80.11346000011416, 26.055839000136107], [-80.1134120004336, 26.05583499975642], [-80.11337499972535, 26.055840000029256], [-80.11334499958812, 26.05585699982545], [-80.113313999626, 26.055900999951103], [-80.11329600008266, 26.055938999899578], [-80.11328400038707, 26.055982999994466], [-80.11326599994541, 26.056027000072806], [-80.11325900027272, 26.05609900031209], [-80.11328400038707, 26.0562199999645], [-80.11328400038707, 26.05625799980953], [-80.11332700004479, 26.056363000272984], [-80.1133560003571, 26.056403999736688], [-80.1133630000298, 26.05641300034533], [-80.11346699978687, 26.056516999975535], [-80.11347299963464, 26.0565389999165], [-80.11347299963464, 26.056566999982145], [-80.11344300039575, 26.05658899991375], [-80.11338200029637, 26.056616000080925], [-80.11334499958812, 26.056659999921575], [-80.11331500034922, 26.056703999745736], [-80.11329000023485, 26.0567259996516], [-80.11326000009764, 26.056808999809547], [-80.11325400024985, 26.056869000149607], [-80.11319300015049, 26.05697400006556], [-80.11318099955659, 26.05705099994414], [-80.11314399974668, 26.057749999870595], [-80.11312600020334, 26.057844000361165], [-80.1131379998989, 26.05791000023129], [-80.1131379998989, 26.05795899976847], [-80.11312600020334, 26.058014000146844], [-80.11309000021832, 26.058097000199446], [-80.11306500010396, 26.058206999993832], [-80.11306500010396, 26.05827799982829], [-80.11305500005822, 26.05835200004186], [-80.11304699966229, 26.058415999883568], [-80.11296800001959, 26.058614000029845], [-80.11292500036188, 26.058675000121596], [-80.11283400012529, 26.058730000163887], [-80.11280399998805, 26.058751999689356], [-80.11276700017814, 26.058790000327285], [-80.1127239996221, 26.058806999695502], [-80.1126940003832, 26.058840000171013], [-80.11265500002513, 26.058896000002893], [-80.11263900013162, 26.058938999927708], [-80.11260899999438, 26.05913199986504], [-80.11260899999438, 26.059180999698192], [-80.11262700043605, 26.059351999828188], [-80.11262900008587, 26.05938400028728], [-80.11237100034302, 26.059355000224663], [-80.11112199983997, 26.05923499963876], [-80.1106959998676, 26.059195000223152], [-80.11074500027141, 26.058865999952193], [-80.11032299959871, 26.058865999952193], [-80.10777699981034, 26.058865999952193], [-80.1069290000636, 26.058865999952193], [-80.10439300032098, 26.088057999851543], [-80.10398900008995, 26.09037899964518], [-80.10247500017134, 26.093062000303195], [-80.10512499971676, 26.093028000215508], [-80.10510600034851, 26.093318999792285], [-80.10674800031364, 26.09330799964676], [-80.10815799957685, 26.093297999880328], [-80.11290299972225, 26.093259000379582], [-80.11391399967562, 26.093250999756368], [-80.1177009995711, 26.093218999678356], [-80.11990199957796, 26.093208000330197], [-80.12032900027354, 26.093199999703522], [-80.1235720001959, 26.093115000372755], [-80.12382200044117, 26.093110999652914], [-80.12429600009409, 26.093096000381024], [-80.12453999959324, 26.093089000128526], [-80.12630999960489, 26.093041999920636], [-80.12843899964173, 26.092984999900604], [-80.12946899986166, 26.092956000092084], [-80.12964299993892, 26.092973000147634], [-80.12999500029144, 26.093005999868755], [-80.13039799979926, 26.09300300033455], [-80.13233500021548, 26.09296000001045], [-80.13451100010798, 26.092902999950507], [-80.13471799979722, 26.09289799964668], [-80.13484199964577, 26.092887999845196], [-80.13521400008976, 26.09286200035729], [-80.13533899976323, 26.092853999706925], [-80.1353990000377, 26.092851000168803], [-80.13557800013784, 26.09284599986279], [-80.1356390002372, 26.09284399990165], [-80.13569699996353, 26.092621999970845], [-80.13587400041384, 26.09195600007121], [-80.13593399978998, 26.091734999655603], [-80.13602300037675, 26.091383999798524], [-80.13629000034045, 26.09032999995807], [-80.13637999985382, 26.089980000328374], [-80.1363770003791, 26.089781999968178], [-80.13637400000604, 26.089537999682744], [-80.13632899980021, 26.08913200023603], [-80.13629100016537, 26.089138999918475], [-80.13584599992645, 26.089134999869465], [-80.1355890000085, 26.08912000008786], [-80.13500400002748, 26.0890270001081], [-80.13491100014106, 26.0890270001081], [-80.13412299977045, 26.08903500021337], [-80.13243700032272, 26.089058999719093], [-80.13074900032684, 26.08910599991347], [-80.12936299955645, 26.08914499999174], [-80.12913900014877, 26.089151000064714], [-80.12846799995404, 26.089169000281686], [-80.1282450003713, 26.089175999961952], [-80.12822899957943, 26.088358999877045], [-80.12821500023405, 26.08747000027004], [-80.12814300026402, 26.08540399989868], [-80.12811200030188, 26.08455399962202], [-80.12806399972301, 26.08246400017057], [-80.12806399972301, 26.082437999980208], [-80.12806299989808, 26.082401000226884], [-80.12806200007317, 26.082362000321574], [-80.12806100024827, 26.082280000188685], [-80.12805799987522, 26.082136000386964], [-80.12806100024827, 26.08203099962983], [-80.12806999957078, 26.081705000398056], [-80.12811200030188, 26.080474999991896], [-80.12812599964727, 26.080065999898096], [-80.12813099967015, 26.079773000260218], [-80.12806500044621, 26.077867000107727], [-80.12799400030111, 26.075704999622932], [-80.12788999964573, 26.072614999656338], [-80.12991699957533, 26.072565000044055], [-80.12985100035138, 26.07069599978722], [-80.12985100035138, 26.070642000288412], [-80.12972800032775, 26.067209999890824], [-80.1295919998853, 26.063200000033053], [-80.1295779996416, 26.062766000238085], [-80.12957400034196, 26.06261900033348], [-80.12952199956511, 26.05989799970525], [-80.12948399993027, 26.059903999663177], [-80.1293309997694, 26.059926999633483], [-80.12908999974498, 26.059975999941134], [-80.12907499967635, 26.05998000017945], [-80.12880799971266, 26.06004499979611], [-80.12872999989486, 26.06005800036072], [-80.12868999971188, 26.060059000217866], [-80.12861899956678, 26.060088999963135], [-80.12858099993194, 26.060100999859074], [-80.12823699997536, 26.060185999759376], [-80.12792800017887, 26.060269999742673], [-80.1277819996907, 26.06031100026025], [-80.12766500041315, 26.060329000069615], [-80.12760099994074, 26.06036700019607], [-80.12754999988711, 26.06039000007549], [-80.12752999979561, 26.060399000377934], [-80.12750300003144, 26.06040899972685], [-80.12746399967338, 26.058381000352753], [-80.12742500021363, 26.05633999960308], [-80.12738400020575, 26.05404599965182], [-80.127366999589, 26.05286899981248], [-80.12736499993918, 26.05274799992827], [-80.12788700017099, 26.052735000166706], [-80.12938600002099, 26.052696000066366], [-80.13067900000664, 26.05266799988285], [-80.1306820003797, 26.052546999791115], [-80.13064499967147, 26.050600999711314], [-80.13061799990729, 26.04907499989429], [-80.13062799995303, 26.048803000032397], [-80.13056900040179, 26.047138999954676], [-80.13049800025668, 26.045184999807258], [-80.13044800002798, 26.043796000027932], [-80.13042799993649, 26.043244000192015], [-80.13036299963916, 26.041417000206813], [-80.13033300040024, 26.04055900013794], [-80.1303020004381, 26.039701000248208], [-80.1302739999507, 26.03894000016034], [-80.13022799991994, 26.037619999994963], [-80.13015299957686, 26.0355389999447], [-80.13015000010215, 26.035463999791112], [-80.13010999991917, 26.03522399962312], [-80.13008999982767, 26.03509200012856], [-80.13006999973621, 26.034956000200452], [-80.1300709995611, 26.03494300008038], [-80.13007599958398, 26.034926999744307], [-80.130083000155, 26.03491100021324], [-80.13009599967546, 26.034887000105385], [-80.1301199999649, 26.034866000208773], [-80.13013099983556, 26.034859999776383], [-80.13016000014788, 26.03484500030843], [-80.13018000023936, 26.034834000320664], [-80.13021299985134, 26.034835999658124], [-80.13024100033873, 26.034846000380632], [-80.13025499968413, 26.034855000223004], [-80.1303300000272, 26.034789000286647], [-80.13030400008792, 26.034732000164986], [-80.13027300012578, 26.034520999870054], [-80.13024299998854, 26.034229000212946], [-80.13023799996569, 26.034183999946823], [-80.13010999991917, 26.034185000024674], [-80.13010700044443, 26.034079999875612], [-80.13010300024646, 26.033938999988802], [-80.13012499998779, 26.03393799990884], [-80.13019100011002, 26.03393599974894], [-80.13021399967624, 26.03393599974894], [-80.13041899971564, 26.03393100015616], [-80.13103800003184, 26.03391699984236], [-80.13124399989617, 26.03391300032892], [-80.13196699996945, 26.033895999772074], [-80.13413700001416, 26.033849000023956], [-80.13486099991235, 26.03383399961953], [-80.13487099995808, 26.033833000345865], [-80.1349000002704, 26.03383200026501], [-80.13491100014106, 26.03383200026501], [-80.13614499967717, 26.033795999770206], [-80.13692800002491, 26.033773999596917], [-80.13903600014534, 26.03373499964652], [-80.13984799990708, 26.033720000034652], [-80.14005999961918, 26.033716999789192], [-80.14108300016645, 26.033698999929104], [-80.14152300038249, 26.033686999751797], [-80.14284399995724, 26.03365300018446], [-80.1432849999982, 26.033642000084917], [-80.14369199970398, 26.033636000397095], [-80.14491400044285, 26.03361999988274], [-80.14532199997353, 26.033616000359206], [-80.14577999973294, 26.03360699961459], [-80.14715499973437, 26.033581999964124], [-80.14761400021699, 26.033574000107116], [-80.14800300037942, 26.033565000166465], [-80.1491699999684, 26.03353800034031], [-80.14955999995573, 26.03352999967314], [-80.14960900035953, 26.03352900039689], [-80.14975699959922, 26.03352600014654], [-80.14980699982794, 26.03352600014654], [-80.14985000038396, 26.03352500006307], [-80.1499800000803, 26.033522999896107], [-80.15002399956292, 26.033522999896107], [-80.15029999974746, 26.033517000202202], [-80.15112699957778, 26.033500999671624], [-80.15140399958722, 26.033496000060307], [-80.15140500031045, 26.033532999923384], [-80.15140799978519, 26.033644000249843], [-80.15140899961008, 26.033681000066267], [-80.15141199998314, 26.033785999765342], [-80.15142100020397, 26.034103000070022], [-80.15142500040191, 26.03420900027617], [-80.15142500040191, 26.034248000069006], [-80.15142600022683, 26.034258000034477], [-80.15142799987667, 26.03438999966046], [-80.15143399972445, 26.034789000286647], [-80.15143600027258, 26.03492200019379], [-80.15143799992241, 26.03500699978839], [-80.15144600031832, 26.035261999816992], [-80.15144899979306, 26.0353480000403], [-80.15144999961797, 26.035406999997484], [-80.15145600036408, 26.035586999888658], [-80.15145800001389, 26.03564699979101], [-80.15146100038693, 26.035795999752043], [-80.15146999970946, 26.036245000234338], [-80.15147300008252, 26.036395000301823], [-80.15147700028048, 26.03654600023521], [-80.15148899997604, 26.036998999676054], [-80.1514939999989, 26.037150999691487], [-80.15149800019687, 26.037300000163285], [-80.15150999989244, 26.037746999635665], [-80.1515149999153, 26.037896000157396], [-80.15151900011327, 26.038043000399917], [-80.15153300035696, 26.0384860001043], [-80.15153800037984, 26.03863399964719], [-80.15154099985457, 26.038778999694465], [-80.15155199972523, 26.039214999602695], [-80.15155599992319, 26.039360999772427], [-80.15156000012114, 26.03950699976041], [-80.15157199981671, 26.039945000247926], [-80.15157699983959, 26.040092000343414], [-80.15158000021265, 26.040238000228396], [-80.15159000025838, 26.040676999622328], [-80.15159399955802, 26.040823999607326], [-80.15159600010615, 26.040968000155168], [-80.151605000327, 26.041400999946898], [-80.15160799980173, 26.041545999801244], [-80.15161100017477, 26.041623000129704], [-80.15162200004544, 26.041854000004616], [-80.1516260002434, 26.041931000130806], [-80.15162500041848, 26.041997000083423], [-80.15162100022052, 26.042196999737484], [-80.15162100022052, 26.042264000356468], [-80.15162799989321, 26.042408999950744], [-80.15165100035775, 26.042847000090983], [-80.15165899985534, 26.04299299977413], [-80.1516610004035, 26.04313000006883], [-80.15166899990108, 26.043543999986593], [-80.15167200027415, 26.04368199963435], [-80.151677000297, 26.043836999852118], [-80.15169200036563, 26.04430200008306], [-80.15169400001544, 26.044456000298023], [-80.1516980002134, 26.04462000019972], [-80.15169999986323, 26.0447560002198], [-80.15170900008405, 26.045165000124765], [-80.15171199955881, 26.045302000302783], [-80.15171499993184, 26.045440000302552], [-80.15172400015268, 26.045855000112674], [-80.15172400015268, 26.04588300030948], [-80.15172800035064, 26.045994000245738], [-80.15173000000046, 26.046112999886144], [-80.15173699967315, 26.04646999969677], [-80.15196799965184, 26.046453000153203], [-80.15582700041564, 26.04633799994773], [-80.15584499995902, 26.046867999605702], [-80.15584699960883, 26.046960000008852], [-80.15585099980679, 26.047163999943415], [-80.15586199967746, 26.04765499973886], [-80.15587099989827, 26.048053999619565], [-80.15587400027133, 26.04820799974831], [-80.15668600003305, 26.048191999608115], [-80.15909999957692, 26.048103000049338], [-80.16004000028349, 26.048072999656892], [-80.16119299962877, 26.04803600034597], [-80.16158400033932, 26.048057000305306], [-80.16189499978563, 26.048044000023456], [-80.162216000176, 26.048038000265397], [-80.16247100044413, 26.04803299965972], [-80.1627929997611, 26.048027999860878], [-80.16326399993929, 26.0479909997287], [-80.16345399991009, 26.047981000127237], [-80.16459799993284, 26.047923999961316], [-80.16499999961573, 26.047902000017285], [-80.1654619995731, 26.04788699979633], [-80.16597999960695, 26.047864999845363], [-80.16684800034349, 26.047857000155638], [-80.16720499982056, 26.04784899965833], [-80.16762699959496, 26.047836000160505], [-80.16916999982588, 26.04776800034252], [-80.17018800035025, 26.047728000241282], [-80.17117699966397, 26.047712000035563], [-80.17139199974913, 26.047704000335408], [-80.17158300044316, 26.04771000011058], [-80.17231700038708, 26.047685000238275], [-80.17233099973247, 26.047685000238275], [-80.17336699980018, 26.047650999886905], [-80.1737259998254, 26.047642000219504], [-80.17413300042946, 26.04761700033275], [-80.17490699965805, 26.04760599992889], [-80.1751550002535, 26.047591999633553], [-80.17515799972823, 26.047725000354205], [-80.17516500029923, 26.048113999599472], [-80.17494099999324, 26.048122000078685], [-80.17431900020233, 26.048141000104994], [-80.174141999752, 26.048137000269616], [-80.17414699977488, 26.048322999733475], [-80.17415000014792, 26.04839299994993], [-80.17415000014792, 26.048883000294676], [-80.17415000014792, 26.04907000013989], [-80.1745929998387, 26.04905600001938], [-80.17592500018243, 26.049016000357632], [-80.17636899969811, 26.04900300018214], [-80.1767469999899, 26.048990000005237], [-80.17788199979181, 26.048953000176713], [-80.1782609999085, 26.048941999898243], [-80.17832399965769, 26.048940999946243], [-80.17830500028944, 26.047626000002044], [-80.17846099992504, 26.047621000185863], [-80.17906400034771, 26.0476040000021], [-80.17926500018916, 26.04759800022151], [-80.1792679996639, 26.047764999649402], [-80.17927699988472, 26.048266999691652], [-80.17928000025778, 26.04843499973691], [-80.1792810000827, 26.048548000395765], [-80.17928299973252, 26.048678000169076], [-80.17928399955743, 26.048728000291813], [-80.18058099974105, 26.04868899966524], [-80.18090200013143, 26.048678000169076], [-80.18091100035225, 26.049606999983403], [-80.18090999962902, 26.04962699971516], [-80.18146199999806, 26.049606999983403], [-80.18147299986873, 26.049609999822327], [-80.18146799984585, 26.048742999598115], [-80.18146100017317, 26.04752599960221], [-80.18181400035057, 26.047514999996913], [-80.18205600019992, 26.047508000247536], [-80.18223600012497, 26.047501999654976], [-80.18235699960046, 26.047497999797805], [-80.18238099988993, 26.047496999833488], [-80.18239099993566, 26.050144999729724], [-80.18239400030872, 26.05118100015467], [-80.18284500039542, 26.051228000219336], [-80.1840759995585, 26.051209999819022], [-80.18414800042683, 26.05120899988638], [-80.1843650001618, 26.051198999752405], [-80.1844610004213, 26.051159000014895], [-80.18449300020832, 26.051114999722962], [-80.18449200038341, 26.051078999691917], [-80.18449200038341, 26.050971000339523], [-80.18449200038341, 26.05093600019926], [-80.18448900001036, 26.05065700025223], [-80.18448300016257, 26.04982200035077], [-80.18448300016257, 26.049799000011234], [-80.18449400003324, 26.049681999968662], [-80.18448099961445, 26.049246000243876], [-80.18632400031935, 26.04918899988604], [-80.18632099994629, 26.04925699968675], [-80.1863150000985, 26.04946300036146], [-80.18631400027361, 26.049531999950194], [-80.18631300044869, 26.04965100003439], [-80.18631199972545, 26.05001000025496], [-80.18631199972545, 26.050129999795743], [-80.18631099990054, 26.050313000311604], [-80.18630900025073, 26.050865999887318], [-80.18630900025073, 26.05104999999515], [-80.1864900000007, 26.05104400039094], [-80.18703599962363, 26.051027999830783], [-80.18721800009685, 26.051023000159695], [-80.1873639996867, 26.051021000291197], [-80.18742999980896, 26.051020000356942], [-80.1874199997632, 26.054742000041262], [-80.18640600033511, 26.054778999656396], [-80.18641899985558, 26.05522000008043], [-80.18635399955824, 26.05788199967958], [-80.1863429996876, 26.058576000141816], [-80.18634199986269, 26.05858499977662], [-80.18639499956613, 26.05858499977662], [-80.18644700034298, 26.05858499977662], [-80.18646999990919, 26.058585999646336], [-80.18649599984847, 26.05858700032306], [-80.18652400033588, 26.05858900006244], [-80.18654000022941, 26.058590999801783], [-80.18656500034376, 26.058593000348083], [-80.1865820000622, 26.05859500008736], [-80.1866029999786, 26.058597999696218], [-80.18662600044313, 26.058601000112017], [-80.18664399998647, 26.05860399972073], [-80.18665499985713, 26.058606000266803], [-80.18666800027593, 26.05860800000585], [-80.1866950000401, 26.05861300016037], [-80.18671799960632, 26.058618000314635], [-80.18673500022307, 26.0586219997923], [-80.18675199994152, 26.058626000076863], [-80.18677700005587, 26.058632000099887], [-80.18679799997226, 26.05863800012266], [-80.1868220002617, 26.05864500001428], [-80.18684099962996, 26.05865000016721], [-80.18686200044468, 26.05865700005813], [-80.18688800038395, 26.058665999686713], [-80.1869129996, 26.058675999990534], [-80.18693400041471, 26.05868399974881], [-80.18696100017888, 26.0586940000511], [-80.18697299987444, 26.058700000070655], [-80.18698600029323, 26.058705000221227], [-80.1869979999888, 26.05871100024022], [-80.18701700025537, 26.05871999986467], [-80.18702899995095, 26.05872599988289], [-80.18703800017177, 26.058730000163887], [-80.1870540000653, 26.058737999918442], [-80.18707800035475, 26.058750999821054], [-80.1870880004005, 26.05875699983772], [-80.18709699972301, 26.058761000117663], [-80.18711599998957, 26.058772000281504], [-80.18713500025615, 26.05878400031235], [-80.18712299966228, 26.05880800037033], [-80.18711500016468, 26.058821000265183], [-80.1871100001418, 26.05884100003855], [-80.18710699976874, 26.058864000217532], [-80.18710699976874, 26.058883999983532], [-80.18711199979161, 26.058904999613134], [-80.18712199983736, 26.05892899964633], [-80.18713100005819, 26.058944000068106], [-80.1871379997309, 26.058951999808034], [-80.18715500034764, 26.05896899995976], [-80.1871670000432, 26.05897900023773], [-80.18718100028691, 26.0589900003811], [-80.18719200015757, 26.05899999985027], [-80.18720800005109, 26.059014000396896], [-80.18723499981526, 26.059037999600797], [-80.18725400008184, 26.059055999605704], [-80.18729900028768, 26.059102999740055], [-80.18733100007474, 26.059141000264134], [-80.18737600028058, 26.059198999681136], [-80.18740100039493, 26.059237000174097], [-80.18742800015912, 26.059279999973775], [-80.18746599979394, 26.059355000224663], [-80.18749199973323, 26.05941500006801], [-80.18751400037286, 26.059480999860213], [-80.18753199991619, 26.059549000145218], [-80.18754100013703, 26.059591999830385], [-80.18754799980971, 26.05963500030675], [-80.18755399965748, 26.059729000092076], [-80.18755299983259, 26.05977799967553], [-80.18755100018276, 26.05986100009252], [-80.1875329997411, 26.06019599993347], [-80.18752400041859, 26.060350000247197], [-80.18744900007552, 26.061727000217616], [-80.18754299978684, 26.061732000238997], [-80.18912500037582, 26.061791999672028], [-80.1904979998291, 26.061845000181265], [-80.19061500000498, 26.061849000355743], [-80.19059200043877, 26.062351999623264], [-80.19058999989062, 26.062417000344844], [-80.19058300021793, 26.06255700003845], [-80.19061300035517, 26.06255799987426], [-80.19064199976917, 26.062560000352853], [-80.19074700024947, 26.062563999695957], [-80.19106299971864, 26.062578999652292], [-80.19116900002385, 26.062583999637337], [-80.19127299978094, 26.062587999786572], [-80.19158699960028, 26.062601999904434], [-80.19169200008058, 26.062606999888487], [-80.19181799957896, 26.062612999707653], [-80.19188200005138, 26.06261600002062], [-80.19245199996378, 26.06264599991808], [-80.19264199993457, 26.062655999882193], [-80.19285700001973, 26.06266300034074], [-80.19326799992346, 26.06267900011922], [-80.19333300022079, 26.062680999788757], [-80.19349499970419, 26.06268900008051], [-80.19351399997076, 26.06333499964513], [-80.19353599971205, 26.06419399985653], [-80.19357000004726, 26.06548099994387], [-80.19360000018447, 26.066591999999407], [-80.19362799977357, 26.067664000047156], [-80.19362899959849, 26.067710999955715], [-80.1935370004353, 26.067707999773255], [-80.19351599962059, 26.067707999773255], [-80.19350499974992, 26.067710999955715], [-80.19344000035092, 26.06773000003356], [-80.19329700023577, 26.067734999798727], [-80.19304600016561, 26.067745999926885], [-80.1926929999882, 26.067772999943568], [-80.19266700004893, 26.06777900030507], [-80.19253999982732, 26.067811000076105], [-80.19246600020747, 26.067838000077817], [-80.19201000009791, 26.067843999629076], [-80.19073700020371, 26.067861000104294], [-80.19060300030941, 26.067861999894838], [-80.18882200042712, 26.06783400010786], [-80.18442200006321, 26.06784500022672], [-80.18422899971937, 26.06784500022672], [-80.1837590002644, 26.067889999675085], [-80.1835690002936, 26.067887000304186], [-80.18344299989691, 26.06788499991657], [-80.18308800006966, 26.067899000208243], [-80.18301000025185, 26.067907999933773], [-80.18289100042617, 26.06790700014362], [-80.18277599990014, 26.067916999658614], [-80.18265500042462, 26.06792799976966], [-80.18251300013439, 26.067920999625766], [-80.18245700005791, 26.06791800025562], [-80.18241799969984, 26.06791100011112], [-80.18230499972194, 26.06787900036741], [-80.18226600026219, 26.06787900036741], [-80.18194900006979, 26.06791100011112], [-80.18175400007611, 26.06793099994647], [-80.18151700024967, 26.067938999879697], [-80.1812800004232, 26.067934000123234], [-80.18103299965267, 26.067942999846064], [-80.18088500041297, 26.067949000198862], [-80.18068799987117, 26.067961999886304], [-80.18024099998243, 26.067972000203508], [-80.18021300039334, 26.0679729999931], [-80.17989799985075, 26.067987000274304], [-80.17967199989494, 26.06798999964267], [-80.17956800013788, 26.067987000274304], [-80.17945799963469, 26.06798199971294], [-80.17900400007328, 26.067984000098903], [-80.17883599984377, 26.067975000379214], [-80.17878399996523, 26.067965000062237], [-80.17867099998733, 26.067961999886304], [-80.17867099998733, 26.06799699978245], [-80.17867099998733, 26.068060000214707], [-80.17866799961429, 26.068466000125298], [-80.17866699978937, 26.06874700000046], [-80.17866599996445, 26.069591000198063], [-80.17866599996445, 26.069873000375026], [-80.178689000429, 26.07119100008465], [-80.17869500027678, 26.07147700028902], [-80.17869699992659, 26.071565000087237], [-80.17868500023104, 26.071564000328305], [-80.17846799959773, 26.071565000087237], [-80.17798800009703, 26.071565000087237], [-80.17654799979826, 26.071565000087237], [-80.17606800029756, 26.071565000087237], [-80.17601600041903, 26.071565000087237], [-80.17586200043323, 26.071565000087237], [-80.17581100037962, 26.071565000087237], [-80.17560200014223, 26.071565000087237], [-80.17497600015334, 26.071565000087237], [-80.1747679997409, 26.071565000087237], [-80.17473699977873, 26.071565000087237], [-80.17473900032688, 26.071715999898654], [-80.1747540003955, 26.072432000083843], [-80.17475600004532, 26.072552999811165], [-80.17475799969513, 26.07264500022038], [-80.17477399958868, 26.07338700015912], [-80.1747760001368, 26.07346800032343], [-80.1747760001368, 26.07350300018782], [-80.17478000033476, 26.073544999849883], [-80.17464899991519, 26.073544999849883], [-80.17462799999879, 26.07372800010365], [-80.17462899982371, 26.074362999793447], [-80.17462899982371, 26.07442099974214], [-80.17461100028036, 26.076222999722308], [-80.17460200005954, 26.077218000074474], [-80.17477199993886, 26.077213999618035], [-80.17478600018255, 26.075113000391713], [-80.17516799977396, 26.0751100003989], [-80.17657100026281, 26.07507800020172], [-80.17664900008062, 26.075045999995773], [-80.17669299956322, 26.07502700029799], [-80.17676299988342, 26.075007999790298], [-80.17681899995992, 26.07500000034002], [-80.17689699977772, 26.074991000352618], [-80.17696399972488, 26.074947999865415], [-80.17700399990785, 26.074894999637223], [-80.1770149997785, 26.074875999914976], [-80.17780399997403, 26.074893000176218], [-80.17783499993617, 26.074893000176218], [-80.17790699990617, 26.074909999628137], [-80.17788599998977, 26.075054999978914], [-80.17785300037781, 26.075093999897938], [-80.17781400001977, 26.075128000354685], [-80.1777959995781, 26.07513899978836], [-80.17779999977604, 26.075347000401976], [-80.17780499979892, 26.07557899968839], [-80.17780700034706, 26.075642000076055], [-80.17781200036994, 26.075872999862675], [-80.1778380003092, 26.07707299998184], [-80.17783999995902, 26.07715699995724], [-80.17810299972476, 26.077156000246056], [-80.1785630000323, 26.077151999787493], [-80.17994499970642, 26.077143999676814], [-80.18040599983887, 26.077140999736024], [-80.18046000026555, 26.077140999736024], [-80.18047799980889, 26.077140999736024], [-80.18049100022769, 26.077470000314495], [-80.18049500042564, 26.077556999935208], [-80.18056300019771, 26.07906600026497], [-80.18077499990981, 26.07906600026497], [-80.18086799979622, 26.07906600026497], [-80.18090299995632, 26.079838000188126], [-80.1807809997576, 26.079838000188126], [-80.18081099989482, 26.080500000128847], [-80.18082500013854, 26.0807969998948], [-80.18083199981122, 26.08094400038039], [-80.1808440004051, 26.081202000341694], [-80.18084600005493, 26.08125799997048], [-80.18086600014641, 26.081703000246517], [-80.18087100016929, 26.082100999876115], [-80.18088100021502, 26.08281200036278], [-80.18082699978835, 26.082813000025656], [-80.18074599959749, 26.082813000025656], [-80.18082299959039, 26.083470999841676], [-80.18085199990271, 26.083473999620207], [-80.18081199971974, 26.083768999792014], [-80.18075200034359, 26.08403600008044], [-80.18068700004626, 26.084235000131937], [-80.18063799964247, 26.08432900034266], [-80.18060699968034, 26.084387999844104], [-80.18051299996898, 26.084536000308795], [-80.18043400032627, 26.084710000277717], [-80.18031200012754, 26.084834999613488], [-80.18005699985942, 26.08509700006008], [-80.17997800021668, 26.085180999925115], [-80.17998700043752, 26.085565000038738], [-80.18002300042254, 26.08554700007415], [-80.1800779997758, 26.085506999963666], [-80.18012999965435, 26.08545200039454], [-80.18022400026399, 26.085354000100754], [-80.18033800006681, 26.08533899983448], [-80.18047600015906, 26.085318999745397], [-80.18089499956041, 26.085262999639163], [-80.18128200007301, 26.085219000055563], [-80.18142799966289, 26.085201999680255], [-80.18151499970152, 26.085192000027863], [-80.18160400028829, 26.085180999925115], [-80.18171399989315, 26.085169000178606], [-80.18171399989315, 26.085106000077317], [-80.18171600044128, 26.085047000131002], [-80.18172200028906, 26.0849920003457], [-80.18172999978667, 26.08492499995621], [-80.1817459996802, 26.084843000005325], [-80.18176499994678, 26.08477099968626], [-80.18178800041132, 26.08469700002929], [-80.18181299962735, 26.084628999823558], [-80.18183299971884, 26.084582999899276], [-80.18186200003115, 26.08451899983424], [-80.18191899993256, 26.084419999916825], [-80.18198000003193, 26.084332000099216], [-80.18209700020779, 26.084191999812923], [-80.18213700039077, 26.084149999936418], [-80.18216499997986, 26.08412400012062], [-80.18220400033792, 26.08408599963461], [-80.18237400021722, 26.08410300017205], [-80.18247399977635, 26.08411000015531], [-80.18261000021879, 26.08411799978991], [-80.1826250002874, 26.08410300017205], [-80.18272599967142, 26.08400300025], [-80.1825340000508, 26.083987999810603], [-80.18246799992856, 26.083982999932616], [-80.18234599972983, 26.083973000176066], [-80.18232399998851, 26.08397100006329], [-80.18130499963924, 26.083835000382308], [-80.1813099996621, 26.08352600034175], [-80.18131200021026, 26.083387000362954], [-80.18131300003515, 26.083352000226203], [-80.18131300003515, 26.08332100032684], [-80.18129299994368, 26.08286300010229], [-80.1812889997457, 26.08281200036278], [-80.18122299962347, 26.082813000025656], [-80.18112499971419, 26.08281599982107], [-80.18105500029229, 26.082817999953594], [-80.18108000040665, 26.082541999900226], [-80.18105100009434, 26.081501000095187], [-80.18102199978202, 26.080821999962964], [-80.18103900039877, 26.080390999976796], [-80.18106699998786, 26.080161999600648], [-80.18111399984353, 26.079786999937422], [-80.1811199996913, 26.07944200031587], [-80.1811199996913, 26.07884999980975], [-80.18108500042953, 26.07792900036646], [-80.18105299974415, 26.07714500019498], [-80.18124100006513, 26.077142000254216], [-80.18151899989948, 26.077139000313366], [-80.18230600044517, 26.077145999906268], [-80.18238099988993, 26.07714699961754], [-80.1825120003095, 26.077136000372473], [-80.18259400032527, 26.077129999683542], [-80.18264799985361, 26.077090999635868], [-80.18312400005468, 26.0770940003848], [-80.18455299958448, 26.077106000152273], [-80.18470400009554, 26.07710699986389], [-80.1848859996704, 26.077109000093966], [-80.18495799964043, 26.077109999805558], [-80.18502999961044, 26.077109999805558], [-80.18503299998349, 26.077069000327338], [-80.18504300002924, 26.076949000138637], [-80.18504700022719, 26.07690900031734], [-80.18504899987701, 26.076740000235745], [-80.18505600044803, 26.07623300014093], [-80.18505899992276, 26.07606499961091], [-80.1850549997248, 26.076040000140615], [-80.1850460004023, 26.075965000083908], [-80.18504399985414, 26.075939999785373], [-80.18512000002214, 26.075950999949647], [-80.18519500036521, 26.075962000112902], [-80.185385000336, 26.075988999849063], [-80.18556199988801, 26.076016000385906], [-80.18580299991243, 26.0760510002955], [-80.1860470003099, 26.076087999635288], [-80.18606200037853, 26.07402999960154], [-80.1860680002263, 26.073262999639653], [-80.1860680002263, 26.073219000386832], [-80.1860690000512, 26.073144000136914], [-80.18609800036353, 26.07307000039193], [-80.18615799973968, 26.072967999619987], [-80.18657899968915, 26.072268000373874], [-80.18672000015445, 26.072034999613575], [-80.18676899965996, 26.071990999899334], [-80.18683099958423, 26.071935999628106], [-80.1868790001631, 26.07193700019075], [-80.1871090003169, 26.071944999850324], [-80.18745999994617, 26.071957000145513], [-80.18766800035863, 26.071964999803686], [-80.18784800028368, 26.071944999850324], [-80.18838800005885, 26.0718849999697], [-80.18856899980882, 26.071865999759034], [-80.1887089995509, 26.071865999759034], [-80.18913200004852, 26.071865999759034], [-80.18927299961551, 26.071865999759034], [-80.18926799959264, 26.071628000213906], [-80.18926199974484, 26.071390999945507], [-80.18925900027013, 26.071276999768106], [-80.19117200039689, 26.071174999855078], [-80.19115999980302, 26.070766000355682], [-80.19114700028254, 26.07023199996408], [-80.1911449997344, 26.070073000066095], [-80.19114599955931, 26.069969000366196], [-80.19205100010578, 26.06999999976654], [-80.19232599956707, 26.06999599987043], [-80.19245399961359, 26.069976000387683], [-80.19247100023034, 26.069969000366196], [-80.19254999987307, 26.06993599979812], [-80.19259099988095, 26.069955000321954], [-80.19267600026976, 26.069994000325774], [-80.1928200002098, 26.07002600029851], [-80.19300500015773, 26.070030000193604], [-80.19301500020347, 26.070030999965628], [-80.19441899961889, 26.07001900027997], [-80.194890999622, 26.070015000384505], [-80.19507200027029, 26.07001300003324], [-80.19513099982153, 26.070009000137556], [-80.19523899977656, 26.070002000118038], [-80.19517600002737, 26.06807100031229], [-80.19517199982941, 26.06770200021506], [-80.19504399978288, 26.062763999763042], [-80.1952210002332, 26.062772000049133], [-80.19541700005179, 26.062782000002482], [-80.19605499973625, 26.062802999740363], [-80.19633299957059, 26.062812999691076], [-80.19660200008242, 26.062825999948537], [-80.19741100036941, 26.062864999905205], [-80.19768099980784, 26.06287800015689], [-80.19776299982361, 26.06288099965609], [-80.19786999995374, 26.06288700026821], [-80.1979450002968, 26.06288999976718], [-80.19796200001525, 26.0627410003497], [-80.19798299993164, 26.062583999637337], [-80.19804400003102, 26.062064000051844], [-80.19806599977231, 26.06187799980105], [-80.19807400016823, 26.061811999745196], [-80.1980780003662, 26.061795000006036], [-80.19810299958225, 26.061563000043385], [-80.19841899994972, 26.06157700028374], [-80.19827800038273, 26.06275299997401], [-80.19826400013903, 26.06290499968177], [-80.19843599966816, 26.062912999958233], [-80.19877100030223, 26.062928999702553], [-80.19894100018153, 26.06293799980995], [-80.1990009995577, 26.062940000282044], [-80.19908900031955, 26.062941999947125], [-80.19953299983526, 26.06295400035781], [-80.19968199979816, 26.062957999687466], [-80.19968400034631, 26.062782999836386], [-80.19968400034631, 26.062752000139852], [-80.19971100011048, 26.062552999888148], [-80.1997549995931, 26.06224400016955], [-80.19986199972321, 26.061525000304883], [-80.19991799979971, 26.061353000272423], [-80.19994600028711, 26.06127199979901], [-80.20001800025715, 26.061128999832796], [-80.20009000022718, 26.060985999692033], [-80.20014999960331, 26.06086699981992], [-80.20019599963406, 26.060772000289614], [-80.19837000044424, 26.060732999636162], [-80.19820399986456, 26.060728000379118], [-80.19831600001756, 26.059846999647135], [-80.19840499970603, 26.059093000279667], [-80.19849000009484, 26.05837500031683], [-80.19862900001202, 26.057219000310603], [-80.19870900037796, 26.0565520000631], [-80.198805999564, 26.055705999745452], [-80.19972799982891, 26.05567399989592], [-80.20094399982169, 26.055666999826773], [-80.20094899984456, 26.055633000176805], [-80.20097499978384, 26.05544299981497], [-80.20100099972309, 26.055261999842116], [-80.2010140001419, 26.05517399990145], [-80.20106699984534, 26.05487499991197], [-80.201085000287, 26.05477400014532], [-80.20109899963239, 26.0546859998382], [-80.20110700002832, 26.0546349999326], [-80.1998879996625, 26.054661999742954], [-80.1989310001358, 26.054686999741183], [-80.19897600034163, 26.05421899982621], [-80.19878399982271, 26.05422899970254], [-80.19859700022496, 26.054237999671216], [-80.19849500011772, 26.054243999918942], [-80.19825599974313, 26.054251999979773], [-80.19733500020143, 26.054289999655964], [-80.19678100018257, 26.054268000099782], [-80.19673299960367, 26.050678999679192], [-80.19666800020467, 26.050678999679192], [-80.19616699988923, 26.05067999961635], [-80.19514500006522, 26.05071900038752], [-80.19462299983341, 26.05073899992951], [-80.1946360002522, 26.048972000068293], [-80.19465600034368, 26.047484000296627], [-80.19465299997064, 26.047112000025457], [-80.19475400025297, 26.047107000187328], [-80.19505600037677, 26.04709499976788], [-80.1951579995857, 26.047090999896817], [-80.19532599981518, 26.047082000186453], [-80.19544499964088, 26.047077000347038], [-80.19546200025763, 26.047077000347038], [-80.1954589998846, 26.047473999844822], [-80.19567899999261, 26.047467000093018], [-80.19567700034278, 26.047073999636236], [-80.19573599989401, 26.047072999668305], [-80.19575400033568, 26.047072999668305], [-80.19582999960535, 26.047072999668305], [-80.19599899965975, 26.04707199970036], [-80.19603800001782, 26.047070999732416], [-80.19615799966842, 26.04706999976446], [-80.19619799985139, 26.04706999976446], [-80.19629400011085, 26.047065999892556], [-80.19658100016602, 26.047057000180246], [-80.19665800015892, 26.047046999692004], [-80.19679700007609, 26.047029000263812], [-80.19694199984106, 26.04701100002577], [-80.19853899960033, 26.04696399988437], [-80.19875399968548, 26.04695800007103], [-80.19880700028725, 26.04874700021988], [-80.19914600022095, 26.048734999968314], [-80.19908000009872, 26.046949000350438], [-80.19910400038816, 26.046948000381438], [-80.19924699960498, 26.046944999667303], [-80.19945699966726, 26.04695900003994], [-80.19949000017755, 26.04696099997774], [-80.1995160001168, 26.046962999915507], [-80.20055899985722, 26.04692099960114], [-80.20069199992662, 26.04693000013093], [-80.20071399966793, 26.04692900016178], [-80.20077999979016, 26.046926000254242], [-80.20080200042979, 26.046925000285054], [-80.2011560004321, 26.046918999662658], [-80.20160800034374, 26.046912999847006], [-80.20166199987209, 26.04691599975487], [-80.2022180004391, 26.046927000223434], [-80.20242900032629, 26.046932000069237], [-80.20250100029631, 26.04693400000749], [-80.20257200044144, 26.046935999945706], [-80.20275099964326, 26.046940999791126], [-80.2028090002679, 26.046942999729225], [-80.20328999959351, 26.046957000102108], [-80.20347000041689, 26.046962999915507], [-80.20354700040977, 26.046964999853227], [-80.20377800038845, 26.04697199963502], [-80.20385600020627, 26.046975000348443], [-80.20392700035138, 26.046975000348443], [-80.20414200043652, 26.04697700028596], [-80.20421400040654, 26.046978000254704], [-80.20428300000353, 26.046978000254704], [-80.2044930000658, 26.046980000192182], [-80.20456300038602, 26.046981000160915], [-80.20463100015806, 26.046978000254704], [-80.20478500014386, 26.046969999697414], [-80.20478400031894, 26.047062999988523], [-80.20477099990015, 26.047509000211754], [-80.20475699965645, 26.047877000185984], [-80.20391499975749, 26.047879000108118], [-80.20331800008091, 26.047876000224896], [-80.20333599962426, 26.048461000212413], [-80.20340500011956, 26.049884000120677], [-80.20339599989872, 26.05017500039892], [-80.20338500002806, 26.050240999745828], [-80.20360400031119, 26.052243999860387], [-80.20401299966679, 26.052232999890762], [-80.20481199990803, 26.05221099994846], [-80.20585499964845, 26.052181999724738], [-80.20605999968787, 26.052176000178477], [-80.20611499993944, 26.053374000334966], [-80.20612099978722, 26.05345800035943], [-80.20648400001038, 26.053450000244403], [-80.20662299992756, 26.053447999610295], [-80.20670199957029, 26.05344699969674], [-80.20669599972248, 26.053791000123326], [-80.20670900014129, 26.053791000123326], [-80.20671199961602, 26.053977000299387], [-80.20695600001349, 26.053970000128906], [-80.2069640004094, 26.054346999954145], [-80.20696900043228, 26.054450999803837], [-80.20648900003326, 26.054466999896682], [-80.20619699995521, 26.054476999751827], [-80.20579100007434, 26.05449000012717], [-80.20552300028575, 26.054499999980386], [-80.20557900036223, 26.056153999949483], [-80.2058720002652, 26.056141999649306], [-80.20630300026042, 26.056124999894458], [-80.20652900021624, 26.056115000179908], [-80.20701499956472, 26.056094000050322], [-80.20702999963333, 26.056516000088163], [-80.20687800019569, 26.056518999750246], [-80.20689599973905, 26.057111000160308], [-80.20689900011209, 26.05719699969026], [-80.2069009997619, 26.057275999991106], [-80.20691800037865, 26.057855999680026], [-80.20692400022644, 26.058053999965622], [-80.2069350000971, 26.05845000034005], [-80.2069350000971, 26.058494000299042], [-80.20693599992201, 26.058519000286726], [-80.20695699983841, 26.059182000369802], [-80.20688999989125, 26.05918499996363], [-80.20670099974537, 26.059188000364394], [-80.20670800031637, 26.05943499973998], [-80.2066199995545, 26.059649999831123], [-80.2066189997296, 26.05970099997502], [-80.20661600025487, 26.0600940000544], [-80.20661600025487, 26.06022499978794], [-80.20656799967598, 26.06022700030634], [-80.20657600007189, 26.06066199967541], [-80.20658600011762, 26.06114099962223], [-80.20661000040708, 26.06196899987823], [-80.20662399975247, 26.062404999879153], [-80.20662499957739, 26.062444999812772], [-80.20662799995041, 26.06256500033866], [-80.20662999960025, 26.06260500021769], [-80.20663200014837, 26.062673000303416], [-80.20663499962313, 26.062776000191956], [-80.20663799999618, 26.06287800015689], [-80.206639999646, 26.06294699991665], [-80.20648599966022, 26.062946000084146], [-80.20602399970285, 26.062945000251645], [-80.20586999971707, 26.062945000251645], [-80.20577699983065, 26.06293699997737], [-80.2055009996461, 26.06291499962377], [-80.2054089995846, 26.062907999987257], [-80.20534900020847, 26.062901000350294], [-80.20516900028342, 26.062883999962175], [-80.20510900000895, 26.06287800015689], [-80.20509200029052, 26.062877000323816], [-80.20504299988673, 26.062877000323816], [-80.20502699999318, 26.062877000323816], [-80.20491300019037, 26.062874999850628], [-80.20490099959649, 26.062874999850628], [-80.2049159996651, 26.063436000101962], [-80.20539699988903, 26.063426000204437], [-80.20539600006414, 26.063392000385036], [-80.20539500023922, 26.063347000015533], [-80.20539400041432, 26.063322000251123], [-80.20563500043875, 26.063318000126927], [-80.20592099977068, 26.063308000219326], [-80.20594800043317, 26.064338999757453], [-80.2064160002383, 26.064373000108922], [-80.20656799967598, 26.06436499993218], [-80.20664800004192, 26.06436099984362], [-80.20671599981398, 26.064356999754878], [-80.2067660000427, 26.064355000113952], [-80.20682700014206, 26.064358000382303], [-80.20686899997484, 26.064367000379907], [-80.20691900020357, 26.06438200010541], [-80.20695900038655, 26.064395000188703], [-80.20698199995276, 26.064409000090606], [-80.20700399969407, 26.06445400005212], [-80.20701100026508, 26.064494999912338], [-80.20700899971695, 26.064607999610278], [-80.20700899971695, 26.06465999983457], [-80.20701499956472, 26.064826000147786], [-80.2070349996562, 26.06532699991951], [-80.2070420002272, 26.065493999905193], [-80.207048000075, 26.06561799977438], [-80.20704899989991, 26.065642999855736], [-80.20705300009787, 26.065742000319215], [-80.20706399996853, 26.065991999821186], [-80.20706800016649, 26.06609199979535], [-80.20707499983918, 26.066242000403452], [-80.2071479996341, 26.06626599974052], [-80.20726499980998, 26.066285999856788], [-80.20734299962778, 26.06628000022575], [-80.20753699979653, 26.066251000256294], [-80.20785399998894, 26.066232999742958], [-80.20788800032415, 26.066231000134056], [-80.207821000377, 26.06468000022507], [-80.20775600007966, 26.062946000084146], [-80.20775000023188, 26.062757000117482], [-80.20766800021612, 26.060236999669964], [-80.2076110003147, 26.058500000328834], [-80.20756899958359, 26.057180000088458], [-80.20753299959857, 26.05607299991694], [-80.20748200044325, 26.054434999708814], [-80.20746700037465, 26.053978000208428], [-80.20746599965143, 26.053961000139648], [-80.20746200035178, 26.053819000038555], [-80.20744999975791, 26.053425999896064], [-80.20747999989513, 26.052697999906275], [-80.20739899970428, 26.051763999932838], [-80.20735699987148, 26.050327000281992], [-80.2076609996451, 26.05032600034181], [-80.20802399986826, 26.050306999862638], [-80.20828199961112, 26.050293999830323], [-80.20833500021288, 26.05015200012866], [-80.2083920001143, 26.05000000001866], [-80.2083999996119, 26.04997899960036], [-80.20842300007644, 26.04991799982437], [-80.20843200029728, 26.049898000142296], [-80.20849699969627, 26.049729999772612], [-80.20847999997784, 26.049077999746828], [-80.20855699997072, 26.04886199967627], [-80.20867599979641, 26.048346000362628], [-80.20869300041316, 26.048264999776134], [-80.20844700036587, 26.048235000232193], [-80.20844700036587, 26.048166999838617], [-80.20840100033512, 26.046671999734237], [-80.20849500004644, 26.04667099976288], [-80.20860200017657, 26.046668999820124], [-80.20878999959923, 26.04666499993453], [-80.20892400039185, 26.046662999991685], [-80.2090320003469, 26.046662000020245], [-80.20903099962366, 26.046645999669035], [-80.2090280001489, 26.046598000216385], [-80.20902700032401, 26.04658299982855], [-80.20902300012605, 26.046511000199995], [-80.20901599955504, 26.046389000235237], [-80.20898999961578, 26.04592500018867], [-80.20898899979086, 26.045808000314885], [-80.20898899979086, 26.045614000246193], [-80.20898100029326, 26.045402000178438], [-80.2089570000038, 26.04476800007157], [-80.20894899960788, 26.04455700007763], [-80.20894600013317, 26.044478000081618], [-80.20893000023962, 26.044236999805854], [-80.20887099979008, 26.0432780002073], [-80.20886099974435, 26.043122000056027], [-80.2087650003832, 26.042962999688225], [-80.20871599997939, 26.042997999787698], [-80.20860999967418, 26.04299999979306], [-80.20481000025822, 26.043086999993577], [-80.20469899993013, 26.0430879999955], [-80.20466399977002, 26.04197599984573], [-80.20463799983077, 26.041173000041503], [-80.20462899960992, 26.04087899995514], [-80.20461799973927, 26.040574999705637], [-80.2046119998915, 26.040345999783128], [-80.20458299957917, 26.03942400026496], [-80.20456000001295, 26.038695999683792], [-80.20449999973852, 26.03682299975192], [-80.20447299997431, 26.035793999623824], [-80.20517199975814, 26.035780000339518], [-80.20545399979045, 26.035775000018187], [-80.20584100030304, 26.035765000182046], [-80.2070050004173, 26.035736999990558], [-80.2073929998565, 26.035728000215833], [-80.20744700028317, 26.035772999889595], [-80.20751099985726, 26.035793999623824], [-80.20765700034545, 26.035795999752043], [-80.20772900031548, 26.035796999816156], [-80.207885999776, 26.035794999687933], [-80.20835799977911, 26.035791000238536], [-80.20851599996284, 26.035790000174387], [-80.20932299970171, 26.035760999924484], [-80.21174600036474, 26.035678000199376], [-80.2125539999285, 26.035649999987108], [-80.21270700008938, 26.035655000313785], [-80.21287899961852, 26.035661999963583], [-80.21316599967368, 26.035670999743356], [-80.21320400020684, 26.035672999873693], [-80.21331999965949, 26.03567700013426], [-80.2133559996445, 26.035675000003987], [-80.21340900024624, 26.035673999938847], [-80.21346299977462, 26.03565300018313], [-80.2134979999347, 26.035640000140294], [-80.21356700043, 26.0356339997475], [-80.21363600002697, 26.035629000227107], [-80.21373700030932, 26.035620999702562], [-80.21376900009638, 26.035618000312873], [-80.21383799969334, 26.0356140000503], [-80.21383400039369, 26.03563000029264], [-80.21389299994492, 26.03563000029264], [-80.21390999966337, 26.03563000029264], [-80.21399800042524, 26.03562800016157], [-80.21407700006793, 26.035626000030472], [-80.21414099964203, 26.035626000030472], [-80.21463000026188, 26.035616000181598], [-80.21609899997465, 26.035586999888658], [-80.21658900041943, 26.035578000102443], [-80.21658400039655, 26.035430999998926], [-80.21658000019859, 26.035272999764594], [-80.21657400035082, 26.035058000161328], [-80.21657099997776, 26.03498900012627], [-80.2165669997798, 26.034843000163974], [-80.21656400030507, 26.034700000240317], [-80.21655799955896, 26.03427399965462], [-80.21655599990915, 26.034131999922735], [-80.21655199971119, 26.033990000018953], [-80.21654199966544, 26.033624000213326], [-80.21654099984053, 26.033564000083324], [-80.2165380003658, 26.033422000299076], [-80.21653400016784, 26.03327800017182], [-80.2165240001221, 26.032846999625743], [-80.21652099974905, 26.03270399969024], [-80.21651599972617, 26.03256700013041], [-80.2165030002057, 26.03215599968376], [-80.21649900000774, 26.032020000387398], [-80.21735599997531, 26.03202399996538], [-80.21806399997998, 26.03202899963942], [-80.21853900035612, 26.032020999676536], [-80.21959399979208, 26.031978000371048], [-80.21992500022822, 26.031958000050473], [-80.22007800038908, 26.031948999985833], [-80.22052600010274, 26.03189200009844], [-80.22077700017292, 26.031860000206198], [-80.220812000333, 26.031854999717762], [-80.220916999915, 26.03184200006117], [-80.2209529999, 26.031837999669808], [-80.2209589997478, 26.031984000143677], [-80.22097800001436, 26.032423999853595], [-80.22098499968705, 26.032570999689753], [-80.2209870002352, 26.03271000023293], [-80.2209959995577, 26.03312900024081], [-80.22099999975566, 26.033269000208424], [-80.2210020003038, 26.033415999792823], [-80.22101099962632, 26.033859000023472], [-80.22101399999937, 26.034006999754997], [-80.2210159996492, 26.03415099979452], [-80.22102499987002, 26.034584999808363], [-80.22102800024307, 26.03473000001861], [-80.2210309997178, 26.034873999977666], [-80.22103999993864, 26.03530599960122], [-80.22104400013659, 26.035449999660297], [-80.22104400013659, 26.035594999608367], [-80.22104699961133, 26.036031000053484], [-80.22104800033455, 26.036177000151273], [-80.2210519996342, 26.036319999888477], [-80.22106400022808, 26.03674899966826], [-80.22106800042604, 26.036893000377063], [-80.22107099990077, 26.03703800015549], [-80.22108199977143, 26.037473000029365], [-80.22108599996938, 26.037617999897833], [-80.22109000016734, 26.037762000346795], [-80.22110199986292, 26.038194999869415], [-80.22110699988579, 26.038339999652337], [-80.22110699988579, 26.038485000063126], [-80.22110699988579, 26.03892100025726], [-80.22110699988579, 26.039066999985888], [-80.22094700005222, 26.03907300020304], [-80.22067699971547, 26.039082999757127], [-80.22047099985114, 26.039091000045495], [-80.2203119998425, 26.039098000297372], [-80.21802999964477, 26.039155999946903], [-80.21734000008179, 26.039173999776622], [-80.21668200030584, 26.03919199960358], [-80.21668800015364, 26.03935100024204], [-80.21670800024512, 26.03983000011615], [-80.21671499991781, 26.03998999991787], [-80.21671699956764, 26.040149000281453], [-80.21672400013863, 26.040628000124446], [-80.21672699961337, 26.040787999644497], [-80.2167299999864, 26.04088300003813], [-80.21674099985707, 26.041167999950112], [-80.21674500005503, 26.04126300003589], [-80.21674500005503, 26.04128100034931], [-80.21674699970485, 26.041334999658773], [-80.21674800042808, 26.041352999961163], [-80.21675000007791, 26.04138099961893], [-80.21675599992568, 26.041466000182083], [-80.21675900029874, 26.041494999828355], [-80.21676000012364, 26.04151200009082], [-80.2167640003216, 26.0415630000563], [-80.21676599997141, 26.041581000323678], [-80.2167709999943, 26.041680000130654], [-80.21678600006292, 26.04197999989129], [-80.21679100008578, 26.04208000017904], [-80.2167919999107, 26.042146000047794], [-80.21679799975847, 26.0423440002383], [-80.21680000030662, 26.042410999966158], [-80.21680199995643, 26.042485999712483], [-80.21681100017727, 26.042714000293223], [-80.216813999652, 26.042789999850243], [-80.21681600020015, 26.042864000157422], [-80.21682399969775, 26.04308599999164], [-80.2168270000708, 26.043160000112003], [-80.21682799989571, 26.043226000179935], [-80.21683399974349, 26.043424000160883], [-80.21683700011653, 26.04349000008022], [-80.21683799994145, 26.04356099995198], [-80.21684399978923, 26.04377400011635], [-80.21684600033737, 26.04384599981161], [-80.21684700016229, 26.04391300029537], [-80.21685200018516, 26.04411399990283], [-80.21685399983497, 26.044181000233454], [-80.21685499965989, 26.044251999686768], [-80.21685899985785, 26.044467000190338], [-80.21686100040598, 26.04453900026712], [-80.21686100040598, 26.044602000398893], [-80.21686300005581, 26.044793999746187], [-80.21686399988073, 26.044857999727775], [-80.21686700025377, 26.04499900020711], [-80.21687899994933, 26.045421999820498], [-80.21688300014729, 26.045563999602354], [-80.21759899964955, 26.045541000041535], [-80.21974699995296, 26.045473999681015], [-80.22046400017847, 26.04545200008431], [-80.22087500008219, 26.045410000035673], [-80.22086400021153, 26.045319999996146], [-80.22091199989212, 26.045319000013254], [-80.22125199965075, 26.04528599976593], [-80.22171199995829, 26.04524599962491], [-80.22199800018855, 26.04520400030957], [-80.22213200008285, 26.045200000373992], [-80.22261999997947, 26.045184999807258], [-80.22268399955358, 26.04518299983916], [-80.22270299982017, 26.045181999855096], [-80.22272299991164, 26.04518299983916], [-80.2228679996766, 26.04517599995055], [-80.22292399975309, 26.045176999934668], [-80.22299599972312, 26.045174999966438], [-80.22309100015768, 26.04517200001402], [-80.22322099985402, 26.04516800007735], [-80.22332299996127, 26.045166000108967], [-80.22341400019786, 26.045171000029868], [-80.22352100032799, 26.045185999791286], [-80.2236409999786, 26.045216000115488], [-80.22371399977352, 26.045239999723638], [-80.22381199968281, 26.04527599993371], [-80.22390700011736, 26.04530500025187], [-80.22400300037683, 26.045329999824574], [-80.22411700017965, 26.045353000233888], [-80.22425000024903, 26.045370999919417], [-80.22434999980815, 26.04537999976115], [-80.22443400037206, 26.045382999708238], [-80.22452200023561, 26.045382999708238], [-80.2247120002064, 26.045377999796383], [-80.22479400022216, 26.045365000024542], [-80.22488000043589, 26.045351000268653], [-80.22490899984989, 26.045346000355423], [-80.22498500001788, 26.045319000013254], [-80.2269309997566, 26.045260000200408], [-80.2287810001342, 26.04520400030957], [-80.2289290002722, 26.045200000373992], [-80.23091500019392, 26.045139999709768], [-80.23091299964575, 26.04489100009558], [-80.23090400032325, 26.043272000205306], [-80.23089900030037, 26.04233300014681], [-80.23095000035401, 26.042356000336934], [-80.2309920001868, 26.042364000402003], [-80.23129799961025, 26.04235500032876], [-80.23251199995318, 26.04232200005429], [-80.23291700000914, 26.042311999969293], [-80.23310899962976, 26.04212099979615], [-80.23368699993807, 26.04154899984643], [-80.23388000028191, 26.041359000061334], [-80.23392799996249, 26.04131500012669], [-80.23407100007763, 26.041183000223647], [-80.23411999958311, 26.04114000024148], [-80.23426900044436, 26.041003000043005], [-80.234717000158, 26.04059300012469], [-80.23486699994584, 26.040457000118618], [-80.23524299968948, 26.04009499961869], [-80.23623199990152, 26.039148999698497], [-80.23637599984157, 26.039013999668665], [-80.23675999998113, 26.038659999874827], [-80.23712200037936, 26.038365999945164], [-80.23740500023658, 26.03813699974461], [-80.23777699978227, 26.037918999603498], [-80.2380959996245, 26.03774999977804], [-80.23831900010558, 26.037651999930116], [-80.23874699972775, 26.037466999730345], [-80.23887599959917, 26.037413000254006], [-80.23926599958651, 26.037253000164917], [-80.23939600018116, 26.03719999983505], [-80.23984700026787, 26.037003999945213], [-80.2400599998049, 26.036911999801582], [-80.24072299960372, 26.036623999868088], [-80.24119100030717, 26.036432000057616], [-80.24120399982765, 26.03642599970535], [-80.24165900011232, 26.036238999872506], [-80.24186699962647, 26.036152000241426], [-80.24249299961535, 26.03589499959982], [-80.24270199985273, 26.03580899977758], [-80.24309799968785, 26.03563699994393], [-80.24428699991644, 26.03512099973677], [-80.24468399957647, 26.034949999772667], [-80.24469699999527, 26.034944000151754], [-80.24471700008675, 26.034936000387642], [-80.24473600035331, 26.034926999744307], [-80.2447489998738, 26.034921000122225], [-80.24479400007964, 26.03490200037518], [-80.24514399988402, 26.034748999793514], [-80.24584000019311, 26.03444599987271], [-80.2461359995708, 26.034281000194017], [-80.24630299997537, 26.0341790003646], [-80.2463399997853, 26.034157000263182], [-80.24663400041149, 26.033960000051366], [-80.24666200000057, 26.033938999988802], [-80.24687999956046, 26.033776999840928], [-80.2469730003452, 26.033686999751797], [-80.24703799974421, 26.033626000378558], [-80.24720099995082, 26.033493999892848], [-80.24730399988299, 26.033423999660606], [-80.24750399989954, 26.033309999677243], [-80.24761500022761, 26.033261000330107], [-80.24773700042635, 26.033209999983008], [-80.24801899956033, 26.033124999893335], [-80.24804100019996, 26.033119000179052], [-80.24838799963128, 26.033050999898055], [-80.24841299974565, 26.033049999810547], [-80.24843399966204, 26.03304899972303], [-80.24849800013446, 26.033047000355126], [-80.24851999987577, 26.033047000355126], [-80.24851900005085, 26.03294300008299], [-80.24851700040102, 26.032670999928765], [-80.24851800022594, 26.03263299970268], [-80.24852400007373, 26.032529999962648], [-80.24853599976929, 26.032272000169737], [-80.24853999996725, 26.032207999776624], [-80.24857099992938, 26.031856999913156], [-80.24858099997513, 26.031748999805952], [-80.24861699996013, 26.03150499970593], [-80.24865499959498, 26.03125099968461], [-80.2486560003182, 26.031240000167006], [-80.24866100034106, 26.03120699999365]], [[-80.20781299998107, 26.046705000398493], [-80.20786099966163, 26.047175000388698], [-80.20767800026185, 26.047870999612275], [-80.20748900011597, 26.048152999610274], [-80.2075550002382, 26.04818499989917], [-80.20719600021302, 26.04871799994615], [-80.20710800034946, 26.048849000290765], [-80.20704100040231, 26.048950000320986], [-80.20561799982198, 26.04825100036655], [-80.2054079997597, 26.048154000376055], [-80.20503399966589, 26.047965999916343], [-80.2050079997266, 26.04794000013813], [-80.20499799968087, 26.04791900015783], [-80.204992999658, 26.047893000369196], [-80.20499400038122, 26.047877000185984], [-80.20501299974948, 26.047834000237632], [-80.20503100019116, 26.047816000123174], [-80.20507499967376, 26.04779600008246], [-80.2052250003599, 26.04778299977168], [-80.2051399999711, 26.04695900003994], [-80.2052250003599, 26.046953000226335], [-80.20530099962959, 26.046948000381438], [-80.20547399988193, 26.046934999976603], [-80.20599500028885, 26.046899000275967], [-80.20605200019025, 26.04689399962167], [-80.20608700035035, 26.047238999877568], [-80.20609599967287, 26.047335999818106], [-80.2070060002422, 26.047259999979683], [-80.20699799984628, 26.047180000223925], [-80.20699600019645, 26.04716499991057], [-80.2069929998234, 26.047131000215426], [-80.20695900038655, 26.04680499988453], [-80.20716600007577, 26.046780999789664], [-80.20724499971848, 26.046771000084973], [-80.20748200044325, 26.046743000100257], [-80.2075619999109, 26.046735000333967], [-80.20760200009387, 26.046729999672685], [-80.2077240002926, 26.046715000108808], [-80.20776500030047, 26.046711000224782], [-80.20781299998107, 26.046705000398493]], [[-80.19413800030982, 26.047124999603565], [-80.1941369995866, 26.047578000143606], [-80.1941220004163, 26.048607000167966], [-80.19412099969307, 26.048958999887954], [-80.19404700007324, 26.048958999887954], [-80.19380000020102, 26.048966000357712], [-80.19306100023424, 26.04899099995682], [-80.19281500018694, 26.049000000327684], [-80.19276099976027, 26.049001000279176], [-80.19260199975159, 26.049006999987963], [-80.19254999987307, 26.049008999890827], [-80.19257300033759, 26.04878600002009], [-80.19258900023112, 26.048635999662082], [-80.19261299962226, 26.048416999714775], [-80.19262500021614, 26.048117000283646], [-80.19263400043697, 26.047894000330103], [-80.19263299971375, 26.047812000276714], [-80.192630000239, 26.047567999699815], [-80.192630000239, 26.047487000189875], [-80.19262600004105, 26.047423999994276], [-80.19261699982022, 26.047235000011415], [-80.19261500017038, 26.047171999680415], [-80.19265299980523, 26.047169999746206], [-80.19276599978313, 26.047166999844855], [-80.19280500014119, 26.047165999877713], [-80.1931230001585, 26.047156000205867], [-80.19407899986028, 26.04712600037812], [-80.19413800030982, 26.047124999603565]], [[-80.12936699975441, 26.071113000054407], [-80.12936699975441, 26.07170800022347], [-80.12936699975441, 26.072464999948508], [-80.1283370004328, 26.07251900022052], [-80.12774300023095, 26.07255100031016], [-80.12773099963707, 26.07227800032342], [-80.1276970002002, 26.071461000098527], [-80.12768600032955, 26.07118899975347], [-80.12802199989021, 26.07117300033055], [-80.12903000036883, 26.071126999960214], [-80.12936699975441, 26.071113000054407]]], [[[-80.17322899970793, 26.04868499984858], [-80.1732200003854, 26.048199000123695], [-80.17321000033967, 26.047819000007923], [-80.17307499972213, 26.047824999777205], [-80.17271900006999, 26.047840999967526], [-80.17271800024507, 26.047790000311704], [-80.1722489997167, 26.047806999661397], [-80.17219000016547, 26.04780900039179], [-80.17221100008187, 26.04871699999225], [-80.17275199968195, 26.048699000013375], [-80.17322899970793, 26.04868499984858]]]]}}, {"type": "Feature", "properties": {"name": "Lauderdale Lakes", "geoid": "1239525", "county": "broward"}, "geometry": {"type": "Polygon", "coordinates": [[[-80.21987800037255, 26.174175000076826], [-80.21987900019747, 26.174063000357275], [-80.21986699960357, 26.17297199977074], [-80.21986599977866, 26.172877000222947], [-80.21986499995374, 26.172781000092076], [-80.21984700041041, 26.171256999922313], [-80.21983800018957, 26.17043000012961], [-80.21981999974791, 26.16932899969811], [-80.21972199983861, 26.166467999675803], [-80.21972000018879, 26.166401000041937], [-80.21968900022665, 26.164781999832883], [-80.21968699967852, 26.164634000207464], [-80.21966199956415, 26.162916000116223], [-80.21965999991434, 26.162733999773874], [-80.21960899986071, 26.16143500015399], [-80.21958399974635, 26.159923000191508], [-80.21952900039307, 26.157318999870295], [-80.21949800043093, 26.1558150001465], [-80.21949500005789, 26.15570600006975], [-80.21702799991225, 26.15570400037809], [-80.213046999848, 26.15571500029447], [-80.21300500001522, 26.15571600014023], [-80.21302500010668, 26.156662000349947], [-80.21303000012956, 26.156909000299283], [-80.2130610000917, 26.158315999859212], [-80.21307199996237, 26.158814000377156], [-80.21309299987875, 26.159791000243644], [-80.21312399984089, 26.16125900032161], [-80.21308399965793, 26.161260000119853], [-80.2129480001138, 26.161264000118926], [-80.21225099997979, 26.1612870003127], [-80.21197399997035, 26.16129600010684], [-80.21195300005397, 26.16129500030894], [-80.21189000030478, 26.161292000108833], [-80.21186900038838, 26.161292000108833], [-80.2117299995729, 26.1612870003127], [-80.21143199964708, 26.161277999711604], [-80.21131500036951, 26.161296999904764], [-80.21117800010217, 26.161320000092037], [-80.21112500039871, 26.161301999700463], [-80.21100999987267, 26.161281999710067], [-80.21037899986091, 26.161283000314416], [-80.20796899961667, 26.161288999908663], [-80.20716600007577, 26.161292000108833], [-80.2068720003479, 26.161292000108833], [-80.2059929997407, 26.161293999704732], [-80.20569999983776, 26.16129600010684], [-80.20518099997896, 26.161296999904764], [-80.20388799999331, 26.16130099990258], [-80.20381199982532, 26.161316000094832], [-80.20373800020549, 26.161339000278353], [-80.20363299972519, 26.161352999861982], [-80.20342799968576, 26.161381999627693], [-80.20335200041612, 26.16139799960656], [-80.2032750004232, 26.16140700019842], [-80.20323699989007, 26.161415000186405], [-80.20311999971419, 26.161415000186405], [-80.2031189998893, 26.161361999651035], [-80.20311800006438, 26.161296999904764], [-80.2031189998893, 26.160910999871355], [-80.20312100043742, 26.16064400023305], [-80.20308000042952, 26.15939900037316], [-80.20306399963769, 26.15889600003514], [-80.20306399963769, 26.1588839997938], [-80.20306399963769, 26.15885000031277], [-80.20306500036094, 26.158838999885667], [-80.20305000029231, 26.158195000194358], [-80.20300699973629, 26.156264999629393], [-80.2029930003909, 26.155622000089085], [-80.20299099984277, 26.15547300028176], [-80.202984999995, 26.155029999930886], [-80.20298300034517, 26.154882000026735], [-80.20297900014721, 26.154659000366873], [-80.20297599977415, 26.154368000328816], [-80.20296999992638, 26.153989999636273], [-80.20296800027654, 26.153767999746652], [-80.20296099970554, 26.15358100032546], [-80.20294200033727, 26.153020000263727], [-80.20293599959119, 26.152832999643746], [-80.20292499972052, 26.15238500038045], [-80.20289399975839, 26.15104200021966], [-80.20288399971264, 26.150594999614288], [-80.2027470003436, 26.150596000310273], [-80.20252499968744, 26.150598000089474], [-80.2014509999849, 26.15060899968088], [-80.2010929997846, 26.15061399993463], [-80.200929999578, 26.150614999824107], [-80.20044099985644, 26.15062000007759], [-80.20027900037304, 26.150622999745796], [-80.20018800013646, 26.15062399963515], [-80.1999169999748, 26.150626000220257], [-80.19982699956311, 26.15062799999895], [-80.19958700026191, 26.150629999777603], [-80.19902700039528, 26.150636999808988], [-80.19886699966338, 26.150637999698258], [-80.19884099972413, 26.150639000393863], [-80.1986270003622, 26.15064100017234], [-80.19856000041504, 26.15064100017234], [-80.1983600003985, 26.150642000061584], [-80.19829400027626, 26.150642999950776], [-80.19768199963275, 26.150644999729177], [-80.19631300037743, 26.150650999870543], [-80.195848000047, 26.150652999648806], [-80.19523700012674, 26.150656000122503], [-80.1947700001465, 26.15066100037427], [-80.19337099985562, 26.150677000210763], [-80.19334499991636, 26.15067800009969], [-80.19290700024844, 26.15071699979246], [-80.19286000039278, 26.150721000153077], [-80.19286500041565, 26.15110799992044], [-80.19288499960882, 26.152515999965015], [-80.19286399969242, 26.152515000091825], [-80.1869620000038, 26.152574999723704], [-80.18696799985157, 26.152854000146576], [-80.18697100022462, 26.152996000183688], [-80.18698200009527, 26.153576000198843], [-80.18701700025537, 26.155315000029237], [-80.18702999977586, 26.155895999649346], [-80.18702700030113, 26.15630300003304], [-80.18701999973013, 26.157527000218764], [-80.18701899990519, 26.15793500038331], [-80.18701899990519, 26.157951999855268], [-80.18701899990519, 26.158002999868863], [-80.18701899990519, 26.158020999963195], [-80.18687300031533, 26.15802299961515], [-80.18683300013235, 26.15802400024742], [-80.18627499991554, 26.158033000293308], [-80.1860899999676, 26.15803700040309], [-80.18593799963165, 26.15803999988056], [-80.18548599972002, 26.158048999925228], [-80.18533500010729, 26.15805200020873], [-80.18526300013725, 26.15805300003445], [-80.18504899987701, 26.15805799996919], [-80.1849779997319, 26.15805999962051], [-80.1849140001578, 26.158061000252466], [-80.18491599980764, 26.158162000337278], [-80.18491800035576, 26.15820800033097], [-80.18492500002847, 26.158672999984805], [-80.18493400024929, 26.15930599987941], [-80.18494299957182, 26.159877999877907], [-80.18361100012639, 26.159902000154823], [-80.1829209996651, 26.159919999956138], [-80.18295099980232, 26.161730000285253], [-80.18487399997484, 26.16169399962592], [-80.18491300033288, 26.16169299983142], [-80.1868630002696, 26.161655000377284], [-80.1869419999123, 26.161655000377284], [-80.18695799980584, 26.16278199995375], [-80.18696000035398, 26.162953999965804], [-80.18696100017888, 26.163036999721484], [-80.18691900034608, 26.16519100018538], [-80.18692400036896, 26.165365000201998], [-80.18707199960865, 26.165362999869686], [-80.18758600034286, 26.165359999774218], [-80.18848900034119, 26.16535699967869], [-80.18912799985056, 26.16535500015248], [-80.18938700031664, 26.165354000389378], [-80.18964300040967, 26.165354000389378], [-80.1897079998087, 26.165354000389378], [-80.18990299980237, 26.165354000389378], [-80.1899689999246, 26.16535500015248], [-80.18999900006183, 26.16535500015248], [-80.1900889995752, 26.16535500015248], [-80.19011899971244, 26.16535500015248], [-80.19018900003265, 26.16678800019999], [-80.19008600010048, 26.16712500039984], [-80.19011799988752, 26.168992999956313], [-80.18963800038681, 26.168995999958295], [-80.18911399960685, 26.16899699969018], [-80.18911299978193, 26.169065999713812], [-80.18917600042944, 26.172826000264042], [-80.18720800005109, 26.17285800030409], [-80.18706999995882, 26.17285999970165], [-80.18303299981808, 26.172936999861502], [-80.18303199999318, 26.172960000171596], [-80.18303000034335, 26.173024999866723], [-80.1830269999703, 26.17309000033181], [-80.18302500032047, 26.173155999650685], [-80.18302399959727, 26.173186999904182], [-80.18302299977235, 26.173221000042723], [-80.18301500027474, 26.173477999749473], [-80.18301199990168, 26.173576000304053], [-80.1830129997266, 26.173624999744266], [-80.18301600009964, 26.17377399974175], [-80.18301699992456, 26.173824000401634], [-80.18302000029762, 26.174004000181043], [-80.1830269999703, 26.174355000120435], [-80.18305100025975, 26.17563299969362], [-80.18305799993243, 26.175950999904742], [-80.1830689998031, 26.176483000082655], [-80.18307100035122, 26.176580999723296], [-80.18307300000106, 26.1767580002804], [-80.18308600041985, 26.17758500032815], [-80.18309100044273, 26.17786100000031], [-80.18309800011541, 26.17831599974176], [-80.18311599965877, 26.179536000071113], [-80.18311900003181, 26.179681000401015], [-80.1831259997045, 26.180136999929108], [-80.18312700042773, 26.180196999861497], [-80.18312999990246, 26.180380999622702], [-80.18313099972738, 26.180441999869334], [-80.18339699986616, 26.180445000382853], [-80.18398600004512, 26.180483999795953], [-80.18431800030615, 26.180496000232843], [-80.18445399985026, 26.18049800030556], [-80.18452900019334, 26.180476999943593], [-80.18534599997794, 26.180465000310885], [-80.18620700014347, 26.180450000163642], [-80.18620700014347, 26.1803999999276], [-80.18619799992264, 26.179764999981426], [-80.18619600027282, 26.179565999792793], [-80.18619600027282, 26.179540000249446], [-80.18718200011183, 26.17952900016182], [-80.18732600005187, 26.17952700007248], [-80.18822300020241, 26.17951599998367], [-80.19103400030464, 26.179482000068955], [-80.19250999969009, 26.179466000153074], [-80.19297500002051, 26.179461000330082], [-80.19331499977913, 26.179457000149043], [-80.19332900002283, 26.180307999695223], [-80.19332999984773, 26.180371000054976], [-80.1935659998493, 26.180366000270787], [-80.19478699986493, 26.180338999658986], [-80.19515199973792, 26.180344000250475], [-80.1952200004083, 26.180344999885058], [-80.19521799986016, 26.18026999985845], [-80.1953479995565, 26.180269000223245], [-80.19541399967873, 26.180289000181467], [-80.19547399995321, 26.18029499960398], [-80.19547399995321, 26.1803490000356], [-80.19547700032625, 26.180461000164335], [-80.19550099971738, 26.181360999853464], [-80.19550300026552, 26.181431000245574], [-80.19550800028838, 26.18163100009773], [-80.1955579996188, 26.183524000042546], [-80.19556299964165, 26.183702000140688], [-80.1955719998625, 26.183936999967045], [-80.1955719998625, 26.184042999836514], [-80.19557299968739, 26.184101000165356], [-80.19558699993111, 26.184625999813335], [-80.19559199995396, 26.184817000234712], [-80.19559799980175, 26.185038000268207], [-80.1956220000912, 26.18588700019003], [-80.1956299995888, 26.18610999978265], [-80.19563200013694, 26.186183000105995], [-80.19563200013694, 26.186194999956022], [-80.1956299995888, 26.186220999626798], [-80.19562899976391, 26.186233999863088], [-80.19562299991611, 26.186291000323873], [-80.19570800030492, 26.186291999907414], [-80.19580700003912, 26.186291999907414], [-80.19583800000126, 26.186291999907414], [-80.19610400014004, 26.186293000297088], [-80.19620399969916, 26.186293999880643], [-80.19627900004222, 26.186293999880643], [-80.19650699964787, 26.186293999880643], [-80.19658299981585, 26.186295000270288], [-80.19687499989391, 26.18629599985383], [-80.19695000023697, 26.186297000243467], [-80.19721600037575, 26.18629799982697], [-80.19722100039863, 26.186212000144483], [-80.19718700006342, 26.184986999987657], [-80.19839600038351, 26.184992999974373], [-80.20006099991485, 26.18500200035699], [-80.20351800009746, 26.185020999908456], [-80.2037199997638, 26.185024000304065], [-80.203718000114, 26.184963999632505], [-80.20371599956586, 26.184869000185454], [-80.20371300009113, 26.184761999858452], [-80.20371200026622, 26.18471999986148], [-80.20368899980167, 26.184158999659218], [-80.20368100030407, 26.183959000115156], [-80.20367100025834, 26.183716999869333], [-80.20364299977092, 26.18302899990259], [-80.20364199994603, 26.182991999758798], [-80.20539900043718, 26.182980999997053], [-80.20754400036755, 26.182974000294664], [-80.20748800029105, 26.180457000017608], [-80.2074649998265, 26.179439999781252], [-80.20746599965143, 26.179342000125967], [-80.21031799976154, 26.179337000297636], [-80.21105699972833, 26.179328999926955], [-80.21399400022727, 26.17931799981942], [-80.21703999960782, 26.179306000067392], [-80.21903599957525, 26.179292999864334], [-80.21919399975901, 26.179306999710857], [-80.21930400026218, 26.17890600010138], [-80.2194039998213, 26.178474999923615], [-80.2194819996391, 26.178041999649533], [-80.21962499975425, 26.177252999646274], [-80.21972000018879, 26.176599000174814], [-80.21981399990013, 26.175817999883964], [-80.21984599968717, 26.175488999647314], [-80.21987400017458, 26.175049000195123], [-80.21987800037255, 26.174175000076826]]]}}, {"type": "Feature", "properties": {"name": "Lauderdale-by-the-Sea", "geoid": "1239475", "county": "broward"}, "geometry": {"type": "Polygon", "coordinates": [[[-80.10335399988021, 26.182269000016706], [-80.10334999968225, 26.18221899975499], [-80.10284500006719, 26.182212999625403], [-80.09761000037534, 26.182254999719856], [-80.09757600004015, 26.182254999719856], [-80.09745100036669, 26.182256000144207], [-80.09740500033594, 26.182254999719856], [-80.09637099991802, 26.18224799997389], [-80.0959039999378, 26.18225400010167], [-80.0959039999378, 26.182281999887767], [-80.09589200024224, 26.182359000272523], [-80.09589200024224, 26.182672000182112], [-80.09585000040944, 26.183200999872025], [-80.09583899964048, 26.183305000386568], [-80.0958190004473, 26.183513999938363], [-80.09580100000564, 26.183552999936673], [-80.09580699985342, 26.183624999837214], [-80.09580299965546, 26.183651999687683], [-80.09577699971621, 26.183839000062747], [-80.09576400019571, 26.183883000391905], [-80.0957349998834, 26.184066000373445], [-80.09569700024856, 26.184307000293877], [-80.0956369999741, 26.184835999816354], [-80.09562399955533, 26.18485700019888], [-80.09560600001197, 26.185056000219653], [-80.09559400031641, 26.185078000156523], [-80.09558199972253, 26.185242999953722], [-80.09556099980614, 26.185308999645965], [-80.09555099976038, 26.185341999881114], [-80.09555699960816, 26.18540800032341], [-80.09554499991259, 26.185452000060078], [-80.09554499991259, 26.1855070001106], [-80.09553300021705, 26.185528999962308], [-80.09554499991259, 26.185605999813674], [-80.09553300021705, 26.185656000234278], [-80.09552999984399, 26.18572100010413], [-80.09551499977538, 26.186072000225657], [-80.0955030000798, 26.18635999978364], [-80.09543600013265, 26.18671199997845], [-80.09541100001829, 26.186756000028762], [-80.09538099988107, 26.186932999642018], [-80.0953690001855, 26.18696000033817], [-80.09534900009403, 26.18710700025668], [-80.0953199997817, 26.187333999843304], [-80.09529499966735, 26.18745499990036], [-80.0952350002912, 26.1877529998114], [-80.09518800043553, 26.187891999752676], [-80.09508200013033, 26.188210000369068], [-80.09499099989372, 26.18865500034473], [-80.09495400008382, 26.189074000398435], [-80.09496099975651, 26.189096000382683], [-80.09495800028178, 26.189217000221884], [-80.09495599973363, 26.189356000028596], [-80.09495499990872, 26.189436999607505], [-80.09492999979436, 26.189579999791476], [-80.09492999979436, 26.189666999766782], [-80.09492999979436, 26.189913000373803], [-80.09492999979436, 26.190059000239398], [-80.09494300021315, 26.1901189998992], [-80.09492999979436, 26.190290000332038], [-80.09495499990872, 26.190389000001208], [-80.09496800032751, 26.19064500018865], [-80.09497900019817, 26.190835000064826], [-80.0949730003504, 26.190861999856644], [-80.09496999997732, 26.190891000342557], [-80.09495499990872, 26.191038999680238], [-80.09494700041111, 26.19116199980913], [-80.09493099961928, 26.1914619997951], [-80.09494300021315, 26.191512000120667], [-80.09491200025101, 26.19162799976157], [-80.09491899992372, 26.191726999905775], [-80.09487799991582, 26.19197100031713], [-80.09483500025813, 26.192241000156805], [-80.09481500016663, 26.19236500016007], [-80.09483299971, 26.192392999934526], [-80.09479699972499, 26.19266200007318], [-80.09478599985432, 26.192720000141527], [-80.09468100027233, 26.19327900037589], [-80.09464399956411, 26.19370799995474], [-80.0946510001351, 26.193729999869866], [-80.09464500028731, 26.19384599972009], [-80.09462000017297, 26.19404400018429], [-80.09460599992927, 26.19417499971611], [-80.09459599988354, 26.194279999622076], [-80.09455300022582, 26.19457200031392], [-80.09454700037803, 26.194660999614563], [-80.09452899993636, 26.19490799966307], [-80.09448399973053, 26.1951649999048], [-80.09441299958542, 26.195578999979784], [-80.09437099975263, 26.19588800022143], [-80.09418499997979, 26.196662000107775], [-80.09413899994902, 26.196856000231108], [-80.09408299987254, 26.197160999929476], [-80.09404699988752, 26.197356999810864], [-80.09396200039703, 26.19755499994827], [-80.09390100029766, 26.197725999942598], [-80.0938400001983, 26.19794600018346], [-80.0938400001983, 26.197974000228264], [-80.09383699982523, 26.197994000371278], [-80.09375499980948, 26.198661999789753], [-80.09373700026613, 26.19881599981199], [-80.09368799986233, 26.199053000338086], [-80.09367000031898, 26.199241999922194], [-80.0936639995729, 26.19930599999331], [-80.09365199987731, 26.199344000069246], [-80.0936579997251, 26.19940999983234], [-80.09364500020463, 26.19946499974064], [-80.09364500020463, 26.199669000360778], [-80.09362699976296, 26.19974599973146], [-80.09362099991517, 26.199928000313125], [-80.09361500006739, 26.19996600018609], [-80.09361500006739, 26.199999000299044], [-80.09359099977794, 26.200103999790162], [-80.09353700024958, 26.20058999993218], [-80.0935239998308, 26.2007150001781], [-80.09342599992151, 26.20109499981142], [-80.09340199963206, 26.201337000225394], [-80.09338999993649, 26.201374999638514], [-80.09338499991364, 26.201448000067145], [-80.09367000031898, 26.201458000243772], [-80.09368899968723, 26.201359999765614], [-80.09380800041123, 26.20135600033653], [-80.09396999989464, 26.20135200010128], [-80.09523600011612, 26.201318000111186], [-80.09528999964448, 26.201316000395913], [-80.09542899956163, 26.201316000395913], [-80.09545600022415, 26.201185000030776], [-80.0955869997454, 26.20055500025842], [-80.09560199981401, 26.20048399980552], [-80.09560400036214, 26.200465999820054], [-80.09564799984476, 26.200205999988178], [-80.09564899966968, 26.20018300022], [-80.09567499960895, 26.199877000103555], [-80.09567700015708, 26.199843999956023], [-80.09568100035504, 26.19976900039197], [-80.09568300000485, 26.199728999906206], [-80.09569999972331, 26.19941599988221], [-80.09570200027143, 26.19938399988128], [-80.09571099959396, 26.199269999655368], [-80.09573099968544, 26.199016999921966], [-80.0957349998834, 26.19896300008288], [-80.09574300027931, 26.198883000155856], [-80.09585700008215, 26.197725999942598], [-80.09589499971696, 26.197340999931612], [-80.09589899991492, 26.19729099969024], [-80.09591399998354, 26.197143999726794], [-80.09591900000642, 26.197095999994662], [-80.0960939999086, 26.197091000122192], [-80.09662000033838, 26.197076999994458], [-80.09679600006548, 26.197072999612203], [-80.09698299966323, 26.197067999738756], [-80.09754300042819, 26.19705399960826], [-80.09773099985084, 26.197050000031272], [-80.09902999968429, 26.196999999664953], [-80.09940299995318, 26.196983999736656], [-80.09950000003758, 26.196980000157264], [-80.10051900038687, 26.196953000171597], [-80.10089900032845, 26.196939000027296], [-80.10092100006976, 26.196937999729034], [-80.1009860003671, 26.19693499964031], [-80.10100899993333, 26.19693499964031], [-80.10135899973767, 26.196921000299888], [-80.10149500018012, 26.19691500012142], [-80.10190000023607, 26.196972999683943], [-80.10189299966507, 26.19700899992595], [-80.10187799959647, 26.197057999991163], [-80.10180300015168, 26.197293999769816], [-80.10177700021244, 26.197377000059852], [-80.10159399991433, 26.198007000099686], [-80.10152600014227, 26.198245000141235], [-80.10161099963275, 26.19849600017622], [-80.10156200012727, 26.1986699996389], [-80.10120200027717, 26.199957000153667], [-80.10116200009419, 26.200100999782986], [-80.1009589997046, 26.200318000371347], [-80.1010309996746, 26.20076400029591], [-80.10004900003356, 26.20432599964869], [-80.09975799978044, 26.20465700032147], [-80.09980800000915, 26.204391999811698], [-80.09958999955096, 26.204397999604858], [-80.0990720004154, 26.204411000230245], [-80.09872500008579, 26.204421000152347], [-80.09843399983264, 26.20442800017792], [-80.09814299957951, 26.20443500020305], [-80.0978539998745, 26.20444299965557], [-80.0975650001695, 26.20445099991352], [-80.09727499974129, 26.20445900017093], [-80.09698400038644, 26.20446600019419], [-80.09666700019403, 26.20447499987808], [-80.09633699958285, 26.20448400036726], [-80.09600699986997, 26.204491999816405], [-80.09567399978404, 26.204501000304273], [-80.0952560002076, 26.204512999879032], [-80.09485600017453, 26.204522999792367], [-80.09473399997579, 26.204522999792367], [-80.09477099978571, 26.20435699966884], [-80.09515400010035, 26.20261400020146], [-80.09521699984955, 26.20232999992831], [-80.0952779999489, 26.202032999684906], [-80.09529800004039, 26.20192899977066], [-80.09531099956088, 26.20186899974685], [-80.09356999986156, 26.201913999969108], [-80.09356099964073, 26.202032999684906], [-80.09330399972276, 26.202032999684906], [-80.09328000033165, 26.20220099959813], [-80.09325600004219, 26.202283000168205], [-80.09326199988996, 26.202322000330618], [-80.09322500008005, 26.202575000136868], [-80.09322500008005, 26.202596999988906], [-80.09322500008005, 26.202657999886632], [-80.09319499994282, 26.202933000363327], [-80.09319499994282, 26.20319699991969], [-80.09316399998069, 26.20344499983687], [-80.09310299988131, 26.203724999654447], [-80.09309600020862, 26.2037419997023], [-80.09307299974408, 26.203973000058912], [-80.09307299974408, 26.204264999818918], [-80.09308500033796, 26.20430299988839], [-80.09307899959187, 26.20443500020305], [-80.09303000008639, 26.204710999937724], [-80.09301199964472, 26.20483700001958], [-80.09300499997202, 26.2048690001338], [-80.09292100030645, 26.205272000290286], [-80.09290899971256, 26.205293999632673], [-80.09290899971256, 26.205322000328422], [-80.09282900024493, 26.20566799990707], [-80.09267699990896, 26.206098000004786], [-80.09258499984746, 26.206461000151688], [-80.09255100041058, 26.206619000390482], [-80.09250000035696, 26.20686799967858], [-80.09244299955724, 26.207196999957134], [-80.09236599956434, 26.207473999798857], [-80.09221599977653, 26.208374999717893], [-80.09219499986013, 26.20850799964383], [-80.09219499986013, 26.208552999717707], [-80.09213499958565, 26.208838999708853], [-80.09199999986646, 26.209680999700197], [-80.09198800017089, 26.20970799995807], [-80.09193299991931, 26.209922999996998], [-80.09184300040593, 26.21034800038616], [-80.09181800029157, 26.210472999825985], [-80.09176899988776, 26.21078700012201], [-80.09162900014569, 26.211321000327867], [-80.09147599998481, 26.212041999919524], [-80.09140900003766, 26.212261999703607], [-80.09121099967093, 26.21295900009074], [-80.09117100038628, 26.213103999914985], [-80.09111000028692, 26.213473000103484], [-80.09108599999746, 26.213567000239706], [-80.09105599986025, 26.21379799963457], [-80.0910740003019, 26.21384699988684], [-80.09104900018754, 26.214025000382986], [-80.09101999987523, 26.214238000206812], [-80.09101300020252, 26.214293000362865], [-80.0908910000038, 26.214810999897676], [-80.0908910000038, 26.214898999701553], [-80.09087299956214, 26.2149209996421], [-80.09083599975223, 26.215107999774887], [-80.09080599961499, 26.215157000281472], [-80.09078899989655, 26.2152169999033], [-80.09072000029957, 26.21548199994483], [-80.09063499991075, 26.215950000347572], [-80.09058600040527, 26.216191999696946], [-80.0905679999636, 26.216214000198978], [-80.09049500016867, 26.216534000290366], [-80.09049199979563, 26.216566999735974], [-80.0907439996907, 26.216565000282678], [-80.09069600001013, 26.216791000341036], [-80.09081599966072, 26.216825999968478], [-80.09081599966072, 26.216787999957997], [-80.09208299970712, 26.216779999742148], [-80.09213100028602, 26.216557000051484], [-80.09214499963142, 26.216489000078848], [-80.09214800000446, 26.216477000126954], [-80.09219200038538, 26.216287000186504], [-80.09220800027892, 26.216220000188645], [-80.09226500018033, 26.215951999811427], [-80.09241999999102, 26.21522099966205], [-80.09243599988454, 26.21515000009523], [-80.09249299978595, 26.21488299981543], [-80.09275599955168, 26.214881000333193], [-80.0935459995721, 26.21487400013036], [-80.09369899973298, 26.214872999986227], [-80.09370700012889, 26.215383999990678], [-80.09373700026613, 26.215383999990678], [-80.09375399998457, 26.215553000115005], [-80.0937149996265, 26.215688000171504], [-80.0936939997101, 26.21576299995611], [-80.09368000036473, 26.21583399995481], [-80.09362799958788, 26.216045000228778], [-80.09361199969433, 26.2160969999358], [-80.09359699962575, 26.21614999975272], [-80.09357999990729, 26.21618300011316], [-80.09355899999089, 26.216214000198978], [-80.09355700034108, 26.216225000045476], [-80.0935520003182, 26.21624599960298], [-80.09355800016597, 26.21628200033233], [-80.09355800016597, 26.216318000244627], [-80.09342699974643, 26.21684200039335], [-80.09309899968336, 26.21815900011723], [-80.09300099977406, 26.218657999663822], [-80.09299199955323, 26.218693999646867], [-80.09298400005564, 26.21872900031366], [-80.09295200026858, 26.2187959996726], [-80.09290700006274, 26.21885399961577], [-80.09294100039791, 26.21892099970864], [-80.09295100044366, 26.218956000307145], [-80.09295499974331, 26.218992000197975], [-80.09295399991841, 26.219029000186076], [-80.09292499960608, 26.219208000114875], [-80.09290500041291, 26.21929100009196], [-80.0934180004239, 26.219345000171472], [-80.09340599983003, 26.219405000051356], [-80.09339800033243, 26.219452000150547], [-80.09336800019518, 26.219585000311156], [-80.0933549997764, 26.21964600017037], [-80.09553200039213, 26.219621000007365], [-80.09554200043787, 26.219607000171607], [-80.09555699960816, 26.219587999816184], [-80.0955650000041, 26.219560000135047], [-80.09559199976827, 26.219493999708693], [-80.09561100003485, 26.219497000021924], [-80.09566799993625, 26.21950800036394], [-80.09597900028086, 26.219570000367316], [-80.0960090004181, 26.21944400011782], [-80.09603500035738, 26.21933800023722], [-80.09603899965703, 26.219326999879122], [-80.09604899970276, 26.219307000177825], [-80.09612499987074, 26.218964999676487], [-80.09617500009945, 26.21876300005331], [-80.09622399960494, 26.21856100007942], [-80.09628899990228, 26.218293000258978], [-80.09637000009313, 26.217956999900586], [-80.09642000032183, 26.217755000139118], [-80.09646200015463, 26.217581000191114], [-80.09651800023113, 26.21735299980978], [-80.09656699973661, 26.217150999805607], [-80.09659299967589, 26.217041999877083], [-80.09663700005682, 26.21686100039131], [-80.09676299955521, 26.216344999768555], [-80.09684999959383, 26.215980999689588], [-80.09693400015773, 26.21569500032537], [-80.09697799964036, 26.215458999971215], [-80.09700299975471, 26.215352000349597], [-80.09704600031073, 26.21523000012622], [-80.09704700013563, 26.215175999748677], [-80.09704799996055, 26.215112000343353], [-80.09708399994557, 26.215018999986217], [-80.09747499975781, 26.21346099984056], [-80.09763899978934, 26.212607999607016], [-80.09767200029962, 26.21249900025856], [-80.09779000030039, 26.212122999837113], [-80.09780500036901, 26.2121139999386], [-80.09787300014108, 26.211759999617378], [-80.09832400022778, 26.211750999690786], [-80.09834299959604, 26.21169700011669], [-80.09835299964179, 26.21165600033376], [-80.09849699958183, 26.211343000138942], [-80.09903899990513, 26.20903600027469], [-80.09941600037199, 26.207433000140274], [-80.09944999980887, 26.2072820000543], [-80.09948499996896, 26.207131999983137], [-80.09977500039719, 26.205895999808064], [-80.10002599956904, 26.204821999786706], [-80.10006499992711, 26.204660000211266], [-80.10039100034035, 26.20352600009512], [-80.10050199977012, 26.203139000233318], [-80.10071699985527, 26.202392000217337], [-80.1007339995737, 26.202334000129962], [-80.10075100019046, 26.20227499976128], [-80.10116600029215, 26.200833000048508], [-80.10158100039384, 26.199391000209694], [-80.10161800020377, 26.199260000096892], [-80.1016559998386, 26.1991289998367], [-80.10181400002234, 26.198578000131405], [-80.1019789998788, 26.19800599981062], [-80.10224900021554, 26.197056999693945], [-80.10227199978175, 26.196977000069595], [-80.10234200010196, 26.19674000015466], [-80.1023660003914, 26.196660999807158], [-80.10240400002623, 26.196220000198682], [-80.10244199966107, 26.19578000003453], [-80.10248299966894, 26.19529799960647], [-80.1026979997541, 26.19281400010756], [-80.10283599984636, 26.191209000027236], [-80.10294700017444, 26.189926999750483], [-80.10295399984714, 26.18984700006532], [-80.10302800036531, 26.18825900010548], [-80.1030419997107, 26.187951000153177], [-80.10306799964995, 26.18738099999364], [-80.10310899965785, 26.18653500002944], [-80.1032829997351, 26.183499000183573], [-80.10332700011604, 26.182726000318414], [-80.10335399988021, 26.182269000016706]]]}}, {"type": "Feature", "properties": {"name": "Lauderhill", "geoid": "1239550", "county": "broward"}, "geometry": {"type": "Polygon", "coordinates": [[[-80.26809899978377, 26.193684000189116], [-80.26807299984449, 26.19318199979362], [-80.26808000041551, 26.19272899992718], [-80.26806199997384, 26.192466999881795], [-80.26806000032401, 26.19239900034591], [-80.26805699995097, 26.192203000181415], [-80.26803400038474, 26.19087400003078], [-80.26803000018678, 26.190458999806058], [-80.26802099996596, 26.189213999934246], [-80.26802099996596, 26.189100999792277], [-80.26800300042261, 26.188799999806633], [-80.26800199969938, 26.188720000153634], [-80.26798099978298, 26.1882770003654], [-80.26793300010242, 26.186947999760825], [-80.26792800007954, 26.186786000310054], [-80.26792200023175, 26.186506000071358], [-80.26792200023175, 26.186465999867174], [-80.26792100040684, 26.186280999651057], [-80.26792100040684, 26.18607600017959], [-80.26791499966075, 26.185729000035984], [-80.2679130000109, 26.185544999851867], [-80.26790899981296, 26.1853279999535], [-80.26789999959213, 26.184679999850253], [-80.2678970001174, 26.18446400035858], [-80.26789399974435, 26.18432100034416], [-80.26788500042183, 26.183894999672653], [-80.26788200004879, 26.183753000177557], [-80.26787899967574, 26.183626000249774], [-80.26787100017812, 26.183244999635974], [-80.26786899962998, 26.18311799996065], [-80.26786500033035, 26.182976999936837], [-80.26785600010953, 26.182553999647883], [-80.26785399956137, 26.18241400017071], [-80.26785199991156, 26.182338999863415], [-80.26784699988869, 26.182114000264125], [-80.26784600006377, 26.182040000189893], [-80.26784400041394, 26.181972000210997], [-80.26783900039108, 26.18177099970943], [-80.26783799966786, 26.181704000002604], [-80.26783500019313, 26.18156799961302], [-80.26782599997229, 26.18116299959919], [-80.26782299959923, 26.18102799981922], [-80.26781400027673, 26.180645000314893], [-80.26778699961422, 26.17949599989277], [-80.26778099976644, 26.17924400038827], [-80.26777800029171, 26.179113999835828], [-80.26730999958825, 26.179113000190686], [-80.26590600017282, 26.179113000190686], [-80.26543800036768, 26.179113000190686], [-80.2651100003046, 26.179113999835828], [-80.26412500029053, 26.17911700038353], [-80.26379800005238, 26.17911899967373], [-80.26370000014307, 26.179118000028623], [-80.26364499989151, 26.179118000028623], [-80.26318600030717, 26.17911700038353], [-80.26303399997123, 26.17911700038353], [-80.26238700006593, 26.179122999866344], [-80.26044600035007, 26.17914099992528], [-80.25980000026969, 26.179147999857896], [-80.25903600018853, 26.179147999857896], [-80.25674499976998, 26.179149999953715], [-80.25598200041206, 26.17915200004952], [-80.25545199978433, 26.179152999694306], [-80.25511500039875, 26.179154000145264], [-80.25386500007079, 26.17915800033671], [-80.25333600016627, 26.179161000077098], [-80.25300200025544, 26.179161000077098], [-80.25200299999763, 26.17916500026829], [-80.25182300007258, 26.17916599991298], [-80.2516699999117, 26.17916700036383], [-80.25165999986596, 26.17892600029353], [-80.25167199956154, 26.178743000301992], [-80.25167900013254, 26.178645000060634], [-80.25168099978237, 26.178626000275752], [-80.25171400029264, 26.177080000103604], [-80.25170199969875, 26.176647000290394], [-80.25169000000321, 26.17618399989658], [-80.25148199959072, 26.166612000383182], [-80.25147999994091, 26.166439000368477], [-80.25145800019959, 26.164812999894075], [-80.2514439999559, 26.16471999968581], [-80.2483600000422, 26.16458599998353], [-80.24690700022295, 26.16459099963823], [-80.24592300003377, 26.164593999753478], [-80.24471200006388, 26.1646130002127], [-80.24400700043228, 26.164634000207464], [-80.24384300040074, 26.164624000095255], [-80.24353899972881, 26.16462199975018], [-80.24325599987161, 26.164638999860106], [-80.2429599995956, 26.164676000185622], [-80.24285599983851, 26.164676999954565], [-80.24278899989136, 26.164669999959308], [-80.24248299956962, 26.164667999615038], [-80.2422719996824, 26.1646709997283], [-80.24218200016904, 26.16466600007701], [-80.24201200028972, 26.164665000308005], [-80.24175500037178, 26.16466299996363], [-80.24136100018649, 26.16466299996363], [-80.24101999970462, 26.16466299996363], [-80.24099399976537, 26.164781000064856], [-80.24097899969675, 26.16484600028829], [-80.24061999967155, 26.164798000151603], [-80.24000200007856, 26.164717000380076], [-80.23942299994535, 26.1646690001903], [-80.23529100026836, 26.16468099983648], [-80.23198399987358, 26.1646839999494], [-80.23157100032003, 26.164684999718244], [-80.23132799974746, 26.164684999718244], [-80.23127199967097, 26.163431999604782], [-80.23116600026408, 26.157755999816885], [-80.23114100014972, 26.15643499989615], [-80.23113500030195, 26.156087000374733], [-80.23112299970805, 26.15515300016059], [-80.23110099996674, 26.154815000188183], [-80.23104999991313, 26.152509999919534], [-80.23099100036188, 26.15026099971654], [-80.23096200004957, 26.150259999824062], [-80.23091000017104, 26.150259999824062], [-80.23083300017814, 26.150259999824062], [-80.2307739997286, 26.150259999824062], [-80.23068300039031, 26.150258999931562], [-80.23040899985561, 26.150257000146546], [-80.23031900034225, 26.150257000146546], [-80.2302809998091, 26.150257000146546], [-80.23017100020424, 26.150257000146546], [-80.23013400039432, 26.15025800003905], [-80.22994500024843, 26.15025800003905], [-80.22937799981077, 26.15026099971654], [-80.22919000038812, 26.15026199960904], [-80.22900700009001, 26.150258999931562], [-80.22845899991891, 26.150251999877504], [-80.22827700034404, 26.15025000009236], [-80.2281409999016, 26.15025000009236], [-80.22773599984565, 26.15025000009236], [-80.22760100012643, 26.150250999984927], [-80.22754800042298, 26.15025000009236], [-80.22739000023925, 26.15024800030717], [-80.22733800036069, 26.15024800030717], [-80.22722399965957, 26.15024800030717], [-80.22695400022114, 26.150249000199757], [-80.226915999688, 26.147419999653017], [-80.22682100015176, 26.142963999765062], [-80.22676599990017, 26.140029999773667], [-80.22674400015887, 26.138858000243825], [-80.22674199961071, 26.13881499985223], [-80.22682600017461, 26.138317000277258], [-80.22681899960362, 26.13787100013102], [-80.22681299975584, 26.137509000068878], [-80.22667700021172, 26.137508000067143], [-80.2265280002488, 26.137508000067143], [-80.22423000015756, 26.137514000077385], [-80.22423000015756, 26.1374549999634], [-80.22423000015756, 26.137375999764114], [-80.22423400035552, 26.137141999666664], [-80.22423600000533, 26.137064000067603], [-80.22423900037839, 26.13680499996022], [-80.22425100007395, 26.136028000223423], [-80.22425199989885, 26.13590199995329], [-80.22425500027191, 26.13577000025412], [-80.22402199974509, 26.13577000025412], [-80.22332499961108, 26.135774000320506], [-80.2230929998075, 26.135776000353644], [-80.22309399963241, 26.13584399984724], [-80.22309500035563, 26.13590199995329], [-80.22309799983037, 26.13604999973182], [-80.2231000003785, 26.136118999885944], [-80.22310399967814, 26.13632600010369], [-80.22311799992185, 26.136949000181126], [-80.2231229999447, 26.137156999738668], [-80.22312399976964, 26.13723900009828], [-80.22312999961743, 26.137488000030817], [-80.22313100034064, 26.13751900008566], [-80.22313200016555, 26.137571000159184], [-80.22313200016555, 26.137597000187238], [-80.22313200016555, 26.13765100022703], [-80.22313299999048, 26.13767500023669], [-80.22313399981537, 26.137702000241685], [-80.22313399981537, 26.13772100024144], [-80.2231349996403, 26.137781000220407], [-80.22313600036351, 26.13780100020654], [-80.22292600030123, 26.137804000204138], [-80.22229899958911, 26.137815000194777], [-80.22209100007497, 26.137819000191104], [-80.22193299989124, 26.137821000189255], [-80.22146199971303, 26.13782900018136], [-80.22130500025251, 26.137832000178282], [-80.22109900038818, 26.137835000175087], [-80.22048300044503, 26.13784700016165], [-80.22027800040561, 26.137851000156882], [-80.22024999991822, 26.137851000156882], [-80.22016700007754, 26.13785200015564], [-80.22014000031335, 26.137853000154447], [-80.2201140003741, 26.137832000178282], [-80.22010299960512, 26.13782300018733], [-80.220071999643, 26.137782000219772], [-80.22006099977233, 26.13775000023512], [-80.2200519995515, 26.13771900024161], [-80.21991099998449, 26.13770700024193], [-80.2197550003489, 26.13771100024196], [-80.21976200002159, 26.13744499994115], [-80.21976700004446, 26.13730500034586], [-80.2197560001738, 26.13727800024909], [-80.21974500030313, 26.137248000134218], [-80.21974399957993, 26.137193999908057], [-80.21974399957993, 26.137165999780954], [-80.21974000028028, 26.13697800036655], [-80.21973000023455, 26.136415000318273], [-80.21972900040963, 26.136336000221792], [-80.219742999755, 26.136287999647067], [-80.21977500044038, 26.136255000046972], [-80.21978600031103, 26.136250999997035], [-80.21978100028815, 26.136172999802817], [-80.21977299989224, 26.136035000324057], [-80.2193829999049, 26.136035000324057], [-80.21938100025508, 26.136161999657496], [-80.21940200017148, 26.137164999776267], [-80.21940999966907, 26.137530000103133], [-80.2192919996683, 26.137530000103133], [-80.21910199969751, 26.137531000104687], [-80.21866300020467, 26.137533000107737], [-80.21869800036478, 26.1393280003219], [-80.2187059998624, 26.13970600011694], [-80.2187069996873, 26.139764999899878], [-80.21871799955795, 26.14036799982617], [-80.21872599995386, 26.14073899966156], [-80.21747899999895, 26.14014899976776], [-80.21732300036335, 26.140074999677267], [-80.21726700028687, 26.139739000354595], [-80.21721899970795, 26.139609000122014], [-80.2171729996772, 26.139374999661154], [-80.21702100023955, 26.138596000106457], [-80.21690400006369, 26.138208999982286], [-80.21673099981133, 26.137888000106344], [-80.2166160001836, 26.13778800021594], [-80.21659899956686, 26.137783000219166], [-80.21656900032794, 26.137597000187238], [-80.21655599990915, 26.137538000115224], [-80.21654699968832, 26.137487000028933], [-80.21621199995255, 26.136113999817695], [-80.21617699979245, 26.13596000003053], [-80.21597900032404, 26.135959000015525], [-80.21560000020737, 26.135955999970513], [-80.21519500015141, 26.135947999850043], [-80.21519900034937, 26.136195000090346], [-80.21519500015141, 26.136277000319062], [-80.21540199984065, 26.136346000339053], [-80.21569700029175, 26.136439999786404], [-80.21577900030752, 26.13753500011075], [-80.21562500032174, 26.137532000106194], [-80.21532999987063, 26.137531000104687], [-80.21332399985745, 26.13752600009691], [-80.21265600003575, 26.13752500009535], [-80.21242500005707, 26.137524000093745], [-80.21173299994594, 26.137524000093745], [-80.21150299979217, 26.137524000093745], [-80.21126799961553, 26.137522000090545], [-80.21069699987822, 26.137531000104687], [-80.20827900013639, 26.13757000015797], [-80.20747400004734, 26.13758400017393], [-80.20747400004734, 26.137564000150633], [-80.20747300022244, 26.13752700009849], [-80.20747300022244, 26.137438999927383], [-80.20541500033072, 26.137474000003373], [-80.20541699998054, 26.137381999781145], [-80.2054089995846, 26.13719899993005], [-80.2052739998654, 26.137197999925654], [-80.2049220004112, 26.137207999969103], [-80.20492700043407, 26.13748300002123], [-80.20358599986952, 26.13750500006193], [-80.20358800041765, 26.137576000165016], [-80.20262900034282, 26.1375930001833], [-80.20262799961961, 26.1375130000757], [-80.20262699979469, 26.137435999920363], [-80.202612999551, 26.13722800005339], [-80.20260900025134, 26.13715799974339], [-80.20259300035784, 26.136918999981738], [-80.20256099967246, 26.13639400008345], [-80.20255300017486, 26.136202000180933], [-80.2025499998018, 26.136126999994676], [-80.20254399995403, 26.13596300007546], [-80.20228899968589, 26.13596300007546], [-80.2020359999659, 26.1359640000904], [-80.20152399977984, 26.13597400023952], [-80.20127000023493, 26.135979000313736], [-80.20126799968679, 26.13590600001516], [-80.2012669998619, 26.135850999958905], [-80.20148500032009, 26.135850999958905], [-80.20160499997067, 26.135847999911093], [-80.20159699957476, 26.135601999761334], [-80.20159499992494, 26.13554800038689], [-80.20152999962761, 26.133670999741472], [-80.20165900039736, 26.13366899967228], [-80.2017690000022, 26.133667999637662], [-80.20176599962917, 26.133488999756096], [-80.20173700021516, 26.132777000074746], [-80.20171899977349, 26.132300999964485], [-80.20170799990284, 26.132038999631742], [-80.20167299974274, 26.13116099966145], [-80.20161400019151, 26.12987899976401], [-80.20157200035872, 26.129022999712102], [-80.20155300009213, 26.128521000002678], [-80.20154800006928, 26.128471000090187], [-80.20146900042656, 26.12641099960852], [-80.20146299968046, 26.126344000365712], [-80.20144799961184, 26.12627399998424], [-80.20144000011423, 26.126069999992797], [-80.20138300021283, 26.124632000250397], [-80.20126000018918, 26.12463499977976], [-80.20126400038714, 26.124533999720192], [-80.20124500012058, 26.124220000167128], [-80.20122099983112, 26.123593000263185], [-80.20118599967103, 26.123593000263185], [-80.20090899966159, 26.123602999858402], [-80.20081699960008, 26.12360700034148], [-80.20081400012535, 26.123541999733256], [-80.20060499988797, 26.12344000021968], [-80.2003599996656, 26.123296000280394], [-80.19991100012703, 26.122912999970122], [-80.19968900036918, 26.122722999939946], [-80.19956600034553, 26.122620999711383], [-80.19919999974933, 26.12231700036815], [-80.19907800044889, 26.122215999917827], [-80.19898200018945, 26.12211000032555], [-80.198853000318, 26.121967999823198], [-80.19877499960187, 26.121845000117627], [-80.19726300023142, 26.121880000027335], [-80.19724300013992, 26.12113200029653], [-80.19724099959178, 26.121000000036755], [-80.19685800017545, 26.12100800037446], [-80.19637699995153, 26.121017000048006], [-80.19607999985061, 26.121024000241704], [-80.19566899994688, 26.12103299991403], [-80.19443700006057, 26.12106099987592], [-80.19402699998173, 26.12107099968785], [-80.19352099964345, 26.121081999641305], [-80.1920030004252, 26.121119000063715], [-80.19149799991183, 26.121131000154584], [-80.19131799998677, 26.12113499991574], [-80.19077800021161, 26.121148000146803], [-80.19059900011146, 26.12115300004914], [-80.1905609995783, 26.12115199990736], [-80.1904469997755, 26.12115199990736], [-80.19040999996557, 26.12115199990736], [-80.19028299974396, 26.12115400019091], [-80.18990199997745, 26.121162999853183], [-80.18977599958076, 26.12116600027819], [-80.18943599982212, 26.121173999797985], [-80.1884199998459, 26.121200000249942], [-80.18808099991219, 26.121208999908706], [-80.18798600037596, 26.12121100019125], [-80.18770099997057, 26.121218000373318], [-80.18760700025925, 26.121220999990328], [-80.18732400040204, 26.12122599988959], [-80.18647499993207, 26.121245000149923], [-80.18619299989977, 26.12125200032998], [-80.18619100024993, 26.121368999820472], [-80.18619000042504, 26.12138099988567], [-80.18619100024993, 26.12140000012084], [-80.18619000042504, 26.12146500030762], [-80.18618399967893, 26.12172100014566], [-80.1861820000291, 26.121839000108988], [-80.18619200007487, 26.122109000191976], [-80.1861939997247, 26.12216699985952], [-80.18622300003699, 26.122922000303483], [-80.18623399990766, 26.123192999621217], [-80.18623599955748, 26.123257000299894], [-80.18624200030358, 26.1234509999501], [-80.18624399995339, 26.123515999802436], [-80.18624599960322, 26.12366100039742], [-80.18625499982404, 26.124097999722704], [-80.18625800019709, 26.12424399971069], [-80.186259000022, 26.124389000208698], [-80.18626300021997, 26.1248239998164], [-80.18626499986979, 26.124969000401087], [-80.18627099971758, 26.12510399972682], [-80.18628900015922, 26.125508999994228], [-80.18629599983194, 26.12564499960581], [-80.18629800038006, 26.125786000376216], [-80.18630599987767, 26.126211000250255], [-80.18630900025073, 26.126352999628242], [-80.18631000007564, 26.126434000218477], [-80.18631400027361, 26.126677000039166], [-80.18631599992342, 26.126758999692008], [-80.1863219997712, 26.127039999895146], [-80.18632400031935, 26.127072999679484], [-80.18633099999202, 26.12717399996354], [-80.18633400036508, 26.127207999799936], [-80.18634100003779, 26.12731200023443], [-80.18636199995417, 26.127624000175768], [-80.1863700003501, 26.12772900032535], [-80.18638399969548, 26.127910999608282], [-80.1864280000764, 26.12846000002595], [-80.18644300014502, 26.12864299986061], [-80.18643899994706, 26.12878799973756], [-80.1864280000764, 26.12922600011942], [-80.18642499970336, 26.129373000221968], [-80.18642499970336, 26.129512999648355], [-80.18642700025151, 26.129936000346493], [-80.1864280000764, 26.13007699996995], [-80.18642899990132, 26.13016199984949], [-80.1864349997491, 26.130420000110732], [-80.18643700029725, 26.13050599980234], [-80.18643800012214, 26.13056400014004], [-80.18644200032011, 26.13074100035287], [-80.18644399996994, 26.13079999982653], [-80.18644700034298, 26.130942000077923], [-80.18645800021365, 26.131370999959127], [-80.18646200041161, 26.131514000375848], [-80.18645099964263, 26.13180199997873], [-80.18643999977198, 26.13223900030208], [-80.18645099964263, 26.13262299991931], [-80.18645499984059, 26.132915000177682], [-80.1864630002365, 26.133145999757133], [-80.18646700043448, 26.133314999788485], [-80.18638600024362, 26.13398000034321], [-80.18646999990919, 26.135421999598798], [-80.18649699967338, 26.13619300006435], [-80.18650300041948, 26.13636299972993], [-80.18652699981061, 26.137039999932345], [-80.18653100000857, 26.137165999780954], [-80.18654699990209, 26.137985999915845], [-80.1865619999707, 26.138739999731452], [-80.1865619999707, 26.139123999744843], [-80.18657399966628, 26.13981399983361], [-80.18659700013082, 26.14119399987371], [-80.18659899978064, 26.141613000327997], [-80.18675199994152, 26.141612000361416], [-80.1867510001166, 26.141862999767213], [-80.18674699991864, 26.1426170003495], [-80.18674699991864, 26.14286899996953], [-80.18676899965996, 26.14364600014453], [-80.18683800015523, 26.145980999997036], [-80.18686099972146, 26.146759000345277], [-80.18686099972146, 26.146918000008323], [-80.18686200044468, 26.147395000116973], [-80.1868630002696, 26.147553999719957], [-80.1868630002696, 26.1476320003741], [-80.1868630002696, 26.147870000062927], [-80.1868640000945, 26.147948999611803], [-80.1868640000945, 26.148146999818074], [-80.18686499991941, 26.148343999779517], [-80.18686499991941, 26.148741000034157], [-80.18686599974431, 26.148939999606892], [-80.18687599979008, 26.14931099961439], [-80.18690699975221, 26.150424999708537], [-80.18691400032323, 26.150664000041377], [-80.18711099996672, 26.150659999678844], [-80.18925800044521, 26.150635999919746], [-80.19171600037002, 26.15060400023326], [-80.19285799984462, 26.15058699969069], [-80.19286000039278, 26.150721000153077], [-80.19290700024844, 26.15071699979246], [-80.19334499991636, 26.15067800009969], [-80.19337099985562, 26.150677000210763], [-80.1947700001465, 26.15066100037427], [-80.19523700012674, 26.150656000122503], [-80.195848000047, 26.150652999648806], [-80.19631300037743, 26.150650999870543], [-80.19768199963275, 26.150644999729177], [-80.19829400027626, 26.150642999950776], [-80.1983600003985, 26.150642000061584], [-80.19856000041504, 26.15064100017234], [-80.1986270003622, 26.15064100017234], [-80.19884099972413, 26.150639000393863], [-80.19886699966338, 26.150637999698258], [-80.19902700039528, 26.150636999808988], [-80.19958700026191, 26.150629999777603], [-80.19982699956311, 26.15062799999895], [-80.1999169999748, 26.150626000220257], [-80.20018800013646, 26.15062399963515], [-80.20027900037304, 26.150622999745796], [-80.20044099985644, 26.15062000007759], [-80.200929999578, 26.150614999824107], [-80.2010929997846, 26.15061399993463], [-80.2014509999849, 26.15060899968088], [-80.20252499968744, 26.150598000089474], [-80.2027470003436, 26.150596000310273], [-80.20288399971264, 26.150594999614288], [-80.20289399975839, 26.15104200021966], [-80.20292499972052, 26.15238500038045], [-80.20293599959119, 26.152832999643746], [-80.20294200033727, 26.153020000263727], [-80.20296099970554, 26.15358100032546], [-80.20296800027654, 26.153767999746652], [-80.20296999992638, 26.153989999636273], [-80.20297599977415, 26.154368000328816], [-80.20297900014721, 26.154659000366873], [-80.20298300034517, 26.154882000026735], [-80.202984999995, 26.155029999930886], [-80.20299099984277, 26.15547300028176], [-80.2029930003909, 26.155622000089085], [-80.20300699973629, 26.156264999629393], [-80.20305000029231, 26.158195000194358], [-80.20306500036094, 26.158838999885667], [-80.20306399963769, 26.15885000031277], [-80.20306399963769, 26.1588839997938], [-80.20306399963769, 26.15889600003514], [-80.20308000042952, 26.15939900037316], [-80.20312100043742, 26.16064400023305], [-80.2031189998893, 26.160910999871355], [-80.20311800006438, 26.161296999904764], [-80.2031189998893, 26.161361999651035], [-80.20311999971419, 26.161415000186405], [-80.20323699989007, 26.161415000186405], [-80.2032750004232, 26.16140700019842], [-80.20335200041612, 26.16139799960656], [-80.20342799968576, 26.161381999627693], [-80.20363299972519, 26.161352999861982], [-80.20373800020549, 26.161339000278353], [-80.20381199982532, 26.161316000094832], [-80.20388799999331, 26.16130099990258], [-80.20518099997896, 26.161296999904764], [-80.20569999983776, 26.16129600010684], [-80.2059929997407, 26.161293999704732], [-80.2068720003479, 26.161292000108833], [-80.20716600007577, 26.161292000108833], [-80.20796899961667, 26.161288999908663], [-80.21037899986091, 26.161283000314416], [-80.21100999987267, 26.161281999710067], [-80.21112500039871, 26.161301999700463], [-80.21117800010217, 26.161320000092037], [-80.21131500036951, 26.161296999904764], [-80.21143199964708, 26.161277999711604], [-80.2117299995729, 26.1612870003127], [-80.21186900038838, 26.161292000108833], [-80.21189000030478, 26.161292000108833], [-80.21195300005397, 26.16129500030894], [-80.21197399997035, 26.16129600010684], [-80.21225099997979, 26.1612870003127], [-80.2129480001138, 26.161264000118926], [-80.21308399965793, 26.161260000119853], [-80.21312399984089, 26.16125900032161], [-80.21309299987875, 26.159791000243644], [-80.21307199996237, 26.158814000377156], [-80.2130610000917, 26.158315999859212], [-80.21303000012956, 26.156909000299283], [-80.21302500010668, 26.156662000349947], [-80.21300500001522, 26.15571600014023], [-80.213046999848, 26.15571500029447], [-80.21702799991225, 26.15570400037809], [-80.21949500005789, 26.15570600006975], [-80.21949800043093, 26.1558150001465], [-80.21952900039307, 26.157318999870295], [-80.21958399974635, 26.159923000191508], [-80.21960899986071, 26.16143500015399], [-80.21965999991434, 26.162733999773874], [-80.21966199956415, 26.162916000116223], [-80.21968699967852, 26.164634000207464], [-80.21968900022665, 26.164781999832883], [-80.21972000018879, 26.166401000041937], [-80.21972199983861, 26.166467999675803], [-80.21981999974791, 26.16932899969811], [-80.21983800018957, 26.17043000012961], [-80.21984700041041, 26.171256999922313], [-80.21986499995374, 26.172781000092076], [-80.21986599977866, 26.172877000222947], [-80.21986699960357, 26.17297199977074], [-80.21987900019747, 26.174063000357275], [-80.21987800037255, 26.174175000076826], [-80.21987400017458, 26.175049000195123], [-80.21984599968717, 26.175488999647314], [-80.21981399990013, 26.175817999883964], [-80.21972000018879, 26.176599000174814], [-80.21962499975425, 26.177252999646274], [-80.2194819996391, 26.178041999649533], [-80.2194039998213, 26.178474999923615], [-80.21930400026218, 26.17890600010138], [-80.21919399975901, 26.179306999710857], [-80.21933100002637, 26.179294000314094], [-80.21934500027007, 26.179292999864334], [-80.21957200005079, 26.179288999677556], [-80.2197849995878, 26.179283999846945], [-80.21993400044903, 26.17928100010972], [-80.22020399988747, 26.179281999753428], [-80.2210159996492, 26.1792880000339], [-80.22128699981084, 26.17929000012734], [-80.22162499991964, 26.179292000220755], [-80.22181999991332, 26.179294000314094], [-80.22264199972079, 26.179292999864334], [-80.22298200037773, 26.179292999864334], [-80.22320300031066, 26.179292999864334], [-80.22326000021208, 26.179292999864334], [-80.22336300014423, 26.179292000220755], [-80.22386600010948, 26.17929099977097], [-80.22408799986732, 26.17929099977097], [-80.22445000026559, 26.17929000012734], [-80.22479900024504, 26.17929000012734], [-80.22553900003675, 26.179288999677556], [-80.22590200025991, 26.179288999677556], [-80.22634699960051, 26.1792880000339], [-80.22724399975105, 26.17928700039027], [-80.2276830001422, 26.179285999940447], [-80.22812900020602, 26.17928500029678], [-80.22843600035269, 26.179283999846945], [-80.22935699989436, 26.179281999753428], [-80.22966499986595, 26.179281999753428], [-80.22985400001184, 26.17928300020329], [-80.22995199992113, 26.179283999846945], [-80.23005099965532, 26.179283999846945], [-80.23017700005202, 26.179283999846945], [-80.23059200015373, 26.179285999940447], [-80.23079600036822, 26.179285999940447], [-80.23247699979309, 26.179294999957683], [-80.23337399994364, 26.1792880000339], [-80.2343020000563, 26.179281999753428], [-80.23444199979839, 26.17928100010972], [-80.23476300018878, 26.179278000372424], [-80.23486199992297, 26.179278000372424], [-80.23500199966506, 26.17927699992254], [-80.23511999966583, 26.17927600027877], [-80.2354760002163, 26.1792729997352], [-80.23559500004198, 26.1792729997352], [-80.2356450002707, 26.1792729997352], [-80.23569999962398, 26.18192100020077], [-80.23574900002778, 26.182824000352603], [-80.23581500015001, 26.184667000246726], [-80.23585100013503, 26.18631500000039], [-80.23588100027224, 26.187664000069283], [-80.23594200037162, 26.188446999906482], [-80.23605000032664, 26.190953999816717], [-80.23608700013656, 26.191789999733878], [-80.23607000041814, 26.19217999963872], [-80.23602100001433, 26.19335099990824], [-80.23600599994572, 26.193741999748543], [-80.23680199981392, 26.193739999903187], [-80.23919199996668, 26.193733000041156], [-80.2399889996598, 26.193731999715375], [-80.24041800000518, 26.193729999869866], [-80.24078700007612, 26.193729000350128], [-80.24318499972648, 26.193723000007253], [-80.24398399996775, 26.193721000161553], [-80.24479499990456, 26.193719000315838], [-80.24723100008806, 26.193716000144192], [-80.24804299984979, 26.193716000144192], [-80.24840799972277, 26.193714000298378], [-80.24882899967224, 26.193711999646496], [-80.251190000411, 26.193701000090787], [-80.25197799988328, 26.193697999918644], [-80.25214500028787, 26.193697999918644], [-80.25280200023889, 26.193697999918644], [-80.25527400040741, 26.193697999918644], [-80.2560989996896, 26.193697999918644], [-80.25679599982361, 26.193696000072524], [-80.25888800005053, 26.193691000054095], [-80.25958600000943, 26.193689999727958], [-80.25968999976652, 26.19368900020786], [-80.26000199993607, 26.193687000361614], [-80.26010700041635, 26.193687000361614], [-80.26063100029799, 26.193689999727958], [-80.2607869999336, 26.193691000054095], [-80.26202999969055, 26.193689999727958], [-80.26220299994291, 26.193687999881696], [-80.26272699982457, 26.19368299986291], [-80.26380100042542, 26.19368299986291], [-80.2670240002563, 26.19368299986291], [-80.26809899978377, 26.193684000189116]]]}}, {"type": "Feature", "properties": {"name": "Lazy Lake", "geoid": "1239750", "county": "broward"}, "geometry": {"type": "Polygon", "coordinates": [[[-80.14636700026207, 26.157523999921764], [-80.14636600043718, 26.157422000259785], [-80.14636399988905, 26.15711599993239], [-80.14636399988905, 26.157013999913666], [-80.14634999964532, 26.155764999828058], [-80.14633600029994, 26.15554300009048], [-80.14632899972892, 26.15543700011035], [-80.14631899968319, 26.155281000314385], [-80.1461710004435, 26.15535200008714], [-80.14611399964379, 26.15537999988344], [-80.14578499975582, 26.155304999924414], [-80.14557800006658, 26.155121000100195], [-80.14557800006658, 26.155058999655843], [-80.1454960000508, 26.155058999655843], [-80.1451069998884, 26.15506100016492], [-80.14497999966676, 26.155063999718916], [-80.1449319999862, 26.155065000376556], [-80.14409599993503, 26.15508499982019], [-80.14410500015585, 26.155341000136534], [-80.14410500015585, 26.15536800008677], [-80.14410400033096, 26.15591499991282], [-80.14410500015585, 26.1560780001787], [-80.14410900035381, 26.156569000093125], [-80.14411100000363, 26.156733000088593], [-80.14411299965346, 26.156899000331062], [-80.14412100004938, 26.157398000278913], [-80.14412400042242, 26.157565000211356], [-80.14587400034257, 26.15753300000624], [-80.14636700026207, 26.157523999921764]]]}}, {"type": "Feature", "properties": {"name": "Lighthouse Point", "geoid": "1240450", "county": "broward"}, "geometry": {"type": "Polygon", "coordinates": [[[-80.09948999999185, 26.261303000383837], [-80.09951000008331, 26.261142000281257], [-80.0993390003791, 26.26115899999243], [-80.09928300030262, 26.26116500007942], [-80.09918200002026, 26.26116899986872], [-80.09899000039964, 26.261177000252502], [-80.09819399963312, 26.261186000381517], [-80.09811699964023, 26.261187000127265], [-80.09786599957006, 26.261177000252502], [-80.09779199995022, 26.261174000209362], [-80.09757199984219, 26.261165999825348], [-80.09749900004726, 26.261164000333466], [-80.09740100013798, 26.26116500007942], [-80.0971070004101, 26.261169999614623], [-80.09701000032571, 26.261172999657887], [-80.09690499984542, 26.26117599970108], [-80.09670499982887, 26.261184000084356], [-80.09659100002607, 26.261184000084356], [-80.096487000269, 26.26118499983013], [-80.09630399997087, 26.261187999873005], [-80.09619400036604, 26.261190999915815], [-80.09589499971696, 26.26119499970422], [-80.09575499997489, 26.26119499970422], [-80.09558000007272, 26.261196000255467], [-80.09537800040634, 26.26119900029807], [-80.09509499965081, 26.2612099999165], [-80.09468100027233, 26.26122699961767], [-80.09447899970765, 26.26123299970119], [-80.09426000032286, 26.261234000252117], [-80.09402500014622, 26.26123700029372], [-80.093706000304, 26.261250999949816], [-80.09360300037183, 26.26125700003204], [-80.09338499991364, 26.26126999994068], [-80.09302300041368, 26.26127699976692], [-80.0927699997954, 26.26128200010291], [-80.09254600038771, 26.26128500014329], [-80.09215700022528, 26.261291000223768], [-80.09003099966318, 26.261371999668942], [-80.08931599998583, 26.26139999975245], [-80.08919299996218, 26.261405000083116], [-80.08843200025406, 26.261429000378456], [-80.08828999996385, 26.261436000195108], [-80.08823999973514, 26.261317999776576], [-80.08820700012318, 26.26121699974638], [-80.0881889996815, 26.261162999781902], [-80.0881109998637, 26.260916000236076], [-80.08807900007666, 26.260815999605207], [-80.08718399957593, 26.261082000190985], [-80.08627499972982, 26.261352999694743], [-80.08460600000053, 26.262153999979848], [-80.08443799977104, 26.262234999628653], [-80.08410200021036, 26.262395999826992], [-80.08376499992649, 26.262558000341674], [-80.08333399993126, 26.263203000149577], [-80.08256599965213, 26.264356000277743], [-80.08214399987774, 26.265198000237792], [-80.08179700044643, 26.265891999948334], [-80.08166699985178, 26.26615399976099], [-80.08120999991729, 26.26779700039996], [-80.08116700025958, 26.26795500026793], [-80.08136599955289, 26.271455999641894], [-80.08114999964283, 26.273768000362605], [-80.0809649996949, 26.27575799961239], [-80.08095399982426, 26.275974000357664], [-80.0809439997785, 26.276191000317453], [-80.08093999958054, 26.276282000023915], [-80.08093499955768, 26.276372000044056], [-80.0808729996334, 26.27762499979528], [-80.08077899992207, 26.27957100020157], [-80.08077700027224, 26.28323299984095], [-80.08077700027224, 26.284508000063237], [-80.08076600040158, 26.285104000334464], [-80.08068500021074, 26.286850999853513], [-80.08068100001279, 26.28694200005907], [-80.08059599962397, 26.28877999965489], [-80.08059200032432, 26.288856000098747], [-80.08058899995127, 26.288931000180593], [-80.08057200023283, 26.289292999872213], [-80.08075999965548, 26.290733999760995], [-80.08043199959242, 26.292263000279835], [-80.0803160001398, 26.292802000396566], [-80.08031000029202, 26.29385999980306], [-80.08029400039848, 26.296743999941725], [-80.08029000020052, 26.29704600019085], [-80.08049500023994, 26.297060000359295], [-80.08071199997492, 26.297057999875143], [-80.08085300044023, 26.297062000038093], [-80.08103199964205, 26.297079000125052], [-80.08106500015234, 26.297083000287266], [-80.08120200041968, 26.29704799986985], [-80.08147900042911, 26.29704499994864], [-80.08249500040534, 26.29703799986372], [-80.0825909997665, 26.29705200003313], [-80.08270799994237, 26.297134999967508], [-80.08273600042976, 26.297154999962217], [-80.08286699995102, 26.297259000040146], [-80.0828860002176, 26.297398999780924], [-80.08291600035483, 26.297469000393242], [-80.08291700017973, 26.29752600028539], [-80.0829210003777, 26.297698000030305], [-80.08292300002752, 26.297756000045926], [-80.08292200020261, 26.297903000025045], [-80.08422299968589, 26.297862000055098], [-80.08432700034128, 26.297864999955177], [-80.0862580000114, 26.297823999971797], [-80.08712900022266, 26.29780699999408], [-80.0891879999393, 26.297760999615477], [-80.08917200004579, 26.29733199984553], [-80.0890880003802, 26.294817000243725], [-80.0890759997863, 26.294465000305614], [-80.08906400009074, 26.294102000382868], [-80.09035600025149, 26.294069999869258], [-80.0907360001931, 26.294044999612872], [-80.09088699980583, 26.29404199961394], [-80.09134000044068, 26.29403299961673], [-80.09149100005342, 26.294029999617518], [-80.09211600021742, 26.29400699988934], [-80.09225099993661, 26.29400399988943], [-80.09265900036561, 26.293996000157787], [-80.09279499990974, 26.29399399962076], [-80.09292899980404, 26.293990000157343], [-80.09316200033086, 26.293984000156566], [-80.09329600022517, 26.297086000207496], [-80.09329799987498, 26.29720300025759], [-80.09229699996737, 26.297237999822855], [-80.09224199971577, 26.297237999822855], [-80.09224300043901, 26.297250999727705], [-80.09224699973866, 26.297303000137976], [-80.09225799960932, 26.2976880000802], [-80.09226299963217, 26.297833999910132], [-80.09236599956434, 26.297832000244693], [-80.09267500025913, 26.297826999872854], [-80.09277900001622, 26.29782599963739], [-80.09280599978041, 26.29782500020725], [-80.09281800037428, 26.29782500020725], [-80.09288899962107, 26.297831000009264], [-80.09291700010849, 26.297833999910132], [-80.09316999982846, 26.297791999680037], [-80.09392899988674, 26.29766999984572], [-80.0940030004049, 26.297658000224768], [-80.09417699958387, 26.297666999940603], [-80.09418300032995, 26.297628999793385], [-80.09420000004839, 26.297532000102876], [-80.09428999956177, 26.29699799983048], [-80.09456400009647, 26.29539699981508], [-80.09465500033306, 26.29486399963523], [-80.09468799994504, 26.294660000167674], [-80.09479000005227, 26.29405099961045], [-80.09482400038748, 26.293847999787772], [-80.09489499963426, 26.293408999717755], [-80.09511100044264, 26.292096000340482], [-80.09518300041267, 26.291658000369818], [-80.09523100009324, 26.29136699976154], [-80.09537699968311, 26.29049599979079], [-80.09542600008692, 26.290205999789617], [-80.09543799978248, 26.290114000232066], [-80.09547700014055, 26.28983899981514], [-80.09548999966101, 26.289748000271608], [-80.0955030000798, 26.28965399973885], [-80.09554499991259, 26.289375999722395], [-80.09555900015631, 26.289283000002705], [-80.09567299995912, 26.28846000037669], [-80.09578099991417, 26.28768300011103], [-80.09593700044807, 26.286628000118856], [-80.09598500012865, 26.28625200030338], [-80.09602299976349, 26.28599600036565], [-80.09609599955844, 26.285505000335718], [-80.09613599974139, 26.285174000314043], [-80.09615699965778, 26.285031999621047], [-80.09623399965068, 26.28450899960813], [-80.09638400033683, 26.283487000325106], [-80.0964379998652, 26.28312700015304], [-80.09651900005605, 26.282514000392695], [-80.0966079997445, 26.281848000174953], [-80.09661199994247, 26.281805000225432], [-80.09662700001107, 26.281680000169263], [-80.09663200003395, 26.281637999727117], [-80.096699999806, 26.28116999963995], [-80.09678799966956, 26.28056800021128], [-80.09690599967033, 26.279766000134128], [-80.09697500016561, 26.27929900014068], [-80.09698799968609, 26.279197000054157], [-80.0970300004172, 26.278893999647387], [-80.0970439997626, 26.27879299960446], [-80.09713199962614, 26.27814200021694], [-80.09717900038011, 26.277803000088287], [-80.09741399965844, 26.276191000317453], [-80.09744100032094, 26.27600899988494], [-80.09750099969708, 26.275540000026325], [-80.09752199961349, 26.27543100007975], [-80.09771099975937, 26.274166000364687], [-80.0977199999802, 26.274098999897223], [-80.09774900029252, 26.273873000103052], [-80.09776600001095, 26.27373799995905], [-80.09778000025466, 26.273617999878198], [-80.09782600028541, 26.273259999785857], [-80.09784100035402, 26.273140999659155], [-80.0978680001182, 26.272950999704815], [-80.0979519997838, 26.27238200004159], [-80.0979800002712, 26.272193000106817], [-80.09799399961659, 26.272086000348295], [-80.09805999973882, 26.271591000023587], [-80.09807499980744, 26.271473999916665], [-80.09815900037134, 26.270855000232032], [-80.09825300008268, 26.27015099967204], [-80.09830300031139, 26.26978500037384], [-80.09835299964179, 26.26941199978072], [-80.09838500032716, 26.269184000367773], [-80.0984380000306, 26.268826000294133], [-80.09845899994698, 26.2686839997341], [-80.09859899968907, 26.267751999893463], [-80.09865300011576, 26.267394999929415], [-80.09869499994855, 26.26698499969495], [-80.0987760001394, 26.266511000318857], [-80.0988380000637, 26.266098999972332], [-80.09885999980499, 26.265902000222614], [-80.09892799957706, 26.265313999709733], [-80.0989510000416, 26.26511899966301], [-80.09902600038465, 26.264613999858092], [-80.09922499967797, 26.26327899962244], [-80.09924999979232, 26.263099999883554], [-80.09932099993743, 26.262595000158992], [-80.09933799965587, 26.26246500007385], [-80.09939200008256, 26.26207799977065], [-80.0994099996259, 26.261948999651516], [-80.09942700024266, 26.261826000247485], [-80.0994310004406, 26.261786999898412], [-80.09948999999185, 26.261303000383837]]]}}, {"type": "Feature", "properties": {"name": "Margate", "geoid": "1243125", "county": "broward"}, "geometry": {"type": "Polygon", "coordinates": [[[-80.23421300036786, 26.272144000282356], [-80.23424400033, 26.27197199969901], [-80.23420800034498, 26.269421999751774], [-80.23412799997904, 26.267235999605642], [-80.23410299986469, 26.264870000242677], [-80.2340900003442, 26.263159999736786], [-80.23408799979606, 26.26296400037006], [-80.23408500032134, 26.262721000362916], [-80.2340839995981, 26.2625089996728], [-80.23407299972745, 26.261993000251557], [-80.23406799970459, 26.261751000370136], [-80.2341189997582, 26.258844000217337], [-80.234132000177, 26.25811399961998], [-80.23413399982682, 26.257951000382885], [-80.2341520002685, 26.256984999957172], [-80.2341539999183, 26.256929999853828], [-80.23416200031423, 26.25679699971599], [-80.23416399996405, 26.256766999760757], [-80.23416700033711, 26.256713000144067], [-80.23411399973534, 26.25479599990401], [-80.2340550001841, 26.252650999798398], [-80.23398099966595, 26.250234999728097], [-80.23397300016835, 26.25000000002437], [-80.23397800019121, 26.249046000164896], [-80.23398900006185, 26.247128999900212], [-80.23398900006185, 26.24699300021736], [-80.23398900006185, 26.24684799994181], [-80.23399099971168, 26.246586999956705], [-80.23399200043491, 26.246452000317838], [-80.23399200043491, 26.246274000303547], [-80.23399499990967, 26.245823999685236], [-80.23399599973456, 26.245741999993605], [-80.23399699955948, 26.2455650003834], [-80.23399699955948, 26.24552999973663], [-80.23399699955948, 26.245425000150245], [-80.2339980002827, 26.245391000148736], [-80.2339980002827, 26.24525699980897], [-80.23400099975744, 26.24485799993862], [-80.23400199958233, 26.244724999677405], [-80.23400400013048, 26.24427700009478], [-80.23401099980317, 26.242937000264767], [-80.23401199962808, 26.24291200027445], [-80.23401400017623, 26.242490000142062], [-80.2340190001991, 26.241622999675165], [-80.23400900015335, 26.24109500030938], [-80.23397499981816, 26.239091000190175], [-80.23387699990887, 26.238139000101974], [-80.2338710000611, 26.237791999645143], [-80.23385599999249, 26.237341000076324], [-80.2338429995737, 26.236917999907163], [-80.23379999991597, 26.23552500001552], [-80.2337949998931, 26.235366000386087], [-80.2337930002433, 26.235308999781836], [-80.23378999987023, 26.235204999794757], [-80.23378400002245, 26.23444599964451], [-80.23375899990809, 26.231208999690537], [-80.2337520002354, 26.230262000389313], [-80.23374800003744, 26.230196000394766], [-80.2337449996644, 26.230131000375717], [-80.23348000024883, 26.230134999621715], [-80.23347400040106, 26.229764999887696], [-80.23345099993654, 26.228284999655006], [-80.23318700034588, 26.228284999655006], [-80.23305500010142, 26.228284999655006], [-80.23257300005254, 26.22828299959732], [-80.23204300032313, 26.22828200037426], [-80.23112699990602, 26.228281000345376], [-80.23064499985716, 26.228281000345376], [-80.2299999996017, 26.22827800025871], [-80.22806499973362, 26.2282700000272], [-80.22742000037645, 26.228267999969244], [-80.22677199974795, 26.228264999882235], [-80.22482799965904, 26.22825799967891], [-80.22417999992884, 26.228255999620746], [-80.22372200016945, 26.22825400036835], [-80.22234799999292, 26.228251000280984], [-80.22189000023351, 26.228250000251847], [-80.22180700039284, 26.22824900022271], [-80.22155899979741, 26.22824600013522], [-80.22147699978164, 26.228245000106032], [-80.2213889999181, 26.228243000047616], [-80.22112699997727, 26.22823999995996], [-80.22103999993864, 26.228238999930745], [-80.22092000028803, 26.227910000321287], [-80.22089099997572, 26.227829000112987], [-80.22079100041661, 26.227476000098587], [-80.22073399961688, 26.22717200009952], [-80.22070400037796, 26.226892000288068], [-80.22068099991343, 26.22653999989099], [-80.2206700000428, 26.22611099962869], [-80.22063999990556, 26.224823999823684], [-80.22062999985982, 26.224395999741102], [-80.22062099963898, 26.22401599962823], [-80.22059700024785, 26.22287599989973], [-80.22058899985193, 26.22249599965644], [-80.22058300000414, 26.22232599986673], [-80.22056899976045, 26.221897000179375], [-80.21767399999263, 26.221890999676596], [-80.21620500027987, 26.221890999676596], [-80.21415099968779, 26.22189399992801], [-80.21256899999713, 26.221890999676596], [-80.21256700034729, 26.221794000370156], [-80.21256700034729, 26.221754000200615], [-80.21256599962406, 26.22169900034795], [-80.21256300014933, 26.221536000001848], [-80.21256300014933, 26.221482000133435], [-80.21255800012646, 26.221384999680115], [-80.21254300005785, 26.221094000252442], [-80.21253899985989, 26.22099800037295], [-80.212533999837, 26.220901000321934], [-80.2125189997684, 26.22061199987321], [-80.21251499957044, 26.220516000401858], [-80.21251399974552, 26.220448999615794], [-80.21251399974552, 26.22024999963956], [-80.21251399974552, 26.220183999604657], [-80.2125129999206, 26.220112999842804], [-80.2125129999206, 26.220072999901117], [-80.21088199982614, 26.220069000309127], [-80.20954500035786, 26.220072999901117], [-80.20804999980753, 26.22007199980166], [-80.20734099997794, 26.22007099970221], [-80.20717799977135, 26.22007199980166], [-80.20706899999139, 26.22007199980166], [-80.20521100011621, 26.22007099970221], [-80.20440400037734, 26.220069999602742], [-80.20440400037734, 26.22000300017157], [-80.20440299965412, 26.2199189997958], [-80.2044019998292, 26.219868000286375], [-80.2044019998292, 26.219852000277672], [-80.20440000017939, 26.21971500001223], [-80.20440000017939, 26.21966499971044], [-80.20439900035448, 26.21961400008969], [-80.20439599998143, 26.21946100028737], [-80.20439599998143, 26.21941099987645], [-80.20439500015652, 26.219371999798895], [-80.2043940003316, 26.219255000293643], [-80.2043940003316, 26.219217000270593], [-80.20439199978347, 26.219162000024394], [-80.20439099995856, 26.219140000079825], [-80.20420799966045, 26.21914100018728], [-80.20420600001063, 26.21907799984731], [-80.20411700032217, 26.215772999708825], [-80.20409700023069, 26.21502199960894], [-80.20409600040577, 26.215001999973556], [-80.20355300025756, 26.215006999882725], [-80.20292700026866, 26.21501000031167], [-80.202908999827, 26.214324000146277], [-80.20289999960617, 26.213975000053804], [-80.20289899978127, 26.2139099998355], [-80.20288700008568, 26.213382000362266], [-80.20288100023791, 26.21308699962256], [-80.20287700003995, 26.212935999618452], [-80.20169600020728, 26.212942999937884], [-80.20118200037138, 26.212945999614114], [-80.20113799999045, 26.212936999779238], [-80.20110399965526, 26.212917999946498], [-80.20108399956378, 26.21288900011092], [-80.2008040000796, 26.212890000272115], [-80.19996399983049, 26.21289500027202], [-80.19968500017123, 26.21289799994951], [-80.19943900012392, 26.212995000225142], [-80.19943900012392, 26.2130810002773], [-80.19937999967438, 26.21502199960894], [-80.19928299958998, 26.21502199960894], [-80.19892100009007, 26.215022999751803], [-80.19783399996872, 26.21502799966007], [-80.1974730002937, 26.215029999945678], [-80.19739299992776, 26.215029999945678], [-80.19715600010129, 26.215031000088462], [-80.19707800028348, 26.215032000231247], [-80.19676000026617, 26.21503300037402], [-80.19580700003912, 26.21503700013912], [-80.19563100031203, 26.215038000281854], [-80.19560299982463, 26.212875999626473], [-80.19559600015192, 26.21228699983593], [-80.19557400041063, 26.210752000290135], [-80.19549200039485, 26.210847000385076], [-80.19514500006522, 26.211257999783605], [-80.19378400030749, 26.212862999946523], [-80.19228899975717, 26.214608000169587], [-80.19218099980212, 26.214731999724023], [-80.19225199994723, 26.218631999982552], [-80.19231899989437, 26.222320000191974], [-80.19235400005448, 26.223412999636864], [-80.19238900021458, 26.225484999613276], [-80.19238199964356, 26.22583499988012], [-80.19241599997876, 26.227829000112987], [-80.19246100018461, 26.230555000267003], [-80.19246899968222, 26.230957000096883], [-80.19065299963981, 26.23098000022954], [-80.19065299963981, 26.23115700029236], [-80.19065400036304, 26.232013999881833], [-80.19066000021083, 26.23338100033179], [-80.19065699983777, 26.23356099991333], [-80.19079099973207, 26.233596000135343], [-80.19087699994581, 26.233617999763013], [-80.19117499987165, 26.233695000038626], [-80.19140699967522, 26.233756999731654], [-80.19163199980612, 26.23381600025359], [-80.19179900021071, 26.2338600002273], [-80.19230800002374, 26.233992000048477], [-80.19233800016096, 26.23399999988631], [-80.19248299992591, 26.234037999914325], [-80.19252099956074, 26.234047999707578], [-80.19255700044407, 26.234057000326562], [-80.19255800026897, 26.23527899991908], [-80.19255599972084, 26.23554100028546], [-80.19454500001561, 26.23554900001672], [-80.1945309997719, 26.235883000391997], [-80.1944110001213, 26.236339999734362], [-80.19434900019702, 26.23655399974863], [-80.19433900015129, 26.236695000148934], [-80.19432900010554, 26.2369239996346], [-80.19430900001406, 26.23716800037413], [-80.19428200024987, 26.23773400028282], [-80.1943049998161, 26.23912700029441], [-80.19430399999118, 26.239471000191205], [-80.19430700036423, 26.24030699968822], [-80.19431900005979, 26.240939000001102], [-80.19432900010554, 26.241673000204937], [-80.19436300044072, 26.241929000388897], [-80.19443600023564, 26.24221199997377], [-80.19445899980187, 26.242288000288713], [-80.19449700033502, 26.24243299980816], [-80.19452599974902, 26.24257700004657], [-80.19454699966542, 26.24272299991584], [-80.1945580004344, 26.242864000084612], [-80.19456199973403, 26.243177999960082], [-80.19456699975692, 26.243823000219788], [-80.19457000012994, 26.244283000248068], [-80.19456199973403, 26.244553000379998], [-80.19451300022855, 26.2445540002689], [-80.19420299970882, 26.244556000046686], [-80.19327600031937, 26.244565999740882], [-80.19296699962457, 26.24457000010174], [-80.19288899980678, 26.2445709999905], [-80.19276800033126, 26.24457199987925], [-80.19257199961437, 26.244573999656733], [-80.19239500006236, 26.24457500035118], [-80.19241500015386, 26.252421000059503], [-80.19242900039755, 26.257630000104463], [-80.19242799967432, 26.257892999803452], [-80.19242799967432, 26.258091000023196], [-80.19236599975005, 26.25847700014843], [-80.19238800038968, 26.26356300009557], [-80.19238500001663, 26.26437100008169], [-80.19237900016884, 26.26600600012394], [-80.1923769996207, 26.26662400018777], [-80.19236800029817, 26.26913900039893], [-80.19236699957496, 26.269403000289355], [-80.19237099977293, 26.27117600019946], [-80.19237400014597, 26.272618999665525], [-80.19237800034392, 26.27368000001602], [-80.1923769996207, 26.27395999986207], [-80.19240199973507, 26.273961000303345], [-80.19254900004816, 26.273964999651817], [-80.19269700018616, 26.273968999805632], [-80.19351300014584, 26.273992999920278], [-80.19457699980266, 26.274001000225883], [-80.19465799999352, 26.274001999861294], [-80.19467399988703, 26.274001999861294], [-80.1967769999846, 26.274021000181957], [-80.20071600021605, 26.274063999793945], [-80.20169399965914, 26.274074999804537], [-80.20179199956843, 26.27407600024482], [-80.20186699991152, 26.27407600024482], [-80.20180499998722, 26.271852000208913], [-80.20206299973009, 26.271852999862823], [-80.20238699959519, 26.27185499997616], [-80.20273800012276, 26.271857000089433], [-80.20437199969199, 26.271866999849873], [-80.20502299979522, 26.27187100007604], [-80.20553800035435, 26.271875000302018], [-80.20647200031483, 26.27188099983526], [-80.2069710000821, 26.271875999955736], [-80.20846900010719, 26.271861999969776], [-80.2089689996994, 26.271857999743304], [-80.20917700011182, 26.271859000202706], [-80.20980200027581, 26.27186400008296], [-80.21001099961488, 26.27186600019608], [-80.21078999976466, 26.27187699960945], [-80.21099300015423, 26.271880000181593], [-80.21156399989154, 26.271887999827314], [-80.21260499998213, 26.271901999810154], [-80.21323699981879, 26.271910000259904], [-80.21458900025401, 26.271929000117527], [-80.21521900044087, 26.271947000318942], [-80.21788099968187, 26.271973999810314], [-80.21834799966209, 26.271978999685604], [-80.21844100044683, 26.271980000143927], [-80.22250799982649, 26.272035000368437], [-80.22280499992742, 26.272036999673098], [-80.22306799969314, 26.27198099979674], [-80.22319099971678, 26.27196600017051], [-80.22350200006142, 26.271957999724627], [-80.22387399960708, 26.271957999724627], [-80.22422299958654, 26.271957999724627], [-80.22457999996192, 26.271973000157434], [-80.22604000035216, 26.27199600022657], [-80.22967099971372, 26.272094999631648], [-80.23365099995307, 26.272138999608657], [-80.23421300036786, 26.272144000282356]]]}}, {"type": "Feature", "properties": {"name": "Miramar", "geoid": "1245975", "county": "broward"}, "geometry": {"type": "Polygon", "coordinates": [[[-80.44047399955478, 25.99317699962733], [-80.44049000034661, 25.992944999597675], [-80.43954600034041, 25.96234999971341], [-80.43939300017954, 25.956988999638362], [-80.43938899998157, 25.95685199980947], [-80.43867599995404, 25.9568440003805], [-80.43579000040707, 25.956849999952265], [-80.43577000031557, 25.956849999952265], [-80.4336539997992, 25.956905999979206], [-80.43153999983099, 25.956962999907116], [-80.43135900008102, 25.9569649997624], [-80.43117599978291, 25.9569649997624], [-80.4308169997577, 25.956965999690013], [-80.43047600017418, 25.956965999690013], [-80.42375500015281, 25.95694700025606], [-80.40872600039656, 25.956903000194785], [-80.40738200035726, 25.95693900002586], [-80.40737099958828, 25.95693900002586], [-80.40722199962536, 25.95693999995369], [-80.4071329999369, 25.95693999995369], [-80.4070340002027, 25.956941999809352], [-80.40391099993093, 25.9569649997624], [-80.39353299971043, 25.957042999745227], [-80.390081000449, 25.957021999661734], [-80.3871380001023, 25.95707000019323], [-80.37832999987688, 25.957071000119942], [-80.3753949999261, 25.95707200004668], [-80.37531100026051, 25.95707200004668], [-80.37521099980309, 25.95707200004668], [-80.37513999965797, 25.95707200004668], [-80.37506699986304, 25.95707200004668], [-80.37497700034967, 25.957072999973377], [-80.37469299976921, 25.95706399982496], [-80.37384300037266, 25.957057000337258], [-80.37355999961711, 25.957069000266483], [-80.3729670001385, 25.95705299982213], [-80.370643000108, 25.957036000256288], [-80.3700449997082, 25.957031999740412], [-80.36646600022517, 25.957044999599145], [-80.36189299960891, 25.95704600033378], [-80.35905100044286, 25.957047000260694], [-80.35897699992469, 25.957048000187648], [-80.35757900035705, 25.95703099981337], [-80.35338599968239, 25.95698200014618], [-80.35208799967386, 25.956968000352937], [-80.35205000003901, 25.956968000352937], [-80.35138399986714, 25.956962999907116], [-80.3503389995786, 25.956991000300867], [-80.34933900039421, 25.957009999727727], [-80.34833400028863, 25.957020999734592], [-80.3470859996105, 25.957036000256288], [-80.34530800010124, 25.957055999602712], [-80.34411100037507, 25.95705299982213], [-80.34357599972444, 25.957112000339322], [-80.3431089997442, 25.957161999878338], [-80.34302900027657, 25.957163999730234], [-80.34297599967482, 25.957167000315657], [-80.3429249996212, 25.957171000019233], [-80.34281500001633, 25.957170000093374], [-80.34193600030746, 25.957170000093374], [-80.34163800038162, 25.957171000019233], [-80.34125300041715, 25.957169000167465], [-80.34119700034066, 25.957167000315657], [-80.34114100026416, 25.957163999730234], [-80.3408769997752, 25.957152999736717], [-80.34072600016246, 25.95714600025432], [-80.34027500007575, 25.957127000041705], [-80.34012500028793, 25.957120999676377], [-80.34004300027217, 25.957116999971095], [-80.33992000024851, 25.957112000339322], [-80.33930500013028, 25.957085999827555], [-80.33910099991577, 25.957077999606806], [-80.33830900024553, 25.957081000194457], [-80.33600399958328, 25.957087999680734], [-80.33324799973263, 25.957096999827332], [-80.33178499986765, 25.957102000267437], [-80.32672199970494, 25.957116999971095], [-80.3267119996592, 25.957117999897438], [-80.32443799985741, 25.957126000115466], [-80.32361600004994, 25.957128999894184], [-80.32236700044518, 25.95713299959907], [-80.31861999983435, 25.957145000328204], [-80.31737200005455, 25.957149999958606], [-80.31659799992765, 25.957151999810705], [-80.3142780000951, 25.957160000026416], [-80.31350499979311, 25.95716299980427], [-80.313397999663, 25.95716299980427], [-80.31307700017094, 25.957164999656143], [-80.31297099986574, 25.957166000389762], [-80.31279400031373, 25.957166000389762], [-80.3122650004092, 25.957166000389762], [-80.3120889997838, 25.957167000315657], [-80.31200000009532, 25.957167000315657], [-80.31173399995656, 25.957167000315657], [-80.311646000093, 25.95716800024158], [-80.31153099956695, 25.95716800024158], [-80.31127199999919, 25.957170000093374], [-80.31118599978547, 25.957170000093374], [-80.31107199998266, 25.957170000093374], [-80.31102500012699, 25.957170000093374], [-80.31091600034705, 25.957170000093374], [-80.3108860002098, 25.957170000093374], [-80.31084000017906, 25.957170000093374], [-80.31082599993536, 25.957170000093374], [-80.31078499992749, 25.957170000093374], [-80.310772000407, 25.957170000093374], [-80.31074100044486, 25.95716800024158], [-80.3106810001704, 25.957167000315657], [-80.31064799966013, 25.957164999656143], [-80.310616999698, 25.957164999656143], [-80.31054999975085, 25.95716299980427], [-80.31035300010734, 25.957160000026416], [-80.31028699998511, 25.95715900010043], [-80.3102510000001, 25.957158000174456], [-80.31014300004507, 25.957155000396433], [-80.31010799988495, 25.957155000396433], [-80.30222799977223, 25.956970000208088], [-80.30190100043241, 25.95697100013569], [-80.30170200024077, 25.956972000063242], [-80.29897900000209, 25.956894999961605], [-80.29882199964325, 25.95689200017688], [-80.29866699983255, 25.95688699972784], [-80.29527800032032, 25.956770999912262], [-80.29505499983925, 25.956769999982992], [-80.29497199999855, 25.956769999982992], [-80.29497500037162, 25.956905999979206], [-80.29497600019654, 25.956928999939272], [-80.29497600019654, 25.956942999737183], [-80.29506700043314, 25.96050600037088], [-80.29507199955768, 25.9635549998084], [-80.29507499993072, 25.96423600006863], [-80.29507599975564, 25.964569000152146], [-80.29508499997648, 25.965045000211518], [-80.29508900017444, 25.965253999625777], [-80.2951150001137, 25.966682000249975], [-80.29514799972567, 25.968494000326313], [-80.29515399957346, 25.96879899966426], [-80.29518700008373, 25.970569999882628], [-80.29510400024306, 25.97057200031426], [-80.29499700011294, 25.970574999750195], [-80.2948759997391, 25.970577999993672], [-80.29479399972334, 25.97057999961755], [-80.29158799961088, 25.970658000266575], [-80.28637499966035, 25.970784999649183], [-80.2819700001719, 25.970889999861896], [-80.27916400009254, 25.970957999795818], [-80.27881099991511, 25.970965999880438], [-80.27876400005945, 25.970968000305344], [-80.27873800012019, 25.970969000113953], [-80.27869999958705, 25.970969000113953], [-80.27866600015015, 25.97096999992259], [-80.278555999647, 25.970973000155993], [-80.27850799996642, 25.970973000155993], [-80.27844500021723, 25.97097499977315], [-80.2753389996639, 25.971037000002216], [-80.26601999997564, 25.97122500010624], [-80.26291500014554, 25.97128800000943], [-80.2628280001069, 25.971289999621234], [-80.2625679998159, 25.971296000071636], [-80.26248199960217, 25.971299000296728], [-80.26242499970077, 25.971300000102527], [-80.26234000021027, 25.97130199971414], [-80.26225399999655, 25.97130400013331], [-80.26219799992003, 25.971305999744843], [-80.26179000038937, 25.97131700003045], [-80.26056600000067, 25.97135300029721], [-80.26048700035795, 25.97135599971326], [-80.26015900029489, 25.971367999799437], [-80.25787799992207, 25.971453999977353], [-80.25103800007503, 25.97171399973845], [-80.24875800042545, 25.971802000074106], [-80.2486350004018, 25.971806000087813], [-80.24826499960764, 25.97181999973087], [-80.24814300030721, 25.97182500035289], [-80.2478670001227, 25.971834999981123], [-80.24703899956911, 25.971866000276872], [-80.24697099979706, 25.971868999679806], [-80.2469239999414, 25.971870000288366], [-80.24676300028291, 25.971874000299767], [-80.24671499970403, 25.97187500010068], [-80.24663900043434, 25.971875999901606], [-80.24659599987835, 25.971875999901606], [-80.24653399995405, 25.97187699970251], [-80.24646799983182, 25.971878000311005], [-80.24642599999903, 25.97187900011188], [-80.24356100036843, 25.971929999637197], [-80.23805700016476, 25.972028000230644], [-80.23504900041902, 25.972081999896467], [-80.2342099999948, 25.972097999912318], [-80.2334490002867, 25.972112000328213], [-80.2321040004225, 25.972136000345074], [-80.23140300009054, 25.97217499975632], [-80.23068300039031, 25.9722160003659], [-80.23016299980831, 25.972225000162926], [-80.23007599976968, 25.97222599996089], [-80.22997700003549, 25.972226999758803], [-80.22991500011119, 25.972228000364318], [-80.22975899957726, 25.972234999757152], [-80.22968499995744, 25.97223300016142], [-80.22958600022322, 25.97223200036352], [-80.22949499998663, 25.97223399995928], [-80.22864300004193, 25.972254999750618], [-80.22781000036382, 25.972273000145623], [-80.22697199976449, 25.972281999938325], [-80.22555800030332, 25.972297999926965], [-80.2250000000865, 25.972304000325956], [-80.22462900036572, 25.972317000112568], [-80.2244800004028, 25.972322999703], [-80.22397200041469, 25.972322999703], [-80.22312200011982, 25.97232599990186], [-80.22281999999602, 25.972316000315406], [-80.21953600006577, 25.972241000159325], [-80.21720199998953, 25.972284000340814], [-80.21484600017195, 25.972334999690517], [-80.21425600016809, 25.97239600021379], [-80.21402900038737, 25.97242499996164], [-80.21382000014998, 25.97244000013472], [-80.2134760001934, 25.97244000013472], [-80.21293300004518, 25.97240700039748], [-80.2125460004309, 25.972385000029085], [-80.21198499984102, 25.97239600021379], [-80.2103200003097, 25.9724449999228], [-80.21015799992797, 25.97245200011029], [-80.2072799998786, 25.97255299965432], [-80.2062189996965, 25.97264699974372], [-80.2062310002904, 25.972767000040786], [-80.20625399985663, 25.9735379996953], [-80.20625700022967, 25.974208000297416], [-80.20627999979588, 25.974905999673595], [-80.20630599973515, 25.975570000325945], [-80.20633699969729, 25.976257999635163], [-80.20634500009321, 25.97649800000605], [-80.20634599991813, 25.976522999696858], [-80.20638299972805, 25.977448999617433], [-80.20643999962945, 25.978638999906785], [-80.2064780001626, 25.979504000087655], [-80.20651699962234, 25.980332999628363], [-80.20654000008687, 25.981144999664448], [-80.20657199987393, 25.981973999747648], [-80.20661500042996, 25.98309999975448], [-80.20663499962313, 25.983638999664386], [-80.20665800008766, 25.98438200038346], [-80.2066749998061, 25.984602000009353], [-80.20672099983685, 25.985702000037925], [-80.20676199984472, 25.986844000298323], [-80.20684200021067, 25.98797399995559], [-80.20690300031005, 25.98982800036732], [-80.20696699988416, 25.99167299987074], [-80.20698600015072, 25.992529999999622], [-80.20698899962544, 25.99258599999591], [-80.20700700006712, 25.99289099982435], [-80.20700899971695, 25.992926999945148], [-80.20701799993776, 25.993086000279366], [-80.20702399978556, 25.993195000049017], [-80.2070339998313, 25.99386700009222], [-80.20709099973271, 25.995164999659554], [-80.20709999995353, 25.995332000236775], [-80.2072170001294, 25.99534000027782], [-80.20771199969873, 25.99537300003763], [-80.20787699955517, 25.995383999686325], [-80.20811000008199, 25.99538599969577], [-80.20881300006377, 25.995393999733132], [-80.2090470004155, 25.9953970001507], [-80.20945499994619, 25.99540100016907], [-80.21067900033488, 25.995413000223394], [-80.21108799969048, 25.995417999841923], [-80.21149500029458, 25.995419999850785], [-80.21271799996003, 25.99542900029386], [-80.21312600038904, 25.995431999903122], [-80.21353700029276, 25.995435000319763], [-80.21477099982889, 25.995445000362192], [-80.21518299955754, 25.995449000378922], [-80.21569800011666, 25.995433000311152], [-80.2172429999974, 25.99538599969577], [-80.21775900038143, 25.995371000027966], [-80.21807200037588, 25.995362000387868], [-80.21901399983396, 25.995336000257375], [-80.21932900037655, 25.99532800021606], [-80.21932299963045, 25.995166000069865], [-80.21930599991201, 25.994681000320405], [-80.21930099988913, 25.994519999697957], [-80.21968900022665, 25.99450800035991], [-80.22085300034088, 25.99447399994101], [-80.221241999605, 25.994463999815913], [-80.22162999994251, 25.99444799961405], [-80.22279700042981, 25.99440300024567], [-80.22318599969391, 25.994387999644957], [-80.22318999989186, 25.994548000032726], [-80.22320499996049, 25.995027999888777], [-80.22320499996049, 25.99504899964594], [-80.22320999998337, 25.995188999815152], [-80.22341500002277, 25.995184000186853], [-80.22351100028226, 25.995182999776695], [-80.22381199968281, 25.99517699973797], [-80.22402299956998, 25.995172999711965], [-80.22423500018041, 25.995168000083012], [-80.2243530001812, 25.9951640000567], [-80.22444199986967, 25.995160999633153], [-80.22447100018198, 25.995160999633153], [-80.22462400034284, 25.995153999990354], [-80.22477699960541, 25.995147000347107], [-80.22497699962196, 25.99513700027931], [-80.2250929999729, 25.994988999983747], [-80.22533200034752, 25.994685000363155], [-80.22612300019286, 25.99367400016438], [-80.22714599984177, 25.99237400021532], [-80.22715300041278, 25.992519000083746], [-80.22715000003973, 25.992624000266563], [-80.22714400019194, 25.992939999873894], [-80.2271419996438, 25.993046000108873], [-80.2271480003899, 25.993250999728396], [-80.22716599993325, 25.99386799970613], [-80.22717199978105, 25.994073999926073], [-80.22717500015408, 25.99427100006121], [-80.22718699984964, 25.994864999723518], [-80.22718799967456, 25.994921999826822], [-80.22719100004761, 25.99506299975111], [-80.22740100010988, 25.99505699970625], [-80.22802999957354, 25.995041000392515], [-80.22824100035902, 25.99503599995051], [-80.22834099991813, 25.995029999904254], [-80.22864300004193, 25.995013999779438], [-80.22874400032427, 25.995009999747882], [-80.22882399979189, 25.99500799973205], [-80.22906599964124, 25.99500399970029], [-80.22914699983208, 25.995003000096062], [-80.22922600037313, 25.994999999668405], [-80.22946599967432, 25.994993000016013], [-80.22954600004026, 25.994990999999885], [-80.2296480001475, 25.994988000379365], [-80.229956999944, 25.994978000298044], [-80.23005999987615, 25.99497600028169], [-80.2303019997255, 25.99497299985333], [-80.23103099964653, 25.99496600019931], [-80.23127500004402, 25.99496499978731], [-80.23194000039098, 25.99496499978731], [-80.23208799963065, 25.99496600019931], [-80.2329010001156, 25.99496600019931], [-80.23374999968726, 25.994946000032062], [-80.23393499963518, 25.994941000393403], [-80.23402099984891, 25.994939000376423], [-80.23459999998214, 25.99492700027371], [-80.23536099969024, 25.99491599977476], [-80.23764700008593, 25.994882999886613], [-80.23840899961894, 25.99487299979636], [-80.23935400034837, 25.994860999686903], [-80.24219200021479, 25.99482700017758], [-80.24313899969573, 25.99481599966927], [-80.24394299995986, 25.994819999707428], [-80.24540099980196, 25.994829999802207], [-80.24635599967883, 25.99481700008254], [-80.24716099976784, 25.994806999986665], [-80.24720199977574, 25.994806000380734], [-80.24727299992085, 25.994806000380734], [-80.24731999977652, 25.994806000380734], [-80.24736599980729, 25.994802000342105], [-80.24740900036329, 25.99480499996737], [-80.24746399971657, 25.99480499996737], [-80.24753900005962, 25.994804000361437], [-80.24758300044056, 25.994804000361437], [-80.24774400009903, 25.994798999909335], [-80.24823100017075, 25.994784000166593], [-80.24839299965416, 25.994780000127214], [-80.24858400034817, 25.994772999654277], [-80.2491569997353, 25.99475599988811], [-80.24934900025423, 25.994751000241397], [-80.2501910001532, 25.994704999767414], [-80.25271900039822, 25.994570000291038], [-80.25356200012207, 25.994525000161943], [-80.25367500009999, 25.994517999673818], [-80.25401499985863, 25.994500999870752], [-80.25412899966142, 25.994494999797208], [-80.25468000020557, 25.99446700025726], [-80.2556760000903, 25.99441699962039], [-80.25621199966751, 25.99439399972397], [-80.25633399986626, 25.994391000088225], [-80.2568650003189, 25.99438200037305], [-80.2568860002353, 25.99438200037305], [-80.25693200026605, 25.994380999956075], [-80.25699300036541, 25.99437899992953], [-80.25770899986769, 25.99435699963547], [-80.26014400022626, 25.994285999869433], [-80.2601810000362, 25.994285999869433], [-80.26100600021671, 25.994285999869433], [-80.26322800013997, 25.994291999953663], [-80.26339800001928, 25.994283000230922], [-80.26392899957362, 25.994227999846746], [-80.26516499965788, 25.9941860000352], [-80.26580999991336, 25.99416700015399], [-80.26644299957493, 25.99414899988122], [-80.26724799966397, 25.994125999932333], [-80.267800000033, 25.994109000072566], [-80.26945700006677, 25.994061999735013], [-80.27001000026071, 25.994046999898217], [-80.27034499999645, 25.99403400009194], [-80.2713540003, 25.993996999890044], [-80.27168999986066, 25.993984999691122], [-80.27182299993007, 25.993980999624583], [-80.27222100031332, 25.993971000264978], [-80.27235500020763, 25.99396799981095], [-80.27247599968314, 25.993965000164334], [-80.27283800008138, 25.993955999609103], [-80.27296000028012, 25.99395299996217], [-80.27297199997568, 25.99395200034896], [-80.27300899978562, 25.993950999928334], [-80.27302200020439, 25.993950999928334], [-80.27315199990073, 25.993946999860597], [-80.27354199988807, 25.99393699969068], [-80.27367300030765, 25.9939349996566], [-80.27380999967669, 25.993929999974927], [-80.27422200030364, 25.993913999700332], [-80.27436000039592, 25.993909999631338], [-80.2744940002902, 25.99390600036964], [-80.27489699979803, 25.993892999740325], [-80.27503200041554, 25.993890000091778], [-80.27516899978458, 25.99388499960077], [-80.27558300006137, 25.993869999741353], [-80.27572100015362, 25.993865999670856], [-80.27585199967487, 25.993863000021648], [-80.27624400021037, 25.993854999880043], [-80.27637599955654, 25.99385299984454], [-80.2765089996259, 25.99384800015942], [-80.27691000038222, 25.99383300029527], [-80.27704400027652, 25.993829000223517], [-80.2771780001708, 25.99382500015167], [-80.27758099967863, 25.993814000356988], [-80.27771600029617, 25.993810999898965], [-80.27785000019047, 25.99380800024832], [-80.27825299969828, 25.993800000102997], [-80.27838800031581, 25.993798000066565], [-80.27856800024087, 25.993793000379092], [-80.27911100038908, 25.99377799970051], [-80.27916099971948, 25.99377700008582], [-80.27929200013905, 25.99377399962688], [-80.27934800021555, 25.99377300001217], [-80.27948999960745, 25.99377300001217], [-80.27951700026996, 25.99377200039747], [-80.27957400017137, 25.993770000360556], [-80.27985600020367, 25.993758999753293], [-80.2807039999504, 25.99372999961547], [-80.28083199999693, 25.99372600034767], [-80.28098699980762, 25.993718000196743], [-80.2811259997248, 25.993710999660525], [-80.28119799969481, 25.99370800000733], [-80.28154599984937, 25.99369799981706], [-80.28168700031466, 25.99369399974072], [-80.28182100020898, 25.993689000048796], [-80.28222500044002, 25.993678000241417], [-80.28236000015924, 25.99367400016438], [-80.28239500031934, 25.993672000125798], [-80.28250300027436, 25.993668999664187], [-80.28253900025938, 25.993668999664187], [-80.28301000043757, 25.99365500020036], [-80.2841309999958, 25.993623000381525], [-80.28442300007383, 25.993613000184], [-80.28489400025204, 25.99359699986625], [-80.28497399971965, 25.993600000329707], [-80.28558399981502, 25.993577999889762], [-80.28709100006093, 25.993533000188226], [-80.28834600041178, 25.99349599982861], [-80.29033300015838, 25.99344200030851], [-80.2916649996038, 25.993394999704172], [-80.29183299983329, 25.99338900038158], [-80.29351199960831, 25.993339000093403], [-80.29368300021088, 25.993335000004876], [-80.29471799955535, 25.993311000278045], [-80.29588099984467, 25.993299999627794], [-80.29650400035882, 25.993296999964105], [-80.29837700030265, 25.993290000210266], [-80.29900099974338, 25.99328800016516], [-80.29923199972208, 25.99328699973887], [-80.29992899985608, 25.99328400007485], [-80.30016099965967, 25.99328400007485], [-80.30112300010755, 25.993282999648525], [-80.30193300021946, 25.993282000029655], [-80.30401299985247, 25.993282000029655], [-80.30497600012527, 25.993282000029655], [-80.30656799986167, 25.993284999693735], [-80.30772500030322, 25.993286000120037], [-80.30793299981737, 25.99328699973887], [-80.3088500000594, 25.99328400007485], [-80.31141099991636, 25.99330300009887], [-80.31161299958274, 25.993303999717565], [-80.31166500035958, 25.99330300009887], [-80.3118219998201, 25.99330199967271], [-80.31187500042186, 25.99330199967271], [-80.31189399979013, 25.99330100005398], [-80.31195099969155, 25.99330100005398], [-80.31197099978301, 25.99330100005398], [-80.31261100001561, 25.993294999919137], [-80.3127859999178, 25.993288999784003], [-80.3130889998665, 25.993279000365508], [-80.31523200014705, 25.99326999975772], [-80.31590099979364, 25.99326700009327], [-80.31604800010673, 25.99326700009327], [-80.31652900033068, 25.993265999666804], [-80.31797499957891, 25.993265999666804], [-80.31845699962774, 25.993267999712295], [-80.31848400029024, 25.993267999712295], [-80.318566000306, 25.993267999712295], [-80.31859399989511, 25.993267999712295], [-80.31967400034374, 25.993263999621316], [-80.32291499971797, 25.993252999774114], [-80.32399599999152, 25.99325000010922], [-80.324817999799, 25.99325200015499], [-80.32539500028241, 25.993254000200682], [-80.32696799975223, 25.993243999971796], [-80.32728499994464, 25.99324699963683], [-80.32810799957703, 25.993256999865476], [-80.32971899958001, 25.99325000010922], [-80.33051399962329, 25.993248000063463], [-80.33209399966414, 25.99324600001763], [-80.33258699958364, 25.99325000010922], [-80.33379000005594, 25.99323300012273], [-80.33455499996201, 25.99323300012273], [-80.33589399997842, 25.993233999742046], [-80.33616699978991, 25.993233999742046], [-80.33639899959348, 25.993231000076666], [-80.33766599963988, 25.993199999761934], [-80.3406369995757, 25.99319399962194], [-80.34134799995338, 25.99319399962194], [-80.34399800039714, 25.993195000049017], [-80.34407100019209, 25.99319399962194], [-80.34422900037582, 25.993193000002307], [-80.34554800030075, 25.99319399962194], [-80.3471989995884, 25.99319399962194], [-80.34886900004093, 25.993118999864716], [-80.35137299999649, 25.993133000199837], [-80.35209000022199, 25.9931129997206], [-80.35790099967402, 25.99310300028713], [-80.3579900002608, 25.99310300028713], [-80.35812300033018, 25.993101999859267], [-80.35946099962337, 25.993095000093785], [-80.35958899966987, 25.99309300004537], [-80.35997500035758, 25.993090999996916], [-80.36010400022901, 25.993090999996916], [-80.36046800027707, 25.993088000327884], [-80.36156000042129, 25.99308200018218], [-80.36176200008767, 25.99308000013356], [-80.36192500029428, 25.99308000013356], [-80.3637920003903, 25.993084000230773], [-80.36469600021354, 25.99308000013356], [-80.36903700012789, 25.993065000171374], [-80.37254299981599, 25.993074999608087], [-80.37576499982195, 25.993073000366756], [-80.37600199964842, 25.993078999705503], [-80.37610399975567, 25.99308099975415], [-80.37620599986292, 25.99308299980274], [-80.37623400035032, 25.99308299980274], [-80.37751200026737, 25.993108999624326], [-80.37791700032332, 25.99312599962877], [-80.37824399966317, 25.99314899977335], [-80.37863600019863, 25.99317800005456], [-80.37943700008971, 25.993186000242243], [-80.38427699977134, 25.99317699962733], [-80.38628899963233, 25.9931739999605], [-80.38737999995163, 25.993161000057647], [-80.38760900028048, 25.993159000010365], [-80.39065499966107, 25.99317699962733], [-80.39174699980526, 25.993184000195356], [-80.39229499997636, 25.99318699986193], [-80.39465300034205, 25.993182000148465], [-80.4040139998631, 25.99316199967754], [-80.40445699955389, 25.99315200024827], [-80.40507500004517, 25.993173000340715], [-80.40544099974308, 25.993158000390398], [-80.40586000004274, 25.99309900019053], [-80.40608900037158, 25.99308000013356], [-80.4062879996649, 25.993105999955766], [-80.40673799992669, 25.99309900019053], [-80.40722599982332, 25.993156000343063], [-80.40815700030906, 25.993141000390597], [-80.40815800013397, 25.99319399962194], [-80.40825799969309, 25.99318899990877], [-80.40830399972384, 25.99318899990877], [-80.41206600040329, 25.99318800028907], [-80.41640300011967, 25.993186000242243], [-80.42053499979666, 25.993184999815092], [-80.4221910000055, 25.99323999987999], [-80.42237099993055, 25.993220000226387], [-80.42261100013006, 25.993220000226387], [-80.4238749998034, 25.993220999845782], [-80.4242969995778, 25.99322200027264], [-80.42457500031047, 25.99322200027264], [-80.42582300009028, 25.993222999892033], [-80.43040099983112, 25.993226999984426], [-80.43192700034358, 25.993229000030553], [-80.43242600011088, 25.993226000365045], [-80.43242399956273, 25.99318000010154], [-80.43281100007535, 25.99318000010154], [-80.4392709999808, 25.99317600000757], [-80.44047399955478, 25.99317699962733]]]}}, {"type": "Feature", "properties": {"name": "North Lauderdale", "geoid": "1249425", "county": "broward"}, "geometry": {"type": "Polygon", "coordinates": [[[-80.2443399996199, 26.208277999621497], [-80.2443189997035, 26.207399000314116], [-80.2442569997792, 26.204759999985768], [-80.24421499994641, 26.20279699977206], [-80.24418099961123, 26.201254000339908], [-80.2441770003116, 26.20106699971107], [-80.2401519998664, 26.201075000201023], [-80.24015000021659, 26.200999000360515], [-80.24009300031517, 26.19831099972118], [-80.24008499991925, 26.197966000331295], [-80.24007900007147, 26.19768200000577], [-80.2400740000486, 26.197440000056005], [-80.23607899974064, 26.197449000282955], [-80.23609700018231, 26.197685000075243], [-80.23611800009871, 26.197944999893835], [-80.23613200034241, 26.198122000238072], [-80.23614900006085, 26.198347999835686], [-80.23620299958921, 26.199026000027036], [-80.23622199985579, 26.199252999760603], [-80.23622699987865, 26.19940099975694], [-80.23624500032031, 26.199845000229303], [-80.2362510001681, 26.199993999745175], [-80.23625799984079, 26.200184999954725], [-80.2362799995821, 26.20076000004033], [-80.23628799997803, 26.200952000063136], [-80.23628799997803, 26.200966999988594], [-80.23629100035107, 26.20101499973715], [-80.236292000176, 26.201030999917613], [-80.23624199994727, 26.201030999917613], [-80.23542199978961, 26.201035999620913], [-80.23379800026615, 26.20104700009584], [-80.23296200021498, 26.201054000324284], [-80.23214299988224, 26.201060000289434], [-80.23191500027662, 26.201060000289434], [-80.23123200038631, 26.201060000289434], [-80.23100499970728, 26.201060999746275], [-80.23081700028462, 26.201060000289434], [-80.23025300022, 26.201057000306914], [-80.23006599972395, 26.20105600004406], [-80.22969099980521, 26.201054999781174], [-80.22856600004903, 26.201054000324284], [-80.22819100013032, 26.201054000324284], [-80.22799799978647, 26.201060000289434], [-80.2276830001422, 26.20107099995612], [-80.22615900017784, 26.201124000167336], [-80.22573099965736, 26.201139000070643], [-80.22565100018974, 26.201140000332803], [-80.22549100035617, 26.201140999788944], [-80.22501500015511, 26.201145000031445], [-80.22485600014643, 26.201146999749618], [-80.22468399971899, 26.201146999749618], [-80.22416900005818, 26.2011480000117], [-80.22399800035394, 26.20114900027381], [-80.22375300013158, 26.20114900027381], [-80.22301900018765, 26.201149999729846], [-80.22277499979018, 26.201150999991903], [-80.22223500001502, 26.20115500023406], [-80.22061700033933, 26.20117100039529], [-80.22007800038908, 26.201176000092584], [-80.21998299995452, 26.201176000092584], [-80.2197000000973, 26.201177000354424], [-80.21960600038598, 26.20117799981025], [-80.21949500005789, 26.20117799981025], [-80.21916500034501, 26.20118000033389], [-80.21905499984183, 26.201180999789663], [-80.21867599972515, 26.201156999952094], [-80.21754000009832, 26.201087000128886], [-80.21716199980655, 26.201063999728717], [-80.21678900043597, 26.201064999991527], [-80.21567100035249, 26.20107099995612], [-80.2152989999085, 26.20107299967559], [-80.2150880000213, 26.201073999938306], [-80.2144550003597, 26.201078999639762], [-80.21424500029744, 26.201081999621746], [-80.21375599967757, 26.201081000165082], [-80.21228899961463, 26.201078999639762], [-80.21180099971801, 26.201078999639762], [-80.21180200044122, 26.200655999795018], [-80.21180699956578, 26.199389999932514], [-80.21180900011393, 26.198967999875006], [-80.21180699956578, 26.198846000211333], [-80.21180400009105, 26.198482999696378], [-80.21180300026614, 26.198361999810615], [-80.21180200044122, 26.19830499961434], [-80.21179999989309, 26.198133999664208], [-80.21179999989309, 26.198077999644827], [-80.21173299994594, 26.198077000162414], [-80.21153200010448, 26.198077000162414], [-80.21146599998224, 26.198077000162414], [-80.21137399992074, 26.198077000162414], [-80.21137499974566, 26.197564000166377], [-80.21137399992074, 26.197495000088743], [-80.20841899987848, 26.197498999650453], [-80.20796899961667, 26.197498000163066], [-80.20786999988246, 26.197498999650453], [-80.20786200038486, 26.197236000367198], [-80.2078370002705, 26.196006000146948], [-80.20782200020189, 26.19571699994641], [-80.20782800004966, 26.195453000358064], [-80.20782399985171, 26.195341000132068], [-80.20779299988958, 26.193945000397303], [-80.20778899969162, 26.19386799960915], [-80.2074070001002, 26.193868999933798], [-80.20717699994643, 26.193867000090606], [-80.20416099980477, 26.19387500026914], [-80.20382799971885, 26.19387500026914], [-80.20382900044207, 26.193790000056982], [-80.20383199991682, 26.193514000230017], [-80.20383299974172, 26.19343800029133], [-80.20384000031272, 26.19267400006188], [-80.20384399961237, 26.192384999654198], [-80.20384899963526, 26.19203400001327], [-80.20384399961237, 26.191719000385767], [-80.20383199991682, 26.190774999967722], [-80.20382799971885, 26.19046099970775], [-80.20382600006903, 26.190374000325424], [-80.20382000022126, 26.19011300017643], [-80.20381900039634, 26.190025999728125], [-80.20381000017551, 26.189594000014246], [-80.20378500006115, 26.188298999694073], [-80.20377699966522, 26.18786800040097], [-80.20377599984033, 26.187844999808494], [-80.20377500001541, 26.18779599989794], [-80.20355200043264, 26.187797999845355], [-80.20355300025756, 26.187865999648686], [-80.20356400012822, 26.189597000292096], [-80.20254099958096, 26.189610000151657], [-80.19963099974454, 26.189595999930795], [-80.19960200033054, 26.18849499997859], [-80.19958999973667, 26.188115999912196], [-80.19958700026191, 26.187874999809363], [-80.19958499971379, 26.18778000031752], [-80.19887699970914, 26.18777599961595], [-80.19852100005697, 26.1877780003698], [-80.1982619995909, 26.187769000201655], [-80.19817600027548, 26.187773000097348], [-80.19816700005465, 26.18733300026868], [-80.19813899956723, 26.186473000165893], [-80.19804800022897, 26.18647399974791], [-80.19568900003836, 26.18646399989691], [-80.19551099976312, 26.18646300031483], [-80.19551499996108, 26.186592999923935], [-80.19552199963378, 26.186817000162673], [-80.19556099999184, 26.18814700021703], [-80.19556400036488, 26.18825900010548], [-80.19559799980175, 26.189699000019317], [-80.19568200036565, 26.18970000037973], [-80.19574799958959, 26.18970000037973], [-80.19608400004857, 26.18970299984874], [-80.19754299971557, 26.189715000142265], [-80.1980299997873, 26.189720000331413], [-80.19821999975811, 26.18972299979989], [-80.19832799971313, 26.18971799961092], [-80.19889099995282, 26.189666000212156], [-80.19913299980217, 26.189642999974645], [-80.19963300029266, 26.18964899972161], [-80.19963300029266, 26.189659999659987], [-80.19963099974454, 26.18969500018973], [-80.19964099979028, 26.19010900036108], [-80.19964300033843, 26.190170000351536], [-80.19964599981316, 26.19030699992293], [-80.19968400034631, 26.191839999918663], [-80.19969199984389, 26.192296000226563], [-80.19975299994327, 26.19472999975918], [-80.19976999966171, 26.195187000350778], [-80.19984699965461, 26.195189000171286], [-80.20000700038649, 26.19519200030501], [-80.20048799971211, 26.195202999719907], [-80.2006490002689, 26.1952070001664], [-80.20110500037849, 26.195215999759867], [-80.20247600018196, 26.195243000148245], [-80.20293300011643, 26.195251999738957], [-80.20311600041454, 26.195254999871075], [-80.20360099993813, 26.195264999773432], [-80.20363600009823, 26.195266000086086], [-80.2036279997023, 26.196460999963183], [-80.20370100039555, 26.199613999742795], [-80.2037049996952, 26.199786000211436], [-80.20365000034194, 26.199845000229303], [-80.2022269997616, 26.201399000237203], [-80.20180499998722, 26.201853999937597], [-80.20181900023093, 26.201858999605555], [-80.20214999976872, 26.201984000101124], [-80.20226100009681, 26.202026000321343], [-80.20211799998167, 26.20219499969178], [-80.2016910001844, 26.20270500030137], [-80.2015499997191, 26.202874999739453], [-80.20129299980114, 26.20287300005095], [-80.20110000035562, 26.20287300005095], [-80.20052500042034, 26.202868999867825], [-80.20026900032731, 26.202867999620526], [-80.20022900014433, 26.202867000179204], [-80.20007699980839, 26.202867000179204], [-80.19978300008052, 26.202867000179204], [-80.19977200020985, 26.20308399964246], [-80.19976800001189, 26.20316299966235], [-80.19976499963884, 26.20325100021315], [-80.19556400036488, 26.20316200022359], [-80.19556699983961, 26.203231999605272], [-80.19557400041063, 26.2032870001262], [-80.1956220000912, 26.20374299994208], [-80.1956220000912, 26.203764000139827], [-80.19563799998473, 26.20487600013243], [-80.19566999977178, 26.20554099969435], [-80.19566999977178, 26.205746999785465], [-80.19561100022055, 26.205796999619576], [-80.19559000030414, 26.20585599981531], [-80.19558699993111, 26.20603600007745], [-80.19559100012906, 26.206474999957052], [-80.19562499956595, 26.206524000068555], [-80.19564899985538, 26.20658400011122], [-80.19565399987826, 26.206596000277266], [-80.19567599961955, 26.20676299983981], [-80.19568599966532, 26.206908000129562], [-80.1956709995967, 26.20698900039622], [-80.19566099955094, 26.207087000165902], [-80.19563499961168, 26.207160999641225], [-80.19560600019769, 26.207222999775336], [-80.19559100012906, 26.207292999939092], [-80.19557000021267, 26.207518000065118], [-80.19553400022765, 26.20775499980277], [-80.1955450000983, 26.20882900016628], [-80.19554699974813, 26.209028999720264], [-80.19554699974813, 26.209064000070313], [-80.19558699993111, 26.209062999876245], [-80.19558600010619, 26.209141999868404], [-80.19558399955805, 26.20938099990595], [-80.19556900038775, 26.209459999682288], [-80.195559000342, 26.209514000294327], [-80.19556600001472, 26.209912999741583], [-80.1955719998625, 26.210295000344587], [-80.19557100003757, 26.21050500000272], [-80.19557400041063, 26.210752000290135], [-80.19559600015192, 26.21228699983593], [-80.19560299982463, 26.212875999626473], [-80.19563100031203, 26.215038000281854], [-80.19580700003912, 26.21503700013912], [-80.19676000026617, 26.21503300037402], [-80.19707800028348, 26.215032000231247], [-80.19715600010129, 26.215031000088462], [-80.19739299992776, 26.215029999945678], [-80.1974730002937, 26.215029999945678], [-80.19783399996872, 26.21502799966007], [-80.19892100009007, 26.215022999751803], [-80.19928299958998, 26.21502199960894], [-80.19937999967438, 26.21502199960894], [-80.19943900012392, 26.2130810002773], [-80.19943900012392, 26.212995000225142], [-80.19968500017123, 26.21289799994951], [-80.19996399983049, 26.21289500027202], [-80.2008040000796, 26.212890000272115], [-80.20108399956378, 26.21288900011092], [-80.20110399965526, 26.212917999946498], [-80.20113799999045, 26.212936999779238], [-80.20118200037138, 26.212945999614114], [-80.20169600020728, 26.212942999937884], [-80.20287700003995, 26.212935999618452], [-80.20288100023791, 26.21308699962256], [-80.20288700008568, 26.213382000362266], [-80.20289899978127, 26.2139099998355], [-80.20289999960617, 26.213975000053804], [-80.202908999827, 26.214324000146277], [-80.20292700026866, 26.21501000031167], [-80.20355300025756, 26.215006999882725], [-80.20409600040577, 26.215001999973556], [-80.20409700023069, 26.21502199960894], [-80.20411700032217, 26.215772999708825], [-80.20420600001063, 26.21907799984731], [-80.20420799966045, 26.21914100018728], [-80.20439099995856, 26.219140000079825], [-80.20439199978347, 26.219162000024394], [-80.2043940003316, 26.219217000270593], [-80.2043940003316, 26.219255000293643], [-80.20439500015652, 26.219371999798895], [-80.20439599998143, 26.21941099987645], [-80.20439599998143, 26.21946100028737], [-80.20439900035448, 26.21961400008969], [-80.20440000017939, 26.21966499971044], [-80.20440000017939, 26.21971500001223], [-80.2044019998292, 26.219852000277672], [-80.2044019998292, 26.219868000286375], [-80.20440299965412, 26.2199189997958], [-80.20440400037734, 26.22000300017157], [-80.20440400037734, 26.220069999602742], [-80.20521100011621, 26.22007099970221], [-80.20706899999139, 26.22007199980166], [-80.20717799977135, 26.22007199980166], [-80.20734099997794, 26.22007099970221], [-80.20804999980753, 26.22007199980166], [-80.20954500035786, 26.220072999901117], [-80.21088199982614, 26.220069000309127], [-80.2125129999206, 26.220072999901117], [-80.2125129999206, 26.220112999842804], [-80.21251399974552, 26.220183999604657], [-80.21251399974552, 26.22024999963956], [-80.21251399974552, 26.220448999615794], [-80.21251499957044, 26.220516000401858], [-80.2125189997684, 26.22061199987321], [-80.212533999837, 26.220901000321934], [-80.21253899985989, 26.22099800037295], [-80.21254300005785, 26.221094000252442], [-80.21255800012646, 26.221384999680115], [-80.21256300014933, 26.221482000133435], [-80.21256300014933, 26.221536000001848], [-80.21256599962406, 26.22169900034795], [-80.21256700034729, 26.221754000200615], [-80.21256700034729, 26.221794000370156], [-80.21256899999713, 26.221890999676596], [-80.21415099968779, 26.22189399992801], [-80.21620500027987, 26.221890999676596], [-80.21767399999263, 26.221890999676596], [-80.22056899976045, 26.221897000179375], [-80.22058300000414, 26.22232599986673], [-80.22058899985193, 26.22249599965644], [-80.22059700024785, 26.22287599989973], [-80.22062099963898, 26.22401599962823], [-80.22062999985982, 26.224395999741102], [-80.22063999990556, 26.224823999823684], [-80.2206700000428, 26.22611099962869], [-80.22068099991343, 26.22653999989099], [-80.22070400037796, 26.226892000288068], [-80.22073399961688, 26.22717200009952], [-80.22079100041661, 26.227476000098587], [-80.22089099997572, 26.227829000112987], [-80.22092000028803, 26.227910000321287], [-80.22103999993864, 26.228238999930745], [-80.22112699997727, 26.22823999995996], [-80.2213889999181, 26.228243000047616], [-80.22147699978164, 26.228245000106032], [-80.22155899979741, 26.22824600013522], [-80.22180700039284, 26.22824900022271], [-80.22189000023351, 26.228250000251847], [-80.22234799999292, 26.228251000280984], [-80.22372200016945, 26.22825400036835], [-80.22417999992884, 26.228255999620746], [-80.22482799965904, 26.22825799967891], [-80.22677199974795, 26.228264999882235], [-80.22742000037645, 26.228267999969244], [-80.22806499973362, 26.2282700000272], [-80.2299999996017, 26.22827800025871], [-80.23064499985716, 26.228281000345376], [-80.23112699990602, 26.228281000345376], [-80.23204300032313, 26.22828200037426], [-80.23257300005254, 26.22828299959732], [-80.23305500010142, 26.228284999655006], [-80.23318700034588, 26.228284999655006], [-80.23345099993654, 26.228284999655006], [-80.23347400040106, 26.229764999887696], [-80.2337249995729, 26.229764999887696], [-80.23498300029681, 26.229748999628736], [-80.23692599966249, 26.22973700023886], [-80.23956299968744, 26.22970999979407], [-80.24036100010377, 26.22969899961107], [-80.24034400038535, 26.2287240002074], [-80.2403350001645, 26.228227000385047], [-80.24081700021335, 26.22822999966722], [-80.24070699971018, 26.22387399990364], [-80.24068499996888, 26.223030000119913], [-80.24064700033404, 26.221596000363444], [-80.24062800006746, 26.2208329996647], [-80.24056799979302, 26.218480999921017], [-80.24055100007457, 26.217803000217945], [-80.24054199985375, 26.21747699966259], [-80.24042499967788, 26.212866999786215], [-80.24031599989794, 26.20842100004276], [-80.2403069996771, 26.20827899982231], [-80.2407929999239, 26.208273000229205], [-80.24353299988101, 26.208277999621497], [-80.2443399996199, 26.208277999621497]]]}}, {"type": "Feature", "properties": {"name": "Oakland Park", "geoid": "1250575", "county": "broward"}, "geometry": {"type": "Polygon", "coordinates": [[[-80.19563200013694, 26.186194999956022], [-80.19563200013694, 26.186183000105995], [-80.1956299995888, 26.18610999978265], [-80.1956220000912, 26.18588700019003], [-80.19559799980175, 26.185038000268207], [-80.19559199995396, 26.184817000234712], [-80.19558699993111, 26.184625999813335], [-80.19557299968739, 26.184101000165356], [-80.1955719998625, 26.184042999836514], [-80.1955719998625, 26.183936999967045], [-80.19556299964165, 26.183702000140688], [-80.1955579996188, 26.183524000042546], [-80.19550800028838, 26.18163100009773], [-80.19550300026552, 26.181431000245574], [-80.19550099971738, 26.181360999853464], [-80.19547700032625, 26.180461000164335], [-80.19547399995321, 26.1803490000356], [-80.19547399995321, 26.18029499960398], [-80.19541399967873, 26.180289000181467], [-80.1953479995565, 26.180269000223245], [-80.19521799986016, 26.18026999985845], [-80.1952200004083, 26.180344999885058], [-80.19515199973792, 26.180344000250475], [-80.19478699986493, 26.180338999658986], [-80.1935659998493, 26.180366000270787], [-80.19332999984773, 26.180371000054976], [-80.19332900002283, 26.180307999695223], [-80.19331499977913, 26.179457000149043], [-80.19297500002051, 26.179461000330082], [-80.19250999969009, 26.179466000153074], [-80.19103400030464, 26.179482000068955], [-80.18822300020241, 26.17951599998367], [-80.18732600005187, 26.17952700007248], [-80.18718200011183, 26.17952900016182], [-80.18619600027282, 26.179540000249446], [-80.18619600027282, 26.179565999792793], [-80.18619799992264, 26.179764999981426], [-80.18620700014347, 26.1803999999276], [-80.18620700014347, 26.180450000163642], [-80.18534599997794, 26.180465000310885], [-80.18452900019334, 26.180476999943593], [-80.18445399985026, 26.18049800030556], [-80.18431800030615, 26.180496000232843], [-80.18398600004512, 26.180483999795953], [-80.18339699986616, 26.180445000382853], [-80.18313099972738, 26.180441999869334], [-80.18312999990246, 26.180380999622702], [-80.18312700042773, 26.180196999861497], [-80.1831259997045, 26.180136999929108], [-80.18311900003181, 26.179681000401015], [-80.18311599965877, 26.179536000071113], [-80.18309800011541, 26.17831599974176], [-80.18309100044273, 26.17786100000031], [-80.18308600041985, 26.17758500032815], [-80.18307300000106, 26.1767580002804], [-80.18307100035122, 26.176580999723296], [-80.1830689998031, 26.176483000082655], [-80.18305799993243, 26.175950999904742], [-80.18305100025975, 26.17563299969362], [-80.1830269999703, 26.174355000120435], [-80.18302000029762, 26.174004000181043], [-80.18301699992456, 26.173824000401634], [-80.18301600009964, 26.17377399974175], [-80.1830129997266, 26.173624999744266], [-80.18301199990168, 26.173576000304053], [-80.18301500027474, 26.173477999749473], [-80.18302299977235, 26.173221000042723], [-80.18302399959727, 26.173186999904182], [-80.18302500032047, 26.173155999650685], [-80.1830269999703, 26.17309000033181], [-80.18303000034335, 26.173024999866723], [-80.18303199999318, 26.172960000171596], [-80.18303299981808, 26.172936999861502], [-80.18706999995882, 26.17285999970165], [-80.18720800005109, 26.17285800030409], [-80.18917600042944, 26.172826000264042], [-80.18911299978193, 26.169065999713812], [-80.18911399960685, 26.16899699969018], [-80.18963800038681, 26.168995999958295], [-80.19011799988752, 26.168992999956313], [-80.19008600010048, 26.16712500039984], [-80.19018900003265, 26.16678800019999], [-80.19011899971244, 26.16535500015248], [-80.1900889995752, 26.16535500015248], [-80.18999900006183, 26.16535500015248], [-80.1899689999246, 26.16535500015248], [-80.18990299980237, 26.165354000389378], [-80.1897079998087, 26.165354000389378], [-80.18964300040967, 26.165354000389378], [-80.18938700031664, 26.165354000389378], [-80.18912799985056, 26.16535500015248], [-80.18848900034119, 26.16535699967869], [-80.18758600034286, 26.165359999774218], [-80.18707199960865, 26.165362999869686], [-80.18692400036896, 26.165365000201998], [-80.18691900034608, 26.16519100018538], [-80.18696100017888, 26.163036999721484], [-80.18696000035398, 26.162953999965804], [-80.18695799980584, 26.16278199995375], [-80.1869419999123, 26.161655000377284], [-80.1868630002696, 26.161655000377284], [-80.18491300033288, 26.16169299983142], [-80.18487399997484, 26.16169399962592], [-80.18295099980232, 26.161730000285253], [-80.1829209996651, 26.159919999956138], [-80.18361100012639, 26.159902000154823], [-80.18494299957182, 26.159877999877907], [-80.18493400024929, 26.15930599987941], [-80.18492500002847, 26.158672999984805], [-80.18491800035576, 26.15820800033097], [-80.18491599980764, 26.158162000337278], [-80.1831039999632, 26.158200999947482], [-80.18206799989547, 26.158196999843334], [-80.18187299990181, 26.158201999771933], [-80.17837100041167, 26.158296999986792], [-80.17813600023503, 26.158306000011624], [-80.17813500041012, 26.158232000145205], [-80.17813399968689, 26.15820800033097], [-80.17813200003707, 26.158113999868796], [-80.17796100033286, 26.158118999800955], [-80.17720099955133, 26.158136000052373], [-80.17547099972266, 26.158159000056614], [-80.17478100015967, 26.15821400008342], [-80.17443499965495, 26.15822200029039], [-80.17331699957147, 26.158246000101727], [-80.17284100026872, 26.158255999954456], [-80.17258199980263, 26.158260999880532], [-80.17188700021678, 26.158275999657395], [-80.17073200032337, 26.15830100008749], [-80.1706360000639, 26.15830199991109], [-80.17063799971373, 26.158371999634962], [-80.1653410000976, 26.15854799979185], [-80.16615799988219, 26.156697000306], [-80.16694100022991, 26.154929000359886], [-80.16699700030641, 26.154805000040515], [-80.16853999963902, 26.151281999978913], [-80.16842699966112, 26.151282999862637], [-80.16838599965322, 26.151283999746372], [-80.16828100007125, 26.151283999746372], [-80.16796899990172, 26.151288000087533], [-80.16786500014464, 26.15128999985488], [-80.16780099967222, 26.151290999738524], [-80.16760900005161, 26.151295999963093], [-80.16754600030242, 26.151297999730296], [-80.16745099986785, 26.151297999730296], [-80.16716999966046, 26.151301000187406], [-80.16707500012421, 26.151485000391204], [-80.16659100042556, 26.152549999679255], [-80.16643800026468, 26.15297200009871], [-80.16637600034039, 26.153101999962445], [-80.16625599979149, 26.153324000312907], [-80.16578100031364, 26.15440200030975], [-80.16551599999977, 26.155002999902447], [-80.1649400002396, 26.156308000042817], [-80.16379200001889, 26.158905999832182], [-80.16371599985091, 26.159074999658632], [-80.1636380000331, 26.159244000046552], [-80.16355799966718, 26.159410999755238], [-80.16347499982648, 26.159577000218487], [-80.1633910001609, 26.15974299963919], [-80.16330400012225, 26.15990700001032], [-80.1632150004338, 26.160071000150914], [-80.1631230003723, 26.160234000253894], [-80.16302999958755, 26.160394999711546], [-80.1629350000513, 26.160555999753278], [-80.16283700014203, 26.160715999769888], [-80.1627369996846, 26.160873999963993], [-80.16263499957734, 26.161031999944097], [-80.16253199964518, 26.161188000112492], [-80.1620610003653, 26.161887000119265], [-80.1618859995648, 26.162262000043523], [-80.16186100034876, 26.162250999938216], [-80.16175000002067, 26.162456000191245], [-80.161743000348, 26.162465999683043], [-80.16048200014939, 26.16409199982326], [-80.16036499997351, 26.16424300026079], [-80.1604350002937, 26.164339999936782], [-80.16047100027872, 26.164410999839674], [-80.16015599973613, 26.164799999687375], [-80.16005199997907, 26.16493000007677], [-80.159836000069, 26.165195000049675], [-80.15968700010609, 26.165380999634458], [-80.15955700040975, 26.16553800019748], [-80.15944199988368, 26.165667999764228], [-80.15933499975357, 26.165744000076412], [-80.15920900025519, 26.165811000087746], [-80.15908399968342, 26.16586700029636], [-80.15901000006356, 26.165901999909142], [-80.1588579997276, 26.165944000236905], [-80.15875599962035, 26.165951999913705], [-80.15851600031915, 26.16597199990951], [-80.15846400044063, 26.165975999746987], [-80.15837599967874, 26.165988000064925], [-80.15805600001161, 26.166005999733276], [-80.1574850002743, 26.166030000361708], [-80.15749399959682, 26.16618700005099], [-80.15727600003694, 26.16618600029501], [-80.15713499957162, 26.16618600029501], [-80.15702999998965, 26.166190000125148], [-80.15671600017029, 26.16620600025069], [-80.1566120004132, 26.16621099983594], [-80.15619099956542, 26.16622099981206], [-80.15492799971697, 26.166253000052407], [-80.15466999997412, 26.166259999952644], [-80.15450799959241, 26.166263999780274], [-80.15425999989529, 26.16627399975185], [-80.15351599990562, 26.1663080002938], [-80.15326900003342, 26.16631999977131], [-80.15284399988599, 26.166338000194635], [-80.15157199981671, 26.166395999658572], [-80.15146600040981, 26.166401000041937], [-80.1511480003925, 26.166416000384494], [-80.15101699997292, 26.166417000138498], [-80.15062500033576, 26.166424000028886], [-80.15049499974111, 26.166426000343034], [-80.15029499972458, 26.16643600030073], [-80.14969600039818, 26.166469999989197], [-80.14949700020654, 26.166480999696592], [-80.14888399973815, 26.166500999601674], [-80.14704799960425, 26.16656499991988], [-80.14643599985905, 26.166587000121957], [-80.14639200037644, 26.166587000121957], [-80.14626199978179, 26.166590000185835], [-80.14621900012409, 26.166591999690898], [-80.14585900027396, 26.166600000129478], [-80.14477899982532, 26.166626000140127], [-80.14441999980012, 26.16663500032854], [-80.14412100004938, 26.166639999895395], [-80.14322499972376, 26.166656999711144], [-80.14292699979792, 26.166662999835207], [-80.14282200021593, 26.166665000145255], [-80.14250800039659, 26.166672999772565], [-80.14240399974118, 26.166677000392294], [-80.1422420002578, 26.166679999647595], [-80.14175799966081, 26.166688000080132], [-80.14159700000233, 26.166691999893082], [-80.1415040001159, 26.166691999893082], [-80.1412279999314, 26.166692999644724], [-80.14113599986986, 26.166694000202607], [-80.14106999974764, 26.166694000202607], [-80.14087200027923, 26.166694999954263], [-80.1408069999819, 26.1666959997059], [-80.14064700014835, 26.166688999831837], [-80.14039299970513, 26.16667800014406], [-80.14017000012237, 26.16667400033063], [-80.1400110001137, 26.16667200002076], [-80.13968300005064, 26.166677000392294], [-80.13869999968637, 26.166694000202607], [-80.13837300034653, 26.166700000324802], [-80.13836900014857, 26.166554999973275], [-80.1383569995547, 26.166128999676868], [-80.13831100042226, 26.16441899962161], [-80.13830200020142, 26.164045999731226], [-80.13829899982838, 26.16394800003552], [-80.13829700017857, 26.16384899967518], [-80.13827999956182, 26.163861999987894], [-80.13825199997272, 26.16388799980272], [-80.13814999986548, 26.16399899984629], [-80.13808799994118, 26.164044000182525], [-80.13795700041993, 26.164124999615204], [-80.13792100043491, 26.164140000250523], [-80.13776700044913, 26.164172000255622], [-80.1376879999081, 26.164176000154853], [-80.13761000009029, 26.164170999676085], [-80.13753200027249, 26.164159999750797], [-80.13738199958635, 26.164118000393103], [-80.1372719999815, 26.164076999988055], [-80.1371389999121, 26.163999999621048], [-80.13706899959192, 26.163951000167273], [-80.13701300041373, 26.163912999836267], [-80.13694899994131, 26.16387100038962], [-80.13692300000203, 26.16384399998866], [-80.13686100007776, 26.1637990003815], [-80.13683799961322, 26.163785000285213], [-80.13674200025207, 26.163746000123194], [-80.13669299984826, 26.163731000243473], [-80.13664400034277, 26.163717000138995], [-80.13659400011406, 26.163706000170922], [-80.13654300006046, 26.16369699975646], [-80.13643699975523, 26.163678999731758], [-80.13635200026474, 26.16366499962102], [-80.13626600005101, 26.163652999870326], [-80.13617900001238, 26.163644000258063], [-80.13609299979865, 26.163635999616695], [-80.13600599976, 26.163629000365216], [-80.13591899972138, 26.16362499964095], [-80.13583199968274, 26.163623000085035], [-80.1357449996441, 26.16362200030706], [-80.13565799960546, 26.163623999863013], [-80.13557099956682, 26.16362700000312], [-80.1350400000125, 26.163652000092608], [-80.13391199988327, 26.16375700008751], [-80.13377100031627, 26.16372299960808], [-80.13354600018538, 26.163648999953146], [-80.13288800040944, 26.163454000397895], [-80.13272799967756, 26.163405999688287], [-80.13214199987162, 26.163229999605026], [-80.13184099957276, 26.163140999681705], [-80.1317240002952, 26.16309500002084], [-80.13164499975416, 26.163061999937455], [-80.13162700021081, 26.163055999628103], [-80.13157000030942, 26.163038000310742], [-80.13141899979836, 26.162998000115618], [-80.13133400030785, 26.162968000161882], [-80.13123899987332, 26.16293400025868], [-80.1311250000705, 26.16289400002788], [-80.13083999966514, 26.162766999950065], [-80.13068800022748, 26.1627309996108], [-80.1306120000595, 26.16270900029386], [-80.13051699962494, 26.16269199990262], [-80.1304570002488, 26.16268199962389], [-80.13033900024803, 26.16266800019977], [-80.12998500024568, 26.16263999973391], [-80.12970900006118, 26.162627000091252], [-80.12963000041844, 26.162627000091252], [-80.12951099969445, 26.16263299961639], [-80.12947300005962, 26.16263999973391], [-80.12933400014245, 26.16271000007967], [-80.12927600041613, 26.162759999840155], [-80.12923100021028, 26.16281900006214], [-80.12921500031676, 26.16285299999884], [-80.12920400044611, 26.162924999784664], [-80.12920799974576, 26.162961000064048], [-80.12922299981436, 26.162994000176006], [-80.12928100043901, 26.163043999814754], [-80.12938099999812, 26.163102000110623], [-80.12980000029776, 26.16337699961955], [-80.12985100035138, 26.16340800005421], [-80.1300620002386, 26.163540999718784], [-80.13026599955477, 26.163652000092608], [-80.13036000016442, 26.163717999916155], [-80.13042499956343, 26.16381000034083], [-80.13043399978426, 26.163844999764716], [-80.13043299995937, 26.163864000345992], [-80.13042799993649, 26.16388300011788], [-80.13042100026378, 26.163933000181792], [-80.1303939996013, 26.16405900002198], [-80.13034900029378, 26.164130999869545], [-80.13031599978349, 26.164184999726075], [-80.1302890000193, 26.16421100027514], [-80.13022799991994, 26.164255999723302], [-80.13015699977483, 26.164290000047355], [-80.13013699968336, 26.164293000170353], [-80.1300420001471, 26.164311000100287], [-80.13000299978906, 26.164314999994772], [-80.12988499978827, 26.164318000117095], [-80.12972699960451, 26.16431299964441], [-80.129526999588, 26.164318000117095], [-80.12944999959508, 26.164321000239344], [-80.12932499992162, 26.164339000164976], [-80.12929399995947, 26.164343999830262], [-80.12925600032465, 26.164353000194765], [-80.12910900001155, 26.164406000177237], [-80.12904100023948, 26.164442999770415], [-80.12901000027735, 26.164466000143534], [-80.12895599985067, 26.16451999984494], [-80.12885299991851, 26.164673999841465], [-80.1288169999335, 26.164777999954456], [-80.12876599987987, 26.16487599975896], [-80.12865299990197, 26.16497800015912], [-80.12858000010704, 26.16500399972514], [-80.12854099974898, 26.16501200027267], [-80.12846799995404, 26.165037999831135], [-80.1284300003192, 26.165047000142103], [-80.12831300014334, 26.165058999749363], [-80.12812399999746, 26.1650549998804], [-80.1280779999667, 26.165044999804294], [-80.12804199998169, 26.16503000009167], [-80.12797500003454, 26.164991000345985], [-80.12787200010237, 26.16493799982312], [-80.12774700042891, 26.164847999823223], [-80.12774400005586, 26.164725999909543], [-80.1277259996142, 26.16443499999013], [-80.12772200031456, 26.164252999599388], [-80.12769800002509, 26.16416600000338], [-80.12767399973566, 26.164076999988055], [-80.1276560001923, 26.16404499995686], [-80.1276129996363, 26.163983999999125], [-80.12758800042026, 26.16395599984921], [-80.12755800028302, 26.16393199960018], [-80.12737900018287, 26.163825000210384], [-80.12729299996914, 26.163774000323514], [-80.12718599983901, 26.16372599974562], [-80.12710999967105, 26.16370399981011], [-80.12703100002832, 26.16369800034006], [-80.12695200038561, 26.16369999989467], [-80.12683400038483, 26.163709000308906], [-80.12678699963085, 26.16371899969329], [-80.12675700039195, 26.16372599974562], [-80.12671999968371, 26.16373800029509], [-80.12661199972868, 26.163785000285213], [-80.12659599983516, 26.163796000245828], [-80.12658099976655, 26.163805999622785], [-80.12653899993374, 26.163840999854113], [-80.12652300004021, 26.163855999719697], [-80.12646000029102, 26.163901000111096], [-80.12642199975787, 26.163904000244056], [-80.12634099956702, 26.163897999978037], [-80.12630399975711, 26.163895999620532], [-80.12627000032023, 26.16388799980272], [-80.12612100035732, 26.163826999762865], [-80.12594399990698, 26.163745000346285], [-80.12587699995983, 26.163706999948147], [-80.12580499998982, 26.163677000176772], [-80.125767000355, 26.16366699998248], [-80.12564799963097, 26.163656999787342], [-80.12556899998827, 26.163663000065807], [-80.12545400036053, 26.163688999924997], [-80.1254169996523, 26.163703000032847], [-80.12529500035188, 26.163796000245828], [-80.12526900041262, 26.163822999851636], [-80.12521300033613, 26.16391900010155], [-80.12513999964285, 26.16408799992113], [-80.1250359998858, 26.16424300026079], [-80.12499999990078, 26.164307000205675], [-80.1248960001437, 26.16454300020287], [-80.12484199971705, 26.16468300018051], [-80.12483099984638, 26.16471400026802], [-80.12480599973203, 26.16485700014883], [-80.12476600044737, 26.164960000332133], [-80.12474600035588, 26.164991000345985], [-80.12467199983773, 26.165075999795576], [-80.12464199970049, 26.165099999809183], [-80.12460800026362, 26.16511799961455], [-80.12453499957037, 26.16514799982152], [-80.12445699975257, 26.165154999788076], [-80.12441699956959, 26.165154000023268], [-80.12437999975968, 26.165141999619507], [-80.12431600018557, 26.165099000043853], [-80.1241499996059, 26.165000999620474], [-80.12408500020689, 26.164955999653504], [-80.12402400010751, 26.164913000009275], [-80.12394999958937, 26.164885999849556], [-80.12375799996875, 26.164843000179513], [-80.12367900032602, 26.164833999852835], [-80.12356100032524, 26.1648369999618], [-80.12348199978422, 26.164843000179513], [-80.12316799996486, 26.164879999634056], [-80.12304900013918, 26.164877000332428], [-80.12289199978034, 26.164857999916237], [-80.12277499960447, 26.16483900030317], [-80.12261800014396, 26.16481900011306], [-80.1223689997236, 26.164756999985617], [-80.12235100018026, 26.1647530001063], [-80.1222759998372, 26.164731000364522], [-80.12213199989714, 26.164672000303554], [-80.12206400012509, 26.16463499997675], [-80.12202700031516, 26.16462099998079], [-80.12196200001782, 26.164579999752597], [-80.1219389995533, 26.16456899986588], [-80.12192100000995, 26.164561000094253], [-80.12192000018503, 26.1660779999913], [-80.12192000018503, 26.166133000315234], [-80.12193500025364, 26.166133000315234], [-80.12194000027654, 26.166374000226735], [-80.12194600012431, 26.1669950000386], [-80.12194799977414, 26.16713299999561], [-80.12190500011643, 26.167133999743474], [-80.12167699961248, 26.16713800034735], [-80.12155399958883, 26.167145000194456], [-80.12143599958806, 26.167152999788875], [-80.12077899963703, 26.167164000238078], [-80.12001399973097, 26.16718099997743], [-80.11994199976094, 26.16718300027856], [-80.11972900022393, 26.16719099987036], [-80.1196580000788, 26.16719499966607], [-80.11957900043609, 26.167193999918705], [-80.11934300043455, 26.167193999918705], [-80.11926499971842, 26.167193999918705], [-80.11910300023503, 26.167199000267846], [-80.11861699998822, 26.1672139997015], [-80.11845600032974, 26.16721999979694], [-80.11818299961995, 26.167225999892036], [-80.11736699966025, 26.16724599966935], [-80.1170949996737, 26.16725300031624], [-80.11700099996237, 26.167254999809902], [-80.11799199982423, 26.168586000316065], [-80.11846100035261, 26.16922000015672], [-80.11875300043067, 26.169692999669433], [-80.11893800037859, 26.17006699976316], [-80.11894599987619, 26.170086000136862], [-80.11910099968689, 26.17043000012961], [-80.11928099961195, 26.17097400031519], [-80.11935500013011, 26.171390000309454], [-80.11943700014588, 26.171840999874394], [-80.11944299999365, 26.172112999814367], [-80.11946100043531, 26.17292899985773], [-80.1194670002831, 26.173202000179945], [-80.11947599960561, 26.173353999801705], [-80.11950400009303, 26.173811000393364], [-80.11951400013876, 26.1739639997166], [-80.1195169996135, 26.17404800019232], [-80.11952599983432, 26.174301999822944], [-80.11952900020738, 26.17438699974079], [-80.11953900025313, 26.174854000355683], [-80.11957199986509, 26.176254999843046], [-80.11958299973574, 26.176722000229855], [-80.11960600020026, 26.177517999827202], [-80.11961200004805, 26.17773499975787], [-80.11967700034538, 26.17990599986079], [-80.11970099973651, 26.180702999916548], [-80.11968900004096, 26.181105999854466], [-80.11965600042899, 26.181453999685772], [-80.11958199991084, 26.1818389998056], [-80.1194749997807, 26.18219500004093], [-80.11933099984066, 26.182565000256087], [-80.11924600035016, 26.182747999889074], [-80.11899000025713, 26.183297999897523], [-80.11890599969321, 26.1834819995993], [-80.11912499997632, 26.18348099999164], [-80.11978500030041, 26.18348099999164], [-80.12000500040844, 26.18348099999164], [-80.12020299987685, 26.183474999927025], [-80.12079999955343, 26.18345899975324], [-80.12099899974504, 26.18345400010154], [-80.12112699979157, 26.18345400010154], [-80.12151400030417, 26.18345499970946], [-80.1216430001756, 26.18345600012348], [-80.12167499996265, 26.183452999687493], [-80.12177399969686, 26.18344600001346], [-80.12180700020713, 26.18344399999138], [-80.12192400038299, 26.183439999947076], [-80.1222759998372, 26.183429000227598], [-80.12239399983795, 26.183425999790906], [-80.12240100040897, 26.183634000325505], [-80.12242499980012, 26.184259000108618], [-80.12243300019603, 26.18446800036773], [-80.12243599967076, 26.184581000166542], [-80.1224449998916, 26.18492100011303], [-80.12244800026465, 26.185034999872993], [-80.12245599976225, 26.185203999714965], [-80.1224819997015, 26.185713000171706], [-80.12249099992235, 26.18588300022959], [-80.12250000014318, 26.186163999937925], [-80.12252899955718, 26.187006999833258], [-80.12253899960292, 26.18728800005515], [-80.12271299968019, 26.18728299976163], [-80.12323900010998, 26.18726999964242], [-80.12341400001215, 26.18726599972944], [-80.12359099956417, 26.187263000197692], [-80.12394600028973, 26.187259000284506], [-80.12412399966664, 26.18725399998974], [-80.12430199994188, 26.187250999651585], [-80.12436499969107, 26.187250999651585], [-80.12453700011851, 26.18725299960831], [-80.12455499966185, 26.187252000033013], [-80.12458200032434, 26.187250999651585], [-80.12457700030149, 26.187503000381156], [-80.1245789999513, 26.187575999831704], [-80.12458300014926, 26.18801600035484], [-80.12459900004278, 26.18801600035484], [-80.12460800026362, 26.188214000249634], [-80.1246130002865, 26.188385999819932], [-80.12461999995918, 26.188803999666924], [-80.12462300033224, 26.18900100027431], [-80.12491700006011, 26.188994999687882], [-80.12579999996694, 26.188981000199195], [-80.12609500041803, 26.188977000344977], [-80.1262390003581, 26.188974000051168], [-80.12660900025394, 26.188968000269433], [-80.12666500033045, 26.188966999902735], [-80.12667000035331, 26.189100000232806], [-80.12667200000313, 26.189153000249313], [-80.12670899981306, 26.190052000156154], [-80.12672499970658, 26.190052000156154], [-80.12676300023972, 26.190052999707433], [-80.12679800039982, 26.190052999707433], [-80.12690299998181, 26.1900540000648], [-80.12693899996682, 26.190054999616095], [-80.12715700042503, 26.190048000338688], [-80.12781500020097, 26.190028999994833], [-80.12803399958577, 26.190023000267434], [-80.12834099973243, 26.19001499982434], [-80.12926200017242, 26.189994999923304], [-80.129570000144, 26.189989000194146], [-80.12970999988607, 26.189985000374545], [-80.1297590002899, 26.18998400001659], [-80.12978900042712, 26.191145999884892], [-80.12983399973463, 26.192660000209276], [-80.13055299960995, 26.192645000019873], [-80.1312179999569, 26.19263199969295], [-80.13191000006803, 26.192615999970638], [-80.13192500013666, 26.193147000311594], [-80.13201100035039, 26.196302999642096], [-80.13204700033538, 26.197735999632826], [-80.13212299960504, 26.200580999947984], [-80.13220299997099, 26.20355399960413], [-80.13220700016895, 26.203673000061645], [-80.13221899986452, 26.203673000061645], [-80.13231199975094, 26.20367499973642], [-80.1323440004363, 26.203675999976788], [-80.13241499968309, 26.203677000217137], [-80.13262899994335, 26.20368000013219], [-80.13270099991337, 26.203681999806815], [-80.133196000381, 26.203671999821243], [-80.13395100024132, 26.203658999919305], [-80.13468400036034, 26.203648999931758], [-80.13517999975457, 26.203643000100023], [-80.1351749997317, 26.203506000096315], [-80.13517100043207, 26.203378999943006], [-80.13514799996751, 26.20270100011247], [-80.13526199977035, 26.2026980001722], [-80.13526299959527, 26.202644999871467], [-80.13546900035789, 26.202641999929785], [-80.1371310004145, 26.202614999644958], [-80.13719400016369, 26.202618000393354], [-80.13721199970703, 26.203496000095587], [-80.1376030004176, 26.2034919999339], [-80.13791499968883, 26.203490000255965], [-80.13885399967216, 26.20348499985204], [-80.13916800038983, 26.203483999610036], [-80.13923399961375, 26.203481999931974], [-80.13923799981171, 26.203627000278505], [-80.1392439996595, 26.20381599969198], [-80.13924700003255, 26.20398100034914], [-80.13946600031565, 26.204171999660158], [-80.13964899971545, 26.204331000016488], [-80.13981299974698, 26.204477000345083], [-80.13983299983846, 26.204772999764756], [-80.139820000318, 26.205140000118664], [-80.13980500024938, 26.20554099969435], [-80.1396939999213, 26.206001999843302], [-80.13924899968238, 26.206316000111087], [-80.1392229997431, 26.20653500002497], [-80.13920600002466, 26.20668500005946], [-80.13898699974155, 26.206959999889317], [-80.1385540000965, 26.207546999627027], [-80.13809299996406, 26.207765000243594], [-80.13810600038285, 26.208122999823143], [-80.1377719995737, 26.20859399978778], [-80.13757400010529, 26.208816000034258], [-80.13760699971724, 26.208826999774068], [-80.13766100014392, 26.2088469996647], [-80.13789200012262, 26.208920999633033], [-80.1379480001991, 26.208936000143673], [-80.13800000007764, 26.20894999965138], [-80.13810899985758, 26.2089789996625], [-80.13819800044436, 26.209003000305422], [-80.13828100028502, 26.20902499974867], [-80.13829999965328, 26.209031000108986], [-80.13842699987491, 26.20906599965245], [-80.13846000038518, 26.20907499978668], [-80.13856999999003, 26.209103999766654], [-80.13860500015014, 26.209112999897908], [-80.13871399993009, 26.209141999868404], [-80.13880400034176, 26.20916500028455], [-80.13887999961143, 26.20918500011709], [-80.13889399985514, 26.20918900008315], [-80.13897000002312, 26.209211000297213], [-80.13916199964373, 26.209254999906864], [-80.13927600034486, 26.20928500003413], [-80.13936099983536, 26.20931100019196], [-80.1393480003149, 26.208740999802302], [-80.13976599989132, 26.208304000004233], [-80.14013400013735, 26.207900999866855], [-80.14109300021218, 26.207142999882088], [-80.14162299994159, 26.206808999995776], [-80.14214299962526, 26.20647099989769], [-80.14396600023869, 26.20645300003186], [-80.14397000043665, 26.206232999745353], [-80.14458600037979, 26.206227000046795], [-80.14459700025044, 26.206228000265227], [-80.14460800012111, 26.206229999896088], [-80.14461899999175, 26.206232999745353], [-80.1446290000375, 26.206238000031252], [-80.14463700043342, 26.20624499994753], [-80.14485900019127, 26.20603600007745], [-80.14571299978579, 26.20555299996786], [-80.14586599994666, 26.20546599977017], [-80.14638300015562, 26.204346000312643], [-80.14650100015638, 26.20405699985514], [-80.1468330004174, 26.20383800011549], [-80.14725900038977, 26.203831000054482], [-80.14748299979742, 26.203826999904255], [-80.14747699994965, 26.203627000278505], [-80.14758300025487, 26.20362600003772], [-80.14783799962467, 26.203618999963915], [-80.1483320002674, 26.20361300013064], [-80.14837900012306, 26.203610999648806], [-80.14842699980363, 26.203464999846197], [-80.14848399970505, 26.203277000106706], [-80.14853300010886, 26.203132000130267], [-80.14854800017747, 26.203086000133354], [-80.1484949995757, 26.203122000097455], [-80.14845799976578, 26.203146999774866], [-80.14842699980363, 26.20317399993633], [-80.14746400042917, 26.20317900035361], [-80.14746199988103, 26.203093999678554], [-80.14745100001039, 26.202737000195587], [-80.1474469998124, 26.202595000295645], [-80.14744299961446, 26.202467999954592], [-80.14744000013974, 26.20237200002369], [-80.14739999995676, 26.202313999926364], [-80.14735800012396, 26.202254000100982], [-80.14730399969729, 26.20218400013129], [-80.14714499968862, 26.201975999673675], [-80.14714300003881, 26.201853999937597], [-80.14713100034324, 26.201256000056237], [-80.14723900029828, 26.201214999819772], [-80.14736300014683, 26.201097999793], [-80.1481499997942, 26.20036300038698], [-80.14832300004656, 26.200558000253874], [-80.14839800038963, 26.200673000290983], [-80.14842900035177, 26.20073499985034], [-80.148748000194, 26.201269000226496], [-80.14887700006544, 26.20150599978988], [-80.14887700006544, 26.201533000331903], [-80.14902699985326, 26.201530999814327], [-80.14918699968683, 26.201527999843922], [-80.14926299985481, 26.201526000132286], [-80.1494240004116, 26.20152300016174], [-80.14952700034377, 26.201202999905114], [-80.14950600042737, 26.200136999864004], [-80.1496079996363, 26.199669999829528], [-80.1497330002081, 26.19910299982291], [-80.15001000021753, 26.198460000393908], [-80.15031099961809, 26.1978249997397], [-80.1512830001117, 26.19598200004883], [-80.15135300043191, 26.195977000128515], [-80.15140600013535, 26.195752000268243], [-80.15173000000046, 26.194250999979925], [-80.15299299984889, 26.188478000123265], [-80.15301600031343, 26.188387000191618], [-80.15317899962173, 26.188385999819932], [-80.1535000000121, 26.188383999882646], [-80.15381899985432, 26.188383999882646], [-80.1546470004079, 26.188344999889182], [-80.1547260000506, 26.18835999982618], [-80.1550060004331, 26.188385000254343], [-80.15503400002218, 26.188387000191618], [-80.1551050001673, 26.188393000003277], [-80.155119000411, 26.18839400037491], [-80.155147999825, 26.188396999877558], [-80.15514700000008, 26.18828799962721], [-80.15514600017518, 26.187988000334435], [-80.15531199985655, 26.187983000070954], [-80.15574299985175, 26.187977000238174], [-80.15572899960804, 26.18759800009887], [-80.15567400025478, 26.18750599990673], [-80.15565300033839, 26.187471999904954], [-80.15565300033839, 26.18745499990036], [-80.15558399984309, 26.185593999902988], [-80.15555700007891, 26.184871000183122], [-80.15559300006393, 26.184801999841536], [-80.15562800022403, 26.184731999862176], [-80.15562099965301, 26.183886999614874], [-80.15561700035337, 26.183824999954542], [-80.1558230002177, 26.183818999907647], [-80.1558159996467, 26.183618000173535], [-80.155808999974, 26.183433999880364], [-80.1556039999346, 26.183439000339032], [-80.15558200019328, 26.183439999947076], [-80.15556600029976, 26.183068000063223], [-80.15556600029976, 26.182991999758798], [-80.1556039999346, 26.182991000146934], [-80.15627799960404, 26.18297299987649], [-80.15655299996367, 26.182966000173657], [-80.15662300028386, 26.182964000143304], [-80.15665199969787, 26.18296299972506], [-80.15660800021524, 26.18205700017842], [-80.15651899962846, 26.181057000334523], [-80.15657800007801, 26.181057999962988], [-80.15675800000308, 26.181062000089067], [-80.15681800027754, 26.181064000152038], [-80.15693499955508, 26.181070000340785], [-80.15728699990758, 26.181088000099017], [-80.15740499990835, 26.181094999914688], [-80.15747600005346, 26.18109799960522], [-80.15769000031372, 26.18110999997892], [-80.15776200028374, 26.181114000103193], [-80.157900000376, 26.181127000103093], [-80.15831399975447, 26.181166999721647], [-80.15845199984673, 26.181181000149195], [-80.15860599983252, 26.181200000323702], [-80.15907100016292, 26.181257000022423], [-80.15922599997363, 26.1812769998111], [-80.15937400011164, 26.181304999831948], [-80.15981799962734, 26.18138899985412], [-80.15996599976535, 26.181418000279567], [-80.1604629998828, 26.181509000011093], [-80.16195400023518, 26.18178300001382], [-80.16245200017757, 26.18187499988789], [-80.16260500033843, 26.181904999813607], [-80.16295000011992, 26.181974000258368], [-80.16298500028003, 26.181981000020798], [-80.16298500028003, 26.18187499988789], [-80.16323200015223, 26.181919999773566], [-80.16452699978773, 26.182157999632338], [-80.1647360000251, 26.18220100017142], [-80.16556399968034, 26.18237000009302], [-80.16701900004773, 26.182634999924975], [-80.16744099982212, 26.182712000076485], [-80.16762499994513, 26.182745999854983], [-80.16866699986062, 26.182933999684106], [-80.16886600005228, 26.182976999936837], [-80.16932800000961, 26.18307699978837], [-80.16964900039999, 26.183134000181266], [-80.16994300012784, 26.183186999687166], [-80.17050299999451, 26.18330100033747], [-80.1710369999219, 26.18340999961039], [-80.17144399962767, 26.183493999727474], [-80.17184399966075, 26.18357700017719], [-80.172206000059, 26.183632000306616], [-80.17254199961967, 26.1836920000518], [-80.17278500019222, 26.183769999916183], [-80.17305999965353, 26.183871000303782], [-80.17323000043115, 26.183934999953358], [-80.17330099967795, 26.183969000181158], [-80.17342799989954, 26.184030000161883], [-80.17360199997682, 26.184113999832036], [-80.1736909996653, 26.184174999736886], [-80.17379000029781, 26.184243000042475], [-80.17421299989711, 26.1845450001141], [-80.1744010002181, 26.18472900026518], [-80.17467200037973, 26.185032000283805], [-80.17478199998459, 26.185229000014225], [-80.17486900002322, 26.185353000226158], [-80.17494400036631, 26.185475000318878], [-80.17498799984891, 26.18554600024794], [-80.17507599971246, 26.18574400030984], [-80.17514500020775, 26.185953999910048], [-80.17518799986544, 26.18615200008473], [-80.17545700037728, 26.186154000060323], [-80.17566599971634, 26.186154999645073], [-80.17584999983936, 26.186154999645073], [-80.17624300019975, 26.186132999911557], [-80.17669599993627, 26.18611500012649], [-80.17743900010105, 26.186084000087106], [-80.18099300036802, 26.186025999939222], [-80.18109799995, 26.186025000353364], [-80.18165799981666, 26.186025000353364], [-80.18333999996474, 26.185990000333256], [-80.18329599958382, 26.184160000067198], [-80.18332800026919, 26.184166000096532], [-80.18344999956959, 26.18416400008678], [-80.18448499981241, 26.184146999599516], [-80.18484200018777, 26.184133999936527], [-80.1854559995828, 26.18411199982142], [-80.18731099998324, 26.184097999745983], [-80.18743800020486, 26.184095000132675], [-80.18775899969691, 26.184060999941632], [-80.18780399990274, 26.184050000280802], [-80.18787099984989, 26.18403400018593], [-80.18797700015512, 26.183991999926537], [-80.18808500011015, 26.18397399981072], [-80.18889900042001, 26.18397100019422], [-80.18926900031586, 26.183969999784622], [-80.18940300021016, 26.183969000181158], [-80.18945599991362, 26.185992999897795], [-80.18945799956344, 26.186202999855357], [-80.18946000011158, 26.186266000252477], [-80.18970699998377, 26.186266000252477], [-80.1897630000603, 26.186266000252477], [-80.1909339998472, 26.186266000252477], [-80.19134399992603, 26.186266000252477], [-80.19149700008691, 26.186266999836274], [-80.19195599967122, 26.186270000199773], [-80.1921089998321, 26.186270999783517], [-80.19220099989361, 26.186270999783517], [-80.19247999955287, 26.186272999757076], [-80.19257300033759, 26.18627400014694], [-80.19277300035414, 26.186274999730635], [-80.19337500005358, 26.186278000093957], [-80.19357599989503, 26.186280000067388], [-80.19400199986738, 26.18628200004083], [-80.19488599959914, 26.186287999960882], [-80.19525999969295, 26.186291000323873], [-80.19528099960935, 26.186291000323873], [-80.1953629996251, 26.186291000323873], [-80.19545100038698, 26.186291000323873], [-80.19549499986961, 26.186291000323873], [-80.19554000007544, 26.186291000323873], [-80.19562299991611, 26.186291000323873], [-80.19562899976391, 26.186233999863088], [-80.1956299995888, 26.186220999626798], [-80.19563200013694, 26.186194999956022]], [[-80.15800999998086, 26.174406999902136], [-80.15754200017572, 26.1754659998362], [-80.15684699969154, 26.1770340002985], [-80.15659399997155, 26.1776309999158], [-80.15640499982567, 26.178075999984326], [-80.15651799980357, 26.17812700006483], [-80.1576099999478, 26.178518999859556], [-80.15788100010943, 26.178619999961185], [-80.15776999978134, 26.17887200000872], [-80.15754700019859, 26.179376000081536], [-80.1573089996489, 26.179292999864334], [-80.15617700022003, 26.178890999753484], [-80.15606800044009, 26.17885399990823], [-80.15515899969566, 26.180897000014614], [-80.15502800017441, 26.180901000146243], [-80.15494199996067, 26.1788129998481], [-80.1549290004402, 26.178656000231687], [-80.15649699988717, 26.175115999696715], [-80.15676200020104, 26.175212000323295], [-80.15675899982799, 26.175177999959256], [-80.15673799991158, 26.174452000252632], [-80.15800999998086, 26.174406999902136]], [[-80.14901500015769, 26.197843000133435], [-80.1490650003864, 26.19784199984292], [-80.14878699965375, 26.198212000337268], [-80.14874300017114, 26.198267000005384], [-80.14870399981307, 26.198316999827675], [-80.14866100015537, 26.198369999680384], [-80.14860099988091, 26.198445000145462], [-80.14855599967508, 26.198497999939914], [-80.14845100009309, 26.198618999684356], [-80.14842299960567, 26.198652999656517], [-80.14829000043461, 26.198794000051564], [-80.1473969995837, 26.19789100036372], [-80.14737300019259, 26.19784999974844], [-80.14736899999463, 26.197633999689344], [-80.14745199983528, 26.197551000388493], [-80.14773899989046, 26.197545000242535], [-80.14773999971538, 26.197677999644302], [-80.1477410004386, 26.19786899962249], [-80.14901500015769, 26.197843000133435]]]}}, {"type": "Feature", "properties": {"name": "Parkland", "geoid": "1255125", "county": "broward"}, "geometry": {"type": "MultiPolygon", "coordinates": [[[[-80.29706199967734, 26.355319999677015], [-80.29713899967025, 26.355123999965123], [-80.29688799960007, 26.355058000159858], [-80.29653500032097, 26.354952000174272], [-80.29653600014588, 26.354908999985366], [-80.29653899962064, 26.354749000021833], [-80.29688699977517, 26.354749999765726], [-80.29708900033984, 26.354751000314554], [-80.29713399964737, 26.354751000314554], [-80.29712500032485, 26.353942999988785], [-80.29711199990605, 26.352768999964223], [-80.29711199990605, 26.35273199994666], [-80.29711100008116, 26.35268799997558], [-80.29709799966236, 26.351623000126096], [-80.29707000007326, 26.34921500026526], [-80.2969100002397, 26.33546599994425], [-80.29693000033119, 26.334570000165687], [-80.29698600040768, 26.334355999747782], [-80.2969870002326, 26.333078999721817], [-80.29700399995103, 26.328316000261314], [-80.29704199958587, 26.317779999822516], [-80.2970449999589, 26.317271000324762], [-80.2970790002941, 26.315504000167195], [-80.2970580003777, 26.31525799964166], [-80.29709699983746, 26.31500599968111], [-80.29711000025624, 26.313268000153595], [-80.29710400040845, 26.311272000394652], [-80.29710299968524, 26.311142000094772], [-80.29710400040845, 26.31112599977523], [-80.29708799961662, 26.311066999886364], [-80.29705599982957, 26.311051999677826], [-80.29697899983668, 26.311057999600436], [-80.2968969998209, 26.311064999643946], [-80.2966349998801, 26.311044000317377], [-80.29665800034462, 26.310779000052282], [-80.29622399997636, 26.3107769998049], [-80.29598999962462, 26.3107759996812], [-80.29336799966828, 26.31076399980647], [-80.29299799977242, 26.310762999682638], [-80.29289900003822, 26.310777999928618], [-80.29282600024328, 26.310789999801877], [-80.29130300010385, 26.31102400030333], [-80.29046100020489, 26.311018000378965], [-80.29005699997386, 26.311013999892378], [-80.28974599962923, 26.311011000332602], [-80.28919599980831, 26.311005999724056], [-80.28835200025955, 26.310998000360428], [-80.2877019999812, 26.31099199962946], [-80.28748600007113, 26.310990000190973], [-80.28521499974408, 26.310969000045553], [-80.28282700013946, 26.31094699977409], [-80.28045899972803, 26.31093800028406], [-80.27982299969338, 26.310822999849613], [-80.27941199978966, 26.310748000240004], [-80.27914599965086, 26.310749999682624], [-80.27889799995376, 26.310751999930524], [-80.27876900008232, 26.31075300005442], [-80.27871600037888, 26.31075400017835], [-80.278527000233, 26.31074599999205], [-80.27829000040654, 26.31073600036237], [-80.2781480001163, 26.31073099974195], [-80.27732299993578, 26.310725999926554], [-80.27646599996821, 26.310725999926554], [-80.27623599981443, 26.310725999926554], [-80.275858000421, 26.31071899986256], [-80.27544800034217, 26.31071899986256], [-80.27526000002119, 26.31071899986256], [-80.27520200029485, 26.31071899986256], [-80.27502900004251, 26.31071899986256], [-80.2749720001411, 26.31071999998677], [-80.2747970002389, 26.310723999678245], [-80.27479800006383, 26.309781999672854], [-80.27479800006383, 26.30970999978828], [-80.27478700019316, 26.30887699961546], [-80.27478399982013, 26.308445999628006], [-80.27477200012454, 26.30724299993525], [-80.27476299990373, 26.30648999974536], [-80.27475899970575, 26.30633900034395], [-80.274760000429, 26.306231999870402], [-80.274760000429, 26.3061969997994], [-80.274760000429, 26.30614900000699], [-80.27475799988085, 26.306048999704558], [-80.27474399963715, 26.30460699992368], [-80.27472699991871, 26.30300600029716], [-80.27472600009379, 26.302889999852862], [-80.2747250002689, 26.302603000025055], [-80.2747250002689, 26.302391999917212], [-80.2747190004211, 26.302035000237968], [-80.27462200033673, 26.302031000246615], [-80.27446400015297, 26.30202600005589], [-80.27125200019275, 26.301968999960298], [-80.26835800024985, 26.301941000001968], [-80.26680099977521, 26.30192799981767], [-80.26667000025398, 26.301926000222817], [-80.25789899983847, 26.301811999905226], [-80.25171400029264, 26.301707999885046], [-80.2514649998723, 26.301705000084414], [-80.2507180004079, 26.301697000078786], [-80.2506830002478, 26.301697000078786], [-80.25046999981245, 26.301694999674645], [-80.24990099972497, 26.301687999870463], [-80.24919400044354, 26.301671999856314], [-80.24551700015292, 26.301658999641884], [-80.2434679995837, 26.30162399980062], [-80.24309400038821, 26.30161800019493], [-80.24229799962167, 26.301584999942076], [-80.2397290002671, 26.301579999732112], [-80.23928099965512, 26.301576999928177], [-80.2382079997775, 26.30153699985035], [-80.23717900028078, 26.30152799962961], [-80.23663699995747, 26.30148999994263], [-80.23598599985424, 26.301410999917685], [-80.23575300022573, 26.301382999824565], [-80.23524199986456, 26.301306000137647], [-80.23485199987722, 26.30123799983819], [-80.23462000007363, 26.301193000222067], [-80.2346240002716, 26.300722999697797], [-80.2346250000965, 26.300529999987802], [-80.2346250000965, 26.300505000318974], [-80.23462799957123, 26.3004330003085], [-80.23463000011938, 26.300409000026622], [-80.23462300044667, 26.299743000289094], [-80.23462199972346, 26.296017000092178], [-80.23462000007363, 26.295848000221902], [-80.23462000007363, 26.295816000190133], [-80.23433700021643, 26.295810999731376], [-80.23419099972823, 26.295809000031014], [-80.2334989996171, 26.295797999665066], [-80.23233500040119, 26.295781999643363], [-80.2310700000046, 26.29576399991836], [-80.23032099999206, 26.295753999801455], [-80.23035500032724, 26.298473000383915], [-80.23035699997708, 26.299209999954567], [-80.23038200009144, 26.3005850003677], [-80.2303870001143, 26.3009680002688], [-80.23038799993921, 26.30108499962254], [-80.23038899976413, 26.301193999623163], [-80.22936899958994, 26.30118399997461], [-80.22782899973205, 26.301158999641494], [-80.22736400029997, 26.301154000218492], [-80.22580500017553, 26.301131000292852], [-80.22534999989087, 26.301124999856317], [-80.22434300013546, 26.301111000178718], [-80.22428600023404, 26.301109999971583], [-80.22422900033264, 26.301108999764462], [-80.22331799993839, 26.301096000292205], [-80.2225360003139, 26.30108499962254], [-80.22131399957503, 26.301066999915488], [-80.21928099979766, 26.301038999739287], [-80.21874600004537, 26.301030000285202], [-80.21828599973782, 26.301022000232994], [-80.21729300022612, 26.30100499991888], [-80.216897000391, 26.30099900028116], [-80.21521699989273, 26.300975000116463], [-80.21512800020426, 26.300973999908148], [-80.21323000014611, 26.30094400009768], [-80.212137000177, 26.300926999772162], [-80.2112309998056, 26.300917000100586], [-80.21050400043269, 26.300909000040583], [-80.20923400001324, 26.300896999949547], [-80.20907900020255, 26.30089500033689], [-80.20825599967183, 26.300886000066317], [-80.2077800003691, 26.300879000213296], [-80.20694900034079, 26.30086700011914], [-80.20659600016339, 26.300860999668956], [-80.20564499958616, 26.300845999750077], [-80.20551300023999, 26.300844000136557], [-80.20440500020226, 26.30082800000591], [-80.20433700043019, 26.300826000392075], [-80.20399799959817, 26.300822000359005], [-80.2031189998893, 26.30080900004926], [-80.20257599974109, 26.3008009999818], [-80.20248000037991, 26.300806000225336], [-80.20248200002973, 26.3011260000633], [-80.20248399967954, 26.301445999823247], [-80.20248600022771, 26.301627999806016], [-80.20248799987753, 26.301762000309825], [-80.20249200007548, 26.30204399961403], [-80.20249200007548, 26.30207799993499], [-80.20250700014411, 26.302638000376007], [-80.20251600036492, 26.30341199973002], [-80.2025289998854, 26.30451999979641], [-80.20252200021271, 26.304834999780773], [-80.20258199958886, 26.308783000096792], [-80.2026059998783, 26.310358999682197], [-80.20260800042642, 26.312019000238653], [-80.20268899971899, 26.314975000194515], [-80.20270799998555, 26.31537000025339], [-80.20279300037436, 26.317452999611064], [-80.2027959998491, 26.317608000087375], [-80.20281599994057, 26.317982000346337], [-80.20290700017719, 26.320679000381478], [-80.20295200038302, 26.323168000346527], [-80.20300000006361, 26.325426000022386], [-80.20302600000286, 26.326175000362845], [-80.20306399963769, 26.327824999948312], [-80.20312200026234, 26.327822999995277], [-80.20315999989717, 26.327822000018717], [-80.2037950001069, 26.327799999727457], [-80.20384699998543, 26.32779799977399], [-80.20408299998697, 26.327822000018717], [-80.2041619996297, 26.327842000353073], [-80.20522399963667, 26.328116999970536], [-80.20634599991813, 26.328460000205855], [-80.20706499979343, 26.32867700015858], [-80.2075829998273, 26.328833000073693], [-80.20765899999527, 26.328853000233398], [-80.20803100043926, 26.32896399980907], [-80.20874699994152, 26.32917899969267], [-80.20882099956137, 26.329203999615775], [-80.20989799963696, 26.329528999735224], [-80.21024599979152, 26.329633999702686], [-80.2103219999595, 26.329652999763322], [-80.21174700018965, 26.330082999792882], [-80.21265299966271, 26.330366000165476], [-80.21550200029809, 26.331220000089125], [-80.21737199986883, 26.331780999702804], [-80.21766999979465, 26.331870000173804], [-80.21856600012029, 26.332138000310458], [-80.21886499987104, 26.332227999640416], [-80.21897100017625, 26.332260000083057], [-80.21928099979766, 26.332351999998107], [-80.2197479997779, 26.33249100007238], [-80.21977700009019, 26.332500000303096], [-80.22053199995051, 26.332725000208494], [-80.22095000042526, 26.33284999996696], [-80.22161700042204, 26.333049000173492], [-80.22186699976898, 26.333123999834854], [-80.22261999997947, 26.33334399968834], [-80.22280199955435, 26.333397999859272], [-80.22290500038483, 26.333429000050366], [-80.22362199971201, 26.33364199984049], [-80.22429100025693, 26.333841000295653], [-80.224839000428, 26.33400300003737], [-80.22622699994992, 26.33441599976946], [-80.22648300004296, 26.33449200007424], [-80.22687200020539, 26.334608000273786], [-80.22703100021404, 26.334656000350094], [-80.22709599961306, 26.334656000350094], [-80.22723999955309, 26.334656000350094], [-80.22729499980468, 26.33465800018512], [-80.22736400029997, 26.334660999937597], [-80.22742799987408, 26.334660000020094], [-80.2276349995633, 26.334657000267594], [-80.22770300023367, 26.334656000350094], [-80.22774000004361, 26.334656000350094], [-80.22785100037169, 26.334656000350094], [-80.22788900000653, 26.334656000350094], [-80.22995600011909, 26.33526999960416], [-80.2299490004464, 26.334811000343226], [-80.23086300031537, 26.335082999767145], [-80.23086199959215, 26.335538999830014], [-80.23211799976788, 26.335912000237062], [-80.23209500020167, 26.334632999829626], [-80.23209199982863, 26.334493999912116], [-80.23289000024495, 26.334494999831016], [-80.23450399972268, 26.334494999831016], [-80.2346529996856, 26.334494999831016], [-80.23465600005865, 26.33461299986335], [-80.23468399964773, 26.336347999782756], [-80.23469100021875, 26.336551999922033], [-80.23470100026448, 26.336680000078424], [-80.23475300014302, 26.336695000188136], [-80.23486699994584, 26.33672700020095], [-80.23492700022028, 26.33674400010355], [-80.23490399975576, 26.335633000177562], [-80.2348910002353, 26.334650000039723], [-80.23488299983936, 26.334346999661363], [-80.23486399957278, 26.333518999986833], [-80.23486199992297, 26.33335199992396], [-80.23485500025028, 26.332937999683782], [-80.2348150000673, 26.331442000231142], [-80.23481699971713, 26.330862999871016], [-80.2348500002274, 26.330862999871016], [-80.2358779998992, 26.330862999871016], [-80.23597099978562, 26.330862999871016], [-80.23699099995981, 26.330734999723187], [-80.23706100028001, 26.33074100023646], [-80.23714199957254, 26.33074100023646], [-80.23829300016631, 26.330742000187804], [-80.23858299969622, 26.33074300013911], [-80.2386310002751, 26.330731999868984], [-80.23866700026012, 26.330706000324184], [-80.23869700039735, 26.330673000305172], [-80.23871199956764, 26.3306270000922], [-80.2387159997656, 26.330573000238914], [-80.23870400007003, 26.329408000268035], [-80.23868800017652, 26.328547000068784], [-80.23866399988707, 26.32723800016545], [-80.24280899998286, 26.327233000257387], [-80.24276100030227, 26.319851999631897], [-80.24279599956405, 26.319851999631897], [-80.24369600008765, 26.31985599981328], [-80.24377499973036, 26.31985599981328], [-80.24417300011362, 26.31985599981328], [-80.24606899962365, 26.31985699985863], [-80.24623600002822, 26.319859999994566], [-80.24671899990199, 26.319859999994566], [-80.24830700033874, 26.31985699985863], [-80.24867899988443, 26.31985699985863], [-80.24968599963982, 26.319858999949258], [-80.25020600022182, 26.319859999994566], [-80.25087700041655, 26.31986400017568], [-80.25087800024147, 26.31990699969854], [-80.25090599983054, 26.32043999985531], [-80.25083499968544, 26.321179999931147], [-80.25082700018784, 26.32162200038466], [-80.25083899988338, 26.32223100019738], [-80.2508589999749, 26.323235999854344], [-80.2508609996247, 26.323289999908702], [-80.25086200034794, 26.323336999831117], [-80.25091199967834, 26.325051999645986], [-80.25096199990706, 26.327143000265096], [-80.25096600010502, 26.32728500009583], [-80.25098799984632, 26.330937000193853], [-80.25099000039445, 26.331264000172844], [-80.25104399992283, 26.334306999626538], [-80.25104700029586, 26.334453000008793], [-80.2511839996649, 26.339661000212025], [-80.25118600021304, 26.339772999763134], [-80.25123600044175, 26.34163500006779], [-80.26723199977044, 26.346410999687425], [-80.26710500044716, 26.342332999740357], [-80.26710299989901, 26.342264000327024], [-80.26710100024918, 26.34220299969137], [-80.26692899982173, 26.33669799988783], [-80.26712100034068, 26.33668999988342], [-80.26717400004414, 26.33668800008352], [-80.26732100035723, 26.336681999878504], [-80.26752700022155, 26.336673999873], [-80.26769399972781, 26.34223599964332], [-80.26782400032248, 26.34658799998113], [-80.26874599968905, 26.346863000141294], [-80.2714320001178, 26.347666000184404], [-80.27465900014664, 26.348629000084706], [-80.27536899980113, 26.348841000278426], [-80.27959000006489, 26.350101999682707], [-80.27994800026518, 26.350208999871455], [-80.28342499964096, 26.351248000100952], [-80.28355299968747, 26.351286000367097], [-80.2836959998026, 26.351329000293035], [-80.28507400017709, 26.351739999827167], [-80.28978800036033, 26.353147999723756], [-80.28992200025463, 26.353187999685403], [-80.29037599981609, 26.353322999856303], [-80.29499499956478, 26.3547019999754], [-80.29613500028789, 26.35504300001592], [-80.29706199967734, 26.355319999677015]], [[-80.22276700029256, 26.333002000167706], [-80.22277099959221, 26.33311099992923], [-80.22249600013092, 26.33302800000195], [-80.22234100032023, 26.332981999919635], [-80.22204099984626, 26.33289200037079], [-80.22130899955215, 26.33267300039804], [-80.22276100044479, 26.33267400033269], [-80.22276700029256, 26.333002000167706]]], [[[-80.22433499973954, 26.30020300022146], [-80.22426699996747, 26.295679000105334], [-80.2242689996173, 26.294981999771366], [-80.22423900037839, 26.292657999622932], [-80.22423799965516, 26.29186599982295], [-80.22417999992884, 26.28839300010899], [-80.22407500034686, 26.286655999747925], [-80.22351399975697, 26.286652000031435], [-80.22315700027991, 26.28664899984129], [-80.22292100027836, 26.286645000124558], [-80.22221499992352, 26.286633999694786], [-80.22212399968694, 26.28663199983617], [-80.22214600032655, 26.28792800004559], [-80.22223599983992, 26.293886000368794], [-80.22030000014693, 26.293862000342376], [-80.22025999996396, 26.29387799982363], [-80.22023099965165, 26.293904999849243], [-80.21867900009822, 26.293910999854102], [-80.21827400004226, 26.29391300039255], [-80.21828200043818, 26.30011499979437], [-80.21873699982453, 26.300124000124793], [-80.21927999997274, 26.30013500008033], [-80.22029500012405, 26.30015699998822], [-80.22129299965863, 26.300163999884845], [-80.22231799985569, 26.300171999996284], [-80.22330700006773, 26.300187000002346], [-80.22425500027191, 26.30020200000649], [-80.22433499973954, 26.30020300022146]]]]}}, {"type": "Feature", "properties": {"name": "Pembroke Park", "geoid": "1255750", "county": "broward"}, "geometry": {"type": "Polygon", "coordinates": [[[-80.19851000018633, 25.98777800023497], [-80.19850699981328, 25.987708000197877], [-80.19850500016345, 25.987653999633203], [-80.19850000014057, 25.987497999836396], [-80.19849799959245, 25.98742900010871], [-80.19849699976754, 25.98741299975647], [-80.19849500011772, 25.98736500030167], [-80.19849500011772, 25.98734899994073], [-80.19832400041348, 25.98735100008689], [-80.19781499970215, 25.98736000034049], [-80.19764499982284, 25.987363000155725], [-80.19748699963908, 25.987368000116764], [-80.19701600035921, 25.98738599981323], [-80.19685900000036, 25.98739200024974], [-80.19670500001459, 25.987394000395177], [-80.19635000018734, 25.987399000354905], [-80.19624499970705, 25.98738500014417], [-80.19621499956982, 25.987382000329507], [-80.19614900034588, 25.987355000379132], [-80.19611300036088, 25.987317999689402], [-80.19591900019213, 25.987453000229234], [-80.19577199987903, 25.987548000187232], [-80.1956709995967, 25.984420000076646], [-80.19566999977178, 25.98425699973353], [-80.19634500016447, 25.98422900017698], [-80.19661399977798, 25.98421899998766], [-80.19699399971958, 25.984203000005994], [-80.19754400043881, 25.984219999683642], [-80.19754400043881, 25.984245000155138], [-80.19754600008862, 25.98431999992267], [-80.19754699991354, 25.984345000372905], [-80.1975510001115, 25.984491000150463], [-80.19756299980708, 25.98493100019757], [-80.19756700000504, 25.98507799974351], [-80.19757299985281, 25.985273000241797], [-80.19759299994429, 25.98585799979583], [-80.19759700014225, 25.98596300027722], [-80.19845599975964, 25.985938999852458], [-80.19845300028493, 25.985854999942198], [-80.19844800026205, 25.985737000255245], [-80.19844599971391, 25.985663999951633], [-80.1984390000412, 25.98536900003287], [-80.19843200036851, 25.98500499983813], [-80.19841599957667, 25.98461700024414], [-80.1984099997289, 25.98448699976074], [-80.19839899985824, 25.984194000318162], [-80.19839600038351, 25.984075000074213], [-80.19839200018555, 25.98390100014529], [-80.19837299991897, 25.98302400031], [-80.1983670000712, 25.982732000159768], [-80.19836500042136, 25.98268899976111], [-80.19835899967528, 25.98256200031349], [-80.19835700002545, 25.982520000370613], [-80.19834899962953, 25.982387999760252], [-80.1983250002384, 25.981992000270044], [-80.19831699984248, 25.98186100039793], [-80.19831699984248, 25.98179100006741], [-80.19832000021552, 25.981582000159214], [-80.19832199986536, 25.981513000189054], [-80.19832000021552, 25.98144199993177], [-80.19831600001756, 25.981230000239016], [-80.19831500019266, 25.981160000340324], [-80.19830699979673, 25.981021000141066], [-80.19828500005542, 25.98060599962578], [-80.19827800038273, 25.980468000114517], [-80.19808199966585, 25.980471999833448], [-80.1974940002101, 25.98048699978767], [-80.19729900021643, 25.980492999768828], [-80.19712000011627, 25.980500000284778], [-80.19672099990811, 25.980516999690348], [-80.19658500036398, 25.98052299966998], [-80.19640700008875, 25.980530999911505], [-80.19637199992866, 25.98054599985817], [-80.19632099987503, 25.980578999734142], [-80.19631000000437, 25.980601999911404], [-80.19628900008797, 25.980651000238954], [-80.19626800017157, 25.980901999915453], [-80.19622999963842, 25.980959000330333], [-80.19619000035377, 25.980986999858168], [-80.19611599983563, 25.98100199974668], [-80.19582999960535, 25.98100699997828], [-80.19497600001083, 25.981024000118065], [-80.19469099960547, 25.98103000007182], [-80.19464899977268, 25.97959399971764], [-80.19463799990201, 25.979193999937554], [-80.19462299983341, 25.97866300020674], [-80.19462100018359, 25.97856600004098], [-80.19821899993319, 25.978487000046673], [-80.19821399991032, 25.978379000111666], [-80.19818499959798, 25.97778699981254], [-80.19817600027548, 25.977663999729753], [-80.19681600034266, 25.977708000102435], [-80.1966280000217, 25.977699999668804], [-80.19633900031668, 25.97768399960752], [-80.19634400033956, 25.97705899980017], [-80.19632800044604, 25.976273000126962], [-80.19630800035455, 25.975281000361708], [-80.19630099978353, 25.9749519998202], [-80.19652300043971, 25.974948999688294], [-80.19672500010607, 25.974941999649413], [-80.19807499999315, 25.974904999898456], [-80.19807099979519, 25.974807000087097], [-80.1980580002747, 25.974488000044932], [-80.19805300025183, 25.974349000034408], [-80.19804800022897, 25.974209000078485], [-80.19803399998526, 25.973792999964555], [-80.1980299997873, 25.973653999940176], [-80.19802899996239, 25.973461999723483], [-80.19802899996239, 25.973111000321527], [-80.19802899996239, 25.973054999931193], [-80.19802899996239, 25.97303299968404], [-80.19442199999196, 25.973169000265028], [-80.1910109998401, 25.973220999828047], [-80.19083900031097, 25.973227999969367], [-80.19084799963348, 25.973328999654612], [-80.19084799963348, 25.973339999750987], [-80.19085100000653, 25.973376000206166], [-80.19085199983145, 25.973388000086242], [-80.19085299965636, 25.97344999985095], [-80.19089500038747, 25.97508700002364], [-80.19090899973286, 25.975634000093418], [-80.19091799995368, 25.975982999701632], [-80.190947000266, 25.977030000387415], [-80.19095700031176, 25.9773789998904], [-80.19096200033462, 25.977673999669058], [-80.19097400003017, 25.978306999830714], [-80.19097999987797, 25.978559000217412], [-80.19098599972575, 25.978855000007496], [-80.19101400021314, 25.979690000108413], [-80.19104400035037, 25.980598999923654], [-80.1910660000917, 25.98121500037959], [-80.19107000028966, 25.981465999659587], [-80.19108399963504, 25.982198000309964], [-80.19110100025179, 25.98303399979344], [-80.19106299971864, 25.98303399979344], [-80.19094899991582, 25.983036999719065], [-80.1909120001059, 25.983038000232604], [-80.19091399975572, 25.983118999809818], [-80.1906230004009, 25.983124999656628], [-80.1906300000736, 25.98334599972329], [-80.19063199972341, 25.983401000354938], [-80.19062000002785, 25.983401000354938], [-80.19063900029442, 25.983542000373827], [-80.19016999976606, 25.983546999689874], [-80.1898559999467, 25.98354999960242], [-80.18959800020383, 25.983554999725616], [-80.18960499987654, 25.983716000026586], [-80.18961400009738, 25.983885999819137], [-80.18955899984577, 25.983896999735492], [-80.18581899980595, 25.983952000109376], [-80.183041000214, 25.984005999952217], [-80.17908699991393, 25.984106000373284], [-80.17813000038724, 25.98413900005752], [-80.17644200039138, 25.984173000236353], [-80.1761279996737, 25.9841780003331], [-80.17582399990008, 25.984006999650003], [-80.1752339998962, 25.98399099963947], [-80.1749529996888, 25.983973999928704], [-80.17490599983316, 25.983971999725078], [-80.17487499987101, 25.983970000328917], [-80.17487200039628, 25.983887000325446], [-80.17479600022828, 25.981447000144634], [-80.17471599986234, 25.97884399961941], [-80.17463399984658, 25.97617199973976], [-80.17456000022673, 25.973782999695224], [-80.17455900040183, 25.973683000185396], [-80.17455600002879, 25.973599000402245], [-80.17452699971646, 25.97360000018853], [-80.17448200040894, 25.973600999974774], [-80.17446499979218, 25.973600999974774], [-80.17446499979218, 25.973569000349787], [-80.17442999963208, 25.973569000349787], [-80.17440799989076, 25.973569000349787], [-80.17439199999725, 25.973569000349787], [-80.17434500014157, 25.973569000349787], [-80.17433000007296, 25.973569000349787], [-80.17428400004222, 25.973569000349787], [-80.17414900032301, 25.973569000349787], [-80.17410400011717, 25.973569000349787], [-80.174029999599, 25.973569000349787], [-80.17396799967472, 25.973569000349787], [-80.17386999976544, 25.973570000136313], [-80.17317099998161, 25.973577000256856], [-80.1729380003531, 25.973579999616167], [-80.17164500036743, 25.973578999829744], [-80.16776600041044, 25.973578999829744], [-80.16647400024969, 25.973578999829744], [-80.16632299973864, 25.973619000163783], [-80.16622700037748, 25.973646000038347], [-80.16598100033019, 25.973713000208797], [-80.16594100014721, 25.973724000269296], [-80.16591000018508, 25.973732999950947], [-80.16572400041224, 25.973782999695224], [-80.16584300023791, 25.975011000245225], [-80.16590299961406, 25.97561699998193], [-80.1659610002387, 25.97648199978121], [-80.16597700013223, 25.97699899983772], [-80.16597700013223, 25.97761499977255], [-80.16596200006362, 25.97813199969308], [-80.16593000027656, 25.978705999655226], [-80.16591299965981, 25.979029000136574], [-80.16583099964403, 25.97972799970308], [-80.16578299996347, 25.97992999993488], [-80.16565200044222, 25.98033700015943], [-80.16550000010625, 25.980813000204073], [-80.16539499962595, 25.9813370002574], [-80.16531900035628, 25.98194599964735], [-80.16519499960941, 25.98290600020386], [-80.16508699965438, 25.984295999969966], [-80.16509800042336, 25.984675999857057], [-80.16511199976873, 25.984813000390595], [-80.16513199986021, 25.985084999986455], [-80.16513199986021, 25.985247999988957], [-80.16513100003532, 25.985410000079558], [-80.16514500027901, 25.985928999808603], [-80.16518000043912, 25.98626499968548], [-80.16535399961805, 25.987321000313163], [-80.16550500012913, 25.98828000011015], [-80.16552900041856, 25.988430999760926], [-80.16566699961251, 25.989265000021735], [-80.16567500000845, 25.98954899965828], [-80.1657000001228, 25.99040500029098], [-80.16570900034363, 25.99069000004354], [-80.16557999957388, 25.99179300012847], [-80.16554500031211, 25.99210199972342], [-80.16552799969534, 25.992432000345648], [-80.16555500035784, 25.993661999932485], [-80.16553500026635, 25.994397999776492], [-80.16548500003763, 25.99512199977227], [-80.16547400016697, 25.995292000023454], [-80.16547900018985, 25.99563599979828], [-80.16549300043356, 25.99593400018801], [-80.16549400025848, 25.995966000184918], [-80.16550699977894, 25.996233000223135], [-80.16553799974108, 25.996231999821912], [-80.16562999980259, 25.99623100022814], [-80.16566199958964, 25.99623100022814], [-80.16570199977262, 25.996229999826916], [-80.1658209995983, 25.99622799983183], [-80.16586199960618, 25.99622799983183], [-80.16613600014088, 25.996217000262142], [-80.16627300040824, 25.99621399986548], [-80.16630099999732, 25.996213000271553], [-80.16641099960218, 25.996209999874786], [-80.16654799986952, 25.99621100027619], [-80.16696299997123, 25.996217000262142], [-80.1671010000635, 25.996219000257366], [-80.16713299985055, 25.996219000257366], [-80.16723199958473, 25.996219000257366], [-80.16726500009501, 25.99621999985129], [-80.16750899959418, 25.996221000252564], [-80.16756700021882, 25.99621399986548], [-80.16783500000741, 25.996185000333565], [-80.16838099963037, 25.99610600006895], [-80.16846600001918, 25.99610200007457], [-80.16876899996788, 25.996090999685645], [-80.16925400038978, 25.996072000112438], [-80.17070800003393, 25.996016000162637], [-80.17119400028074, 25.995998000173113], [-80.17160600000938, 25.99598400017934], [-80.17227600037918, 25.995962000185767], [-80.17284299991854, 25.995944000187986], [-80.17325600037042, 25.995932000187928], [-80.17364800000757, 25.995918000186283], [-80.17482399981739, 25.995878000172432], [-80.17521700017777, 25.995866000165655], [-80.17540100030078, 25.995862000163108], [-80.17595500031966, 25.99584899975017], [-80.1761400002676, 25.99584600015156], [-80.17621700026048, 25.995844000149983], [-80.1762819996595, 25.995840999743802], [-80.1767110000049, 25.99582499972943], [-80.17685400012002, 25.995820000128184], [-80.17706099980926, 25.99581299971719], [-80.17816800002208, 25.995776000075494], [-80.18092999972052, 25.995685999916443], [-80.18210999972827, 25.995659000259007], [-80.18342500035355, 25.995631000189], [-80.18341100010986, 25.99546499963709], [-80.18340799973681, 25.99542900029386], [-80.18335699968318, 25.99482300013966], [-80.18333999996474, 25.9946220000778], [-80.18333499994186, 25.994436999877674], [-80.18331999987326, 25.99388300037324], [-80.1833159996753, 25.993699000239857], [-80.18330499980465, 25.993516999859573], [-80.18327200019267, 25.99297199987874], [-80.18326200014694, 25.99279099961045], [-80.18326899981963, 25.992603000076013], [-80.18328899991111, 25.992042000171388], [-80.18329700030704, 25.991854999877173], [-80.18329099956094, 25.991670999798128], [-80.18327300001759, 25.991119000254795], [-80.18326799999471, 25.990936000277152], [-80.18326200014694, 25.990752000374144], [-80.18324399970528, 25.990199999744117], [-80.18323899968242, 25.990016999950374], [-80.18323000035988, 25.989833999871713], [-80.18320600007044, 25.98928500034842], [-80.18319900039775, 25.989101999937443], [-80.18318900035202, 25.98891400015393], [-80.18316199968952, 25.988349999806584], [-80.183153000367, 25.98816300009763], [-80.18301000025185, 25.988156999700468], [-80.1827800000981, 25.98816300009763], [-80.1816610001897, 25.98819299965644], [-80.1812879999208, 25.988203999977248], [-80.18121199975282, 25.988203000315174], [-80.18116200042242, 25.988187000068272], [-80.18113499975993, 25.98816300009763], [-80.18112100041455, 25.988124000336743], [-80.18111499966842, 25.988105000282903], [-80.18109799995, 25.987509000222254], [-80.18109299992713, 25.987304000276477], [-80.18108700007934, 25.98712199968233], [-80.18107100018582, 25.986577999598314], [-80.18106600016294, 25.986396999979963], [-80.181061999965, 25.986210000393804], [-80.18105000026942, 25.985651000025573], [-80.18104699989638, 25.98546499974555], [-80.18104400042164, 25.98528999976469], [-80.18103699985065, 25.98476499987405], [-80.18103600002573, 25.984680000240342], [-80.18103500020081, 25.98459100015896], [-80.18144000025677, 25.98458100000043], [-80.18265700007446, 25.984551000327258], [-80.18306299995531, 25.984541999858575], [-80.18346899983617, 25.984533000196684], [-80.18468800020199, 25.984504999898377], [-80.18509499990778, 25.98449699992725], [-80.1854990001388, 25.984485000373343], [-80.18671299958343, 25.984449000089228], [-80.1871179996394, 25.984438000224525], [-80.18752299969535, 25.984428999747177], [-80.18874100023628, 25.9844029996204], [-80.18914700011713, 25.984394999642365], [-80.18954700015023, 25.98438399977261], [-80.19074600042455, 25.984354000049148], [-80.19114700028254, 25.98434399987049], [-80.19114800010745, 25.98442200027264], [-80.19115300013033, 25.98465700005336], [-80.19115499978014, 25.984735999939428], [-80.19115700032827, 25.984829000289224], [-80.19116300017606, 25.98510899977807], [-80.19116499982589, 25.98520300032789], [-80.19116900002385, 25.985387000035434], [-80.19118099971942, 25.985938999852458], [-80.19118499991738, 25.986123999702684], [-80.1911869995672, 25.986191000030598], [-80.19119300031329, 25.986392999655113], [-80.19119499996312, 25.986461000314073], [-80.19119800033617, 25.986574999763054], [-80.19120699965868, 25.98691999969563], [-80.19121099985664, 25.98703499998647], [-80.19121500005461, 25.987221999875086], [-80.19122799957508, 25.987783000178364], [-80.19123299959796, 25.98797100015599], [-80.19160300039212, 25.987961999949132], [-80.19271300007969, 25.98793399966015], [-80.19308299997553, 25.987925999922425], [-80.193243999634, 25.9879209999851], [-80.19372700040608, 25.987906000171943], [-80.1938889998895, 25.987901999898448], [-80.19408999973093, 25.987894999823272], [-80.1946930001536, 25.98787599973241], [-80.19489499981998, 25.987870999792975], [-80.19525700021822, 25.987865999853348], [-80.19529900005101, 25.987865999853348], [-80.19570300028204, 25.987862000386], [-80.19620500042238, 25.98784499962009], [-80.19634500016447, 25.98783999967932], [-80.19670800038763, 25.98782799965918], [-80.19706800023775, 25.987817000110688], [-80.198148999613, 25.98778699964841], [-80.19851000018633, 25.98777800023497]]]}}, {"type": "Feature", "properties": {"name": "Pembroke Pines", "geoid": "1255775", "county": "broward"}, "geometry": {"type": "MultiPolygon", "coordinates": [[[[-80.4415520003536, 26.029533000081507], [-80.4415520003536, 26.02948199972802], [-80.44133200024558, 26.022258999909774], [-80.4408629997172, 26.00772899994004], [-80.44068100014232, 26.000449999967273], [-80.44065699985288, 25.999580000279256], [-80.44053300000432, 25.995237000111604], [-80.44047399955478, 25.99317699962733], [-80.4392709999808, 25.99317600000757], [-80.43281100007535, 25.99318000010154], [-80.43242399956273, 25.99318000010154], [-80.43242600011088, 25.993226000365045], [-80.43192700034358, 25.993229000030553], [-80.43040099983112, 25.993226999984426], [-80.42582300009028, 25.993222999892033], [-80.42457500031047, 25.99322200027264], [-80.4242969995778, 25.99322200027264], [-80.4238749998034, 25.993220999845782], [-80.42261100013006, 25.993220000226387], [-80.42237099993055, 25.993220000226387], [-80.4221910000055, 25.99323999987999], [-80.42053499979666, 25.993184999815092], [-80.41640300011967, 25.993186000242243], [-80.41206600040329, 25.99318800028907], [-80.40830399972384, 25.99318899990877], [-80.40825799969309, 25.99318899990877], [-80.40815800013397, 25.99319399962194], [-80.40815700030906, 25.993141000390597], [-80.40722599982332, 25.993156000343063], [-80.40673799992669, 25.99309900019053], [-80.4062879996649, 25.993105999955766], [-80.40608900037158, 25.99308000013356], [-80.40586000004274, 25.99309900019053], [-80.40544099974308, 25.993158000390398], [-80.40507500004517, 25.993173000340715], [-80.40445699955389, 25.99315200024827], [-80.4040139998631, 25.99316199967754], [-80.39465300034205, 25.993182000148465], [-80.39229499997636, 25.99318699986193], [-80.39174699980526, 25.993184000195356], [-80.39065499966107, 25.99317699962733], [-80.38760900028048, 25.993159000010365], [-80.38737999995163, 25.993161000057647], [-80.38628899963233, 25.9931739999605], [-80.38427699977134, 25.99317699962733], [-80.37943700008971, 25.993186000242243], [-80.37863600019863, 25.99317800005456], [-80.37824399966317, 25.99314899977335], [-80.37791700032332, 25.99312599962877], [-80.37751200026737, 25.993108999624326], [-80.37623400035032, 25.99308299980274], [-80.37620599986292, 25.99308299980274], [-80.37610399975567, 25.99308099975415], [-80.37600199964842, 25.993078999705503], [-80.37576499982195, 25.993073000366756], [-80.37254299981599, 25.993074999608087], [-80.36903700012789, 25.993065000171374], [-80.36469600021354, 25.99308000013356], [-80.3637920003903, 25.993084000230773], [-80.36192500029428, 25.99308000013356], [-80.36176200008767, 25.99308000013356], [-80.36156000042129, 25.99308200018218], [-80.36046800027707, 25.993088000327884], [-80.36010400022901, 25.993090999996916], [-80.35997500035758, 25.993090999996916], [-80.35958899966987, 25.99309300004537], [-80.35946099962337, 25.993095000093785], [-80.35812300033018, 25.993101999859267], [-80.3579900002608, 25.99310300028713], [-80.35790099967402, 25.99310300028713], [-80.35209000022199, 25.9931129997206], [-80.35137299999649, 25.993133000199837], [-80.34886900004093, 25.993118999864716], [-80.3471989995884, 25.99319399962194], [-80.34554800030075, 25.99319399962194], [-80.34422900037582, 25.993193000002307], [-80.34407100019209, 25.99319399962194], [-80.34399800039714, 25.993195000049017], [-80.34134799995338, 25.99319399962194], [-80.3406369995757, 25.99319399962194], [-80.33766599963988, 25.993199999761934], [-80.33639899959348, 25.993231000076666], [-80.33616699978991, 25.993233999742046], [-80.33589399997842, 25.993233999742046], [-80.33455499996201, 25.99323300012273], [-80.33379000005594, 25.99323300012273], [-80.33258699958364, 25.99325000010922], [-80.33209399966414, 25.99324600001763], [-80.33051399962329, 25.993248000063463], [-80.32971899958001, 25.99325000010922], [-80.32810799957703, 25.993256999865476], [-80.32728499994464, 25.99324699963683], [-80.32696799975223, 25.993243999971796], [-80.32539500028241, 25.993254000200682], [-80.324817999799, 25.99325200015499], [-80.32399599999152, 25.99325000010922], [-80.32291499971797, 25.993252999774114], [-80.31967400034374, 25.993263999621316], [-80.31859399989511, 25.993267999712295], [-80.318566000306, 25.993267999712295], [-80.31848400029024, 25.993267999712295], [-80.31845699962774, 25.993267999712295], [-80.31797499957891, 25.993265999666804], [-80.31652900033068, 25.993265999666804], [-80.31604800010673, 25.99326700009327], [-80.31590099979364, 25.99326700009327], [-80.31523200014705, 25.99326999975772], [-80.3130889998665, 25.993279000365508], [-80.3127859999178, 25.993288999784003], [-80.31261100001561, 25.993294999919137], [-80.31197099978301, 25.99330100005398], [-80.31195099969155, 25.99330100005398], [-80.31189399979013, 25.99330100005398], [-80.31187500042186, 25.99330199967271], [-80.3118219998201, 25.99330199967271], [-80.31166500035958, 25.99330300009887], [-80.31161299958274, 25.993303999717565], [-80.31141099991636, 25.99330300009887], [-80.3088500000594, 25.99328400007485], [-80.30793299981737, 25.99328699973887], [-80.30772500030322, 25.993286000120037], [-80.30656799986167, 25.993284999693735], [-80.30497600012527, 25.993282000029655], [-80.30401299985247, 25.993282000029655], [-80.30193300021946, 25.993282000029655], [-80.30112300010755, 25.993282999648525], [-80.30016099965967, 25.99328400007485], [-80.29992899985608, 25.99328400007485], [-80.29923199972208, 25.99328699973887], [-80.29900099974338, 25.99328800016516], [-80.29837700030265, 25.993290000210266], [-80.29650400035882, 25.993296999964105], [-80.29588099984467, 25.993299999627794], [-80.29471799955535, 25.993311000278045], [-80.29368300021088, 25.993335000004876], [-80.29351199960831, 25.993339000093403], [-80.29183299983329, 25.99338900038158], [-80.2916649996038, 25.993394999704172], [-80.29033300015838, 25.99344200030851], [-80.28834600041178, 25.99349599982861], [-80.28709100006093, 25.993533000188226], [-80.28558399981502, 25.993577999889762], [-80.28497399971965, 25.993600000329707], [-80.28489400025204, 25.99359699986625], [-80.28442300007383, 25.993613000184], [-80.2841309999958, 25.993623000381525], [-80.28301000043757, 25.99365500020036], [-80.28253900025938, 25.993668999664187], [-80.28250300027436, 25.993668999664187], [-80.28239500031934, 25.993672000125798], [-80.28236000015924, 25.99367400016438], [-80.28222500044002, 25.993678000241417], [-80.28182100020898, 25.993689000048796], [-80.28168700031466, 25.99369399974072], [-80.28154599984937, 25.99369799981706], [-80.28119799969481, 25.99370800000733], [-80.2811259997248, 25.993710999660525], [-80.28098699980762, 25.993718000196743], [-80.28083199999693, 25.99372600034767], [-80.2807039999504, 25.99372999961547], [-80.27985600020367, 25.993758999753293], [-80.27957400017137, 25.993770000360556], [-80.27951700026996, 25.99377200039747], [-80.27948999960745, 25.99377300001217], [-80.27934800021555, 25.99377300001217], [-80.27929200013905, 25.99377399962688], [-80.27916099971948, 25.99377700008582], [-80.27911100038908, 25.99377799970051], [-80.27856800024087, 25.993793000379092], [-80.27838800031581, 25.993798000066565], [-80.27825299969828, 25.993800000102997], [-80.27785000019047, 25.99380800024832], [-80.27771600029617, 25.993810999898965], [-80.27758099967863, 25.993814000356988], [-80.2771780001708, 25.99382500015167], [-80.27704400027652, 25.993829000223517], [-80.27691000038222, 25.99383300029527], [-80.2765089996259, 25.99384800015942], [-80.27637599955654, 25.99385299984454], [-80.27624400021037, 25.993854999880043], [-80.27585199967487, 25.993863000021648], [-80.27572100015362, 25.993865999670856], [-80.27558300006137, 25.993869999741353], [-80.27516899978458, 25.99388499960077], [-80.27503200041554, 25.993890000091778], [-80.27489699979803, 25.993892999740325], [-80.2744940002902, 25.99390600036964], [-80.27436000039592, 25.993909999631338], [-80.27422200030364, 25.993913999700332], [-80.27380999967669, 25.993929999974927], [-80.27367300030765, 25.9939349996566], [-80.27354199988807, 25.99393699969068], [-80.27315199990073, 25.993946999860597], [-80.27302200020439, 25.993950999928334], [-80.27300899978562, 25.993950999928334], [-80.27297199997568, 25.99395200034896], [-80.27296000028012, 25.99395299996217], [-80.27283800008138, 25.993955999609103], [-80.27247599968314, 25.993965000164334], [-80.27235500020763, 25.99396799981095], [-80.27222100031332, 25.993971000264978], [-80.27182299993007, 25.993980999624583], [-80.27168999986066, 25.993984999691122], [-80.2713540003, 25.993996999890044], [-80.27034499999645, 25.99403400009194], [-80.27001000026071, 25.994046999898217], [-80.26945700006677, 25.994061999735013], [-80.267800000033, 25.994109000072566], [-80.26724799966397, 25.994125999932333], [-80.26644299957493, 25.99414899988122], [-80.26580999991336, 25.99416700015399], [-80.26516499965788, 25.9941860000352], [-80.26392899957362, 25.994227999846746], [-80.26339800001928, 25.994283000230922], [-80.26322800013997, 25.994291999953663], [-80.26100600021671, 25.994285999869433], [-80.2601810000362, 25.994285999869433], [-80.26014400022626, 25.994285999869433], [-80.25770899986769, 25.99435699963547], [-80.25699300036541, 25.99437899992953], [-80.25693200026605, 25.994380999956075], [-80.2568860002353, 25.99438200037305], [-80.2568650003189, 25.99438200037305], [-80.25633399986626, 25.994391000088225], [-80.25621199966751, 25.99439399972397], [-80.2556760000903, 25.99441699962039], [-80.25468000020557, 25.99446700025726], [-80.25412899966142, 25.994494999797208], [-80.25401499985863, 25.994500999870752], [-80.25367500009999, 25.994517999673818], [-80.25356200012207, 25.994525000161943], [-80.25271900039822, 25.994570000291038], [-80.2501910001532, 25.994704999767414], [-80.24934900025423, 25.994751000241397], [-80.2491569997353, 25.99475599988811], [-80.24858400034817, 25.994772999654277], [-80.24839299965416, 25.994780000127214], [-80.24823100017075, 25.994784000166593], [-80.24774400009903, 25.994798999909335], [-80.24758300044056, 25.994804000361437], [-80.24753900005962, 25.994804000361437], [-80.24746399971657, 25.99480499996737], [-80.24740900036329, 25.99480499996737], [-80.24736599980729, 25.994802000342105], [-80.24731999977652, 25.994806000380734], [-80.24727299992085, 25.994806000380734], [-80.24720199977574, 25.994806000380734], [-80.24716099976784, 25.994806999986665], [-80.24635599967883, 25.99481700008254], [-80.24540099980196, 25.994829999802207], [-80.24394299995986, 25.994819999707428], [-80.24313899969573, 25.99481599966927], [-80.24219200021479, 25.99482700017758], [-80.23935400034837, 25.994860999686903], [-80.23840899961894, 25.99487299979636], [-80.23764700008593, 25.994882999886613], [-80.23536099969024, 25.99491599977476], [-80.23459999998214, 25.99492700027371], [-80.23402099984891, 25.994939000376423], [-80.23393499963518, 25.994941000393403], [-80.23374999968726, 25.994946000032062], [-80.2329010001156, 25.99496600019931], [-80.23208799963065, 25.99496600019931], [-80.23194000039098, 25.99496499978731], [-80.23127500004402, 25.99496499978731], [-80.23103099964653, 25.99496600019931], [-80.2303019997255, 25.99497299985333], [-80.23005999987615, 25.99497600028169], [-80.229956999944, 25.994978000298044], [-80.2296480001475, 25.994988000379365], [-80.22954600004026, 25.994990999999885], [-80.22946599967432, 25.994993000016013], [-80.22922600037313, 25.994999999668405], [-80.22914699983208, 25.995003000096062], [-80.22906599964124, 25.99500399970029], [-80.22882399979189, 25.99500799973205], [-80.22874400032427, 25.995009999747882], [-80.22864300004193, 25.995013999779438], [-80.22834099991813, 25.995029999904254], [-80.22824100035902, 25.99503599995051], [-80.22802999957354, 25.995041000392515], [-80.22740100010988, 25.99505699970625], [-80.22719100004761, 25.99506299975111], [-80.22718799967456, 25.994921999826822], [-80.22718699984964, 25.994864999723518], [-80.22717500015408, 25.99427100006121], [-80.22717199978105, 25.994073999926073], [-80.22716599993325, 25.99386799970613], [-80.2271480003899, 25.993250999728396], [-80.2271419996438, 25.993046000108873], [-80.22714400019194, 25.992939999873894], [-80.22715000003973, 25.992624000266563], [-80.22715300041278, 25.992519000083746], [-80.22714599984177, 25.99237400021532], [-80.22612300019286, 25.99367400016438], [-80.22533200034752, 25.994685000363155], [-80.2250929999729, 25.994988999983747], [-80.22497699962196, 25.99513700027931], [-80.22477699960541, 25.995147000347107], [-80.22462400034284, 25.995153999990354], [-80.22447100018198, 25.995160999633153], [-80.22444199986967, 25.995160999633153], [-80.2243530001812, 25.9951640000567], [-80.22423500018041, 25.995168000083012], [-80.22402299956998, 25.995172999711965], [-80.22381199968281, 25.99517699973797], [-80.22351100028226, 25.995182999776695], [-80.22341500002277, 25.995184000186853], [-80.22320999998337, 25.995188999815152], [-80.22320499996049, 25.99504899964594], [-80.22320499996049, 25.995027999888777], [-80.22318999989186, 25.994548000032726], [-80.22318599969391, 25.994387999644957], [-80.22279700042981, 25.99440300024567], [-80.22162999994251, 25.99444799961405], [-80.221241999605, 25.994463999815913], [-80.22085300034088, 25.99447399994101], [-80.21968900022665, 25.99450800035991], [-80.21930099988913, 25.994519999697957], [-80.21930599991201, 25.994681000320405], [-80.21932299963045, 25.995166000069865], [-80.21932900037655, 25.99532800021606], [-80.21952699984493, 25.995320000174235], [-80.2201229996966, 25.995296000045393], [-80.22032199988823, 25.995288999603204], [-80.22032100006332, 25.995423999868347], [-80.22032100006332, 25.995836999740405], [-80.2203260000862, 25.99596400018538], [-80.2203329997589, 25.99611000006319], [-80.22035399967528, 25.996548999813992], [-80.2203610002463, 25.996696000169575], [-80.22036600026915, 25.996839999960557], [-80.22038100033778, 25.997271999889392], [-80.22038700018555, 25.997417000172934], [-80.22038600036066, 25.9975160000967], [-80.22038399981253, 25.99781300017482], [-80.22038399981253, 25.99791300015179], [-80.22039100038354, 25.99811400023555], [-80.22039499968318, 25.998213999956334], [-80.22040599955382, 25.998514999797123], [-80.22041399994976, 25.99871599965833], [-80.22042099962243, 25.99891800036143], [-80.22042800019345, 25.999157999682097], [-80.22006800034335, 25.999515999823192], [-80.21899100026774, 26.000579999747846], [-80.21887499991678, 26.000681000155012], [-80.21866300020467, 26.00086499985022], [-80.21782200013062, 26.001737999965776], [-80.21743799999108, 26.002142000320326], [-80.2170179998665, 26.002626999949864], [-80.21698699990436, 26.002663000316982], [-80.21671400009289, 26.002997999638087], [-80.21652999996988, 26.003240999721434], [-80.21633900017416, 26.003515000132772], [-80.21590200033116, 26.004108000357743], [-80.21562699997155, 26.004537000018306], [-80.21535900018294, 26.004970000226525], [-80.21525100022791, 26.005148999650473], [-80.2150529998612, 26.00549799962367], [-80.21616500009691, 26.005981000098874], [-80.21622399964814, 26.006005999977475], [-80.21650800022856, 26.006849000196016], [-80.21633699962604, 26.007110999790832], [-80.2159969998674, 26.007629000246187], [-80.21597900032404, 26.007658999678856], [-80.21590999982877, 26.00767100009567], [-80.21450700023824, 26.00795100005403], [-80.21431700026746, 26.008440000297675], [-80.21358699962316, 26.008792999741264], [-80.21335200034486, 26.009648000351646], [-80.21329799991817, 26.009868999782018], [-80.21325400043554, 26.010050999855434], [-80.21345399955378, 26.010046000052352], [-80.21353700029276, 26.010044000292552], [-80.2136529997454, 26.010041999725363], [-80.21376700044654, 26.01003899968183], [-80.21411200022803, 26.01003099983454], [-80.21422699985577, 26.010029000074447], [-80.21451599956077, 26.010024999746886], [-80.21538599994712, 26.010012000094125], [-80.21567600037535, 26.010009000049827], [-80.2159469996387, 26.0100019996771], [-80.21676199977347, 26.009981999647863], [-80.21703399976005, 26.009976000365043], [-80.2174899998696, 26.009965999944953], [-80.21885900002327, 26.009936999771487], [-80.21931599995776, 26.009927999632676], [-80.2194740001415, 26.00992400010898], [-80.21995000034256, 26.009913999684464], [-80.22010900035121, 26.009910999637686], [-80.22035100020057, 26.009904000066435], [-80.22107799957347, 26.009882999735563], [-80.22132100014603, 26.009876999640337], [-80.2215010000711, 26.009873000114936], [-80.22204099984626, 26.009859999637992], [-80.22222199959623, 26.009857000397165], [-80.222423000336, 26.0098530000637], [-80.22302699968526, 26.009840999869894], [-80.22322900024993, 26.009837999821233], [-80.22340800035009, 26.00983400029447], [-80.2239459995771, 26.00982399986232], [-80.22412600040047, 26.00982200009869], [-80.22484299972766, 26.009803999802767], [-80.22699500022904, 26.009749999705686], [-80.22771300027942, 26.009732999684932], [-80.22773599984565, 26.00973099991979], [-80.22780600016584, 26.009727999868353], [-80.22782999955697, 26.009727999868353], [-80.22811599978725, 26.009719999999845], [-80.22897699995278, 26.009698000156888], [-80.22926400000794, 26.009690999765617], [-80.22930500001583, 26.009690000286334], [-80.22942800003948, 26.009687000233853], [-80.22946999987226, 26.009687000233853], [-80.22991099991323, 26.00967800007586], [-80.23123700040918, 26.009650999597792], [-80.23167900027505, 26.009642999724065], [-80.23168099992488, 26.009667999630416], [-80.23168699977266, 26.009743000124868], [-80.2316900001457, 26.009769000295854], [-80.23169500016859, 26.009834999772522], [-80.23171299971193, 26.01003500016191], [-80.2317189995597, 26.010101999772164], [-80.23172500030583, 26.010238000249174], [-80.23174299984916, 26.01064899995576], [-80.23175000042018, 26.0107860000765], [-80.23175899974268, 26.010909000207796], [-80.2317870002301, 26.011280999840512], [-80.23179700027583, 26.011404999725244], [-80.23196100030736, 26.0114010002519], [-80.23245300040196, 26.01139099995317], [-80.2326180002584, 26.011387999944137], [-80.2327730000691, 26.01138300019799], [-80.23323800039951, 26.011368999615947], [-80.23339400003512, 26.011365000141332], [-80.23354600037109, 26.011362000131637], [-80.23400099975744, 26.01135400037446], [-80.2341539999183, 26.0113519998296], [-80.23432399979762, 26.011347000081923], [-80.2348359999837, 26.011332000030315], [-80.23500699968793, 26.011327999747127], [-80.23516099967371, 26.011324000271127], [-80.23562299963108, 26.011315000238625], [-80.23577800034008, 26.0113129996931], [-80.23629600037395, 26.01129100014858], [-80.23781399959218, 26.01125099971849], [-80.23980200006203, 26.01120200004093], [-80.23980399971187, 26.011229000162345], [-80.23980700008491, 26.011303000194214], [-80.23981899978048, 26.01152600028087], [-80.23982299997843, 26.01160100039588], [-80.23982600035147, 26.01166300018564], [-80.239834999674, 26.01184999962674], [-80.23983899987196, 26.011913000360032], [-80.239842000245, 26.01199400021519], [-80.23985099956751, 26.012240000239967], [-80.23985399994058, 26.01232200013369], [-80.23985999978835, 26.012466000143203], [-80.23987800023002, 26.012899999630637], [-80.23988400007781, 26.013044999996556], [-80.23988999992558, 26.013188999926644], [-80.23990800036724, 26.013624000223786], [-80.23991400021502, 26.013768999695536], [-80.23992000006282, 26.01391399979552], [-80.23994099997921, 26.014351999761665], [-80.2399479996519, 26.014498000194557], [-80.23995299967478, 26.014641999957057], [-80.23996799974339, 26.015076999714218], [-80.23997299976625, 26.0152219998133], [-80.23997799978913, 26.015367999971502], [-80.23999399968265, 26.015806000163916], [-80.24000000042875, 26.015952000403086], [-80.24000700010144, 26.0161010003494], [-80.24002800001784, 26.016549000088983], [-80.24003600041377, 26.016699000311693], [-80.2402360004303, 26.016689999883937], [-80.24083899995468, 26.016666000085387], [-80.24103999979613, 26.01665900010958], [-80.24107699960604, 26.016656999655112], [-80.24118999958394, 26.016653000360645], [-80.24122800011709, 26.016653000360645], [-80.2414749999893, 26.016643999929364], [-80.2419689997337, 26.016627000099543], [-80.24221499978101, 26.016618999893844], [-80.24246300037645, 26.0166109996876], [-80.24249500016349, 26.01661000026727], [-80.24252500030072, 26.017498999876842], [-80.242475000072, 26.01750100031695], [-80.24219499968952, 26.01750899965525], [-80.24201999978735, 26.01751500016771], [-80.2413560001636, 26.01753599994074], [-80.24107699960604, 26.017545000303624], [-80.24108400017705, 26.017681999642804], [-80.24110599991835, 26.01809599976778], [-80.24111400031425, 26.018234000292228], [-80.24111699978901, 26.018370000229154], [-80.24112799965967, 26.018781999931086], [-80.24113199985763, 26.01891900024832], [-80.24113699988048, 26.019055999598365], [-80.24115500032215, 26.019466999918173], [-80.24116199999486, 26.019604999638002], [-80.24116799984263, 26.01974199980187], [-80.2411870001092, 26.020153000141296], [-80.2411939997819, 26.0202909998618], [-80.2409899995674, 26.020296000035835], [-80.24038000037034, 26.02031199994543], [-80.24017699998076, 26.020318000314614], [-80.24018399965345, 26.02048600003259], [-80.2401860002016, 26.02052100038086], [-80.24019600024734, 26.02072400009596], [-80.24020600029307, 26.0209419999001], [-80.2402079999429, 26.020990000165472], [-80.24021600033883, 26.021158999917688], [-80.2402210003617, 26.02129700006983], [-80.2402360004303, 26.021714000105206], [-80.24024099955487, 26.021852999787775], [-80.24024599957774, 26.021990999931116], [-80.24026300019449, 26.02240500019487], [-80.24026900004226, 26.022542999689133], [-80.24027400006514, 26.02267999965249], [-80.24029099978358, 26.02309299973497], [-80.24029699963135, 26.023231000034716], [-80.24030400020237, 26.023389999705053], [-80.24032500011877, 26.023869000176777], [-80.24033299961637, 26.02402899995434], [-80.2403209999208, 26.02402899995434], [-80.24028800030885, 26.02402899995434], [-80.24027700043818, 26.024030000118763], [-80.23956500023557, 26.024046000326543], [-80.23743000035094, 26.024097999977766], [-80.23671899997325, 26.024115999696424], [-80.23656499998745, 26.02411699986011], [-80.23610700022806, 26.024120000351072], [-80.23595400006718, 26.024121999871095], [-80.23580199973121, 26.024125000361945], [-80.23534599962164, 26.024136999902872], [-80.23519500000891, 26.024140999749548], [-80.2350410000231, 26.02414400023991], [-80.23457900006575, 26.02415699994221], [-80.23442599990487, 26.02416199995152], [-80.23414300004767, 26.02416900028708], [-80.23329799977566, 26.02419200000287], [-80.23310000030725, 26.02419800017369], [-80.23301599974334, 26.024199999692378], [-80.23287699982616, 26.024203000181227], [-80.23246000007464, 26.024214999714193], [-80.23232199998239, 26.02421900036546], [-80.23233000037831, 26.02436499982654], [-80.23235700014247, 26.02480499985727], [-80.23236600036331, 26.02495200036028], [-80.2323720002111, 26.02509299974722], [-80.2323920003026, 26.025518999768302], [-80.23239899997529, 26.025661000238873], [-80.23240399999816, 26.025806000178243], [-80.23242200043981, 26.02624300001958], [-80.2324290001125, 26.026389000191283], [-80.23243400013538, 26.02653099960899], [-80.23244900020399, 26.02695700005992], [-80.23245500005179, 26.02709999973574], [-80.23245900024975, 26.02724599964829], [-80.23247199977021, 26.027687000310053], [-80.23247699979309, 26.027833999624168], [-80.23248400036411, 26.027975999714727], [-80.2325060001054, 26.028406000271026], [-80.232513999603, 26.028548999795206], [-80.23251799980098, 26.028693000076988], [-80.23253000039485, 26.0291259999828], [-80.2325339996945, 26.02927099967612], [-80.23255299996107, 26.029710999875245], [-80.23260999986249, 26.031031000257652], [-80.23262300028128, 26.031328999609833], [-80.23262999995396, 26.031471000313346], [-80.23305900029938, 26.031457999807003], [-80.23434999973689, 26.031422000198003], [-80.23477999990719, 26.031410999889243], [-80.23514800015323, 26.031400000386665], [-80.23625500036606, 26.03136899965485], [-80.23662400043702, 26.03135900025026], [-80.23702199992195, 26.031345999731524], [-80.23821799982323, 26.031308999985797], [-80.23861700003141, 26.03129799966645], [-80.23901600023957, 26.03128499994812], [-80.24021200014086, 26.031247000080256], [-80.24061200017395, 26.03123499965213], [-80.24100999965889, 26.031225000236116], [-80.24220599956017, 26.031195999664725], [-80.24260499976835, 26.031187000348826], [-80.24300399997652, 26.031171999603956], [-80.24356800004112, 26.031151999953167], [-80.24420099970271, 26.031127999883406], [-80.24452999959068, 26.031117000354275], [-80.2446009997358, 26.031114000042223], [-80.24539400012927, 26.031091000068887], [-80.24671100040437, 26.03105400024273], [-80.24728299996659, 26.031046000213347], [-80.24777599988609, 26.03107600011894], [-80.24790200028278, 26.031084000146315], [-80.24834099977562, 26.031133000402836], [-80.24856300043177, 26.031177000121517], [-80.24858299962496, 26.03118099972824], [-80.24864299989942, 26.031193000161895], [-80.24866299999088, 26.031196999768046], [-80.2487199998923, 26.031197999871367], [-80.24881600015178, 26.031201000181266], [-80.24889499979449, 26.031203999683903], [-80.24895300041912, 26.031205999890403], [-80.24899199987887, 26.03120699999365], [-80.249022999841, 26.031208000096882], [-80.24906999969667, 26.031210000303307], [-80.24911099970456, 26.031210999599313], [-80.24915099988753, 26.031212999805703], [-80.24922299985757, 26.03121500001205], [-80.25077199993625, 26.031176000018018], [-80.25136299976505, 26.031155000264235], [-80.25284400007169, 26.031102999704583], [-80.25434299992168, 26.03105099992908], [-80.25515399985849, 26.03102900004817], [-80.25654399992852, 26.030986000379073], [-80.25799900029591, 26.030940999676055], [-80.26021199999833, 26.030873999852975], [-80.26044299997703, 26.03086599981129], [-80.2607020004431, 26.030858999875292], [-80.26113599991305, 26.030845000002014], [-80.26136799971665, 26.030838000064758], [-80.26200100027654, 26.030818000356998], [-80.2635539996549, 26.03077100018285], [-80.26389900033473, 26.030759999813046], [-80.26458600042297, 26.030740000092017], [-80.26536700022257, 26.030720000367577], [-80.26582599980688, 26.030708999992992], [-80.26591500039365, 26.030699999832528], [-80.26653999965933, 26.030642000037407], [-80.26711700014272, 26.030542999792036], [-80.26762699978067, 26.030484999919334], [-80.26857199961178, 26.030435000089536], [-80.27004700007063, 26.030392000202724], [-80.27142999956968, 26.030351999824575], [-80.27197100006806, 26.030334000255355], [-80.27359499959152, 26.0302830002501], [-80.27413699991483, 26.030265999974358], [-80.27455100019162, 26.03025300014168], [-80.27461800013877, 26.030249999807545], [-80.27606299956209, 26.03020699985292], [-80.27654499961092, 26.030192999901832], [-80.27656999972528, 26.03019199978995], [-80.27664599989326, 26.03019000037337], [-80.27667199983254, 26.03019000037337], [-80.27745600000517, 26.03016899963587], [-80.27981000017292, 26.030110000272852], [-80.28045899972803, 26.030092999972045], [-80.28044299983449, 26.02993700004051], [-80.28057599990389, 26.0299330003914], [-80.28372500011493, 26.029969999763892], [-80.2851670000635, 26.029982000321468], [-80.28864799963723, 26.029853000115633], [-80.28963500019945, 26.029822999897263], [-80.29185700012272, 26.02975600024289], [-80.29259699991442, 26.029730999771687], [-80.29358500030159, 26.029697999981067], [-80.29389800029602, 26.029687000317857], [-80.29464499976042, 26.029662999948386], [-80.29483800010426, 26.02965900028995], [-80.29515199992363, 26.029653000398383], [-80.29527300029744, 26.02965000004889], [-80.29563700034552, 26.029643000040352], [-80.29575899964594, 26.029640999807196], [-80.29590799960884, 26.02963700014797], [-80.29635500039592, 26.029629000021952], [-80.29650500018374, 26.029626999788565], [-80.29656499955988, 26.02962500036232], [-80.29674700003308, 26.029622000012115], [-80.29680800013244, 26.02962099989537], [-80.29695200007251, 26.02961800035228], [-80.29710900043133, 26.029615000001897], [-80.29738700026567, 26.029615000001897], [-80.29753200003063, 26.029615000001897], [-80.29977200039556, 26.029616000118704], [-80.30374699971371, 26.029619999778603], [-80.30564300012203, 26.029615000001897], [-80.30649300041692, 26.029618999661846], [-80.30688900025206, 26.02962099989537], [-80.30873399970844, 26.02961100034179], [-80.30950700001043, 26.029606999874364], [-80.31069200004106, 26.029602000097082], [-80.31183100004093, 26.029570000387366], [-80.31241500019703, 26.029549000346076], [-80.31260000014497, 26.029542999641727], [-80.31266899974194, 26.029541000214063], [-80.31287700015439, 26.029536999744256], [-80.31294699957627, 26.029535999626788], [-80.31297199969063, 26.029535000316507], [-80.31302699994222, 26.02953400019901], [-80.31304799985863, 26.029531999964], [-80.3130739997979, 26.02953099984648], [-80.31311800017883, 26.029541000214063], [-80.3132510002482, 26.02955799978767], [-80.31329599955575, 26.029564999801323], [-80.3137650000841, 26.029579999944456], [-80.31401600015428, 26.029586999956763], [-80.31617600015325, 26.029654999824146], [-80.31689699967838, 26.029678000078988], [-80.31692400034089, 26.02965100016539], [-80.31695000028014, 26.029641999923776], [-80.3176800000261, 26.029639999690605], [-80.31958800013003, 26.02963700014797], [-80.32006699980582, 26.029639000381188], [-80.32086299967402, 26.029644000156917], [-80.32099599974342, 26.029644000156917], [-80.32248899974562, 26.029645000273455], [-80.32736899961023, 26.02965100016539], [-80.32887099983327, 26.029653000398383], [-80.32899600040507, 26.029653000398383], [-80.32903599968971, 26.029653000398383], [-80.33030799975897, 26.029653000398383], [-80.3341259996166, 26.029653000398383], [-80.33539900040911, 26.029653999707683], [-80.33574500001552, 26.029653999707683], [-80.33678299973305, 26.029653999707683], [-80.33696600003115, 26.029653999707683], [-80.33712900023777, 26.029653999707683], [-80.33713799956028, 26.029961000353953], [-80.3371660000477, 26.03088400010607], [-80.33717600009344, 26.031192000058535], [-80.33718100011632, 26.03135900025026], [-80.33766700036311, 26.03135499984243], [-80.34006400018856, 26.031355999944406], [-80.34001599960968, 26.02965000004889], [-80.34005099976977, 26.02965000004889], [-80.34055899975789, 26.029652000281892], [-80.34153399972624, 26.02965700005706], [-80.34248500030345, 26.029660999715574], [-80.34312700018587, 26.029664000064784], [-80.34352200019607, 26.029665000181158], [-80.34384400041135, 26.029666999606697], [-80.3440240003364, 26.02967900019526], [-80.34415599968258, 26.02971400022317], [-80.34425399959186, 26.02971300010719], [-80.34503600011467, 26.029616000118704], [-80.34509899986388, 26.029617000235497], [-80.3452069998189, 26.029617000235497], [-80.345530999684, 26.029618999661846], [-80.34563899963904, 26.029619999778603], [-80.34650400000254, 26.02961299976827], [-80.3467989995553, 26.02961100034179], [-80.34852099988639, 26.02959999986324], [-80.35028099985229, 26.02959999986324], [-80.35085099976467, 26.02959999986324], [-80.35096100026784, 26.02960099998016], [-80.35144199959346, 26.029590999617692], [-80.35157800003591, 26.029586999956763], [-80.35198700028982, 26.029578999827343], [-80.35212399965884, 26.029576000283146], [-80.35219800017701, 26.029576000283146], [-80.35241999993485, 26.029577999710234], [-80.35249500027794, 26.029578999827343], [-80.35300900011384, 26.02957500016601], [-80.35455200034474, 26.029564999801323], [-80.35506700000558, 26.029562000256767], [-80.35556099974997, 26.029556000360277], [-80.35678199976562, 26.029542000331496], [-80.35704399970642, 26.029540000096635], [-80.35713699959285, 26.029538999979177], [-80.35753900017407, 26.029535000316507], [-80.35785499964327, 26.029531999964], [-80.35880600022047, 26.029527000183514], [-80.3591230004129, 26.029526000065943], [-80.3592449997133, 26.029523999830804], [-80.35961299995934, 26.02952200040284], [-80.35973599998297, 26.02952200040284], [-80.36003700028186, 26.029519000049987], [-80.36094299975493, 26.029514000268943], [-80.36108300039531, 26.029514000268943], [-80.3612449998787, 26.029513000151283], [-80.3612449998787, 26.029547000111332], [-80.36124599970363, 26.02965000004889], [-80.36124700042684, 26.029685000085454], [-80.36125400009955, 26.03046999989191], [-80.36124999990159, 26.030830000020618], [-80.36124800025178, 26.03111299993819], [-80.36123900003093, 26.031432999698534], [-80.36118299995444, 26.031624000327565], [-80.36119999967288, 26.033311999847843], [-80.36122700033538, 26.034260000188908], [-80.36124700042684, 26.034923000265344], [-80.3686429999426, 26.03493100003032], [-80.36933599987864, 26.034932000101797], [-80.36932400018306, 26.034551999768844], [-80.36929300022092, 26.033519999645595], [-80.36928499982501, 26.033245999850458], [-80.36930400009159, 26.033178999729508], [-80.36933699970355, 26.033149999641218], [-80.36943499961284, 26.033123999806463], [-80.36994500014907, 26.03312199963266], [-80.3702620003415, 26.033121000352896], [-80.37098299986664, 26.033114999831252], [-80.3719109999793, 26.033121000352896], [-80.37256700010543, 26.03312599998022], [-80.37426699979686, 26.033092000250253], [-80.37514700022898, 26.033091000163104], [-80.3773669996041, 26.033087999901547], [-80.37736599977919, 26.03306699968285], [-80.3773590001065, 26.032831999900345], [-80.37734300021297, 26.032377999608954], [-80.37737699964984, 26.032111000236732], [-80.37724799977842, 26.029374999974827], [-80.37735800028157, 26.029372999737106], [-80.37768899981938, 26.029371000306558], [-80.37780000014746, 26.029371000306558], [-80.37808700020264, 26.029367999949866], [-80.37872200041237, 26.029363000162384], [-80.37894900019309, 26.029363000162384], [-80.37923700007318, 26.029363000162384], [-80.38043700017242, 26.029360999924457], [-80.38403999994487, 26.02935800037471], [-80.38524099986904, 26.02935700025573], [-80.386455000212, 26.0293550000177], [-80.38926100029136, 26.029352999779622], [-80.39009999981727, 26.029351999660587], [-80.39121700007584, 26.02935100034874], [-80.39131499998514, 26.02935100034874], [-80.39169499992673, 26.02934900011061], [-80.39283800012456, 26.029346999872445], [-80.39321899989106, 26.029346999872445], [-80.39342200028067, 26.02934599975336], [-80.39403200037603, 26.02934599975336], [-80.39423599969221, 26.02934599975336], [-80.39531399959273, 26.029385000355745], [-80.40168599963462, 26.029451000103787], [-80.40183999962042, 26.02946500014341], [-80.40183700014569, 26.029717999879765], [-80.40174599990908, 26.02980199990129], [-80.40174300043435, 26.0299390002686], [-80.40173900023639, 26.030013999918808], [-80.40173400021352, 26.03008800021549], [-80.40172800036574, 26.030162999770393], [-80.40171999996983, 26.0302369999731], [-80.40168999983258, 26.030464000041857], [-80.40167300011416, 26.030532000208087], [-80.40165800004553, 26.030606000177997], [-80.40164200015202, 26.03068000010123], [-80.40162399971035, 26.030752999870725], [-80.40159899959599, 26.030857999769083], [-80.40158299970247, 26.030927999918173], [-80.40157000018199, 26.031000000235533], [-80.4015569997632, 26.03107099959708], [-80.40154599989255, 26.03114199972288], [-80.4015359998468, 26.03121399990887], [-80.4015280003492, 26.03128499994812], [-80.4015209997782, 26.031357000046366], [-80.4015149999304, 26.031429000100403], [-80.40151099973244, 26.031501000110254], [-80.40150900008261, 26.03157300007592], [-80.4015070004328, 26.03164499999739], [-80.4015070004328, 26.03171699987468], [-80.40150900008261, 26.031788999707768], [-80.4015640003342, 26.033676999737636], [-80.40159699994618, 26.034761999935125], [-80.40160100014413, 26.03488099967408], [-80.40161799986257, 26.03542500040259], [-80.4016270000834, 26.035853000163808], [-80.40294699983325, 26.035860999865353], [-80.40354600005794, 26.035857999674647], [-80.40355500027879, 26.036177000151273], [-80.40356500032453, 26.036509999766267], [-80.4035770000201, 26.036940999766916], [-80.40357899966992, 26.037011000321666], [-80.40360999963205, 26.038079000398277], [-80.40362100040103, 26.038454999631035], [-80.4036260004239, 26.03860500010052], [-80.40295299968102, 26.03860900026109], [-80.40061500030512, 26.038596999778996], [-80.40061600013004, 26.038623000014805], [-80.40061799977987, 26.03871000023429], [-80.40062500035089, 26.038973999809354], [-80.4006279998256, 26.0390619998047], [-80.40063500039662, 26.039334999700227], [-80.40063700004644, 26.039422000198595], [-80.40063899969626, 26.03951600005224], [-80.4010649996686, 26.039515000019847], [-80.40166399989333, 26.039519000149372], [-80.40299200003908, 26.039521000214073], [-80.40365300018807, 26.039522000246418], [-80.40378600025747, 26.04409300004428], [-80.40378600025747, 26.044103999970666], [-80.40391599995381, 26.044101999984118], [-80.40579499974538, 26.04410599995716], [-80.40579100044575, 26.047563999844897], [-80.40579700029355, 26.047667000100983], [-80.4058020003164, 26.048817000183135], [-80.4058020003164, 26.048831000332168], [-80.40580599961605, 26.049417000344054], [-80.40580700033928, 26.049559000129086], [-80.40617999970986, 26.04956000007582], [-80.4077949999108, 26.04956199996923], [-80.40779800028386, 26.049380999791474], [-80.40778900006302, 26.04774499959997], [-80.40780699960636, 26.044152999630146], [-80.4087869995976, 26.044171000307], [-80.40982500021346, 26.04417700026298], [-80.40981199979466, 26.04406800020779], [-80.41042199989002, 26.044071000188453], [-80.4118289996785, 26.044080000129966], [-80.41225499965084, 26.044082000116884], [-80.41286700029437, 26.044086000090616], [-80.41326300012949, 26.044082000116884], [-80.41360899973589, 26.044078000143024], [-80.41383800006476, 26.044076000156043], [-80.41383499969169, 26.043977999945128], [-80.41369699959944, 26.03931199972465], [-80.41367599968304, 26.03858199998178], [-80.41366999983525, 26.03835899964959], [-80.41364999974378, 26.037642000253985], [-80.41364899991886, 26.03760099987798], [-80.41360600026117, 26.036151000180354], [-80.41358699999459, 26.035497000381184], [-80.41358500034475, 26.035424000335325], [-80.41358399962154, 26.035401999660234], [-80.41358000032189, 26.03536699971511], [-80.41348800026039, 26.03536699971511], [-80.41341999958999, 26.03536699971511], [-80.41338799980294, 26.03536699971511], [-80.41321999957347, 26.03010200017907], [-80.41322600031957, 26.02983499966265], [-80.41323399981717, 26.02955500024296], [-80.4133269997036, 26.02955500024296], [-80.41352099987235, 26.029554000125646], [-80.41354400033687, 26.029554000125646], [-80.41423999974765, 26.029554000125646], [-80.41743699963926, 26.029551999890963], [-80.41743900018741, 26.029806999670033], [-80.41750100011167, 26.031933000048568], [-80.41756999970865, 26.034264999767643], [-80.41760200039401, 26.03536699971511], [-80.41760400004384, 26.035432000066155], [-80.41761200043975, 26.035719999698056], [-80.41913100038123, 26.035729000280515], [-80.42041199977302, 26.035734999861315], [-80.42040500010032, 26.03536699971511], [-80.42039699970441, 26.034970999654245], [-80.42112200032581, 26.034970000390246], [-80.42161299969717, 26.034974999938754], [-80.42156199964356, 26.033272999743826], [-80.42151099958993, 26.031776000043862], [-80.4214600004346, 26.029785000363052], [-80.42145799988647, 26.029551999890963], [-80.42210099959381, 26.02955699967037], [-80.42339699995253, 26.029568000152977], [-80.4245850003562, 26.02956300037402], [-80.42541399983637, 26.029561000139502], [-80.42594399956579, 26.029562000256767], [-80.42753700002544, 26.029568000152977], [-80.42806799957978, 26.029570000387366], [-80.4290559999669, 26.029572999931695], [-80.43202100005493, 26.029582000178642], [-80.43301000026696, 26.029585999839714], [-80.43349999981344, 26.029574000048857], [-80.43387599955706, 26.029571999814532], [-80.44046699988209, 26.029533000081507], [-80.4415520003536, 26.029533000081507]]], [[[-80.42687000002866, 26.056021999807935], [-80.42687099985356, 26.055966000216554], [-80.42590900030402, 26.055961999841195], [-80.42590099990808, 26.051423999736386], [-80.42571299958712, 26.05142000001304], [-80.42519499955326, 26.05142000001304], [-80.42477399960379, 26.051420999943886], [-80.4243600002253, 26.051420999943886], [-80.424114000178, 26.051420999943886], [-80.42388400002424, 26.05142199987472], [-80.42388999987202, 26.046167000198558], [-80.4238890000471, 26.045961000188406], [-80.425240999584, 26.045964000120623], [-80.42589900025826, 26.045964000120623], [-80.42589900025826, 26.04414599968005], [-80.42546700043813, 26.044144999687134], [-80.4256270002717, 26.04411399990283], [-80.42569900024174, 26.044099999997556], [-80.42443899986802, 26.044098000010944], [-80.42288999978932, 26.04409400003763], [-80.4226639998335, 26.04409400003763], [-80.4178750002055, 26.044085000097187], [-80.4162499999588, 26.044079000136502], [-80.41574600016865, 26.04407500016254], [-80.4148480001932, 26.04406800020779], [-80.41445099963485, 26.044071000188453], [-80.41383800006476, 26.044076000156043], [-80.41383600041492, 26.04412499982724], [-80.41383499969169, 26.0442239999075], [-80.4138210003463, 26.054412000274542], [-80.41420499958755, 26.054413000179856], [-80.41470599990298, 26.05441400008518], [-80.4147500002839, 26.05441400008518], [-80.41482700027682, 26.05441499999048], [-80.4155169998398, 26.054415999895767], [-80.41583300020727, 26.054416999801067], [-80.41584900010082, 26.05353799986558], [-80.41584900010082, 26.05337199969957], [-80.4167489997261, 26.053355000349917], [-80.4169680000092, 26.053350999885424], [-80.41765199972441, 26.053355000349917], [-80.41789199992392, 26.053357000178583], [-80.41789199992392, 26.053673000118916], [-80.41789399957376, 26.054624000187395], [-80.41789500029697, 26.054940999840287], [-80.41789500029697, 26.055158999804103], [-80.41789600012189, 26.05558899995052], [-80.41789600012189, 26.05561299985591], [-80.4182629996447, 26.055611000065742], [-80.41908799982522, 26.05521399988265], [-80.41915200029763, 26.055185000402037], [-80.41919199958228, 26.05516300020684], [-80.4204310000396, 26.055794000093627], [-80.42189899992745, 26.055794999987146], [-80.42200000020978, 26.055794999987146], [-80.42247200021289, 26.055797999667703], [-80.42302399968362, 26.055892000110134], [-80.42388200037442, 26.056037999686286], [-80.42388099965119, 26.05786500017717], [-80.42388700039729, 26.058891999727596], [-80.4244020000581, 26.05888900012627], [-80.42461600031834, 26.058891999727596], [-80.42467099967162, 26.060887000051032], [-80.42466700037197, 26.06115400006519], [-80.42472900029624, 26.061154999912986], [-80.42487800025916, 26.06115699960854], [-80.42555199992863, 26.061166999699747], [-80.4256620004318, 26.061166999699747], [-80.42597399970303, 26.061166999699747], [-80.42597399970303, 26.06103600021257], [-80.42597399970303, 26.05967000026999], [-80.42596100018254, 26.057588000341973], [-80.42595699998458, 26.056869000149607], [-80.42686300035597, 26.056854000269226], [-80.42687000002866, 26.056021999807935]]], [[[-80.36538400012671, 26.036768999979063], [-80.36537200043114, 26.036328000365337], [-80.36536800023318, 26.036207000358957], [-80.36535800018744, 26.035843000334285], [-80.36127400019102, 26.035842000270566], [-80.36128099986372, 26.036042999990965], [-80.3612859998866, 26.036203000116465], [-80.3612859998866, 26.036229000075895], [-80.36128900025965, 26.036305999859835], [-80.36129000008457, 26.036332999855958], [-80.36129199973438, 26.036419000101112], [-80.3613000001303, 26.036677999707685], [-80.36130299960503, 26.036764999755736], [-80.3617939998747, 26.03676200039532], [-80.36275299994952, 26.036758000171762], [-80.36326900033356, 26.036763999699883], [-80.36358200032801, 26.036768999979063], [-80.36394600037609, 26.036768999979063], [-80.36505699988855, 26.036768999979063], [-80.36517599971424, 26.036768999979063], [-80.36538400012671, 26.036768999979063]]]]}}, {"type": "Feature", "properties": {"name": "Plantation", "geoid": "1257425", "county": "broward"}, "geometry": {"type": "Polygon", "coordinates": [[[-80.33020599965172, 26.11926699976466], [-80.33020700037497, 26.1192200003995], [-80.33013600022983, 26.11920199996835], [-80.33002800027481, 26.119178000195703], [-80.3295980001045, 26.119083999761745], [-80.32921499978984, 26.118988999898477], [-80.32908400026861, 26.118957999765037], [-80.32733699982317, 26.11854700000296], [-80.32571900014752, 26.118164000258002], [-80.32506300002139, 26.118010000196236], [-80.32463100020125, 26.117906000354], [-80.32459799969098, 26.117897999803898], [-80.32301099997743, 26.11751599971799], [-80.32285799981655, 26.11747999994112], [-80.32189000041923, 26.117247999858364], [-80.32111899976705, 26.117063000373225], [-80.318855000011, 26.116523999837447], [-80.31874100020819, 26.11649299985674], [-80.31824999993852, 26.116376000323804], [-80.31666300022496, 26.11599999960471], [-80.31614000016825, 26.115874999696235], [-80.31457199982297, 26.1155029997391], [-80.31411400006357, 26.115395000128228], [-80.3140749997055, 26.115391000170575], [-80.31405100031436, 26.115379000296862], [-80.3139330003136, 26.115351999971562], [-80.31381500031281, 26.11532499963999], [-80.31364000041064, 26.1152839998416], [-80.31358299961092, 26.11527000037929], [-80.31346600033336, 26.11524400022114], [-80.3130949997143, 26.115158999973968], [-80.31305799990436, 26.11514499969009], [-80.3110689996096, 26.11466299995586], [-80.31072800002607, 26.114568999923314], [-80.3106109998502, 26.114550000190725], [-80.31038400006949, 26.11449400036659], [-80.30572099993984, 26.113357000352593], [-80.30317000012862, 26.112734000287052], [-80.3019080001051, 26.112418000051434], [-80.30113999982598, 26.1122340003988], [-80.30094999985518, 26.112189000255547], [-80.29849899960305, 26.111594999645], [-80.29811500036182, 26.11150800032877], [-80.29805699973718, 26.111489000098636], [-80.2980359998208, 26.11148699964969], [-80.29798999979003, 26.111476999824323], [-80.29797399989651, 26.111475000181784], [-80.29795499962995, 26.111472999732595], [-80.29790100010158, 26.1114780000489], [-80.29788299965992, 26.11147999969135], [-80.2978469996749, 26.111454999721516], [-80.2977760004281, 26.11142299978462], [-80.29757499968834, 26.111375000266143], [-80.29737399984688, 26.111325999695488], [-80.2958950000884, 26.11096600010789], [-80.29321899970536, 26.110316000329995], [-80.29200000023786, 26.110011000199826], [-80.2911580003389, 26.10981299986918], [-80.29104399963778, 26.109782999960917], [-80.29100699982784, 26.109768999839794], [-80.29081400038231, 26.10973000018487], [-80.28989999961503, 26.109506000363762], [-80.2882009997485, 26.109090000018224], [-80.28790299982266, 26.109016999857253], [-80.28777399995123, 26.108986000305528], [-80.28764599990471, 26.108953999692748], [-80.28721699955932, 26.108851000106107], [-80.28674000043165, 26.10874899987001], [-80.28667799960907, 26.108735999873062], [-80.28637499966035, 26.108653000230778], [-80.28602999987885, 26.108572000221805], [-80.28595700008391, 26.108543999687793], [-80.28473100004541, 26.108258999978325], [-80.28434600008094, 26.1081749997446], [-80.2832589999596, 26.107916000122877], [-80.28209800021843, 26.107640999843532], [-80.28201100017976, 26.107620000083095], [-80.28191800029336, 26.10759900031887], [-80.28178100002602, 26.107565999875103], [-80.28175099988877, 26.10756400016567], [-80.28170200038329, 26.107561999649562], [-80.28166300002523, 26.107564999617054], [-80.28159799972791, 26.107534999938604], [-80.27915999989457, 26.106914000026045], [-80.27903699987093, 26.106884999637764], [-80.27877599975503, 26.106824999924246], [-80.27805500022988, 26.106635000359343], [-80.27759599974725, 26.106523999821075], [-80.27717700034592, 26.106417999710125], [-80.27706299964478, 26.106386000007824], [-80.27702699965977, 26.10637200028655], [-80.27672000041143, 26.10630200004173], [-80.2734459996286, 26.105479000139834], [-80.27268300027067, 26.105292000026896], [-80.27259799988185, 26.105273000399837], [-80.27221799994028, 26.105174000297783], [-80.27194900032676, 26.10511399970624], [-80.27126100041359, 26.104946999779905], [-80.27114000003975, 26.10491599995572], [-80.26850899986259, 26.104255999979276], [-80.26797699958502, 26.10412200025267], [-80.26756700040451, 26.104018999636022], [-80.26703099992899, 26.103892000050912], [-80.26684199978311, 26.10384000031439], [-80.26637999982574, 26.103726999767805], [-80.26607799970195, 26.103653000000314], [-80.26600099970906, 26.103637000175258], [-80.26596200024932, 26.10363400010698], [-80.26592200006634, 26.103635999883597], [-80.26584400024855, 26.103649999932443], [-80.26577499975325, 26.10360400022664], [-80.26573999959315, 26.1035870001028], [-80.26572100022489, 26.103579999671474], [-80.26570299978324, 26.10357499982407], [-80.2653770002683, 26.103494999816782], [-80.26530799977301, 26.103477999677125], [-80.26527400033613, 26.103469999752893], [-80.26517100040398, 26.103444999683624], [-80.2647999997849, 26.103354000386663], [-80.26369000009734, 26.103083000243636], [-80.2633200002015, 26.102993000155447], [-80.26070499991785, 26.102353999715593], [-80.25790800005932, 26.101670999967606], [-80.25518900001859, 26.100998000179963], [-80.25286599981298, 26.10042399991998], [-80.2507839996318, 26.099910000135292], [-80.25073000010345, 26.099896999962322], [-80.25061600030065, 26.099868000253927], [-80.25044800007115, 26.099826000357524], [-80.25035099998678, 26.09980300015814], [-80.25025399990238, 26.099778999629603], [-80.250092000419, 26.09973800002622], [-80.25006999977937, 26.09973300001456], [-80.2496060001722, 26.099625999875464], [-80.2494449996154, 26.09958899991015], [-80.2475370004098, 26.099147999596763], [-80.24730800008095, 26.09908999980135], [-80.24715400009518, 26.099055999852258], [-80.24711700028524, 26.09904399991531], [-80.24624400042414, 26.098839999992315], [-80.2450080003399, 26.098551999827453], [-80.24443400022953, 26.09841699968252], [-80.24439499987147, 26.098412999950728], [-80.24331500032113, 26.098149999940986], [-80.24052000011244, 26.097501999792144], [-80.23785299995026, 26.096840000031413], [-80.23681900043067, 26.096597999841773], [-80.23665000037626, 26.09656099972532], [-80.23631899994017, 26.096489000162872], [-80.23613200034241, 26.096428999955833], [-80.23361699961788, 26.09579599968811], [-80.23357800015812, 26.095791000314673], [-80.23345900033245, 26.095786999686357], [-80.23340400008085, 26.095748999761003], [-80.23336899992076, 26.09573099974961], [-80.2332590003159, 26.09569099989362], [-80.23244599983094, 26.09548800013128], [-80.23180999979633, 26.095330000211558], [-80.23173299980341, 26.095314000054604], [-80.2312659998232, 26.095239000247762], [-80.2309570000267, 26.09517299963574], [-80.23064599968208, 26.0951199996918], [-80.23025400004492, 26.095070000011884], [-80.22990300041565, 26.095011000249176], [-80.22932900030528, 26.094865000052103], [-80.22906499981632, 26.0947990000358], [-80.22898699999851, 26.094784999734216], [-80.2289090001807, 26.09477599965468], [-80.22864899988971, 26.094686999996313], [-80.22861000042997, 26.094679999839023], [-80.22853099988893, 26.094674000049594], [-80.22837400042843, 26.094694000153165], [-80.22829800026044, 26.094712999885388], [-80.22809700041898, 26.094620000317576], [-80.22802399972572, 26.094591999669866], [-80.22764700015719, 26.09447899986897], [-80.22714500001685, 26.09437800037575], [-80.22706600037414, 26.094371000199967], [-80.22702600019117, 26.094371999764107], [-80.22697099993957, 26.094319000264033], [-80.2267829996186, 26.09418600001242], [-80.2267609998773, 26.09417400038263], [-80.22674900018173, 26.094167999760526], [-80.22672900009024, 26.094160000006212], [-80.22667700021172, 26.094161000378914], [-80.22661100008946, 26.094130000116014], [-80.22617800044442, 26.094024999632918], [-80.22613900008636, 26.09401899980991], [-80.22606299991838, 26.0939990003977], [-80.22598900029853, 26.093973999917466], [-80.22494300018508, 26.093730999876453], [-80.22461599994693, 26.09365500029119], [-80.22411100033187, 26.093537999686742], [-80.22376900002511, 26.093448999893276], [-80.22369500040526, 26.093424000102267], [-80.22358099970413, 26.09339400002331], [-80.22347500029724, 26.09336900022056], [-80.22235600038884, 26.09310600016475], [-80.22231700003078, 26.09309499999924], [-80.22193799991409, 26.09299699965235], [-80.22156399982028, 26.09288399992434], [-80.22106800042604, 26.092759999890145], [-80.22056600028571, 26.092656000176543], [-80.22025999996396, 26.092581999858577], [-80.218869000069, 26.092223999818003], [-80.21878299985528, 26.092499999625986], [-80.21867300025042, 26.092765000199876], [-80.21863200024254, 26.092900999990345], [-80.21819399967632, 26.094373999699116], [-80.21803600039088, 26.094905000190526], [-80.2177560000084, 26.095847999774218], [-80.21756600003759, 26.096487999810105], [-80.21738399956442, 26.097097000094628], [-80.21727499978445, 26.097464999961648], [-80.21693699967565, 26.098534000247394], [-80.21592200042267, 26.10174200006577], [-80.21558500013876, 26.10281200027927], [-80.21545600026734, 26.10325800035127], [-80.21506999957964, 26.10459900008484], [-80.21494200043144, 26.105046000074154], [-80.21487899978392, 26.105247999909384], [-80.21469200018618, 26.105855000013932], [-80.21459699975162, 26.106114000167903], [-80.21408399974064, 26.106126999649714], [-80.21320000000888, 26.106141000206964], [-80.21305299969578, 26.10614199967051], [-80.21027500010383, 26.106169999973144], [-80.20979999972768, 26.106175999979488], [-80.20949299958102, 26.106180999715637], [-80.209019999753, 26.106192000263807], [-80.20887400016314, 26.106174999709545], [-80.2078869996009, 26.106189999724222], [-80.20775699990456, 26.10621300028072], [-80.20732099988646, 26.106236000026087], [-80.20669700044571, 26.10624500003041], [-80.20482799980155, 26.106273000308335], [-80.20420500018571, 26.106282999772144], [-80.20380000012976, 26.106290000041657], [-80.20258900015986, 26.10631299977183], [-80.20218499992882, 26.10632100030826], [-80.20227699999032, 26.105972000397447], [-80.20255499982468, 26.104929000377407], [-80.20250299994613, 26.104911999639516], [-80.20196200034606, 26.104779999615076], [-80.20201900024746, 26.104577999778027], [-80.20183900032241, 26.104594999757786], [-80.20160499997067, 26.104602999605063], [-80.20156099958974, 26.10460699993185], [-80.20155800011503, 26.10452900039196], [-80.2015570002901, 26.104509999834267], [-80.20136300012135, 26.104514999641662], [-80.20138599968757, 26.105200999747257], [-80.20141199962683, 26.105942999775547], [-80.20142000002276, 26.106333999767042], [-80.20126000018918, 26.10633699976606], [-80.20120199956455, 26.1063350000356], [-80.2010300000354, 26.10633200003654], [-80.20089699996602, 26.106345000300795], [-80.20096200026336, 26.108367999980384], [-80.20098099963161, 26.108933000168133], [-80.20102900021051, 26.11045799966423], [-80.20107500024126, 26.111870999717475], [-80.20108199991397, 26.11210299998738], [-80.2010929997846, 26.11234999982775], [-80.20093999962373, 26.112355000106525], [-80.20067100001022, 26.112360000385074], [-80.20075700022394, 26.113650999973423], [-80.20087600004963, 26.115476999632794], [-80.20093100030122, 26.11753300023612], [-80.20094399982169, 26.1180369999075], [-80.20045900029811, 26.118044000279713], [-80.20037899993217, 26.118045999809866], [-80.20038800015298, 26.118392000280533], [-80.19926400022173, 26.118428999941543], [-80.1993040004047, 26.119752000329825], [-80.1993100002525, 26.119873999666197], [-80.19932100012315, 26.12008799988696], [-80.19932799979584, 26.12022099971361], [-80.19932899962075, 26.12024299977947], [-80.19828900025338, 26.120269999781357], [-80.19809799955937, 26.120274000378593], [-80.1979450002968, 26.12027700001984], [-80.19793900044903, 26.12021300012855], [-80.19762800010439, 26.12021499962159], [-80.19763999979996, 26.120438999890393], [-80.19764599964773, 26.120595999610426], [-80.1976499998457, 26.120662000390446], [-80.1976559996935, 26.120834999703963], [-80.19766099971636, 26.120851000401448], [-80.19766900011227, 26.12086600014599], [-80.19767999998292, 26.12087800026284], [-80.19769400022665, 26.120889000234477], [-80.19771000012017, 26.120895999629283], [-80.1977269998386, 26.120901000348947], [-80.19776700002157, 26.120901000348947], [-80.19783800016668, 26.120900000205058], [-80.19811699982594, 26.120893000003928], [-80.19810900032833, 26.120673000382396], [-80.19810099993241, 26.12048099964095], [-80.19824900007042, 26.12048099964095], [-80.19829900029913, 26.12048099964095], [-80.19837700011693, 26.120481999788456], [-80.19837299991897, 26.12063599981876], [-80.19837700011693, 26.120760000135572], [-80.19837899976676, 26.120885999802354], [-80.19848599989687, 26.120884000320828], [-80.19856100023995, 26.120968999630247], [-80.19848500007195, 26.120969999773603], [-80.19825699956802, 26.12097499968355], [-80.19818200012327, 26.120978000113382], [-80.19805900009962, 26.120980000399882], [-80.19797700008385, 26.120983000023], [-80.19769000002867, 26.12098900007559], [-80.19756799982994, 26.120992999841594], [-80.19726999990412, 26.120998999893676], [-80.19724099959178, 26.121000000036755], [-80.19724300013992, 26.12113200029653], [-80.19726300023142, 26.121880000027335], [-80.19877499960187, 26.121845000117627], [-80.198853000318, 26.121967999823198], [-80.19898200018945, 26.12211000032555], [-80.19907800044889, 26.122215999917827], [-80.19919999974933, 26.12231700036815], [-80.19956600034553, 26.122620999711383], [-80.19968900036918, 26.122722999939946], [-80.19991100012703, 26.122912999970122], [-80.2003599996656, 26.123296000280394], [-80.20060499988797, 26.12344000021968], [-80.20081400012535, 26.123541999733256], [-80.20081699960008, 26.12360700034148], [-80.20090899966159, 26.123602999858402], [-80.20118599967103, 26.123593000263185], [-80.20122099983112, 26.123593000263185], [-80.20124500012058, 26.124220000167128], [-80.20126400038714, 26.124533999720192], [-80.20126000018918, 26.12463499977976], [-80.20138300021283, 26.124632000250397], [-80.20144000011423, 26.126069999992797], [-80.20144799961184, 26.12627399998424], [-80.20146299968046, 26.126344000365712], [-80.20146900042656, 26.12641099960852], [-80.20154800006928, 26.128471000090187], [-80.20155300009213, 26.128521000002678], [-80.20157200035872, 26.129022999712102], [-80.20161400019151, 26.12987899976401], [-80.20167299974274, 26.13116099966145], [-80.20170799990284, 26.132038999631742], [-80.20171899977349, 26.132300999964485], [-80.20173700021516, 26.132777000074746], [-80.20176599962917, 26.133488999756096], [-80.2017690000022, 26.133667999637662], [-80.20165900039736, 26.13366899967228], [-80.20152999962761, 26.133670999741472], [-80.20159499992494, 26.13554800038689], [-80.20159699957476, 26.135601999761334], [-80.20160499997067, 26.135847999911093], [-80.20148500032009, 26.135850999958905], [-80.2012669998619, 26.135850999958905], [-80.20126799968679, 26.13590600001516], [-80.20127000023493, 26.135979000313736], [-80.20152399977984, 26.13597400023952], [-80.2020359999659, 26.1359640000904], [-80.20228899968589, 26.13596300007546], [-80.20254399995403, 26.13596300007546], [-80.2025499998018, 26.136126999994676], [-80.20255300017486, 26.136202000180933], [-80.20256099967246, 26.13639400008345], [-80.20259300035784, 26.136918999981738], [-80.20260900025134, 26.13715799974339], [-80.202612999551, 26.13722800005339], [-80.20262699979469, 26.137435999920363], [-80.20262799961961, 26.1375130000757], [-80.20262900034282, 26.1375930001833], [-80.20358800041765, 26.137576000165016], [-80.20358599986952, 26.13750500006193], [-80.20492700043407, 26.13748300002123], [-80.2049220004112, 26.137207999969103], [-80.2052739998654, 26.137197999925654], [-80.2054089995846, 26.13719899993005], [-80.20541699998054, 26.137381999781145], [-80.20541500033072, 26.137474000003373], [-80.20747300022244, 26.137438999927383], [-80.20747300022244, 26.13752700009849], [-80.20747400004734, 26.137564000150633], [-80.20747400004734, 26.13758400017393], [-80.20827900013639, 26.13757000015797], [-80.21069699987822, 26.137531000104687], [-80.21126799961553, 26.137522000090545], [-80.21150299979217, 26.137524000093745], [-80.21173299994594, 26.137524000093745], [-80.21242500005707, 26.137524000093745], [-80.21265600003575, 26.13752500009535], [-80.21332399985745, 26.13752600009691], [-80.21532999987063, 26.137531000104687], [-80.21562500032174, 26.137532000106194], [-80.21577900030752, 26.13753500011075], [-80.21569700029175, 26.136439999786404], [-80.21540199984065, 26.136346000339053], [-80.21519500015141, 26.136277000319062], [-80.21519900034937, 26.136195000090346], [-80.21519500015141, 26.135947999850043], [-80.21560000020737, 26.135955999970513], [-80.21597900032404, 26.135959000015525], [-80.21617699979245, 26.13596000003053], [-80.21621199995255, 26.136113999817695], [-80.21654699968832, 26.137487000028933], [-80.21655599990915, 26.137538000115224], [-80.21709200038467, 26.13753700011373], [-80.21712099979867, 26.13753700011373], [-80.21728999985308, 26.137536000112252], [-80.21730499992168, 26.137536000112252], [-80.21866300020467, 26.137533000107737], [-80.21910199969751, 26.137531000104687], [-80.2192919996683, 26.137530000103133], [-80.21940999966907, 26.137530000103133], [-80.21940200017148, 26.137164999776267], [-80.21938100025508, 26.136161999657496], [-80.2193829999049, 26.136035000324057], [-80.21977299989224, 26.136035000324057], [-80.21978100028815, 26.136172999802817], [-80.21978600031103, 26.136250999997035], [-80.21977500044038, 26.136255000046972], [-80.219742999755, 26.136287999647067], [-80.21972900040963, 26.136336000221792], [-80.21973000023455, 26.136415000318273], [-80.21974000028028, 26.13697800036655], [-80.21974399957993, 26.137165999780954], [-80.21974399957993, 26.137193999908057], [-80.21974500030313, 26.137248000134218], [-80.2197560001738, 26.13727800024909], [-80.21976700004446, 26.13730500034586], [-80.21976200002159, 26.13744499994115], [-80.2197550003489, 26.13771100024196], [-80.21991099998449, 26.13770700024193], [-80.2200519995515, 26.13771900024161], [-80.22006099977233, 26.13775000023512], [-80.220071999643, 26.137782000219772], [-80.22010299960512, 26.13782300018733], [-80.2201140003741, 26.137832000178282], [-80.22014000031335, 26.137853000154447], [-80.22016700007754, 26.13785200015564], [-80.22024999991822, 26.137851000156882], [-80.22027800040561, 26.137851000156882], [-80.22048300044503, 26.13784700016165], [-80.22109900038818, 26.137835000175087], [-80.22130500025251, 26.137832000178282], [-80.22146199971303, 26.13782900018136], [-80.22193299989124, 26.137821000189255], [-80.22209100007497, 26.137819000191104], [-80.22229899958911, 26.137815000194777], [-80.22292600030123, 26.137804000204138], [-80.22313600036351, 26.13780100020654], [-80.2231349996403, 26.137781000220407], [-80.22313399981537, 26.13772100024144], [-80.22313399981537, 26.137702000241685], [-80.22313299999048, 26.13767500023669], [-80.22313200016555, 26.13765100022703], [-80.22313200016555, 26.137597000187238], [-80.22313200016555, 26.137571000159184], [-80.22313100034064, 26.13751900008566], [-80.22312999961743, 26.137488000030817], [-80.22312399976964, 26.13723900009828], [-80.2231229999447, 26.137156999738668], [-80.22311799992185, 26.136949000181126], [-80.22310399967814, 26.13632600010369], [-80.2231000003785, 26.136118999885944], [-80.22309799983037, 26.13604999973182], [-80.22309500035563, 26.13590199995329], [-80.22309399963241, 26.13584399984724], [-80.2230929998075, 26.135776000353644], [-80.22332499961108, 26.135774000320506], [-80.22402199974509, 26.13577000025412], [-80.22425500027191, 26.13577000025412], [-80.22425199989885, 26.13590199995329], [-80.22425100007395, 26.136028000223423], [-80.22423900037839, 26.13680499996022], [-80.22423600000533, 26.137064000067603], [-80.22423400035552, 26.137141999666664], [-80.22423000015756, 26.137375999764114], [-80.22423000015756, 26.1374549999634], [-80.22423000015756, 26.137514000077385], [-80.2265280002488, 26.137508000067143], [-80.22667700021172, 26.137508000067143], [-80.22681299975584, 26.137509000068878], [-80.22679799968722, 26.13653399996454], [-80.22679199983943, 26.136089000279757], [-80.22677299957287, 26.13605799984527], [-80.2267259997172, 26.13589699987574], [-80.22667399983867, 26.135756000020663], [-80.22699799970376, 26.135755000003943], [-80.2279710000223, 26.135755000003943], [-80.2282959997123, 26.135755000003943], [-80.22891199965544, 26.135750999936867], [-80.23076100020812, 26.13574099976868], [-80.23137799997619, 26.13573899973493], [-80.23153100013705, 26.13573799971803], [-80.23203099972926, 26.13573699970116], [-80.23398999988679, 26.13573299963351], [-80.23464400036306, 26.13573299963351], [-80.23471499960986, 26.13573299963351], [-80.23471799998292, 26.135816000202865], [-80.23471999963274, 26.135864000165157], [-80.23480699967136, 26.13804599975863], [-80.23487799981649, 26.141173999662392], [-80.23490100028103, 26.143329999655343], [-80.2350250001296, 26.150039999883955], [-80.23502799960431, 26.15021499981508], [-80.23797099995102, 26.15019099996446], [-80.24079600029697, 26.150183999906318], [-80.24179300000661, 26.15018100022683], [-80.24512799999047, 26.15018200012002], [-80.2453749998627, 26.150172000381623], [-80.24628200005897, 26.150168000002193], [-80.24655400004555, 26.150168000002193], [-80.24787700016844, 26.150163999622634], [-80.2483680004381, 26.15018200012002], [-80.2547389997568, 26.150172000381623], [-80.25700900025896, 26.150150000309033], [-80.25717300029048, 26.150145999928863], [-80.25755400005698, 26.150137999974465], [-80.26256600016607, 26.150123999851388], [-80.26778999998727, 26.150112000320537], [-80.26795800021677, 26.150112000320537], [-80.27103899975742, 26.150099999982064], [-80.27628600004316, 26.150084999960427], [-80.28135300040384, 26.150070999830977], [-80.28330199961731, 26.150064999659786], [-80.2838010002829, 26.150063999765646], [-80.2839569999185, 26.150063999765646], [-80.28477899972599, 26.150061999977282], [-80.2864969998591, 26.150056999699842], [-80.2916019998546, 26.150041999672684], [-80.29184700007698, 26.150041999672684], [-80.2945729997904, 26.150033999711177], [-80.29531699978007, 26.150031999922305], [-80.29736100032642, 26.150025999749108], [-80.29770399955977, 26.15002200017105], [-80.29777899990286, 26.15002100027654], [-80.29780200036738, 26.151182000273597], [-80.2978049998421, 26.152830999902854], [-80.29781999991073, 26.160397999934705], [-80.29790899959919, 26.1603880002656], [-80.2980509998894, 26.160372999953996], [-80.29811199998878, 26.160372000148183], [-80.29829600011179, 26.160372000148183], [-80.29835800003606, 26.160372000148183], [-80.29841699958729, 26.160404000380783], [-80.29847799968665, 26.160421000299237], [-80.29852899974028, 26.160421000299237], [-80.29907500026155, 26.16042699993786], [-80.29925799966135, 26.160430000160193], [-80.30047200000429, 26.1604569997389], [-80.30411400013483, 26.160538999854502], [-80.30532799957946, 26.160567000018425], [-80.30544700030346, 26.16056899962677], [-80.30580600032866, 26.160578000282584], [-80.30592599997925, 26.16058099969475], [-80.30615899960776, 26.160584999717134], [-80.30685900011481, 26.1605969997835], [-80.30709299956823, 26.160601999609202], [-80.30732199989708, 26.160607000240994], [-80.30800899998535, 26.16062199971616], [-80.3082380003142, 26.160628000150762], [-80.30846699974474, 26.16063200017154], [-80.3091549996579, 26.16064599984003], [-80.30938499981168, 26.16065099966363], [-80.31028699998511, 26.16067200037178], [-80.31299500015517, 26.16073500005461], [-80.31382700000839, 26.160755000138796], [-80.3138980001535, 26.16075400033623], [-80.31391099967398, 26.16075000031965], [-80.31393400013852, 26.160746000302915], [-80.31395199968186, 26.16073699966004], [-80.31396500010065, 26.160731000037355], [-80.31399600006279, 26.16069499987597], [-80.31401299978123, 26.16064500003653], [-80.31401299978123, 26.160583999913126], [-80.31400299973548, 26.159373000363974], [-80.31400100008567, 26.159187000067128], [-80.31399500023788, 26.158629999636847], [-80.31399400041298, 26.15844500039656], [-80.31399400041298, 26.158261999704436], [-80.31399400041298, 26.157716000229296], [-80.31399500023788, 26.15753499966655], [-80.31399199986483, 26.157337000070168], [-80.31398699984196, 26.156938000363503], [-80.31398500019213, 26.156809999608697], [-80.31398400036721, 26.156744999744898], [-80.31398199981909, 26.156548000258976], [-80.31397199977334, 26.155160999771155], [-80.31396900029861, 26.15484300011336], [-80.31396299955252, 26.153889999832693], [-80.31396099990269, 26.153572999800243], [-80.31395900025288, 26.1532960000232], [-80.31395699970473, 26.153015000113076], [-80.31395199968186, 26.152174999982446], [-80.31395099985696, 26.15189499967029], [-80.31394800038221, 26.151613999611662], [-80.31394099981121, 26.15077200010206], [-80.31393900016137, 26.150491999648803], [-80.31393599978833, 26.15012200006407], [-80.31392800029073, 26.149088999692935], [-80.3139269995675, 26.14901499962528], [-80.31392499991767, 26.148752999705984], [-80.31391700042008, 26.14870899982803], [-80.31387999971183, 26.14866000040263], [-80.31391700042008, 26.148350999948065], [-80.31391599969685, 26.148249000330814], [-80.31395800042796, 26.147785000172178], [-80.31394599983408, 26.146516000380906], [-80.31394099981121, 26.145917999605032], [-80.31393900016137, 26.145703000008023], [-80.31394900020713, 26.144934000128313], [-80.3139759999713, 26.143044000169578], [-80.31392300026786, 26.142987000340607], [-80.31392200044294, 26.14186599966047], [-80.31392200044294, 26.141673999885708], [-80.31394300035933, 26.13949300033814], [-80.3139120003972, 26.13923999989531], [-80.3139269995675, 26.138506999941416], [-80.3139269995675, 26.13827999965731], [-80.31392900011564, 26.137602000191965], [-80.31392999994056, 26.137375999764114], [-80.31392999994056, 26.137143999676365], [-80.3139330003136, 26.136449999894733], [-80.31393400013852, 26.136219000399286], [-80.31393400013852, 26.136187999999304], [-80.31393400013852, 26.136097999597894], [-80.31393499996341, 26.136067999986338], [-80.31393499996341, 26.13592000023063], [-80.31393599978833, 26.13547999991445], [-80.31393699961325, 26.135333000240294], [-80.31393699961325, 26.1353149998725], [-80.31393699961325, 26.135261000365322], [-80.31393699961325, 26.135244000007518], [-80.31393699961325, 26.134975999685224], [-80.31393199959038, 26.134171999866822], [-80.31393800033648, 26.13390500034277], [-80.31393800033648, 26.13385500031572], [-80.31393800033648, 26.133708000208944], [-80.31393900016137, 26.13365900013225], [-80.31394099981121, 26.13316299961387], [-80.31394800038221, 26.13167700003952], [-80.31395099985696, 26.131182000030808], [-80.31395099985696, 26.13110200037015], [-80.31396099990269, 26.129387999678865], [-80.31396099990269, 26.129376999700973], [-80.31396099990269, 26.129042000317412], [-80.3139619997276, 26.12805500031123], [-80.31395900025288, 26.127087000147295], [-80.31395900025288, 26.127070000212722], [-80.31395900025288, 26.12702199986224], [-80.31395900025288, 26.127006000009843], [-80.31395900025288, 26.126844999659472], [-80.31395900025288, 26.126364999988073], [-80.31396000007777, 26.126204999659308], [-80.31396099990269, 26.126052999910225], [-80.31396599992554, 26.125600999891123], [-80.31396799957538, 26.125450000267662], [-80.31396799957538, 26.125418000130125], [-80.31396900029861, 26.125323999877], [-80.31397000012353, 26.12529299981127], [-80.31396699975046, 26.124561000343586], [-80.31395000003204, 26.1239679998229], [-80.31395099985696, 26.122893999980988], [-80.3141790003609, 26.122886999899336], [-80.31438500022523, 26.122888000026244], [-80.31443000043106, 26.122888000026244], [-80.31518299974324, 26.12289099960038], [-80.31526099956105, 26.122891999727262], [-80.31525899991122, 26.122950999939064], [-80.31527900000272, 26.12315699998021], [-80.31525999973614, 26.123303000337543], [-80.31522899977399, 26.123467000289377], [-80.31520299983472, 26.123587000344315], [-80.31522200010131, 26.123782999685087], [-80.31526700030714, 26.124016999932405], [-80.31531099978974, 26.124143000119613], [-80.31533900027718, 26.124251999826264], [-80.31538000028506, 26.1244149999452], [-80.31539299980552, 26.12461100031652], [-80.31534900032291, 26.12485100037277], [-80.3152920004215, 26.124997000226255], [-80.31523499962178, 26.125102000317483], [-80.31523399979686, 26.125132000326214], [-80.31523399979686, 26.12551599991879], [-80.3152980002693, 26.12567899988722], [-80.31533599990411, 26.125831000122954], [-80.31536100001848, 26.126033000331788], [-80.31533599990411, 26.12624200007238], [-80.31528400002557, 26.126430999928793], [-80.31519100013918, 26.126639999763874], [-80.31516600002479, 26.126778999952688], [-80.31519100013918, 26.1269179999761], [-80.31523499962178, 26.127070000212722], [-80.31525999973614, 26.127290999975806], [-80.31528599967541, 26.127437000005937], [-80.3152980002693, 26.12755700001562], [-80.3152920004215, 26.127695999919826], [-80.3152920004215, 26.12798700031506], [-80.3152920004215, 26.128125999707553], [-80.31533599990411, 26.128290000147434], [-80.31543700018646, 26.128466999773668], [-80.31555699983706, 26.128649999597375], [-80.31568400005867, 26.128783000161953], [-80.31598700000737, 26.12901099962533], [-80.3161579997116, 26.129137000071665], [-80.31629099978097, 26.12930099989859], [-80.31640399975888, 26.12951599985892], [-80.31659399972969, 26.129749999913624], [-80.31686599971624, 26.12992100015349], [-80.31714299972569, 26.129978999975137], [-80.31734699994018, 26.12999300009468], [-80.31793000027136, 26.130031000180157], [-80.31833000030444, 26.13008100023137], [-80.31882400004886, 26.130137999908758], [-80.31927400031067, 26.1301700003663], [-80.31950899958898, 26.1301700003663], [-80.31967400034374, 26.130145000362432], [-80.31990799979715, 26.13006199979504], [-80.3200860000724, 26.12989700016323], [-80.32020599972299, 26.129757999652163], [-80.3203329999446, 26.12956099978176], [-80.3204529995952, 26.12931999965221], [-80.32059900008338, 26.12914299970549], [-80.32079599972687, 26.12902900015827], [-80.3211509995541, 26.128907999972377], [-80.32142000006594, 26.12881700033656], [-80.32142000006594, 26.128924999639455], [-80.32141300039325, 26.130729999695887], [-80.32139999997445, 26.131057000234506], [-80.32140099979937, 26.131172000277846], [-80.3218040002055, 26.131179999919], [-80.32213300009347, 26.131186000254353], [-80.32280199974007, 26.131200000229207], [-80.32290700022037, 26.131201000284932], [-80.3231630003134, 26.1312030003964], [-80.32319000007757, 26.1312030003964], [-80.32435599984163, 26.13121200009105], [-80.32474500000407, 26.131216000313593], [-80.32491400005847, 26.131215000257967], [-80.32542200004659, 26.13121200009105], [-80.32559199992589, 26.13121200009105], [-80.32690099980508, 26.131250999835274], [-80.32752699979399, 26.131246999613953], [-80.32999200028979, 26.131245000309725], [-80.33015200012338, 26.131245000309725], [-80.33015200012338, 26.13116099966145], [-80.33015200012338, 26.131128000225548], [-80.33015200012338, 26.131030000306115], [-80.33015299994828, 26.130998000084162], [-80.33015600032134, 26.130433000115083], [-80.33016600036707, 26.128736999862532], [-80.33016999966672, 26.12817300032928], [-80.33017100038995, 26.12766599976302], [-80.3301760004128, 26.126147000383277], [-80.33017899988755, 26.125640999999025], [-80.33018100043569, 26.125311000110607], [-80.3301889999333, 26.12432199980625], [-80.33019300013125, 26.123993000342217], [-80.33019399995617, 26.123702999796343], [-80.33019899997903, 26.12283499974041], [-80.33019999980395, 26.12263800029335], [-80.33020099962884, 26.12254599967629], [-80.33020099962884, 26.12192800007084], [-80.33020099962884, 26.120917000230886], [-80.33020200035209, 26.120075000344563], [-80.33020300017698, 26.119457999924833], [-80.33020300017698, 26.119409999673255], [-80.33020499982682, 26.119337999662182], [-80.33020599965172, 26.11927900004571], [-80.33020599965172, 26.11926699976466]]]}}, {"type": "Feature", "properties": {"name": "Pompano Beach", "geoid": "1258050", "county": "broward"}, "geometry": {"type": "Polygon", "coordinates": [[[-80.19558600010619, 26.209141999868404], [-80.19558699993111, 26.209062999876245], [-80.19554699974813, 26.209064000070313], [-80.19554699974813, 26.209028999720264], [-80.19539500031048, 26.209028999720264], [-80.19516699980655, 26.209028999720264], [-80.1938410002089, 26.209072000010668], [-80.19141500007113, 26.209125999996747], [-80.18956200021881, 26.209165999671775], [-80.1881460002095, 26.209199000400773], [-80.18814700003442, 26.209232999701122], [-80.18814899968426, 26.209304999846072], [-80.18816600030101, 26.20967500017933], [-80.18798899985067, 26.209719999802], [-80.18797499960698, 26.209723000367287], [-80.18656100014582, 26.209717000042644], [-80.18648499997782, 26.209718000231103], [-80.18646400006142, 26.209718000231103], [-80.18642300005355, 26.20971499966569], [-80.18627900011349, 26.20970799995807], [-80.18621399981616, 26.209705000198365], [-80.1860120001498, 26.20968300007771], [-80.18599399970813, 26.20968199988896], [-80.18587599970736, 26.209667000280426], [-80.18583600042271, 26.209662000141837], [-80.18570099980518, 26.209632000111707], [-80.18526200031236, 26.20953699983097], [-80.18524200022085, 26.20953400006688], [-80.18517899957335, 26.2095130001041], [-80.1850110002422, 26.209455999725503], [-80.18482799994409, 26.209393999974843], [-80.18478399956315, 26.209379000329196], [-80.1842670002525, 26.209250999943045], [-80.18407999975645, 26.20920499994618], [-80.18359299968472, 26.20915899993114], [-80.18339799969107, 26.209140999674997], [-80.18250499973848, 26.209129999964865], [-80.18212999981976, 26.209139000094147], [-80.18164199992312, 26.20915200019006], [-80.180472999786, 26.209166999864966], [-80.17962900023724, 26.20917899976471], [-80.17859599964426, 26.209199000400773], [-80.17696899974776, 26.20923100012185], [-80.17679200019575, 26.20923500008636], [-80.17632500021553, 26.20926900018214], [-80.17630500012402, 26.209273000145348], [-80.17628400020763, 26.209274999723934], [-80.17605800025181, 26.20930200007599], [-80.17580899983147, 26.209351999995004], [-80.1754930003623, 26.2094370001304], [-80.17503399987967, 26.20959099960132], [-80.17489199958943, 26.209638999823895], [-80.17482899984024, 26.209659999763954], [-80.17463800004454, 26.209724999938125], [-80.17409499989633, 26.209867000006366], [-80.17379199994762, 26.209920000242843], [-80.17359500030415, 26.209933000251556], [-80.17323999957858, 26.209952999952115], [-80.17312699960068, 26.20995500032496], [-80.17270900002424, 26.209960999831363], [-80.17264799992488, 26.209960999831363], [-80.17208800005822, 26.209971000082653], [-80.17183799981298, 26.20998100033308], [-80.17181900044471, 26.20989999973064], [-80.17056400009386, 26.20992900031103], [-80.1695809997296, 26.20998400008567], [-80.16864400029439, 26.2100439999567], [-80.16784400022824, 26.2100930001777], [-80.16704699963682, 26.210133999705285], [-80.16508199963151, 26.21024299965685], [-80.16392699973811, 26.210305999944605], [-80.16342399977285, 26.210333000057496], [-80.16176099989133, 26.21043100023551], [-80.15993999982607, 26.210525999786537], [-80.1595270002725, 26.210545000009798], [-80.15822900026399, 26.21061099987051], [-80.15724300042496, 26.21065999985279], [-80.15605800039434, 26.2107120003542], [-80.15592399960173, 26.2107120003542], [-80.14862000014747, 26.210775999761495], [-80.14844699989513, 26.210778000120207], [-80.14827399964275, 26.210779999672916], [-80.14824000020589, 26.210923999616156], [-80.14802199974768, 26.211927999999695], [-80.14797900008999, 26.21192000025562], [-80.14790799994488, 26.21190600029924], [-80.14779199959392, 26.211882999618854], [-80.14769700005768, 26.21186200007989], [-80.14762699973748, 26.21184699994639], [-80.14752600035345, 26.211824000060247], [-80.14732899981165, 26.211780999980668], [-80.14722699970439, 26.211751999861765], [-80.14712799997018, 26.211725000078076], [-80.14692799995366, 26.211669000148564], [-80.14632799990403, 26.2115039999117], [-80.14612799988748, 26.211449000049388], [-80.146115000367, 26.211445000161], [-80.14585800044907, 26.21134499968193], [-80.14553100021091, 26.21121900019714], [-80.14505099981187, 26.211028000359825], [-80.14478300002328, 26.210922000065892], [-80.14443999989162, 26.21078499976348], [-80.14431400039322, 26.210734999654136], [-80.14422300015663, 26.21069899962658], [-80.14404400005648, 26.210622000246634], [-80.14389799956831, 26.210566999967522], [-80.143334000402, 26.21039600029654], [-80.14306800026323, 26.210324000020577], [-80.14287900011735, 26.210267000039156], [-80.14269199962128, 26.210211000214045], [-80.14239500041867, 26.210129999771663], [-80.14235000021283, 26.210117999970006], [-80.14222499964104, 26.21008000018686], [-80.14201499957875, 26.210016999776776], [-80.14189900012612, 26.209982999899502], [-80.14086800008127, 26.209704000009808], [-80.14048599959155, 26.209600999884405], [-80.14041799981949, 26.209582999696604], [-80.14029800016888, 26.20955100007234], [-80.1397359997541, 26.209404000274844], [-80.13954800033142, 26.209359999915563], [-80.1394269999576, 26.209330999999402], [-80.13938099992686, 26.209316999731556], [-80.13936099983536, 26.20931100019196], [-80.13927600034486, 26.20928500003413], [-80.13916199964373, 26.209254999906864], [-80.13897000002312, 26.209211000297213], [-80.13889399985514, 26.20918900008315], [-80.13887999961143, 26.20918500011709], [-80.13880400034176, 26.20916500028455], [-80.13871399993009, 26.209141999868404], [-80.13860500015014, 26.209112999897908], [-80.13856999999003, 26.209103999766654], [-80.13846000038518, 26.20907499978668], [-80.13842699987491, 26.20906599965245], [-80.13829999965328, 26.209031000108986], [-80.13828100028502, 26.20902499974867], [-80.13819800044436, 26.209003000305422], [-80.13810899985758, 26.2089789996625], [-80.13800000007764, 26.20894999965138], [-80.1379480001991, 26.208936000143673], [-80.13789200012262, 26.208920999633033], [-80.13766100014392, 26.2088469996647], [-80.13760699971724, 26.208826999774068], [-80.13757400010529, 26.208816000034258], [-80.13749700011239, 26.208777999826076], [-80.1373709997157, 26.208690000229506], [-80.13721199970703, 26.208588000210884], [-80.13715599963054, 26.208552000325216], [-80.13712600039163, 26.208528999787955], [-80.13686100007776, 26.208257999633123], [-80.13641800038697, 26.20779200013994], [-80.1356119995747, 26.206954000228226], [-80.13529000025775, 26.206619999799592], [-80.1351399995716, 26.20645099959883], [-80.1350969999139, 26.206392999921704], [-80.13507299962446, 26.206361000226416], [-80.13503900018758, 26.206295999785613], [-80.1350259997688, 26.206261000215232], [-80.13499300015683, 26.206195000305872], [-80.13495499962367, 26.206187000167752], [-80.134843000369, 26.206150000126385], [-80.1347720002239, 26.206117000144907], [-80.13473600023889, 26.206102000076974], [-80.1346259997357, 26.206059999715254], [-80.13452500035167, 26.20600300006368], [-80.13448699981852, 26.205990999836505], [-80.13436899981777, 26.205976999972933], [-80.134330000358, 26.20597599975234], [-80.13377600033913, 26.20599799976768], [-80.1332669996278, 26.206012999849023], [-80.13277000040867, 26.20602900014858], [-80.13272799967756, 26.206030000368713], [-80.1327109999591, 26.206030999782886], [-80.13269800043864, 26.206030999782886], [-80.13248199963024, 26.206037000297535], [-80.13241100038346, 26.206040000151777], [-80.13223099956008, 26.206044999639968], [-80.13202899989373, 26.20605200037385], [-80.13169300033306, 26.206062000154994], [-80.13164700030231, 26.20606399978873], [-80.13158000035516, 26.20606399978873], [-80.13151400023293, 26.20606399978873], [-80.13147300022503, 26.20606399978873], [-80.13143899988984, 26.20606399978873], [-80.13136000024713, 26.20605400000778], [-80.13131300039146, 26.206041000371812], [-80.13128400007915, 26.206033000223133], [-80.13125499976682, 26.206043000005902], [-80.13123100037568, 26.20605200037385], [-80.1311540003828, 26.206069000081893], [-80.13107700038991, 26.206074999788594], [-80.13101700011545, 26.206080000081275], [-80.13088800024403, 26.206089999860012], [-80.13064100037182, 26.206110000220892], [-80.13050400010447, 26.206113000073238], [-80.13040299982212, 26.206115999925508], [-80.13037600005795, 26.206119999997075], [-80.13036400036238, 26.20612199962979], [-80.13024600036161, 26.20611499970611], [-80.13008700035296, 26.20611400029266], [-80.12988999981116, 26.206133999843455], [-80.12985100035138, 26.206140999766006], [-80.12969999984034, 26.206187000167752], [-80.1295840003877, 26.20620900014322], [-80.12957199979382, 26.206211999993], [-80.12946999968658, 26.206239000249596], [-80.12786999955424, 26.20678300008506], [-80.12725500033432, 26.206993999843665], [-80.12648500040538, 26.207260000281646], [-80.12638400012305, 26.20729500035765], [-80.12627100014514, 26.207326999796177], [-80.12612399983203, 26.207380000383264], [-80.12520400011529, 26.207718999659463], [-80.12505299960424, 26.207773000273257], [-80.12487299967918, 26.207839000093866], [-80.12483900024229, 26.207857999949812], [-80.12474299998284, 26.207923000324342], [-80.12471200002068, 26.207936999953876], [-80.12393600024397, 26.20822299984668], [-80.12376499964144, 26.20827399962409], [-80.12368299962567, 26.208302999803625], [-80.12365000001371, 26.208314999792425], [-80.12360900000583, 26.20832900018079], [-80.12355499957916, 26.20834799995675], [-80.12350400042385, 26.208362999735265], [-80.12349000018014, 26.208367999929653], [-80.12345599984495, 26.20837700011785], [-80.12339800011864, 26.208390000298877], [-80.12335200008789, 26.20839899967939], [-80.12329299963834, 26.208406999665467], [-80.12326900024719, 26.208410000264568], [-80.12321300017071, 26.208414000257306], [-80.12316299994198, 26.208417000050275], [-80.12312699995698, 26.208418000249903], [-80.12289500015339, 26.208422000242365], [-80.12273199994677, 26.208423999835528], [-80.1226290000146, 26.20842600023468], [-80.12256100024256, 26.208426999628244], [-80.1222559997457, 26.208434000218876], [-80.12146400007548, 26.208478000122245], [-80.12134600007468, 26.208491999685037], [-80.12122899989882, 26.2085119996332], [-80.12113400036257, 26.208532999776573], [-80.12111400027109, 26.20853799996367], [-80.12096500030817, 26.208588000210884], [-80.12089599981287, 26.20862500028329], [-80.12085999982787, 26.208640000026108], [-80.12083100041387, 26.20867499968716], [-80.1207769999872, 26.208727999660475], [-80.12070900021513, 26.20877699962954], [-80.12065200031374, 26.208817000230454], [-80.12059399968909, 26.20886700035782], [-80.12056899957473, 26.208895000194094], [-80.12047900006137, 26.209011000249998], [-80.12038600017495, 26.209132999739403], [-80.12025300010556, 26.20931299976986], [-80.12020200005193, 26.209412000191865], [-80.12015799967101, 26.2095130001041], [-80.12012500005905, 26.20961799988007], [-80.12007700037847, 26.209869000380674], [-80.12007300018051, 26.209894999602078], [-80.12005300008902, 26.21004900007889], [-80.12005499973884, 26.210224000190216], [-80.12005100043919, 26.210290999610525], [-80.12004700024123, 26.210377000048943], [-80.12004800006615, 26.210493000239726], [-80.12004899989107, 26.21055799994871], [-80.12004800006615, 26.210640000273717], [-80.11965300005595, 26.210653000202], [-80.11886200021061, 26.21068599970342], [-80.11752599966891, 26.21074800037775], [-80.11752499984401, 26.210716000267833], [-80.11752400001909, 26.210637999912638], [-80.11509600023152, 26.210751000110545], [-80.11455700028125, 26.210757999755458], [-80.11374499962122, 26.210793999764775], [-80.1135549996504, 26.21080299976537], [-80.11212399957249, 26.210832000120714], [-80.1118010004306, 26.21083899976074], [-80.11122899997008, 26.210851000294028], [-80.11057600021701, 26.21086400019875], [-80.11011000006168, 26.21087300019394], [-80.11009199962002, 26.210445000369354], [-80.11005800018316, 26.20969200016422], [-80.10936199987407, 26.20970900014659], [-80.10897899955941, 26.209718000231103], [-80.10855400031029, 26.209728999885648], [-80.10795699973539, 26.20974300010394], [-80.10736000005882, 26.2097570003205], [-80.1072119999208, 26.20976000007887], [-80.10600299960075, 26.209790000075998], [-80.10564500029876, 26.20978799970033], [-80.1054219998177, 26.20978700031842], [-80.10528899974831, 26.209788999888175], [-80.10487700001966, 26.20979799996645], [-80.10420500000002, 26.209812000176438], [-80.1041620003423, 26.20981499993338], [-80.10420599982493, 26.211544999748188], [-80.10420800037305, 26.21162700018373], [-80.10421000002289, 26.211685999842167], [-80.0989100000337, 26.21180399987528], [-80.09875100002503, 26.21181000009233], [-80.09829999993833, 26.211812999797772], [-80.09831900020491, 26.211767000007544], [-80.09832400022778, 26.211750999690786], [-80.09787300014108, 26.211759999617378], [-80.09780500036901, 26.2121139999386], [-80.09779000030039, 26.212122999837113], [-80.09767200029962, 26.21249900025856], [-80.09763899978934, 26.212607999607016], [-80.09747499975781, 26.21346099984056], [-80.09708399994557, 26.215018999986217], [-80.09704799996055, 26.215112000343353], [-80.09704700013563, 26.215175999748677], [-80.09704600031073, 26.21523000012622], [-80.09700299975471, 26.215352000349597], [-80.09697799964036, 26.215458999971215], [-80.09693400015773, 26.21569500032537], [-80.09684999959383, 26.215980999689588], [-80.09676299955521, 26.216344999768555], [-80.09663700005682, 26.21686100039131], [-80.09659299967589, 26.217041999877083], [-80.09656699973661, 26.217150999805607], [-80.09651800023113, 26.21735299980978], [-80.09646200015463, 26.217581000191114], [-80.09642000032183, 26.217755000139118], [-80.09637000009313, 26.217956999900586], [-80.09628899990228, 26.218293000258978], [-80.09622399960494, 26.21856100007942], [-80.09617500009945, 26.21876300005331], [-80.09612499987074, 26.218964999676487], [-80.09604899970276, 26.219307000177825], [-80.09603899965703, 26.219326999879122], [-80.09603500035738, 26.21933800023722], [-80.0960090004181, 26.21944400011782], [-80.09597900028086, 26.219570000367316], [-80.09566799993625, 26.21950800036394], [-80.09561100003485, 26.219497000021924], [-80.09559199976827, 26.219493999708693], [-80.0955650000041, 26.219560000135047], [-80.09555699960816, 26.219587999816184], [-80.09554200043787, 26.219607000171607], [-80.09553200039213, 26.219621000007365], [-80.0933549997764, 26.21964600017037], [-80.09336800019518, 26.219585000311156], [-80.09339800033243, 26.219452000150547], [-80.09340599983003, 26.219405000051356], [-80.0934180004239, 26.219345000171472], [-80.09290500041291, 26.21929100009196], [-80.09292499960608, 26.219208000114875], [-80.09295399991841, 26.219029000186076], [-80.09295499974331, 26.218992000197975], [-80.09295100044366, 26.218956000307145], [-80.09294100039791, 26.21892099970864], [-80.09290700006274, 26.21885399961577], [-80.09295200026858, 26.2187959996726], [-80.09298400005564, 26.21872900031366], [-80.09299199955323, 26.218693999646867], [-80.09300099977406, 26.218657999663822], [-80.09309899968336, 26.21815900011723], [-80.09342699974643, 26.21684200039335], [-80.09355800016597, 26.216318000244627], [-80.09355800016597, 26.21628200033233], [-80.0935520003182, 26.21624599960298], [-80.09355700034108, 26.216225000045476], [-80.09355899999089, 26.216214000198978], [-80.09357999990729, 26.21618300011316], [-80.09359699962575, 26.21614999975272], [-80.09361199969433, 26.2160969999358], [-80.09362799958788, 26.216045000228778], [-80.09368000036473, 26.21583399995481], [-80.0936939997101, 26.21576299995611], [-80.0937149996265, 26.215688000171504], [-80.09375399998457, 26.215553000115005], [-80.09373700026613, 26.215383999990678], [-80.09370700012889, 26.215383999990678], [-80.09369899973298, 26.214872999986227], [-80.0935459995721, 26.21487400013036], [-80.09275599955168, 26.214881000333193], [-80.09249299978595, 26.21488299981543], [-80.09243599988454, 26.21515000009523], [-80.09241999999102, 26.21522099966205], [-80.09226500018033, 26.215951999811427], [-80.09220800027892, 26.216220000188645], [-80.09219200038538, 26.216287000186504], [-80.09214800000446, 26.216477000126954], [-80.09214499963142, 26.216489000078848], [-80.09213100028602, 26.216557000051484], [-80.09208299970712, 26.216779999742148], [-80.09081599966072, 26.216787999957997], [-80.09081599966072, 26.216825999968478], [-80.09069600001013, 26.216791000341036], [-80.0907439996907, 26.216565000282678], [-80.09049199979563, 26.216566999735974], [-80.09046400020654, 26.216930000273013], [-80.09047000005431, 26.2169899997865], [-80.09046500003144, 26.217386999951536], [-80.09042800022152, 26.217518999933702], [-80.09038300001569, 26.217829000084464], [-80.09031799971835, 26.218294999682566], [-80.0901660002807, 26.219263000339325], [-80.08998899983037, 26.22010599995473], [-80.08997700013482, 26.22012799971663], [-80.08992199988322, 26.220463000156084], [-80.0898060004306, 26.22100300002446], [-80.08961700028472, 26.221548000237803], [-80.08961399991166, 26.22155900038588], [-80.08951400035255, 26.22195500018824], [-80.08948300039042, 26.22218599985338], [-80.08949500008598, 26.222224999793433], [-80.0894769996443, 26.222252000364207], [-80.08945699955282, 26.22280999974299], [-80.08945300025317, 26.222906999813954], [-80.08945300025317, 26.22313800000616], [-80.0894470004054, 26.22322100040273], [-80.08944400003234, 26.223373000023994], [-80.08944099965929, 26.223578999978372], [-80.08944099965929, 26.2236280001407], [-80.08948300039042, 26.223942000394935], [-80.08950199975865, 26.22416200024259], [-80.08949599991088, 26.224212000223172], [-80.08940999969715, 26.224568999911373], [-80.08940999969715, 26.224613000160524], [-80.08939200015382, 26.224684999653228], [-80.08938200010807, 26.225048999898235], [-80.08937999955994, 26.22513599996079], [-80.08936799986435, 26.22518600032856], [-80.08937999955994, 26.225224000013476], [-80.08936200001658, 26.22560999971435], [-80.0893560001688, 26.225738999884143], [-80.08936200001658, 26.226127000388207], [-80.08936500038963, 26.226257000030845], [-80.08936799986435, 26.226407999668897], [-80.08935699999373, 26.22647600029039], [-80.08931900035887, 26.226742999750943], [-80.0892719996049, 26.22713200016772], [-80.08924700038885, 26.227351999622364], [-80.08923399997005, 26.22745900029457], [-80.08920399983283, 26.227625999731114], [-80.08918499956624, 26.227740000386135], [-80.0891729998707, 26.22807499985478], [-80.08917899971847, 26.228251000280984], [-80.08916500037309, 26.22845599962668], [-80.08914699993143, 26.228733999651833], [-80.08914299973347, 26.22879600037843], [-80.08911900034234, 26.22902800017864], [-80.0890759997863, 26.22946800036237], [-80.0890759997863, 26.229869999920975], [-80.08907900015936, 26.22991399977627], [-80.0890819996341, 26.229941000173675], [-80.08906999993853, 26.229979999930872], [-80.0890880003802, 26.230072999609014], [-80.0890819996341, 26.23010099998275], [-80.0890749999614, 26.230205999712613], [-80.08906400009074, 26.23036499995195], [-80.0890409996262, 26.230534000069305], [-80.08900299999138, 26.23082200003238], [-80.08901499968695, 26.23086000029321], [-80.08898999957258, 26.230898999742173], [-80.08899100029582, 26.230981000235214], [-80.08889300038653, 26.231427000292577], [-80.08888099979264, 26.231500999598236], [-80.08884499980765, 26.231731999643205], [-80.08882999973902, 26.231828000332698], [-80.08882700026429, 26.23184300030739], [-80.08881999969327, 26.231888000219783], [-80.08881800004345, 26.231904000184414], [-80.08881399984548, 26.231928000127272], [-80.08883800013494, 26.23195000007054], [-80.08880200014993, 26.23219799994884], [-80.08869199964676, 26.23277599976317], [-80.08859999958524, 26.233144999598743], [-80.08861300000403, 26.233254999733703], [-80.08859999958524, 26.2335460001603], [-80.08856399960023, 26.233733000166318], [-80.0885030003992, 26.233920999851968], [-80.088356999911, 26.23480100020208], [-80.08833799964442, 26.234822999601725], [-80.08833000014681, 26.234865000055606], [-80.088216000344, 26.23554999998309], [-80.08814900039685, 26.23602300003231], [-80.08810699966575, 26.236198999709263], [-80.08802100035034, 26.23667300029772], [-80.08795400040319, 26.23691500004333], [-80.08791199967207, 26.23720099960594], [-80.08775900040952, 26.237812000196527], [-80.08776500025729, 26.23785600026941], [-80.08774699981565, 26.237917000214665], [-80.08774699981565, 26.23839000030227], [-80.08775299966342, 26.23842299999296], [-80.08774699981565, 26.238653999982716], [-80.08765599957903, 26.239204000144273], [-80.08760100022577, 26.239440999790986], [-80.08757000026363, 26.23952399983181], [-80.0875459999742, 26.239843000320484], [-80.08744200021711, 26.240348999772262], [-80.08735099998053, 26.24069599984759], [-80.08732000001838, 26.240739999634513], [-80.08728999988115, 26.24092199974828], [-80.08722899978179, 26.24104299969273], [-80.08722899978179, 26.241130999792972], [-80.08724700022344, 26.241147000097023], [-80.08725899991902, 26.241274000115908], [-80.08705800007755, 26.242149000046062], [-80.08702799994035, 26.242199000349583], [-80.08701500041985, 26.24234200016424], [-80.0868990000689, 26.242727000340132], [-80.08679000028896, 26.243023999834616], [-80.08674699973294, 26.24328800027005], [-80.08672900018958, 26.243338000083547], [-80.08663700012808, 26.243442999944122], [-80.08655799958706, 26.243579999650308], [-80.08653099982286, 26.243684000201604], [-80.08641799984495, 26.24413099976055], [-80.08619799973692, 26.244736000050082], [-80.08616699977479, 26.24489599963998], [-80.08613699963756, 26.245098999678834], [-80.08610599967542, 26.245175999600807], [-80.08591099968176, 26.24621700021419], [-80.08592400010055, 26.246255000276882], [-80.08590499983399, 26.246309999794317], [-80.08588700029061, 26.246606999800377], [-80.08588300009266, 26.24662699964055], [-80.08581399959738, 26.246949000380706], [-80.08580199990182, 26.247080999840737], [-80.08577099993968, 26.24717899967249], [-80.08571599968809, 26.247361000176603], [-80.08569800014475, 26.24739999972957], [-80.08556400025043, 26.24759299998979], [-80.08549599958008, 26.247751999813048], [-80.08544799989949, 26.247971999726527], [-80.08536199968577, 26.248131999694973], [-80.08533200044685, 26.248147999840832], [-80.08524000038534, 26.248318999600436], [-80.0851669996921, 26.248583000092008], [-80.08512999988217, 26.248638000118945], [-80.08509800009512, 26.248709000188434], [-80.08505100023945, 26.248814999882363], [-80.08503899964558, 26.249057000128527], [-80.08501500025444, 26.249166999707576], [-80.08501500025444, 26.249260999997773], [-80.08501500025444, 26.24931499985584], [-80.08502699995, 26.24935400036435], [-80.08499000014008, 26.249706000167986], [-80.08495400015507, 26.249826999828997], [-80.08495199960694, 26.249857999808448], [-80.08494400010933, 26.25000000002437], [-80.08490999977414, 26.250182000138114], [-80.0849009995533, 26.250231000367943], [-80.0849130001472, 26.250358000127502], [-80.0849009995533, 26.250483999910347], [-80.08486399974338, 26.250593999749718], [-80.08486399974338, 26.250632999828902], [-80.08484000035224, 26.250699000304913], [-80.08481600006282, 26.250798000142968], [-80.08481000021503, 26.250896999896664], [-80.08484000035224, 26.251035000315884], [-80.08484000035224, 26.25119400026289], [-80.08483399960616, 26.251310000026166], [-80.08481000021503, 26.25145799986154], [-80.08476099981122, 26.251590999667073], [-80.08474400009278, 26.251641999764153], [-80.08471800015353, 26.25172800024046], [-80.08466899974972, 26.251844000276183], [-80.08463000028998, 26.251965999952656], [-80.08456599981756, 26.252167000077925], [-80.08454800027421, 26.25220800008081], [-80.08404199993592, 26.252218999745065], [-80.08394999987442, 26.252627999925593], [-80.0838799995542, 26.252841999757436], [-80.08386100018595, 26.252903999710355], [-80.08377199959916, 26.253179999645074], [-80.08368299991072, 26.2534559997297], [-80.08359400022225, 26.25373199996423], [-80.08351700022936, 26.253969999599065], [-80.08347200002352, 26.25410900020284], [-80.08337499993914, 26.254299000376548], [-80.08325699993837, 26.25452700001366], [-80.08314999980824, 26.254735999757813], [-80.08304199985321, 26.254944999931574], [-80.08299400017263, 26.25504099997788], [-80.08271100031541, 26.256260000312153], [-80.0821330000071, 26.256998000344], [-80.08164900030842, 26.257601000141026], [-80.08161400014833, 26.257648000105895], [-80.0815210002619, 26.257776000393797], [-80.08130600017675, 26.25804299965914], [-80.08133100029112, 26.258086000355444], [-80.081372000299, 26.25815499994068], [-80.08149500032265, 26.258365000177417], [-80.08153700015544, 26.258435000171982], [-80.08188399958675, 26.259020999737228], [-80.08195599955677, 26.25914200016866], [-80.08289299989029, 26.26079899984386], [-80.08322900034926, 26.261392999933598], [-80.08330200014422, 26.261552000202958], [-80.0833509996497, 26.26165800026158], [-80.08347399967333, 26.261922999984826], [-80.08350399981057, 26.26198799994618], [-80.08352399990206, 26.262030000248902], [-80.0835339999478, 26.262052000132886], [-80.08356599973486, 26.262120999778528], [-80.08359800042021, 26.262190000188763], [-80.08363100003218, 26.262263000309645], [-80.08365000029875, 26.2623049997073], [-80.0837020001773, 26.26241999991752], [-80.08373099959128, 26.26248399986609], [-80.08376499992649, 26.262558000341674], [-80.08410200021036, 26.262395999826992], [-80.08443799977104, 26.262234999628653], [-80.08460600000053, 26.262153999979848], [-80.08627499972982, 26.261352999694743], [-80.08718399957593, 26.261082000190985], [-80.08807900007666, 26.260815999605207], [-80.0881109998637, 26.260916000236076], [-80.0881889996815, 26.261162999781902], [-80.08820700012318, 26.26121699974638], [-80.08823999973514, 26.261317999776576], [-80.08828999996385, 26.261436000195108], [-80.08843200025406, 26.261429000378456], [-80.08919299996218, 26.261405000083116], [-80.08931599998583, 26.26139999975245], [-80.09003099966318, 26.261371999668942], [-80.09215700022528, 26.261291000223768], [-80.09254600038771, 26.26128500014329], [-80.0927699997954, 26.26128200010291], [-80.09302300041368, 26.26127699976692], [-80.09338499991364, 26.26126999994068], [-80.09360300037183, 26.26125700003204], [-80.093706000304, 26.261250999949816], [-80.09402500014622, 26.26123700029372], [-80.09426000032286, 26.261234000252117], [-80.09447899970765, 26.26123299970119], [-80.09468100027233, 26.26122699961767], [-80.09509499965081, 26.2612099999165], [-80.09537800040634, 26.26119900029807], [-80.09558000007272, 26.261196000255467], [-80.09575499997489, 26.26119499970422], [-80.09589499971696, 26.26119499970422], [-80.09619400036604, 26.261190999915815], [-80.09630399997087, 26.261187999873005], [-80.096487000269, 26.26118499983013], [-80.09659100002607, 26.261184000084356], [-80.09670499982887, 26.261184000084356], [-80.09690499984542, 26.26117599970108], [-80.09701000032571, 26.261172999657887], [-80.0971070004101, 26.261169999614623], [-80.09740100013798, 26.26116500007942], [-80.09749900004726, 26.261164000333466], [-80.09757199984219, 26.261165999825348], [-80.09779199995022, 26.261174000209362], [-80.09786599957006, 26.261177000252502], [-80.09811699964023, 26.261187000127265], [-80.09819399963312, 26.261186000381517], [-80.09899000039964, 26.261177000252502], [-80.09918200002026, 26.26116899986872], [-80.09928300030262, 26.26116500007942], [-80.0993390003791, 26.26115899999243], [-80.09951000008331, 26.261142000281257], [-80.09948999999185, 26.261303000383837], [-80.0994310004406, 26.261786999898412], [-80.09942700024266, 26.261826000247485], [-80.0994099996259, 26.261948999651516], [-80.09939200008256, 26.26207799977065], [-80.09933799965587, 26.26246500007385], [-80.09932099993743, 26.262595000158992], [-80.09924999979232, 26.263099999883554], [-80.09922499967797, 26.26327899962244], [-80.09902600038465, 26.264613999858092], [-80.0989510000416, 26.26511899966301], [-80.09892799957706, 26.265313999709733], [-80.09885999980499, 26.265902000222614], [-80.0988380000637, 26.266098999972332], [-80.0987760001394, 26.266511000318857], [-80.09869499994855, 26.26698499969495], [-80.09865300011576, 26.267394999929415], [-80.09859899968907, 26.267751999893463], [-80.09845899994698, 26.2686839997341], [-80.0984380000306, 26.268826000294133], [-80.09838500032716, 26.269184000367773], [-80.09835299964179, 26.26941199978072], [-80.09830300031139, 26.26978500037384], [-80.09825300008268, 26.27015099967204], [-80.09815900037134, 26.270855000232032], [-80.09807499980744, 26.271473999916665], [-80.09805999973882, 26.271591000023587], [-80.09799399961659, 26.272086000348295], [-80.0979800002712, 26.272193000106817], [-80.0979519997838, 26.27238200004159], [-80.0978680001182, 26.272950999704815], [-80.09784100035402, 26.273140999659155], [-80.09782600028541, 26.273259999785857], [-80.09778000025466, 26.273617999878198], [-80.09776600001095, 26.27373799995905], [-80.09774900029252, 26.273873000103052], [-80.0977199999802, 26.274098999897223], [-80.09771099975937, 26.274166000364687], [-80.09752199961349, 26.27543100007975], [-80.09750099969708, 26.275540000026325], [-80.09744100032094, 26.27600899988494], [-80.09741399965844, 26.276191000317453], [-80.09717900038011, 26.277803000088287], [-80.09713199962614, 26.27814200021694], [-80.0970439997626, 26.27879299960446], [-80.0970300004172, 26.278893999647387], [-80.09698799968609, 26.279197000054157], [-80.09697500016561, 26.27929900014068], [-80.09690599967033, 26.279766000134128], [-80.09678799966956, 26.28056800021128], [-80.096699999806, 26.28116999963995], [-80.09663200003395, 26.281637999727117], [-80.09662700001107, 26.281680000169263], [-80.09661199994247, 26.281805000225432], [-80.0966079997445, 26.281848000174953], [-80.09651900005605, 26.282514000392695], [-80.0964379998652, 26.28312700015304], [-80.09638400033683, 26.283487000325106], [-80.09623399965068, 26.28450899960813], [-80.09615699965778, 26.285031999621047], [-80.09613599974139, 26.285174000314043], [-80.09609599955844, 26.285505000335718], [-80.09602299976349, 26.28599600036565], [-80.09598500012865, 26.28625200030338], [-80.09593700044807, 26.286628000118856], [-80.09578099991417, 26.28768300011103], [-80.09567299995912, 26.28846000037669], [-80.09555900015631, 26.289283000002705], [-80.09554499991259, 26.289375999722395], [-80.0955030000798, 26.28965399973885], [-80.09548999966101, 26.289748000271608], [-80.09547700014055, 26.28983899981514], [-80.09543799978248, 26.290114000232066], [-80.09542600008692, 26.290205999789617], [-80.09537699968311, 26.29049599979079], [-80.09523100009324, 26.29136699976154], [-80.09518300041267, 26.291658000369818], [-80.09511100044264, 26.292096000340482], [-80.09489499963426, 26.293408999717755], [-80.09482400038748, 26.293847999787772], [-80.09479000005227, 26.29405099961045], [-80.09468799994504, 26.294660000167674], [-80.09465500033306, 26.29486399963523], [-80.09456400009647, 26.29539699981508], [-80.09428999956177, 26.29699799983048], [-80.09420000004839, 26.297532000102876], [-80.09418300032995, 26.297628999793385], [-80.09417699958387, 26.297666999940603], [-80.09481400034174, 26.297647000034235], [-80.09484600012877, 26.297647000034235], [-80.09672900011833, 26.29763100026769], [-80.09736900035092, 26.297624999650015], [-80.09811699964023, 26.29759300010869], [-80.09887099967564, 26.29758899996406], [-80.09965099965031, 26.297573000189537], [-80.0998039998112, 26.297567000374176], [-80.10026499994365, 26.297553000266923], [-80.10041899992943, 26.297549000120906], [-80.10057299991523, 26.297544999974775], [-80.10103999989545, 26.297533999773517], [-80.10119600042938, 26.29753099986485], [-80.1016490001659, 26.297516999753274], [-80.10300999992364, 26.297479000362227], [-80.1034640003834, 26.29746599967759], [-80.10361499999613, 26.297465000244337], [-80.1040700002808, 26.297465000244337], [-80.10422199971845, 26.297465000244337], [-80.10438400010014, 26.29746299976717], [-80.10487100017187, 26.297455999707488], [-80.1050340003785, 26.29745500027417], [-80.10520599990764, 26.297454000035497], [-80.10571800009372, 26.297452000363467], [-80.10589800001877, 26.297458999618062], [-80.10589899984366, 26.2974350003312], [-80.1059010003918, 26.297395999868797], [-80.10590999971433, 26.297220000323875], [-80.10592700033108, 26.297126999646505], [-80.10596099976796, 26.297010000325105], [-80.10600199977583, 26.29690899994865], [-80.10611599957865, 26.296695000016467], [-80.10635400012833, 26.296241999989878], [-80.10641600005262, 26.296098999711727], [-80.10645299986254, 26.2959430000125], [-80.10646899975607, 26.295733000116932], [-80.10645399968746, 26.29481499972086], [-80.10643699996902, 26.294715000110784], [-80.10637699969456, 26.294603999935223], [-80.10635099975529, 26.294565000131296], [-80.10632700036416, 26.29452999975916], [-80.1063089999225, 26.29447300000493], [-80.10629499967878, 26.294392999765666], [-80.10629399985388, 26.293832999766963], [-80.10629399985388, 26.293788999963105], [-80.10629399985388, 26.293757000168508], [-80.10629399985388, 26.293660999926292], [-80.10629399985388, 26.293629000096374], [-80.10664799985621, 26.293636000387092], [-80.10771099968811, 26.293659999654885], [-80.10806600041366, 26.29366800021509], [-80.10809800020071, 26.29367299996093], [-80.10819399956186, 26.293689000273602], [-80.10822700007215, 26.29369500028963], [-80.10843899978425, 26.29296100032156], [-80.10846600044674, 26.292868999727975], [-80.10905800010045, 26.290755000350778], [-80.10926499978969, 26.290019999995987], [-80.10991300041819, 26.287796999822802], [-80.11001499962713, 26.287449000012565], [-80.11075799979189, 26.28473799986853], [-80.11167099983595, 26.281549000139865], [-80.11179800005756, 26.281112000189513], [-80.11244699961267, 26.27888999966329], [-80.1126170003903, 26.27828199967461], [-80.11268099996441, 26.278055000371054], [-80.11297999971514, 26.27699300013324], [-80.1131460002948, 26.276464000028277], [-80.11333600026562, 26.275862000349587], [-80.11336999970248, 26.27574200004837], [-80.11347400035787, 26.27538499968729], [-80.11350899961965, 26.27526600012837], [-80.11353399973402, 26.27526499969834], [-80.11361300027505, 26.27526499969834], [-80.1136390002143, 26.27526499969834], [-80.11365400028292, 26.275264000073808], [-80.11366500015359, 26.275264000073808], [-80.11374499962122, 26.275264000073808], [-80.11377200028372, 26.275264000073808], [-80.1139339997671, 26.275247999636164], [-80.1143420001961, 26.275240999846766], [-80.11605500030635, 26.27521200025441], [-80.11662600004364, 26.275202999601753], [-80.11700599998522, 26.275195999809643], [-80.11719000010827, 26.275193999753874], [-80.11737199968313, 26.275191000072923], [-80.1177009995711, 26.275186999961218], [-80.11888200030208, 26.275171000318444], [-80.11944700019161, 26.275163000093485], [-80.11959899962926, 26.275161999662593], [-80.1200589999368, 26.27516100003718], [-80.12021200009767, 26.27516100003718], [-80.12054500018361, 26.275154999868015], [-80.1215440004414, 26.275137000164104], [-80.12187699962902, 26.275130999993653], [-80.12190099991847, 26.275130999993653], [-80.1219310000557, 26.275130000367977], [-80.12338499969984, 26.275079000114705], [-80.12457399992842, 26.27505199973461], [-80.12465099992133, 26.27504699999172], [-80.12488400044815, 26.27503499964124], [-80.12496200026594, 26.275031000329633], [-80.12508399956637, 26.27502399972166], [-80.12510799985581, 26.27502199966293], [-80.12520599976511, 26.275018000350894], [-80.12545199981241, 26.275005999997447], [-80.12554999972168, 26.274999999820228], [-80.12569700003478, 26.27499300001587], [-80.12696300025628, 26.274949999942546], [-80.12731499971046, 26.274945000195267], [-80.12906700017876, 26.274964000361543], [-80.13034799957055, 26.274997999761112], [-80.1310630001462, 26.27498600021109], [-80.13129099975184, 26.27499399964273], [-80.1315629997384, 26.27499399964273], [-80.13208099977226, 26.274995000075087], [-80.13306599978635, 26.274978999600368], [-80.1335679999267, 26.274971999794737], [-80.13422300022789, 26.27496200030182], [-80.13427400028151, 26.27496099986916], [-80.13431399956617, 26.27496099986916], [-80.13442999991713, 26.274958999809353], [-80.13448199979567, 26.274958999809353], [-80.13474499956139, 26.274956000122323], [-80.13553499958181, 26.274947999882578], [-80.13565799960546, 26.274947000255324], [-80.13579900007076, 26.274945999822545], [-80.13709899972913, 26.27493099977398], [-80.13805299978108, 26.274921000277523], [-80.13971200036296, 26.274884000361023], [-80.14100100015067, 26.274850999750672], [-80.14230199963394, 26.274817999936438], [-80.14248699958186, 26.27481100012111], [-80.14304200032396, 26.274791000301143], [-80.1432280000968, 26.274785000112843], [-80.14363800017563, 26.274768999609158], [-80.14487099988682, 26.274722000130634], [-80.14528299961549, 26.274707000053084], [-80.14542099970774, 26.27470200029533], [-80.14556700019592, 26.274696000102427], [-80.14663800042374, 26.274661999808906], [-80.1467970004324, 26.27465799967897], [-80.15070700035153, 26.27457099963766], [-80.1520639999113, 26.27454100024715], [-80.15210900011714, 26.274539999810866], [-80.15221600024725, 26.274537999743824], [-80.1522480000343, 26.274537999743824], [-80.15229400006506, 26.274537999743824], [-80.15267099963363, 26.27453299997876], [-80.15380499961061, 26.27451999994423], [-80.1541829999024, 26.27451599980937], [-80.15456000036926, 26.27451100004339], [-80.15569299962304, 26.274498000006353], [-80.1560709999148, 26.27449399987077], [-80.15648099999365, 26.274487999667116], [-80.15771500042808, 26.274473000364843], [-80.15812600033182, 26.274469000228397], [-80.15816200031682, 26.274469000228397], [-80.15854999975602, 26.27446399965486], [-80.1598219998253, 26.274450999612583], [-80.16024600014782, 26.27444700028085], [-80.16080099999162, 26.274436000305553], [-80.16246999972091, 26.274403000373294], [-80.16302600028791, 26.274393000025864], [-80.16411500005908, 26.274360000081415], [-80.16439799991629, 26.274351999800555], [-80.16470300041314, 26.274351999800555], [-80.16526800030266, 26.274329999830837], [-80.16583300019218, 26.274307999856983], [-80.16638999968579, 26.274289000388784], [-80.1669470000777, 26.274270000111976], [-80.16712700000275, 26.274261999824905], [-80.16733700006505, 26.274265000335397], [-80.1673830000958, 26.274263000263584], [-80.16807600003183, 26.274246999687943], [-80.1683539998662, 26.274241000276994], [-80.16835300004126, 26.274050999706887], [-80.16833499959961, 26.274050999706887], [-80.16832399972895, 26.27326300032225], [-80.1683200004293, 26.27274899965814], [-80.16831700005626, 26.272262999820207], [-80.16831700005626, 26.27222099999725], [-80.16831600023134, 26.27213500019727], [-80.16831399968322, 26.271815999773825], [-80.1683129998583, 26.27167999999842], [-80.16831500040644, 26.271454000327232], [-80.16831000038357, 26.271204999994694], [-80.16830600018561, 26.27060999968967], [-80.16830799983543, 26.270551999794638], [-80.16829899961459, 26.26951599975992], [-80.16829699996478, 26.269297000051537], [-80.16829500031496, 26.269017999912883], [-80.16829500031496, 26.2689950000592], [-80.16829399959173, 26.268768999993753], [-80.16828199989617, 26.267033000390576], [-80.16827299967534, 26.26644400026627], [-80.16824500008624, 26.2660850000952], [-80.16817399994112, 26.265410999755584], [-80.1681510003749, 26.26523700024679], [-80.16812600026054, 26.26505399984319], [-80.16797499974949, 26.26408699997369], [-80.1677439997708, 26.26325300025355], [-80.16693700003196, 26.260328000253523], [-80.16690400041999, 26.260052000385887], [-80.16688099995547, 26.25996199979685], [-80.16684599979536, 26.25983999965683], [-80.16665199962661, 26.259153999745145], [-80.16658999970231, 26.25887999984113], [-80.16653399962583, 26.25862799982329], [-80.1664049997544, 26.258052999803777], [-80.16634000035539, 26.257683000324523], [-80.16627599988296, 26.25731199988745], [-80.16613199994292, 26.25613299975409], [-80.166131000118, 26.256113999728456], [-80.16612400044532, 26.25600400028206], [-80.16612000024735, 26.25594799992334], [-80.1661160000494, 26.255881000221155], [-80.16608500008725, 26.255379999708023], [-80.16606199962273, 26.25501299997258], [-80.16606099979782, 26.254964000148462], [-80.166059000148, 26.254896000078766], [-80.16603599968344, 26.25406899987226], [-80.16601700031521, 26.25337200015868], [-80.16600800009437, 26.253026999700996], [-80.16599899987354, 26.252704999692128], [-80.16598499962984, 26.25218900021881], [-80.1659610002387, 26.25130400023569], [-80.16595299984279, 26.251006000317282], [-80.16595600021583, 26.25091099999337], [-80.1655810002971, 26.250005000040154], [-80.16556299985544, 26.24995700036312], [-80.16506300026325, 26.249541999760407], [-80.16486800026956, 26.24938100027489], [-80.1645469998792, 26.248901999885746], [-80.16425800017421, 26.248907999800227], [-80.16420299992262, 26.248915000371454], [-80.16413099995259, 26.248910000308754], [-80.16409099976961, 26.2489110001602], [-80.16404399991397, 26.2489110001602], [-80.16375900040693, 26.248922999987926], [-80.16374799963796, 26.24855400028708], [-80.16370699963007, 26.247488999714083], [-80.16371000000312, 26.247200000086085], [-80.16369099973654, 26.246804999919796], [-80.16368499988876, 26.246366999838052], [-80.16368400006384, 26.246211000160745], [-80.1636730001932, 26.245566000263597], [-80.1636740000181, 26.24554199991354], [-80.16368499988876, 26.24532599976273], [-80.16376899955436, 26.245328000332947], [-80.16379399966871, 26.245329000215182], [-80.16390300034696, 26.245331999861847], [-80.164003999731, 26.24533500031416], [-80.16402100034774, 26.24533500031416], [-80.16410500001334, 26.24533799996067], [-80.16413199977751, 26.24533799996067], [-80.16421299996837, 26.24534099960711], [-80.16424099955746, 26.245342000294965], [-80.16436100010637, 26.245343000177083], [-80.16472099995649, 26.245349000275336], [-80.16484099960708, 26.24535100003945], [-80.16499299994305, 26.24535100003945], [-80.16544999987754, 26.24535399968554], [-80.16560300003842, 26.24535500037327], [-80.16596299988852, 26.245346999705475], [-80.16672500031984, 26.24533099997964], [-80.16672600014478, 26.245065000387658], [-80.16672299977172, 26.24493599990589], [-80.1671510002922, 26.244904000338842], [-80.167193000125, 26.24479399994703], [-80.16720800019361, 26.244756000212305], [-80.16723400013288, 26.24468699992011], [-80.16724400017863, 26.244667999633975], [-80.16735700015653, 26.2443790002415], [-80.16741200040812, 26.24423800029935], [-80.16745500006581, 26.24413099976055], [-80.16748299965492, 26.244066000281165], [-80.16754299992935, 26.243926999747924], [-80.16759099960994, 26.243814000356974], [-80.16768799969431, 26.243592000028563], [-80.16772600022746, 26.243505999976087], [-80.16804400024478, 26.242837000271255], [-80.16809600012333, 26.242736000287127], [-80.1682199999719, 26.242498000200857], [-80.16830000033782, 26.242343999980093], [-80.16842800038432, 26.242104000076836], [-80.16857200032439, 26.24184800027834], [-80.16871500043952, 26.241597000293577], [-80.16885400035669, 26.24135399990426], [-80.16891700010588, 26.241243000263655], [-80.16902800043395, 26.24105999992789], [-80.1691439998866, 26.240871999701124], [-80.16931399976592, 26.240608000223755], [-80.16962099991258, 26.240171000079332], [-80.1697840001192, 26.23995399968659], [-80.16998199958762, 26.239689999735663], [-80.17006899962624, 26.239575000390566], [-80.17019400019802, 26.23941100018879], [-80.170334999765, 26.239223999646953], [-80.17093999983751, 26.238494999798327], [-80.17127200009854, 26.238095000136198], [-80.17139799959692, 26.237947000202443], [-80.17159500013872, 26.237712999770274], [-80.17168300000228, 26.23761000027092], [-80.17210200030193, 26.237114999659312], [-80.17230999981608, 26.236868999704267], [-80.17257099993199, 26.236561000258273], [-80.17295400024662, 26.236108000019442], [-80.17343299992243, 26.235543000218318], [-80.17376000016057, 26.235155999675648], [-80.1745290002646, 26.23424800022681], [-80.17471599986234, 26.234028000120208], [-80.17497699997826, 26.23372000039968], [-80.17517100014702, 26.233490000259398], [-80.17564300015013, 26.232932999733716], [-80.17578600026525, 26.232763999879836], [-80.17634100010903, 26.232113000326304], [-80.17655600019418, 26.23185500028573], [-80.17671900040081, 26.23166099967824], [-80.17681899995992, 26.231545999643018], [-80.17684900009715, 26.23151199961077], [-80.17671900040081, 26.231449000330638], [-80.17660499969968, 26.231379000195126], [-80.17658799998124, 26.23130199999736], [-80.17660899989764, 26.23121299970526], [-80.17670599998202, 26.23109099999997], [-80.17691400039449, 26.23091599984916], [-80.17710400036528, 26.230760000385978], [-80.17724599975718, 26.230662999612147], [-80.17737999965149, 26.230564000350537], [-80.17776399979105, 26.2302530002824], [-80.17811199994559, 26.22997199981647], [-80.17869899957643, 26.229444999930628], [-80.18079300035149, 26.22699499961211], [-80.18242500027085, 26.225471999730434], [-80.18466999976033, 26.222797000367038], [-80.18471599979108, 26.22274200020162], [-80.18475400032423, 26.222695999896832], [-80.18486899995196, 26.222556999600986], [-80.18490800031003, 26.222512000107383], [-80.18534400032812, 26.22198999987395], [-80.18541600029815, 26.22190399995968], [-80.1869550003311, 26.220091000078064], [-80.18724300021118, 26.219761999986154], [-80.18747300036496, 26.2194920003057], [-80.18763599967326, 26.219300000241265], [-80.18809199978284, 26.21876500027471], [-80.18812600011803, 26.218724999869565], [-80.18820999978361, 26.21862700022915], [-80.18828400030179, 26.218540000133824], [-80.18972899972509, 26.216836999757103], [-80.19332900002283, 26.212593999733382], [-80.19404100022545, 26.21174199976351], [-80.19408300005826, 26.211693000236785], [-80.19414099978457, 26.211620999957248], [-80.19503999958492, 26.21051400002567], [-80.19546300008255, 26.210030999960413], [-80.19556600001472, 26.209912999741583], [-80.195559000342, 26.209514000294327], [-80.19556900038775, 26.209459999682288], [-80.19558399955805, 26.20938099990595], [-80.19558600010619, 26.209141999868404]]]}}, {"type": "Feature", "properties": {"name": "Sea Ranch Lakes", "geoid": "1264725", "county": "broward"}, "geometry": {"type": "Polygon", "coordinates": [[[-80.10189299966507, 26.19700899992595], [-80.10190000023607, 26.196972999683943], [-80.10149500018012, 26.19691500012142], [-80.10135899973767, 26.196921000299888], [-80.10100899993333, 26.19693499964031], [-80.1009860003671, 26.19693499964031], [-80.10092100006976, 26.196937999729034], [-80.10089900032845, 26.196939000027296], [-80.10051900038687, 26.196953000171597], [-80.09950000003758, 26.196980000157264], [-80.09940299995318, 26.196983999736656], [-80.09902999968429, 26.196999999664953], [-80.09773099985084, 26.197050000031272], [-80.09754300042819, 26.19705399960826], [-80.09698299966323, 26.197067999738756], [-80.09679600006548, 26.197072999612203], [-80.09662000033838, 26.197076999994458], [-80.0960939999086, 26.197091000122192], [-80.09591900000642, 26.197095999994662], [-80.09591399998354, 26.197143999726794], [-80.09589899991492, 26.19729099969024], [-80.09589499971696, 26.197340999931612], [-80.09585700008215, 26.197725999942598], [-80.09574300027931, 26.198883000155856], [-80.0957349998834, 26.19896300008288], [-80.09573099968544, 26.199016999921966], [-80.09571099959396, 26.199269999655368], [-80.09570200027143, 26.19938399988128], [-80.09569999972331, 26.19941599988221], [-80.09568300000485, 26.199728999906206], [-80.09568100035504, 26.19976900039197], [-80.09567700015708, 26.199843999956023], [-80.09567499960895, 26.199877000103555], [-80.09564899966968, 26.20018300022], [-80.09564799984476, 26.200205999988178], [-80.09560400036214, 26.200465999820054], [-80.09560199981401, 26.20048399980552], [-80.0955869997454, 26.20055500025842], [-80.09545600022415, 26.201185000030776], [-80.09542899956163, 26.201316000395913], [-80.09528999964448, 26.201316000395913], [-80.09523600011612, 26.201318000111186], [-80.09396999989464, 26.20135200010128], [-80.09380800041123, 26.20135600033653], [-80.09368899968723, 26.201359999765614], [-80.09367000031898, 26.201458000243772], [-80.09338499991364, 26.201448000067145], [-80.09337700041603, 26.20156600000072], [-80.09337099966992, 26.201677999881728], [-80.09332299998934, 26.20190399983168], [-80.09332100033951, 26.201915000224613], [-80.09330399972276, 26.202032999684906], [-80.09356099964073, 26.202032999684906], [-80.09356999986156, 26.201913999969108], [-80.09531099956088, 26.20186899974685], [-80.09529800004039, 26.20192899977066], [-80.0952779999489, 26.202032999684906], [-80.09521699984955, 26.20232999992831], [-80.09515400010035, 26.20261400020146], [-80.09477099978571, 26.20435699966884], [-80.09473399997579, 26.204522999792367], [-80.09485600017453, 26.204522999792367], [-80.0952560002076, 26.204512999879032], [-80.09567399978404, 26.204501000304273], [-80.09600699986997, 26.204491999816405], [-80.09633699958285, 26.20448400036726], [-80.09666700019403, 26.20447499987808], [-80.09698400038644, 26.20446600019419], [-80.09727499974129, 26.20445900017093], [-80.0975650001695, 26.20445099991352], [-80.0978539998745, 26.20444299965557], [-80.09814299957951, 26.20443500020305], [-80.09843399983264, 26.20442800017792], [-80.09872500008579, 26.204421000152347], [-80.0990720004154, 26.204411000230245], [-80.09958999955096, 26.204397999604858], [-80.09980800000915, 26.204391999811698], [-80.09975799978044, 26.20465700032147], [-80.10004900003356, 26.20432599964869], [-80.1010309996746, 26.20076400029591], [-80.1009589997046, 26.200318000371347], [-80.10116200009419, 26.200100999782986], [-80.10120200027717, 26.199957000153667], [-80.10156200012727, 26.1986699996389], [-80.10161099963275, 26.19849600017622], [-80.10152600014227, 26.198245000141235], [-80.10159399991433, 26.198007000099686], [-80.10177700021244, 26.197377000059852], [-80.10180300015168, 26.197293999769816], [-80.10187799959647, 26.197057999991163], [-80.10189299966507, 26.19700899992595]]]}}, {"type": "Feature", "properties": {"name": "Southwest Ranches", "geoid": "1268135", "county": "broward"}, "geometry": {"type": "MultiPolygon", "coordinates": [[[[-80.44200000006725, 26.061936000284064], [-80.44199900024236, 26.061538999742794], [-80.44199400021948, 26.061117000042145], [-80.44192100042454, 26.055036999963182], [-80.44198099980069, 26.04417500027768], [-80.44171700021003, 26.03515699982487], [-80.4415520003536, 26.029533000081507], [-80.44046699988209, 26.029533000081507], [-80.43387599955706, 26.029571999814532], [-80.43349999981344, 26.029574000048857], [-80.43301000026696, 26.029585999839714], [-80.43301100009188, 26.029633999798072], [-80.43301500028984, 26.02978099990155], [-80.43301699993967, 26.029829999895103], [-80.4330479999018, 26.030916000264575], [-80.43311700039709, 26.033276000000647], [-80.43314599981109, 26.034177000208782], [-80.43318299962101, 26.0352639999543], [-80.43319199984185, 26.0355589996547], [-80.43322199997907, 26.036443999954066], [-80.43323200002482, 26.03673999997119], [-80.43326399981187, 26.037904999765725], [-80.43334199962968, 26.040694000003363], [-80.43336300044439, 26.041401999963213], [-80.4333990004294, 26.042568000262687], [-80.4334079997519, 26.04287600020284], [-80.43342199999563, 26.0433400002098], [-80.43343200004136, 26.04380000001141], [-80.43343899971406, 26.044108999936856], [-80.43276000002172, 26.044112999909657], [-80.43269300007456, 26.044112999909657], [-80.43213300020791, 26.044109999930065], [-80.42891299985178, 26.04409400003763], [-80.42821499989286, 26.044096000024307], [-80.42690900038671, 26.044101999984118], [-80.42666699963905, 26.044100999990842], [-80.42594000026615, 26.044099999997556], [-80.42569900024174, 26.044099999997556], [-80.4256270002717, 26.04411399990283], [-80.42546700043813, 26.044144999687134], [-80.42589900025826, 26.04414599968005], [-80.42589900025826, 26.045964000120623], [-80.425240999584, 26.045964000120623], [-80.4238890000471, 26.045961000188406], [-80.42388999987202, 26.046167000198558], [-80.42388400002424, 26.05142199987472], [-80.424114000178, 26.051420999943886], [-80.4243600002253, 26.051420999943886], [-80.42477399960379, 26.051420999943886], [-80.42519499955326, 26.05142000001304], [-80.42571299958712, 26.05142000001304], [-80.42590099990808, 26.051423999736386], [-80.42590900030402, 26.055961999841195], [-80.42687099985356, 26.055966000216554], [-80.42687000002866, 26.056021999807935], [-80.42686300035597, 26.056854000269226], [-80.42595699998458, 26.056869000149607], [-80.42596100018254, 26.057588000341973], [-80.42597399970303, 26.05967000026999], [-80.42597399970303, 26.06103600021257], [-80.42597399970303, 26.061166999699747], [-80.4256620004318, 26.061166999699747], [-80.42555199992863, 26.061166999699747], [-80.42487800025916, 26.06115699960854], [-80.42472900029624, 26.061154999912986], [-80.42466700037197, 26.06115400006519], [-80.42467099967162, 26.060887000051032], [-80.42461600031834, 26.058891999727596], [-80.4244020000581, 26.05888900012627], [-80.42388700039729, 26.058891999727596], [-80.42388099965119, 26.05786500017717], [-80.42388200037442, 26.056037999686286], [-80.42302399968362, 26.055892000110134], [-80.42247200021289, 26.055797999667703], [-80.42200000020978, 26.055794999987146], [-80.42189899992745, 26.055794999987146], [-80.4204310000396, 26.055794000093627], [-80.41919199958228, 26.05516300020684], [-80.41915200029763, 26.055185000402037], [-80.41908799982522, 26.05521399988265], [-80.4182629996447, 26.055611000065742], [-80.41789600012189, 26.05561299985591], [-80.41789600012189, 26.05558899995052], [-80.41789500029697, 26.055158999804103], [-80.41789500029697, 26.054940999840287], [-80.41789399957376, 26.054624000187395], [-80.41789199992392, 26.053673000118916], [-80.41789199992392, 26.053357000178583], [-80.41765199972441, 26.053355000349917], [-80.4169680000092, 26.053350999885424], [-80.4167489997261, 26.053355000349917], [-80.41584900010082, 26.05337199969957], [-80.41584900010082, 26.05353799986558], [-80.41583300020727, 26.054416999801067], [-80.4155169998398, 26.054415999895767], [-80.41482700027682, 26.05441499999048], [-80.4147500002839, 26.05441400008518], [-80.41470599990298, 26.05441400008518], [-80.41420499958755, 26.054413000179856], [-80.4138210003463, 26.054412000274542], [-80.41383499969169, 26.0442239999075], [-80.41383600041492, 26.04412499982724], [-80.41383800006476, 26.044076000156043], [-80.41360899973589, 26.044078000143024], [-80.41326300012949, 26.044082000116884], [-80.41286700029437, 26.044086000090616], [-80.41225499965084, 26.044082000116884], [-80.4118289996785, 26.044080000129966], [-80.41042199989002, 26.044071000188453], [-80.40981199979466, 26.04406800020779], [-80.40982500021346, 26.04417700026298], [-80.4087869995976, 26.044171000307], [-80.40780699960636, 26.044152999630146], [-80.40778900006302, 26.04774499959997], [-80.40779800028386, 26.049380999791474], [-80.4077949999108, 26.04956199996923], [-80.40617999970986, 26.04956000007582], [-80.40580700033928, 26.049559000129086], [-80.40580599961605, 26.049417000344054], [-80.4058020003164, 26.048831000332168], [-80.4058020003164, 26.048817000183135], [-80.40579700029355, 26.047667000100983], [-80.40579100044575, 26.047563999844897], [-80.40579499974538, 26.04410599995716], [-80.40391599995381, 26.044101999984118], [-80.40378600025747, 26.044103999970666], [-80.40378600025747, 26.04409300004428], [-80.40365300018807, 26.039522000246418], [-80.40299200003908, 26.039521000214073], [-80.40166399989333, 26.039519000149372], [-80.4010649996686, 26.039515000019847], [-80.40063899969626, 26.03951600005224], [-80.40063700004644, 26.039422000198595], [-80.40063500039662, 26.039334999700227], [-80.4006279998256, 26.0390619998047], [-80.40062500035089, 26.038973999809354], [-80.40061799977987, 26.03871000023429], [-80.40061600013004, 26.038623000014805], [-80.40061500030512, 26.038596999778996], [-80.40295299968102, 26.03860900026109], [-80.4036260004239, 26.03860500010052], [-80.40362100040103, 26.038454999631035], [-80.40360999963205, 26.038079000398277], [-80.40357899966992, 26.037011000321666], [-80.4035770000201, 26.036940999766916], [-80.40356500032453, 26.036509999766267], [-80.40355500027879, 26.036177000151273], [-80.40354600005794, 26.035857999674647], [-80.40294699983325, 26.035860999865353], [-80.4016270000834, 26.035853000163808], [-80.40161799986257, 26.03542500040259], [-80.40160100014413, 26.03488099967408], [-80.40159699994618, 26.034761999935125], [-80.4015640003342, 26.033676999737636], [-80.40150900008261, 26.031788999707768], [-80.4015070004328, 26.03171699987468], [-80.4015070004328, 26.03164499999739], [-80.40150900008261, 26.03157300007592], [-80.40151099973244, 26.031501000110254], [-80.4015149999304, 26.031429000100403], [-80.4015209997782, 26.031357000046366], [-80.4015280003492, 26.03128499994812], [-80.4015359998468, 26.03121399990887], [-80.40154599989255, 26.03114199972288], [-80.4015569997632, 26.03107099959708], [-80.40157000018199, 26.031000000235533], [-80.40158299970247, 26.030927999918173], [-80.40159899959599, 26.030857999769083], [-80.40162399971035, 26.030752999870725], [-80.40164200015202, 26.03068000010123], [-80.40165800004553, 26.030606000177997], [-80.40167300011416, 26.030532000208087], [-80.40168999983258, 26.030464000041857], [-80.40171999996983, 26.0302369999731], [-80.40172800036574, 26.030162999770393], [-80.40173400021352, 26.03008800021549], [-80.40173900023639, 26.030013999918808], [-80.40174300043435, 26.0299390002686], [-80.40174599990908, 26.02980199990129], [-80.40183700014569, 26.029717999879765], [-80.40183999962042, 26.02946500014341], [-80.40168599963462, 26.029451000103787], [-80.39531399959273, 26.029385000355745], [-80.39423599969221, 26.02934599975336], [-80.39403200037603, 26.02934599975336], [-80.39342200028067, 26.02934599975336], [-80.39321899989106, 26.029346999872445], [-80.39283800012456, 26.029346999872445], [-80.39169499992673, 26.02934900011061], [-80.39131499998514, 26.02935100034874], [-80.39121700007584, 26.02935100034874], [-80.39009999981727, 26.029351999660587], [-80.38926100029136, 26.029352999779622], [-80.386455000212, 26.0293550000177], [-80.38524099986904, 26.02935700025573], [-80.38403999994487, 26.02935800037471], [-80.38043700017242, 26.029360999924457], [-80.37923700007318, 26.029363000162384], [-80.37894900019309, 26.029363000162384], [-80.37872200041237, 26.029363000162384], [-80.37808700020264, 26.029367999949866], [-80.37780000014746, 26.029371000306558], [-80.37768899981938, 26.029371000306558], [-80.37735800028157, 26.029372999737106], [-80.37724799977842, 26.029374999974827], [-80.37737699964984, 26.032111000236732], [-80.37734300021297, 26.032377999608954], [-80.3773590001065, 26.032831999900345], [-80.37736599977919, 26.03306699968285], [-80.3773669996041, 26.033087999901547], [-80.37514700022898, 26.033091000163104], [-80.37426699979686, 26.033092000250253], [-80.37256700010543, 26.03312599998022], [-80.3719109999793, 26.033121000352896], [-80.37098299986664, 26.033114999831252], [-80.3702620003415, 26.033121000352896], [-80.36994500014907, 26.03312199963266], [-80.36943499961284, 26.033123999806463], [-80.36933699970355, 26.033149999641218], [-80.36930400009159, 26.033178999729508], [-80.36928499982501, 26.033245999850458], [-80.36929300022092, 26.033519999645595], [-80.36932400018306, 26.034551999768844], [-80.36933599987864, 26.034932000101797], [-80.3686429999426, 26.03493100003032], [-80.36124700042684, 26.034923000265344], [-80.36122700033538, 26.034260000188908], [-80.36119999967288, 26.033311999847843], [-80.36118299995444, 26.031624000327565], [-80.36123900003093, 26.031432999698534], [-80.36124800025178, 26.03111299993819], [-80.36124999990159, 26.030830000020618], [-80.36125400009955, 26.03046999989191], [-80.36124700042684, 26.029685000085454], [-80.36124599970363, 26.02965000004889], [-80.3612449998787, 26.029547000111332], [-80.3612449998787, 26.029513000151283], [-80.36108300039531, 26.029514000268943], [-80.36094299975493, 26.029514000268943], [-80.36003700028186, 26.029519000049987], [-80.35973599998297, 26.02952200040284], [-80.35961299995934, 26.02952200040284], [-80.3592449997133, 26.029523999830804], [-80.3591230004129, 26.029526000065943], [-80.35880600022047, 26.029527000183514], [-80.35785499964327, 26.029531999964], [-80.35753900017407, 26.029535000316507], [-80.35713699959285, 26.029538999979177], [-80.35713699959285, 26.02956599991854], [-80.357139000141, 26.02965999959916], [-80.35718799964648, 26.031634999809164], [-80.35730399999743, 26.035401999660234], [-80.35733400013466, 26.03668099987741], [-80.35733800033262, 26.03677200014645], [-80.3594060002701, 26.036779999785324], [-80.36119800002305, 26.03678500006381], [-80.36130400032826, 26.036787000175135], [-80.36130299960503, 26.036764999755736], [-80.3613000001303, 26.036677999707685], [-80.36129199973438, 26.036419000101112], [-80.36129000008457, 26.036332999855958], [-80.36128900025965, 26.036305999859835], [-80.3612859998866, 26.036229000075895], [-80.3612859998866, 26.036203000116465], [-80.36128099986372, 26.036042999990965], [-80.36127400019102, 26.035842000270566], [-80.36535800018744, 26.035843000334285], [-80.36536800023318, 26.036207000358957], [-80.36537200043114, 26.036328000365337], [-80.36538400012671, 26.036768999979063], [-80.36541000006596, 26.037710000294748], [-80.36669399983082, 26.037710000294748], [-80.36669600037895, 26.03758499990456], [-80.36670100040183, 26.037263999925784], [-80.36683100009816, 26.037271000286715], [-80.36742399957677, 26.037288000354412], [-80.36784799989931, 26.037300000163285], [-80.36832599975018, 26.037314000073305], [-80.36922700009869, 26.037340999837337], [-80.36941600024458, 26.03734700014281], [-80.36941600024458, 26.037371999797944], [-80.36941899971931, 26.037448000395745], [-80.36942000044253, 26.037474000079165], [-80.36942499956709, 26.037629999672937], [-80.36942700011522, 26.0376710000388], [-80.36942799994014, 26.037711000342536], [-80.36942899976505, 26.037785999866347], [-80.36944499965858, 26.038725000015095], [-80.36945100040468, 26.039037999739126], [-80.36945499970433, 26.039222999882053], [-80.36946800012312, 26.03978000023422], [-80.36947300014597, 26.039966000042263], [-80.36947700034395, 26.040137999984054], [-80.36948900003952, 26.040653999910003], [-80.36949300023748, 26.040826999670987], [-80.3694949998873, 26.040928000155226], [-80.36950199955999, 26.041234000332192], [-80.36950499993303, 26.041335999675645], [-80.36551200017321, 26.0413339996419], [-80.36557200044768, 26.04352400002417], [-80.36558999999102, 26.044121999847953], [-80.36519699963064, 26.04412299984106], [-80.36414800004245, 26.044125999820313], [-80.3640180003461, 26.04412499982724], [-80.36362599981062, 26.044123999834145], [-80.36357599958191, 26.044123999834145], [-80.36358099960479, 26.04363899976153], [-80.36357200028228, 26.043496000071045], [-80.363574999757, 26.04335500020548], [-80.36357599958191, 26.043301000212047], [-80.36347000017503, 26.040123000383968], [-80.36345199973336, 26.039521000214073], [-80.36338700033434, 26.03720900030395], [-80.36338200031147, 26.036831000194468], [-80.36310699995187, 26.03683499960837], [-80.36261099965931, 26.03683499960837], [-80.36205699964043, 26.03683499960837], [-80.3616809998968, 26.036830000139172], [-80.36163400004114, 26.036883999883912], [-80.36157799996464, 26.03694700009283], [-80.3615810003377, 26.037102000334656], [-80.36158700018547, 26.037339999786404], [-80.36155799987316, 26.037615999800664], [-80.3615749995916, 26.038228999734425], [-80.36161200029983, 26.038227999691053], [-80.36163200039132, 26.038956999986087], [-80.361603000079, 26.039232000195693], [-80.36160999975169, 26.039504999695453], [-80.36151799969018, 26.03950299963047], [-80.36152199988814, 26.039621000177448], [-80.3615260000861, 26.039957999813588], [-80.36152699991102, 26.04011000002949], [-80.36153799978166, 26.04097200023513], [-80.36154299980454, 26.041310000041346], [-80.3615460001776, 26.04149699985937], [-80.36155799987316, 26.042057999945502], [-80.36156200007112, 26.042246000193945], [-80.36157100029195, 26.042624999804225], [-80.36159999970596, 26.043762000162854], [-80.36160999975169, 26.04414199970837], [-80.36165099975959, 26.044790999784023], [-80.36177499960813, 26.046741000158733], [-80.36180899994332, 26.047274000314662], [-80.36169199976746, 26.047277000213292], [-80.36169900033848, 26.047469999986696], [-80.36172199990469, 26.04805099974082], [-80.36173000030061, 26.048244999812006], [-80.36173299977533, 26.04831500007502], [-80.361743999646, 26.048527999672864], [-80.36174799984396, 26.04859899972182], [-80.36160499972881, 26.04860099963164], [-80.36117899975648, 26.048606000213116], [-80.36103700036456, 26.04860900007766], [-80.36044700036068, 26.048618999625553], [-80.35769200033496, 26.048617999670814], [-80.35769399998479, 26.048665999910448], [-80.35772099974896, 26.04950499976507], [-80.35774000001553, 26.050110000149854], [-80.357836000275, 26.053170999825554], [-80.35785800001631, 26.05382500030773], [-80.357864999689, 26.054068000056688], [-80.3578999998491, 26.055090000299934], [-80.35793900020717, 26.056365000050327], [-80.35803200009359, 26.05939899984378], [-80.35805300000997, 26.060169999640436], [-80.35807300010146, 26.060932999601178], [-80.35809200036805, 26.06164299966499], [-80.35810200041378, 26.061968000037382], [-80.3581119995612, 26.06234800027292], [-80.35811699958408, 26.06255899971007], [-80.35812099978203, 26.062734999730093], [-80.35812300033018, 26.062772999883112], [-80.35867399997599, 26.062767999906146], [-80.36012500014542, 26.062844000178448], [-80.36048199962248, 26.06286199959864], [-80.360609999669, 26.062869000044888], [-80.36109400026596, 26.062894999738905], [-80.36110699978646, 26.06289399990597], [-80.36134199996309, 26.06289399990597], [-80.36196999960181, 26.062894999738905], [-80.36208599995275, 26.062888000101193], [-80.36233399964988, 26.06287599968373], [-80.36233600019801, 26.062949000388603], [-80.36233700002293, 26.062962999656328], [-80.36234500041886, 26.063167999809284], [-80.36234799989357, 26.06324200016216], [-80.3623920002745, 26.06323999969522], [-80.36247799958991, 26.063238000035213], [-80.36252399962066, 26.06323600037518], [-80.36256899982651, 26.063234999738203], [-80.36319800018845, 26.06321700037531], [-80.36508600020086, 26.063163999679805], [-80.36571600038774, 26.063147000136837], [-80.36684000031899, 26.0631149998986], [-80.36768899989065, 26.06309199974718], [-80.37021499958752, 26.063033999836513], [-80.37087599973651, 26.06301899993841], [-80.37134100006692, 26.063009000005287], [-80.37150099990049, 26.063004999870405], [-80.37177799990992, 26.062999999903337], [-80.37198399977426, 26.06299599976816], [-80.37214500033105, 26.06299300027191], [-80.37244999992957, 26.062985999833067], [-80.37301200034436, 26.06297500006486], [-80.37336600034668, 26.062965999960298], [-80.37367199977012, 26.062960000159226], [-80.3737479999381, 26.062957999687466], [-80.37397800009187, 26.06295199988597], [-80.37417800010842, 26.062947999749127], [-80.37739599991642, 26.062874999850628], [-80.37788100033832, 26.062868000211722], [-80.37798900029335, 26.062869999878053], [-80.3782880000441, 26.062878999989966], [-80.37849200025859, 26.062888000101193], [-80.37859000016788, 26.06289300007302], [-80.3786410002215, 26.062890999600153], [-80.37880799972777, 26.062883999962175], [-80.37904499955424, 26.062859999932197], [-80.38073300044843, 26.062793999622606], [-80.38190300041045, 26.06276200009492], [-80.38387699973828, 26.062685999769414], [-80.38475999964511, 26.062674999973055], [-80.3855129998556, 26.062660999863944], [-80.38773800015193, 26.062601999904434], [-80.38921000023772, 26.062592999771223], [-80.38979000019587, 26.062586999951016], [-80.39030300020686, 26.06258299980174], [-80.39125499971068, 26.062547999901778], [-80.39178100014044, 26.062547999901778], [-80.3923619999235, 26.06252600028211], [-80.39281700020817, 26.06251999965151], [-80.39322999976172, 26.062545000394053], [-80.39327999999044, 26.062546000229965], [-80.39372400040446, 26.062551000216423], [-80.39385300027587, 26.062553999723995], [-80.3939749995763, 26.062533999777504], [-80.39413199993513, 26.062496000353924], [-80.39430000016463, 26.0624820002234], [-80.3957129998009, 26.06245800011102], [-80.39636599955398, 26.062455999630725], [-80.39869600033057, 26.0623840000699], [-80.4012460003169, 26.06231199965786], [-80.40374799972432, 26.06224099984708], [-80.40600499980768, 26.06219500000351], [-80.40985399962744, 26.06210599978124], [-80.40986899969607, 26.06210599978124], [-80.41003799975046, 26.062104000101897], [-80.41159600005001, 26.062089999924545], [-80.4133619998637, 26.06205700036445], [-80.41721800025446, 26.061924999610305], [-80.41785599993891, 26.061922000086625], [-80.41790199996967, 26.06192100024538], [-80.4189740000224, 26.06189200000376], [-80.41961199970686, 26.061881000132836], [-80.42134300025876, 26.061805000042778], [-80.42252499991635, 26.06177900010682], [-80.42478399964952, 26.061780999791726], [-80.42593600006819, 26.061781999634164], [-80.42600700021329, 26.061781999634164], [-80.42669799960122, 26.061798000339916], [-80.42682599964772, 26.061801999709036], [-80.42803499996779, 26.061822999622596], [-80.43062799961181, 26.061840000164693], [-80.43167200007547, 26.061827999639892], [-80.43189300000842, 26.0618359999899], [-80.43330999984262, 26.061831999814956], [-80.43363500043094, 26.061850000197595], [-80.43443700014694, 26.061892999845245], [-80.43465300005701, 26.061906000204765], [-80.43739700021207, 26.061922000086625], [-80.44015800008559, 26.061931000271375], [-80.44200000006725, 26.061936000284064]]], [[[-80.35282099979285, 26.055318999667527], [-80.35278499980784, 26.054312999921187], [-80.35275800004366, 26.05351500025526], [-80.3527460003481, 26.053170999825554], [-80.35270799981495, 26.051804000270923], [-80.35269399957126, 26.051298000315054], [-80.35267100000503, 26.050436000167032], [-80.34979799997852, 26.050436000167032], [-80.34970099989414, 26.05043300034925], [-80.34973100003137, 26.05134600026429], [-80.3477839995694, 26.051342999662758], [-80.34644399972808, 26.0513440004013], [-80.3459380002881, 26.051339999868198], [-80.34577500008147, 26.051339999868198], [-80.34576800040878, 26.051113999789507], [-80.3457630003859, 26.050944999613744], [-80.34575800036305, 26.050651999758244], [-80.34571599963193, 26.049289999623294], [-80.3456999997384, 26.048762000330814], [-80.34568300001996, 26.048378999748582], [-80.34567799999711, 26.048212000388343], [-80.34566399975338, 26.047712999998037], [-80.34565999955544, 26.047546999652916], [-80.34564100018717, 26.046864999696616], [-80.34561900044586, 26.046105000076867], [-80.34558400028577, 26.044820000222114], [-80.34558299956255, 26.044765000108743], [-80.34556400019429, 26.044138999729526], [-80.3455580003465, 26.043995999841755], [-80.34554900012567, 26.04376100016668], [-80.34550700029287, 26.042627999821818], [-80.34549399987408, 26.042251000239357], [-80.34548600037648, 26.041897999737014], [-80.34546200008704, 26.04083899992487], [-80.34545500041435, 26.04048600001446], [-80.34545000039147, 26.040400000330294], [-80.34543500032285, 26.040145000173425], [-80.34543100012488, 26.040060000266955], [-80.34541000020849, 26.039575000334043], [-80.34540500018564, 26.03942400026496], [-80.34534400008626, 26.03751599974185], [-80.34532399999476, 26.03688099971939], [-80.34531499977393, 26.0365799997711], [-80.34529600040568, 26.035881000327564], [-80.34528899983468, 26.03567700013426], [-80.34527999961384, 26.03537700039235], [-80.34521199984178, 26.03324000014238], [-80.34517300038202, 26.03212199967266], [-80.34515800031343, 26.031707999791553], [-80.34515499994038, 26.03162300022788], [-80.34512200032842, 26.03046600026098], [-80.34511099955944, 26.030052000186046], [-80.34510899990963, 26.029982000321468], [-80.34510300006183, 26.02977500001623], [-80.34510100041201, 26.029706000102404], [-80.34509999968878, 26.029687999626866], [-80.34509899986388, 26.029633999798072], [-80.34509899986388, 26.029617000235497], [-80.34503600011467, 26.029616000118704], [-80.34425399959186, 26.02971300010719], [-80.34415599968258, 26.02971400022317], [-80.3440240003364, 26.02967900019526], [-80.34384400041135, 26.029666999606697], [-80.34352200019607, 26.029665000181158], [-80.34312700018587, 26.029664000064784], [-80.34248500030345, 26.029660999715574], [-80.34153399972624, 26.02965700005706], [-80.34055899975789, 26.029652000281892], [-80.34005099976977, 26.02965000004889], [-80.34001599960968, 26.02965000004889], [-80.34006400018856, 26.031355999944406], [-80.33766700036311, 26.03135499984243], [-80.33718100011632, 26.03135900025026], [-80.33717600009344, 26.031192000058535], [-80.3371660000477, 26.03088400010607], [-80.33713799956028, 26.029961000353953], [-80.33712900023777, 26.029653999707683], [-80.33696600003115, 26.029653999707683], [-80.33678299973305, 26.029653999707683], [-80.33574500001552, 26.029653999707683], [-80.33539900040911, 26.029653999707683], [-80.3341259996166, 26.029653000398383], [-80.33030799975897, 26.029653000398383], [-80.32903599968971, 26.029653000398383], [-80.32899600040507, 26.029653000398383], [-80.32887099983327, 26.029653000398383], [-80.32736899961023, 26.02965100016539], [-80.32248899974562, 26.029645000273455], [-80.32099599974342, 26.029644000156917], [-80.32086299967402, 26.029644000156917], [-80.32006699980582, 26.029639000381188], [-80.31958800013003, 26.02963700014797], [-80.3176800000261, 26.029639999690605], [-80.31695000028014, 26.029641999923776], [-80.31692400034089, 26.02965100016539], [-80.31689699967838, 26.029678000078988], [-80.31617600015325, 26.029654999824146], [-80.31401600015428, 26.029586999956763], [-80.3137650000841, 26.029579999944456], [-80.31329599955575, 26.029564999801323], [-80.3132510002482, 26.02955799978767], [-80.31311800017883, 26.029541000214063], [-80.3130739997979, 26.02953099984648], [-80.31304799985863, 26.029531999964], [-80.31302699994222, 26.02953400019901], [-80.31297199969063, 26.029535000316507], [-80.31294699957627, 26.029535999626788], [-80.31287700015439, 26.029536999744256], [-80.31266899974194, 26.029541000214063], [-80.31260000014497, 26.029542999641727], [-80.31263699995489, 26.03066899972293], [-80.31274900010787, 26.034048999852054], [-80.31278699974271, 26.035176000337753], [-80.3127990003366, 26.035540000010997], [-80.31283500032161, 26.036634999687948], [-80.31284000034447, 26.036802000201938], [-80.31309600043751, 26.03680000009085], [-80.31316900023243, 26.0368010001464], [-80.31342000030261, 26.03680599961683], [-80.31354999999897, 26.03682900008388], [-80.31374300034281, 26.036846000215597], [-80.31388499973471, 26.03684500016044], [-80.31528999987336, 26.036841999994913], [-80.31575900040174, 26.036841999994913], [-80.31600799992376, 26.036840999939706], [-80.31675799976122, 26.036838999829296], [-80.31700800000648, 26.036838999829296], [-80.31702499972491, 26.036838999829296], [-80.31707599977854, 26.036838999829296], [-80.31709400022021, 26.036838999829296], [-80.3171019997178, 26.037137999814714], [-80.31712400035742, 26.037883999602343], [-80.31712900038029, 26.03803500004005], [-80.31713799970282, 26.038335000247308], [-80.31714600009875, 26.03861799981469], [-80.31516400037498, 26.03861799981469], [-80.31521399970539, 26.040113000111432], [-80.3152210002764, 26.04043400036314], [-80.31719999962709, 26.04043400036314], [-80.31720200017523, 26.04049900032725], [-80.31720300000015, 26.04056400025531], [-80.3172070001981, 26.040735000105098], [-80.31724200035819, 26.041682000158513], [-80.3172490000309, 26.0418740002519], [-80.31726599974934, 26.042310999960737], [-80.31726900012238, 26.042378999715428], [-80.31727499997015, 26.042589000394354], [-80.31727599979507, 26.042614999745066], [-80.31629400015403, 26.042613999739093], [-80.31636000027626, 26.044089000070805], [-80.31626599966663, 26.04409200005093], [-80.31616299973446, 26.04409300004428], [-80.31606400000025, 26.04409300004428], [-80.31576900044747, 26.04409400003763], [-80.31567099963988, 26.044095000030982], [-80.31535400034578, 26.044097000017633], [-80.31533599990411, 26.044097000017633], [-80.31538199993489, 26.04578300003701], [-80.31538500030791, 26.04588300030948], [-80.31488499981741, 26.04588300030948], [-80.3145040000509, 26.04588300030948], [-80.31453099981508, 26.046845000300717], [-80.3144339997307, 26.046848000210325], [-80.31397699979621, 26.046861999787442], [-80.31379299967321, 26.046866999636016], [-80.3137640002592, 26.046876000169966], [-80.31373199957383, 26.046887999804746], [-80.3136730000226, 26.04692900016178], [-80.31363399966455, 26.046978000254704], [-80.3136100002734, 26.04702700032716], [-80.31360500025055, 26.04710400028436], [-80.31361500029628, 26.047622000149122], [-80.31364999955807, 26.047865999806525], [-80.31373999996975, 26.048169999714386], [-80.31376099988616, 26.04831300016033], [-80.31377400030495, 26.048462000168502], [-80.31376000006124, 26.048664999956106], [-80.31381799978756, 26.052222999844147], [-80.31384000042718, 26.05352700001744], [-80.31384200007702, 26.054057000258293], [-80.31599299985514, 26.054059000074986], [-80.31622300000892, 26.054059000074986], [-80.31693600003645, 26.054059999983313], [-80.3176289999725, 26.054060999891643], [-80.31763300017046, 26.05430599977077], [-80.31764900006398, 26.054966999679596], [-80.31773600010263, 26.054966999679596], [-80.31868199975865, 26.054968000387184], [-80.32151700015031, 26.054968000387184], [-80.32152200017319, 26.0548720002078], [-80.32152899984588, 26.05471199973403], [-80.32153899989163, 26.054652999806862], [-80.32154599956432, 26.054524000108795], [-80.32155499978515, 26.05431800025897], [-80.3215589999831, 26.05406299970827], [-80.32154999976228, 26.053846000036906], [-80.32152899984588, 26.05327399999677], [-80.32151600032542, 26.052922000322695], [-80.32149200003595, 26.05210699972508], [-80.32148600018817, 26.051953999802933], [-80.32147600014244, 26.05141800015131], [-80.32147500031752, 26.051330999676974], [-80.32647499983274, 26.05134099979973], [-80.32903800023786, 26.051338000005106], [-80.32908799956826, 26.051337000073563], [-80.3296409997622, 26.051330999676974], [-80.32969400036397, 26.052899999702706], [-80.3297160001053, 26.05352799993031], [-80.32972000030324, 26.053643000345062], [-80.3297319999988, 26.053990999832106], [-80.32973600019676, 26.054106999700494], [-80.32974500041759, 26.054542999904335], [-80.32975700011316, 26.055106000305532], [-80.32978399987734, 26.055853000253396], [-80.32980099959578, 26.056290000306625], [-80.32980899999168, 26.05655700030534], [-80.32983400010605, 26.05735999963963], [-80.32984099977874, 26.057585999778485], [-80.3298650000682, 26.057619999668827], [-80.3298650000682, 26.05793700009407], [-80.3298659998931, 26.05842999969297], [-80.3298659998931, 26.058547999749262], [-80.3298659998931, 26.05860399972073], [-80.32357000001919, 26.058601000112017], [-80.32188000037347, 26.058601000112017], [-80.3172630002746, 26.05860000024243], [-80.31621299996317, 26.05859500008736], [-80.31574799963276, 26.05860000024243], [-80.31582899982362, 26.06145200032663], [-80.31583399984649, 26.061609000135107], [-80.31492800037343, 26.06163099992698], [-80.31497299968095, 26.063293000356325], [-80.31588200042539, 26.063282999639615], [-80.31588200042539, 26.063351999967793], [-80.31588499990012, 26.063435000273643], [-80.3158840000752, 26.06377799979578], [-80.316222000184, 26.063771000210814], [-80.31633799963666, 26.06376799992744], [-80.31641700017768, 26.063768999752934], [-80.31645399998762, 26.06376799992744], [-80.3171500002967, 26.063753000123327], [-80.31731799962787, 26.06374999983951], [-80.31738200010028, 26.063744999904234], [-80.31740600038974, 26.06374400007855], [-80.31806099979264, 26.06373000009721], [-80.31813899961041, 26.063730999923006], [-80.31888199977519, 26.063713999655302], [-80.31942999994628, 26.063707000066522], [-80.31950799976408, 26.06371000035146], [-80.32040900011258, 26.063698000018217], [-80.32048699993038, 26.063693000080725], [-80.32127100010302, 26.06368400003134], [-80.32162400028044, 26.06367900009328], [-80.3217709996952, 26.063679999919522], [-80.32184100001543, 26.063676999633795], [-80.32191100033563, 26.063674000154975], [-80.32242199979846, 26.063662999644425], [-80.32249999961627, 26.063657999705462], [-80.32305799983311, 26.0636439997138], [-80.3243829996058, 26.063614000071915], [-80.32446100032193, 26.063609000130874], [-80.32598799976101, 26.063573999730483], [-80.32606599957883, 26.06356799996054], [-80.32747599974034, 26.06354999984186], [-80.3277889997348, 26.063541999608873], [-80.32939399989, 26.063521000003472], [-80.32990900044913, 26.06351500023082], [-80.3301050002677, 26.063508999650878], [-80.33026099990332, 26.063508999650878], [-80.3303789999041, 26.063507999823184], [-80.33045699972189, 26.063502999877578], [-80.33135700024548, 26.06348600038379], [-80.3314359998882, 26.063488000039563], [-80.33210100023516, 26.063475999683547], [-80.33217900005296, 26.06347099973659], [-80.33284400039992, 26.063459000185816], [-80.33304000021849, 26.063459000185816], [-80.33358800038958, 26.06344900029025], [-80.33366600020739, 26.06344299970694], [-80.3337440000252, 26.063444000342162], [-80.33456599983266, 26.063427000032846], [-80.33464399965048, 26.063428999689606], [-80.33519099999664, 26.06341899979145], [-80.33526999963935, 26.063413999842087], [-80.33667700032616, 26.063392000385036], [-80.33687300014473, 26.063384000141298], [-80.3374199995926, 26.06337400023933], [-80.33749800030873, 26.063376999725826], [-80.33801499961935, 26.063364000336502], [-80.33803700025898, 26.063365000165433], [-80.33807599971871, 26.06336199987164], [-80.33811599990169, 26.063364000336502], [-80.33870400025575, 26.063352999796834], [-80.33878200007355, 26.063347999844613], [-80.34008500010495, 26.063324999738963], [-80.34042800023663, 26.063318999956238], [-80.34074100023108, 26.063309999878125], [-80.34211299985947, 26.063285000105793], [-80.34226900039339, 26.063282999639615], [-80.3423480000361, 26.063277999684406], [-80.34411200019996, 26.063247999948793], [-80.34430800001854, 26.063241000332187], [-80.3445370003474, 26.063237000205206], [-80.3457619996627, 26.06321599973814], [-80.34592400004439, 26.06321300024751], [-80.34605700011379, 26.063210999780114], [-80.34604899971788, 26.062940000282044], [-80.34612300023603, 26.062940000282044], [-80.3461209996879, 26.062778999693766], [-80.34610999981723, 26.062084000078574], [-80.34610499979436, 26.06174999983005], [-80.34610599961927, 26.061693999748318], [-80.34607399983221, 26.06041899988191], [-80.34604799989295, 26.059516999731198], [-80.34602500032673, 26.0587069999586], [-80.34602399960352, 26.058662000210536], [-80.34602399960352, 26.0586349997078], [-80.3460229997786, 26.05860800000585], [-80.3460160001059, 26.058458999984513], [-80.34599799966423, 26.058012000397653], [-80.34599199981646, 26.057864000301297], [-80.3459730004482, 26.057401000368507], [-80.3459669997021, 26.05727500011022], [-80.3460310001745, 26.057271999660465], [-80.35268199987567, 26.057271999660465], [-80.35270399961699, 26.0567630002543], [-80.35270899963987, 26.056671000282662], [-80.35282099979285, 26.055318999667527]]], [[[-80.41767000016608, 26.03764999983352], [-80.41761200043975, 26.035719999698056], [-80.41760400004384, 26.035432000066155], [-80.41760200039401, 26.03536699971511], [-80.41461499966638, 26.03536699971511], [-80.41362600035265, 26.03536699971511], [-80.41358000032189, 26.03536699971511], [-80.41358399962154, 26.035401999660234], [-80.41358500034475, 26.035424000335325], [-80.41358699999459, 26.035497000381184], [-80.41360600026117, 26.036151000180354], [-80.41364899991886, 26.03760099987798], [-80.41364999974378, 26.037642000253985], [-80.41767000016608, 26.03764999983352]]], [[[-80.31767199963019, 26.05587500031903], [-80.31765699956158, 26.055203000191835], [-80.3176499998889, 26.054988999911544], [-80.31764900006398, 26.054966999679596], [-80.31658700005698, 26.054966999679596], [-80.31390499982619, 26.054968000387184], [-80.31362000031915, 26.054968000387184], [-80.31364399971028, 26.055814000383645], [-80.31364600025842, 26.05587600021186], [-80.31613199977232, 26.055873999619177], [-80.31767199963019, 26.05587500031903]]]]}}, {"type": "Feature", "properties": {"name": "Sunrise", "geoid": "1269700", "county": "broward"}, "geometry": {"type": "Polygon", "coordinates": [[[-80.3658340003885, 26.12807899987344], [-80.36534200029391, 26.127956000149485], [-80.3630380003549, 26.127379999817002], [-80.36261400003237, 26.127274000070887], [-80.36260800018457, 26.12696300009327], [-80.3625959995907, 26.126684999988143], [-80.36260200033679, 26.12623199989652], [-80.36260900000948, 26.125881999653654], [-80.36260800018457, 26.125733999894525], [-80.36260900000948, 26.12570999985055], [-80.36261599968219, 26.12551900023201], [-80.36260599963644, 26.124300999816647], [-80.36261099965931, 26.12281499961106], [-80.36261599968219, 26.12123900011051], [-80.36262599972792, 26.1194950000549], [-80.36262999992589, 26.117792999691464], [-80.36263300029894, 26.117436999745017], [-80.36263800032181, 26.115676000237247], [-80.36264099979654, 26.114774000025623], [-80.36264300034468, 26.11440500038919], [-80.36265500004025, 26.114090000033606], [-80.36265900023821, 26.111262999968663], [-80.36265400021533, 26.110773000127917], [-80.36265599986517, 26.11000299991592], [-80.36265099984229, 26.109650000355657], [-80.36264800036754, 26.10917600008303], [-80.36263499994877, 26.108533000167583], [-80.36262599972792, 26.107895999860364], [-80.36262400007811, 26.107712999800242], [-80.36258700026818, 26.107724000204254], [-80.36248500016093, 26.107668000336673], [-80.36244099978, 26.107598000061127], [-80.36244199960491, 26.107531999970348], [-80.36238300005368, 26.107478999980508], [-80.36234600024375, 26.107427000225854], [-80.36233799984784, 26.10730600025733], [-80.36229799966486, 26.106365000021952], [-80.3623069998857, 26.1050490001062], [-80.36230600006078, 26.1050120002433], [-80.36230199986282, 26.104854000282685], [-80.3623420000458, 26.104594999757786], [-80.36238800007654, 26.10441099989287], [-80.36240599961991, 26.104370000300023], [-80.36248599998585, 26.104184999794104], [-80.36249699985649, 26.104138000011368], [-80.36254399971216, 26.10395299994509], [-80.36258300007022, 26.10375499984203], [-80.36259399994087, 26.10353099986718], [-80.36259099956783, 26.103398999897138], [-80.36258700026818, 26.103149999914752], [-80.36258399989514, 26.10298299960357], [-80.36257499967431, 26.102484000262233], [-80.36257300002447, 26.102318000109598], [-80.36252199997084, 26.102316999806654], [-80.36246900026741, 26.102316999806654], [-80.36237200018303, 26.102316999806654], [-80.3623219999543, 26.102316999806654], [-80.36230299968774, 26.102316000310424], [-80.36224800033446, 26.102316000310424], [-80.3622299998928, 26.102316000310424], [-80.36211600009, 26.102315000007454], [-80.36189400033214, 26.102313999704506], [-80.36088599985351, 26.102308999802997], [-80.36055000029283, 26.102308000306678], [-80.36039100028418, 26.102305999700647], [-80.35991400025823, 26.102300000302435], [-80.35975500024955, 26.102298999999338], [-80.35544299974919, 26.102289999691283], [-80.35453499972799, 26.102287999891626], [-80.35422699975643, 26.102287999891626], [-80.35179800014394, 26.10228400029222], [-80.3508109995817, 26.102287999891626], [-80.34929099981532, 26.1022950004003], [-80.34785399988961, 26.10230700000368], [-80.3475640003597, 26.102310000106005], [-80.34686800005062, 26.102308999802997], [-80.34634400016895, 26.102308999802997], [-80.34634199962082, 26.10278399997923], [-80.34633900014609, 26.104209999705134], [-80.34633800032117, 26.104685999702372], [-80.34634199962082, 26.104980999629674], [-80.34635500003962, 26.1058689997971], [-80.34636000006249, 26.106165000236487], [-80.34635400021472, 26.10652699981521], [-80.34633900014609, 26.107614000150857], [-80.34633400012322, 26.107977000337694], [-80.34633699959797, 26.108276999674857], [-80.34634800036692, 26.10917700032731], [-80.34635199966655, 26.109478000053446], [-80.3463469996437, 26.111383999874896], [-80.34634099979593, 26.11282800018207], [-80.34634099979593, 26.11294500004021], [-80.34636500008536, 26.11314400011593], [-80.34636400026045, 26.113302000165792], [-80.34636300043553, 26.11377800025038], [-80.34636300043553, 26.11393699964678], [-80.3463609998874, 26.114216999833555], [-80.3463609998874, 26.11430300015957], [-80.34635800041268, 26.11487199986884], [-80.34635800041268, 26.114911999616588], [-80.34781500042986, 26.114912999811754], [-80.34823700020425, 26.114912999811754], [-80.34840399971051, 26.114910000032815], [-80.34931400027985, 26.114916999785752], [-80.34963800014495, 26.114920000371125], [-80.35031600001238, 26.114919000176002], [-80.35031699983729, 26.114941999821728], [-80.3503179996622, 26.115400999661116], [-80.35031699983729, 26.1160390003941], [-80.3503179996622, 26.116710000355596], [-80.35029799957073, 26.116710999728777], [-80.34963300012208, 26.116710999728777], [-80.34946300024276, 26.11671199990857], [-80.34930500005902, 26.116709000175813], [-80.34897000032328, 26.116717000000712], [-80.34863999971206, 26.116714000268097], [-80.34763700015463, 26.11671199990857], [-80.34731499993934, 26.11671499964125], [-80.3468399995632, 26.116726000004743], [-80.34645399977383, 26.11672099991297], [-80.34632099970442, 26.11672300027234], [-80.34631400003174, 26.116827000360754], [-80.34630900000887, 26.116931000356622], [-80.34630499981091, 26.117434000030872], [-80.34629099956719, 26.118563000207164], [-80.34629099956719, 26.11881299978636], [-80.34628600044265, 26.11925199981485], [-80.34628300006959, 26.11959199981707], [-80.34627399984878, 26.120572000124117], [-80.34627300002386, 26.120750000297043], [-80.34627200019894, 26.12080099962597], [-80.34627200019894, 26.120850000257107], [-80.3462689998259, 26.12116600027819], [-80.34626800000099, 26.121315999652165], [-80.34625999960505, 26.122146000289153], [-80.34625999960505, 26.12217100039178], [-80.34625700013034, 26.1225320002774], [-80.34625499958219, 26.12270100034099], [-80.34625299993237, 26.122766999931965], [-80.34625299993237, 26.123063999646405], [-80.34620799972652, 26.123052999879548], [-80.34566600030153, 26.122923999750125], [-80.34540900038358, 26.122861999949883], [-80.34513400002398, 26.122795999606033], [-80.34506299987886, 26.12277899985359], [-80.34405699994838, 26.12253800025041], [-80.34399400019917, 26.122521999783938], [-80.34375700037272, 26.122465999747092], [-80.34298300024582, 26.12227900019298], [-80.34260099975609, 26.12219400022339], [-80.34258900006053, 26.12218499983394], [-80.34149899956613, 26.121942999677138], [-80.34089199984382, 26.121805000323175], [-80.34021899999927, 26.121615000104324], [-80.33992199989834, 26.1215450001156], [-80.3390259995727, 26.121330000003315], [-80.33813000014538, 26.121115999637507], [-80.33040300019354, 26.119269000080443], [-80.33020700037497, 26.1192200003995], [-80.33020599965172, 26.11926699976466], [-80.33020599965172, 26.11927900004571], [-80.33020499982682, 26.119337999662182], [-80.33020300017698, 26.119409999673255], [-80.33020300017698, 26.119457999924833], [-80.33020200035209, 26.120075000344563], [-80.33020099962884, 26.120917000230886], [-80.33020099962884, 26.12192800007084], [-80.33020099962884, 26.12254599967629], [-80.33019999980395, 26.12263800029335], [-80.33019899997903, 26.12283499974041], [-80.33019399995617, 26.123702999796343], [-80.33019300013125, 26.123993000342217], [-80.3301889999333, 26.12432199980625], [-80.33018100043569, 26.125311000110607], [-80.33017899988755, 26.125640999999025], [-80.3301760004128, 26.126147000383277], [-80.33017100038995, 26.12766599976302], [-80.33016999966672, 26.12817300032928], [-80.33016600036707, 26.128736999862532], [-80.33015600032134, 26.130433000115083], [-80.33015299994828, 26.130998000084162], [-80.33015200012338, 26.131030000306115], [-80.33015200012338, 26.131128000225548], [-80.33015200012338, 26.13116099966145], [-80.33015200012338, 26.131245000309725], [-80.32999200028979, 26.131245000309725], [-80.32752699979399, 26.131246999613953], [-80.32690099980508, 26.131250999835274], [-80.32559199992589, 26.13121200009105], [-80.32542200004659, 26.13121200009105], [-80.32491400005847, 26.131215000257967], [-80.32474500000407, 26.131216000313593], [-80.32435599984163, 26.13121200009105], [-80.32319000007757, 26.1312030003964], [-80.3231630003134, 26.1312030003964], [-80.32290700022037, 26.131201000284932], [-80.32280199974007, 26.131200000229207], [-80.32213300009347, 26.131186000254353], [-80.3218040002055, 26.131179999919], [-80.32140099979937, 26.131172000277846], [-80.32139999997445, 26.131057000234506], [-80.32141300039325, 26.130729999695887], [-80.32142000006594, 26.128924999639455], [-80.32142000006594, 26.12881700033656], [-80.3211509995541, 26.128907999972377], [-80.32079599972687, 26.12902900015827], [-80.32059900008338, 26.12914299970549], [-80.3204529995952, 26.12931999965221], [-80.3203329999446, 26.12956099978176], [-80.32020599972299, 26.129757999652163], [-80.3200860000724, 26.12989700016323], [-80.31990799979715, 26.13006199979504], [-80.31967400034374, 26.130145000362432], [-80.31950899958898, 26.1301700003663], [-80.31927400031067, 26.1301700003663], [-80.31882400004886, 26.130137999908758], [-80.31833000030444, 26.13008100023137], [-80.31793000027136, 26.130031000180157], [-80.31734699994018, 26.12999300009468], [-80.31714299972569, 26.129978999975137], [-80.31686599971624, 26.12992100015349], [-80.31659399972969, 26.129749999913624], [-80.31640399975888, 26.12951599985892], [-80.31629099978097, 26.12930099989859], [-80.3161579997116, 26.129137000071665], [-80.31598700000737, 26.12901099962533], [-80.31568400005867, 26.128783000161953], [-80.31555699983706, 26.128649999597375], [-80.31543700018646, 26.128466999773668], [-80.31533599990411, 26.128290000147434], [-80.3152920004215, 26.128125999707553], [-80.3152920004215, 26.12798700031506], [-80.3152920004215, 26.127695999919826], [-80.3152980002693, 26.12755700001562], [-80.31528599967541, 26.127437000005937], [-80.31525999973614, 26.127290999975806], [-80.31523499962178, 26.127070000212722], [-80.31519100013918, 26.1269179999761], [-80.31516600002479, 26.126778999952688], [-80.31519100013918, 26.126639999763874], [-80.31528400002557, 26.126430999928793], [-80.31533599990411, 26.12624200007238], [-80.31536100001848, 26.126033000331788], [-80.31533599990411, 26.125831000122954], [-80.3152980002693, 26.12567899988722], [-80.31523399979686, 26.12551599991879], [-80.31523399979686, 26.125132000326214], [-80.31523499962178, 26.125102000317483], [-80.3152920004215, 26.124997000226255], [-80.31534900032291, 26.12485100037277], [-80.31539299980552, 26.12461100031652], [-80.31538000028506, 26.1244149999452], [-80.31533900027718, 26.124251999826264], [-80.31531099978974, 26.124143000119613], [-80.31526700030714, 26.124016999932405], [-80.31522200010131, 26.123782999685087], [-80.31520299983472, 26.123587000344315], [-80.31522899977399, 26.123467000289377], [-80.31525999973614, 26.123303000337543], [-80.31527900000272, 26.12315699998021], [-80.31525899991122, 26.122950999939064], [-80.31526099956105, 26.122891999727262], [-80.31518299974324, 26.12289099960038], [-80.31443000043106, 26.122888000026244], [-80.31438500022523, 26.122888000026244], [-80.3141790003609, 26.122886999899336], [-80.31395099985696, 26.122893999980988], [-80.31395000003204, 26.1239679998229], [-80.31396699975046, 26.124561000343586], [-80.31397000012353, 26.12529299981127], [-80.31396900029861, 26.125323999877], [-80.31396799957538, 26.125418000130125], [-80.31396799957538, 26.125450000267662], [-80.31396599992554, 26.125600999891123], [-80.31396099990269, 26.126052999910225], [-80.31396000007777, 26.126204999659308], [-80.31395900025288, 26.126364999988073], [-80.31395900025288, 26.126844999659472], [-80.31395900025288, 26.127006000009843], [-80.31395900025288, 26.12702199986224], [-80.31395900025288, 26.127070000212722], [-80.31395900025288, 26.127087000147295], [-80.3139619997276, 26.12805500031123], [-80.31396099990269, 26.129042000317412], [-80.31396099990269, 26.129376999700973], [-80.31396099990269, 26.129387999678865], [-80.31395099985696, 26.13110200037015], [-80.31395099985696, 26.131182000030808], [-80.31394800038221, 26.13167700003952], [-80.31394099981121, 26.13316299961387], [-80.31393900016137, 26.13365900013225], [-80.31393800033648, 26.133708000208944], [-80.31393800033648, 26.13385500031572], [-80.31393800033648, 26.13390500034277], [-80.31393199959038, 26.134171999866822], [-80.31393699961325, 26.134975999685224], [-80.31393699961325, 26.135244000007518], [-80.31393699961325, 26.135261000365322], [-80.31393699961325, 26.1353149998725], [-80.31393699961325, 26.135333000240294], [-80.31393599978833, 26.13547999991445], [-80.31393499996341, 26.13592000023063], [-80.31393499996341, 26.136067999986338], [-80.31393400013852, 26.136097999597894], [-80.31393400013852, 26.136187999999304], [-80.31393400013852, 26.136219000399286], [-80.3139330003136, 26.136449999894733], [-80.31392999994056, 26.137143999676365], [-80.31392999994056, 26.137375999764114], [-80.31392900011564, 26.137602000191965], [-80.3139269995675, 26.13827999965731], [-80.3139269995675, 26.138506999941416], [-80.3139120003972, 26.13923999989531], [-80.31394300035933, 26.13949300033814], [-80.31392200044294, 26.141673999885708], [-80.31392200044294, 26.14186599966047], [-80.31392300026786, 26.142987000340607], [-80.3139759999713, 26.143044000169578], [-80.31394900020713, 26.144934000128313], [-80.31393900016137, 26.145703000008023], [-80.31394099981121, 26.145917999605032], [-80.31394599983408, 26.146516000380906], [-80.31395800042796, 26.147785000172178], [-80.31391599969685, 26.148249000330814], [-80.31391700042008, 26.148350999948065], [-80.31387999971183, 26.14866000040263], [-80.31391700042008, 26.14870899982803], [-80.31392499991767, 26.148752999705984], [-80.3139269995675, 26.14901499962528], [-80.31392800029073, 26.149088999692935], [-80.31393599978833, 26.15012200006407], [-80.31393900016137, 26.150491999648803], [-80.31394099981121, 26.15077200010206], [-80.31394800038221, 26.151613999611662], [-80.31395099985696, 26.15189499967029], [-80.31395199968186, 26.152174999982446], [-80.31395699970473, 26.153015000113076], [-80.31395900025288, 26.1532960000232], [-80.31396099990269, 26.153572999800243], [-80.31396299955252, 26.153889999832693], [-80.31396900029861, 26.15484300011336], [-80.31397199977334, 26.155160999771155], [-80.31398199981909, 26.156548000258976], [-80.31398400036721, 26.156744999744898], [-80.31398500019213, 26.156809999608697], [-80.31398699984196, 26.156938000363503], [-80.31399199986483, 26.157337000070168], [-80.31399500023788, 26.15753499966655], [-80.31399400041298, 26.157716000229296], [-80.31399400041298, 26.158261999704436], [-80.31399400041298, 26.15844500039656], [-80.31399500023788, 26.158629999636847], [-80.31400100008567, 26.159187000067128], [-80.31400299973548, 26.159373000363974], [-80.31401299978123, 26.160583999913126], [-80.31401299978123, 26.16064500003653], [-80.31399600006279, 26.16069499987597], [-80.31396500010065, 26.160731000037355], [-80.31395199968186, 26.16073699966004], [-80.31393400013852, 26.160746000302915], [-80.31391099967398, 26.16075000031965], [-80.3138980001535, 26.16075400033623], [-80.31382700000839, 26.160755000138796], [-80.31299500015517, 26.16073500005461], [-80.31028699998511, 26.16067200037178], [-80.30938499981168, 26.16065099966363], [-80.3091549996579, 26.16064599984003], [-80.30846699974474, 26.16063200017154], [-80.3082380003142, 26.160628000150762], [-80.30800899998535, 26.16062199971616], [-80.30732199989708, 26.160607000240994], [-80.30709299956823, 26.160601999609202], [-80.30685900011481, 26.1605969997835], [-80.30615899960776, 26.160584999717134], [-80.30592599997925, 26.16058099969475], [-80.30580600032866, 26.160578000282584], [-80.30544700030346, 26.16056899962677], [-80.30532799957946, 26.160567000018425], [-80.30411400013483, 26.160538999854502], [-80.30047200000429, 26.1604569997389], [-80.29925799966135, 26.160430000160193], [-80.29907500026155, 26.16042699993786], [-80.29852899974028, 26.160421000299237], [-80.29847799968665, 26.160421000299237], [-80.29841699958729, 26.160404000380783], [-80.29835800003606, 26.160372000148183], [-80.29829600011179, 26.160372000148183], [-80.29811199998878, 26.160372000148183], [-80.2980509998894, 26.160372999953996], [-80.29790899959919, 26.1603880002656], [-80.29781999991073, 26.160397999934705], [-80.2978049998421, 26.152830999902854], [-80.29780200036738, 26.151182000273597], [-80.29777899990286, 26.15002100027654], [-80.29770399955977, 26.15002200017105], [-80.29736100032642, 26.150025999749108], [-80.29531699978007, 26.150031999922305], [-80.2945729997904, 26.150033999711177], [-80.29184700007698, 26.150041999672684], [-80.2916019998546, 26.150041999672684], [-80.2864969998591, 26.150056999699842], [-80.28477899972599, 26.150061999977282], [-80.2839569999185, 26.150063999765646], [-80.2838010002829, 26.150063999765646], [-80.28330199961731, 26.150064999659786], [-80.28135300040384, 26.150070999830977], [-80.27628600004316, 26.150084999960427], [-80.27103899975742, 26.150099999982064], [-80.26795800021677, 26.150112000320537], [-80.26778999998727, 26.150112000320537], [-80.26256600016607, 26.150123999851388], [-80.25755400005698, 26.150137999974465], [-80.25717300029048, 26.150145999928863], [-80.25700900025896, 26.150150000309033], [-80.2547389997568, 26.150172000381623], [-80.2483680004381, 26.15018200012002], [-80.24787700016844, 26.150163999622634], [-80.24655400004555, 26.150168000002193], [-80.24628200005897, 26.150168000002193], [-80.2453749998627, 26.150172000381623], [-80.24512799999047, 26.15018200012002], [-80.24179300000661, 26.15018100022683], [-80.24079600029697, 26.150183999906318], [-80.23797099995102, 26.15019099996446], [-80.23502799960431, 26.15021499981508], [-80.2350250001296, 26.150039999883955], [-80.23490100028103, 26.143329999655343], [-80.23487799981649, 26.141173999662392], [-80.23480699967136, 26.13804599975863], [-80.23471999963274, 26.135864000165157], [-80.23471799998292, 26.135816000202865], [-80.23471499960986, 26.13573299963351], [-80.23464400036306, 26.13573299963351], [-80.23398999988679, 26.13573299963351], [-80.23203099972926, 26.13573699970116], [-80.23153100013705, 26.13573799971803], [-80.23137799997619, 26.13573899973493], [-80.23076100020812, 26.13574099976868], [-80.22891199965544, 26.135750999936867], [-80.2282959997123, 26.135755000003943], [-80.2279710000223, 26.135755000003943], [-80.22699799970376, 26.135755000003943], [-80.22667399983867, 26.135756000020663], [-80.2267259997172, 26.13589699987574], [-80.22677299957287, 26.13605799984527], [-80.22679199983943, 26.136089000279757], [-80.22679799968722, 26.13653399996454], [-80.22681299975584, 26.137509000068878], [-80.22681899960362, 26.13787100013102], [-80.22682600017461, 26.138317000277258], [-80.22674199961071, 26.13881499985223], [-80.22674400015887, 26.138858000243825], [-80.22676599990017, 26.140029999773667], [-80.22682100015176, 26.142963999765062], [-80.226915999688, 26.147419999653017], [-80.22695400022114, 26.150249000199757], [-80.22722399965957, 26.15024800030717], [-80.22733800036069, 26.15024800030717], [-80.22739000023925, 26.15024800030717], [-80.22754800042298, 26.15025000009236], [-80.22760100012643, 26.150250999984927], [-80.22773599984565, 26.15025000009236], [-80.2281409999016, 26.15025000009236], [-80.22827700034404, 26.15025000009236], [-80.22845899991891, 26.150251999877504], [-80.22900700009001, 26.150258999931562], [-80.22919000038812, 26.15026199960904], [-80.22937799981077, 26.15026099971654], [-80.22994500024843, 26.15025800003905], [-80.23013400039432, 26.15025800003905], [-80.23017100020424, 26.150257000146546], [-80.2302809998091, 26.150257000146546], [-80.23031900034225, 26.150257000146546], [-80.23040899985561, 26.150257000146546], [-80.23068300039031, 26.150258999931562], [-80.2307739997286, 26.150259999824062], [-80.23083300017814, 26.150259999824062], [-80.23091000017104, 26.150259999824062], [-80.23096200004957, 26.150259999824062], [-80.23099100036188, 26.15026099971654], [-80.23104999991313, 26.152509999919534], [-80.23110099996674, 26.154815000188183], [-80.23112299970805, 26.15515300016059], [-80.23113500030195, 26.156087000374733], [-80.23114100014972, 26.15643499989615], [-80.23116600026408, 26.157755999816885], [-80.23127199967097, 26.163431999604782], [-80.23132799974746, 26.164684999718244], [-80.23157100032003, 26.164684999718244], [-80.23198399987358, 26.1646839999494], [-80.23529100026836, 26.16468099983648], [-80.23942299994535, 26.1646690001903], [-80.24000200007856, 26.164717000380076], [-80.24061999967155, 26.164798000151603], [-80.24097899969675, 26.16484600028829], [-80.24099399976537, 26.164781000064856], [-80.24101999970462, 26.16466299996363], [-80.24136100018649, 26.16466299996363], [-80.24175500037178, 26.16466299996363], [-80.24201200028972, 26.164665000308005], [-80.24218200016904, 26.16466600007701], [-80.2422719996824, 26.1646709997283], [-80.24248299956962, 26.164667999615038], [-80.24278899989136, 26.164669999959308], [-80.24285599983851, 26.164676999954565], [-80.2429599995956, 26.164676000185622], [-80.24325599987161, 26.164638999860106], [-80.24353899972881, 26.16462199975018], [-80.24384300040074, 26.164624000095255], [-80.24400700043228, 26.164634000207464], [-80.24471200006388, 26.1646130002127], [-80.24592300003377, 26.164593999753478], [-80.24690700022295, 26.16459099963823], [-80.2483600000422, 26.16458599998353], [-80.2514439999559, 26.16471999968581], [-80.25145800019959, 26.164812999894075], [-80.25147999994091, 26.166439000368477], [-80.25148199959072, 26.166612000383182], [-80.25169000000321, 26.17618399989658], [-80.25170199969875, 26.176647000290394], [-80.25171400029264, 26.177080000103604], [-80.25168099978237, 26.178626000275752], [-80.25167900013254, 26.178645000060634], [-80.25167199956154, 26.178743000301992], [-80.25165999986596, 26.17892600029353], [-80.2516699999117, 26.17916700036383], [-80.25182300007258, 26.17916599991298], [-80.25200299999763, 26.17916500026829], [-80.25300200025544, 26.179161000077098], [-80.25333600016627, 26.179161000077098], [-80.25386500007079, 26.17915800033671], [-80.25511500039875, 26.179154000145264], [-80.25545199978433, 26.179152999694306], [-80.25598200041206, 26.17915200004952], [-80.25674499976998, 26.179149999953715], [-80.25903600018853, 26.179147999857896], [-80.25980000026969, 26.179147999857896], [-80.26044600035007, 26.17914099992528], [-80.26238700006593, 26.179122999866344], [-80.26303399997123, 26.17911700038353], [-80.26318600030717, 26.17911700038353], [-80.26364499989151, 26.179118000028623], [-80.26370000014307, 26.179118000028623], [-80.26379800005238, 26.17911899967373], [-80.26412500029053, 26.17911700038353], [-80.2651100003046, 26.179113999835828], [-80.26543800036768, 26.179113000190686], [-80.26590600017282, 26.179113000190686], [-80.26730999958825, 26.179113000190686], [-80.26777800029171, 26.179113999835828], [-80.26778099976644, 26.17924400038827], [-80.26778699961422, 26.17949599989277], [-80.26781400027673, 26.180645000314893], [-80.26782299959923, 26.18102799981922], [-80.26782599997229, 26.18116299959919], [-80.26783500019313, 26.18156799961302], [-80.26783799966786, 26.181704000002604], [-80.26783900039108, 26.18177099970943], [-80.26784400041394, 26.181972000210997], [-80.26784600006377, 26.182040000189893], [-80.26784699988869, 26.182114000264125], [-80.26785199991156, 26.182338999863415], [-80.26785399956137, 26.18241400017071], [-80.26785600010953, 26.182553999647883], [-80.26786500033035, 26.182976999936837], [-80.26786899962998, 26.18311799996065], [-80.26787100017812, 26.183244999635974], [-80.26787899967574, 26.183626000249774], [-80.26788200004879, 26.183753000177557], [-80.26788500042183, 26.183894999672653], [-80.26789399974435, 26.18432100034416], [-80.2678970001174, 26.18446400035858], [-80.26789999959213, 26.184679999850253], [-80.26790899981296, 26.1853279999535], [-80.2679130000109, 26.185544999851867], [-80.26791499966075, 26.185729000035984], [-80.26792100040684, 26.18607600017959], [-80.26792100040684, 26.186280999651057], [-80.26792200023175, 26.186465999867174], [-80.26792200023175, 26.186506000071358], [-80.26792800007954, 26.186786000310054], [-80.26793300010242, 26.186947999760825], [-80.26798099978298, 26.1882770003654], [-80.26800199969938, 26.188720000153634], [-80.26800300042261, 26.188799999806633], [-80.26802099996596, 26.189100999792277], [-80.26802099996596, 26.189213999934246], [-80.26803000018678, 26.190458999806058], [-80.26803400038474, 26.19087400003078], [-80.26805699995097, 26.192203000181415], [-80.26806000032401, 26.19239900034591], [-80.26806199997384, 26.192466999881795], [-80.26808000041551, 26.19272899992718], [-80.26807299984449, 26.19318199979362], [-80.26809899978377, 26.193684000189116], [-80.26823699987602, 26.193684000189116], [-80.26889499965196, 26.19368299986291], [-80.27024500043736, 26.19368100001655], [-80.27063500042469, 26.19368100001655], [-80.27128700035284, 26.19368100001655], [-80.27208400004596, 26.19368100001655], [-80.27286400002066, 26.193677000323724], [-80.2752049997696, 26.193665999958633], [-80.27608000017884, 26.193662999785598], [-80.27677599958962, 26.19365999961251], [-80.27914800019902, 26.193655000398586], [-80.27993900004435, 26.19365400007213], [-80.28082299977609, 26.193655000398586], [-80.2834770004178, 26.193657999765744], [-80.28364300009915, 26.193657999765744], [-80.28420600033887, 26.19365999961251], [-80.28436199997445, 26.193660999938906], [-80.28467599979383, 26.193655999918935], [-80.28562099962494, 26.193645000357936], [-80.28593600016751, 26.193642000184354], [-80.28629299964459, 26.193637000163612], [-80.28736800007037, 26.1936229996207], [-80.28749799976671, 26.193622000100017], [-80.28772600027065, 26.19361899992585], [-80.28833700019092, 26.193612000056543], [-80.29017199960157, 26.193595000141933], [-80.2907840002451, 26.193590000119126], [-80.29085100019225, 26.193588999792112], [-80.29105600023165, 26.19358699994416], [-80.2911240000037, 26.19358699994416], [-80.29153200043271, 26.19358500009613], [-80.2918339996582, 26.193590000119126], [-80.29306999974244, 26.193595999662804], [-80.29467800027071, 26.193645000357936], [-80.29485999984557, 26.193640000337307], [-80.29504300014369, 26.193647000204923], [-80.2953479997422, 26.193649000051856], [-80.29543800015388, 26.193650000378387], [-80.2954530002225, 26.193650000378387], [-80.29552199981948, 26.193650000378387], [-80.29658300000156, 26.193657000245366], [-80.29736100032642, 26.193660999938906], [-80.29764400018364, 26.193662999785598], [-80.29781400006294, 26.193664000111966], [-80.29803199962284, 26.193664999632276], [-80.29803300034607, 26.193613999904116], [-80.29804000001874, 26.192341999649397], [-80.29805400026244, 26.18993900002094], [-80.29806500013309, 26.189809999668395], [-80.29804900023959, 26.189115999631948], [-80.2980509998894, 26.188953999971424], [-80.2988469997576, 26.18823899990299], [-80.2995849998995, 26.187554999939252], [-80.30497500030036, 26.18273900013851], [-80.30505999979086, 26.182662999619524], [-80.30523600041627, 26.182504999930607], [-80.31213599963947, 26.176310999872502], [-80.31381000028996, 26.174809000160383], [-80.31945500006061, 26.169738999952596], [-80.3213959997765, 26.16799600012973], [-80.32551199955995, 26.164298999609773], [-80.32679200002514, 26.163150000139055], [-80.32900300007773, 26.161164000100147], [-80.33409200017974, 26.156594000082727], [-80.33519699984443, 26.155600000237747], [-80.33716299967465, 26.153834000324565], [-80.33768300025663, 26.15336700019756], [-80.33810500003104, 26.15298799961832], [-80.33879700014216, 26.152367000222903], [-80.33954199995674, 26.151697000178615], [-80.34145799955824, 26.14997700007029], [-80.34223800043124, 26.149274999960927], [-80.34605499956565, 26.145844999876285], [-80.34616900026678, 26.145742999681755], [-80.34620899955144, 26.145706999734116], [-80.3487119996821, 26.14345899982567], [-80.350254999913, 26.142071000247444], [-80.35608399980671, 26.136834000181395], [-80.36147000000962, 26.131991999759187], [-80.36231299973348, 26.13123399970021], [-80.36333200008275, 26.130319000213902], [-80.36423900027904, 26.1295029997525], [-80.3658340003885, 26.12807899987344]], [[-80.36218100038731, 26.113137000256827], [-80.36218100038731, 26.11316899972453], [-80.36217899983919, 26.113802999723383], [-80.36207199970906, 26.11389799976918], [-80.36183700043074, 26.11389799976918], [-80.36178200017913, 26.11389799976918], [-80.36178399982897, 26.113495000003315], [-80.36179499969963, 26.113493999796013], [-80.36180599957028, 26.113492000187993], [-80.36181999981397, 26.113489999773314], [-80.36192199992122, 26.11343899967369], [-80.36203099970118, 26.113341999644234], [-80.36206500003635, 26.11322800000568], [-80.36206500003635, 26.113210999667928], [-80.36206500003635, 26.113137000256827], [-80.36207799955683, 26.113137000256827], [-80.36218100038731, 26.113137000256827]], [[-80.36196899977689, 26.113219999941936], [-80.36196399975402, 26.11326099965777], [-80.3619610002793, 26.113287000257014], [-80.36193699998984, 26.11333499979699], [-80.36190000017993, 26.11336400019849], [-80.36186699966964, 26.113389999968245], [-80.36180399992045, 26.113399999629973], [-80.36176200008767, 26.113407000279928], [-80.36161499977457, 26.113408999889376], [-80.36155299985028, 26.11339299978619], [-80.36141700030616, 26.113357999754435], [-80.3613779999481, 26.113338999824993], [-80.36124200040398, 26.113275000167313], [-80.36108500004514, 26.11317900021175], [-80.3611460001445, 26.11311199983477], [-80.36132000022178, 26.112923000213705], [-80.36135399965866, 26.11288599961621], [-80.36137299992522, 26.1128639997786], [-80.36142099960581, 26.112897999745886], [-80.36158800001039, 26.1129690002862], [-80.36172600010265, 26.113026999650383], [-80.36181599961603, 26.113064999607595], [-80.36195000040864, 26.113123999941237], [-80.36195700008133, 26.113161999866914], [-80.36196899977689, 26.113219999941936]], [[-80.36083099960193, 26.11228800006383], [-80.36082300010432, 26.11229600019134], [-80.36075500033226, 26.11237299997902], [-80.36068800038511, 26.112446999873807], [-80.36061200021713, 26.112531000264443], [-80.36056399963823, 26.112577999899692], [-80.3605400002471, 26.112605000059208], [-80.3605119997597, 26.112572000221924], [-80.36048699964533, 26.112542999623916], [-80.36044099961458, 26.11249000029255], [-80.36040999965245, 26.11245399977423], [-80.36027800030628, 26.112360000385074], [-80.36022200022978, 26.112319999763983], [-80.36026499988749, 26.112274000242714], [-80.36039499958383, 26.112135999957076], [-80.36043899996477, 26.112090999776104], [-80.3604909998433, 26.112037000020056], [-80.36075600015717, 26.112231999962596], [-80.36078999959405, 26.112256999766252], [-80.36083099960193, 26.11228800006383]]]}}, {"type": "Feature", "properties": {"name": "Tamarac", "geoid": "1270675", "county": "broward"}, "geometry": {"type": "Polygon", "coordinates": [[[-80.29763900016076, 26.19375499995158], [-80.29764400018364, 26.193662999785598], [-80.29736100032642, 26.193660999938906], [-80.29658300000156, 26.193657000245366], [-80.29552199981948, 26.193650000378387], [-80.2954530002225, 26.193650000378387], [-80.29543800015388, 26.193650000378387], [-80.2953479997422, 26.193649000051856], [-80.29504300014369, 26.193647000204923], [-80.29485999984557, 26.193640000337307], [-80.29467800027071, 26.193645000357936], [-80.29306999974244, 26.193595999662804], [-80.2918339996582, 26.193590000119126], [-80.29153200043271, 26.19358500009613], [-80.2911240000037, 26.19358699994416], [-80.29105600023165, 26.19358699994416], [-80.29085100019225, 26.193588999792112], [-80.2907840002451, 26.193590000119126], [-80.29017199960157, 26.193595000141933], [-80.28833700019092, 26.193612000056543], [-80.28772600027065, 26.19361899992585], [-80.28749799976671, 26.193622000100017], [-80.28736800007037, 26.1936229996207], [-80.28629299964459, 26.193637000163612], [-80.28593600016751, 26.193642000184354], [-80.28562099962494, 26.193645000357936], [-80.28467599979383, 26.193655999918935], [-80.28436199997445, 26.193660999938906], [-80.28420600033887, 26.19365999961251], [-80.28364300009915, 26.193657999765744], [-80.2834770004178, 26.193657999765744], [-80.28082299977609, 26.193655000398586], [-80.27993900004435, 26.19365400007213], [-80.27914800019902, 26.193655000398586], [-80.27677599958962, 26.19365999961251], [-80.27608000017884, 26.193662999785598], [-80.2752049997696, 26.193665999958633], [-80.27286400002066, 26.193677000323724], [-80.27208400004596, 26.19368100001655], [-80.27128700035284, 26.19368100001655], [-80.27063500042469, 26.19368100001655], [-80.27024500043736, 26.19368100001655], [-80.26889499965196, 26.19368299986291], [-80.26823699987602, 26.193684000189116], [-80.26809899978377, 26.193684000189116], [-80.2670240002563, 26.19368299986291], [-80.26380100042542, 26.19368299986291], [-80.26272699982457, 26.19368299986291], [-80.26220299994291, 26.193687999881696], [-80.26202999969055, 26.193689999727958], [-80.2607869999336, 26.193691000054095], [-80.26063100029799, 26.193689999727958], [-80.26010700041635, 26.193687000361614], [-80.26000199993607, 26.193687000361614], [-80.25968999976652, 26.19368900020786], [-80.25958600000943, 26.193689999727958], [-80.25888800005053, 26.193691000054095], [-80.25679599982361, 26.193696000072524], [-80.2560989996896, 26.193697999918644], [-80.25527400040741, 26.193697999918644], [-80.25280200023889, 26.193697999918644], [-80.25214500028787, 26.193697999918644], [-80.25197799988328, 26.193697999918644], [-80.251190000411, 26.193701000090787], [-80.24882899967224, 26.193711999646496], [-80.24840799972277, 26.193714000298378], [-80.24804299984979, 26.193716000144192], [-80.24723100008806, 26.193716000144192], [-80.24479499990456, 26.193719000315838], [-80.24398399996775, 26.193721000161553], [-80.24318499972648, 26.193723000007253], [-80.24078700007612, 26.193729000350128], [-80.24041800000518, 26.193729999869866], [-80.2399889996598, 26.193731999715375], [-80.23919199996668, 26.193733000041156], [-80.23680199981392, 26.193739999903187], [-80.23600599994572, 26.193741999748543], [-80.23602100001433, 26.19335099990824], [-80.23607000041814, 26.19217999963872], [-80.23608700013656, 26.191789999733878], [-80.23605000032664, 26.190953999816717], [-80.23594200037162, 26.188446999906482], [-80.23588100027224, 26.187664000069283], [-80.23585100013503, 26.18631500000039], [-80.23581500015001, 26.184667000246726], [-80.23574900002778, 26.182824000352603], [-80.23569999962398, 26.18192100020077], [-80.2356450002707, 26.1792729997352], [-80.23559500004198, 26.1792729997352], [-80.2354760002163, 26.1792729997352], [-80.23511999966583, 26.17927600027877], [-80.23500199966506, 26.17927699992254], [-80.23486199992297, 26.179278000372424], [-80.23476300018878, 26.179278000372424], [-80.23444199979839, 26.17928100010972], [-80.2343020000563, 26.179281999753428], [-80.23337399994364, 26.1792880000339], [-80.23247699979309, 26.179294999957683], [-80.23079600036822, 26.179285999940447], [-80.23059200015373, 26.179285999940447], [-80.23017700005202, 26.179283999846945], [-80.23005099965532, 26.179283999846945], [-80.22995199992113, 26.179283999846945], [-80.22985400001184, 26.17928300020329], [-80.22966499986595, 26.179281999753428], [-80.22935699989436, 26.179281999753428], [-80.22843600035269, 26.179283999846945], [-80.22812900020602, 26.17928500029678], [-80.2276830001422, 26.179285999940447], [-80.22724399975105, 26.17928700039027], [-80.22634699960051, 26.1792880000339], [-80.22590200025991, 26.179288999677556], [-80.22553900003675, 26.179288999677556], [-80.22479900024504, 26.17929000012734], [-80.22445000026559, 26.17929000012734], [-80.22408799986732, 26.17929099977097], [-80.22386600010948, 26.17929099977097], [-80.22336300014423, 26.179292000220755], [-80.22326000021208, 26.179292999864334], [-80.22320300031066, 26.179292999864334], [-80.22298200037773, 26.179292999864334], [-80.22264199972079, 26.179292999864334], [-80.22181999991332, 26.179294000314094], [-80.22162499991964, 26.179292000220755], [-80.22128699981084, 26.17929000012734], [-80.2210159996492, 26.1792880000339], [-80.22020399988747, 26.179281999753428], [-80.21993400044903, 26.17928100010972], [-80.2197849995878, 26.179283999846945], [-80.21957200005079, 26.179288999677556], [-80.21934500027007, 26.179292999864334], [-80.21933100002637, 26.179294000314094], [-80.21919399975901, 26.179306999710857], [-80.21903599957525, 26.179292999864334], [-80.21703999960782, 26.179306000067392], [-80.21399400022727, 26.17931799981942], [-80.21105699972833, 26.179328999926955], [-80.21031799976154, 26.179337000297636], [-80.20746599965143, 26.179342000125967], [-80.2074649998265, 26.179439999781252], [-80.20748800029105, 26.180457000017608], [-80.20754400036755, 26.182974000294664], [-80.20539900043718, 26.182980999997053], [-80.20364199994603, 26.182991999758798], [-80.20364299977092, 26.18302899990259], [-80.20367100025834, 26.183716999869333], [-80.20368100030407, 26.183959000115156], [-80.20368899980167, 26.184158999659218], [-80.20371200026622, 26.18471999986148], [-80.20371300009113, 26.184761999858452], [-80.20371599956586, 26.184869000185454], [-80.203718000114, 26.184963999632505], [-80.2037199997638, 26.185024000304065], [-80.20351800009746, 26.185020999908456], [-80.20006099991485, 26.18500200035699], [-80.19839600038351, 26.184992999974373], [-80.19718700006342, 26.184986999987657], [-80.19722100039863, 26.186212000144483], [-80.19721600037575, 26.18629799982697], [-80.19695000023697, 26.186297000243467], [-80.19687499989391, 26.18629599985383], [-80.19658299981585, 26.186295000270288], [-80.19650699964787, 26.186293999880643], [-80.19627900004222, 26.186293999880643], [-80.19620399969916, 26.186293999880643], [-80.19610400014004, 26.186293000297088], [-80.19583800000126, 26.186291999907414], [-80.19580700003912, 26.186291999907414], [-80.19570800030492, 26.186291999907414], [-80.19562299991611, 26.186291000323873], [-80.19554000007544, 26.186291000323873], [-80.19549499986961, 26.186291000323873], [-80.19545100038698, 26.186291000323873], [-80.1953629996251, 26.186291000323873], [-80.19528099960935, 26.186291000323873], [-80.19525999969295, 26.186291000323873], [-80.19488599959914, 26.186287999960882], [-80.19400199986738, 26.18628200004083], [-80.19357599989503, 26.186280000067388], [-80.19337500005358, 26.186278000093957], [-80.19277300035414, 26.186274999730635], [-80.19257300033759, 26.18627400014694], [-80.19247999955287, 26.186272999757076], [-80.19220099989361, 26.186270999783517], [-80.1921089998321, 26.186270999783517], [-80.19195599967122, 26.186270000199773], [-80.19149700008691, 26.186266999836274], [-80.19134399992603, 26.186266000252477], [-80.1909339998472, 26.186266000252477], [-80.1897630000603, 26.186266000252477], [-80.18970699998377, 26.186266000252477], [-80.18946000011158, 26.186266000252477], [-80.18945799956344, 26.186202999855357], [-80.18945599991362, 26.185992999897795], [-80.18940300021016, 26.183969000181158], [-80.18926900031586, 26.183969999784622], [-80.18889900042001, 26.18397100019422], [-80.18808500011015, 26.18397399981072], [-80.18797700015512, 26.183991999926537], [-80.18787099984989, 26.18403400018593], [-80.18780399990274, 26.184050000280802], [-80.18775899969691, 26.184060999941632], [-80.18743800020486, 26.184095000132675], [-80.18731099998324, 26.184097999745983], [-80.1854559995828, 26.18411199982142], [-80.18484200018777, 26.184133999936527], [-80.18448499981241, 26.184146999599516], [-80.18344999956959, 26.18416400008678], [-80.18332800026919, 26.184166000096532], [-80.18329599958382, 26.184160000067198], [-80.18333999996474, 26.185990000333256], [-80.18165799981666, 26.186025000353364], [-80.18109799995, 26.186025000353364], [-80.18099300036802, 26.186025999939222], [-80.17743900010105, 26.186084000087106], [-80.17669599993627, 26.18611500012649], [-80.17624300019975, 26.186132999911557], [-80.17584999983936, 26.186154999645073], [-80.17566599971634, 26.186154999645073], [-80.17545700037728, 26.186154000060323], [-80.17518799986544, 26.18615200008473], [-80.17514500020775, 26.185953999910048], [-80.17507599971246, 26.18574400030984], [-80.17498799984891, 26.18554600024794], [-80.17494400036631, 26.185475000318878], [-80.17486900002322, 26.185353000226158], [-80.17478199998459, 26.185229000014225], [-80.17467200037973, 26.185032000283805], [-80.1744010002181, 26.18472900026518], [-80.17421299989711, 26.1845450001141], [-80.17379000029781, 26.184243000042475], [-80.1736909996653, 26.184174999736886], [-80.17360199997682, 26.184113999832036], [-80.17342799989954, 26.184030000161883], [-80.17330099967795, 26.183969000181158], [-80.17323000043115, 26.183934999953358], [-80.17305999965353, 26.183871000303782], [-80.17278500019222, 26.183769999916183], [-80.17254199961967, 26.1836920000518], [-80.172206000059, 26.183632000306616], [-80.17184399966075, 26.18357700017719], [-80.17144399962767, 26.183493999727474], [-80.1710369999219, 26.18340999961039], [-80.17050299999451, 26.18330100033747], [-80.16994300012784, 26.183186999687166], [-80.16964900039999, 26.183134000181266], [-80.16932800000961, 26.18307699978837], [-80.16886600005228, 26.182976999936837], [-80.16866699986062, 26.182933999684106], [-80.16762499994513, 26.182745999854983], [-80.16744099982212, 26.182712000076485], [-80.16701900004773, 26.182634999924975], [-80.16556399968034, 26.18237000009302], [-80.1647360000251, 26.18220100017142], [-80.16452699978773, 26.182157999632338], [-80.16323200015223, 26.181919999773566], [-80.16298500028003, 26.18187499988789], [-80.16298500028003, 26.181981000020798], [-80.1629900003029, 26.182190000334998], [-80.16307399996847, 26.1845790001639], [-80.16496199998089, 26.184537999699558], [-80.16743300032452, 26.184485999601083], [-80.16824000006336, 26.184466999962385], [-80.17107700010486, 26.184402999798866], [-80.1731209997529, 26.18436400008509], [-80.17327899993663, 26.184156999649336], [-80.17335199973157, 26.184192000220065], [-80.17342500042483, 26.184230000390198], [-80.17349700039483, 26.184269999749755], [-80.17356900036486, 26.184313000315644], [-80.17363799996184, 26.184354000053027], [-80.17384100035142, 26.184547999715853], [-80.17391099977331, 26.184601999788917], [-80.17397799972046, 26.184655999836952], [-80.17404300001779, 26.184711000263224], [-80.17410499994207, 26.184767000260187], [-80.1742270001408, 26.184885999761274], [-80.17428499986713, 26.184947999663176], [-80.17434099994361, 26.185010999932782], [-80.17439600019522, 26.185074999762314], [-80.17444800007374, 26.18514100035585], [-80.17454799963285, 26.185276000207573], [-80.17459399966361, 26.185345000268455], [-80.17463800004454, 26.18541499987956], [-80.17468099970225, 26.185487000241814], [-80.17472900028113, 26.18557499963884], [-80.17476299971801, 26.18564099994914], [-80.17479500040339, 26.185707000222024], [-80.17482800001535, 26.185781999973806], [-80.17485999980241, 26.185858000070667], [-80.1748890001147, 26.18593400011799], [-80.17491099985601, 26.185996999854456], [-80.17495000021408, 26.18612300003131], [-80.17497500032844, 26.186216000093648], [-80.17506900003976, 26.186336999699545], [-80.17511400024561, 26.186432999950387], [-80.17513900035996, 26.186612000022073], [-80.17515600007842, 26.186869999605538], [-80.1751769999948, 26.18718300029539], [-80.17519200006343, 26.187452999947055], [-80.17519200006343, 26.18770599981115], [-80.17519000041358, 26.18799600011062], [-80.17519200006343, 26.188164999688148], [-80.17519399971324, 26.188707000194764], [-80.17521800000269, 26.188926999737394], [-80.17511699972034, 26.188931000399435], [-80.17510500002477, 26.188931000399435], [-80.17425300008007, 26.188953999971424], [-80.17397000022287, 26.188961000120646], [-80.173416000204, 26.188975999978368], [-80.17325299999737, 26.1889799998326], [-80.17325299999737, 26.18902999961133], [-80.17326499969293, 26.190331999933246], [-80.17330700042405, 26.19157800029185], [-80.17324399977653, 26.19157800029185], [-80.17264799992488, 26.191578999830078], [-80.17263799987914, 26.19156100008034], [-80.17261100011497, 26.191541999983272], [-80.17257900032791, 26.191500000012226], [-80.17253599977188, 26.191459000371353], [-80.17249300011417, 26.19143500014236], [-80.17243899968751, 26.191417999909973], [-80.17238199978611, 26.19141600002472], [-80.17229899994541, 26.19143899991218], [-80.17221799975457, 26.191510000237017], [-80.17219500018834, 26.191559000197557], [-80.17219000016547, 26.191580999712507], [-80.17218799961732, 26.19160100014733], [-80.17218900034057, 26.191629999643173], [-80.17219199981528, 26.19164600030698], [-80.1721990003863, 26.19166799980553], [-80.17220900043203, 26.19169000010599], [-80.17230300014337, 26.191862000186642], [-80.17237500011339, 26.194448000242044], [-80.17260899956682, 26.194443999769526], [-80.1729380003531, 26.194435000116375], [-80.17324799997449, 26.194428000296124], [-80.1733810000439, 26.194423999822867], [-80.17335799957937, 26.193534000332942], [-80.17837999973419, 26.193414999992534], [-80.17837100041167, 26.19388299964109], [-80.17836800003863, 26.194061000033408], [-80.17837899990927, 26.194653999807873], [-80.17840499984854, 26.195174000307585], [-80.18437100000959, 26.19511299971347], [-80.18451900014759, 26.19512399994189], [-80.184576000049, 26.19512299962807], [-80.18488800021854, 26.19512000029863], [-80.18494699976976, 26.195118999984732], [-80.1851240002201, 26.19511599984915], [-80.18518399959623, 26.19511599984915], [-80.18556000023818, 26.195099000154023], [-80.1865600003209, 26.19505600034512], [-80.1866880003674, 26.19505100038506], [-80.18678399972855, 26.19504699993323], [-80.18674500026881, 26.194112000371895], [-80.18706699958578, 26.19410100004792], [-80.18759200019063, 26.194081000042367], [-80.18758799999269, 26.19395599992997], [-80.18752400041859, 26.192860000131915], [-80.18749000008339, 26.19141400013944], [-80.18740399986967, 26.19141499967904], [-80.18704300019465, 26.191419999795215], [-80.18680999966783, 26.19142300002598], [-80.18591000004255, 26.19143500014236], [-80.18367200022577, 26.191454000256886], [-80.18352200043793, 26.191458000026042], [-80.18346999966109, 26.191459000371353], [-80.18346899983617, 26.191368999890123], [-80.1834570001406, 26.190930000289747], [-80.18344999956959, 26.1905490001843], [-80.18343600022422, 26.19005000024744], [-80.1834279998283, 26.189666000212156], [-80.18137499995944, 26.189677000148908], [-80.18136999993656, 26.189461999804518], [-80.1813649999137, 26.189243000024373], [-80.18133999979933, 26.1892440003887], [-80.17773100017908, 26.18929799989744], [-80.17729900035894, 26.189306000389784], [-80.17725499997802, 26.18827299968094], [-80.17725099978006, 26.188087999915826], [-80.17828000017509, 26.18808099971415], [-80.17881900012534, 26.18800900014884], [-80.17951799990917, 26.187863000132385], [-80.18020199962437, 26.18765899979192], [-80.18138099980722, 26.187252000033013], [-80.18272400002161, 26.186779000030135], [-80.18368100044658, 26.186567000336158], [-80.18434500007032, 26.1864889999258], [-80.1854060002524, 26.186442999804008], [-80.18737799993039, 26.186446000163002], [-80.18749199973323, 26.186446000163002], [-80.18752400041859, 26.18665099978955], [-80.18754000031211, 26.186748000167427], [-80.18754799980971, 26.187018999598404], [-80.1876669996354, 26.187018999598404], [-80.18823400007305, 26.187021999942562], [-80.18821999982937, 26.186619000312028], [-80.18822099965428, 26.186446000163002], [-80.18930100010292, 26.186446999745222], [-80.19135599962159, 26.18645200007463], [-80.19208200006791, 26.186454000045085], [-80.19257099978945, 26.186454999627255], [-80.19358400029095, 26.18645799998592], [-80.19551099976312, 26.18646300031483], [-80.19568900003836, 26.18646399989691], [-80.19804800022897, 26.18647399974791], [-80.19813899956723, 26.186473000165893], [-80.19816700005465, 26.18733300026868], [-80.19817600027548, 26.187773000097348], [-80.1982619995909, 26.187769000201655], [-80.19852100005697, 26.1877780003698], [-80.19887699970914, 26.18777599961595], [-80.19958499971379, 26.18778000031752], [-80.1996709999275, 26.187780999888304], [-80.19984199963174, 26.187780999888304], [-80.20007799963328, 26.187782999835957], [-80.20217300023326, 26.18779300037985], [-80.2025849999619, 26.187795000327274], [-80.20279400019928, 26.18779599989794], [-80.2033809998301, 26.187799000222103], [-80.20355200043264, 26.187797999845355], [-80.20377500001541, 26.18779599989794], [-80.20377599984033, 26.187844999808494], [-80.20377699966522, 26.18786800040097], [-80.20378500006115, 26.188298999694073], [-80.20381000017551, 26.189594000014246], [-80.20381900039634, 26.190025999728125], [-80.20382000022126, 26.19011300017643], [-80.20382600006903, 26.190374000325424], [-80.20382799971885, 26.19046099970775], [-80.20383199991682, 26.190774999967722], [-80.20384399961237, 26.191719000385767], [-80.20384899963526, 26.19203400001327], [-80.20384399961237, 26.192384999654198], [-80.20384000031272, 26.19267400006188], [-80.20383299974172, 26.19343800029133], [-80.20383199991682, 26.193514000230017], [-80.20382900044207, 26.193790000056982], [-80.20382799971885, 26.19387500026914], [-80.20416099980477, 26.19387500026914], [-80.20717699994643, 26.193867000090606], [-80.2074070001002, 26.193868999933798], [-80.20778899969162, 26.19386799960915], [-80.20779299988958, 26.193945000397303], [-80.20782399985171, 26.195341000132068], [-80.20782800004966, 26.195453000358064], [-80.20782200020189, 26.19571699994641], [-80.2078370002705, 26.196006000146948], [-80.20786200038486, 26.197236000367198], [-80.20786999988246, 26.197498999650453], [-80.20796899961667, 26.197498000163066], [-80.20841899987848, 26.197498999650453], [-80.21137399992074, 26.197495000088743], [-80.21137499974566, 26.197564000166377], [-80.21137399992074, 26.198077000162414], [-80.21146599998224, 26.198077000162414], [-80.21153200010448, 26.198077000162414], [-80.21173299994594, 26.198077000162414], [-80.21179999989309, 26.198077999644827], [-80.21179999989309, 26.198133999664208], [-80.21180200044122, 26.19830499961434], [-80.21180300026614, 26.198361999810615], [-80.21180400009105, 26.198482999696378], [-80.21180699956578, 26.198846000211333], [-80.21180900011393, 26.198967999875006], [-80.21180699956578, 26.199389999932514], [-80.21180200044122, 26.200655999795018], [-80.21180099971801, 26.201078999639762], [-80.21228899961463, 26.201078999639762], [-80.21375599967757, 26.201081000165082], [-80.21424500029744, 26.201081999621746], [-80.2144550003597, 26.201078999639762], [-80.2150880000213, 26.201073999938306], [-80.2152989999085, 26.20107299967559], [-80.21567100035249, 26.20107099995612], [-80.21678900043597, 26.201064999991527], [-80.21716199980655, 26.201063999728717], [-80.21754000009832, 26.201087000128886], [-80.21867599972515, 26.201156999952094], [-80.21905499984183, 26.201180999789663], [-80.21916500034501, 26.20118000033389], [-80.21949500005789, 26.20117799981025], [-80.21960600038598, 26.20117799981025], [-80.2197000000973, 26.201177000354424], [-80.21998299995452, 26.201176000092584], [-80.22007800038908, 26.201176000092584], [-80.22061700033933, 26.20117100039529], [-80.22223500001502, 26.20115500023406], [-80.22277499979018, 26.201150999991903], [-80.22301900018765, 26.201149999729846], [-80.22375300013158, 26.20114900027381], [-80.22399800035394, 26.20114900027381], [-80.22416900005818, 26.2011480000117], [-80.22468399971899, 26.201146999749618], [-80.22485600014643, 26.201146999749618], [-80.22501500015511, 26.201145000031445], [-80.22549100035617, 26.201140999788944], [-80.22565100018974, 26.201140000332803], [-80.22573099965736, 26.201139000070643], [-80.22615900017784, 26.201124000167336], [-80.2276830001422, 26.20107099995612], [-80.22799799978647, 26.201060000289434], [-80.22819100013032, 26.201054000324284], [-80.22856600004903, 26.201054000324284], [-80.22969099980521, 26.201054999781174], [-80.23006599972395, 26.20105600004406], [-80.23025300022, 26.201057000306914], [-80.23081700028462, 26.201060000289434], [-80.23100499970728, 26.201060999746275], [-80.23123200038631, 26.201060000289434], [-80.23191500027662, 26.201060000289434], [-80.23214299988224, 26.201060000289434], [-80.23296200021498, 26.201054000324284], [-80.23379800026615, 26.20104700009584], [-80.23542199978961, 26.201035999620913], [-80.23624199994727, 26.201030999917613], [-80.236292000176, 26.201030999917613], [-80.23629100035107, 26.20101499973715], [-80.23628799997803, 26.200966999988594], [-80.23628799997803, 26.200952000063136], [-80.2362799995821, 26.20076000004033], [-80.23625799984079, 26.200184999954725], [-80.2362510001681, 26.199993999745175], [-80.23624500032031, 26.199845000229303], [-80.23622699987865, 26.19940099975694], [-80.23622199985579, 26.199252999760603], [-80.23620299958921, 26.199026000027036], [-80.23614900006085, 26.198347999835686], [-80.23613200034241, 26.198122000238072], [-80.23611800009871, 26.197944999893835], [-80.23609700018231, 26.197685000075243], [-80.23607899974064, 26.197449000282955], [-80.2400740000486, 26.197440000056005], [-80.24007900007147, 26.19768200000577], [-80.24008499991925, 26.197966000331295], [-80.24009300031517, 26.19831099972118], [-80.24015000021659, 26.200999000360515], [-80.2401519998664, 26.201075000201023], [-80.2441770003116, 26.20106699971107], [-80.24418099961123, 26.201254000339908], [-80.24421499994641, 26.20279699977206], [-80.2442569997792, 26.204759999985768], [-80.2443189997035, 26.207399000314116], [-80.2443399996199, 26.208277999621497], [-80.24353299988101, 26.208277999621497], [-80.2407929999239, 26.208273000229205], [-80.2403069996771, 26.20827899982231], [-80.24031599989794, 26.20842100004276], [-80.24042499967788, 26.212866999786215], [-80.24054199985375, 26.21747699966259], [-80.24055100007457, 26.217803000217945], [-80.24056799979302, 26.218480999921017], [-80.24062800006746, 26.2208329996647], [-80.24064700033404, 26.221596000363444], [-80.24068499996888, 26.223030000119913], [-80.24070699971018, 26.22387399990364], [-80.24081700021335, 26.22822999966722], [-80.2403350001645, 26.228227000385047], [-80.24034400038535, 26.2287240002074], [-80.24036100010377, 26.22969899961107], [-80.24037100014952, 26.23003099984155], [-80.24041499963215, 26.230025999772295], [-80.24042499967788, 26.230024999758424], [-80.24056899961792, 26.23002099970285], [-80.24089000000828, 26.23001000035505], [-80.24156399967775, 26.230004000270842], [-80.2418409996872, 26.23000200024268], [-80.2442979997871, 26.230001000228604], [-80.24454899985724, 26.229997000172194], [-80.24509100018057, 26.2299910000873], [-80.24528899964898, 26.229982999973657], [-80.24554499974202, 26.229979999930872], [-80.24723100008806, 26.229962999687075], [-80.24730999973076, 26.22995699960041], [-80.24802399958321, 26.22995600039178], [-80.24944999963826, 26.22993400007126], [-80.24952900017931, 26.229941000173675], [-80.24958100005784, 26.22995200033379], [-80.24965999970055, 26.2299420001883], [-80.24993800043322, 26.229935000085906], [-80.25049300027699, 26.22994000015907], [-80.25148400013887, 26.229924999938937], [-80.25203800015774, 26.22992899999782], [-80.2522759998091, 26.22992299990944], [-80.25247400017582, 26.229938000129835], [-80.25255299981855, 26.22992899999782], [-80.2527110000023, 26.22993000001252], [-80.25284400007169, 26.22992599995366], [-80.25299700023257, 26.229909999716863], [-80.25346400021279, 26.2298649998448], [-80.2535770001907, 26.229830000111342], [-80.25365599983343, 26.229816999908348], [-80.25372100013075, 26.229827000064617], [-80.25447000014329, 26.22975999980702], [-80.25459499981675, 26.229772000000317], [-80.25498999982698, 26.22982099997097], [-80.25538599966208, 26.229861999798988], [-80.25578400004534, 26.22985499969179], [-80.25588399960445, 26.22985499969179], [-80.25629899970616, 26.22985499969179], [-80.25699199964221, 26.229847000374583], [-80.25768600030148, 26.229824000017835], [-80.25864000035341, 26.229798999624915], [-80.25935400020586, 26.229773000016376], [-80.25977000013246, 26.22975999980702], [-80.25991200042269, 26.229816999908348], [-80.2603500000906, 26.229811999829895], [-80.26037000018209, 26.22975999980702], [-80.26049700040369, 26.22981099981418], [-80.26153099992327, 26.229799999640733], [-80.26216500030809, 26.22978400019238], [-80.26260100032617, 26.22978000012851], [-80.26299799998621, 26.229769999968198], [-80.26446400022422, 26.229762999855463], [-80.26592000041651, 26.229733000173376], [-80.266333999795, 26.229724000025495], [-80.26969800009118, 26.229692000299874], [-80.26983600018345, 26.22969100028313], [-80.27029999979062, 26.229686000199244], [-80.27045200012658, 26.229685000182446], [-80.27169300023373, 26.229669999929406], [-80.27215799966581, 26.22966499984462], [-80.2740850000363, 26.22964200025771], [-80.27433699993138, 26.229639000206145], [-80.2798660002494, 26.229614999790822], [-80.28168200029181, 26.229606999651317], [-80.28179400044479, 26.229606999651317], [-80.28216500016558, 26.22960499961635], [-80.28289599973644, 26.229602000369646], [-80.28294400031533, 26.229601000352122], [-80.28409099981282, 26.22957899996444], [-80.28484400002331, 26.229555000342565], [-80.28639599957675, 26.229544000144895], [-80.2874199999489, 26.229537000018585], [-80.2875470001705, 26.22953499998238], [-80.28779499986763, 26.22953099990994], [-80.28829299981001, 26.229522999764633], [-80.2884910001767, 26.229525999819195], [-80.2885389998573, 26.229523999782803], [-80.2887869995544, 26.229517999673533], [-80.2891649998462, 26.229508000296526], [-80.28965600011587, 26.229502000186393], [-80.2922630000036, 26.22947099961251], [-80.29297000018335, 26.229463000268893], [-80.29313300038996, 26.229459000193984], [-80.29478899970047, 26.229452000062523], [-80.29573600007971, 26.229455000118893], [-80.29592900042356, 26.229456000137674], [-80.29627900022794, 26.229487999928253], [-80.2963679999164, 26.229484999872696], [-80.29648300044244, 26.229480999798536], [-80.29748099997701, 26.229450000024894], [-80.2974669997333, 26.229110000379364], [-80.29747099993126, 26.228774999863084], [-80.29753500040368, 26.21880599997057], [-80.29753799987841, 26.218376000082923], [-80.29756200016786, 26.20838600030531], [-80.29756200016786, 26.208288000017387], [-80.29756299999276, 26.208037000137207], [-80.29757499968834, 26.205386000281415], [-80.29758700028222, 26.202754999829995], [-80.29759200030509, 26.20143099968437], [-80.29759300013, 26.201238000190116], [-80.29759399995491, 26.200928999636304], [-80.29759599960474, 26.200598999915677], [-80.2976009996276, 26.19937499980387], [-80.29760800019862, 26.198901999861388], [-80.29762400009213, 26.194039000180787], [-80.29763900016076, 26.19375499995158]]]}}, {"type": "Feature", "properties": {"name": "West Park", "geoid": "1276658", "county": "broward"}, "geometry": {"type": "MultiPolygon", "coordinates": [[[[-80.20709999995353, 25.995332000236775], [-80.20709099973271, 25.995164999659554], [-80.2070339998313, 25.99386700009222], [-80.20702399978556, 25.993195000049017], [-80.20701799993776, 25.993086000279366], [-80.20700899971695, 25.992926999945148], [-80.20700700006712, 25.99289099982435], [-80.20698899962544, 25.99258599999591], [-80.20698600015072, 25.992529999999622], [-80.20696699988416, 25.99167299987074], [-80.20690300031005, 25.98982800036732], [-80.20684200021067, 25.98797399995559], [-80.20676199984472, 25.986844000298323], [-80.20672099983685, 25.985702000037925], [-80.2066749998061, 25.984602000009353], [-80.20665800008766, 25.98438200038346], [-80.20663499962313, 25.983638999664386], [-80.20661500042996, 25.98309999975448], [-80.20657199987393, 25.981973999747648], [-80.20654000008687, 25.981144999664448], [-80.20651699962234, 25.980332999628363], [-80.2064780001626, 25.979504000087655], [-80.20643999962945, 25.978638999906785], [-80.20638299972805, 25.977448999617433], [-80.20634599991813, 25.976522999696858], [-80.20634500009321, 25.97649800000605], [-80.20633699969729, 25.976257999635163], [-80.20630599973515, 25.975570000325945], [-80.20627999979588, 25.974905999673595], [-80.20625700022967, 25.974208000297416], [-80.20625399985663, 25.9735379996953], [-80.2062310002904, 25.972767000040786], [-80.2062189996965, 25.97264699974372], [-80.20601000035747, 25.97268000022124], [-80.20559500025577, 25.972723000242183], [-80.20447899982211, 25.97277100002167], [-80.20398500007768, 25.97284299965414], [-80.20322900039244, 25.97286700032943], [-80.20287299984199, 25.972880000053816], [-80.20244299967167, 25.972894000376634], [-80.20229000040912, 25.972899000145414], [-80.20208299982157, 25.97290499970614], [-80.20183199975139, 25.972912999658373], [-80.20168000031376, 25.972919000025957], [-80.20094899984456, 25.972939999695008], [-80.19970600008762, 25.97297899964726], [-80.19875799988344, 25.97300999964148], [-80.19802899996239, 25.97303299968404], [-80.19802899996239, 25.973054999931193], [-80.19802899996239, 25.973111000321527], [-80.19802899996239, 25.973461999723483], [-80.1980299997873, 25.973653999940176], [-80.19803399998526, 25.973792999964555], [-80.19804800022897, 25.974209000078485], [-80.19805300025183, 25.974349000034408], [-80.1980580002747, 25.974488000044932], [-80.19807099979519, 25.974807000087097], [-80.19807499999315, 25.974904999898456], [-80.19672500010607, 25.974941999649413], [-80.19652300043971, 25.974948999688294], [-80.19630099978353, 25.9749519998202], [-80.19630800035455, 25.975281000361708], [-80.19632800044604, 25.976273000126962], [-80.19634400033956, 25.97705899980017], [-80.19633900031668, 25.97768399960752], [-80.1966280000217, 25.977699999668804], [-80.19681600034266, 25.977708000102435], [-80.19817600027548, 25.977663999729753], [-80.19818499959798, 25.97778699981254], [-80.19821399991032, 25.978379000111666], [-80.19821899993319, 25.978487000046673], [-80.19462100018359, 25.97856600004098], [-80.19462299983341, 25.97866300020674], [-80.19463799990201, 25.979193999937554], [-80.19464899977268, 25.97959399971764], [-80.19469099960547, 25.98103000007182], [-80.19497600001083, 25.981024000118065], [-80.19582999960535, 25.98100699997828], [-80.19611599983563, 25.98100199974668], [-80.19619000035377, 25.980986999858168], [-80.19622999963842, 25.980959000330333], [-80.19626800017157, 25.980901999915453], [-80.19628900008797, 25.980651000238954], [-80.19631000000437, 25.980601999911404], [-80.19632099987503, 25.980578999734142], [-80.19637199992866, 25.98054599985817], [-80.19640700008875, 25.980530999911505], [-80.19658500036398, 25.98052299966998], [-80.19672099990811, 25.980516999690348], [-80.19712000011627, 25.980500000284778], [-80.19729900021643, 25.980492999768828], [-80.1974940002101, 25.98048699978767], [-80.19808199966585, 25.980471999833448], [-80.19827800038273, 25.980468000114517], [-80.19828500005542, 25.98060599962578], [-80.19830699979673, 25.981021000141066], [-80.19831500019266, 25.981160000340324], [-80.19831600001756, 25.981230000239016], [-80.19832000021552, 25.98144199993177], [-80.19832199986536, 25.981513000189054], [-80.19832000021552, 25.981582000159214], [-80.19831699984248, 25.98179100006741], [-80.19831699984248, 25.98186100039793], [-80.1983250002384, 25.981992000270044], [-80.19834899962953, 25.982387999760252], [-80.19835700002545, 25.982520000370613], [-80.19835899967528, 25.98256200031349], [-80.19836500042136, 25.98268899976111], [-80.1983670000712, 25.982732000159768], [-80.19837299991897, 25.98302400031], [-80.19839200018555, 25.98390100014529], [-80.19839600038351, 25.984075000074213], [-80.19839899985824, 25.984194000318162], [-80.1984099997289, 25.98448699976074], [-80.19841599957667, 25.98461700024414], [-80.19843200036851, 25.98500499983813], [-80.1984390000412, 25.98536900003287], [-80.19844599971391, 25.985663999951633], [-80.19844800026205, 25.985737000255245], [-80.19845300028493, 25.985854999942198], [-80.19845599975964, 25.985938999852458], [-80.19759700014225, 25.98596300027722], [-80.19759299994429, 25.98585799979583], [-80.19757299985281, 25.985273000241797], [-80.19756700000504, 25.98507799974351], [-80.19756299980708, 25.98493100019757], [-80.1975510001115, 25.984491000150463], [-80.19754699991354, 25.984345000372905], [-80.19754600008862, 25.98431999992267], [-80.19754400043881, 25.984245000155138], [-80.19754400043881, 25.984219999683642], [-80.19699399971958, 25.984203000005994], [-80.19661399977798, 25.98421899998766], [-80.19634500016447, 25.98422900017698], [-80.19566999977178, 25.98425699973353], [-80.1956709995967, 25.984420000076646], [-80.19577199987903, 25.987548000187232], [-80.19591900019213, 25.987453000229234], [-80.19611300036088, 25.987317999689402], [-80.19614900034588, 25.987355000379132], [-80.19621499956982, 25.987382000329507], [-80.19624499970705, 25.98738500014417], [-80.19635000018734, 25.987399000354905], [-80.19670500001459, 25.987394000395177], [-80.19685900000036, 25.98739200024974], [-80.19701600035921, 25.98738599981323], [-80.19748699963908, 25.987368000116764], [-80.19764499982284, 25.987363000155725], [-80.19781499970215, 25.98736000034049], [-80.19832400041348, 25.98735100008689], [-80.19849500011772, 25.98734899994073], [-80.19849500011772, 25.98736500030167], [-80.19849699976754, 25.98741299975647], [-80.19849799959245, 25.98742900010871], [-80.19850000014057, 25.987497999836396], [-80.19850500016345, 25.987653999633203], [-80.19850699981328, 25.987708000197877], [-80.19851000018633, 25.98777800023497], [-80.198148999613, 25.98778699964841], [-80.19706800023775, 25.987817000110688], [-80.19670800038763, 25.98782799965918], [-80.19634500016447, 25.98783999967932], [-80.19620500042238, 25.98784499962009], [-80.19570300028204, 25.987862000386], [-80.19529900005101, 25.987865999853348], [-80.19525700021822, 25.987865999853348], [-80.19489499981998, 25.987870999792975], [-80.1946930001536, 25.98787599973241], [-80.19408999973093, 25.987894999823272], [-80.1938889998895, 25.987901999898448], [-80.19372700040608, 25.987906000171943], [-80.193243999634, 25.9879209999851], [-80.19308299997553, 25.987925999922425], [-80.19271300007969, 25.98793399966015], [-80.19160300039212, 25.987961999949132], [-80.19123299959796, 25.98797100015599], [-80.19122799957508, 25.987783000178364], [-80.19121500005461, 25.987221999875086], [-80.19121099985664, 25.98703499998647], [-80.19120699965868, 25.98691999969563], [-80.19119800033617, 25.986574999763054], [-80.19119499996312, 25.986461000314073], [-80.19119300031329, 25.986392999655113], [-80.1911869995672, 25.986191000030598], [-80.19118499991738, 25.986123999702684], [-80.19118099971942, 25.985938999852458], [-80.19116900002385, 25.985387000035434], [-80.19116499982589, 25.98520300032789], [-80.19116300017606, 25.98510899977807], [-80.19115700032827, 25.984829000289224], [-80.19115499978014, 25.984735999939428], [-80.19115300013033, 25.98465700005336], [-80.19114800010745, 25.98442200027264], [-80.19114700028254, 25.98434399987049], [-80.19074600042455, 25.984354000049148], [-80.18954700015023, 25.98438399977261], [-80.18914700011713, 25.984394999642365], [-80.18874100023628, 25.9844029996204], [-80.18752299969535, 25.984428999747177], [-80.1871179996394, 25.984438000224525], [-80.18671299958343, 25.984449000089228], [-80.1854990001388, 25.984485000373343], [-80.18509499990778, 25.98449699992725], [-80.18468800020199, 25.984504999898377], [-80.18346899983617, 25.984533000196684], [-80.18306299995531, 25.984541999858575], [-80.18265700007446, 25.984551000327258], [-80.18144000025677, 25.98458100000043], [-80.18103500020081, 25.98459100015896], [-80.18103600002573, 25.984680000240342], [-80.18103699985065, 25.98476499987405], [-80.18104400042164, 25.98528999976469], [-80.18104699989638, 25.98546499974555], [-80.18105000026942, 25.985651000025573], [-80.181061999965, 25.986210000393804], [-80.18106600016294, 25.986396999979963], [-80.18107100018582, 25.986577999598314], [-80.18108700007934, 25.98712199968233], [-80.18109299992713, 25.987304000276477], [-80.18109799995, 25.987509000222254], [-80.18111499966842, 25.988105000282903], [-80.18112100041455, 25.988124000336743], [-80.18113499975993, 25.98816300009763], [-80.18116200042242, 25.988187000068272], [-80.18121199975282, 25.988203000315174], [-80.1812879999208, 25.988203999977248], [-80.1816610001897, 25.98819299965644], [-80.1827800000981, 25.98816300009763], [-80.18301000025185, 25.988156999700468], [-80.183153000367, 25.98816300009763], [-80.18316199968952, 25.988349999806584], [-80.18318900035202, 25.98891400015393], [-80.18319900039775, 25.989101999937443], [-80.18320600007044, 25.98928500034842], [-80.18323000035988, 25.989833999871713], [-80.18323899968242, 25.990016999950374], [-80.18324399970528, 25.990199999744117], [-80.18326200014694, 25.990752000374144], [-80.18326799999471, 25.990936000277152], [-80.18327300001759, 25.991119000254795], [-80.18329099956094, 25.991670999798128], [-80.18329700030704, 25.991854999877173], [-80.18328899991111, 25.992042000171388], [-80.18326899981963, 25.992603000076013], [-80.18326200014694, 25.99279099961045], [-80.18327200019267, 25.99297199987874], [-80.18330499980465, 25.993516999859573], [-80.1833159996753, 25.993699000239857], [-80.18331999987326, 25.99388300037324], [-80.18333499994186, 25.994436999877674], [-80.18333999996474, 25.9946220000778], [-80.18335699968318, 25.99482300013966], [-80.18340799973681, 25.99542900029386], [-80.18341100010986, 25.99546499963709], [-80.18342500035355, 25.995631000189], [-80.18381699999073, 25.995621000162398], [-80.18438699990311, 25.995605999717174], [-80.18499600017358, 25.99559100007746], [-80.18539000035886, 25.99558199964679], [-80.18580200008753, 25.995571999615986], [-80.18703800017177, 25.995542999925647], [-80.18745099972534, 25.99553400029869], [-80.18785300030655, 25.99552600027086], [-80.18905900025358, 25.995504000191566], [-80.1894619997614, 25.995496999761716], [-80.18985799959651, 25.995490000138915], [-80.19104900037325, 25.99547099966111], [-80.19144600003327, 25.99546499963709], [-80.19182400032506, 25.99545399999594], [-80.19295699957884, 25.995421999859584], [-80.19333599969552, 25.995411999815197], [-80.19369399989581, 25.995401999769953], [-80.1947700001465, 25.9953739996387], [-80.1951290001717, 25.995364999998834], [-80.19549900006756, 25.99534000027782], [-80.1964310003782, 25.99527799994558], [-80.19661299995308, 25.99527599993431], [-80.19698500039706, 25.995271999911687], [-80.19735600011784, 25.995263999866022], [-80.19846900017843, 25.995241000135437], [-80.19884099972413, 25.995233999689916], [-80.19924900015312, 25.995239999725765], [-80.2004729996435, 25.99525999984298], [-80.2008819998974, 25.99526700028691], [-80.2012889996032, 25.99525999984298], [-80.20250899979393, 25.99524199973763], [-80.20291700022293, 25.995235999701908], [-80.20374499987817, 25.99521900000275], [-80.20469100043253, 25.99520099989109], [-80.20533400013986, 25.995188999815152], [-80.20567999974625, 25.995190999827884], [-80.20591400009799, 25.995194000250667], [-80.2062310002904, 25.99522199961734], [-80.20640199999463, 25.99523799971385], [-80.20696900043228, 25.995314000142468], [-80.20709999995353, 25.995332000236775]]], [[[-80.19110100025179, 25.98303399979344], [-80.19108399963504, 25.982198000309964], [-80.19107000028966, 25.981465999659587], [-80.1910660000917, 25.98121500037959], [-80.19104400035037, 25.980598999923654], [-80.19101400021314, 25.979690000108413], [-80.19098599972575, 25.978855000007496], [-80.19097999987797, 25.978559000217412], [-80.19097400003017, 25.978306999830714], [-80.19096200033462, 25.977673999669058], [-80.19095700031176, 25.9773789998904], [-80.190947000266, 25.977030000387415], [-80.19091799995368, 25.975982999701632], [-80.19090899973286, 25.975634000093418], [-80.19089500038747, 25.97508700002364], [-80.19085299965636, 25.97344999985095], [-80.19085199983145, 25.973388000086242], [-80.19085100000653, 25.973376000206166], [-80.19084799963348, 25.973339999750987], [-80.19084799963348, 25.973328999654612], [-80.19083900031097, 25.973227999969367], [-80.19038900004917, 25.97323199993455], [-80.18672000015445, 25.973324999692686], [-80.1863989997641, 25.973334000212464], [-80.1862780002886, 25.973337000385563], [-80.18620799996839, 25.973338999962543], [-80.18563600040618, 25.97335300023072], [-80.18544600043536, 25.97335899976829], [-80.18535299965063, 25.973360000364178], [-80.1850749998163, 25.97336199994075], [-80.18498299975478, 25.973364000324867], [-80.18485499970826, 25.973365000113137], [-80.18447300011684, 25.97336999986188], [-80.18434599989523, 25.97337200024588], [-80.184279999773, 25.973373000034062], [-80.18408399995441, 25.973376999994347], [-80.18401899965708, 25.97337900037821], [-80.18377000013506, 25.973384999914444], [-80.18302399959727, 25.97340600030787], [-80.18277599990014, 25.973414000226022], [-80.1827600000066, 25.973415000013848], [-80.1826899996864, 25.97342100035584], [-80.18262299973927, 25.97342699988994], [-80.18216599980477, 25.973468000063086], [-80.18201400036712, 25.973482000315883], [-80.18189100034348, 25.973483999890384], [-80.18152399992236, 25.97349199980324], [-80.18140199972362, 25.97349499997232], [-80.18122099997365, 25.973484999677645], [-80.18108500042953, 25.973483999890384], [-80.18099099981988, 25.97348300010316], [-80.18067799982543, 25.973475000189687], [-80.18049799990038, 25.973469999637828], [-80.1801199996086, 25.973469999637828], [-80.17898599963159, 25.973469999637828], [-80.1786480004211, 25.973469999637828], [-80.1745300000895, 25.97354599960448], [-80.17449800030245, 25.97356399980191], [-80.17448800025672, 25.973566000182633], [-80.17446499979218, 25.973569000349787], [-80.17446499979218, 25.973600999974774], [-80.17448200040894, 25.973600999974774], [-80.17452699971646, 25.97360000018853], [-80.17455600002879, 25.973599000402245], [-80.17455900040183, 25.973683000185396], [-80.17456000022673, 25.973782999695224], [-80.17463399984658, 25.97617199973976], [-80.17471599986234, 25.97884399961941], [-80.17479600022828, 25.981447000144634], [-80.17487200039628, 25.983887000325446], [-80.17487499987101, 25.983970000328917], [-80.17490599983316, 25.983971999725078], [-80.1749529996888, 25.983973999928704], [-80.1752339998962, 25.98399099963947], [-80.17582399990008, 25.984006999650003], [-80.1761279996737, 25.9841780003331], [-80.17644200039138, 25.984173000236353], [-80.17813000038724, 25.98413900005752], [-80.17908699991393, 25.984106000373284], [-80.183041000214, 25.984005999952217], [-80.18581899980595, 25.983952000109376], [-80.18955899984577, 25.983896999735492], [-80.18961400009738, 25.983885999819137], [-80.18960499987654, 25.983716000026586], [-80.18959800020383, 25.983554999725616], [-80.1898559999467, 25.98354999960242], [-80.19016999976606, 25.983546999689874], [-80.19063900029442, 25.983542000373827], [-80.19062000002785, 25.983401000354938], [-80.19063199972341, 25.983401000354938], [-80.1906300000736, 25.98334599972329], [-80.1906230004009, 25.983124999656628], [-80.19091399975572, 25.983118999809818], [-80.1909120001059, 25.983038000232604], [-80.19094899991582, 25.983036999719065], [-80.19106299971864, 25.98303399979344], [-80.19110100025179, 25.98303399979344]]]]}}, {"type": "Feature", "properties": {"name": "Weston", "geoid": "1276582", "county": "broward"}, "geometry": {"type": "Polygon", "coordinates": [[[-80.44971100012559, 26.141840999741298], [-80.44975200013347, 26.140746000286185], [-80.44921499983303, 26.138438000392018], [-80.44654600002104, 26.12695600025541], [-80.44425899980045, 26.117121000125586], [-80.44328600038023, 26.11293299991537], [-80.44326499956551, 26.11214100024499], [-80.44324500037236, 26.111375999684935], [-80.44322699993069, 26.110672999611722], [-80.44320199981632, 26.1097130001451], [-80.44315400013575, 26.10784899995603], [-80.44310800010498, 26.106103999882947], [-80.44305899970121, 26.104209999705134], [-80.44301199984554, 26.1024069996084], [-80.44286000040788, 26.09653500024698], [-80.44263000025411, 26.087735000134327], [-80.4424670000475, 26.081449999762185], [-80.44226299983299, 26.073189999714945], [-80.44210200017453, 26.06594199980207], [-80.44203400040246, 26.062872000351277], [-80.44200000006725, 26.061936000284064], [-80.44015800008559, 26.061931000271375], [-80.43739700021207, 26.061922000086625], [-80.43465300005701, 26.061906000204765], [-80.43443700014694, 26.061892999845245], [-80.43363500043094, 26.061850000197595], [-80.43330999984262, 26.061831999814956], [-80.43189300000842, 26.0618359999899], [-80.43167200007547, 26.061827999639892], [-80.43062799961181, 26.061840000164693], [-80.42803499996779, 26.061822999622596], [-80.42682599964772, 26.061801999709036], [-80.42669799960122, 26.061798000339916], [-80.42600700021329, 26.061781999634164], [-80.42593600006819, 26.061781999634164], [-80.42478399964952, 26.061780999791726], [-80.42252499991635, 26.06177900010682], [-80.42134300025876, 26.061805000042778], [-80.41961199970686, 26.061881000132836], [-80.4189740000224, 26.06189200000376], [-80.41790199996967, 26.06192100024538], [-80.41785599993891, 26.061922000086625], [-80.41721800025446, 26.061924999610305], [-80.4133619998637, 26.06205700036445], [-80.41159600005001, 26.062089999924545], [-80.41003799975046, 26.062104000101897], [-80.40986899969607, 26.06210599978124], [-80.40985399962744, 26.06210599978124], [-80.40600499980768, 26.06219500000351], [-80.40374799972432, 26.06224099984708], [-80.4012460003169, 26.06231199965786], [-80.39869600033057, 26.0623840000699], [-80.39636599955398, 26.062455999630725], [-80.3957129998009, 26.06245800011102], [-80.39430000016463, 26.0624820002234], [-80.39413199993513, 26.062496000353924], [-80.3939749995763, 26.062533999777504], [-80.39385300027587, 26.062553999723995], [-80.39372400040446, 26.062551000216423], [-80.39327999999044, 26.062546000229965], [-80.39322999976172, 26.062545000394053], [-80.39281700020817, 26.06251999965151], [-80.3923619999235, 26.06252600028211], [-80.39178100014044, 26.062547999901778], [-80.39125499971068, 26.062547999901778], [-80.39030300020686, 26.06258299980174], [-80.38979000019587, 26.062586999951016], [-80.38921000023772, 26.062592999771223], [-80.38773800015193, 26.062601999904434], [-80.3855129998556, 26.062660999863944], [-80.38475999964511, 26.062674999973055], [-80.38387699973828, 26.062685999769414], [-80.38190300041045, 26.06276200009492], [-80.38073300044843, 26.062793999622606], [-80.37904499955424, 26.062859999932197], [-80.37880799972777, 26.062883999962175], [-80.3786410002215, 26.062890999600153], [-80.37859000016788, 26.06289300007302], [-80.37849200025859, 26.062888000101193], [-80.3782880000441, 26.062878999989966], [-80.37798900029335, 26.062869999878053], [-80.37788100033832, 26.062868000211722], [-80.37739599991642, 26.062874999850628], [-80.37417800010842, 26.062947999749127], [-80.37397800009187, 26.06295199988597], [-80.3737479999381, 26.062957999687466], [-80.37367199977012, 26.062960000159226], [-80.37336600034668, 26.062965999960298], [-80.37301200034436, 26.06297500006486], [-80.37244999992957, 26.062985999833067], [-80.37214500033105, 26.06299300027191], [-80.37198399977426, 26.06299599976816], [-80.37177799990992, 26.062999999903337], [-80.37150099990049, 26.063004999870405], [-80.37134100006692, 26.063009000005287], [-80.37087599973651, 26.06301899993841], [-80.37021499958752, 26.063033999836513], [-80.36768899989065, 26.06309199974718], [-80.36684000031899, 26.0631149998986], [-80.36571600038774, 26.063147000136837], [-80.36508600020086, 26.063163999679805], [-80.36319800018845, 26.06321700037531], [-80.36256899982651, 26.063234999738203], [-80.36252399962066, 26.06323600037518], [-80.36247799958991, 26.063238000035213], [-80.3623920002745, 26.06323999969522], [-80.36234799989357, 26.06324200016216], [-80.36235100026663, 26.063324999738963], [-80.36237200018303, 26.063853000395024], [-80.36242599971138, 26.065218000167683], [-80.36245699967351, 26.065688000150153], [-80.36249900040463, 26.066298999728804], [-80.36250600007732, 26.066705000095194], [-80.36252799981864, 26.0679260001897], [-80.36253600021456, 26.06833300035133], [-80.36254399971216, 26.068950000151307], [-80.36255200010808, 26.0695749997499], [-80.36256800000162, 26.070801000220747], [-80.36257600039752, 26.071418999688962], [-80.36258600044326, 26.072116999660448], [-80.36258999974291, 26.07231400029603], [-80.36258999974291, 26.072331999874717], [-80.36260999983439, 26.073169000225544], [-80.36261599968219, 26.073397999756352], [-80.36262900010097, 26.07421200016785], [-80.36262999992589, 26.074267999912777], [-80.3626459998194, 26.07491100016536], [-80.36265000001735, 26.075247000261736], [-80.3626519996672, 26.075410000107592], [-80.36267199975867, 26.075918999982317], [-80.36269100002526, 26.076254999606558], [-80.36269799969796, 26.076359000178556], [-80.36273899970583, 26.076587999925295], [-80.36271899961436, 26.07691899987051], [-80.3627150003147, 26.079594999838513], [-80.36271000029183, 26.082686000009264], [-80.3627089995686, 26.083503000165084], [-80.36270799974369, 26.084184000183413], [-80.36270500026896, 26.0861349996364], [-80.36270400044405, 26.086568999953933], [-80.36270299972081, 26.087414000386318], [-80.36270299972081, 26.087641999860598], [-80.36270299972081, 26.08773799980361], [-80.36270199989592, 26.087837000141345], [-80.36269900042117, 26.090009999669164], [-80.36269600004813, 26.091375999853874], [-80.36269000020033, 26.09518100012751], [-80.36268799965221, 26.096281000012716], [-80.3626459998194, 26.096298999939467], [-80.36265599986517, 26.09787399974878], [-80.36268500017746, 26.102316000310424], [-80.36257300002447, 26.102318000109598], [-80.36257499967431, 26.102484000262233], [-80.36258399989514, 26.10298299960357], [-80.36258700026818, 26.103149999914752], [-80.36259099956783, 26.103398999897138], [-80.36259399994087, 26.10353099986718], [-80.36258300007022, 26.10375499984203], [-80.36254399971216, 26.10395299994509], [-80.36249699985649, 26.104138000011368], [-80.36248599998585, 26.104184999794104], [-80.36240599961991, 26.104370000300023], [-80.36238800007654, 26.10441099989287], [-80.3623420000458, 26.104594999757786], [-80.36230199986282, 26.104854000282685], [-80.36230600006078, 26.1050120002433], [-80.3623069998857, 26.1050490001062], [-80.36229799966486, 26.106365000021952], [-80.36233799984784, 26.10730600025733], [-80.36234600024375, 26.107427000225854], [-80.36238300005368, 26.107478999980508], [-80.36244199960491, 26.107531999970348], [-80.36244099978, 26.107598000061127], [-80.36248500016093, 26.107668000336673], [-80.36258700026818, 26.107724000204254], [-80.36262400007811, 26.107712999800242], [-80.36262599972792, 26.107895999860364], [-80.36263499994877, 26.108533000167583], [-80.36264800036754, 26.10917600008303], [-80.36265099984229, 26.109650000355657], [-80.36265599986517, 26.11000299991592], [-80.36265400021533, 26.110773000127917], [-80.36265900023821, 26.111262999968663], [-80.36265500004025, 26.114090000033606], [-80.36264300034468, 26.11440500038919], [-80.36264099979654, 26.114774000025623], [-80.36263800032181, 26.115676000237247], [-80.36263300029894, 26.117436999745017], [-80.36262999992589, 26.117792999691464], [-80.36262599972792, 26.1194950000549], [-80.36261599968219, 26.12123900011051], [-80.36261099965931, 26.12281499961106], [-80.36260599963644, 26.124300999816647], [-80.36261599968219, 26.12551900023201], [-80.36260900000948, 26.12570999985055], [-80.36260800018457, 26.125733999894525], [-80.36260900000948, 26.125881999653654], [-80.36260200033679, 26.12623199989652], [-80.3625959995907, 26.126684999988143], [-80.36260800018457, 26.12696300009327], [-80.36261400003237, 26.127274000070887], [-80.3630380003549, 26.127379999817002], [-80.36534200029391, 26.127956000149485], [-80.3658340003885, 26.12807899987344], [-80.3661099996747, 26.128147999897962], [-80.36622799967549, 26.12817300032928], [-80.36648399976852, 26.128230000131218], [-80.36656599978429, 26.128247999978026], [-80.3665819996778, 26.12825100022107], [-80.36663299973144, 26.12826300038592], [-80.36669999967859, 26.128277999985368], [-80.3667830004176, 26.128325999819737], [-80.36841399961372, 26.128739000016186], [-80.36850499985034, 26.12876300024439], [-80.37091599991949, 26.129417000128914], [-80.38710700014018, 26.13329799995387], [-80.40797800020891, 26.138024999817173], [-80.41222899971159, 26.13898199976526], [-80.41453100000079, 26.139547000307477], [-80.41546400013634, 26.139775999705755], [-80.41596499955345, 26.139885000145473], [-80.41822500000985, 26.140431999964523], [-80.42149899989437, 26.14120900023158], [-80.4221490001727, 26.141363000353383], [-80.42275500007011, 26.141500999986217], [-80.42357199985472, 26.141687000250048], [-80.42652000022429, 26.142404000236866], [-80.42694199999866, 26.142496999686426], [-80.42709299961142, 26.14254000033469], [-80.4277749996768, 26.142703999886194], [-80.43050200011345, 26.14335999982019], [-80.43113499977504, 26.14351400033003], [-80.43245399969996, 26.143836000006466], [-80.4330689998182, 26.143976999780506], [-80.43314400016126, 26.144002000048662], [-80.43400799980152, 26.14420999994315], [-80.4402779997362, 26.145608999954778], [-80.44068500034028, 26.145639000340317], [-80.44112899985598, 26.14566600011622], [-80.4419399997928, 26.14573400030068], [-80.44226100018317, 26.145750999937412], [-80.44434599983909, 26.145911000096973], [-80.44477400035956, 26.145912000026737], [-80.44490300023101, 26.14591299995646], [-80.4455509999612, 26.14597099989868], [-80.44644300008888, 26.14605299971219], [-80.44706599970472, 26.146091000215936], [-80.44736500035376, 26.145545000235508], [-80.44752500018734, 26.145249000371813], [-80.44764800021098, 26.145018999676168], [-80.4476630002796, 26.144991999750616], [-80.44770000008954, 26.144922000063826], [-80.44782399993807, 26.144689999649817], [-80.44787300034187, 26.14459800027559], [-80.44820800007764, 26.144599000216576], [-80.44961099966817, 26.144604999862402], [-80.44968299963818, 26.142612999711144], [-80.44971100012559, 26.141840999741298]]]}}, {"type": "Feature", "properties": {"name": "Wilton Manors", "geoid": "1278000", "county": "broward"}, "geometry": {"type": "Polygon", "coordinates": [[[-80.16047100027872, 26.164410999839674], [-80.1604350002937, 26.164339999936782], [-80.16036499997351, 26.16424300026079], [-80.16024199994986, 26.164074999633606], [-80.16021400036077, 26.16402099972619], [-80.16019199972115, 26.16397900031841], [-80.15997599981108, 26.163691000286036], [-80.15947500039398, 26.162995999742694], [-80.1586390003428, 26.16183699998449], [-80.15841500003681, 26.161526999960685], [-80.15796200030029, 26.160898000036017], [-80.15755100039655, 26.160328999620194], [-80.15748600009923, 26.160239000095153], [-80.15513500030451, 26.156979999887618], [-80.15507300038026, 26.156892999704684], [-80.15505499993859, 26.156867999779152], [-80.15503700039524, 26.156843999684327], [-80.15499999968699, 26.156787000144835], [-80.15498799999143, 26.156752000215764], [-80.15496700007503, 26.15646599975685], [-80.1549360001129, 26.156360999649223], [-80.15490900034872, 26.15629399985371], [-80.15490000012788, 26.15625799993564], [-80.15486099976982, 26.156196000095516], [-80.15483400000565, 26.156167999688712], [-80.15474799979192, 26.15609400007874], [-80.15461100042289, 26.15596600001059], [-80.15455199997335, 26.155915999756864], [-80.15452600003407, 26.155888999933442], [-80.15450900031564, 26.1558560002304], [-80.15448199965314, 26.155835000267885], [-80.15444599966814, 26.155820000177155], [-80.15438399974384, 26.155800000053212], [-80.15435199995679, 26.155789999989956], [-80.15418600027543, 26.155736000278576], [-80.15415199994027, 26.155721000175124], [-80.15413400039691, 26.155712999796645], [-80.1541190003283, 26.15569799969024], [-80.15409800041189, 26.155678000351692], [-80.15407599977229, 26.155659000049628], [-80.15405300020606, 26.155639999744448], [-80.1540070001753, 26.155603999624603], [-80.15395899959641, 26.155569999993947], [-80.15391000009093, 26.155538000047954], [-80.15388400015165, 26.155522999919043], [-80.15383200027313, 26.1554940003094], [-80.15380499961061, 26.15548099987039], [-80.15377799984644, 26.15546800023621], [-80.15372299959486, 26.15544499970144], [-80.15369500000575, 26.1554339997596], [-80.15363899992927, 26.15541400037581], [-80.15359999957123, 26.15540099992785], [-80.15355100006572, 26.155388000284784], [-80.15348199957043, 26.15532799968047], [-80.15344099956256, 26.155299000022367], [-80.15338200001132, 26.155265000302833], [-80.15332699975974, 26.15524000002843], [-80.15324999976686, 26.1552130000486], [-80.15321200013202, 26.15520399978514], [-80.15315299968246, 26.155193999670793], [-80.1530919995831, 26.15518799976303], [-80.15306200034418, 26.15518600006248], [-80.1530060002677, 26.155160999771155], [-80.15295500021405, 26.155130000370043], [-80.1529090001833, 26.155094000092813], [-80.15288900009183, 26.155073999844408], [-80.15286999982524, 26.15505199988974], [-80.1528520002819, 26.155029999930886], [-80.15283600038838, 26.15500600026428], [-80.15281399974874, 26.154959999814377], [-80.15278899963438, 26.15490499986617], [-80.1527819999617, 26.154877999808775], [-80.15277699993884, 26.154850999745182], [-80.15277399956577, 26.154823999675322], [-80.15277299974088, 26.15479599974559], [-80.15277399956577, 26.15476899966298], [-80.15277699993884, 26.154740999720044], [-80.15277399956577, 26.15460299961516], [-80.15270699961862, 26.15448600036246], [-80.1522890000422, 26.15424900031753], [-80.15226300010293, 26.1542040002342], [-80.15222999959266, 26.15415699960902], [-80.15219199995782, 26.154114000015504], [-80.15215099994994, 26.15407300012577], [-80.1521059997441, 26.154037000328753], [-80.1520570002386, 26.154003000241445], [-80.15200600018498, 26.153974000254014], [-80.1519509999334, 26.15394899970298], [-80.15187999978829, 26.153923999952923], [-80.15182799990974, 26.153911000145282], [-80.1517469997189, 26.15389699966855], [-80.1516549996574, 26.153893000223174], [-80.1515850002355, 26.15389699966855], [-80.15153400018187, 26.153904000310302], [-80.15145999966373, 26.153921000369614], [-80.15138900041693, 26.153945000259395], [-80.15134099983801, 26.153965999755744], [-80.15130800022607, 26.153982999806026], [-80.15101199995006, 26.15399800013293], [-80.15096300044458, 26.154008000349755], [-80.1509030001701, 26.154015000178504], [-80.15084200007074, 26.154017999759436], [-80.15078099997137, 26.154016000038833], [-80.15068999973478, 26.15400400010185], [-80.15061500029003, 26.15398700005466], [-80.15055300036575, 26.153965999755744], [-80.15046399977896, 26.153924999814027], [-80.15038900033421, 26.15387899974424], [-80.15033599973245, 26.153837999771955], [-80.15027899983104, 26.153783000101164], [-80.15026700013549, 26.153767999746652], [-80.15023500034843, 26.15373000013], [-80.15000699984448, 26.15334800032548], [-80.14997000003456, 26.153309999765693], [-80.14992700037685, 26.15327100013321], [-80.14988200017102, 26.153234000221737], [-80.14985899970648, 26.153216000195155], [-80.1498110000259, 26.153181999868618], [-80.1497619996221, 26.153150000073992], [-80.14970999974356, 26.153120999874584], [-80.14962899955269, 26.153082000178898], [-80.14954599971203, 26.153048999681914], [-80.1494589996734, 26.153022000001393], [-80.14940099994708, 26.153007000355366], [-80.14934099967262, 26.15299500031462], [-80.14928100029647, 26.15298599988007], [-80.1492200001971, 26.1529799998588], [-80.14915900009773, 26.15297700025119], [-80.14912899996051, 26.152976000381972], [-80.14908799995263, 26.152989000293807], [-80.14902799967818, 26.1529999996598], [-80.1489809998225, 26.153002000204168], [-80.14891999972313, 26.1529999996598], [-80.14866700000316, 26.152880999865992], [-80.14861000010174, 26.15284299996047], [-80.14858699963722, 26.152818999844015], [-80.14848299988014, 26.15268899966497], [-80.14834200031314, 26.152464000098266], [-80.14815499981708, 26.152153000287527], [-80.14810200011362, 26.152096999945726], [-80.14808200002214, 26.152079999620657], [-80.14798300028794, 26.15201999973427], [-80.1478469998455, 26.151945999912545], [-80.14773999971538, 26.151898000112045], [-80.14759599977532, 26.151839999889965], [-80.14754200024697, 26.151814999688042], [-80.1475249996302, 26.151806999848105], [-80.14749200001826, 26.15178599996317], [-80.14746299970595, 26.151761999629297], [-80.14741599985027, 26.151703000265886], [-80.14739800030692, 26.151672999826456], [-80.14739800030692, 26.151637000095274], [-80.1473890000861, 26.15156399991199], [-80.14733499965942, 26.15153199967364], [-80.14732299996388, 26.151524999695916], [-80.1471780001989, 26.151466000212675], [-80.14711100025175, 26.15142699996384], [-80.14708299976435, 26.151400999790727], [-80.14706000019812, 26.151371999962972], [-80.14704099993156, 26.151338999788724], [-80.14701400016737, 26.151314000285822], [-80.14684400028806, 26.151221999682196], [-80.1466989996248, 26.151162000160976], [-80.14654600036224, 26.1511280000423], [-80.14650600017926, 26.151127000157263], [-80.1463179998583, 26.151153000391417], [-80.14627199982752, 26.151160000391446], [-80.14608400040487, 26.15121000026423], [-80.14604500004681, 26.151216000376554], [-80.14595200016039, 26.151242999668593], [-80.14574700012098, 26.15130299995453], [-80.1455930001352, 26.1513340003724], [-80.14542999992857, 26.151344000011218], [-80.14531699995067, 26.15135099999977], [-80.14512500033004, 26.151321000276184], [-80.14493600018416, 26.151275999869988], [-80.14449900034116, 26.15110600014998], [-80.14435700005093, 26.151050999997782], [-80.14424400007303, 26.15101799973279], [-80.14409099991215, 26.150980999913234], [-80.14401399991927, 26.15096799977773], [-80.14389599991848, 26.150958000106673], [-80.14373799973473, 26.150954999640724], [-80.14365900009203, 26.15096099976615], [-80.1433899995802, 26.151022000083035], [-80.14336399964091, 26.15102299996901], [-80.14335100012045, 26.15102299996901], [-80.14316899964724, 26.15101099972421], [-80.1431150001189, 26.15100800006602], [-80.14303700030108, 26.15099499993348], [-80.14300100031608, 26.150980999913234], [-80.1429669999809, 26.15096099976615], [-80.14281600036816, 26.150844000086998], [-80.14275199989574, 26.15085800012372], [-80.14271300043599, 26.150861999673115], [-80.142637000268, 26.150861999673115], [-80.14255400042734, 26.150863000366797], [-80.14244300009923, 26.150873999933204], [-80.14242200018285, 26.150874999820438], [-80.14239700006848, 26.150878000288426], [-80.14236000025858, 26.150878000288426], [-80.1423400001671, 26.150873999933204], [-80.1423190002507, 26.150870000384206], [-80.14224100043288, 26.150861999673115], [-80.14208300024913, 26.150854999655188], [-80.14202899982247, 26.150873000045983], [-80.14200899973098, 26.150880999949976], [-80.14186800016398, 26.15094699974182], [-80.14167099962216, 26.151067999666424], [-80.14163499963716, 26.151081999676236], [-80.14152199965925, 26.151114999923166], [-80.14136799967348, 26.15114800016077], [-80.14128999985567, 26.151156999930713], [-80.1411450000907, 26.151164999815236], [-80.14113400022005, 26.15116599969999], [-80.1410959996869, 26.151177000044196], [-80.14086300005842, 26.151179999698037], [-80.14083200009627, 26.151179999698037], [-80.14074599988254, 26.151177000044196], [-80.14066800006472, 26.15117000004516], [-80.1406160001862, 26.151160000391446], [-80.14059000024693, 26.15115600004591], [-80.14047700026903, 26.151123999695653], [-80.14032999995594, 26.151071000129434], [-80.14009999980216, 26.151015999960777], [-80.13998900037238, 26.1509940000473], [-80.13982699999067, 26.150985000264765], [-80.13977299956402, 26.150989999696062], [-80.13974800034798, 26.150992000274883], [-80.1396710003551, 26.151009999838173], [-80.13963600019497, 26.151025999626818], [-80.13956099985191, 26.15105000011209], [-80.1393640002084, 26.15103500021255], [-80.13924500038273, 26.1510340003267], [-80.13888999965718, 26.151057000118275], [-80.13881199983936, 26.151069000358337], [-80.13863000026448, 26.15111200026762], [-80.13842900042303, 26.151161000276225], [-80.13821400033788, 26.151252000237577], [-80.13814200036786, 26.151275999869988], [-80.1381020001849, 26.15128999985488], [-80.13798500000902, 26.15130800017854], [-80.13772700026615, 26.151313000402382], [-80.13768399971015, 26.151313000402382], [-80.13755400001381, 26.151316000052724], [-80.137512000181, 26.151316999936164], [-80.13743099999014, 26.151317999819597], [-80.13715900000359, 26.151311999712515], [-80.13711399979775, 26.151311999712515], [-80.13707199996495, 26.151316999936164], [-80.1370610000943, 26.151317999819597], [-80.13702799958402, 26.1513220001596], [-80.1370180004366, 26.151323999926348], [-80.13681699969683, 26.151349000233484], [-80.1367999999784, 26.15135199988291], [-80.13672100033567, 26.151357000104856], [-80.13648500033412, 26.151385999936338], [-80.13640699961799, 26.15139900002529], [-80.13637300018114, 26.151413999878013], [-80.1362800002947, 26.151538999650935], [-80.13626100002814, 26.151564999793283], [-80.13617700036254, 26.151689000330563], [-80.13616200029394, 26.151703000265886], [-80.13613700017957, 26.151725999925606], [-80.13612200011096, 26.151740999736298], [-80.13606000018669, 26.15179000028712], [-80.13603400024742, 26.151812000050523], [-80.13600800030815, 26.15183200005171], [-80.13597300014804, 26.151860999765155], [-80.13593100031525, 26.151891000156265], [-80.13590399965275, 26.151909000387246], [-80.13564500008499, 26.152041000383402], [-80.13556499971905, 26.152083000057676], [-80.13542400015206, 26.152149999852323], [-80.13525599992255, 26.152245000157105], [-80.13504599986028, 26.152348000187995], [-80.13489699989736, 26.152466999719053], [-80.13487000013319, 26.152494000334343], [-80.1348230002775, 26.15255200023133], [-80.13472000034534, 26.15270799964436], [-80.1345970003217, 26.152673000104322], [-80.13454899974282, 26.152660000157308], [-80.13447000010011, 26.152648999952895], [-80.13443099974204, 26.15264700020882], [-80.13423300027364, 26.152660000157308], [-80.13421800020502, 26.152660000157308], [-80.1340909999834, 26.152661000029212], [-80.1340750000899, 26.152661000029212], [-80.13406500004415, 26.152660000157308], [-80.1339910004243, 26.152659000285364], [-80.13396600030995, 26.152659000285364], [-80.13394500039355, 26.152657999607076], [-80.13388400029417, 26.15265699973512], [-80.13386400020269, 26.15265699973512], [-80.1338370004385, 26.15265599986318], [-80.13375799989748, 26.15264700020882], [-80.13367900025477, 26.1526449996584], [-80.1336399998967, 26.152649999824913], [-80.13356299990382, 26.152669999682505], [-80.13353500031472, 26.152681999756645], [-80.13346199962147, 26.152726999620644], [-80.13338700017673, 26.15281100007287], [-80.13327199965069, 26.15295900018498], [-80.13322300014518, 26.15301599998194], [-80.13317999958916, 26.15307700003091], [-80.13311000016728, 26.153206999777666], [-80.13308800042596, 26.153278000006168], [-80.13306999998431, 26.153308999899348], [-80.13298999961836, 26.153390000335634], [-80.1329069997777, 26.153436999657103], [-80.13289000005926, 26.15344799978722], [-80.13272900040077, 26.153553999961716], [-80.13261499969965, 26.153595000033796], [-80.13258100026277, 26.153607000012826], [-80.13255199995045, 26.15362099971803], [-80.13247999998043, 26.153660000039878], [-80.13240899983532, 26.15369699981628], [-80.13237500039844, 26.153721999614973], [-80.13232099997178, 26.15376299962802], [-80.13225599967444, 26.153812000136075], [-80.13221899986452, 26.153824000092804], [-80.13218000040477, 26.153830000070677], [-80.13210000003883, 26.15382800034687], [-80.13202200022101, 26.153817000252566], [-80.13198399968788, 26.153807000019356], [-80.13193099998443, 26.153782000238866], [-80.13184499977072, 26.153741000232497], [-80.13174400038667, 26.15366299962992], [-80.13172199974704, 26.153646000339343], [-80.13158799985275, 26.153494999891688], [-80.13154699984487, 26.153448999652404], [-80.13140999957753, 26.15322800021319], [-80.13137299976762, 26.153160000363552], [-80.13130300034571, 26.15303300017064], [-80.13125200029208, 26.152978000120385], [-80.13122100032994, 26.152954000031695], [-80.13119600021558, 26.152939000376954], [-80.13115600003262, 26.152913999604145], [-80.13104700025268, 26.152868999812267], [-80.13098500032841, 26.152855999887098], [-80.13066099956498, 26.1527889996915], [-80.13060700003662, 26.15278699994984], [-80.13046300009657, 26.15278299966006], [-80.13034699974563, 26.152765000370273], [-80.13030699956266, 26.15276299982185], [-80.1302680001029, 26.152767999983325], [-80.13011499994204, 26.152806999783934], [-80.13001899968256, 26.152868999812267], [-80.12991099972753, 26.152915000280235], [-80.1298739999176, 26.152927000329196], [-80.12983499955955, 26.152934000222817], [-80.12969300016763, 26.15299899979077], [-80.1295280003112, 26.153088000194952], [-80.12942000035618, 26.15314699966444], [-80.12918199980648, 26.153254999846045], [-80.12899500020873, 26.153338999918155], [-80.12879000016932, 26.1534500003239], [-80.12876099985702, 26.153468000314366], [-80.12869800010782, 26.15351999973366], [-80.12861600009205, 26.15359799962549], [-80.1285919998026, 26.153626999706375], [-80.12844200001479, 26.153841000163744], [-80.12830499974743, 26.154020000286334], [-80.12820500018832, 26.15413199990352], [-80.12813800024117, 26.154222000108373], [-80.12804199998169, 26.154337999768256], [-80.1279580003161, 26.154353000049515], [-80.12780000013237, 26.15436400009327], [-80.12775800029958, 26.154368000328816], [-80.12772099959132, 26.15437299961517], [-80.12753099962053, 26.15442299972385], [-80.12737599980984, 26.154454000119124], [-80.12730100036508, 26.154481000274632], [-80.12726399965683, 26.154489999787497], [-80.12718699966393, 26.1544710000983], [-80.1271470003793, 26.15446699986626], [-80.12687000036985, 26.15447799989929], [-80.12683699985959, 26.154475000330205], [-80.12672100040693, 26.15446500015335], [-80.12659300036043, 26.154453000262574], [-80.1263180000008, 26.154428999670934], [-80.12624400038095, 26.15434799995595], [-80.1261709996877, 26.154261000229322], [-80.12615800016724, 26.154253999608986], [-80.12613800007576, 26.15423599973976], [-80.12605900043305, 26.154181000256603], [-80.12604299964119, 26.15417000019559], [-80.12600599983128, 26.15415699960902], [-80.12585100002057, 26.15412900032554], [-80.12577400002766, 26.15411099963071], [-80.12570299988256, 26.15410800005221], [-80.12558300023197, 26.154125999941154], [-80.12543300044415, 26.154148999929614], [-80.12534700023042, 26.15416300037612], [-80.12530899969727, 26.15417199991355], [-80.12498400000726, 26.15421000019257], [-80.12495800006799, 26.15421399962707], [-80.12483400021942, 26.154216000150612], [-80.12473200011219, 26.154217000009194], [-80.12472100024152, 26.15421799986778], [-80.12464400024864, 26.154232000306013], [-80.12444800043005, 26.154255000273587], [-80.1244309998133, 26.154258999706535], [-80.12437200026207, 26.154277000378542], [-80.12433799992688, 26.15429699995725], [-80.1242629995838, 26.154279000094665], [-80.12414499958304, 26.154267000184756], [-80.12402999995531, 26.154240999838112], [-80.12395100031259, 26.154232000306013], [-80.12391399960435, 26.154238000262932], [-80.12390399955862, 26.15424300036117], [-80.12384599983228, 26.154275999714134], [-80.12380999984727, 26.154290000145394], [-80.12377200021245, 26.154298999673028], [-80.12372500035679, 26.154303999768658], [-80.12363699959492, 26.15431200024376], [-80.12341800021011, 26.15433299967404], [-80.12337899985205, 26.154340000289633], [-80.12334100021722, 26.154352000192077], [-80.12330600005713, 26.154370000043375], [-80.12329299963834, 26.154370000043375], [-80.12326900024719, 26.154370999900646], [-80.12319700027719, 26.154365999807894], [-80.12307199970539, 26.154358000142828], [-80.12295500042784, 26.154340000289633], [-80.12291000022199, 26.154340000289633], [-80.12281399996253, 26.154342000004675], [-80.12270799965732, 26.154342999862205], [-80.12256000041764, 26.154346000241006], [-80.12252000023466, 26.154349999670853], [-80.12244099969364, 26.154348999813426], [-80.12239300001305, 26.15435499976433], [-80.12232400041609, 26.15436499995057], [-80.1222900000809, 26.15437400027874], [-80.122249000073, 26.15438999960614], [-80.12220999971494, 26.154387000034788], [-80.12218700014873, 26.154388999749017], [-80.12217100025521, 26.15439100026957], [-80.12213299972206, 26.15440099964641], [-80.12205900010221, 26.154427999814157], [-80.12202499976702, 26.154444999797125], [-80.12192199983485, 26.154546999642903], [-80.12189400024577, 26.154581000378002], [-80.12186199956041, 26.15463300010759], [-80.12179600033647, 26.154737000303594], [-80.12176000035147, 26.154801999673477], [-80.12173799971184, 26.1548279998951], [-80.12167900016061, 26.154880000320954], [-80.12163300012986, 26.154979000230306], [-80.12160999966532, 26.155046999826133], [-80.12159499959672, 26.155117999741314], [-80.12158200007623, 26.155152000310007], [-80.12153299967244, 26.155250999988564], [-80.12146099970242, 26.15537999988344], [-80.12141899986962, 26.15543200006327], [-80.12136799981599, 26.155496999852303], [-80.12133699985385, 26.15556400010551], [-80.1213129995644, 26.15559299969775], [-80.12128599980022, 26.155617999896506], [-80.12120299995955, 26.15558699981051], [-80.12113799966222, 26.15556400010551], [-80.12106200039254, 26.155545999632082], [-80.12095500026243, 26.155499000353846], [-80.12088599976714, 26.155464000038375], [-80.12087800026954, 26.155458000144506], [-80.12079600025378, 26.155394000182266], [-80.12077600016231, 26.155363000036715], [-80.12075000022303, 26.155294999818718], [-80.12074500020015, 26.155259000398722], [-80.12076699994147, 26.155078000055614], [-80.1207700003145, 26.154932999769745], [-80.12076699994147, 26.15489700023806], [-80.12075199987284, 26.154825000335038], [-80.12070300036736, 26.154726000295014], [-80.12068099972774, 26.154695999826465], [-80.12065200031374, 26.154672000091168], [-80.12058299981844, 26.15463499981761], [-80.12038500035004, 26.15464400012495], [-80.12034599999197, 26.154650000060688], [-80.12004999971596, 26.154753000387547], [-80.1199819999439, 26.154790999671004], [-80.11988900005748, 26.154859000182757], [-80.1198609995701, 26.154885000391683], [-80.11964700020815, 26.15514499974314], [-80.1195240001845, 26.15528700021734], [-80.11947800015375, 26.155346000187507], [-80.11929400003073, 26.155626000281526], [-80.11926800009147, 26.155653000165785], [-80.11903299991482, 26.15584899970576], [-80.11901100017353, 26.15587899987782], [-80.11896299959463, 26.155977999745787], [-80.11894800042433, 26.15601500039974], [-80.11892300030998, 26.156080999706575], [-80.11890599969321, 26.156151999798812], [-80.11888999979969, 26.15625799993564], [-80.11890900006625, 26.156291000331315], [-80.11891999993692, 26.156363000135972], [-80.1189760000134, 26.156457000396372], [-80.1190179998462, 26.15655900009578], [-80.11906499970188, 26.156659000030693], [-80.11910300023503, 26.15672300010531], [-80.11911599975551, 26.15675399988946], [-80.11910099968689, 26.15680499962046], [-80.11908499979334, 26.15686000028563], [-80.11905100035649, 26.156956999650944], [-80.11904600033363, 26.157009999768846], [-80.11904399978548, 26.157036000304707], [-80.11904899980836, 26.157072999816805], [-80.11902700006705, 26.157097999698408], [-80.11901500037148, 26.157105999981944], [-80.11899399955678, 26.15712400021469], [-80.11891300026421, 26.157197999977637], [-80.11884999961671, 26.15728499993311], [-80.11883700009625, 26.1573239998365], [-80.11883200007337, 26.15736000023192], [-80.11883299989829, 26.157395999809914], [-80.11882399967746, 26.157504000089936], [-80.1187850002177, 26.157607000316077], [-80.1187640003013, 26.157637999865308], [-80.1187140000726, 26.157694999795307], [-80.11865999964593, 26.157748000384238], [-80.11859900044487, 26.157793999734874], [-80.11854800039124, 26.15781599997877], [-80.11852800029976, 26.157825999868383], [-80.11845200013178, 26.157847000278807], [-80.11834400017676, 26.157890999936217], [-80.11833099975796, 26.157937999863442], [-80.11829499977294, 26.158079000337853], [-80.11828300007738, 26.15812700001444], [-80.11826399981081, 26.15819900029858], [-80.11826200016098, 26.158209999979718], [-80.1182570001381, 26.158246000101727], [-80.11826399981081, 26.158391000301492], [-80.11826800000877, 26.158423000271238], [-80.11827899987942, 26.15849799983843], [-80.11817699977216, 26.15860999999463], [-80.11815500003087, 26.158640000262974], [-80.11812200041888, 26.158705999697336], [-80.11811700039603, 26.158718999777005], [-80.11797099990784, 26.159120000282044], [-80.11788800006717, 26.159400000187343], [-80.11785299990707, 26.1595040001653], [-80.11784899970911, 26.159577000218487], [-80.11785799992992, 26.159783000144277], [-80.11786299995282, 26.159902999964668], [-80.11786499960263, 26.159918000336713], [-80.11787800002143, 26.16001100034254], [-80.11792400005218, 26.160185999831707], [-80.11796599988497, 26.16028800030207], [-80.11797799958053, 26.160303999624702], [-80.11798799962627, 26.16031899994517], [-80.11806700016731, 26.160405999991912], [-80.11807300001509, 26.16043199977085], [-80.11805799994649, 26.160467000208406], [-80.11805000044887, 26.160495000389606], [-80.11797799958053, 26.16076799999011], [-80.11796500006005, 26.160820000187105], [-80.11796099986209, 26.160861000124534], [-80.11796199968701, 26.160893000222977], [-80.11797299955767, 26.16092500031267], [-80.11800500024302, 26.160946999966086], [-80.1180599995963, 26.160999999883767], [-80.11808100041101, 26.161030000343732], [-80.11814900018308, 26.161161999695775], [-80.1181790003203, 26.161199000318053], [-80.11824200006949, 26.16127900031595], [-80.11837400031396, 26.161414000389524], [-80.11838699983444, 26.161427000167368], [-80.11859000022403, 26.161625999873166], [-80.1187419996617, 26.161793999996597], [-80.11876900032418, 26.16181899967274], [-80.11905399983122, 26.162015999932542], [-80.11912199960328, 26.162054000075333], [-80.11934000006148, 26.162139999843582], [-80.11949300022236, 26.16217600036527], [-80.11957199986509, 26.162188000267918], [-80.11968999986586, 26.162189999848437], [-80.1198830002097, 26.162147999781286], [-80.12027599967178, 26.162100999937778], [-80.12029300028853, 26.16210000014676], [-80.12031500002983, 26.16210000014676], [-80.12051199967333, 26.162111000266314], [-80.1205510000314, 26.16211699981802], [-80.1206990001694, 26.16216500025182], [-80.12080600029951, 26.162211000279484], [-80.12083700026164, 26.16223299969033], [-80.12094299966856, 26.162346000080596], [-80.12101800001162, 26.162425000309835], [-80.12102899988228, 26.16246000014934], [-80.12102100038467, 26.16256900036545], [-80.12101899983654, 26.162604000161743], [-80.12102200020958, 26.162785000115512], [-80.12101399981366, 26.16282099963183], [-80.12089900018594, 26.163129999659283], [-80.12087200042176, 26.163235999905446], [-80.12085800017805, 26.163309000041735], [-80.12083899991148, 26.16341599990495], [-80.12084200028453, 26.16356299968504], [-80.12084399993435, 26.16363400006097], [-80.12085800017805, 26.16374200020922], [-80.12087400007158, 26.163812999669897], [-80.12089099979002, 26.163851999809488], [-80.12090400020881, 26.163880999760114], [-80.12092299957706, 26.163912999836267], [-80.12099100024744, 26.16400199997674], [-80.12101700018671, 26.16402900034115], [-80.12104899997375, 26.164051000215363], [-80.12125099964013, 26.164166999776665], [-80.12159100029707, 26.164353000194765], [-80.12181200023001, 26.164533999853035], [-80.12183099959827, 26.164539000316246], [-80.12192100000995, 26.164561000094253], [-80.1219389995533, 26.16456899986588], [-80.12196200001782, 26.164579999752597], [-80.12202700031516, 26.16462099998079], [-80.12206400012509, 26.16463499997675], [-80.12213199989714, 26.164672000303554], [-80.1222759998372, 26.164731000364522], [-80.12235100018026, 26.1647530001063], [-80.1223689997236, 26.164756999985617], [-80.12261800014396, 26.16481900011306], [-80.12277499960447, 26.16483900030317], [-80.12289199978034, 26.164857999916237], [-80.12304900013918, 26.164877000332428], [-80.12316799996486, 26.164879999634056], [-80.12348199978422, 26.164843000179513], [-80.12356100032524, 26.1648369999618], [-80.12367900032602, 26.164833999852835], [-80.12375799996875, 26.164843000179513], [-80.12394999958937, 26.164885999849556], [-80.12402400010751, 26.164913000009275], [-80.12408500020689, 26.164955999653504], [-80.1241499996059, 26.165000999620474], [-80.12431600018557, 26.165099000043853], [-80.12437999975968, 26.165141999619507], [-80.12441699956959, 26.165154000023268], [-80.12445699975257, 26.165154999788076], [-80.12453499957037, 26.16514799982152], [-80.12460800026362, 26.16511799961455], [-80.12464199970049, 26.165099999809183], [-80.12467199983773, 26.165075999795576], [-80.12474600035588, 26.164991000345985], [-80.12476600044737, 26.164960000332133], [-80.12480599973203, 26.16485700014883], [-80.12483099984638, 26.16471400026802], [-80.12484199971705, 26.16468300018051], [-80.1248960001437, 26.16454300020287], [-80.12499999990078, 26.164307000205675], [-80.1250359998858, 26.16424300026079], [-80.12513999964285, 26.16408799992113], [-80.12521300033613, 26.16391900010155], [-80.12526900041262, 26.163822999851636], [-80.12529500035188, 26.163796000245828], [-80.1254169996523, 26.163703000032847], [-80.12545400036053, 26.163688999924997], [-80.12556899998827, 26.163663000065807], [-80.12564799963097, 26.163656999787342], [-80.125767000355, 26.16366699998248], [-80.12580499998982, 26.163677000176772], [-80.12587699995983, 26.163706999948147], [-80.12594399990698, 26.163745000346285], [-80.12612100035732, 26.163826999762865], [-80.12627000032023, 26.16388799980272], [-80.12630399975711, 26.163895999620532], [-80.12634099956702, 26.163897999978037], [-80.12642199975787, 26.163904000244056], [-80.12646000029102, 26.163901000111096], [-80.12652300004021, 26.163855999719697], [-80.12653899993374, 26.163840999854113], [-80.12658099976655, 26.163805999622785], [-80.12659599983516, 26.163796000245828], [-80.12661199972868, 26.163785000285213], [-80.12671999968371, 26.16373800029509], [-80.12675700039195, 26.16372599974562], [-80.12678699963085, 26.16371899969329], [-80.12683400038483, 26.163709000308906], [-80.12695200038561, 26.16369999989467], [-80.12703100002832, 26.16369800034006], [-80.12710999967105, 26.16370399981011], [-80.12718599983901, 26.16372599974562], [-80.12729299996914, 26.163774000323514], [-80.12737900018287, 26.163825000210384], [-80.12755800028302, 26.16393199960018], [-80.12758800042026, 26.16395599984921], [-80.1276129996363, 26.163983999999125], [-80.1276560001923, 26.16404499995686], [-80.12767399973566, 26.164076999988055], [-80.12769800002509, 26.16416600000338], [-80.12772200031456, 26.164252999599388], [-80.1277259996142, 26.16443499999013], [-80.12774400005586, 26.164725999909543], [-80.12774700042891, 26.164847999823223], [-80.12787200010237, 26.16493799982312], [-80.12797500003454, 26.164991000345985], [-80.12804199998169, 26.16503000009167], [-80.1280779999667, 26.165044999804294], [-80.12812399999746, 26.1650549998804], [-80.12831300014334, 26.165058999749363], [-80.1284300003192, 26.165047000142103], [-80.12846799995404, 26.165037999831135], [-80.12854099974898, 26.16501200027267], [-80.12858000010704, 26.16500399972514], [-80.12865299990197, 26.16497800015912], [-80.12876599987987, 26.16487599975896], [-80.1288169999335, 26.164777999954456], [-80.12885299991851, 26.164673999841465], [-80.12895599985067, 26.16451999984494], [-80.12901000027735, 26.164466000143534], [-80.12904100023948, 26.164442999770415], [-80.12910900001155, 26.164406000177237], [-80.12925600032465, 26.164353000194765], [-80.12929399995947, 26.164343999830262], [-80.12932499992162, 26.164339000164976], [-80.12944999959508, 26.164321000239344], [-80.129526999588, 26.164318000117095], [-80.12972699960451, 26.16431299964441], [-80.12988499978827, 26.164318000117095], [-80.13000299978906, 26.164314999994772], [-80.1300420001471, 26.164311000100287], [-80.13013699968336, 26.164293000170353], [-80.13015699977483, 26.164290000047355], [-80.13022799991994, 26.164255999723302], [-80.1302890000193, 26.16421100027514], [-80.13031599978349, 26.164184999726075], [-80.13034900029378, 26.164130999869545], [-80.1303939996013, 26.16405900002198], [-80.13042100026378, 26.163933000181792], [-80.13042799993649, 26.16388300011788], [-80.13043299995937, 26.163864000345992], [-80.13043399978426, 26.163844999764716], [-80.13042499956343, 26.16381000034083], [-80.13036000016442, 26.163717999916155], [-80.13026599955477, 26.163652000092608], [-80.1300620002386, 26.163540999718784], [-80.12985100035138, 26.16340800005421], [-80.12980000029776, 26.16337699961955], [-80.12938099999812, 26.163102000110623], [-80.12928100043901, 26.163043999814754], [-80.12922299981436, 26.162994000176006], [-80.12920799974576, 26.162961000064048], [-80.12920400044611, 26.162924999784664], [-80.12921500031676, 26.16285299999884], [-80.12923100021028, 26.16281900006214], [-80.12927600041613, 26.162759999840155], [-80.12933400014245, 26.16271000007967], [-80.12947300005962, 26.16263999973391], [-80.12951099969445, 26.16263299961639], [-80.12963000041844, 26.162627000091252], [-80.12970900006118, 26.162627000091252], [-80.12998500024568, 26.16263999973391], [-80.13033900024803, 26.16266800019977], [-80.1304570002488, 26.16268199962389], [-80.13051699962494, 26.16269199990262], [-80.1306120000595, 26.16270900029386], [-80.13068800022748, 26.1627309996108], [-80.13083999966514, 26.162766999950065], [-80.1311250000705, 26.16289400002788], [-80.13123899987332, 26.16293400025868], [-80.13133400030785, 26.162968000161882], [-80.13141899979836, 26.162998000115618], [-80.13157000030942, 26.163038000310742], [-80.13162700021081, 26.163055999628103], [-80.13164499975416, 26.163061999937455], [-80.1317240002952, 26.16309500002084], [-80.13184099957276, 26.163140999681705], [-80.13214199987162, 26.163229999605026], [-80.13272799967756, 26.163405999688287], [-80.13288800040944, 26.163454000397895], [-80.13354600018538, 26.163648999953146], [-80.13377100031627, 26.16372299960808], [-80.13391199988327, 26.16375700008751], [-80.1350400000125, 26.163652000092608], [-80.13557099956682, 26.16362700000312], [-80.13565799960546, 26.163623999863013], [-80.1357449996441, 26.16362200030706], [-80.13583199968274, 26.163623000085035], [-80.13591899972138, 26.16362499964095], [-80.13600599976, 26.163629000365216], [-80.13609299979865, 26.163635999616695], [-80.13617900001238, 26.163644000258063], [-80.13626600005101, 26.163652999870326], [-80.13635200026474, 26.16366499962102], [-80.13643699975523, 26.163678999731758], [-80.13654300006046, 26.16369699975646], [-80.13659400011406, 26.163706000170922], [-80.13664400034277, 26.163717000138995], [-80.13669299984826, 26.163731000243473], [-80.13674200025207, 26.163746000123194], [-80.13683799961322, 26.163785000285213], [-80.13686100007776, 26.1637990003815], [-80.13692300000203, 26.16384399998866], [-80.13694899994131, 26.16387100038962], [-80.13701300041373, 26.163912999836267], [-80.13706899959192, 26.163951000167273], [-80.1371389999121, 26.163999999621048], [-80.1372719999815, 26.164076999988055], [-80.13738199958635, 26.164118000393103], [-80.13753200027249, 26.164159999750797], [-80.13761000009029, 26.164170999676085], [-80.1376879999081, 26.164176000154853], [-80.13776700044913, 26.164172000255622], [-80.13792100043491, 26.164140000250523], [-80.13795700041993, 26.164124999615204], [-80.13808799994118, 26.164044000182525], [-80.13814999986548, 26.16399899984629], [-80.13825199997272, 26.16388799980272], [-80.13827999956182, 26.163861999987894], [-80.13829700017857, 26.16384899967518], [-80.13829899982838, 26.16394800003552], [-80.13830200020142, 26.164045999731226], [-80.13831100042226, 26.16441899962161], [-80.1383569995547, 26.166128999676868], [-80.13836900014857, 26.166554999973275], [-80.13837300034653, 26.166700000324802], [-80.13869999968637, 26.166694000202607], [-80.13968300005064, 26.166677000392294], [-80.1400110001137, 26.16667200002076], [-80.14017000012237, 26.16667400033063], [-80.14039299970513, 26.16667800014406], [-80.14064700014835, 26.166688999831837], [-80.1408069999819, 26.1666959997059], [-80.14087200027923, 26.166694999954263], [-80.14106999974764, 26.166694000202607], [-80.14113599986986, 26.166694000202607], [-80.1412279999314, 26.166692999644724], [-80.1415040001159, 26.166691999893082], [-80.14159700000233, 26.166691999893082], [-80.14175799966081, 26.166688000080132], [-80.1422420002578, 26.166679999647595], [-80.14240399974118, 26.166677000392294], [-80.14250800039659, 26.166672999772565], [-80.14282200021593, 26.166665000145255], [-80.14292699979792, 26.166662999835207], [-80.14322499972376, 26.166656999711144], [-80.14412100004938, 26.166639999895395], [-80.14441999980012, 26.16663500032854], [-80.14477899982532, 26.166626000140127], [-80.14585900027396, 26.166600000129478], [-80.14621900012409, 26.166591999690898], [-80.14626199978179, 26.166590000185835], [-80.14639200037644, 26.166587000121957], [-80.14643599985905, 26.166587000121957], [-80.14704799960425, 26.16656499991988], [-80.14888399973815, 26.166500999601674], [-80.14949700020654, 26.166480999696592], [-80.14969600039818, 26.166469999989197], [-80.15029499972458, 26.16643600030073], [-80.15049499974111, 26.166426000343034], [-80.15062500033576, 26.166424000028886], [-80.15101699997292, 26.166417000138498], [-80.1511480003925, 26.166416000384494], [-80.15146600040981, 26.166401000041937], [-80.15157199981671, 26.166395999658572], [-80.15284399988599, 26.166338000194635], [-80.15326900003342, 26.16631999977131], [-80.15351599990562, 26.1663080002938], [-80.15425999989529, 26.16627399975185], [-80.15450799959241, 26.166263999780274], [-80.15466999997412, 26.166259999952644], [-80.15492799971697, 26.166253000052407], [-80.15619099956542, 26.16622099981206], [-80.1566120004132, 26.16621099983594], [-80.15671600017029, 26.16620600025069], [-80.15702999998965, 26.166190000125148], [-80.15713499957162, 26.16618600029501], [-80.15727600003694, 26.16618600029501], [-80.15749399959682, 26.16618700005099], [-80.1574850002743, 26.166030000361708], [-80.15805600001161, 26.166005999733276], [-80.15837599967874, 26.165988000064925], [-80.15846400044063, 26.165975999746987], [-80.15851600031915, 26.16597199990951], [-80.15875599962035, 26.165951999913705], [-80.1588579997276, 26.165944000236905], [-80.15901000006356, 26.165901999909142], [-80.15908399968342, 26.16586700029636], [-80.15920900025519, 26.165811000087746], [-80.15933499975357, 26.165744000076412], [-80.15944199988368, 26.165667999764228], [-80.15955700040975, 26.16553800019748], [-80.15968700010609, 26.165380999634458], [-80.159836000069, 26.165195000049675], [-80.16005199997907, 26.16493000007677], [-80.16015599973613, 26.164799999687375], [-80.16047100027872, 26.164410999839674]], [[-80.14636600043718, 26.157422000259785], [-80.14636700026207, 26.157523999921764], [-80.14587400034257, 26.15753300000624], [-80.14412400042242, 26.157565000211356], [-80.14412100004938, 26.157398000278913], [-80.14411299965346, 26.156899000331062], [-80.14411100000363, 26.156733000088593], [-80.14410900035381, 26.156569000093125], [-80.14410500015585, 26.1560780001787], [-80.14410400033096, 26.15591499991282], [-80.14410500015585, 26.15536800008677], [-80.14410500015585, 26.155341000136534], [-80.14409599993503, 26.15508499982019], [-80.1449319999862, 26.155065000376556], [-80.14497999966676, 26.155063999718916], [-80.1451069998884, 26.15506100016492], [-80.1454960000508, 26.155058999655843], [-80.14557800006658, 26.155058999655843], [-80.14557800006658, 26.155121000100195], [-80.14578499975582, 26.155304999924414], [-80.14611399964379, 26.15537999988344], [-80.1461710004435, 26.15535200008714], [-80.14631899968319, 26.155281000314385], [-80.14632899972892, 26.15543700011035], [-80.14633600029994, 26.15554300009048], [-80.14634999964532, 26.155764999828058], [-80.14636399988905, 26.157013999913666], [-80.14636399988905, 26.15711599993239], [-80.14636600043718, 26.157422000259785]]]}}]}