{"type": "FeatureCollection", "features": [{"type": "Feature", "id": 6, "geometry": {"type": "Polygon", "coordinates": [[[-80.28436716826826, 26.193670479261442], [-80.28468116793486, 26.193665479729155], [-80.28562616891622, 26.19365447965792], [-80.28594116883244, 26.193651479818143], [-80.28629816914882, 26.193646479861272], [-80.28737316986447, 26.19363247923226], [-80.28750316952738, 26.193631479442082], [-80.28773117052833, 26.19362847986246], [-80.28834217022084, 26.19362147909031], [-80.29017717187027, 26.19360447957232], [-80.29078917186384, 26.193599478939696], [-80.29085617217811, 26.19359847965668], [-80.29106117200456, 26.193596479756195], [-80.2911291717565, 26.193596479046096], [-80.29153717234873, 26.193594479349084], [-80.29183917258418, 26.19359947914188], [-80.2930751728731, 26.193605479170476], [-80.29468317398263, 26.193654478960696], [-80.29486517390437, 26.193649478841458], [-80.29504817408855, 26.19365647910629], [-80.29535317426145, 26.193658479624865], [-80.29544317469234, 26.193659479117688], [-80.29545817493084, 26.193659479464113], [-80.2955271742407, 26.193659478862532], [-80.29658817543944, 26.193666479073805], [-80.29736617619068, 26.19367047935886], [-80.29763056270292, 26.19367234800091], [-80.29763073330814, 26.19363306263351], [-80.29765072273324, 26.189325516648], [-80.33978149324419, 26.152079467908735], [-80.34147119956526, 26.150498455820244], [-80.34348220053168, 26.148796454042877], [-80.343663477528, 26.14864756745813], [-80.36702512129777, 26.12799451718313], [-80.36852139149298, 26.12835803872158], [-80.36853221471117, 26.1283184427046], [-80.36855121474126, 26.128251442608533], [-80.3685802138977, 26.128150442783255], [-80.36865321446541, 26.127899442847912], [-80.36883921417184, 26.12794344286005], [-80.3693972151478, 26.128075443279375], [-80.369583215427, 26.128119443243023], [-80.37051621541643, 26.128340442765527], [-80.37059121507208, 26.12835844288335], [-80.3733182175283, 26.128995442766143], [-80.374052217418, 26.129167443089603], [-80.37425221747908, 26.129214443149564], [-80.37557021897953, 26.129524443112206], [-80.37615221928979, 26.129662443683795], [-80.37682621933757, 26.129816443509007], [-80.37802721991666, 26.13011144333802], [-80.37952522117857, 26.13046544349919], [-80.38084422152242, 26.130778443519446], [-80.38206622227618, 26.131067443495628], [-80.38240222295282, 26.131147444172125], [-80.38395922353028, 26.13153244368555], [-80.38572922411714, 26.131958443817172], [-80.38632522449358, 26.132101443966967], [-80.38695122569418, 26.132252444741855], [-80.38749222550538, 26.13238244473114], [-80.38911722626091, 26.13277244468873], [-80.38965922676748, 26.13290344456365], [-80.39183622820009, 26.133426444530205], [-80.39246522868635, 26.133578445115504], [-80.3962542306807, 26.134482445155847], [-80.39749523117285, 26.134783444882988], [-80.39837123267434, 26.134996444841384], [-80.39883223288741, 26.1351084455485], [-80.39974823270126, 26.135335444995036], [-80.40054623330795, 26.13553244533156], [-80.40056923377664, 26.13553744500669], [-80.40071023320277, 26.135571445071935], [-80.40212323463469, 26.135905445459265], [-80.40332023561042, 26.13619544529701], [-80.40572323665039, 26.13677844557616], [-80.41108223975138, 26.13807844621356], [-80.41163823978226, 26.13821244589535], [-80.41178523991837, 26.13824744627276], [-80.41441224225179, 26.13888244662236], [-80.4147932420146, 26.13897444641438], [-80.41486824159814, 26.138992446205684], [-80.4159392429931, 26.139247447090177], [-80.41632224323853, 26.139338446344496], [-80.41666924358745, 26.139421446846896], [-80.41693424290811, 26.139485446468328], [-80.41842024413667, 26.139850447147758], [-80.41877024467823, 26.139933446608712], [-80.41938324465204, 26.140079446633173], [-80.41945624459616, 26.14009744682466], [-80.42011724524305, 26.140258446634164], [-80.42201024660471, 26.14072144734188], [-80.4223202466548, 26.140793447073367], [-80.42305624707652, 26.140967446852205], [-80.42311724723507, 26.140981447228288], [-80.42356524679971, 26.141090446885272], [-80.4245692477955, 26.14133644706065], [-80.42509324777656, 26.141461447714743], [-80.42560324893489, 26.14158444729673], [-80.42585124877016, 26.14164344710837], [-80.42606824848316, 26.14169644777116], [-80.42721124957014, 26.14197944785779], [-80.42744324981349, 26.142027447745832], [-80.4274662497617, 26.142032447664604], [-80.42793325019493, 26.142145447517446], [-80.42878125049135, 26.14234844747905], [-80.42941125088544, 26.142499447816522], [-80.42994325083033, 26.14262344806346], [-80.43043025140338, 26.142736447699257], [-80.43116225181514, 26.142900448006362], [-80.43133025201145, 26.142933448061886], [-80.43218625283589, 26.14310644803681], [-80.43396925379109, 26.143528448115276], [-80.4346782534968, 26.143702447976544], [-80.43557325413792, 26.143933447885054], [-80.43668225474642, 26.144248448744634], [-80.43739025598963, 26.144432448864958], [-80.43772125611406, 26.144579448732898], [-80.43828225612437, 26.14476444848182], [-80.43879425600146, 26.14492744846504], [-80.44064025762988, 26.14546744892057], [-80.44087725768051, 26.14555644884563], [-80.44104525758371, 26.14562744934265], [-80.44113425804261, 26.14567544918044], [-80.44122225772338, 26.145724448810473], [-80.44132625761736, 26.1457804489831], [-80.44137325808188, 26.14581444931787], [-80.44154625765078, 26.145941449054767], [-80.44171549135734, 26.14609512125563], [-80.44604792329928, 26.146738859086515], [-80.4461882607172, 26.146501449033813], [-80.44644826092744, 26.14606244859127], [-80.44646826117817, 26.14602844920361], [-80.44655126145956, 26.145917448957704], [-80.44680226081944, 26.14558544848335], [-80.44688626084212, 26.145475448377127], [-80.44711426079499, 26.145207448743268], [-80.44712226089177, 26.14519844859154], [-80.44733426122467, 26.144950448227647], [-80.44737326114475, 26.144904447955792], [-80.44760526131297, 26.144633448042992], [-80.44779926174995, 26.144404447886572], [-80.44802826188695, 26.144137447960528], [-80.4481792619415, 26.143997447435275], [-80.44963826309035, 26.141976446697477], [-80.44971626248375, 26.141850447068798], [-80.4497572629886, 26.14075544575947], [-80.44922026257319, 26.138447444746667], [-80.44655125984987, 26.12696543939232], [-80.44426425830733, 26.117130434296797], [-80.44329125778049, 26.112942432630742], [-80.44327025734187, 26.112150432143682], [-80.44325025695018, 26.11138543152982], [-80.44324578624973, 26.111210806164223], [-80.44275736276859, 26.109530441349598], [-80.44271562160641, 26.10231879851541], [-80.44263633975112, 26.09488392329533], [-80.44232757514973, 26.087654726749786], [-80.4423618301153, 26.08042661944085], [-80.44229288681184, 26.074196741211182], [-80.4422682549856, 26.073199411920655], [-80.44220377585562, 26.070296653388123], [-80.44208735361902, 26.06596928733211], [-80.44198103709542, 26.061945340947844], [-80.44016325288254, 26.06194040634448], [-80.43740225150059, 26.061931406569727], [-80.4346582503814, 26.061915407023736], [-80.43444224935699, 26.06190240700893], [-80.43364024882915, 26.061859407103917], [-80.43331524907254, 26.06184140682226], [-80.43189824840104, 26.061845406388805], [-80.43167724785027, 26.06183740668202], [-80.4306332470364, 26.061849406609436], [-80.42804024634515, 26.061832407184298], [-80.42683124528907, 26.061811406773703], [-80.42670324570095, 26.06180740716986], [-80.42601224528974, 26.061791406503747], [-80.42594124464479, 26.061791406756353], [-80.42478924429523, 26.061790407209763], [-80.42253024296124, 26.061788407073607], [-80.4213482421307, 26.06181440703772], [-80.41961724151273, 26.06189040756472], [-80.41897924072376, 26.06190140737368], [-80.41790723990833, 26.061930406918908], [-80.41786123968383, 26.061931407529645], [-80.41722323923683, 26.061934407585674], [-80.41336723717093, 26.06206640732298], [-80.41160123596967, 26.06209940768755], [-80.41004323564175, 26.062113408177566], [-80.40987423503336, 26.062115407401897], [-80.40985923538896, 26.062115407473687], [-80.40601023290063, 26.06220440793138], [-80.40375323223599, 26.06225040794163], [-80.40125122988779, 26.0623214079249], [-80.39870122900118, 26.062393408452195], [-80.39637122782784, 26.0624654082758], [-80.39571822693974, 26.06246740836928], [-80.39430522593359, 26.062491408275626], [-80.39413722642195, 26.062505408296442], [-80.39398022646616, 26.062543408529663], [-80.39385822634668, 26.062563408873835], [-80.3937292260067, 26.062560408455724], [-80.39328522586156, 26.062555408501943], [-80.39323522511044, 26.062554408571657], [-80.3928222249189, 26.06252940861807], [-80.39236722503519, 26.062535408788612], [-80.3917862248489, 26.06255740862743], [-80.39126022405313, 26.062557408736257], [-80.39030822404949, 26.06259240832667], [-80.38979522336265, 26.06259640884157], [-80.38921522296768, 26.062602408692776], [-80.38774322278054, 26.062611408799523], [-80.38551822109719, 26.062670408838148], [-80.38476522016437, 26.062684409096782], [-80.38388221964803, 26.062695409096076], [-80.38190821916697, 26.06277140914849], [-80.38073821787876, 26.062803409180088], [-80.37905021748693, 26.06286940921552], [-80.37881321697633, 26.062893409031897], [-80.37864621667578, 26.06290040977834], [-80.3785952167742, 26.06290240896797], [-80.37849721699669, 26.062897408968247], [-80.37829321715114, 26.06288840964522], [-80.37799421633002, 26.062879409683013], [-80.37788621696117, 26.062877408980054], [-80.37740121609374, 26.062884409715927], [-80.37418321470624, 26.062957409253645], [-80.37398321457084, 26.06296140922438], [-80.3737532144017, 26.06296740992105], [-80.37367721392907, 26.062969409953233], [-80.3733712139084, 26.06297540979198], [-80.37301721367808, 26.06298440941705], [-80.37245521381867, 26.062995409836844], [-80.37215021275796, 26.063002409743905], [-80.37198921266143, 26.063005409432176], [-80.37178321314104, 26.06300941004378], [-80.37150621333174, 26.06301441013099], [-80.37134621325247, 26.0630184099658], [-80.37088121235114, 26.0630284094344], [-80.37022021224674, 26.06304340979655], [-80.36769421022836, 26.063101410111944], [-80.36684521012185, 26.063124410152078], [-80.36572120978816, 26.063156409755226], [-80.36509120870681, 26.063173410205373], [-80.3632032076005, 26.06322641043349], [-80.36257420794021, 26.063244409841403], [-80.36252920740775, 26.06324540985767], [-80.36248320807626, 26.063247410083186], [-80.3623972075268, 26.06324941056204], [-80.36235320795448, 26.06325141055108], [-80.36235020770107, 26.063177410052106], [-80.36234220722878, 26.06297241050309], [-80.36234120769765, 26.06295840981798], [-80.36233920740997, 26.06288541024234], [-80.36209120780977, 26.062897410159636], [-80.36197520709223, 26.062904410224824], [-80.3613472065256, 26.062903410047813], [-80.3611122068549, 26.06290341018324], [-80.36109920652517, 26.06290440964153], [-80.36061520615011, 26.062878410387324], [-80.36048720592304, 26.06287141039523], [-80.36013020621151, 26.062853409716734], [-80.35867920574087, 26.062777410174057], [-80.35812820535082, 26.06278241017163], [-80.35804220457143, 26.062783409744124], [-80.35788520473315, 26.062787409802556], [-80.35729120500501, 26.062801410507166], [-80.35717020459307, 26.062803410029296], [-80.35504120300322, 26.062856410061542], [-80.35429120267719, 26.062875410618748], [-80.35415420308289, 26.062871410258403], [-80.35397520218913, 26.0628664103702], [-80.35374420225038, 26.062860410276507], [-80.35360820258316, 26.062857410383156], [-80.35289320181715, 26.06287741064624], [-80.35275920192633, 26.062880410605587], [-80.35219920178407, 26.062893410851892], [-80.35001620029705, 26.06294641034154], [-80.34899619926327, 26.06295441101258], [-80.3484141994415, 26.062950410884028], [-80.34842119911258, 26.06296341062022], [-80.34885019962765, 26.062976410551403], [-80.34850119922424, 26.0630774105848], [-80.34769619928622, 26.06327541074704], [-80.34767019914628, 26.06327041092654], [-80.3476311991715, 26.063263410796125], [-80.34759519879435, 26.06325741078883], [-80.34757019849816, 26.063253411073912], [-80.34749319895606, 26.06323941075699], [-80.34737319843913, 26.063230410688302], [-80.34694119887727, 26.063201410752658], [-80.34677819814625, 26.0632034110525], [-80.34658019807831, 26.063207410971213], [-80.34641719778865, 26.063210410983675], [-80.34627419805557, 26.063213411110414], [-80.346078198057, 26.06322041072516], [-80.34606219800783, 26.063220410466684], [-80.3459291975955, 26.063222411194115], [-80.34576719766345, 26.063225410490805], [-80.34454219755382, 26.06324641070418], [-80.34431319666511, 26.06325041118867], [-80.34411719653552, 26.06325741084549], [-80.34235319589683, 26.063287410830156], [-80.34227419607372, 26.063292410797036], [-80.34211819588158, 26.063294410644442], [-80.34074619493548, 26.06331941143082], [-80.34043319508906, 26.06332841089639], [-80.34009019466953, 26.06333441121303], [-80.33878719352224, 26.063357411529818], [-80.33870919391433, 26.063362411415564], [-80.33812119354911, 26.06337341083578], [-80.33808119365426, 26.063371411357295], [-80.33804219302158, 26.06337441162066], [-80.33802019332349, 26.06337341082652], [-80.33750319249994, 26.063386411244423], [-80.33742519286335, 26.063383411301587], [-80.33687819251615, 26.063393411358213], [-80.336682192252, 26.063401410955354], [-80.33527519152561, 26.063423411570728], [-80.33519619138173, 26.06342841126723], [-80.33464919079043, 26.063438410994], [-80.33457119156414, 26.06343641143377], [-80.33374919119213, 26.06345341173987], [-80.33367119032201, 26.06345241180271], [-80.33359319082146, 26.063458411745138], [-80.3330451906848, 26.063468411607534], [-80.33284919047294, 26.06346841137902], [-80.3321841896272, 26.063480411793023], [-80.33210618972161, 26.06348541171461], [-80.33144118976966, 26.063497411415177], [-80.3313621892127, 26.063495411802815], [-80.33046218876267, 26.063512411226355], [-80.33038418877467, 26.063517412020914], [-80.33026618839655, 26.06351841179794], [-80.33011018831589, 26.06351841196803], [-80.3299141889326, 26.06352441206581], [-80.32939918771996, 26.063530411759796], [-80.32779418710899, 26.06355141147824], [-80.32748118687357, 26.06355941160198], [-80.32607118593765, 26.063577411814663], [-80.32599318603944, 26.063583412154657], [-80.32446618497939, 26.06361841202582], [-80.3243881857281, 26.063623412286866], [-80.32306318429593, 26.063653412140727], [-80.32250518427176, 26.063667412189854], [-80.32242718392574, 26.063672412286962], [-80.3219161838843, 26.063683411843932], [-80.32184618406414, 26.06368641196372], [-80.3217761832419, 26.06368941204481], [-80.32162918328022, 26.06368841181251], [-80.32127618363938, 26.0636934123636], [-80.32049218253188, 26.063702411934592], [-80.32041418309768, 26.063707411849236], [-80.31951318221758, 26.06371941259287], [-80.319435182001, 26.063716411956396], [-80.3188871818047, 26.063723411846706], [-80.31814418174201, 26.063740412475557], [-80.31806618197007, 26.063739412234096], [-80.31741118153136, 26.063753411867378], [-80.31738718163157, 26.063754412242503], [-80.31732318136777, 26.063759412585902], [-80.31715518127638, 26.06376241185465], [-80.3164591803227, 26.063777411932882], [-80.31642218048552, 26.063778411977513], [-80.3163431803376, 26.063777412386717], [-80.31622718092945, 26.06378041219128], [-80.3158891800948, 26.063787412154245], [-80.3158901800721, 26.063444411889055], [-80.31588718035331, 26.063361412533062], [-80.3158871803991, 26.063292411845083], [-80.31497817940344, 26.063302412078865], [-80.314181179004, 26.06331041219435], [-80.3138761791767, 26.06331341212169], [-80.31361817879854, 26.06331541178887], [-80.31331717846193, 26.063318412398658], [-80.3133251782247, 26.063160412528436], [-80.31335317908113, 26.062339412081172], [-80.31327917816296, 26.061364411547085], [-80.31326917871912, 26.060901411124952], [-80.31330317881131, 26.059922410905916], [-80.31330517817051, 26.058960410146195], [-80.31328617842739, 26.058652409861416], [-80.31324817873924, 26.056617408388654], [-80.31322517827184, 26.055926408015637], [-80.31320817831654, 26.05543040806617], [-80.31319617797307, 26.055048408010993], [-80.31319317872713, 26.054914408067436], [-80.31318117827983, 26.05440540776047], [-80.31317117847017, 26.05392640776379], [-80.31315717836934, 26.05339240672243], [-80.31323517785799, 26.05339140747497], [-80.31333717832622, 26.053390406770067], [-80.31333217828325, 26.053220406659136], [-80.31332517774625, 26.0529914073558], [-80.3132891783097, 26.051794406287183], [-80.31327717809503, 26.051396406002006], [-80.31326217760476, 26.05087040546803], [-80.3132191777642, 26.049296405501373], [-80.31320517798733, 26.048771405180215], [-80.31320317791538, 26.04872040508461], [-80.3131821777503, 26.0480124042996], [-80.31314917763925, 26.046862404113767], [-80.31311617791255, 26.045855403284456], [-80.31311317725537, 26.045736403114116], [-80.31309417776177, 26.044978403011786], [-80.31309117816416, 26.0448894027255], [-80.31308517720142, 26.044623402693407], [-80.31308317799385, 26.044535402763792], [-80.31308117729908, 26.044456402974994], [-80.31307517773328, 26.044222402160877], [-80.31307317721112, 26.044144402486438], [-80.31285017727971, 26.044146402682127], [-80.31284717756681, 26.044013402656883], [-80.31277317768206, 26.04055440108798], [-80.31276217720065, 26.04026840094558], [-80.31272017727281, 26.039174400319332], [-80.3129141774202, 26.039050399564232], [-80.3128721776491, 26.03766039914361], [-80.3128521775063, 26.037009398845907], [-80.31284817745359, 26.03686939852714], [-80.31284517728561, 26.03681139908614], [-80.31284017757021, 26.036644398950276], [-80.3128041770476, 26.035549398249138], [-80.31279217746965, 26.035185397498477], [-80.31275417689316, 26.034058397727367], [-80.31264217631231, 26.030678395284305], [-80.31260517681842, 26.02955239519252], [-80.31242017653234, 26.029558394946644], [-80.31183617650842, 26.02957939495611], [-80.31069717602313, 26.029611395049553], [-80.30951217522312, 26.02961639514294], [-80.3087391746547, 26.029620395383574], [-80.30689417354424, 26.029630395018945], [-80.30649817350405, 26.029628394942677], [-80.3056481724353, 26.029624395379376], [-80.30375217181971, 26.02962939537475], [-80.29977716877579, 26.02962539555175], [-80.2975371682972, 26.02962439530015], [-80.29739216773508, 26.02962439532512], [-80.29711416765636, 26.029624395543614], [-80.29695716716465, 26.029627395785212], [-80.29681316779353, 26.029630395936984], [-80.29675216754227, 26.029631396174533], [-80.29657016688134, 26.029634395282407], [-80.29651016674255, 26.029636395889575], [-80.29636016680927, 26.0296383960477], [-80.29591316731003, 26.02964639599679], [-80.29576416650143, 26.029650396123866], [-80.29564216698135, 26.02965239569161], [-80.29527816659632, 26.029659395513754], [-80.29515716616714, 26.029662396049943], [-80.29484316606369, 26.02966839572088], [-80.2946501663982, 26.029672395718208], [-80.29390316588716, 26.0296963961568], [-80.29359016579602, 26.02970739586196], [-80.29260216498473, 26.029740395655395], [-80.29186216443296, 26.029765395539158], [-80.2896401633761, 26.029832395964647], [-80.28865316212813, 26.029862395851307], [-80.28517216090886, 26.029991396768512], [-80.28373015993735, 26.029979396667446], [-80.28058115797471, 26.029942396637548], [-80.28044815797206, 26.029946396526643], [-80.28046415784189, 26.030102396570495], [-80.27981515759427, 26.030119396910106], [-80.27746115596388, 26.030178396736563], [-80.27667715560341, 26.03019939705255], [-80.27665115529804, 26.03019939688391], [-80.27657515527939, 26.03020139666582], [-80.27655015591897, 26.030202397090747], [-80.27606815516558, 26.030216396620464], [-80.2746231543295, 26.030259397009022], [-80.27455615390365, 26.030262396787823], [-80.27414215400634, 26.03027539715995], [-80.2736001539875, 26.030292396995534], [-80.27197615241046, 26.0303433970633], [-80.2714351528296, 26.030361397530555], [-80.27005215158142, 26.030401397204628], [-80.26857715078219, 26.03044439762192], [-80.2676321503453, 26.030494397262203], [-80.26712214975757, 26.030552396938596], [-80.26654514941808, 26.030651397849027], [-80.26592014916112, 26.030709397121555], [-80.26583114893867, 26.030718397295423], [-80.26537214931757, 26.0307293972729], [-80.2645911489534, 26.030749397593627], [-80.2639041480385, 26.03076939776906], [-80.26355914763192, 26.03078039767297], [-80.26200614681646, 26.03082739774343], [-80.26137314622702, 26.030847398078464], [-80.26114114697094, 26.030854397954403], [-80.26070714616758, 26.030868397518653], [-80.2604481463586, 26.030875398046575], [-80.26021714583696, 26.030883398049383], [-80.25800414514362, 26.03095039783742], [-80.25654914377697, 26.030995398038808], [-80.2551591432749, 26.031038397979007], [-80.25434814280138, 26.03106039785401], [-80.25284914194545, 26.031112398033834], [-80.25136814076362, 26.03116439826605], [-80.25077714007114, 26.031185398312555], [-80.24922813994667, 26.031224398053798], [-80.24915613994992, 26.03122239832005], [-80.24911613894977, 26.031220398750687], [-80.24907513948736, 26.03121939860468], [-80.2490281398361, 26.031217398746], [-80.24899713931455, 26.031216398189912], [-80.2489581390402, 26.03121539847207], [-80.24890013936746, 26.031213398264242], [-80.24882113910515, 26.0312103988746], [-80.2487251392653, 26.031207398614818], [-80.2486681393212, 26.031206398205825], [-80.24866613936956, 26.03121639883502], [-80.24866113949432, 26.031249398127898], [-80.24866013925987, 26.031260398649177], [-80.24862213906401, 26.031514398662544], [-80.24858613965256, 26.03175839893433], [-80.24857613896097, 26.031866398504437], [-80.24854513945938, 26.03221739858607], [-80.24854113889539, 26.032281399247125], [-80.24852913926337, 26.032539399451483], [-80.2485231387419, 26.032642399401734], [-80.24852213928641, 26.032680399274774], [-80.24852413877825, 26.032952398885982], [-80.2485251396034, 26.033056399246913], [-80.2485031392033, 26.033056399459937], [-80.24843913947042, 26.033058398974408], [-80.24841813880165, 26.033059399068286], [-80.24839313869609, 26.033060399115826], [-80.24804613889654, 26.033128399200624], [-80.24802413919402, 26.033134399098852], [-80.24774213860812, 26.033219399177238], [-80.24762013849016, 26.03327039958499], [-80.24750913826882, 26.03331939918664], [-80.24730913879544, 26.033433399855358], [-80.24720613802297, 26.03350339986035], [-80.2470431381279, 26.033635399910874], [-80.24697813788406, 26.033696400009305], [-80.246885137998, 26.033786399924356], [-80.24666713815681, 26.033948399552084], [-80.24663913762228, 26.033969400276014], [-80.24634513826629, 26.03416640048967], [-80.24630813816609, 26.03418840034797], [-80.24614113778603, 26.034290400467597], [-80.24584513739002, 26.034455400139223], [-80.24514913728757, 26.03475840017172], [-80.24479913754716, 26.034911400348673], [-80.24475413716449, 26.03493040007857], [-80.24474113708298, 26.03493640047487], [-80.24472213702396, 26.034945400521934], [-80.2447021372473, 26.0349534006473], [-80.24468913716649, 26.03495940013622], [-80.24429213687279, 26.035130400824347], [-80.24310313617174, 26.035646400687664], [-80.24270713602682, 26.0358184013714], [-80.24249813557574, 26.03590440094077], [-80.24187213497774, 26.036161401135367], [-80.24166413502127, 26.036248401221133], [-80.24120913514746, 26.0364354010567], [-80.24119613472618, 26.036441401125142], [-80.24072813436395, 26.03663340117878], [-80.24006513398488, 26.036921401762914], [-80.23985213442467, 26.037013401408583], [-80.23940113426544, 26.03720940210049], [-80.23927113444223, 26.037262402141536], [-80.23888113382577, 26.037422401650225], [-80.23875213322229, 26.037476402073278], [-80.23832413300998, 26.03766140199129], [-80.23810113350874, 26.037759401984747], [-80.2377821330356, 26.037928401955707], [-80.23741013250205, 26.038146402017297], [-80.2371271329323, 26.03837540289593], [-80.23676513294158, 26.0386694026197], [-80.23638113274657, 26.039023402558325], [-80.23623713273433, 26.039158403175765], [-80.23524813207567, 26.040104403745442], [-80.23487213200373, 26.04046640383712], [-80.23472213096589, 26.040602403675795], [-80.23427413110734, 26.041012404011827], [-80.23412513135032, 26.041149404097503], [-80.23407613114301, 26.04119240433049], [-80.23393313151045, 26.041324403895302], [-80.2338851308343, 26.041368404051173], [-80.23369213051284, 26.041558404313875], [-80.23311413095907, 26.042130404477042], [-80.23292213080683, 26.042321404551362], [-80.23286113064731, 26.04219240451042], [-80.23285413056296, 26.042176404450665], [-80.23283312999311, 26.041768404854835], [-80.23282713024373, 26.04162740404966], [-80.23243512973275, 26.0416354040386], [-80.23126112926595, 26.0416634041757], [-80.23087012926551, 26.04167240444054], [-80.23087012876978, 26.041807404296005], [-80.23087012918879, 26.042214404972018], [-80.23087112888888, 26.04226440475616], [-80.23088412892709, 26.04231040482567], [-80.2309041296873, 26.04234240457961], [-80.23090912938464, 26.043281405067024], [-80.23091812944926, 26.04490040644116], [-80.23092012990553, 26.04514940635099], [-80.22893412790205, 26.045209406258518], [-80.22878612771564, 26.045213406354993], [-80.22693612692763, 26.04526940666853], [-80.22499012599562, 26.045328406476447], [-80.22491412635637, 26.045355406785074], [-80.22488512635665, 26.045360406942628], [-80.22488412568434, 26.0453354061797], [-80.22488112589885, 26.045220406940214], [-80.22488012578107, 26.04518240662543], [-80.22487812635839, 26.045139406743367], [-80.22487512572678, 26.045010406031828], [-80.22487412551492, 26.044967406095008], [-80.22464112584085, 26.044997406145757], [-80.22461912528638, 26.044997406292644], [-80.224519125252, 26.045001406036793], [-80.22439612554597, 26.044998406046407], [-80.22421312582327, 26.04497940608606], [-80.22409312553108, 26.04495640631792], [-80.22397612520874, 26.044924406282938], [-80.22386412511135, 26.044885406113934], [-80.22369712542262, 26.044828406268625], [-80.22362112524033, 26.044807406298286], [-80.22347012474303, 26.044791406205718], [-80.22338312465378, 26.044783406101722], [-80.22301612504168, 26.044787406012915], [-80.22286512489354, 26.044789406267054], [-80.22254112468863, 26.044792406031572], [-80.22156912362064, 26.044805406791806], [-80.22124612338122, 26.044810406538744], [-80.22108512368904, 26.044803406045656], [-80.22060412329535, 26.044785406464086], [-80.22044412365494, 26.044780406348448], [-80.2197281226184, 26.044797406316807], [-80.21758312168704, 26.044849406681475], [-80.21686912087723, 26.044867407008617], [-80.21687212094804, 26.045008407170215], [-80.21688412081006, 26.045431406752318], [-80.21688812145464, 26.045573407015684], [-80.21689912127269, 26.045754406829793], [-80.21690512122673, 26.045850406855223], [-80.2169121211686, 26.045971407662474], [-80.21692212105462, 26.046127407586606], [-80.21691512124043, 26.046300407361954], [-80.21690712133635, 26.046482407152734], [-80.21650612065629, 26.046476407234657], [-80.21605312103311, 26.046471407515153], [-80.21530411993864, 26.046472407685304], [-80.21516511995623, 26.04647340716968], [-80.21512612044714, 26.046473407370815], [-80.21503211994536, 26.046476407741796], [-80.21498212003948, 26.04647940800305], [-80.21493212047076, 26.046480407140294], [-80.21490411969349, 26.04648140759194], [-80.21485712043707, 26.046484407872523], [-80.2148021201029, 26.046486407865718], [-80.21476111982635, 26.046488407226366], [-80.21483012010533, 26.047555408271435], [-80.21506412033978, 26.05377041111034], [-80.21488612013862, 26.053775411613383], [-80.21488712070668, 26.05380641118728], [-80.21490412045183, 26.054276411602196], [-80.21490812041218, 26.054396411273895], [-80.21492112059715, 26.054759411508066], [-80.21492612019227, 26.054880412195267], [-80.21496212064619, 26.05588941270136], [-80.21498112060081, 26.056432412321065], [-80.21501612072605, 26.057379413524284], [-80.21510612059703, 26.05987841401137], [-80.21515712049651, 26.061090414787188], [-80.21521012109582, 26.06234841553263], [-80.21521612130255, 26.062643415606676], [-80.21522512082569, 26.06305041617741], [-80.21523212118473, 26.063230416397435], [-80.21530612073671, 26.06499041710256], [-80.21531212157008, 26.06513041685009], [-80.21531812104969, 26.065317416795548], [-80.2154851212115, 26.06531141757265], [-80.21549712164504, 26.065574417137107], [-80.21547912179264, 26.065574417707396], [-80.21541212096996, 26.065576417546737], [-80.21532712129876, 26.065578417009114], [-80.21532712160418, 26.065618417416594], [-80.21532812127955, 26.06568541694033], [-80.2153281212448, 26.065739416945565], [-80.2153291212633, 26.06578041747066], [-80.21532912122375, 26.06583741777632], [-80.21533012158227, 26.065873417800873], [-80.21533112087664, 26.06601141722461], [-80.21533212155096, 26.06606941765239], [-80.2154521217618, 26.069466418917383], [-80.21551112151904, 26.071127419723357], [-80.21556612156326, 26.072629420515014], [-80.21574012255613, 26.077328423176613], [-80.21582712228629, 26.079658424626203], [-80.21586712247603, 26.080725424847262], [-80.21591312208695, 26.081516424964512], [-80.21596412263976, 26.08305542631437], [-80.215987122995, 26.083762426566633], [-80.21598912242924, 26.08380842659539], [-80.21601212260994, 26.084502427307527], [-80.21601812265634, 26.08467842659642], [-80.21602912220378, 26.085003427011763], [-80.21604612311175, 26.08537042712146], [-80.21612912323093, 26.08714142830932], [-80.21614812330334, 26.087447428708668], [-80.21619212289208, 26.088139428337442], [-80.21624812261325, 26.088708428755314], [-80.21641612290591, 26.09041642977394], [-80.21643412308575, 26.090602430080793], [-80.21643712358811, 26.09062243026857], [-80.21644012279502, 26.090653429712795], [-80.21647512361538, 26.09098643011494], [-80.21648712319123, 26.091118430479913], [-80.21652412285808, 26.0913754307217], [-80.21653312312611, 26.091529430463265], [-80.21653912304886, 26.09161943026192], [-80.21654412291325, 26.09167243006408], [-80.2162601230625, 26.091610430331702], [-80.21595812273559, 26.091524430080312], [-80.21591112249777, 26.091512430718875], [-80.21616712282689, 26.09190943063616], [-80.21642212319725, 26.092577431083413], [-80.21650812333684, 26.093031431289397], [-80.21675312336438, 26.093695431482526], [-80.21684812371481, 26.094384431746228], [-80.21694312365197, 26.095060432448754], [-80.21701012380889, 26.095542432019776], [-80.21721212390261, 26.09699143341973], [-80.21728012403285, 26.09747443378692], [-80.2173771240243, 26.098177433919325], [-80.21752312435063, 26.09922043461308], [-80.21754812449853, 26.099364434249747], [-80.21771012393135, 26.100281434415383], [-80.21773812462835, 26.100434434898098], [-80.21779412416986, 26.100986435070375], [-80.21784512472547, 26.10148343529832], [-80.21789512486217, 26.101919435944616], [-80.21790312444143, 26.10200343592664], [-80.21802412494351, 26.103234436391055], [-80.21812312484026, 26.10452843706112], [-80.2181501245634, 26.105062437664493], [-80.21817612538003, 26.105546437069414], [-80.21819012494778, 26.105815437530193], [-80.2181961244436, 26.105991438095618], [-80.21819912528224, 26.106085438051995], [-80.21820212448539, 26.106134438222295], [-80.21820512491503, 26.106175437636434], [-80.21822512459548, 26.106981437803444], [-80.21828812467062, 26.10853643891214], [-80.21833012494594, 26.10965443966398], [-80.21836412535036, 26.110547439653505], [-80.21836912503551, 26.11069944053744], [-80.2183871255008, 26.11115844076992], [-80.21839312534281, 26.111311440839366], [-80.21840412506891, 26.111625440818127], [-80.21844012514896, 26.11256844078918], [-80.2184521251556, 26.112883440815715], [-80.2184521250673, 26.112900441517986], [-80.21845412508249, 26.112953441116968], [-80.2184551251316, 26.112971441016562], [-80.2184581254998, 26.11306344159616], [-80.2184691255546, 26.11334044162134], [-80.21847312507678, 26.1134334413884], [-80.21851512565313, 26.11455744196859], [-80.21852112506117, 26.114846442138266], [-80.21852812528124, 26.115135442305967], [-80.21855012532244, 26.115630442959098], [-80.21856012575302, 26.11637244327368], [-80.21853712532368, 26.11703444306109], [-80.21850812522331, 26.117528443239937], [-80.21844312533159, 26.11826844366344], [-80.21838512552381, 26.118760444266787], [-80.21833812556889, 26.119076444658255], [-80.21827712581926, 26.119497444809305], [-80.21811712571746, 26.120473445399924], [-80.21810412509791, 26.12054744497387], [-80.21806812536258, 26.120771444809538], [-80.218056125861, 26.120846445385766], [-80.21808712524252, 26.1208464456532], [-80.21818012608007, 26.120848445714127], [-80.21821212566333, 26.120849445154448], [-80.21848412609152, 26.120843445548257], [-80.21930012598871, 26.12082744563123], [-80.21957312692254, 26.12082344506044], [-80.21995112628447, 26.120822445635262], [-80.22108512710436, 26.120818444941822], [-80.22146412774575, 26.120818445246687], [-80.2223081281826, 26.120815445341442], [-80.22484212936743, 26.120808444959497], [-80.22568712972793, 26.120807445270426], [-80.22599413066514, 26.120808445039295], [-80.22622013060982, 26.120809445336597], [-80.2269181311442, 26.120811444765142], [-80.22722713086192, 26.120812444503763], [-80.22750013091743, 26.120813444724586], [-80.2283211313143, 26.12081744496375], [-80.22859513172044, 26.1208194449502], [-80.22885013221541, 26.12081744439064], [-80.22961613254608, 26.120811444439354], [-80.22987213233395, 26.120810444798575], [-80.23015313265662, 26.120805445158027], [-80.23099913366589, 26.12078944441395], [-80.2312811332466, 26.12078544438786], [-80.23158313315878, 26.120786444393797], [-80.23249213356024, 26.120789444857728], [-80.23279513439785, 26.12079044494569], [-80.2330701343204, 26.120793444547324], [-80.23389713493592, 26.120802444520614], [-80.23407313450045, 26.120805444959576], [-80.23417313528748, 26.120806444723172], [-80.23427413541222, 26.120808444405874], [-80.23434913539323, 26.120808444732475], [-80.23487813562966, 26.120814444265744], [-80.23505513511797, 26.12081744430049], [-80.23564713627515, 26.1208194445772], [-80.23605613581137, 26.12082244491004], [-80.23742513737284, 26.12082444490061], [-80.23801813715427, 26.120825444236175], [-80.23868513810444, 26.120822444372855], [-80.24068913877036, 26.120815444046805], [-80.24135713924402, 26.120813444397463], [-80.24143613972534, 26.120813444037687], [-80.24225413938622, 26.120811444217512], [-80.24329514008554, 26.120808444272296], [-80.246421142523, 26.12080144407834], [-80.24746314268603, 26.12080044381399], [-80.24816914369093, 26.12079944407685], [-80.24871514394378, 26.12079844380377], [-80.24882814396163, 26.120797444088996], [-80.25021814408326, 26.12076244369875], [-80.25022414434801, 26.120926444031163], [-80.25158614572537, 26.120921443927852], [-80.25210714576812, 26.12090844425288], [-80.2524231455218, 26.120905443954403], [-80.25260914619527, 26.120904444356785], [-80.25374114670252, 26.120896444012697], [-80.25469314726749, 26.12089644373735], [-80.25663214782647, 26.120908443527718], [-80.25716314833126, 26.120910443416868], [-80.25829514921288, 26.12091544379026], [-80.2583971492361, 26.120757443850792], [-80.25848814914247, 26.120757443523235], [-80.25908014997377, 26.120757443924916], [-80.2592781495039, 26.12075744332976], [-80.2593161500379, 26.120757443625283], [-80.25943114950566, 26.120757443259855], [-80.25947014989877, 26.120757443235757], [-80.25952814999522, 26.12092044324318], [-80.26083715050815, 26.12091444348617], [-80.26093915029088, 26.120913443760294], [-80.26094215075862, 26.120749443741122], [-80.26163515154632, 26.12074844316084], [-80.26371815211311, 26.120747443851705], [-80.26441215272636, 26.12074744324795], [-80.26460815293032, 26.120746443080023], [-80.26481015353369, 26.120744443361968], [-80.26546215299832, 26.12074144342335], [-80.26600515407732, 26.12073844339265], [-80.26631615385068, 26.120737443322316], [-80.2664041535134, 26.12073644338595], [-80.26646915422262, 26.120736442902956], [-80.26649315378963, 26.12073644317193], [-80.26658015434904, 26.120736443560116], [-80.26710815464983, 26.12073744288207], [-80.26728415426531, 26.120738443193268], [-80.26739515441, 26.120738443222844], [-80.26773115519485, 26.120739442795895], [-80.26784315496936, 26.1207404431457], [-80.26788715468514, 26.120740443670197], [-80.26802015470511, 26.120740443024435], [-80.26806515528155, 26.120740443161093], [-80.26819115530118, 26.120740442919338], [-80.2685701549979, 26.120741443095323], [-80.26869715565726, 26.12074244307589], [-80.26911215548354, 26.120742442929533], [-80.27035915581779, 26.120742442740106], [-80.27077515659451, 26.12074244287154], [-80.27089615637277, 26.120742442951133], [-80.27092415679816, 26.120740443561488], [-80.27137215650478, 26.120723443231334], [-80.27152215715756, 26.120718442640943], [-80.2719641572096, 26.120718443456003], [-80.27254315741312, 26.12072044314322], [-80.27329115784043, 26.12072144311503], [-80.27373415869265, 26.120722442745837], [-80.27395515847192, 26.12072144298769], [-80.27462215926414, 26.120718442860134], [-80.27484415873853, 26.1207184432599], [-80.2753541591794, 26.12071944277331], [-80.27688416044714, 26.120724442423075], [-80.27739416091482, 26.120726442943692], [-80.27757916017876, 26.12072344289594], [-80.27813816123093, 26.12071544252074], [-80.27832416118822, 26.120713443018573], [-80.27874116101856, 26.12070744259759], [-80.27999316211462, 26.120690442806623], [-80.28041116260276, 26.12068544265119], [-80.2804391617682, 26.120684442408574], [-80.28052316200474, 26.12068344276863], [-80.28055216189908, 26.1206834430878], [-80.28062716253831, 26.120681442597107], [-80.2808551625213, 26.12067944271677], [-80.28093116289004, 26.120678442644277], [-80.28133216256887, 26.120683442684662], [-80.28236516293028, 26.120698442883295], [-80.2824771639074, 26.120700442801933], [-80.2825371634425, 26.12070044267241], [-80.28258916299919, 26.120701442521813], [-80.2829391641076, 26.120706442425668], [-80.28344616414364, 26.12070144289533], [-80.28496816489617, 26.120688442378345], [-80.28530616546095, 26.120686442180563], [-80.28547616560036, 26.120685442678585], [-80.28546616469652, 26.120833442617464], [-80.28545316475648, 26.121034443060555], [-80.28538416516719, 26.122082443286228], [-80.28538316473085, 26.122433443637494], [-80.28538616496188, 26.122758443991113], [-80.2853931656555, 26.122965443949393], [-80.28543716510369, 26.1240864437967], [-80.28546616499376, 26.124525444722366], [-80.285471165348, 26.124562444410536], [-80.28551616524543, 26.12485244439907], [-80.2855721649606, 26.12508544432153], [-80.28566216557779, 26.12538944487935], [-80.2856931659543, 26.12546844501877], [-80.28574916565239, 26.125611444695686], [-80.28588516596598, 26.125899444860117], [-80.28606116574574, 26.12620544539377], [-80.28623916567786, 26.126544445449166], [-80.28642616645065, 26.126901445652017], [-80.28650916613556, 26.12706044584719], [-80.28675816651331, 26.127537446152882], [-80.28684216592866, 26.12769744579031], [-80.28689916648162, 26.1278054463977], [-80.28690416643249, 26.127814445878542], [-80.287018166794, 26.12807344598819], [-80.28704616669512, 26.128142446216934], [-80.287092166059, 26.12825644619255], [-80.28696116672818, 26.128288445873775], [-80.28704916606107, 26.128568446719296], [-80.28712216702905, 26.128874446373406], [-80.28716216661839, 26.12919444665466], [-80.28717816692095, 26.12945844707304], [-80.2872221662619, 26.130849447860545], [-80.28727616696948, 26.132195448155045], [-80.28730216676287, 26.13288144864032], [-80.28730416705571, 26.132947448976136], [-80.28730616654795, 26.132996448487003], [-80.28743816673246, 26.132983448247913], [-80.28747116716373, 26.13343944913278], [-80.28751016667393, 26.13398244874136], [-80.28753616659327, 26.134892450038134], [-80.28753416660388, 26.135009449272495], [-80.28752616669807, 26.135533450043635], [-80.28752316678356, 26.135663450149494], [-80.28751816666792, 26.135999450334605], [-80.28751316685118, 26.136055450221615], [-80.28750216689176, 26.136186450575742], [-80.28749716733662, 26.136238450058073], [-80.28746016713745, 26.136475450776036], [-80.28740216681719, 26.136727450226008], [-80.28736516753926, 26.136889450561878], [-80.28730716679276, 26.13716945096759], [-80.2872261673342, 26.13748245100979], [-80.2871361668533, 26.137871451112407], [-80.28708216719471, 26.13823145123726], [-80.28708016682788, 26.13834545100291], [-80.28707516727505, 26.138897451985322], [-80.28709216664166, 26.139577451877646], [-80.28714316709133, 26.141620453299304], [-80.28716016677257, 26.142301453044524], [-80.28716716702667, 26.142683453686384], [-80.2871901668494, 26.143831453851355], [-80.28719816715477, 26.144214454047102], [-80.28719916726641, 26.14445845446071], [-80.28720316734463, 26.144963455119967], [-80.28721016702649, 26.1451914547161], [-80.28721816754094, 26.1454364546329], [-80.28722216761751, 26.14556145528773], [-80.28723116717768, 26.14583445480046], [-80.28723416788915, 26.145936455434512], [-80.28723916699055, 26.146062455707817], [-80.2872391670781, 26.146088455588902], [-80.28724216756687, 26.146166455634543], [-80.28724316773406, 26.146192455047835], [-80.28724316796466, 26.146216455632754], [-80.28724616775389, 26.146290455275434], [-80.28724716699098, 26.146315455486768], [-80.28725516783285, 26.14644845595773], [-80.28725616763309, 26.146479455865748], [-80.28727216740118, 26.146731455396715], [-80.28726716739247, 26.14684845583447], [-80.28726216712062, 26.146982456153964], [-80.28725316726863, 26.147187455473393], [-80.28724016748208, 26.14729145564531], [-80.28722416781697, 26.14743045618243], [-80.2871801674022, 26.14759945652873], [-80.28712916775456, 26.147761455821847], [-80.28705016793484, 26.14798245595325], [-80.28695816780233, 26.1481744564961], [-80.28693116782762, 26.148232456767403], [-80.28678716769922, 26.148432456898288], [-80.28675716723231, 26.148478456430706], [-80.28672116729705, 26.148535456222554], [-80.28666316760692, 26.148612456452703], [-80.28663116692319, 26.14865745678299], [-80.286618167226, 26.14867545646684], [-80.28651616761093, 26.148795456896835], [-80.28641816734896, 26.148913457006334], [-80.28616516676841, 26.14907345675969], [-80.28609216735184, 26.149121457163112], [-80.28594416663151, 26.14922345664855], [-80.28589416659763, 26.149257456748373], [-80.28572916716634, 26.14934345679943], [-80.28555216621825, 26.14941845741944], [-80.28524116611025, 26.149536457010115], [-80.28504016631337, 26.149608457651357], [-80.28480916585957, 26.14969345746044], [-80.28471016660492, 26.149732457134952], [-80.28441316605243, 26.149853457026126], [-80.28431516554176, 26.149893456971377], [-80.28418716580676, 26.149952457670935], [-80.28414216561363, 26.14997545744057], [-80.28397716601786, 26.15006045714558], [-80.28396216604385, 26.15007345787502], [-80.2838101654283, 26.150208457428363], [-80.28371816521499, 26.150285457943106], [-80.28365316510842, 26.150341457926967], [-80.28342616555553, 26.150558457673938], [-80.28321516502852, 26.150839458112472], [-80.28312516559443, 26.15098545782033], [-80.28304116475347, 26.151139458324927], [-80.28289316566533, 26.151511458535147], [-80.28285016548044, 26.151680458711436], [-80.28280516482472, 26.151983458451443], [-80.28279716475005, 26.152161458649974], [-80.28279516550452, 26.15222345838892], [-80.28278016523328, 26.152881459057923], [-80.28279016487345, 26.153630459484422], [-80.28280816562769, 26.154883459608666], [-80.282809165746, 26.154998460486112], [-80.28281316519185, 26.15517645988916], [-80.28281216533232, 26.15587946039047], [-80.28281116501275, 26.156629460892322], [-80.2828141649438, 26.15740846149854], [-80.28282016572237, 26.158517462135944], [-80.28284216596649, 26.15950746213202], [-80.28288716579354, 26.159742462643177], [-80.28294716531846, 26.16005146287364], [-80.28306216602398, 26.160502462765816], [-80.28306716588325, 26.160521462424093], [-80.28308816565162, 26.16057846328965], [-80.28316416535033, 26.16077946309162], [-80.28347616637738, 26.16161046370362], [-80.28348916626726, 26.16164546318536], [-80.28354916640959, 26.16189746392317], [-80.28359416626888, 26.162143463433864], [-80.283604165876, 26.162194463968426], [-80.28363816573285, 26.16248546363422], [-80.28365816633368, 26.16277046436356], [-80.2836581662955, 26.162891464340653], [-80.2836581662394, 26.16314246425704], [-80.28366216650377, 26.163324463853936], [-80.28367616577069, 26.163870464436933], [-80.28368116617636, 26.164053464575304], [-80.28368116659098, 26.16407746418843], [-80.28368316596139, 26.16415246423174], [-80.28368416649424, 26.164177464403657], [-80.28368516608673, 26.164220464504428], [-80.28368716675554, 26.164283464296275], [-80.28368816605354, 26.164338464651376], [-80.2836881658664, 26.164349464810268], [-80.28368916635198, 26.164393465011067], [-80.28368916650044, 26.164438464844604], [-80.28369016676467, 26.164447464371737], [-80.28369216629306, 26.164502465188683], [-80.28369316597737, 26.16457246518719], [-80.2836951664838, 26.16461846513916], [-80.28369716633755, 26.16473546472082], [-80.28370316607099, 26.16493646522834], [-80.28371016644914, 26.165087464981827], [-80.28371216676724, 26.165107465128937], [-80.28372716588513, 26.16520446516274], [-80.28374216670166, 26.165304465491918], [-80.28374616618747, 26.16532746504142], [-80.28376616666336, 26.165423465482327], [-80.28381316601136, 26.165600465419967], [-80.2838401660684, 26.165698465657265], [-80.28393216654892, 26.16595146564444], [-80.28393616635991, 26.165962465837666], [-80.28406016631125, 26.166261465946402], [-80.28423516721904, 26.166699465723088], [-80.28433516651614, 26.16695046620488], [-80.2842061671602, 26.166995466492132], [-80.28468816753886, 26.168184466362383], [-80.2847401669066, 26.16835846705618], [-80.28476516714257, 26.168573466614955], [-80.28477416755099, 26.16878446662601], [-80.28476416680081, 26.168905467383812], [-80.28473916727422, 26.16906346667726], [-80.28468416676837, 26.169258467578818], [-80.28454116724673, 26.16960746744971], [-80.2846501667115, 26.169633467328463], [-80.28458516751259, 26.16981346759339], [-80.2844541674974, 26.17014146808894], [-80.28419516717348, 26.170796468118958], [-80.28407216637085, 26.171132468111093], [-80.28395216703734, 26.171465468172453], [-80.28387416704058, 26.17166246817859], [-80.28364216680347, 26.172255469003087], [-80.28356616621942, 26.172453468921066], [-80.28348816654035, 26.17267146887102], [-80.28340316685167, 26.172912469511402], [-80.2833321662291, 26.173205468922482], [-80.28330516669077, 26.173340469219077], [-80.28326116628328, 26.173568469537834], [-80.28323816644449, 26.173759469788028], [-80.28323616686653, 26.173785469528394], [-80.28321216632224, 26.17411946937108], [-80.28321816658128, 26.174335470162674], [-80.28322516679731, 26.17452847012898], [-80.28322516649091, 26.1745574701783], [-80.28322816618589, 26.174647470208253], [-80.28323016640302, 26.17467747038519], [-80.28325816657521, 26.17492147054365], [-80.28326516611298, 26.17498047038878], [-80.28332016696316, 26.17526147038796], [-80.283412166652, 26.175644470187965], [-80.28342916622744, 26.175715470398746], [-80.28347016671526, 26.17588447032087], [-80.28351716705629, 26.17608247035472], [-80.28354116716955, 26.176179470858216], [-80.28362516731033, 26.176456471163306], [-80.28367116646078, 26.176675470856804], [-80.28371416674223, 26.176876471049933], [-80.28374116665772, 26.177005471426405], [-80.28375416735271, 26.17706647150368], [-80.28382916703403, 26.17739347134122], [-80.2838421670326, 26.17745247121559], [-80.28385916710431, 26.177523471368694], [-80.28390916696515, 26.177829472040504], [-80.28392916727785, 26.177945471516786], [-80.28398016762874, 26.178465472123687], [-80.28399216732093, 26.17875647181634], [-80.284005167241, 26.1790674720472], [-80.28400816764642, 26.17914747197675], [-80.2840261676993, 26.179594472916985], [-80.28408916763965, 26.181177473674104], [-80.28411016750965, 26.181705473580127], [-80.28411816696398, 26.18205347395988], [-80.28414516741937, 26.183099473876077], [-80.28415416725042, 26.18344847474781], [-80.2841631676882, 26.18387547481323], [-80.28417716766042, 26.184501475085202], [-80.28419316738032, 26.185156475335603], [-80.28420316723394, 26.185584475855148], [-80.28420716757303, 26.18577247546635], [-80.28421916760992, 26.186336476071798], [-80.28422416727827, 26.186525476215454], [-80.28422916741907, 26.186756475774548], [-80.2842441678794, 26.18744947621426], [-80.28424916793855, 26.187681476740373], [-80.2842531676308, 26.187894476826195], [-80.284268167725, 26.188536476910425], [-80.28427316776941, 26.188750477528004], [-80.28427516750988, 26.188890477071247], [-80.28428416773247, 26.18931347735322], [-80.28428816825517, 26.18945447790521], [-80.28429016778662, 26.189596477620587], [-80.28429616837916, 26.190022477663064], [-80.28429916836127, 26.19016447783096], [-80.28431116792004, 26.190865478212658], [-80.2843481682923, 26.19296847943142], [-80.2843581676316, 26.193470479137996], [-80.28436716826826, 26.193670479261442]]]}, "properties": {"OBJECTID": 6, "LONGNAME": "District 6", "SHORTNAME": "D6", "DISTRICT": 6, "SHAPE_STAR": 2482833648.76, "SHAPE_STLE": 265347.833281, "GLOBALID": "{E4C4BAF6-23E5-475E-B163-89211636C533}", "CREATED_USER": null, "CREATED_DATE": null, "LAST_EDITED_USER": null, "LAST_EDITED_DATE": null, "Shape__Area": 2482833648.75764, "Shape__Length": 265347.833281359, "district": 6}}, {"type": "Feature", "id": 1, "geometry": {"type": "Polygon", "coordinates": [[[-80.10835246894983, 26.05476997502946], [-80.1105790594334, 26.054835415535432], [-80.11150905976922, 26.054863415992298], [-80.11162306025868, 26.05486641630127], [-80.11196506015641, 26.05487841603313], [-80.11207906014123, 26.05488241606497], [-80.1121430597211, 26.054287415625932], [-80.11225306048503, 26.0532854147534], [-80.11226206010002, 26.05325341497909], [-80.11228905975777, 26.05322441509059], [-80.11232706031778, 26.05320641516447], [-80.11280106017769, 26.053064414814983], [-80.11286206000314, 26.05304741531975], [-80.11296806062542, 26.053009415117018], [-80.11300606035326, 26.05299641453055], [-80.11318006034499, 26.052943415324453], [-80.11335406051928, 26.052912415092162], [-80.1135530606156, 26.052895414967562], [-80.11369206040757, 26.05289141481764], [-80.11384806102596, 26.052888415142778], [-80.11411006080431, 26.052887414978457], [-80.11425006074843, 26.052887414452766], [-80.11427106113466, 26.052887415086715], [-80.11433506156625, 26.0528874149752], [-80.1143570612184, 26.05288741450415], [-80.11434306140697, 26.053077414530442], [-80.11434006121618, 26.053118415009664], [-80.11456806180962, 26.053113414566194], [-80.11464006147018, 26.053111415356845], [-80.1147850615413, 26.053108414927493], [-80.11545206186858, 26.05308941513861], [-80.11565406218382, 26.053083415199012], [-80.1178760638104, 26.05302541501488], [-80.11987506416042, 26.052955414249247], [-80.12211306634227, 26.05289441442454], [-80.1239910669425, 26.052854414282052], [-80.12501206789082, 26.05282341397557], [-80.12707206925289, 26.052766414262162], [-80.12737006879249, 26.052757414665134], [-80.12737206852718, 26.052878413978505], [-80.12738906860395, 26.054055414865907], [-80.1274300694137, 26.05634941611265], [-80.12746906908735, 26.05839041669658], [-80.12750806935998, 26.060418418307744], [-80.12753506920114, 26.060408418119025], [-80.12755506936485, 26.060399418139276], [-80.12760606928873, 26.060376418306074], [-80.12767006955063, 26.060338418064124], [-80.12778706963259, 26.06032041839252], [-80.12793306942035, 26.06027941847161], [-80.12824206997735, 26.060195417756916], [-80.12858606971952, 26.060110418116246], [-80.12862406973123, 26.060098418044422], [-80.12869507054366, 26.06006841786482], [-80.12873506974942, 26.060067418155246], [-80.1288130699338, 26.060054418318124], [-80.1290800703196, 26.059989417656777], [-80.12909507070812, 26.05998541752574], [-80.12933607014486, 26.059936418006842], [-80.12948907006634, 26.05991341785981], [-80.12952707055477, 26.05990741807662], [-80.12958907027148, 26.05989741819373], [-80.1297050709457, 26.059880418236066], [-80.12989207113435, 26.05985341735095], [-80.1299610710203, 26.05984341797196], [-80.12999307034009, 26.05983541783163], [-80.13007707086702, 26.05983341742091], [-80.13022107060361, 26.059823417565394], [-80.13027407063711, 26.059820417943786], [-80.13035407110124, 26.059820417822888], [-80.13039307057907, 26.05982541757388], [-80.13046907142079, 26.059844417536876], [-80.13057607135404, 26.05989141794466], [-80.1306730716311, 26.059955418233265], [-80.13073207163094, 26.06000441762514], [-80.13076007081811, 26.060032418062292], [-80.13078907125298, 26.060016417942215], [-80.13081807152082, 26.059990417837735], [-80.13083207122007, 26.05997941810579], [-80.1309760713044, 26.05987741752539], [-80.13101107120224, 26.05986241745216], [-80.13102507119437, 26.05985841741623], [-80.13104807181222, 26.05985241811751], [-80.13112707180481, 26.05984241788758], [-80.13124707132637, 26.059836417347828], [-80.13132607172992, 26.059838418068214], [-80.13140007147585, 26.05979841745507], [-80.13146707126357, 26.059773417537738], [-80.13149207172708, 26.059769417737026], [-80.13154507198243, 26.059760418022623], [-80.13170007189649, 26.059761417930705], [-80.13178207160298, 26.059762417394797], [-80.13182107187936, 26.05976541749182], [-80.13189807162662, 26.05978341720869], [-80.1319690722454, 26.05981541725569], [-80.13203507194311, 26.059856417785753], [-80.13209507253445, 26.059903417956654], [-80.13215107203321, 26.059955417963046], [-80.13218107223219, 26.059948418044222], [-80.13224507212429, 26.059885418043088], [-80.1322620725007, 26.059869417710043], [-80.13232307204196, 26.059823417387896], [-80.13239107216678, 26.059784417300634], [-80.13242007184425, 26.05977241719555], [-80.13250307238854, 26.059750417525127], [-80.13254307221945, 26.05974741748728], [-80.13278007213205, 26.05975141720433], [-80.13285907246258, 26.059745417280308], [-80.1329210725025, 26.059725417784815], [-80.13293407273197, 26.059722417964867], [-80.13303707300533, 26.059674417545235], [-80.13306907277277, 26.059697417656253], [-80.13313907262699, 26.059731417619464], [-80.13317607265894, 26.05974441795996], [-80.13325507252563, 26.05975341733726], [-80.13337307297355, 26.059745417290582], [-80.1334500731097, 26.059746417390144], [-80.13348607270926, 26.05972941711693], [-80.13352407276216, 26.059718417636454], [-80.13356307332806, 26.05971241737131], [-80.13360707303487, 26.059710417661062], [-80.13372107335724, 26.059707417236034], [-80.13375607347918, 26.059707417818387], [-80.13396007305116, 26.059705417455586], [-80.13407707324507, 26.059705417858748], [-80.13411607286749, 26.059710417509702], [-80.1341930733101, 26.059727417729295], [-80.1342290734402, 26.05974241739907], [-80.13432607363956, 26.059806417977292], [-80.13443907328413, 26.059909417672348], [-80.13446807391209, 26.05990841723041], [-80.13449807343898, 26.059877417404017], [-80.1346280736818, 26.059747417875474], [-80.13464407334583, 26.059734417841508], [-80.13465807366735, 26.05972341773437], [-80.13472907358987, 26.05968541744683], [-80.13479907329513, 26.059658417521053], [-80.1348380734813, 26.05965041763267], [-80.13495607405248, 26.059644417368524], [-80.13501907380277, 26.059639417063398], [-80.13511807431988, 26.05963341747207], [-80.13519107349482, 26.059633417860038], [-80.13521507381417, 26.059631417014177], [-80.13550607433673, 26.059619417436128], [-80.1356040738221, 26.05961541711045], [-80.13570407393546, 26.059611416959957], [-80.13574407460096, 26.059614417473316], [-80.13581907421536, 26.059638417208635], [-80.13588507393078, 26.059671417097476], [-80.13591807391295, 26.059649417671356], [-80.13595407413786, 26.05963241768134], [-80.1360300740719, 26.05961241757721], [-80.136069074136, 26.059610416984434], [-80.13630607436292, 26.059613417140337], [-80.13634607407622, 26.05961041694773], [-80.13641007473215, 26.059609416961173], [-80.13745307520696, 26.059593417543326], [-80.1375320753346, 26.05959941702625], [-80.13890507584921, 26.059579417107678], [-80.13973707688277, 26.05956741750188], [-80.13982607646899, 26.05956641691441], [-80.13985007663007, 26.059561416831798], [-80.13994307707321, 26.05954541700032], [-80.14010007650022, 26.0595304174587], [-80.1401840767751, 26.059505417219956], [-80.140213076411, 26.059497416792997], [-80.14025007692734, 26.05950141723841], [-80.14029507725604, 26.059514417372494], [-80.14032607666635, 26.059522417627054], [-80.14040507732138, 26.059530417527156], [-80.14073207664381, 26.059525417444988], [-80.14084207686601, 26.059524417549184], [-80.14094507716581, 26.05952241735278], [-80.14119607774906, 26.05951941732053], [-80.14125507743663, 26.05950941712451], [-80.14127407705838, 26.05950741711823], [-80.14131007701364, 26.05951241684738], [-80.14135607790185, 26.059528417457127], [-80.14138407785688, 26.059538416977798], [-80.14139807741938, 26.059541417456675], [-80.14142307789837, 26.059546416736577], [-80.14146207741008, 26.059549416935393], [-80.14153307796975, 26.05954941757541], [-80.14157807798243, 26.059550417135448], [-80.14174307784575, 26.05955241705664], [-80.14224007813185, 26.059558416743553], [-80.14229107805916, 26.059559417425934], [-80.14240607849625, 26.059563416705195], [-80.14244807856741, 26.059564417130677], [-80.14248807814666, 26.059561417037163], [-80.14252607850763, 26.059553417246374], [-80.14254707846442, 26.059545416677942], [-80.14260107845516, 26.059528417200134], [-80.1426390782482, 26.05952941728318], [-80.14267807853075, 26.059540416975878], [-80.14297207888477, 26.05954441706687], [-80.1430330780026, 26.059545417266055], [-80.1430720788047, 26.059540417220457], [-80.143114078954, 26.05953041736445], [-80.14314607813185, 26.059530416814134], [-80.14318407886563, 26.059542416847616], [-80.14322307831873, 26.059549416931468], [-80.14326107812884, 26.059550416851078], [-80.14371207931622, 26.059562417066537], [-80.14381607860109, 26.05956541668349], [-80.14386307901617, 26.05956741665246], [-80.14389707856468, 26.059568417055836], [-80.14390907920027, 26.059730417070842], [-80.14383507920414, 26.059947417567095], [-80.14376707944015, 26.06053441741822], [-80.14363107935843, 26.061121418231014], [-80.14351907901002, 26.061422418178267], [-80.14351207880368, 26.061436417624883], [-80.14350807897333, 26.061445418173744], [-80.1434680785721, 26.06153941768355], [-80.14340907905347, 26.06165741853986], [-80.14335607905564, 26.061762418596015], [-80.14326007868544, 26.06194541869054], [-80.14313707899363, 26.062181418478776], [-80.14297107872527, 26.062436418232412], [-80.14271907892224, 26.06275541833589], [-80.14249407855266, 26.063006418796768], [-80.1424530778709, 26.063046418940754], [-80.1423040786842, 26.063197419266828], [-80.14216307855672, 26.063325418868953], [-80.14243607866763, 26.063365418714145], [-80.14254207838653, 26.063384419085335], [-80.14290707866407, 26.06339041891447], [-80.14302907860721, 26.063393418613714], [-80.14322907891466, 26.063396418986173], [-80.1438290793992, 26.063407418618553], [-80.1440300788527, 26.06341141938378], [-80.14436707970228, 26.063409419389615], [-80.14538007999684, 26.063403419289557], [-80.14571807997287, 26.06340241853396], [-80.14593108078843, 26.063402418708872], [-80.14657208098323, 26.063402419228154], [-80.14678608093574, 26.06340341872198], [-80.14694208075701, 26.063403419005965], [-80.14741308130797, 26.06340341851696], [-80.14757008125456, 26.063404418702987], [-80.14777008156724, 26.063404418832906], [-80.14837208225235, 26.063404418524648], [-80.14857308194094, 26.063404418923927], [-80.14876108206454, 26.063404419118342], [-80.14932508247338, 26.06340441913512], [-80.14951308240013, 26.063405418439405], [-80.14969308273541, 26.0634054190343], [-80.15023308278927, 26.063405418563867], [-80.15041408328122, 26.06340641882146], [-80.15057808301506, 26.063406418927134], [-80.15107308330262, 26.06340641862325], [-80.15123808319578, 26.063407418535217], [-80.15141808358628, 26.0634074187844], [-80.1518150834229, 26.063407418454176], [-80.15195908356031, 26.06340541845444], [-80.1521400837265, 26.06340341898076], [-80.15232508451135, 26.06340041830801], [-80.15288008462971, 26.06339241855437], [-80.15306608455369, 26.0633904183718], [-80.15315208443491, 26.06338741891926], [-80.15341308432158, 26.063377418800872], [-80.15350008435327, 26.063375418778357], [-80.15383808469667, 26.063363418762442], [-80.15485408576566, 26.063329418627678], [-80.15519308590711, 26.063319418761346], [-80.15591808647814, 26.063294418387454], [-80.15697108686672, 26.06325941826718], [-80.15809508715147, 26.06321541840304], [-80.15849308735604, 26.06320041858711], [-80.15876108808897, 26.06318341825359], [-80.15882008755818, 26.063178418569223], [-80.15890108819376, 26.063170418591127], [-80.15893808763603, 26.063167418139795], [-80.15899308812307, 26.063159418279408], [-80.15902508794473, 26.063155418375697], [-80.15912508794844, 26.06314241836219], [-80.15914408805126, 26.06313941862843], [-80.15922508793214, 26.063129418278844], [-80.15928508828227, 26.06312041844789], [-80.15932108863343, 26.06311541821391], [-80.15941708817202, 26.06310241817013], [-80.15946508800508, 26.063095418078408], [-80.15949108854728, 26.06309241843715], [-80.15952508846392, 26.063085418055426], [-80.15981108884655, 26.063034418124637], [-80.15985508822996, 26.06302741808926], [-80.16019208870087, 26.062987418226392], [-80.16068208937914, 26.06296341771997], [-80.16097308900255, 26.062949418168692], [-80.1610260896702, 26.062948418288173], [-80.16118708950061, 26.06294441831066], [-80.16124108939357, 26.062944417930822], [-80.16281909017044, 26.062877418194685], [-80.16292509077444, 26.062881417609034], [-80.16355809082978, 26.062902418251003], [-80.16362809063664, 26.06289941823093], [-80.16384009084673, 26.06288941772756], [-80.16391109088539, 26.062887418040166], [-80.16393709108428, 26.06288641777884], [-80.16401709047749, 26.06288241761625], [-80.16404409091872, 26.062882417804666], [-80.16418409148824, 26.06287641816634], [-80.16412909065143, 26.062705417811518], [-80.16411009136924, 26.062633417554263], [-80.1639200908151, 26.061922417427112], [-80.16345609050533, 26.06043541645592], [-80.16317609075088, 26.05948841608043], [-80.16305109002889, 26.059030416059343], [-80.16297209037198, 26.058701415728184], [-80.16297009039788, 26.05868641627336], [-80.16293208987126, 26.058529416002994], [-80.16273509034012, 26.05771041495913], [-80.16265008991309, 26.05722741487765], [-80.16256208971988, 26.056537414970215], [-80.16248708980416, 26.05575441395764], [-80.16246808967723, 26.05551441395837], [-80.16235708981077, 26.054050413585813], [-80.1623150891968, 26.05359841363888], [-80.16229808997394, 26.053412413090953], [-80.16225008913122, 26.05271741320712], [-80.16219308961585, 26.052003412514285], [-80.16216908916333, 26.0513914124161], [-80.16218608959825, 26.051034412409894], [-80.16219008960877, 26.050895411679505], [-80.16220408920086, 26.05043341140925], [-80.16220608969378, 26.050372411842975], [-80.16222408919988, 26.049996411266896], [-80.16229908948235, 26.049423411279218], [-80.16238408909932, 26.048816410910337], [-80.16239008899407, 26.04877641123375], [-80.16244408913113, 26.04829841017661], [-80.16260808968164, 26.048293410195022], [-80.16264808992047, 26.048291410846403], [-80.16277208921822, 26.04828841092362], [-80.16311808968106, 26.048256410242296], [-80.16325908992502, 26.048242410785626], [-80.1634630897454, 26.04822441015491], [-80.1639660901489, 26.04815241026822], [-80.16410009010815, 26.048133410510566], [-80.16461109057465, 26.048061410433554], [-80.1650340905552, 26.048036410668626], [-80.16548309099024, 26.04802541048755], [-80.16599209187655, 26.048013410492374], [-80.16620909114852, 26.048004410580738], [-80.16659609187536, 26.0479894105717], [-80.16686109158992, 26.04798340982572], [-80.16707909162521, 26.04797941034124], [-80.16718609176493, 26.04797641058254], [-80.16750909255022, 26.04796840981879], [-80.16761709283044, 26.047966410184806], [-80.16771509194182, 26.04796341051099], [-80.16800909213056, 26.047956410394985], [-80.16810809232847, 26.04795541009369], [-80.16832109257223, 26.047945410049902], [-80.16896309274176, 26.047916410038713], [-80.16917709303853, 26.047907410066315], [-80.1693800935863, 26.04790341018029], [-80.1699920939105, 26.047890409697683], [-80.1701960936035, 26.047887409988004], [-80.1703920937279, 26.047879410497593], [-80.17098309462305, 26.047856409693274], [-80.1711800948497, 26.047849410454656], [-80.17122409474622, 26.047847410013624], [-80.171357094532, 26.047844410122945], [-80.17140209457233, 26.047844410142186], [-80.17143909486332, 26.047843410193206], [-80.17155009473504, 26.047840410283666], [-80.17158809421728, 26.047840409805556], [-80.17194509528618, 26.047827410402085], [-80.17219509532394, 26.0478184101502], [-80.17225409554426, 26.047816409618264], [-80.17272309558066, 26.047799409769404], [-80.17301709535742, 26.047789409983245], [-80.1730770957734, 26.047787410328215], [-80.17317209601788, 26.04778440963357], [-80.17321509559822, 26.0477844102721], [-80.17337509530685, 26.04778240972599], [-80.17344709537274, 26.047781410090817], [-80.17366209633666, 26.047779409862482], [-80.17367509623227, 26.047779410222777], [-80.17373509561325, 26.04777940957852], [-80.17377209587535, 26.04777840993345], [-80.17407609580164, 26.047767410037494], [-80.17413509598082, 26.04776540963826], [-80.17442209603824, 26.04775740957958], [-80.17469509694442, 26.04774941019371], [-80.17494809637073, 26.047742409863865], [-80.17503909665966, 26.047740409557594], [-80.17516309631479, 26.04773440952036], [-80.17523209670011, 26.047730409625643], [-80.1760860968286, 26.047687409960492], [-80.17637109717747, 26.047674409474563], [-80.17674909819723, 26.047666410095253], [-80.1767880978687, 26.047665409338503], [-80.17788609880407, 26.0476444097315], [-80.17826509896496, 26.04763740945638], [-80.17831009892694, 26.047635409834214], [-80.17846609851046, 26.047630409476678], [-80.17906909915831, 26.04761340915972], [-80.17927009966458, 26.04760740996729], [-80.17951009883977, 26.047601409093673], [-80.18023410021264, 26.047585409846782], [-80.18047509958886, 26.04758040953148], [-80.18066209977452, 26.047571409902904], [-80.18110410005005, 26.04755040975968], [-80.18122410047555, 26.047545409009988], [-80.18141210083884, 26.047537409662507], [-80.18146610073329, 26.047535409515653], [-80.18181910055726, 26.047524409215832], [-80.18206110091174, 26.047517409016663], [-80.18224110053569, 26.047511409508544], [-80.1823621011709, 26.047507409059282], [-80.18238610143808, 26.047506409431016], [-80.18240510065499, 26.047506409568662], [-80.18253610149843, 26.04750240961841], [-80.18304310098367, 26.04748540893253], [-80.18345110165819, 26.047472409540863], [-80.18395310184317, 26.04745540898351], [-80.18412010251589, 26.047450409604], [-80.18545910299942, 26.04740740885674], [-80.18596210307753, 26.04739140884721], [-80.18616410320246, 26.047384409190737], [-80.18644110374005, 26.047375409101885], [-80.18677310380522, 26.047370408956], [-80.18697610348154, 26.047367408768668], [-80.18718010407689, 26.047361409119482], [-80.18779210378383, 26.047343409331337], [-80.18799710465345, 26.04733840883431], [-80.18823410416667, 26.04732940877649], [-80.18894610486828, 26.047303409283696], [-80.18918410461139, 26.04729540886651], [-80.18937510516469, 26.047289408953336], [-80.18994710576821, 26.047273408597956], [-80.19013910561277, 26.047268408863268], [-80.1901761056728, 26.047267408618644], [-80.19029010538063, 26.047263409199616], [-80.19032810578254, 26.04726340920733], [-80.19035810529017, 26.04726240938774], [-80.19045010525578, 26.047259409375343], [-80.19048110611237, 26.047259408923438], [-80.19050610538801, 26.04725740893023], [-80.19058410625232, 26.047254408901292], [-80.190610105998, 26.047254409279265], [-80.19081510629351, 26.047246408988773], [-80.19143010631235, 26.047224409269695], [-80.19163610688196, 26.047217408997582], [-80.19183210608459, 26.047209409236167], [-80.19242310651889, 26.047187409094118], [-80.19254810654537, 26.047183408919068], [-80.19262010715441, 26.047181408643766], [-80.19265810725383, 26.047179408739755], [-80.19277110676174, 26.047176409088696], [-80.19281010722875, 26.047175408516704], [-80.19312810694582, 26.04716540887646], [-80.19408410831251, 26.04713540879623], [-80.19414310817359, 26.047134408431255], [-80.19424310775597, 26.047131409110346], [-80.1944031084183, 26.047127408515188], [-80.19445410834906, 26.047125408434262], [-80.19460610838954, 26.04712240912634], [-80.19465810870294, 26.047121408333002], [-80.19475910816747, 26.047116408613995], [-80.19506110879969, 26.047104408284476], [-80.19516310862491, 26.04710040854149], [-80.19533110816002, 26.047091408565432], [-80.19545010854951, 26.047086408454877], [-80.19546710829694, 26.04708640837179], [-80.19568210917195, 26.047083408623102], [-80.19574110900602, 26.047082408506988], [-80.19575910897305, 26.047082408543243], [-80.1958351087256, 26.04708240837017], [-80.19600410880363, 26.047081408564882], [-80.19604310922452, 26.04708040892362], [-80.1961631095037, 26.047079408774756], [-80.1962031093239, 26.047079408433913], [-80.19629910878332, 26.047075408794505], [-80.19658610945017, 26.047066408756493], [-80.19666310963845, 26.04705640819781], [-80.19680210902594, 26.04703840858507], [-80.19694710969425, 26.047020408807334], [-80.19854411017243, 26.046973408858314], [-80.19875911027665, 26.046967408730545], [-80.1989051105915, 26.046963408516067], [-80.19905411055787, 26.046959408540594], [-80.19908511117178, 26.046958408846116], [-80.19910911125301, 26.046957408237887], [-80.19925211109098, 26.046954408285092], [-80.1994621110944, 26.046968408479167], [-80.19949511076094, 26.046970408343956], [-80.199521110888, 26.046972408222267], [-80.20056411157543, 26.046930408331836], [-80.20069711172856, 26.046939408771554], [-80.20071911135582, 26.04693840855918], [-80.20078511223439, 26.046935407912944], [-80.20080711185442, 26.046934408589717], [-80.20116111241131, 26.046928408502264], [-80.20161311250249, 26.046922408608033], [-80.20166711204267, 26.046925408618886], [-80.20222311285154, 26.046936408355815], [-80.20243411244604, 26.046941407942754], [-80.20250611275411, 26.04694340855061], [-80.20257711285237, 26.046945408113668], [-80.20275611343293, 26.046950408380393], [-80.20281411267598, 26.046952408275978], [-80.2032951129795, 26.04696640814032], [-80.20347511309785, 26.046972408618306], [-80.20355211356325, 26.046974408298126], [-80.20378311321602, 26.046981408085784], [-80.20386111315078, 26.046984408698787], [-80.20393211382978, 26.04698440829978], [-80.20414711379166, 26.046986408175602], [-80.20421911393866, 26.046987407828148], [-80.2042881141782, 26.046987407966714], [-80.20449811405302, 26.046989408658213], [-80.20456811376948, 26.046990407950712], [-80.20463611405204, 26.046987408430454], [-80.20479011409968, 26.046979407998528], [-80.20484011464939, 26.0469774077692], [-80.20490911438985, 26.046975408308015], [-80.20492911455929, 26.046974408181296], [-80.20500411437652, 26.04697140820422], [-80.205145114764, 26.046968408557873], [-80.20523011403199, 26.046962408126767], [-80.20530611455526, 26.04695740788034], [-80.20547911445743, 26.0469444078417], [-80.20600011517448, 26.046908407853802], [-80.20605711444647, 26.04690340836304], [-80.20609911493162, 26.0469004078488], [-80.2061741146481, 26.046893407758365], [-80.20637311527962, 26.04687340802188], [-80.20674111482346, 26.04683740763875], [-80.20693411522925, 26.046818407670784], [-80.20696411575936, 26.046814407707597], [-80.20717111583254, 26.04679040795686], [-80.20725011549746, 26.0467804081954], [-80.20748711596364, 26.046752407959286], [-80.20756711534135, 26.04674440829663], [-80.20760711575808, 26.04673940789945], [-80.2077291154223, 26.046724407673928], [-80.20777011631115, 26.04672040830788], [-80.20781811618944, 26.046714408300268], [-80.20791411620606, 26.046703408340154], [-80.20805811633801, 26.04668740833126], [-80.20827911661027, 26.04668340815809], [-80.20835311625278, 26.046681408277294], [-80.20840611585582, 26.04668140810648], [-80.2084521165081, 26.04817640900751], [-80.2084521164459, 26.048244408705166], [-80.20869811698499, 26.04827440850615], [-80.20868111674476, 26.048355408455667], [-80.2085621161163, 26.048871409148543], [-80.2084851159976, 26.049087409005683], [-80.20850211671058, 26.049739409551268], [-80.20843711648752, 26.04990740975982], [-80.20842811682994, 26.04992740940124], [-80.20840511609683, 26.049988409577058], [-80.20839711595127, 26.05000940938019], [-80.2083401159769, 26.05016140933668], [-80.20828711608267, 26.050303409418134], [-80.20802911624305, 26.050316409694563], [-80.20766611575705, 26.050335409977837], [-80.20736211608451, 26.050336410013912], [-80.20740411595216, 26.051773410457614], [-80.20748511567739, 26.052707411401993], [-80.20745511628363, 26.05343541141869], [-80.20746711623346, 26.053828411308533], [-80.20747111651424, 26.0539704114753], [-80.20765911628493, 26.053970411408613], [-80.20963611702288, 26.053916411866826], [-80.21488612013862, 26.053775411613383], [-80.21506412033978, 26.05377041111034], [-80.21483012010533, 26.047555408271435], [-80.21476111982635, 26.046488407226366], [-80.2148021201029, 26.046486407865718], [-80.21485712043707, 26.046484407872523], [-80.21490411969349, 26.04648140759194], [-80.21493212047076, 26.046480407140294], [-80.21498212003948, 26.04647940800305], [-80.21503211994536, 26.046476407741796], [-80.21512612044714, 26.046473407370815], [-80.21516511995623, 26.04647340716968], [-80.21530411993864, 26.046472407685304], [-80.21605312103311, 26.046471407515153], [-80.21650612065629, 26.046476407234657], [-80.21690712133635, 26.046482407152734], [-80.21691512124043, 26.046300407361954], [-80.21692212105462, 26.046127407586606], [-80.2169121211686, 26.045971407662474], [-80.21690512122673, 26.045850406855223], [-80.21689912127269, 26.045754406829793], [-80.21688812145464, 26.045573407015684], [-80.21688412081006, 26.045431406752318], [-80.21687212094804, 26.045008407170215], [-80.21686912087723, 26.044867407008617], [-80.21758312168704, 26.044849406681475], [-80.2197281226184, 26.044797406316807], [-80.22044412365494, 26.044780406348448], [-80.22060412329535, 26.044785406464086], [-80.22108512368904, 26.044803406045656], [-80.22124612338122, 26.044810406538744], [-80.22156912362064, 26.044805406791806], [-80.22254112468863, 26.044792406031572], [-80.22286512489354, 26.044789406267054], [-80.22301612504168, 26.044787406012915], [-80.22338312465378, 26.044783406101722], [-80.22347012474303, 26.044791406205718], [-80.22362112524033, 26.044807406298286], [-80.22369712542262, 26.044828406268625], [-80.22386412511135, 26.044885406113934], [-80.22397612520874, 26.044924406282938], [-80.22409312553108, 26.04495640631792], [-80.22421312582327, 26.04497940608606], [-80.22439612554597, 26.044998406046407], [-80.224519125252, 26.045001406036793], [-80.22461912528638, 26.044997406292644], [-80.22464112584085, 26.044997406145757], [-80.22487412551492, 26.044967406095008], [-80.22487512572678, 26.045010406031828], [-80.22487812635839, 26.045139406743367], [-80.22488012578107, 26.04518240662543], [-80.22488112589885, 26.045220406940214], [-80.22488412568434, 26.0453354061797], [-80.22488512635665, 26.045360406942628], [-80.22491412635637, 26.045355406785074], [-80.22499012599562, 26.045328406476447], [-80.22693612692763, 26.04526940666853], [-80.22878612771564, 26.045213406354993], [-80.22893412790205, 26.045209406258518], [-80.23092012990553, 26.04514940635099], [-80.23091812944926, 26.04490040644116], [-80.23090912938464, 26.043281405067024], [-80.2309041296873, 26.04234240457961], [-80.23088412892709, 26.04231040482567], [-80.23087112888888, 26.04226440475616], [-80.23087012918879, 26.042214404972018], [-80.23087012876978, 26.041807404296005], [-80.23087012926551, 26.04167240444054], [-80.23126112926595, 26.0416634041757], [-80.23243512973275, 26.0416354040386], [-80.23282713024373, 26.04162740404966], [-80.23283312999311, 26.041768404854835], [-80.23285413056296, 26.042176404450665], [-80.23286113064731, 26.04219240451042], [-80.23292213080683, 26.042321404551362], [-80.23311413095907, 26.042130404477042], [-80.23369213051284, 26.041558404313875], [-80.2338851308343, 26.041368404051173], [-80.23393313151045, 26.041324403895302], [-80.23407613114301, 26.04119240433049], [-80.23412513135032, 26.041149404097503], [-80.23427413110734, 26.041012404011827], [-80.23472213096589, 26.040602403675795], [-80.23487213200373, 26.04046640383712], [-80.23524813207567, 26.040104403745442], [-80.23623713273433, 26.039158403175765], [-80.23638113274657, 26.039023402558325], [-80.23676513294158, 26.0386694026197], [-80.2371271329323, 26.03837540289593], [-80.23741013250205, 26.038146402017297], [-80.2377821330356, 26.037928401955707], [-80.23810113350874, 26.037759401984747], [-80.23832413300998, 26.03766140199129], [-80.23875213322229, 26.037476402073278], [-80.23888113382577, 26.037422401650225], [-80.23927113444223, 26.037262402141536], [-80.23940113426544, 26.03720940210049], [-80.23985213442467, 26.037013401408583], [-80.24006513398488, 26.036921401762914], [-80.24072813436395, 26.03663340117878], [-80.24119613472618, 26.036441401125142], [-80.24120913514746, 26.0364354010567], [-80.24166413502127, 26.036248401221133], [-80.24187213497774, 26.036161401135367], [-80.24249813557574, 26.03590440094077], [-80.24270713602682, 26.0358184013714], [-80.24310313617174, 26.035646400687664], [-80.24429213687279, 26.035130400824347], [-80.24468913716649, 26.03495940013622], [-80.2447021372473, 26.0349534006473], [-80.24472213702396, 26.034945400521934], [-80.24474113708298, 26.03493640047487], [-80.24475413716449, 26.03493040007857], [-80.24479913754716, 26.034911400348673], [-80.24514913728757, 26.03475840017172], [-80.24584513739002, 26.034455400139223], [-80.24614113778603, 26.034290400467597], [-80.24630813816609, 26.03418840034797], [-80.24634513826629, 26.03416640048967], [-80.24663913762228, 26.033969400276014], [-80.24666713815681, 26.033948399552084], [-80.246885137998, 26.033786399924356], [-80.24697813788406, 26.033696400009305], [-80.2470431381279, 26.033635399910874], [-80.24720613802297, 26.03350339986035], [-80.24730913879544, 26.033433399855358], [-80.24750913826882, 26.03331939918664], [-80.24762013849016, 26.03327039958499], [-80.24774213860812, 26.033219399177238], [-80.24802413919402, 26.033134399098852], [-80.24804613889654, 26.033128399200624], [-80.24839313869609, 26.033060399115826], [-80.24841813880165, 26.033059399068286], [-80.24843913947042, 26.033058398974408], [-80.2485031392033, 26.033056399459937], [-80.2485251396034, 26.033056399246913], [-80.24852413877825, 26.032952398885982], [-80.24852213928641, 26.032680399274774], [-80.2485231387419, 26.032642399401734], [-80.24852913926337, 26.032539399451483], [-80.24854113889539, 26.032281399247125], [-80.24854513945938, 26.03221739858607], [-80.24857613896097, 26.031866398504437], [-80.24858613965256, 26.03175839893433], [-80.24862213906401, 26.031514398662544], [-80.24866013925987, 26.031260398649177], [-80.24866113949432, 26.031249398127898], [-80.24866613936956, 26.03121639883502], [-80.2486681393212, 26.031206398205825], [-80.2487251392653, 26.031207398614818], [-80.24882113910515, 26.0312103988746], [-80.24890013936746, 26.031213398264242], [-80.2489581390402, 26.03121539847207], [-80.24899713931455, 26.031216398189912], [-80.2490281398361, 26.031217398746], [-80.24907513948736, 26.03121939860468], [-80.24911613894977, 26.031220398750687], [-80.24915613994992, 26.03122239832005], [-80.24922813994667, 26.031224398053798], [-80.25077714007114, 26.031185398312555], [-80.25136814076362, 26.03116439826605], [-80.25284914194545, 26.031112398033834], [-80.25434814280138, 26.03106039785401], [-80.2551591432749, 26.031038397979007], [-80.25654914377697, 26.030995398038808], [-80.25800414514362, 26.03095039783742], [-80.26021714583696, 26.030883398049383], [-80.2604481463586, 26.030875398046575], [-80.26070714616758, 26.030868397518653], [-80.26114114697094, 26.030854397954403], [-80.26137314622702, 26.030847398078464], [-80.26200614681646, 26.03082739774343], [-80.26355914763192, 26.03078039767297], [-80.2639041480385, 26.03076939776906], [-80.2645911489534, 26.030749397593627], [-80.26458814863749, 26.030554397449425], [-80.26456314819637, 26.029899397058884], [-80.26449114830271, 26.02893739638779], [-80.26448014862389, 26.028754396547676], [-80.26444714802844, 26.028208396425388], [-80.26443714828483, 26.02802639635238], [-80.26443114799302, 26.027922396528368], [-80.26441614836675, 26.027610396076156], [-80.26441114817113, 26.02750639592079], [-80.26440814819983, 26.027443396121072], [-80.26440114794933, 26.027256395388203], [-80.26439914780761, 26.027194395372405], [-80.26439614867564, 26.02711139602871], [-80.26438714831568, 26.026862395269035], [-80.26438414819543, 26.026779395916584], [-80.26436114836456, 26.026078394764465], [-80.26429214835491, 26.023977393843165], [-80.26427014795729, 26.023277394017168], [-80.26426914756033, 26.023262393545426], [-80.26426814841129, 26.023217394197633], [-80.26426814780221, 26.02320339351255], [-80.2642621475813, 26.023042393485778], [-80.26424514800536, 26.022559393064654], [-80.2642401478427, 26.022398393601527], [-80.26423214831257, 26.022259393093588], [-80.26421114736394, 26.021844393500466], [-80.26420414766282, 26.02170639276904], [-80.26419914820782, 26.021563392624284], [-80.26418614790882, 26.021134392416148], [-80.26417914815437, 26.02098439301724], [-80.2641771473102, 26.020942392507347], [-80.26417214827266, 26.020847392382148], [-80.26414914798292, 26.020282392574803], [-80.26415514758824, 26.020197391800746], [-80.26415314786917, 26.020138392068976], [-80.26414614809651, 26.01988139222698], [-80.2641411477526, 26.01970939235745], [-80.2641371473948, 26.01956639184476], [-80.26413014805401, 26.01942339140665], [-80.26410914785419, 26.018995391983154], [-80.2641021473213, 26.018853391641375], [-80.26409614802841, 26.01871039176718], [-80.2640811474193, 26.018280391025957], [-80.26407614790661, 26.018138390928645], [-80.26407114736921, 26.017992391270564], [-80.2640561473262, 26.017556390709668], [-80.26405214755589, 26.01741139083333], [-80.26404814709532, 26.017273390845812], [-80.26403714771803, 26.016859390553527], [-80.26403414700854, 26.01672239034397], [-80.26402814726474, 26.01656939018837], [-80.26401314726948, 26.01611338996997], [-80.26400814728278, 26.01596139049277], [-80.26398914696492, 26.015396389916727], [-80.26393214718338, 26.013703389068358], [-80.26391314706557, 26.01313938843619], [-80.26390914698422, 26.013029388870372], [-80.26389714678002, 26.01269938835804], [-80.26389414765629, 26.012589388466335], [-80.26388414726165, 26.01234638823054], [-80.26385514668415, 26.011619388285887], [-80.26384614708446, 26.01137738781273], [-80.26384314711218, 26.011316388104163], [-80.26383614706903, 26.011133387424007], [-80.26383414678824, 26.011073387502574], [-80.26382814693864, 26.010996387830104], [-80.26381014744017, 26.0107653870022], [-80.26380514729668, 26.01068938711549], [-80.26379514719181, 26.010561387388826], [-80.26376614693469, 26.010181387427], [-80.26375714657514, 26.01005438748019], [-80.2637461470876, 26.009805386797826], [-80.26371414723242, 26.009060386404492], [-80.26370414653229, 26.008812386376306], [-80.2636961467638, 26.008617386382024], [-80.26367514724775, 26.00810638579555], [-80.2636631470665, 26.00781238559855], [-80.26362914670398, 26.00598938493951], [-80.26361714675352, 26.00528438502633], [-80.26361314708335, 26.00514538470264], [-80.26360414671238, 26.0047283845445], [-80.26360114693092, 26.00458938388663], [-80.26359714641485, 26.004433384287633], [-80.26358614676734, 26.003965384254908], [-80.26358314613573, 26.003809384319027], [-80.26357714684261, 26.00364138396756], [-80.26356014664034, 26.003138383573738], [-80.26355514699756, 26.00297138390056], [-80.2635531467561, 26.00292838317496], [-80.26354914673314, 26.002799383061745], [-80.26354814610193, 26.00275738302846], [-80.26354414667266, 26.002642383635067], [-80.26353214643312, 26.00229738272639], [-80.26352814677934, 26.00218338344068], [-80.26352314661769, 26.002043383264013], [-80.26350914629143, 26.001626382743922], [-80.26350514675894, 26.001487382352916], [-80.26350314664495, 26.001460382573335], [-80.26350014684009, 26.001379382267526], [-80.26349914632888, 26.001353382278516], [-80.26349714646165, 26.00132538238362], [-80.26349314606358, 26.00124338228028], [-80.26349214679703, 26.001216382181042], [-80.26346814600444, 26.000726382682583], [-80.26339814642883, 25.999259381899606], [-80.26337514579411, 25.998770381160064], [-80.26334614591973, 25.99786538080759], [-80.2632591458901, 25.99515437955629], [-80.26323314571026, 25.994301379366394], [-80.26101114421738, 25.994295378880025], [-80.26018614411083, 25.99429537873432], [-80.26014914417895, 25.9942953790402], [-80.2577141430461, 25.994366379115874], [-80.25699814253045, 25.994388379263704], [-80.25693714221926, 25.994390379354876], [-80.25689114193692, 25.99439137964328], [-80.25687014251213, 25.994391379171308], [-80.25633914143634, 25.99440037982358], [-80.25621714209538, 25.994403379314228], [-80.25568114173963, 25.994426379640696], [-80.25468514074137, 25.99447637918254], [-80.25413414052412, 25.99450437919133], [-80.2540201403482, 25.994510379607362], [-80.25368014065926, 25.994527379691583], [-80.25356713990602, 25.994534379606236], [-80.25272413989724, 25.99457938005191], [-80.25019613840963, 25.994714379579996], [-80.24935413765212, 25.9947603800736], [-80.24916213725307, 25.994765379712945], [-80.24858913759357, 25.99478238028547], [-80.24839813719217, 25.994789379820702], [-80.24823613763361, 25.994793379652847], [-80.24774913700337, 25.99480837951104], [-80.24758813681379, 25.99481338031809], [-80.24754413629974, 25.994813379793246], [-80.24746913708472, 25.994814379668092], [-80.247414136938, 25.994814379644236], [-80.24737113633785, 25.9948113803148], [-80.24732513673986, 25.99481537970903], [-80.24727813686891, 25.994815379742917], [-80.2472071361686, 25.994815380317444], [-80.24716613662615, 25.99481638006597], [-80.24636113630187, 25.994826380051233], [-80.24540613509119, 25.99483937962064], [-80.24394813464168, 25.99482938033157], [-80.24314413391335, 25.994825380472776], [-80.24219713391275, 25.994836379722585], [-80.23935913151128, 25.99487038049297], [-80.23841413142223, 25.9948823800296], [-80.23765213061628, 25.99489238009472], [-80.23536612947873, 25.99492538090182], [-80.2346051287733, 25.994936380230644], [-80.23402612913682, 25.994948380998647], [-80.23394012875626, 25.994950380696974], [-80.23375512830282, 25.994955380689767], [-80.23290612794857, 25.99497538066184], [-80.23209312779548, 25.994975380388887], [-80.23194512732532, 25.99497438065525], [-80.23128012724929, 25.994974380846514], [-80.23103612655626, 25.994975381058037], [-80.23030712676707, 25.994982380302357], [-80.23006512659768, 25.994985380718585], [-80.22996212685239, 25.99498738053117], [-80.22965312648442, 25.994997380873333], [-80.22955112598423, 25.995000380411007], [-80.22947112624323, 25.995002380528287], [-80.22923112647867, 25.995009380723445], [-80.22915212598211, 25.995012380685043], [-80.22907112598317, 25.995013380553804], [-80.22882912622683, 25.995017380819387], [-80.22874912547435, 25.995019380531442], [-80.22864812518941, 25.995023380363563], [-80.22834612591822, 25.99503938071375], [-80.22824612531154, 25.99504538040578], [-80.22803512524318, 25.995050380573595], [-80.2274061245587, 25.995066380845063], [-80.22719612467858, 25.995072380728423], [-80.22695512503812, 25.995077380602005], [-80.22623412437889, 25.99509638082324], [-80.22599412390574, 25.995102380939805], [-80.22585012366778, 25.995108380905727], [-80.22542112367054, 25.99512738077773], [-80.22527812360018, 25.995134381127386], [-80.22520212332023, 25.995137380555384], [-80.22507012398987, 25.995142380732236], [-80.22498212371998, 25.995146380853537], [-80.2247821232091, 25.995156380703186], [-80.22462912323788, 25.995163380971775], [-80.22447612325298, 25.99517038107809], [-80.22444712351275, 25.99517038083924], [-80.22435812299581, 25.995173381423907], [-80.22424012316505, 25.995177380884297], [-80.2243961235515, 25.99502038132172], [-80.22472812339156, 25.994689380450026], [-80.22486112313494, 25.99453138061942], [-80.2254141241805, 25.993877380772684], [-80.22561112346519, 25.993632380119987], [-80.22594212432736, 25.993190380177985], [-80.22608712376994, 25.993009380294748], [-80.22648012461963, 25.9923903794938], [-80.22649712443572, 25.992365379140807], [-80.22690612466496, 25.991772378868752], [-80.22698312415957, 25.99164837930056], [-80.22725212423043, 25.991214378692188], [-80.22755812469214, 25.990687378709158], [-80.22784812451305, 25.9902063780974], [-80.22800412465558, 25.989864377889603], [-80.22823812475464, 25.989373377876042], [-80.22858012491275, 25.98853937760471], [-80.22893312549667, 25.987601377192227], [-80.22925912578224, 25.98655637681058], [-80.22940712608442, 25.985955375923496], [-80.22963812559635, 25.98496037582267], [-80.22972512577199, 25.984482374981518], [-80.2297981256747, 25.983958375528463], [-80.22982712576466, 25.983754374934854], [-80.22991812603246, 25.98285237491086], [-80.22994512548425, 25.982489374391925], [-80.22996912540057, 25.981903374003423], [-80.22996812536283, 25.981768374060927], [-80.22996612575879, 25.981218373843696], [-80.22994212547114, 25.980714373678094], [-80.22992712525252, 25.980210373535403], [-80.22990212588411, 25.979348373120974], [-80.22981912550166, 25.9775063714972], [-80.22978812553434, 25.976735371829285], [-80.22975012536612, 25.975334370851648], [-80.22973812568915, 25.97513437067794], [-80.22964112496403, 25.97344436963742], [-80.2296321256603, 25.97323236955779], [-80.22962712507906, 25.97311136963644], [-80.22960612490374, 25.97259936951969], [-80.22959812475422, 25.972388369433606], [-80.2295911246664, 25.97224136939988], [-80.22950012487108, 25.972243369019097], [-80.22864812452165, 25.972264368905957], [-80.22781512381538, 25.97228236911704], [-80.22697712391867, 25.972291369288826], [-80.22556312290784, 25.97230736964818], [-80.22500512199531, 25.97231336938017], [-80.2246341225383, 25.97232636958489], [-80.22448512213535, 25.972332368981167], [-80.22397712209523, 25.97233236930568], [-80.22312712140955, 25.972335369692566], [-80.22282512090736, 25.972325369216904], [-80.22139153876617, 25.972292629661172], [-80.21441988046845, 25.972388955363584], [-80.21426111615992, 25.972405369843514], [-80.2140341162615, 25.97243436994435], [-80.21382511609062, 25.972449370204167], [-80.21348111611633, 25.97244936963405], [-80.21310249930146, 25.972426359777508], [-80.20627831362762, 25.972651568412335], [-80.20622411173875, 25.972656370094786], [-80.20601511139638, 25.972689370083476], [-80.20560011088435, 25.972732370413425], [-80.20448411077673, 25.972780370211513], [-80.20399011023542, 25.972852370852294], [-80.20323410977626, 25.972876370136262], [-80.20287810923348, 25.972889370879894], [-80.2024481090625, 25.97290337017338], [-80.20229510867514, 25.972908370566596], [-80.20208810854439, 25.972914370173914], [-80.20183710881295, 25.972922370769428], [-80.20168510922257, 25.972928370731147], [-80.2009541081753, 25.972949371083487], [-80.19971110764277, 25.97298837102565], [-80.19876310665113, 25.97301937083463], [-80.19803410644982, 25.973042370420735], [-80.19442710464905, 25.973178370845453], [-80.19101610243015, 25.97323037123906], [-80.19084410242785, 25.97323737086315], [-80.19039410203902, 25.973241371208058], [-80.18672509991329, 25.973334371220744], [-80.18640409940383, 25.97334337145932], [-80.186283099919, 25.97334637119904], [-80.18621309958961, 25.97334837137052], [-80.18564109957184, 25.973362371494233], [-80.18545109941118, 25.97336837161861], [-80.18535809931035, 25.973369371796377], [-80.18508009851006, 25.9733713711721], [-80.18498809909872, 25.973373371439195], [-80.18486009922123, 25.97337437186956], [-80.18447809897825, 25.97337937132726], [-80.18435109878713, 25.973381371632797], [-80.1842850987081, 25.973382371643872], [-80.18408909874871, 25.973386371147257], [-80.18402409834944, 25.973388371367427], [-80.18377509809402, 25.973394371504], [-80.18302909807075, 25.97341537170251], [-80.1827810975007, 25.97342337147248], [-80.18276509808075, 25.973424371498762], [-80.18269509799889, 25.97343037130221], [-80.1826280976875, 25.973436371766347], [-80.18217109741232, 25.97347737145207], [-80.18201909714563, 25.97349137143979], [-80.18189609721865, 25.973493371436266], [-80.18152909675229, 25.973501371488773], [-80.18140709647838, 25.973504371414602], [-80.18122609628972, 25.973494371837837], [-80.18109009644924, 25.973493371294353], [-80.18099609655124, 25.973492371819518], [-80.18068309616933, 25.973484372102813], [-80.18050309599232, 25.973479371504265], [-80.18012509656896, 25.973479371647166], [-80.17899109543967, 25.97347937155014], [-80.17865309484387, 25.97347937180147], [-80.17576012091043, 25.97353276338662], [-80.17450385914422, 25.97357294045741], [-80.17450309320408, 25.973573372055636], [-80.17449309228672, 25.973575372089833], [-80.1744700926588, 25.973578372099517], [-80.17443509288249, 25.97357837193219], [-80.17441309282296, 25.9735783718989], [-80.17439709232642, 25.973578371787976], [-80.17435009242641, 25.973578371742793], [-80.1743350925208, 25.973578371917572], [-80.17428909221357, 25.973578372139578], [-80.17415409307914, 25.973578371794474], [-80.1661867203747, 25.973682611991972], [-80.16612462340456, 25.973684640747585], [-80.16598608778183, 25.973722372697143], [-80.16594608734204, 25.973733372602847], [-80.16591508736408, 25.973742372709566], [-80.16572908766567, 25.973792372788196], [-80.16559408766919, 25.973834372477913], [-80.16539708733814, 25.973896372242773], [-80.16518108697989, 25.97389437274668], [-80.1650410876995, 25.973894372959364], [-80.1644930865412, 25.97391037298663], [-80.16284908646008, 25.973958372351692], [-80.16230208539584, 25.973975372666736], [-80.1618960857258, 25.973986372736935], [-80.16067908479927, 25.974021373003133], [-80.16027408441207, 25.974033372610418], [-80.15986508381314, 25.97404337292554], [-80.15863908323549, 25.974074372850644], [-80.15823108293182, 25.97408537265544], [-80.15812208364713, 25.974088372580795], [-80.15779808269019, 25.974096372952623], [-80.15769008285304, 25.974100373056555], [-80.15758908331293, 25.97410337310578], [-80.15743908245969, 25.974107373144196], [-80.15733708245163, 25.974109373407067], [-80.15658308268692, 25.974129372722768], [-80.15633208206576, 25.97413737279518], [-80.15630908236584, 25.974137373205913], [-80.15624008198797, 25.974139372810864], [-80.15621808174096, 25.974140372819512], [-80.15603208223891, 25.97414537282549], [-80.15547608186297, 25.97416037313824], [-80.1552910817655, 25.974166372710293], [-80.15507608178189, 25.974172372913078], [-80.15443108074669, 25.974190373400862], [-80.154216080708, 25.974196373226302], [-80.15412408125242, 25.974200373007935], [-80.15385108080689, 25.974211373178598], [-80.15376008076002, 25.974216373259154], [-80.15354108077108, 25.97422537337143], [-80.15288608049981, 25.974254372795397], [-80.15266807982417, 25.97426437302301], [-80.15258208038983, 25.97426537324514], [-80.15232707988197, 25.974268373111077], [-80.152242079861, 25.97427037367214], [-80.15218207992403, 25.974271373412062], [-80.1521420800889, 25.974271372855988], [-80.15212207998684, 25.97427237312707], [-80.15193307980026, 25.97427537353824], [-80.15184307998149, 25.97427637334674], [-80.15174407961159, 25.974278373702308], [-80.1514410796176, 25.9742913733061], [-80.15053307910726, 25.974329373163574], [-80.15023107830305, 25.974343373487997], [-80.15021107837822, 25.97434337339268], [-80.1501540789924, 25.974345373764955], [-80.1501350784694, 25.97434637331229], [-80.1497210778025, 25.974360373729972], [-80.14848107779252, 25.97440137322236], [-80.14806807723176, 25.974416373084132], [-80.14802507695121, 25.974405373360245], [-80.14790807678503, 25.974416373454588], [-80.14786907730519, 25.97441737319538], [-80.14782907687439, 25.9744153739456], [-80.14778207727966, 25.974413373184372], [-80.14764307668334, 25.974407373551664], [-80.14759707746916, 25.974406373308923], [-80.14757507656746, 25.974405373597705], [-80.1469210770509, 25.97443437352677], [-80.14626007664413, 25.974465373626252], [-80.14612007572558, 25.97447137326999], [-80.1459960765716, 25.974476373231443], [-80.14595407603987, 25.97447837380301], [-80.14562707568511, 25.974479373599216], [-80.14472807484641, 25.974481373788468], [-80.14447807531053, 25.97450337324398], [-80.14385407524853, 25.97450637331366], [-80.14368007467026, 25.974513373545804], [-80.14350607507633, 25.97452037357411], [-80.14213007336042, 25.974685373734577], [-80.13405406887901, 25.974875374285674], [-80.13398706913313, 25.974877374330553], [-80.1338720693489, 25.97487737390967], [-80.13386706876231, 25.974119373740987], [-80.13315806886035, 25.97412937388788], [-80.13041606704887, 25.974236374150433], [-80.12808006587439, 25.974328374678716], [-80.12387906276933, 25.974493374104405], [-80.12383506306243, 25.974561374373348], [-80.12379406277404, 25.974625374341432], [-80.1237930625457, 25.9746363747835], [-80.12377106268455, 25.974899374864062], [-80.12375606324233, 25.975090375036263], [-80.12348606305532, 25.975101374792892], [-80.12331406247043, 25.97511237473058], [-80.12295406277859, 25.97511537445655], [-80.12282806209866, 25.97511837469659], [-80.12256406211262, 25.975125375308924], [-80.12221506195036, 25.975135374680896], [-80.12149306157569, 25.975154374941873], [-80.12124806186473, 25.97516137475976], [-80.1208500613374, 25.975173374956295], [-80.11983406062218, 25.97520137497223], [-80.11957306012171, 25.975206374627682], [-80.11947006009711, 25.97520937467078], [-80.11900506023974, 25.975221374608456], [-80.11808606011168, 25.97525137533053], [-80.11615005822473, 25.975313375602294], [-80.11601805830219, 25.975323375462775], [-80.11529905772429, 25.975327375179326], [-80.11529735574732, 25.97532742344451], [-80.11484583885581, 25.984444189366958], [-80.1152970588883, 25.986350381008002], [-80.11521605883864, 25.987008381637906], [-80.1146140582125, 25.991902383389682], [-80.11454205857854, 25.992486384165733], [-80.11438363772176, 25.993776709388886], [-80.11399853316388, 26.001552534175566], [-80.11257403696334, 26.008435461843224], [-80.11232105814337, 26.010478393458023], [-80.11211673575717, 26.012123698292545], [-80.1103883434646, 26.03756799852626], [-80.10835246894983, 26.05476997502946]]]}, "properties": {"OBJECTID": 1, "LONGNAME": "District 1", "SHORTNAME": "D1", "DISTRICT": 1, "SHAPE_STAR": 1267165636.61, "SHAPE_STLE": 175021.754238, "GLOBALID": "{EBA0945B-1381-4084-B799-71DDBD92104D}", "CREATED_USER": null, "CREATED_DATE": null, "LAST_EDITED_USER": null, "LAST_EDITED_DATE": null, "Shape__Area": 1267165636.60599, "Shape__Length": 175021.754237873, "district": 1}}, {"type": "Feature", "id": 7, "geometry": {"type": "Polygon", "coordinates": [[[-80.07422538208955, 26.281073044009247], [-80.07413219463142, 26.28331650267847], [-80.07129321204799, 26.320965553067204], [-80.07215004992467, 26.320965552502138], [-80.07306905054806, 26.32096555248363], [-80.07340056556737, 26.320983418942674], [-80.07573415254099, 26.320923452664015], [-80.0757380514494, 26.320919552537394], [-80.07577063510078, 26.320922514504314], [-80.07680061021932, 26.32089604764472], [-80.07680605250813, 26.320895552880767], [-80.07681374910555, 26.320895709843676], [-80.07745079063304, 26.320879339138912], [-80.0777820533424, 26.320866552617513], [-80.07938805374707, 26.320788552904187], [-80.07942825003337, 26.320828524836212], [-80.08774085445533, 26.32061491358652], [-80.088152025605, 26.320865351760716], [-80.08832723225625, 26.321211774960556], [-80.08836905940638, 26.32126555237566], [-80.08842405912432, 26.321335552350607], [-80.08842905904507, 26.32134755219308], [-80.08853305969342, 26.32160855283963], [-80.08853709790961, 26.32162672464327], [-80.08866232560024, 26.321874328838955], [-80.08866561405087, 26.321885159799603], [-80.0887620599036, 26.32201755316901], [-80.08878105931191, 26.322049552627384], [-80.08881205985892, 26.3221165523251], [-80.0888250594733, 26.322156552820704], [-80.08886605967389, 26.32227755262316], [-80.08889405984105, 26.32236155296184], [-80.08890506009638, 26.322394553062306], [-80.08892806004042, 26.3225025533959], [-80.08894006017141, 26.322622552966465], [-80.0889500593989, 26.322711552853995], [-80.08895505942114, 26.322755553228404], [-80.08895305998925, 26.32282855286108], [-80.08895271346586, 26.32283072675061], [-80.08901201109741, 26.323026023940255], [-80.08906346261601, 26.32345443615018], [-80.08907505953717, 26.32349555321021], [-80.08907305936889, 26.323532553910965], [-80.0890729164286, 26.323533157723283], [-80.08912426487008, 26.3239607126988], [-80.08927845451325, 26.324608185396276], [-80.08984893288242, 26.325221676085103], [-80.09010006039972, 26.325345554599405], [-80.09078306123547, 26.325555554289394], [-80.09091406071138, 26.325616554748752], [-80.09095906057613, 26.3256445543516], [-80.09104906143558, 26.32571555420306], [-80.09114906076121, 26.325774554565648], [-80.0912590609313, 26.32581855439486], [-80.09137062423792, 26.32596116148085], [-80.0915394638521, 26.32602326587287], [-80.09205513579383, 26.326350008646543], [-80.0927333964481, 26.32628231664627], [-80.09321417080899, 26.325962112722834], [-80.09379549808529, 26.325609036723037], [-80.09385406286525, 26.32556655386355], [-80.09387906250544, 26.325549554052404], [-80.09391306291101, 26.325530554171547], [-80.09400606230908, 26.325462553947766], [-80.09406206305839, 26.325411554405555], [-80.09409306296313, 26.325389554335455], [-80.09413206273021, 26.325381554004313], [-80.09415360626977, 26.325374795411264], [-80.09473663706488, 26.324966001628248], [-80.09521851763881, 26.324502054592354], [-80.09566352371519, 26.323642872070266], [-80.09598726624681, 26.323034183260233], [-80.09622917421203, 26.322676697989323], [-80.09623559445926, 26.322674213974715], [-80.09625306378423, 26.322633552338036], [-80.0963470637126, 26.32247255246365], [-80.09637206356058, 26.322444552580798], [-80.09643806412315, 26.322404552399476], [-80.09650906417576, 26.322371552429175], [-80.09662106414572, 26.32233555249119], [-80.09666006447355, 26.3223265523047], [-80.09685806442026, 26.32232755239343], [-80.09693706446461, 26.32233255293285], [-80.09701606395338, 26.322327552957383], [-80.09709506409713, 26.322309552333756], [-80.0971320648785, 26.32231455271699], [-80.09720006462251, 26.322353552220537], [-80.09722206488568, 26.322361552131124], [-80.09723606419726, 26.322367552109647], [-80.09727606463352, 26.322368552202583], [-80.09735406424892, 26.322381552906723], [-80.0977750651102, 26.322485552355253], [-80.09793006494435, 26.322518552639014], [-80.0981600649774, 26.32257555272539], [-80.09827306466957, 26.32260855289808], [-80.09862106508771, 26.32270355243035], [-80.09882806559419, 26.32284355246376], [-80.09891006586592, 26.323028553073687], [-80.09903906577189, 26.32318055321095], [-80.09914606544974, 26.323477552688274], [-80.09913106526925, 26.323806553314785], [-80.09908765357787, 26.323873685312172], [-80.09908971348017, 26.32387994042676], [-80.09856401920712, 26.32484637632883], [-80.09845805496182, 26.325095772222607], [-80.09845906585298, 26.325101554119918], [-80.09845506577815, 26.325210553907155], [-80.09843806588282, 26.325318554027607], [-80.09839506559953, 26.325440553742915], [-80.09837806536237, 26.325491553900843], [-80.09836406546981, 26.325563554048045], [-80.09834506576435, 26.32574455399691], [-80.09831606560388, 26.325923554124856], [-80.09831606547638, 26.325960554040346], [-80.09833106508421, 26.326068554124127], [-80.09832906512148, 26.32614055482178], [-80.09833606545267, 26.32621255436289], [-80.09835716318398, 26.32644775123218], [-80.09838408710817, 26.32657369265635], [-80.0983994203153, 26.326617556467163], [-80.09882473358157, 26.32721872154436], [-80.09943653083593, 26.32761986177747], [-80.10016441237238, 26.327791415114138], [-80.1019280676173, 26.327810554740843], [-80.10202292323885, 26.327812415267488], [-80.10268052503358, 26.32781237403931], [-80.10391735588182, 26.327825612795333], [-80.11865871310336, 26.32782480897944], [-80.11892507727933, 26.327819554323877], [-80.1189680778449, 26.327818554105594], [-80.11946107744323, 26.32781055467222], [-80.12013007856704, 26.327800554339568], [-80.12019407882205, 26.327799554478624], [-80.12038307840632, 26.327793554210455], [-80.1204470786588, 26.327792554236403], [-80.12110307882433, 26.327743554283398], [-80.12412008074236, 26.327752554564064], [-80.12524208171585, 26.3277605545467], [-80.12646308195693, 26.327762553945846], [-80.12799408274569, 26.327715553648254], [-80.12803908294468, 26.327713553792663], [-80.12814408294037, 26.327710554157033], [-80.12833908289733, 26.32772755398052], [-80.12866708313601, 26.32780655377651], [-80.1290850833466, 26.327815553599006], [-80.12932794170794, 26.32782422776751], [-80.14253615946646, 26.327823507667954], [-80.1433980921195, 26.327819553739968], [-80.14510209299316, 26.327818553762558], [-80.14567059069319, 26.3278233365035], [-80.14766764435339, 26.327823227254775], [-80.14771609412061, 26.327816552842158], [-80.14784827113498, 26.327823218001942], [-80.14809952863759, 26.3278232040642], [-80.14838909450508, 26.327812552958385], [-80.14851709451727, 26.327812553336987], [-80.15013409628962, 26.32781255354544], [-80.15055309650961, 26.32781355313528], [-80.1521800973623, 26.327804552910248], [-80.15345409763768, 26.327781553195347], [-80.15358509807123, 26.32777955311608], [-80.15377509801192, 26.32777555270264], [-80.1539240976735, 26.327772552906165], [-80.15505709918956, 26.32777955315623], [-80.15533709882534, 26.327780552480657], [-80.1574140998144, 26.32779355262322], [-80.1584441003934, 26.32779155286138], [-80.1597921011494, 26.32780055299421], [-80.16110710219662, 26.327804552848946], [-80.16212010326403, 26.327806552871905], [-80.16268410285787, 26.32780855306329], [-80.16396033903092, 26.32782233879002], [-80.16612922650201, 26.327822220663258], [-80.16617510540524, 26.32782055239992], [-80.16685810601544, 26.32779755263657], [-80.16699010541234, 26.32779355230925], [-80.16766510637153, 26.327817552746325], [-80.16891010697633, 26.32781855275329], [-80.16937110734686, 26.327819552179246], [-80.16938049588155, 26.32782174298362], [-80.16946923951168, 26.327821532384434], [-80.16950810779602, 26.327815552334226], [-80.16959110753837, 26.327816552137346], [-80.1696241077635, 26.327816551948533], [-80.16972410780004, 26.327818552727265], [-80.16975810752128, 26.32781955203623], [-80.16979010713081, 26.327819552332116], [-80.16986410736614, 26.327820552207218], [-80.16988910704596, 26.32781755238803], [-80.16992210751333, 26.327815552016375], [-80.16996810717548, 26.327811552777348], [-80.1700221077497, 26.327807552010153], [-80.17010710760452, 26.327792552240698], [-80.17015410763446, 26.327790552530587], [-80.1701781074569, 26.327789552403907], [-80.17022810809463, 26.327789552103045], [-80.17024710761913, 26.32779055201979], [-80.17033710764639, 26.327791552195798], [-80.17085710773166, 26.32778755224141], [-80.17088810805855, 26.32778455265637], [-80.17089810829737, 26.32778355267124], [-80.17100610858584, 26.327782552620018], [-80.17102210839279, 26.327782552178153], [-80.17106410801763, 26.327783552309572], [-80.17235710898447, 26.32779855252323], [-80.17345544004343, 26.32781205955876], [-80.173866652425, 26.327811082260755], [-80.1748001104845, 26.32779555219866], [-80.17487911025734, 26.3277915517963], [-80.17590311064498, 26.327774551792547], [-80.17623811122046, 26.327773551955993], [-80.17716511203908, 26.32777255236231], [-80.17734011176172, 26.327766551809578], [-80.17741611240248, 26.32778455214467], [-80.17753011180227, 26.32777655230424], [-80.1775441124496, 26.327775552241476], [-80.17757411197007, 26.32777355184226], [-80.17758611249545, 26.327770551916142], [-80.17760011224813, 26.327767551724786], [-80.17761711257268, 26.32776955189155], [-80.17773011196424, 26.327749551764544], [-80.17776711204006, 26.327761551689594], [-80.17783911262343, 26.327792552190253], [-80.17787811210829, 26.327801551643347], [-80.1855527035709, 26.327783313243533], [-80.19053494955409, 26.32780277763397], [-80.19143612045012, 26.32780355173586], [-80.19149491482071, 26.327806528812115], [-80.192328980216, 26.327809787221394], [-80.19233212092644, 26.327809551290837], [-80.19253012101835, 26.327810551172455], [-80.19253609335703, 26.327810596546303], [-80.20123401038802, 26.327844577768687], [-80.20123412575578, 26.327844551334014], [-80.20127412617299, 26.327842551146777], [-80.20152449659044, 26.327845712273625], [-80.20170035841784, 26.327846399271344], [-80.20219512691119, 26.327827551211957], [-80.20222312605473, 26.327826550822465], [-80.20226312692402, 26.32782755145201], [-80.20240412627832, 26.327841550743692], [-80.20246606085844, 26.327849391280683], [-80.20263648607123, 26.327850056812178], [-80.20264912698286, 26.327849551274486], [-80.20266312664037, 26.32784955061666], [-80.20270012718251, 26.327847551397326], [-80.20273412703918, 26.32784655088678], [-80.20281112714358, 26.327843551090435], [-80.20285612665329, 26.32783555080668], [-80.20289712681054, 26.327840550749222], [-80.20294212746008, 26.327839550884324], [-80.20297512668972, 26.32783855107108], [-80.20301212723146, 26.327836550868433], [-80.20306912713092, 26.327834550819826], [-80.20303112661745, 26.326184549822884], [-80.20300512738352, 26.325435549376543], [-80.2029571263923, 26.323177548475606], [-80.2029121265122, 26.320688547042508], [-80.20282112605939, 26.317991545584544], [-80.2028011266307, 26.317617545789815], [-80.20279812644218, 26.317462545335026], [-80.20271312640055, 26.31537954437497], [-80.20269412657775, 26.31498454413501], [-80.20261312603435, 26.31202854328618], [-80.20261112601766, 26.310368542449098], [-80.20258712630354, 26.308792541752567], [-80.20252712589941, 26.304844539377495], [-80.2025341255502, 26.304529539478136], [-80.20252112511221, 26.30342153847912], [-80.20251212577939, 26.30264753834901], [-80.20249712564873, 26.302087537915853], [-80.20249712498955, 26.302053538366945], [-80.20249312549905, 26.301771538056087], [-80.20249112541798, 26.301637537907773], [-80.20248912535313, 26.301455537280354], [-80.20248712531082, 26.301135537416407], [-80.20248512525477, 26.300815537538547], [-80.20248712522877, 26.30032453678037], [-80.20248812493934, 26.300290537369012], [-80.20248912582556, 26.300251536728876], [-80.20249112521243, 26.299841536808643], [-80.20249312559838, 26.29964753681713], [-80.20249312525436, 26.29958553629639], [-80.20249412524082, 26.299391537054838], [-80.20249612559847, 26.299203536548326], [-80.20249212496955, 26.29881953654011], [-80.20249112499111, 26.298564536530897], [-80.20247312496546, 26.298298536048197], [-80.20246212557646, 26.298146536055444], [-80.20245112553889, 26.297984536290013], [-80.20239712539325, 26.29753053609054], [-80.20233112493408, 26.29695953531253], [-80.20231112547117, 26.296806535725338], [-80.20229112506003, 26.296653535225246], [-80.20222612516277, 26.295951534737565], [-80.20216012450143, 26.294982534135794], [-80.2021371245068, 26.29442953424064], [-80.20213312519944, 26.29431453405159], [-80.20211812426795, 26.293357533317273], [-80.2021171248966, 26.293278533266108], [-80.20211112446742, 26.292936533700342], [-80.20210912516461, 26.292823533011166], [-80.20210212432501, 26.292438533081597], [-80.20208312465043, 26.29128453264517], [-80.20207712431791, 26.29090053194951], [-80.20206212412813, 26.289965532275286], [-80.20205312413799, 26.28940153148948], [-80.20205312393685, 26.287163530751965], [-80.20205412392426, 26.286229530285066], [-80.20205112436608, 26.286044529840314], [-80.2020411246161, 26.285436529212333], [-80.20200512451831, 26.28305752861894], [-80.20199312450809, 26.28226452825305], [-80.20198612385855, 26.28183252815053], [-80.2019721237198, 26.280849526877425], [-80.20196812375964, 26.280537527303185], [-80.20196212450816, 26.280106526419594], [-80.20196012418431, 26.279933526793997], [-80.20195912443346, 26.27982852660392], [-80.20195112368924, 26.278936525921942], [-80.20194712406183, 26.27840552641437], [-80.20193912364785, 26.278107526228553], [-80.20186712413323, 26.275427524185265], [-80.20186712329264, 26.274258523709307], [-80.20186912386296, 26.27418252409789], [-80.2018721240663, 26.27408552406027], [-80.20181012382032, 26.271861522494014], [-80.20179912344541, 26.270944522281965], [-80.20179412341943, 26.27050752236795], [-80.20178612381616, 26.269676521275898], [-80.20175312291929, 26.268194520977673], [-80.20173412290352, 26.267278520139612], [-80.20173412356831, 26.26706852059404], [-80.20173512345083, 26.266936520398637], [-80.20174112298875, 26.265909519622507], [-80.20174312364854, 26.265568519129825], [-80.20173812275634, 26.26478951890737], [-80.20172412289816, 26.26260751816726], [-80.20172412299739, 26.26245451805131], [-80.2017201229989, 26.26167651772127], [-80.20171812286894, 26.261487517425042], [-80.20171512259664, 26.260920516937826], [-80.20171412249509, 26.260731516765695], [-80.20171112319424, 26.260394516506764], [-80.20171112331221, 26.260324516893622], [-80.2017031226799, 26.259103516366757], [-80.20170112261633, 26.258697515712896], [-80.20169712308312, 26.258371516010744], [-80.20168512281342, 26.257395515148897], [-80.20168112243576, 26.25707051545752], [-80.20167212279219, 26.256544514941165], [-80.20164612210115, 26.25496751427876], [-80.20163812266804, 26.254442513831297], [-80.20181212313851, 26.2544505138739], [-80.20228512288543, 26.25447251394237], [-80.20233512306122, 26.254476513916774], [-80.20251012306166, 26.254492513832684], [-80.20277312325835, 26.254536513930162], [-80.2028321231994, 26.25455051386719], [-80.20300712349567, 26.254594513416073], [-80.20324612313017, 26.254664514053154], [-80.20355012373291, 26.254719513515518], [-80.20370412402616, 26.25473851399798], [-80.20379512347579, 26.254739513989342], [-80.2039371238957, 26.254742514230696], [-80.20403512410873, 26.254742513985978], [-80.20412412358795, 26.25474351351693], [-80.20421712383744, 26.254743514325963], [-80.20467512415462, 26.2547535137314], [-80.2046861244974, 26.25474551358384], [-80.2049611249241, 26.254743514111915], [-80.20578812541785, 26.25473851373449], [-80.20606412505475, 26.254737514137574], [-80.2062061247444, 26.254736513644144], [-80.20663212544977, 26.25473651335538], [-80.20677512534866, 26.254736513384312], [-80.20705712527986, 26.254718513981917], [-80.20721812606358, 26.254709513900313], [-80.20760312608317, 26.254664513982597], [-80.20790012658237, 26.254619513356907], [-80.20798712614008, 26.25460751385134], [-80.2081791266604, 26.254568513530568], [-80.20821512652388, 26.25456051372816], [-80.20832612651765, 26.254538513801638], [-80.2083631265868, 26.254531513230102], [-80.20858512666457, 26.25447551398122], [-80.20925112744614, 26.254306513177355], [-80.20947412692489, 26.254251513600515], [-80.20954012712119, 26.254234513635478], [-80.20974112704612, 26.254185513056598], [-80.2098081273969, 26.254169513127973], [-80.2098691278009, 26.254153513558467], [-80.21005412738518, 26.254107513194462], [-80.21011612719727, 26.25409351374749], [-80.21013612748764, 26.254087513171743], [-80.21019812728024, 26.254073513688862], [-80.21021912779355, 26.254068513259696], [-80.21065412769536, 26.253957513377465], [-80.21196212806481, 26.25362651331427], [-80.21239912926185, 26.253517512892763], [-80.21260512873698, 26.25346851310716], [-80.2132261288403, 26.253320512980476], [-80.21343312989927, 26.253272513041566], [-80.21382212997422, 26.253194513052968], [-80.21402312968947, 26.25316451234217], [-80.21413712995381, 26.253148513009442], [-80.21437413033834, 26.253120513048557], [-80.21467413057962, 26.253100512956134], [-80.21498113071577, 26.253098513025982], [-80.2158221307912, 26.253116513029426], [-80.21642313153397, 26.253129512881696], [-80.2166651311917, 26.25313451270266], [-80.21739413158534, 26.253150512610013], [-80.21752613190732, 26.253153512596995], [-80.21763713234243, 26.253155512638443], [-80.2177011323938, 26.253156512887237], [-80.21775013205166, 26.25315851272611], [-80.21785513192714, 26.253161512489132], [-80.21789613212442, 26.25316151279618], [-80.21796113248111, 26.25316351213283], [-80.21838213210647, 26.25317251261694], [-80.21964513354223, 26.253199512099943], [-80.2200671335144, 26.25320851218061], [-80.22036213329143, 26.25321251276424], [-80.22124813381436, 26.25322451269883], [-80.22154413404957, 26.253229512745108], [-80.22176913393828, 26.253232512779775], [-80.2224461350333, 26.253242512653948], [-80.2226721353356, 26.253246512253018], [-80.22290113525054, 26.253249512304762], [-80.22293013472779, 26.253249512139337], [-80.22358913581324, 26.253260512221505], [-80.22381913514911, 26.25326451267803], [-80.22429213625533, 26.25331251264056], [-80.22483913635644, 26.25339251209859], [-80.22541913606219, 26.25351351275683], [-80.22610013713991, 26.253696512164026], [-80.22653713754583, 26.253843512423646], [-80.22693413738921, 26.25400051257246], [-80.227055137849, 26.254051512370754], [-80.22768513825827, 26.254318512505247], [-80.22792213806886, 26.254416512448252], [-80.22863313891926, 26.2547105126781], [-80.22887013874428, 26.254809512959895], [-80.22922513914307, 26.254956512572637], [-80.2302921390098, 26.255400513547883], [-80.23064813988319, 26.255549513400833], [-80.2313491405113, 26.255838513210133], [-80.2334541409614, 26.256706513960165], [-80.23384714172816, 26.256869514087683], [-80.23405214183221, 26.256952513616874], [-80.2341571422574, 26.256994513556645], [-80.23415914163672, 26.25693951366191], [-80.2341671421373, 26.25680651357913], [-80.23416914171382, 26.2567765138055], [-80.23417214154311, 26.25672251390478], [-80.23411914177973, 26.254805512923944], [-80.23406014180344, 26.252660511403203], [-80.23398614104293, 26.250244510150132], [-80.23397814104219, 26.250009510546537], [-80.23398314103699, 26.249055509692976], [-80.23399414103173, 26.247138508624175], [-80.23399414095508, 26.247002508795376], [-80.2339941408365, 26.246857508258188], [-80.23399614145765, 26.24659650838465], [-80.23399714073574, 26.246461508537017], [-80.23399714076811, 26.24628350810761], [-80.23400014132595, 26.245833507727347], [-80.23400114138732, 26.245751508423115], [-80.2340021407511, 26.245574507967465], [-80.23400214101896, 26.245539507926118], [-80.23400214081988, 26.245434507795792], [-80.2340031414529, 26.24540050775042], [-80.23400314120894, 26.2452665080455], [-80.23400614154362, 26.24486750800311], [-80.23400714064549, 26.244734507376908], [-80.23400914095453, 26.24428650714016], [-80.23401614120463, 26.242946506491368], [-80.23401714084531, 26.24292150623656], [-80.23401914060408, 26.24249950613358], [-80.23402414047585, 26.241632505756385], [-80.23401414072885, 26.24110450542323], [-80.23398014085062, 26.239100504567382], [-80.23388214084048, 26.238148503923792], [-80.23387614049749, 26.237801503881418], [-80.23386114070826, 26.237350503516833], [-80.23384814027831, 26.236927503380958], [-80.233805140153, 26.235534503189502], [-80.23380014042627, 26.235375502634145], [-80.2337981401061, 26.23531850275598], [-80.23379514080223, 26.235214502818636], [-80.23378914014405, 26.23445550215318], [-80.23376414053878, 26.23121850068646], [-80.23375714001492, 26.23027149988303], [-80.23375314010198, 26.230205500313996], [-80.23375014043548, 26.230140499839347], [-80.23374614052898, 26.230074500269083], [-80.2337421406319, 26.230008499795687], [-80.23373314025051, 26.229872500410533], [-80.23373014014801, 26.22980649984979], [-80.23373013971968, 26.229774499972812], [-80.2337281399694, 26.229503499928867], [-80.23372213972557, 26.228597499433242], [-80.23372113972472, 26.22829549946026], [-80.2335881398512, 26.22829449971562], [-80.23345614020822, 26.22829449894482], [-80.23319213991965, 26.228294498839333], [-80.23306013927402, 26.228294499504624], [-80.23257813927233, 26.228292499100604], [-80.23204813879853, 26.228291499757223], [-80.23113213827173, 26.22829049933795], [-80.2306501383025, 26.228290498947217], [-80.23000513767015, 26.228287499112827], [-80.22807013673523, 26.228279499477335], [-80.22742513686566, 26.228277499882736], [-80.22677713638618, 26.228274499223822], [-80.2248331352453, 26.22826749973608], [-80.22418513449917, 26.228265499202845], [-80.22372713382225, 26.228263499364708], [-80.22235313313352, 26.22826049946197], [-80.22189513298197, 26.228259499283407], [-80.22181213288145, 26.22825849935674], [-80.22156413336484, 26.22825549929364], [-80.22148213303704, 26.228254500078002], [-80.22139413276504, 26.22825249982616], [-80.22113213253505, 26.228249499897043], [-80.22104513238887, 26.228248499514578], [-80.22092513280056, 26.22791949916879], [-80.22089613294155, 26.227838499846968], [-80.22079613221399, 26.227485499381622], [-80.220739132346, 26.227181499367894], [-80.2207091323372, 26.22690149867905], [-80.22068613223955, 26.226549498629343], [-80.22067513206444, 26.22612049884522], [-80.22064513198484, 26.224833498463266], [-80.22063513202852, 26.224405497764987], [-80.22062613216154, 26.224025497259277], [-80.22060213186025, 26.22288549744606], [-80.22059413179964, 26.222505496868255], [-80.22058813164566, 26.222335496801858], [-80.22057413165912, 26.2219064967589], [-80.21767913053058, 26.221900496296925], [-80.21621012911113, 26.221900497118085], [-80.21415612797261, 26.22190349706485], [-80.2125741269626, 26.221900497126757], [-80.2125721271699, 26.221803496589757], [-80.21257212729131, 26.221763497051874], [-80.21257112762541, 26.22170849717473], [-80.21256812717695, 26.221545496787876], [-80.21256812749182, 26.22149149704958], [-80.21256312757866, 26.221394496321278], [-80.21254812685665, 26.221103496830874], [-80.21254412694333, 26.221007496238], [-80.21253912705352, 26.22091049640589], [-80.21252412696865, 26.220621496154493], [-80.2125201270744, 26.220525496457963], [-80.21251912716643, 26.22045849652629], [-80.21251912708503, 26.22025949616682], [-80.21251912714428, 26.220193496373447], [-80.21251812714917, 26.220122496122542], [-80.21251812727904, 26.220082495673232], [-80.21088712591897, 26.220078496130146], [-80.20955012575001, 26.220082496069875], [-80.2080551245794, 26.220081496552474], [-80.20734612381345, 26.220080496502092], [-80.20718312459135, 26.220081495878524], [-80.20707412372467, 26.22008149586882], [-80.2052161225795, 26.220080496029034], [-80.204409121969, 26.220079496587683], [-80.20440912240353, 26.220012495893663], [-80.20440812269027, 26.21992849646562], [-80.2044071226685, 26.219877495991195], [-80.2044071224234, 26.219861496550607], [-80.20440512228397, 26.219724496487597], [-80.20440512215609, 26.219674496207304], [-80.20440412213468, 26.21962349573116], [-80.20440112205966, 26.219470496105778], [-80.20440112193043, 26.219420495823794], [-80.2044001223353, 26.219381496282395], [-80.2043991219386, 26.21926449607945], [-80.2043991222397, 26.219226495830192], [-80.20439712271788, 26.219171495826597], [-80.20439612257188, 26.219149495799535], [-80.20421312193534, 26.2191504957733], [-80.20421112189038, 26.21908749604497], [-80.20412212235942, 26.215782494538896], [-80.20410212220435, 26.21503149378362], [-80.20410112152817, 26.21501149389749], [-80.20355812136131, 26.215016494142724], [-80.20293212168764, 26.215019493327976], [-80.20291412087546, 26.214333493293886], [-80.20290512135657, 26.213984493690692], [-80.20290412129269, 26.21391949298204], [-80.20289212166156, 26.213391493379227], [-80.20288612143793, 26.213096492934188], [-80.20288212102844, 26.212945492303067], [-80.20170112015376, 26.212952493101078], [-80.20118712067767, 26.212955492861404], [-80.20114312018107, 26.212946493222354], [-80.20110912028014, 26.21292749238837], [-80.20108912049687, 26.212898492730577], [-80.20080912022658, 26.212899492948054], [-80.19996911979295, 26.212904493193864], [-80.19969011951376, 26.212907492438163], [-80.19944411934682, 26.2130044926535], [-80.19944411926033, 26.213090493039925], [-80.19938511940715, 26.215031494312264], [-80.19928811919422, 26.21503149392424], [-80.19892611944543, 26.21503249404736], [-80.19783911792244, 26.215037494340862], [-80.197478118022, 26.215039493764603], [-80.19739811790105, 26.215039494016622], [-80.19716111764416, 26.215040494184944], [-80.19708311797518, 26.215041493774887], [-80.19676511795709, 26.21504249405783], [-80.19581211675083, 26.215046493641122], [-80.19563611725022, 26.215047493983416], [-80.19560811651534, 26.212885493421943], [-80.19560111705569, 26.212296492588973], [-80.19557911697794, 26.210761492309103], [-80.19557611718814, 26.21051449153431], [-80.19557711662111, 26.21030449162975], [-80.19557111650997, 26.20992249153367], [-80.19556411660051, 26.20952349081989], [-80.19557411663993, 26.20946949110547], [-80.19558911644192, 26.2093904912345], [-80.19559111662242, 26.209151491024887], [-80.19559211696168, 26.209072491366978], [-80.19555211708713, 26.20907349063734], [-80.1955521165531, 26.209038490614724], [-80.19540011635901, 26.20903849141291], [-80.19517211658606, 26.20903849095789], [-80.1938461152215, 26.209081491049524], [-80.19142011404243, 26.209135490875436], [-80.18956711337492, 26.209175490976868], [-80.18815111282707, 26.20920849100209], [-80.18815211267989, 26.209242491133942], [-80.1881541126495, 26.2093144917057], [-80.18817111242963, 26.209684491513777], [-80.18799411237643, 26.209729492102312], [-80.18798011210666, 26.209732491804388], [-80.18656611186978, 26.20972649162192], [-80.18649011098458, 26.209727491416686], [-80.18646911128891, 26.209727491762404], [-80.18642811135392, 26.209724491551487], [-80.18628411096961, 26.209717491315377], [-80.18621911153808, 26.20971449153535], [-80.18601711141517, 26.209692492010717], [-80.18599911149383, 26.209691492041735], [-80.18588111151536, 26.209676491742314], [-80.18584111112823, 26.20967149145493], [-80.18570611124456, 26.209641492004057], [-80.18526711033209, 26.20954649213931], [-80.18524711115903, 26.2095434914285], [-80.18518411032684, 26.209522492106775], [-80.18501611086545, 26.209465491615475], [-80.18483311035803, 26.209403491263288], [-80.18478911033009, 26.20938849162111], [-80.18427211024162, 26.209260491737858], [-80.18408510957163, 26.20921449153778], [-80.18359810927524, 26.209168491499515], [-80.18340310996561, 26.209150491367645], [-80.18251010887423, 26.209139491344867], [-80.18213510845824, 26.20914849174307], [-80.18164710837982, 26.209161492024148], [-80.18047810740943, 26.209176491824717], [-80.17963410698034, 26.209188491351373], [-80.17860110719208, 26.209208492041103], [-80.17697410619748, 26.209240491579628], [-80.17679710608384, 26.20924449149037], [-80.17633010525925, 26.209278491687268], [-80.17631010513578, 26.209282492062584], [-80.17628910548555, 26.209284491975577], [-80.1760631050932, 26.20931149183228], [-80.17581410491252, 26.209361492115686], [-80.17549810485865, 26.209446492258014], [-80.17503910424828, 26.209600492530083], [-80.17489710456633, 26.209648491976207], [-80.1748341046395, 26.20966949219622], [-80.17464310442689, 26.209734492187014], [-80.17410010453224, 26.209876491983533], [-80.17379710358394, 26.209929492008797], [-80.17360010379709, 26.20994249196651], [-80.17324510404546, 26.20996249280663], [-80.1731321036256, 26.209964492218777], [-80.17271410359407, 26.20997049218787], [-80.172653103724, 26.209970492360714], [-80.17209310256972, 26.20998049243094], [-80.17184310274178, 26.20999049239769], [-80.17182410320146, 26.209909492503158], [-80.17056910217329, 26.20993849225796], [-80.1695861016151, 26.20999349243169], [-80.16864910058662, 26.210053492225292], [-80.16784910077762, 26.210102492680495], [-80.16705210012844, 26.21014349281978], [-80.16508709929968, 26.210252492681803], [-80.16393209801251, 26.21031549303039], [-80.16342909829507, 26.21034249318193], [-80.16176609686535, 26.210440492880167], [-80.1599450956499, 26.21053549337277], [-80.15953209547727, 26.210554493234074], [-80.15823409475647, 26.210620492987616], [-80.15724809392276, 26.21066949348465], [-80.15606309376308, 26.210721493042595], [-80.15592909325747, 26.210721493620913], [-80.15593309393381, 26.21088749378445], [-80.15595609315933, 26.211340494209075], [-80.15602509359809, 26.212699494426687], [-80.15604909374962, 26.213153494365873], [-80.15606609331546, 26.213661494943086], [-80.1561170935104, 26.215185495574527], [-80.15612809370299, 26.21549149611253], [-80.15613109434608, 26.215593495689284], [-80.15613509384798, 26.215694495640513], [-80.15613909414522, 26.215796495665973], [-80.15613909342903, 26.21580949568125], [-80.1561420937907, 26.215898496135313], [-80.15614909430074, 26.21608549632533], [-80.15615109399084, 26.216155495874503], [-80.15615509438098, 26.2162714959838], [-80.15616209352498, 26.216479496741577], [-80.15618309406152, 26.21710349629072], [-80.15619009405206, 26.217312497101105], [-80.15620409393614, 26.217702496724826], [-80.15624909372349, 26.218873497807564], [-80.15626109433653, 26.219187497409077], [-80.15626509430733, 26.219296497878172], [-80.15628509424886, 26.219932498483185], [-80.15635109474313, 26.221937499571865], [-80.15637409442463, 26.22260649910903], [-80.15638109395512, 26.222819500043304], [-80.15640409408475, 26.223458500114322], [-80.15641209419448, 26.223672499745373], [-80.15641409419334, 26.22374650040788], [-80.15642209424108, 26.223970499826365], [-80.1564250947624, 26.22404550010909], [-80.15643109488234, 26.22425750048332], [-80.15644309495035, 26.224682500380027], [-80.15644609437953, 26.224700500283078], [-80.15645609420953, 26.22489450029019], [-80.15646709482746, 26.22510750117144], [-80.15647509493971, 26.22540850049931], [-80.15649909415541, 26.226312501181564], [-80.15650409504333, 26.22647950152521], [-80.15650809486557, 26.226614501889575], [-80.15650909489912, 26.226651501304065], [-80.15658309520113, 26.22925350311197], [-80.1566110944365, 26.230252503578924], [-80.1566240946056, 26.230688503446437], [-80.15663309490466, 26.230912504014256], [-80.15663309527457, 26.231126503424804], [-80.15663909512931, 26.231317503956447], [-80.15640509480404, 26.231316504323154], [-80.1555980943627, 26.231314503717396], [-80.15532909442541, 26.23131450436057], [-80.15530309381944, 26.231315504155795], [-80.15522509377988, 26.231319503592296], [-80.1552000937323, 26.2313215039031], [-80.15490509406469, 26.2313365035872], [-80.15402309333763, 26.231384504214564], [-80.15368609328802, 26.23140450451956], [-80.15323309326621, 26.231436503816347], [-80.15319609250837, 26.231439504444808], [-80.15232009245317, 26.23147450378691], [-80.15178209213481, 26.231482504557725], [-80.15174209198985, 26.231481503985652], [-80.15124509214537, 26.23147650465752], [-80.15073109171931, 26.231480503951985], [-80.15034409095989, 26.231484504018653], [-80.14940509106157, 26.231499504378572], [-80.14919309042479, 26.2315005041886], [-80.14868008976566, 26.23150450476879], [-80.14853709056126, 26.23150450428101], [-80.14811009039887, 26.231508504145108], [-80.14796808941313, 26.231510504629842], [-80.1478060893069, 26.23151050449476], [-80.14732108964076, 26.231514504687], [-80.14716008975157, 26.23151650447683], [-80.14700308928957, 26.231517504288565], [-80.14653608904206, 26.23152050479215], [-80.1463800890741, 26.231522504515898], [-80.14622808883776, 26.231522504228835], [-80.14577508829144, 26.231526504256806], [-80.14562408823666, 26.231528504896705], [-80.14542508875907, 26.231526504024416], [-80.14524608866398, 26.231525504551424], [-80.14483108818615, 26.231525504388692], [-80.14463308759792, 26.231526504051345], [-80.14444108770995, 26.2315275048646], [-80.14386508781254, 26.23153450422535], [-80.14367408707552, 26.23153750468324], [-80.1435750871264, 26.23153850423792], [-80.14338208713654, 26.23154050496338], [-80.14328008715815, 26.231540504418653], [-80.14318208699129, 26.231541504246614], [-80.14275108671657, 26.23154250474736], [-80.14273208682316, 26.231542504241133], [-80.14146108605108, 26.23154650474623], [-80.14117008560508, 26.2315475045621], [-80.14107108565857, 26.231548505098658], [-80.14102408547654, 26.231549504971106], [-80.14093108524136, 26.23155050426346], [-80.14063408602736, 26.23155750454055], [-80.14053508538484, 26.231560504835986], [-80.14037808527753, 26.231563504761677], [-80.1399080853097, 26.231576504344332], [-80.13975208460477, 26.231580505119393], [-80.1395380851437, 26.231582504956105], [-80.13889708409575, 26.231592505182356], [-80.13868408405338, 26.231595504384906], [-80.13860008420778, 26.231595504593], [-80.13834908400356, 26.23159950485955], [-80.13771608386217, 26.231599504701116], [-80.13745608346396, 26.231598505039223], [-80.13732008388584, 26.23159850470584], [-80.1366190832874, 26.231604505305015], [-80.1366110834629, 26.23143750494741], [-80.13653008310743, 26.231437504817382], [-80.1363510827165, 26.231438505227235], [-80.13635108314438, 26.231607504588], [-80.13630308252887, 26.231607504960714], [-80.13575208296035, 26.23160450493041], [-80.13550108231726, 26.231604504467764], [-80.13478008254589, 26.231614505123986], [-80.13464008247338, 26.231615505312735], [-80.13448608143752, 26.231616504989393], [-80.13422308221563, 26.231619505145602], [-80.13394408205654, 26.231623505041576], [-80.13343508109766, 26.231631505318095], [-80.13317308123581, 26.231635505128992], [-80.13308608109023, 26.231635504776406], [-80.13294308066554, 26.231636505069662], [-80.13282908054622, 26.231638505167428], [-80.13274308077024, 26.23163950529259], [-80.13265508084444, 26.23163950496404], [-80.13239408117022, 26.231642504811752], [-80.13230708060968, 26.23164350495239], [-80.13211108067887, 26.231644504847207], [-80.13152608040295, 26.231649504935632], [-80.13133207961891, 26.231651505081654], [-80.13113708005206, 26.231653505245546], [-80.13055607948583, 26.231659504868368], [-80.13036207969623, 26.231661505515206], [-80.1295340793926, 26.231670505603557], [-80.12836207793849, 26.231683505661866], [-80.12716507803762, 26.231700505253798], [-80.12705107771313, 26.231698505019217], [-80.12622407702615, 26.23168850532006], [-80.12614307751019, 26.23168450539831], [-80.12608607684282, 26.231682505271444], [-80.12590107684272, 26.231674505238484], [-80.12582107666417, 26.231671504959337], [-80.12574707718301, 26.2316685050349], [-80.12552807711349, 26.23165950522549], [-80.1254550764352, 26.231656504910134], [-80.12522507629309, 26.231646505333174], [-80.12453707624775, 26.231617504912954], [-80.12430807559005, 26.23160850550999], [-80.12398207531795, 26.231611505586482], [-80.12300307473534, 26.231622505330474], [-80.12267807474606, 26.231626505003696], [-80.12244307458289, 26.231629505578596], [-80.12173707430973, 26.231638505204057], [-80.12150307440622, 26.231642505903334], [-80.12131707454867, 26.231643505262923], [-80.12075807419127, 26.231646505702486], [-80.12057307360223, 26.23164850576208], [-80.12042607322734, 26.231649505222407], [-80.119984073746, 26.23165550580223], [-80.11983807362839, 26.23165750543281], [-80.11959507319187, 26.2316605056041], [-80.11886607233895, 26.23167050552137], [-80.11862407213677, 26.23167450573157], [-80.11842407281374, 26.23167650581166], [-80.11782707218788, 26.23168250562975], [-80.1176290718802, 26.23168550610445], [-80.11762707155589, 26.231561505922443], [-80.11544907108734, 26.231589505479807], [-80.11347106948996, 26.231615506167742], [-80.11257106928998, 26.231619505575086], [-80.11160806803272, 26.231623506154865], [-80.11074306766871, 26.23162850562867], [-80.11074606786339, 26.23175850600111], [-80.11070306789424, 26.231757506135143], [-80.11057606835108, 26.23175650632629], [-80.11053406756335, 26.23175650633666], [-80.11032906733082, 26.23175850571135], [-80.10971506718015, 26.231766505692317], [-80.10951106710863, 26.231769505643154], [-80.10934806764988, 26.23177150571118], [-80.10886006665856, 26.231776506415514], [-80.10869806636389, 26.23177950568409], [-80.10865606657907, 26.231779506054096], [-80.10853306657744, 26.231779505838187], [-80.10849206657535, 26.231779506043683], [-80.1083300662733, 26.231782505799583], [-80.10784706642323, 26.2317935064752], [-80.10768606662755, 26.231798506421317], [-80.10752506559759, 26.2317975058139], [-80.10704206590013, 26.231795506601664], [-80.10688106526138, 26.23179550623857], [-80.10683206539132, 26.23179650595877], [-80.10668406571858, 26.231801506145075], [-80.10663606599098, 26.23180350575762], [-80.10649306503313, 26.231802505767114], [-80.10606606483357, 26.23180250584687], [-80.10592406503189, 26.231802506162445], [-80.1057180653673, 26.23180550633665], [-80.10510106478888, 26.231813505826754], [-80.104896064236, 26.231817506590296], [-80.1046910639922, 26.231819506039642], [-80.10407606358831, 26.23182650630442], [-80.10387206345847, 26.231829506366484], [-80.10367506344794, 26.231831506412167], [-80.10308706308822, 26.23183850655896], [-80.10289106318834, 26.231841506415126], [-80.10275506376233, 26.23184350597211], [-80.10268906360317, 26.231844506453], [-80.10208306247269, 26.231855506771645], [-80.10188206297505, 26.231859506566753], [-80.10168806228702, 26.23186150638296], [-80.10110806241393, 26.231869506070414], [-80.10091506212494, 26.231873506705863], [-80.10072906235665, 26.231874506479837], [-80.10017106137153, 26.231878506210855], [-80.0999860616925, 26.231880506830972], [-80.09979406194974, 26.23188050657147], [-80.09921806074821, 26.231880506948894], [-80.09902706110962, 26.231881506576684], [-80.0988090607152, 26.23188350638836], [-80.09815706067208, 26.23189150658526], [-80.09794006063042, 26.23189550696054], [-80.09767006026387, 26.23189950640639], [-80.09686105989628, 26.231911506180822], [-80.09659205955707, 26.231916506332304], [-80.09624205940717, 26.231915506246732], [-80.09519405920541, 26.23191450636479], [-80.09484505819583, 26.231914506517583], [-80.09430905821922, 26.23191350711649], [-80.0939150582065, 26.23191350664105], [-80.09383605764906, 26.231913506776426], [-80.09360305810355, 26.231913506890223], [-80.0935250583314, 26.231913506848265], [-80.09338205766976, 26.231912506445617], [-80.09295305745297, 26.2319125063755], [-80.09281005705392, 26.231912506366253], [-80.09271405699926, 26.231915507062553], [-80.09242805714857, 26.231923506898266], [-80.09233305711025, 26.231927506492287], [-80.09215305667684, 26.231947507079372], [-80.09205305699697, 26.231948507223645], [-80.09121105623498, 26.23196250688171], [-80.09093105645142, 26.231968507259786], [-80.09072005605825, 26.23196850646022], [-80.09008905546168, 26.231968506745233], [-80.08987905587368, 26.231968506533978], [-80.08981605593893, 26.231955506651072], [-80.08963005567213, 26.2319445066984], [-80.08956805529806, 26.231939507183657], [-80.08942105528826, 26.231918507034987], [-80.08898105479888, 26.231857506728506], [-80.0888350549981, 26.231837506966652], [-80.08883205483819, 26.231852506862953], [-80.08882505490983, 26.23189750659865], [-80.08882305473593, 26.231913506574152], [-80.08460105299902, 26.231878506766275], [-80.08160005137971, 26.24652851475599], [-80.08031905144279, 26.252257517903296], [-80.07867005026172, 26.25356851876055], [-80.07847669034446, 26.253788600534204], [-80.07475398762583, 26.274358641019823], [-80.07437704877849, 26.27928453167328], [-80.07422538208955, 26.281073044009247]]]}, "properties": {"OBJECTID": 7, "LONGNAME": "District 7", "SHORTNAME": "D7", "DISTRICT": 7, "SHAPE_STAR": 1661035573.7, "SHAPE_STLE": 193469.279498, "GLOBALID": "{C1A8C969-07AE-4A8C-8FBE-5717A69907DB}", "CREATED_USER": null, "CREATED_DATE": null, "LAST_EDITED_USER": null, "LAST_EDITED_DATE": null, "Shape__Area": 1661035573.70635, "Shape__Length": 193469.279498288, "district": 7}}, {"type": "Feature", "id": 2, "geometry": {"type": "Polygon", "coordinates": [[[-80.2645911489534, 26.030749397593627], [-80.26537214931757, 26.0307293972729], [-80.26583114893867, 26.030718397295423], [-80.26592014916112, 26.030709397121555], [-80.26654514941808, 26.030651397849027], [-80.26712214975757, 26.030552396938596], [-80.2676321503453, 26.030494397262203], [-80.26857715078219, 26.03044439762192], [-80.27005215158142, 26.030401397204628], [-80.2714351528296, 26.030361397530555], [-80.27197615241046, 26.0303433970633], [-80.2736001539875, 26.030292396995534], [-80.27414215400634, 26.03027539715995], [-80.27455615390365, 26.030262396787823], [-80.2746231543295, 26.030259397009022], [-80.27606815516558, 26.030216396620464], [-80.27655015591897, 26.030202397090747], [-80.27657515527939, 26.03020139666582], [-80.27665115529804, 26.03019939688391], [-80.27667715560341, 26.03019939705255], [-80.27746115596388, 26.030178396736563], [-80.27981515759427, 26.030119396910106], [-80.28046415784189, 26.030102396570495], [-80.28044815797206, 26.029946396526643], [-80.28058115797471, 26.029942396637548], [-80.28373015993735, 26.029979396667446], [-80.28517216090886, 26.029991396768512], [-80.28865316212813, 26.029862395851307], [-80.2896401633761, 26.029832395964647], [-80.29186216443296, 26.029765395539158], [-80.29260216498473, 26.029740395655395], [-80.29359016579602, 26.02970739586196], [-80.29390316588716, 26.0296963961568], [-80.2946501663982, 26.029672395718208], [-80.29484316606369, 26.02966839572088], [-80.29515716616714, 26.029662396049943], [-80.29527816659632, 26.029659395513754], [-80.29564216698135, 26.02965239569161], [-80.29576416650143, 26.029650396123866], [-80.29591316731003, 26.02964639599679], [-80.29636016680927, 26.0296383960477], [-80.29651016674255, 26.029636395889575], [-80.29657016688134, 26.029634395282407], [-80.29675216754227, 26.029631396174533], [-80.29681316779353, 26.029630395936984], [-80.29695716716465, 26.029627395785212], [-80.29711416765636, 26.029624395543614], [-80.29739216773508, 26.02962439532512], [-80.2975371682972, 26.02962439530015], [-80.29977716877579, 26.02962539555175], [-80.30375217181971, 26.02962939537475], [-80.3056481724353, 26.029624395379376], [-80.30649817350405, 26.029628394942677], [-80.30689417354424, 26.029630395018945], [-80.3087391746547, 26.029620395383574], [-80.30951217522312, 26.02961639514294], [-80.31069717602313, 26.029611395049553], [-80.31183617650842, 26.02957939495611], [-80.31242017653234, 26.029558394946644], [-80.31260517681842, 26.02955239519252], [-80.31264217631231, 26.030678395284305], [-80.31275417689316, 26.034058397727367], [-80.31279217746965, 26.035185397498477], [-80.3128041770476, 26.035549398249138], [-80.31284017757021, 26.036644398950276], [-80.31284517728561, 26.03681139908614], [-80.31284817745359, 26.03686939852714], [-80.3128521775063, 26.037009398845907], [-80.3128721776491, 26.03766039914361], [-80.3129141774202, 26.039050399564232], [-80.31272017727281, 26.039174400319332], [-80.31276217720065, 26.04026840094558], [-80.31277317768206, 26.04055440108798], [-80.31284717756681, 26.044013402656883], [-80.31285017727971, 26.044146402682127], [-80.31307317721112, 26.044144402486438], [-80.31307517773328, 26.044222402160877], [-80.31308117729908, 26.044456402974994], [-80.31308317799385, 26.044535402763792], [-80.31308517720142, 26.044623402693407], [-80.31309117816416, 26.0448894027255], [-80.31309417776177, 26.044978403011786], [-80.31311317725537, 26.045736403114116], [-80.31311617791255, 26.045855403284456], [-80.31314917763925, 26.046862404113767], [-80.3131821777503, 26.0480124042996], [-80.31320317791538, 26.04872040508461], [-80.31320517798733, 26.048771405180215], [-80.3132191777642, 26.049296405501373], [-80.31326217760476, 26.05087040546803], [-80.31327717809503, 26.051396406002006], [-80.3132891783097, 26.051794406287183], [-80.31332517774625, 26.0529914073558], [-80.31333217828325, 26.053220406659136], [-80.31333717832622, 26.053390406770067], [-80.31323517785799, 26.05339140747497], [-80.31315717836934, 26.05339240672243], [-80.31317117847017, 26.05392640776379], [-80.31318117827983, 26.05440540776047], [-80.31319317872713, 26.054914408067436], [-80.31319617797307, 26.055048408010993], [-80.31320817831654, 26.05543040806617], [-80.31322517827184, 26.055926408015637], [-80.31324817873924, 26.056617408388654], [-80.31328617842739, 26.058652409861416], [-80.31330517817051, 26.058960410146195], [-80.31330317881131, 26.059922410905916], [-80.31326917871912, 26.060901411124952], [-80.31327917816296, 26.061364411547085], [-80.31335317908113, 26.062339412081172], [-80.3133251782247, 26.063160412528436], [-80.31331717846193, 26.063318412398658], [-80.31361817879854, 26.06331541178887], [-80.3138761791767, 26.06331341212169], [-80.314181179004, 26.06331041219435], [-80.31497817940344, 26.063302412078865], [-80.3158871803991, 26.063292411845083], [-80.31588718035331, 26.063361412533062], [-80.3158901800721, 26.063444411889055], [-80.3158891800948, 26.063787412154245], [-80.31622718092945, 26.06378041219128], [-80.3163431803376, 26.063777412386717], [-80.31642218048552, 26.063778411977513], [-80.3164591803227, 26.063777411932882], [-80.31715518127638, 26.06376241185465], [-80.31732318136777, 26.063759412585902], [-80.31738718163157, 26.063754412242503], [-80.31741118153136, 26.063753411867378], [-80.31806618197007, 26.063739412234096], [-80.31814418174201, 26.063740412475557], [-80.3188871818047, 26.063723411846706], [-80.319435182001, 26.063716411956396], [-80.31951318221758, 26.06371941259287], [-80.32041418309768, 26.063707411849236], [-80.32049218253188, 26.063702411934592], [-80.32127618363938, 26.0636934123636], [-80.32162918328022, 26.06368841181251], [-80.3217761832419, 26.06368941204481], [-80.32184618406414, 26.06368641196372], [-80.3219161838843, 26.063683411843932], [-80.32242718392574, 26.063672412286962], [-80.32250518427176, 26.063667412189854], [-80.32306318429593, 26.063653412140727], [-80.3243881857281, 26.063623412286866], [-80.32446618497939, 26.06361841202582], [-80.32599318603944, 26.063583412154657], [-80.32607118593765, 26.063577411814663], [-80.32748118687357, 26.06355941160198], [-80.32779418710899, 26.06355141147824], [-80.32939918771996, 26.063530411759796], [-80.3299141889326, 26.06352441206581], [-80.33011018831589, 26.06351841196803], [-80.33026618839655, 26.06351841179794], [-80.33038418877467, 26.063517412020914], [-80.33046218876267, 26.063512411226355], [-80.3313621892127, 26.063495411802815], [-80.33144118976966, 26.063497411415177], [-80.33210618972161, 26.06348541171461], [-80.3321841896272, 26.063480411793023], [-80.33284919047294, 26.06346841137902], [-80.3330451906848, 26.063468411607534], [-80.33359319082146, 26.063458411745138], [-80.33367119032201, 26.06345241180271], [-80.33374919119213, 26.06345341173987], [-80.33457119156414, 26.06343641143377], [-80.33464919079043, 26.063438410994], [-80.33519619138173, 26.06342841126723], [-80.33527519152561, 26.063423411570728], [-80.336682192252, 26.063401410955354], [-80.33687819251615, 26.063393411358213], [-80.33742519286335, 26.063383411301587], [-80.33750319249994, 26.063386411244423], [-80.33802019332349, 26.06337341082652], [-80.33804219302158, 26.06337441162066], [-80.33808119365426, 26.063371411357295], [-80.33812119354911, 26.06337341083578], [-80.33870919391433, 26.063362411415564], [-80.33878719352224, 26.063357411529818], [-80.34009019466953, 26.06333441121303], [-80.34043319508906, 26.06332841089639], [-80.34074619493548, 26.06331941143082], [-80.34211819588158, 26.063294410644442], [-80.34227419607372, 26.063292410797036], [-80.34235319589683, 26.063287410830156], [-80.34411719653552, 26.06325741084549], [-80.34431319666511, 26.06325041118867], [-80.34454219755382, 26.06324641070418], [-80.34576719766345, 26.063225410490805], [-80.3459291975955, 26.063222411194115], [-80.34606219800783, 26.063220410466684], [-80.346078198057, 26.06322041072516], [-80.34627419805557, 26.063213411110414], [-80.34641719778865, 26.063210410983675], [-80.34658019807831, 26.063207410971213], [-80.34677819814625, 26.0632034110525], [-80.34694119887727, 26.063201410752658], [-80.34737319843913, 26.063230410688302], [-80.34749319895606, 26.06323941075699], [-80.34757019849816, 26.063253411073912], [-80.34759519879435, 26.06325741078883], [-80.3476311991715, 26.063263410796125], [-80.34767019914628, 26.06327041092654], [-80.34769619928622, 26.06327541074704], [-80.34850119922424, 26.0630774105848], [-80.34885019962765, 26.062976410551403], [-80.34842119911258, 26.06296341062022], [-80.3484141994415, 26.062950410884028], [-80.34899619926327, 26.06295441101258], [-80.35001620029705, 26.06294641034154], [-80.35219920178407, 26.062893410851892], [-80.35275920192633, 26.062880410605587], [-80.35289320181715, 26.06287741064624], [-80.35360820258316, 26.062857410383156], [-80.35374420225038, 26.062860410276507], [-80.35397520218913, 26.0628664103702], [-80.35415420308289, 26.062871410258403], [-80.35429120267719, 26.062875410618748], [-80.35504120300322, 26.062856410061542], [-80.35717020459307, 26.062803410029296], [-80.35729120500501, 26.062801410507166], [-80.35788520473315, 26.062787409802556], [-80.35804220457143, 26.062783409744124], [-80.35812820535082, 26.06278241017163], [-80.35867920574087, 26.062777410174057], [-80.36013020621151, 26.062853409716734], [-80.36048720592304, 26.06287141039523], [-80.36061520615011, 26.062878410387324], [-80.36109920652517, 26.06290440964153], [-80.3611122068549, 26.06290341018324], [-80.3613472065256, 26.062903410047813], [-80.36197520709223, 26.062904410224824], [-80.36209120780977, 26.062897410159636], [-80.36233920740997, 26.06288541024234], [-80.36234120769765, 26.06295840981798], [-80.36234220722878, 26.06297241050309], [-80.36235020770107, 26.063177410052106], [-80.36235320795448, 26.06325141055108], [-80.3623972075268, 26.06324941056204], [-80.36248320807626, 26.063247410083186], [-80.36252920740775, 26.06324540985767], [-80.36257420794021, 26.063244409841403], [-80.3632032076005, 26.06322641043349], [-80.36509120870681, 26.063173410205373], [-80.36572120978816, 26.063156409755226], [-80.36684521012185, 26.063124410152078], [-80.36769421022836, 26.063101410111944], [-80.37022021224674, 26.06304340979655], [-80.37088121235114, 26.0630284094344], [-80.37134621325247, 26.0630184099658], [-80.37150621333174, 26.06301441013099], [-80.37178321314104, 26.06300941004378], [-80.37198921266143, 26.063005409432176], [-80.37215021275796, 26.063002409743905], [-80.37245521381867, 26.062995409836844], [-80.37301721367808, 26.06298440941705], [-80.3733712139084, 26.06297540979198], [-80.37367721392907, 26.062969409953233], [-80.3737532144017, 26.06296740992105], [-80.37398321457084, 26.06296140922438], [-80.37418321470624, 26.062957409253645], [-80.37740121609374, 26.062884409715927], [-80.37788621696117, 26.062877408980054], [-80.37799421633002, 26.062879409683013], [-80.37829321715114, 26.06288840964522], [-80.37849721699669, 26.062897408968247], [-80.3785952167742, 26.06290240896797], [-80.37864621667578, 26.06290040977834], [-80.37881321697633, 26.062893409031897], [-80.37905021748693, 26.06286940921552], [-80.38073821787876, 26.062803409180088], [-80.38190821916697, 26.06277140914849], [-80.38388221964803, 26.062695409096076], [-80.38476522016437, 26.062684409096782], [-80.38551822109719, 26.062670408838148], [-80.38774322278054, 26.062611408799523], [-80.38921522296768, 26.062602408692776], [-80.38979522336265, 26.06259640884157], [-80.39030822404949, 26.06259240832667], [-80.39126022405313, 26.062557408736257], [-80.3917862248489, 26.06255740862743], [-80.39236722503519, 26.062535408788612], [-80.3928222249189, 26.06252940861807], [-80.39323522511044, 26.062554408571657], [-80.39328522586156, 26.062555408501943], [-80.3937292260067, 26.062560408455724], [-80.39385822634668, 26.062563408873835], [-80.39398022646616, 26.062543408529663], [-80.39413722642195, 26.062505408296442], [-80.39430522593359, 26.062491408275626], [-80.39571822693974, 26.06246740836928], [-80.39637122782784, 26.0624654082758], [-80.39870122900118, 26.062393408452195], [-80.40125122988779, 26.0623214079249], [-80.40375323223599, 26.06225040794163], [-80.40601023290063, 26.06220440793138], [-80.40985923538896, 26.062115407473687], [-80.40987423503336, 26.062115407401897], [-80.41004323564175, 26.062113408177566], [-80.41160123596967, 26.06209940768755], [-80.41336723717093, 26.06206640732298], [-80.41722323923683, 26.061934407585674], [-80.41786123968383, 26.061931407529645], [-80.41790723990833, 26.061930406918908], [-80.41897924072376, 26.06190140737368], [-80.41961724151273, 26.06189040756472], [-80.4213482421307, 26.06181440703772], [-80.42253024296124, 26.061788407073607], [-80.42478924429523, 26.061790407209763], [-80.42594124464479, 26.061791406756353], [-80.42601224528974, 26.061791406503747], [-80.42670324570095, 26.06180740716986], [-80.42683124528907, 26.061811406773703], [-80.42804024634515, 26.061832407184298], [-80.4306332470364, 26.061849406609436], [-80.43167724785027, 26.06183740668202], [-80.43189824840104, 26.061845406388805], [-80.43331524907254, 26.06184140682226], [-80.43364024882915, 26.061859407103917], [-80.43444224935699, 26.06190240700893], [-80.4346582503814, 26.061915407023736], [-80.43740225150059, 26.061931406569727], [-80.44016325288254, 26.06194040634448], [-80.44198103709542, 26.061945340947844], [-80.441893630759, 26.05863710453653], [-80.4419278673864, 26.051409197972248], [-80.44198491772146, 26.044184582121535], [-80.44136600659873, 26.036553826751042], [-80.44140006084322, 26.029364186561754], [-80.44110386466322, 26.02187406069025], [-80.44080769768586, 26.014383697830603], [-80.4408391680502, 26.007793348395325], [-80.44054303533558, 26.00030297132482], [-80.4405785017996, 25.9928140993754], [-80.43994968875424, 25.985621852370027], [-80.43998375140787, 25.978432392546924], [-80.43968796287152, 25.970941986541106], [-80.43938936329592, 25.964050658175427], [-80.4393834849705, 25.957048111221393], [-80.43938357243617, 25.956869047929967], [-80.43855751171817, 25.95685360995604], [-80.4357952458147, 25.956859352847097], [-80.43577524508372, 25.956859353443306], [-80.43365924455773, 25.95691535362228], [-80.43154524267264, 25.956972353404762], [-80.43136424290871, 25.956974353380826], [-80.43118124279819, 25.956974353110667], [-80.43082224217598, 25.956975353356988], [-80.4304812421433, 25.956975353867694], [-80.42376023797969, 25.95695635383992], [-80.40873122977037, 25.956912354220663], [-80.4073872288902, 25.956948353889402], [-80.40737622856501, 25.9569483540001], [-80.40722722841647, 25.956949354425884], [-80.40713822833135, 25.956949354717167], [-80.40703922837437, 25.95695135400016], [-80.40391622708113, 25.95697435475212], [-80.39353822061848, 25.957052354734312], [-80.39008621897928, 25.957031355179915], [-80.38714321653799, 25.957079354798836], [-80.37833521143753, 25.95708035575925], [-80.37540021035393, 25.95708135573746], [-80.375316209908, 25.957081355323663], [-80.37521620975595, 25.957081355327958], [-80.37514520956613, 25.957081355848327], [-80.37507220941669, 25.95708135582604], [-80.3749822097928, 25.957082355639407], [-80.37469820968165, 25.957073355828157], [-80.37384820864501, 25.95706635540062], [-80.37356520883685, 25.957078356042647], [-80.37297220835976, 25.957062356053264], [-80.37064820718462, 25.9570453554984], [-80.37005020709003, 25.95704135594273], [-80.36647120521893, 25.957054355645074], [-80.36189820191738, 25.9570553562494], [-80.3590562006694, 25.95705635617289], [-80.35898220077003, 25.95705735638366], [-80.35758419916613, 25.957040356760487], [-80.35339119673435, 25.956991356589278], [-80.352093196003, 25.95697735644687], [-80.35205519584702, 25.95697735610188], [-80.3513891960741, 25.956972356855136], [-80.35034419497264, 25.957000356846134], [-80.3493441945811, 25.957019356241922], [-80.34833919371906, 25.957030356747318], [-80.34709119359154, 25.957045356502633], [-80.34531319242595, 25.957065357186597], [-80.3441161912961, 25.95706235728622], [-80.34358119102662, 25.957121357081412], [-80.3431141908274, 25.957171357115673], [-80.34303419143497, 25.957173357289268], [-80.34298119139841, 25.95717635730657], [-80.34293019076024, 25.95718035658106], [-80.34282019069161, 25.95717935729559], [-80.34194119022158, 25.957179356581907], [-80.34164319011956, 25.957180356927854], [-80.34125819014564, 25.95717835674341], [-80.34120218951657, 25.957176357140803], [-80.34114618946602, 25.95717335738688], [-80.34088218960541, 25.95716235673899], [-80.34073118948179, 25.957155357083415], [-80.34028018902701, 25.957136357523364], [-80.34013018887897, 25.957130357417032], [-80.34004818905635, 25.957126356862318], [-80.33992518924258, 25.957121356977733], [-80.33931018895638, 25.957095356754554], [-80.33910618834464, 25.957087357139933], [-80.33831418866497, 25.957090357289843], [-80.33600918696067, 25.957097357391728], [-80.33325318541881, 25.957106357179725], [-80.33179018402384, 25.957111357274297], [-80.32672718191152, 25.957126357936037], [-80.32671718145639, 25.95712735760015], [-80.32444317976064, 25.957135357518585], [-80.32362117959063, 25.957138357545595], [-80.32237217868128, 25.957142357381596], [-80.31862517664113, 25.95715435812245], [-80.31737717589635, 25.957159357605043], [-80.31660317570666, 25.957161357990465], [-80.31428317379411, 25.957169358480346], [-80.31351017346671, 25.957172358022746], [-80.31340317368318, 25.95717235796377], [-80.31308217371092, 25.957174358469445], [-80.31297617359166, 25.957175358452858], [-80.31279917359674, 25.957175357961535], [-80.3122701725761, 25.957175358365124], [-80.31209417324632, 25.95717635828275], [-80.31200517302194, 25.957176357856], [-80.31173917281873, 25.957176358295165], [-80.31165117224661, 25.957177358017855], [-80.31153617268711, 25.95717735826384], [-80.31127717216488, 25.957179357995273], [-80.31119117236886, 25.957179357800207], [-80.31107717229021, 25.957179357923046], [-80.31103017199453, 25.95717935814426], [-80.31092117228823, 25.957179358468764], [-80.31089117205933, 25.95717935831032], [-80.31084517224254, 25.95717935781716], [-80.31083117160199, 25.957179357974802], [-80.31079017214954, 25.957179358698134], [-80.31077717198652, 25.957179358196957], [-80.31074617194864, 25.95717735840831], [-80.31068617232737, 25.957176357888272], [-80.3106531723413, 25.957174358487666], [-80.31062217164296, 25.95717435802358], [-80.31055517153692, 25.957172358290926], [-80.31035817162476, 25.95716935848798], [-80.31029217216779, 25.957168358112273], [-80.31025617193669, 25.957167357997935], [-80.31014817124307, 25.957164358503892], [-80.31011317165247, 25.95716435783396], [-80.30223316730287, 25.95697935815724], [-80.30190616721947, 25.956980358100456], [-80.30170716648998, 25.956981358156654], [-80.29898416506511, 25.956904358358454], [-80.29882716500892, 25.95690135870765], [-80.29867216478038, 25.956896358390335], [-80.29591960122856, 25.956802143030835], [-80.29497756461079, 25.95679758085555], [-80.29498016285369, 25.956915358390027], [-80.29498116307873, 25.95693835894607], [-80.29498116254156, 25.956952358907557], [-80.29507216322752, 25.96051536055451], [-80.29507716343142, 25.963564361987252], [-80.29508016302155, 25.96424536273552], [-80.2950811632868, 25.96457836242145], [-80.29509016343223, 25.965054363002647], [-80.2950941633153, 25.965263362629354], [-80.29512016337844, 25.966691363793498], [-80.29515316387646, 25.96850336458042], [-80.29515916303646, 25.968808365066547], [-80.29519216359702, 25.970579365650668], [-80.29510916304261, 25.970581366088833], [-80.29500216345973, 25.970584366152043], [-80.29488116367617, 25.97058736563087], [-80.29479916370353, 25.97058936534969], [-80.29159316155494, 25.970667365589378], [-80.2863801581757, 25.970794366469544], [-80.28197515614276, 25.970899366441373], [-80.2791691544536, 25.97096736684067], [-80.27881615444889, 25.970975366796367], [-80.27876915365366, 25.970977366626148], [-80.27874315428858, 25.970978366268078], [-80.27870515398634, 25.970978366454137], [-80.27867115392213, 25.97097936683046], [-80.27856115403821, 25.970982366851036], [-80.27851315386808, 25.970982366787513], [-80.27845015367829, 25.970984366191235], [-80.27534415198826, 25.971046366333937], [-80.26602514628935, 25.97123436688775], [-80.26292014417068, 25.971297367098195], [-80.2628331445797, 25.971299367454574], [-80.26257314439447, 25.97130536697893], [-80.26248714413592, 25.971308367825475], [-80.26243014440989, 25.971309367234447], [-80.26234514398399, 25.97131136755582], [-80.26225914397214, 25.971313367245347], [-80.26220314457899, 25.971315367270424], [-80.2617951441488, 25.971326366989945], [-80.26057114374576, 25.971362367726073], [-80.26049214354185, 25.9713653670418], [-80.26016414262229, 25.971377367522948], [-80.25788314200472, 25.971463367648578], [-80.2510431376864, 25.97172336808533], [-80.24876313654094, 25.97181136773464], [-80.2486401365497, 25.971815367888826], [-80.24827013621882, 25.971829368179197], [-80.24814813642672, 25.97183436781159], [-80.24787213593366, 25.971844368363787], [-80.24704413487575, 25.971875367879566], [-80.24697613561803, 25.971878368292813], [-80.24692913550648, 25.971879368483215], [-80.24676813499639, 25.97188336789584], [-80.24672013529089, 25.971884368231926], [-80.24664413506598, 25.971885368132703], [-80.24660113469282, 25.971885368157274], [-80.24653913472437, 25.971886368668695], [-80.24647313540054, 25.971887368189662], [-80.24643113523692, 25.971888368072957], [-80.24356613355377, 25.971939368277877], [-80.23806213047602, 25.9720373687891], [-80.2350541281866, 25.972091368478825], [-80.234215127328, 25.972107369114365], [-80.23345412736647, 25.97212136889467], [-80.23210912663052, 25.972145369071566], [-80.23140812610164, 25.972184368784543], [-80.23068812592469, 25.97222536903927], [-80.23016812512701, 25.97223436897311], [-80.23008112521707, 25.972235369357634], [-80.22998212522366, 25.972236369030377], [-80.2299201250841, 25.972237368732912], [-80.22976412528331, 25.972244368939656], [-80.22969012561627, 25.97224236932764], [-80.2295911246664, 25.97224136939988], [-80.22959812475422, 25.972388369433606], [-80.22960612490374, 25.97259936951969], [-80.22962712507906, 25.97311136963644], [-80.2296321256603, 25.97323236955779], [-80.22964112496403, 25.97344436963742], [-80.22973812568915, 25.97513437067794], [-80.22975012536612, 25.975334370851648], [-80.22978812553434, 25.976735371829285], [-80.22981912550166, 25.9775063714972], [-80.22990212588411, 25.979348373120974], [-80.22992712525252, 25.980210373535403], [-80.22994212547114, 25.980714373678094], [-80.22996612575879, 25.981218373843696], [-80.22996812536283, 25.981768374060927], [-80.22996912540057, 25.981903374003423], [-80.22994512548425, 25.982489374391925], [-80.22991812603246, 25.98285237491086], [-80.22982712576466, 25.983754374934854], [-80.2297981256747, 25.983958375528463], [-80.22972512577199, 25.984482374981518], [-80.22963812559635, 25.98496037582267], [-80.22940712608442, 25.985955375923496], [-80.22925912578224, 25.98655637681058], [-80.22893312549667, 25.987601377192227], [-80.22858012491275, 25.98853937760471], [-80.22823812475464, 25.989373377876042], [-80.22800412465558, 25.989864377889603], [-80.22784812451305, 25.9902063780974], [-80.22755812469214, 25.990687378709158], [-80.22725212423043, 25.991214378692188], [-80.22698312415957, 25.99164837930056], [-80.22690612466496, 25.991772378868752], [-80.22649712443572, 25.992365379140807], [-80.22648012461963, 25.9923903794938], [-80.22608712376994, 25.993009380294748], [-80.22594212432736, 25.993190380177985], [-80.22561112346519, 25.993632380119987], [-80.2254141241805, 25.993877380772684], [-80.22486112313494, 25.99453138061942], [-80.22472812339156, 25.994689380450026], [-80.2243961235515, 25.99502038132172], [-80.22424012316505, 25.995177380884297], [-80.22435812299581, 25.995173381423907], [-80.22444712351275, 25.99517038083924], [-80.22447612325298, 25.99517038107809], [-80.22462912323788, 25.995163380971775], [-80.2247821232091, 25.995156380703186], [-80.22498212371998, 25.995146380853537], [-80.22507012398987, 25.995142380732236], [-80.22520212332023, 25.995137380555384], [-80.22527812360018, 25.995134381127386], [-80.22542112367054, 25.99512738077773], [-80.22585012366778, 25.995108380905727], [-80.22599412390574, 25.995102380939805], [-80.22623412437889, 25.99509638082324], [-80.22695512503812, 25.995077380602005], [-80.22719612467858, 25.995072380728423], [-80.2274061245587, 25.995066380845063], [-80.22803512524318, 25.995050380573595], [-80.22824612531154, 25.99504538040578], [-80.22834612591822, 25.99503938071375], [-80.22864812518941, 25.995023380363563], [-80.22874912547435, 25.995019380531442], [-80.22882912622683, 25.995017380819387], [-80.22907112598317, 25.995013380553804], [-80.22915212598211, 25.995012380685043], [-80.22923112647867, 25.995009380723445], [-80.22947112624323, 25.995002380528287], [-80.22955112598423, 25.995000380411007], [-80.22965312648442, 25.994997380873333], [-80.22996212685239, 25.99498738053117], [-80.23006512659768, 25.994985380718585], [-80.23030712676707, 25.994982380302357], [-80.23103612655626, 25.994975381058037], [-80.23128012724929, 25.994974380846514], [-80.23194512732532, 25.99497438065525], [-80.23209312779548, 25.994975380388887], [-80.23290612794857, 25.99497538066184], [-80.23375512830282, 25.994955380689767], [-80.23394012875626, 25.994950380696974], [-80.23402612913682, 25.994948380998647], [-80.2346051287733, 25.994936380230644], [-80.23536612947873, 25.99492538090182], [-80.23765213061628, 25.99489238009472], [-80.23841413142223, 25.9948823800296], [-80.23935913151128, 25.99487038049297], [-80.24219713391275, 25.994836379722585], [-80.24314413391335, 25.994825380472776], [-80.24394813464168, 25.99482938033157], [-80.24540613509119, 25.99483937962064], [-80.24636113630187, 25.994826380051233], [-80.24716613662615, 25.99481638006597], [-80.2472071361686, 25.994815380317444], [-80.24727813686891, 25.994815379742917], [-80.24732513673986, 25.99481537970903], [-80.24737113633785, 25.9948113803148], [-80.247414136938, 25.994814379644236], [-80.24746913708472, 25.994814379668092], [-80.24754413629974, 25.994813379793246], [-80.24758813681379, 25.99481338031809], [-80.24774913700337, 25.99480837951104], [-80.24823613763361, 25.994793379652847], [-80.24839813719217, 25.994789379820702], [-80.24858913759357, 25.99478238028547], [-80.24916213725307, 25.994765379712945], [-80.24935413765212, 25.9947603800736], [-80.25019613840963, 25.994714379579996], [-80.25272413989724, 25.99457938005191], [-80.25356713990602, 25.994534379606236], [-80.25368014065926, 25.994527379691583], [-80.2540201403482, 25.994510379607362], [-80.25413414052412, 25.99450437919133], [-80.25468514074137, 25.99447637918254], [-80.25568114173963, 25.994426379640696], [-80.25621714209538, 25.994403379314228], [-80.25633914143634, 25.99440037982358], [-80.25687014251213, 25.994391379171308], [-80.25689114193692, 25.99439137964328], [-80.25693714221926, 25.994390379354876], [-80.25699814253045, 25.994388379263704], [-80.2577141430461, 25.994366379115874], [-80.26014914417895, 25.9942953790402], [-80.26018614411083, 25.99429537873432], [-80.26101114421738, 25.994295378880025], [-80.26323314571026, 25.994301379366394], [-80.2632591458901, 25.99515437955629], [-80.26334614591973, 25.99786538080759], [-80.26337514579411, 25.998770381160064], [-80.26339814642883, 25.999259381899606], [-80.26346814600444, 26.000726382682583], [-80.26349214679703, 26.001216382181042], [-80.26349314606358, 26.00124338228028], [-80.26349714646165, 26.00132538238362], [-80.26349914632888, 26.001353382278516], [-80.26350014684009, 26.001379382267526], [-80.26350314664495, 26.001460382573335], [-80.26350514675894, 26.001487382352916], [-80.26350914629143, 26.001626382743922], [-80.26352314661769, 26.002043383264013], [-80.26352814677934, 26.00218338344068], [-80.26353214643312, 26.00229738272639], [-80.26354414667266, 26.002642383635067], [-80.26354814610193, 26.00275738302846], [-80.26354914673314, 26.002799383061745], [-80.2635531467561, 26.00292838317496], [-80.26355514699756, 26.00297138390056], [-80.26356014664034, 26.003138383573738], [-80.26357714684261, 26.00364138396756], [-80.26358314613573, 26.003809384319027], [-80.26358614676734, 26.003965384254908], [-80.26359714641485, 26.004433384287633], [-80.26360114693092, 26.00458938388663], [-80.26360414671238, 26.0047283845445], [-80.26361314708335, 26.00514538470264], [-80.26361714675352, 26.00528438502633], [-80.26362914670398, 26.00598938493951], [-80.2636631470665, 26.00781238559855], [-80.26367514724775, 26.00810638579555], [-80.2636961467638, 26.008617386382024], [-80.26370414653229, 26.008812386376306], [-80.26371414723242, 26.009060386404492], [-80.2637461470876, 26.009805386797826], [-80.26375714657514, 26.01005438748019], [-80.26376614693469, 26.010181387427], [-80.26379514719181, 26.010561387388826], [-80.26380514729668, 26.01068938711549], [-80.26381014744017, 26.0107653870022], [-80.26382814693864, 26.010996387830104], [-80.26383414678824, 26.011073387502574], [-80.26383614706903, 26.011133387424007], [-80.26384314711218, 26.011316388104163], [-80.26384614708446, 26.01137738781273], [-80.26385514668415, 26.011619388285887], [-80.26388414726165, 26.01234638823054], [-80.26389414765629, 26.012589388466335], [-80.26389714678002, 26.01269938835804], [-80.26390914698422, 26.013029388870372], [-80.26391314706557, 26.01313938843619], [-80.26393214718338, 26.013703389068358], [-80.26398914696492, 26.015396389916727], [-80.26400814728278, 26.01596139049277], [-80.26401314726948, 26.01611338996997], [-80.26402814726474, 26.01656939018837], [-80.26403414700854, 26.01672239034397], [-80.26403714771803, 26.016859390553527], [-80.26404814709532, 26.017273390845812], [-80.26405214755589, 26.01741139083333], [-80.2640561473262, 26.017556390709668], [-80.26407114736921, 26.017992391270564], [-80.26407614790661, 26.018138390928645], [-80.2640811474193, 26.018280391025957], [-80.26409614802841, 26.01871039176718], [-80.2641021473213, 26.018853391641375], [-80.26410914785419, 26.018995391983154], [-80.26413014805401, 26.01942339140665], [-80.2641371473948, 26.01956639184476], [-80.2641411477526, 26.01970939235745], [-80.26414614809651, 26.01988139222698], [-80.26415314786917, 26.020138392068976], [-80.26415514758824, 26.020197391800746], [-80.26414914798292, 26.020282392574803], [-80.26417214827266, 26.020847392382148], [-80.2641771473102, 26.020942392507347], [-80.26417914815437, 26.02098439301724], [-80.26418614790882, 26.021134392416148], [-80.26419914820782, 26.021563392624284], [-80.26420414766282, 26.02170639276904], [-80.26421114736394, 26.021844393500466], [-80.26423214831257, 26.022259393093588], [-80.2642401478427, 26.022398393601527], [-80.26424514800536, 26.022559393064654], [-80.2642621475813, 26.023042393485778], [-80.26426814780221, 26.02320339351255], [-80.26426814841129, 26.023217394197633], [-80.26426914756033, 26.023262393545426], [-80.26427014795729, 26.023277394017168], [-80.26429214835491, 26.023977393843165], [-80.26436114836456, 26.026078394764465], [-80.26438414819543, 26.026779395916584], [-80.26438714831568, 26.026862395269035], [-80.26439614867564, 26.02711139602871], [-80.26439914780761, 26.027194395372405], [-80.26440114794933, 26.027256395388203], [-80.26440814819983, 26.027443396121072], [-80.26441114817113, 26.02750639592079], [-80.26441614836675, 26.027610396076156], [-80.26443114799302, 26.027922396528368], [-80.26443714828483, 26.02802639635238], [-80.26444714802844, 26.028208396425388], [-80.26448014862389, 26.028754396547676], [-80.26449114830271, 26.02893739638779], [-80.26456314819637, 26.029899397058884], [-80.26458814863749, 26.030554397449425], [-80.2645911489534, 26.030749397593627]]]}, "properties": {"OBJECTID": 2, "LONGNAME": "District 2", "SHORTNAME": "D2", "DISTRICT": 2, "SHAPE_STAR": 2083725942.54, "SHAPE_STLE": 218276.019251, "GLOBALID": "{DAD4BE8F-9145-49CA-B9AB-AED5905DB749}", "CREATED_USER": null, "CREATED_DATE": null, "LAST_EDITED_USER": null, "LAST_EDITED_DATE": null, "Shape__Area": 2083725942.53596, "Shape__Length": 218276.019251494, "district": 2}}, {"type": "Feature", "id": 4, "geometry": {"type": "Polygon", "coordinates": [[[-80.20306912713092, 26.327834550819826], [-80.20312712664547, 26.327832550889653], [-80.2031651269659, 26.327831550852324], [-80.20380012767659, 26.327809551322567], [-80.20385212746682, 26.32780755117111], [-80.20408812747436, 26.327831550807254], [-80.20416712779699, 26.32785155110206], [-80.20418631193625, 26.32785651891894], [-80.20421330733791, 26.32785670758944], [-80.20438393857896, 26.3279076930473], [-80.20522912803102, 26.3281265510254], [-80.20635112895202, 26.32846955111238], [-80.20707012984117, 26.32868655157657], [-80.20758812985584, 26.32884255105486], [-80.20766412961959, 26.328862550906553], [-80.20803613008945, 26.328973551204925], [-80.208752130055, 26.329188551889153], [-80.2088261300681, 26.329213551241345], [-80.20990313100073, 26.329538551405427], [-80.21025113127675, 26.329643551445763], [-80.21032713181768, 26.32966255164567], [-80.21175213232145, 26.33009255152505], [-80.21265813284735, 26.330375552072347], [-80.21550713480592, 26.331229552002615], [-80.21614542187817, 26.331421038793973], [-80.22219163748942, 26.333226899643552], [-80.22262513860501, 26.33335355279425], [-80.22291013944368, 26.333438553103864], [-80.22362713959318, 26.3336515532564], [-80.22429614028839, 26.333850553642755], [-80.22484413974398, 26.33401255307325], [-80.22623214130445, 26.334425553190382], [-80.22648814155802, 26.33450155357865], [-80.22687714121759, 26.334617553332173], [-80.22703614100192, 26.334665553871098], [-80.22710114121597, 26.334665553293092], [-80.22724514115845, 26.334665553515432], [-80.22730014131317, 26.334667553217628], [-80.22736914136112, 26.334670553518368], [-80.22776314203742, 26.334789553673357], [-80.23038614327353, 26.335608553523226], [-80.23228914494901, 26.336202554278547], [-80.23472814594778, 26.33696355463325], [-80.23486614641898, 26.337006554159125], [-80.23509373054347, 26.33707757684], [-80.24977515486566, 26.34145754972046], [-80.24977515506782, 26.34136555613048], [-80.25113515555483, 26.341699556366077], [-80.25123015632805, 26.341727556457244], [-80.2607181621345, 26.34457755733847], [-80.26776316560947, 26.3467155580275], [-80.27012616743797, 26.34743355803049], [-80.28343117514956, 26.351428559592478], [-80.28347517533848, 26.351464559272326], [-80.29688618317857, 26.35544056128932], [-80.29697002032985, 26.35549879461905], [-80.29697278300384, 26.340425178304983], [-80.29691518253483, 26.335475551219435], [-80.29693518253204, 26.334579550590714], [-80.29697449493138, 26.334429323292607], [-80.29697475869284, 26.334373225612175], [-80.29699336330359, 26.330535051328255], [-80.29700911346767, 26.327295229610375], [-80.2970242147317, 26.32415755185642], [-80.29704718172913, 26.31778954221738], [-80.2970501819035, 26.317280541919683], [-80.2970617205863, 26.31668086071012], [-80.29706881743878, 26.315333564459173], [-80.29706318170979, 26.315267540734016], [-80.29706937635174, 26.315227512933287], [-80.2970912447774, 26.311076170125403], [-80.29713657908462, 26.302127438347718], [-80.29717286593873, 26.294844232131673], [-80.29720939128362, 26.287561019722098], [-80.29724305371175, 26.280286039323588], [-80.29727670205371, 26.273010822259266], [-80.29731183158158, 26.265740419594618], [-80.29734720111631, 26.25846978151532], [-80.29738234074613, 26.251192486394903], [-80.29741721050516, 26.243915181713746], [-80.29744461128564, 26.23665136055195], [-80.29747199742988, 26.22938753202802], [-80.29747351585404, 26.22915198948273], [-80.29747217788952, 26.229119497182502], [-80.29747554054256, 26.228837852111308], [-80.29754291336779, 26.21838623032851], [-80.29756720425904, 26.208244423334715], [-80.29758616999419, 26.203856409668887], [-80.29759910282029, 26.200938862410446], [-80.29763056270292, 26.19367234800091], [-80.29736617619068, 26.19367047935886], [-80.29658817543944, 26.193666479073805], [-80.2955271742407, 26.193659478862532], [-80.29545817493084, 26.193659479464113], [-80.29544317469234, 26.193659479117688], [-80.29535317426145, 26.193658479624865], [-80.29504817408855, 26.19365647910629], [-80.29486517390437, 26.193649478841458], [-80.29468317398263, 26.193654478960696], [-80.2930751728731, 26.193605479170476], [-80.29183917258418, 26.19359947914188], [-80.29153717234873, 26.193594479349084], [-80.2911291717565, 26.193596479046096], [-80.29106117200456, 26.193596479756195], [-80.29085617217811, 26.19359847965668], [-80.29078917186384, 26.193599478939696], [-80.29017717187027, 26.19360447957232], [-80.28834217022084, 26.19362147909031], [-80.28773117052833, 26.19362847986246], [-80.28750316952738, 26.193631479442082], [-80.28737316986447, 26.19363247923226], [-80.28629816914882, 26.193646479861272], [-80.28594116883244, 26.193651479818143], [-80.28562616891622, 26.19365447965792], [-80.28468116793486, 26.193665479729155], [-80.28436716826826, 26.193670479261442], [-80.28421116829323, 26.193669479358935], [-80.2836481675754, 26.19366747960617], [-80.28348216769757, 26.193667479760414], [-80.28082816654859, 26.19366447941883], [-80.27994416572486, 26.193663479580476], [-80.2791531654039, 26.193664480163477], [-80.2767811640124, 26.193669479975018], [-80.27608516322476, 26.19367248015723], [-80.27521016252584, 26.19367547972689], [-80.27286916164581, 26.19368647967346], [-80.27208916050594, 26.193690480120868], [-80.27129216012302, 26.193690480133785], [-80.27064016037482, 26.19369047978503], [-80.27025016032255, 26.193690480632515], [-80.26890015953313, 26.19369248036948], [-80.26824215886292, 26.1936934802663], [-80.26810415871473, 26.193693480524193], [-80.26702915779067, 26.193692480161076], [-80.26380615617973, 26.1936924801904], [-80.26273215511536, 26.1936924809007], [-80.26220815488087, 26.19369748037793], [-80.26203515549726, 26.193699480539173], [-80.26079215447979, 26.193700480827584], [-80.26063615416845, 26.1936994806309], [-80.26011215348458, 26.193696480779437], [-80.26000715427242, 26.193696480512376], [-80.25969515343556, 26.19369848040882], [-80.2595911533829, 26.193699480555676], [-80.25889315331064, 26.193700480943917], [-80.25680115170626, 26.193705480410156], [-80.2561041519741, 26.19370748064309], [-80.25527915085449, 26.193707480917826], [-80.25280714950493, 26.19370748067557], [-80.25215014893874, 26.19370748065857], [-80.25198314924374, 26.193707480782727], [-80.2511951490798, 26.193710480581373], [-80.24883414746998, 26.193721480736023], [-80.24841314688462, 26.193723480921904], [-80.24804814701123, 26.193725481040538], [-80.24723614589156, 26.19372548146461], [-80.24480014475947, 26.193728481681745], [-80.24398914456907, 26.19373048093732], [-80.24319014415295, 26.193732480977356], [-80.2407921428041, 26.19373848168059], [-80.24042314272683, 26.193739481868207], [-80.23999414163362, 26.193741481058716], [-80.23919714197292, 26.19374248113223], [-80.23680713986887, 26.193749481246538], [-80.23601113944002, 26.193751481688025], [-80.23601413994118, 26.193912481672534], [-80.23601513954225, 26.194000481905775], [-80.23603014023094, 26.194751482538745], [-80.2360361398013, 26.19500148259559], [-80.23603813950308, 26.1950844822824], [-80.2360441400449, 26.195336482504768], [-80.23604614022994, 26.195420482276173], [-80.23604713961645, 26.195495482278794], [-80.23605313935794, 26.195785483031283], [-80.23607114029288, 26.196602483402998], [-80.23607313976903, 26.196883482859928], [-80.23607613988378, 26.19725048323832], [-80.23607713971369, 26.19737448380265], [-80.23608113962227, 26.19742648331232], [-80.23608413944983, 26.197458483925118], [-80.23610213953137, 26.197694483239623], [-80.23612313968913, 26.197954483376453], [-80.23613713959281, 26.198131483472782], [-80.23615414053809, 26.19835748382448], [-80.236208140259, 26.199035484498047], [-80.23622713994976, 26.199262484684507], [-80.2362321405034, 26.199410484133768], [-80.23625013977542, 26.19985448484075], [-80.23625614036548, 26.200003485160007], [-80.23626314063043, 26.200194485332652], [-80.23628514001058, 26.2007694849748], [-80.23629314035135, 26.20096148510681], [-80.23629314054078, 26.20097648548034], [-80.23629614016527, 26.201024485629446], [-80.23629714037797, 26.201040485079105], [-80.2362471404991, 26.201040484967603], [-80.23542714008302, 26.201045485041558], [-80.23380313838516, 26.20105648516161], [-80.23296713834374, 26.201063485433753], [-80.23214813799149, 26.20106948576183], [-80.2319201375058, 26.201069485170866], [-80.23123713761649, 26.201069485679422], [-80.23101013712962, 26.201070485464058], [-80.23082213672392, 26.20106948567954], [-80.23025813656095, 26.201066485759856], [-80.2300711367266, 26.201065485835176], [-80.22969613597213, 26.20106448539501], [-80.22857113568678, 26.201063485607126], [-80.22819613543868, 26.201063485855332], [-80.22800313532301, 26.201069485931523], [-80.22768813475193, 26.20108048555574], [-80.22616413380915, 26.20113348578138], [-80.22573613385569, 26.201148485458177], [-80.22565613428507, 26.201149485436968], [-80.22549613375013, 26.201150486072663], [-80.22502013369606, 26.201154485989242], [-80.22486113308658, 26.201156485973343], [-80.22468913373527, 26.20115648595386], [-80.22417413362058, 26.201157485613916], [-80.22400313319473, 26.20115848573202], [-80.2237581326721, 26.201158486087852], [-80.22302413206994, 26.201159485627937], [-80.22278013247981, 26.20116048619686], [-80.22224013213734, 26.201164485799694], [-80.22062213058697, 26.201180486310573], [-80.22008313112548, 26.20118548602445], [-80.21998813115754, 26.201185486275797], [-80.21970513067977, 26.20118648584851], [-80.21961113059061, 26.201187485941848], [-80.21950013004766, 26.201187485709827], [-80.21917012969575, 26.201189486515503], [-80.21906013002874, 26.201190486043917], [-80.21868112984926, 26.201166486518485], [-80.2175451295568, 26.201096485764964], [-80.21716712892827, 26.201073485973907], [-80.21679412865173, 26.20107448641018], [-80.2156761283643, 26.20108048580994], [-80.2153041279702, 26.20108248610973], [-80.21509312740673, 26.20108348577112], [-80.21446012731381, 26.20108848577766], [-80.2142501268705, 26.20109148621694], [-80.21376112706287, 26.20109048665543], [-80.21229412618683, 26.201088486191836], [-80.21180612635524, 26.201088486443155], [-80.21180712552743, 26.200665486342174], [-80.21181212560151, 26.199399485375995], [-80.21181412535368, 26.198977485325496], [-80.21181212527543, 26.198855485154905], [-80.21180912539126, 26.19849248506955], [-80.21180812609397, 26.19837148504082], [-80.21180712613902, 26.198314484827257], [-80.21180512577793, 26.19814348514749], [-80.21180512560203, 26.19808748507646], [-80.21173812523955, 26.19808648522657], [-80.2115371259756, 26.19808648484249], [-80.21147112539528, 26.198086485014354], [-80.21137912558804, 26.198086485236225], [-80.21138012590058, 26.19757348485216], [-80.21137912493988, 26.1975044845479], [-80.20842412387618, 26.197508484525564], [-80.20797412313313, 26.197507484274684], [-80.2078751235435, 26.197508484421807], [-80.20786712303692, 26.197245484859433], [-80.20784212336882, 26.19601548348617], [-80.20782712334884, 26.19572648382454], [-80.20783312352773, 26.19546248358934], [-80.20782912295836, 26.195350484009637], [-80.20779812321662, 26.193954482642294], [-80.20779412301307, 26.193877483198268], [-80.20741212284594, 26.193878483249694], [-80.20718212277211, 26.193876483046587], [-80.2041661209975, 26.193884482796133], [-80.20383312089679, 26.1938844825525], [-80.20383112111011, 26.194027483100758], [-80.2038321204466, 26.194095483322315], [-80.20385012106856, 26.194983483503787], [-80.20385612129226, 26.195279483841894], [-80.20386612068553, 26.195370483372034], [-80.2038741213392, 26.19557048428108], [-80.20388112079355, 26.19646848469032], [-80.2039561208427, 26.200018485650205], [-80.20372212100317, 26.200295486310925], [-80.20361812151754, 26.20042148660697], [-80.20308012066131, 26.201064486549168], [-80.20260412065491, 26.201631487105836], [-80.20226612012344, 26.202035487414587], [-80.2021231204063, 26.202204487587668], [-80.20169612040148, 26.20271448769057], [-80.20155512029709, 26.202884487601043], [-80.2013711199925, 26.20310348808845], [-80.20081811954049, 26.203761487967608], [-80.20072311970192, 26.203875488120044], [-80.20063511918366, 26.20398148856136], [-80.1996251189793, 26.205213488556968], [-80.19870711836649, 26.206336489376618], [-80.19799711812436, 26.207115489586947], [-80.19671111752831, 26.2086194910702], [-80.19651611681522, 26.208841490436395], [-80.19609211716495, 26.20932649100702], [-80.19557111650997, 26.20992249153367], [-80.19557711662111, 26.21030449162975], [-80.19557611718814, 26.21051449153431], [-80.19557911697794, 26.210761492309103], [-80.19560111705569, 26.212296492588973], [-80.19560811651534, 26.212885493421943], [-80.19563611725022, 26.215047493983416], [-80.19581211675083, 26.215046493641122], [-80.19676511795709, 26.21504249405783], [-80.19708311797518, 26.215041493774887], [-80.19716111764416, 26.215040494184944], [-80.19739811790105, 26.215039494016622], [-80.197478118022, 26.215039493764603], [-80.19783911792244, 26.215037494340862], [-80.19892611944543, 26.21503249404736], [-80.19928811919422, 26.21503149392424], [-80.19938511940715, 26.215031494312264], [-80.19944411926033, 26.213090493039925], [-80.19944411934682, 26.2130044926535], [-80.19969011951376, 26.212907492438163], [-80.19996911979295, 26.212904493193864], [-80.20080912022658, 26.212899492948054], [-80.20108912049687, 26.212898492730577], [-80.20110912028014, 26.21292749238837], [-80.20114312018107, 26.212946493222354], [-80.20118712067767, 26.212955492861404], [-80.20170112015376, 26.212952493101078], [-80.20288212102844, 26.212945492303067], [-80.20288612143793, 26.213096492934188], [-80.20289212166156, 26.213391493379227], [-80.20290412129269, 26.21391949298204], [-80.20290512135657, 26.213984493690692], [-80.20291412087546, 26.214333493293886], [-80.20293212168764, 26.215019493327976], [-80.20355812136131, 26.215016494142724], [-80.20410112152817, 26.21501149389749], [-80.20410212220435, 26.21503149378362], [-80.20412212235942, 26.215782494538896], [-80.20421112189038, 26.21908749604497], [-80.20421312193534, 26.2191504957733], [-80.20439612257188, 26.219149495799535], [-80.20439712271788, 26.219171495826597], [-80.2043991222397, 26.219226495830192], [-80.2043991219386, 26.21926449607945], [-80.2044001223353, 26.219381496282395], [-80.20440112193043, 26.219420495823794], [-80.20440112205966, 26.219470496105778], [-80.20440412213468, 26.21962349573116], [-80.20440512215609, 26.219674496207304], [-80.20440512228397, 26.219724496487597], [-80.2044071224234, 26.219861496550607], [-80.2044071226685, 26.219877495991195], [-80.20440812269027, 26.21992849646562], [-80.20440912240353, 26.220012495893663], [-80.204409121969, 26.220079496587683], [-80.2052161225795, 26.220080496029034], [-80.20707412372467, 26.22008149586882], [-80.20718312459135, 26.220081495878524], [-80.20734612381345, 26.220080496502092], [-80.2080551245794, 26.220081496552474], [-80.20955012575001, 26.220082496069875], [-80.21088712591897, 26.220078496130146], [-80.21251812727904, 26.220082495673232], [-80.21251812714917, 26.220122496122542], [-80.21251912714428, 26.220193496373447], [-80.21251912708503, 26.22025949616682], [-80.21251912716643, 26.22045849652629], [-80.2125201270744, 26.220525496457963], [-80.21252412696865, 26.220621496154493], [-80.21253912705352, 26.22091049640589], [-80.21254412694333, 26.221007496238], [-80.21254812685665, 26.221103496830874], [-80.21256312757866, 26.221394496321278], [-80.21256812749182, 26.22149149704958], [-80.21256812717695, 26.221545496787876], [-80.21257112762541, 26.22170849717473], [-80.21257212729131, 26.221763497051874], [-80.2125721271699, 26.221803496589757], [-80.2125741269626, 26.221900497126757], [-80.21415612797261, 26.22190349706485], [-80.21621012911113, 26.221900497118085], [-80.21767913053058, 26.221900496296925], [-80.22057413165912, 26.2219064967589], [-80.22058813164566, 26.222335496801858], [-80.22059413179964, 26.222505496868255], [-80.22060213186025, 26.22288549744606], [-80.22062613216154, 26.224025497259277], [-80.22063513202852, 26.224405497764987], [-80.22064513198484, 26.224833498463266], [-80.22067513206444, 26.22612049884522], [-80.22068613223955, 26.226549498629343], [-80.2207091323372, 26.22690149867905], [-80.220739132346, 26.227181499367894], [-80.22079613221399, 26.227485499381622], [-80.22089613294155, 26.227838499846968], [-80.22092513280056, 26.22791949916879], [-80.22104513238887, 26.228248499514578], [-80.22113213253505, 26.228249499897043], [-80.22139413276504, 26.22825249982616], [-80.22148213303704, 26.228254500078002], [-80.22156413336484, 26.22825549929364], [-80.22181213288145, 26.22825849935674], [-80.22189513298197, 26.228259499283407], [-80.22235313313352, 26.22826049946197], [-80.22372713382225, 26.228263499364708], [-80.22418513449917, 26.228265499202845], [-80.2248331352453, 26.22826749973608], [-80.22677713638618, 26.228274499223822], [-80.22742513686566, 26.228277499882736], [-80.22807013673523, 26.228279499477335], [-80.23000513767015, 26.228287499112827], [-80.2306501383025, 26.228290498947217], [-80.23113213827173, 26.22829049933795], [-80.23204813879853, 26.228291499757223], [-80.23257813927233, 26.228292499100604], [-80.23306013927402, 26.228294499504624], [-80.23319213991965, 26.228294498839333], [-80.23345614020822, 26.22829449894482], [-80.2335881398512, 26.22829449971562], [-80.23372113972472, 26.22829549946026], [-80.23372213972557, 26.228597499433242], [-80.2337281399694, 26.229503499928867], [-80.23373013971968, 26.229774499972812], [-80.23373014014801, 26.22980649984979], [-80.23373314025051, 26.229872500410533], [-80.2337421406319, 26.230008499795687], [-80.23374614052898, 26.230074500269083], [-80.23375014043548, 26.230140499839347], [-80.23375314010198, 26.230205500313996], [-80.23375714001492, 26.23027149988303], [-80.23376414053878, 26.23121850068646], [-80.23378914014405, 26.23445550215318], [-80.23379514080223, 26.235214502818636], [-80.2337981401061, 26.23531850275598], [-80.23380014042627, 26.235375502634145], [-80.233805140153, 26.235534503189502], [-80.23384814027831, 26.236927503380958], [-80.23386114070826, 26.237350503516833], [-80.23387614049749, 26.237801503881418], [-80.23388214084048, 26.238148503923792], [-80.23398014085062, 26.239100504567382], [-80.23401414072885, 26.24110450542323], [-80.23402414047585, 26.241632505756385], [-80.23401914060408, 26.24249950613358], [-80.23401714084531, 26.24292150623656], [-80.23401614120463, 26.242946506491368], [-80.23400914095453, 26.24428650714016], [-80.23400714064549, 26.244734507376908], [-80.23400614154362, 26.24486750800311], [-80.23400314120894, 26.2452665080455], [-80.2340031414529, 26.24540050775042], [-80.23400214081988, 26.245434507795792], [-80.23400214101896, 26.245539507926118], [-80.2340021407511, 26.245574507967465], [-80.23400114138732, 26.245751508423115], [-80.23400014132595, 26.245833507727347], [-80.23399714076811, 26.24628350810761], [-80.23399714073574, 26.246461508537017], [-80.23399614145765, 26.24659650838465], [-80.2339941408365, 26.246857508258188], [-80.23399414095508, 26.247002508795376], [-80.23399414103173, 26.247138508624175], [-80.23398314103699, 26.249055509692976], [-80.23397814104219, 26.250009510546537], [-80.23398614104293, 26.250244510150132], [-80.23406014180344, 26.252660511403203], [-80.23411914177973, 26.254805512923944], [-80.23417214154311, 26.25672251390478], [-80.23416914171382, 26.2567765138055], [-80.2341671421373, 26.25680651357913], [-80.23415914163672, 26.25693951366191], [-80.2341571422574, 26.256994513556645], [-80.23405214183221, 26.256952513616874], [-80.23384714172816, 26.256869514087683], [-80.2334541409614, 26.256706513960165], [-80.2313491405113, 26.255838513210133], [-80.23064813988319, 26.255549513400833], [-80.2302921390098, 26.255400513547883], [-80.22922513914307, 26.254956512572637], [-80.22887013874428, 26.254809512959895], [-80.22863313891926, 26.2547105126781], [-80.22792213806886, 26.254416512448252], [-80.22768513825827, 26.254318512505247], [-80.227055137849, 26.254051512370754], [-80.22693413738921, 26.25400051257246], [-80.22653713754583, 26.253843512423646], [-80.22610013713991, 26.253696512164026], [-80.22541913606219, 26.25351351275683], [-80.22483913635644, 26.25339251209859], [-80.22429213625533, 26.25331251264056], [-80.22381913514911, 26.25326451267803], [-80.22358913581324, 26.253260512221505], [-80.22293013472779, 26.253249512139337], [-80.22290113525054, 26.253249512304762], [-80.2226721353356, 26.253246512253018], [-80.2224461350333, 26.253242512653948], [-80.22176913393828, 26.253232512779775], [-80.22154413404957, 26.253229512745108], [-80.22124813381436, 26.25322451269883], [-80.22036213329143, 26.25321251276424], [-80.2200671335144, 26.25320851218061], [-80.21964513354223, 26.253199512099943], [-80.21838213210647, 26.25317251261694], [-80.21796113248111, 26.25316351213283], [-80.21789613212442, 26.25316151279618], [-80.21785513192714, 26.253161512489132], [-80.21775013205166, 26.25315851272611], [-80.2177011323938, 26.253156512887237], [-80.21763713234243, 26.253155512638443], [-80.21752613190732, 26.253153512596995], [-80.21739413158534, 26.253150512610013], [-80.2166651311917, 26.25313451270266], [-80.21642313153397, 26.253129512881696], [-80.2158221307912, 26.253116513029426], [-80.21498113071577, 26.253098513025982], [-80.21467413057962, 26.253100512956134], [-80.21437413033834, 26.253120513048557], [-80.21413712995381, 26.253148513009442], [-80.21402312968947, 26.25316451234217], [-80.21382212997422, 26.253194513052968], [-80.21343312989927, 26.253272513041566], [-80.2132261288403, 26.253320512980476], [-80.21260512873698, 26.25346851310716], [-80.21239912926185, 26.253517512892763], [-80.21196212806481, 26.25362651331427], [-80.21065412769536, 26.253957513377465], [-80.21021912779355, 26.254068513259696], [-80.21019812728024, 26.254073513688862], [-80.21013612748764, 26.254087513171743], [-80.21011612719727, 26.25409351374749], [-80.21005412738518, 26.254107513194462], [-80.2098691278009, 26.254153513558467], [-80.2098081273969, 26.254169513127973], [-80.20974112704612, 26.254185513056598], [-80.20954012712119, 26.254234513635478], [-80.20947412692489, 26.254251513600515], [-80.20925112744614, 26.254306513177355], [-80.20858512666457, 26.25447551398122], [-80.2083631265868, 26.254531513230102], [-80.20832612651765, 26.254538513801638], [-80.20821512652388, 26.25456051372816], [-80.2081791266604, 26.254568513530568], [-80.20798712614008, 26.25460751385134], [-80.20790012658237, 26.254619513356907], [-80.20760312608317, 26.254664513982597], [-80.20721812606358, 26.254709513900313], [-80.20705712527986, 26.254718513981917], [-80.20677512534866, 26.254736513384312], [-80.20663212544977, 26.25473651335538], [-80.2062061247444, 26.254736513644144], [-80.20606412505475, 26.254737514137574], [-80.20578812541785, 26.25473851373449], [-80.2049611249241, 26.254743514111915], [-80.2046861244974, 26.25474551358384], [-80.20467512415462, 26.2547535137314], [-80.20421712383744, 26.254743514325963], [-80.20412412358795, 26.25474351351693], [-80.20403512410873, 26.254742513985978], [-80.2039371238957, 26.254742514230696], [-80.20379512347579, 26.254739513989342], [-80.20370412402616, 26.25473851399798], [-80.20355012373291, 26.254719513515518], [-80.20324612313017, 26.254664514053154], [-80.20300712349567, 26.254594513416073], [-80.2028321231994, 26.25455051386719], [-80.20277312325835, 26.254536513930162], [-80.20251012306166, 26.254492513832684], [-80.20233512306122, 26.254476513916774], [-80.20228512288543, 26.25447251394237], [-80.20181212313851, 26.2544505138739], [-80.20163812266804, 26.254442513831297], [-80.20164612210115, 26.25496751427876], [-80.20167212279219, 26.256544514941165], [-80.20168112243576, 26.25707051545752], [-80.20168512281342, 26.257395515148897], [-80.20169712308312, 26.258371516010744], [-80.20170112261633, 26.258697515712896], [-80.2017031226799, 26.259103516366757], [-80.20171112331221, 26.260324516893622], [-80.20171112319424, 26.260394516506764], [-80.20171412249509, 26.260731516765695], [-80.20171512259664, 26.260920516937826], [-80.20171812286894, 26.261487517425042], [-80.2017201229989, 26.26167651772127], [-80.20172412299739, 26.26245451805131], [-80.20172412289816, 26.26260751816726], [-80.20173812275634, 26.26478951890737], [-80.20174312364854, 26.265568519129825], [-80.20174112298875, 26.265909519622507], [-80.20173512345083, 26.266936520398637], [-80.20173412356831, 26.26706852059404], [-80.20173412290352, 26.267278520139612], [-80.20175312291929, 26.268194520977673], [-80.20178612381616, 26.269676521275898], [-80.20179412341943, 26.27050752236795], [-80.20179912344541, 26.270944522281965], [-80.20181012382032, 26.271861522494014], [-80.2018721240663, 26.27408552406027], [-80.20186912386296, 26.27418252409789], [-80.20186712329264, 26.274258523709307], [-80.20186712413323, 26.275427524185265], [-80.20193912364785, 26.278107526228553], [-80.20194712406183, 26.27840552641437], [-80.20195112368924, 26.278936525921942], [-80.20195912443346, 26.27982852660392], [-80.20196012418431, 26.279933526793997], [-80.20196212450816, 26.280106526419594], [-80.20196812375964, 26.280537527303185], [-80.2019721237198, 26.280849526877425], [-80.20198612385855, 26.28183252815053], [-80.20199312450809, 26.28226452825305], [-80.20200512451831, 26.28305752861894], [-80.2020411246161, 26.285436529212333], [-80.20205112436608, 26.286044529840314], [-80.20205412392426, 26.286229530285066], [-80.20205312393685, 26.287163530751965], [-80.20205312413799, 26.28940153148948], [-80.20206212412813, 26.289965532275286], [-80.20207712431791, 26.29090053194951], [-80.20208312465043, 26.29128453264517], [-80.20210212432501, 26.292438533081597], [-80.20210912516461, 26.292823533011166], [-80.20211112446742, 26.292936533700342], [-80.2021171248966, 26.293278533266108], [-80.20211812426795, 26.293357533317273], [-80.20213312519944, 26.29431453405159], [-80.2021371245068, 26.29442953424064], [-80.20216012450143, 26.294982534135794], [-80.20222612516277, 26.295951534737565], [-80.20229112506003, 26.296653535225246], [-80.20231112547117, 26.296806535725338], [-80.20233112493408, 26.29695953531253], [-80.20239712539325, 26.29753053609054], [-80.20245112553889, 26.297984536290013], [-80.20246212557646, 26.298146536055444], [-80.20247312496546, 26.298298536048197], [-80.20249112499111, 26.298564536530897], [-80.20249212496955, 26.29881953654011], [-80.20249612559847, 26.299203536548326], [-80.20249412524082, 26.299391537054838], [-80.20249312525436, 26.29958553629639], [-80.20249312559838, 26.29964753681713], [-80.20249112521243, 26.299841536808643], [-80.20248912582556, 26.300251536728876], [-80.20248812493934, 26.300290537369012], [-80.20248712522877, 26.30032453678037], [-80.20248512525477, 26.300815537538547], [-80.20248712531082, 26.301135537416407], [-80.20248912535313, 26.301455537280354], [-80.20249112541798, 26.301637537907773], [-80.20249312549905, 26.301771538056087], [-80.20249712498955, 26.302053538366945], [-80.20249712564873, 26.302087537915853], [-80.20251212577939, 26.30264753834901], [-80.20252112511221, 26.30342153847912], [-80.2025341255502, 26.304529539478136], [-80.20252712589941, 26.304844539377495], [-80.20258712630354, 26.308792541752567], [-80.20261112601766, 26.310368542449098], [-80.20261312603435, 26.31202854328618], [-80.20269412657775, 26.31498454413501], [-80.20271312640055, 26.31537954437497], [-80.20279812644218, 26.317462545335026], [-80.2028011266307, 26.317617545789815], [-80.20282112605939, 26.317991545584544], [-80.2029121265122, 26.320688547042508], [-80.2029571263923, 26.323177548475606], [-80.20300512738352, 26.325435549376543], [-80.20303112661745, 26.326184549822884], [-80.20306912713092, 26.327834550819826]]]}, "properties": {"OBJECTID": 4, "LONGNAME": "District 4", "SHORTNAME": "D4", "DISTRICT": 4, "SHAPE_STAR": 1538509170.48, "SHAPE_STLE": 202692.953377, "GLOBALID": "{66AF49C2-BA0F-472F-A202-15E9D916FFD4}", "CREATED_USER": null, "CREATED_DATE": null, "LAST_EDITED_USER": null, "LAST_EDITED_DATE": null, "Shape__Area": 1538509170.48418, "Shape__Length": 202692.95337661, "district": 4}}, {"type": "Feature", "id": 5, "geometry": {"type": "Polygon", "coordinates": [[[-80.20383312089679, 26.1938844825525], [-80.2041661209975, 26.193884482796133], [-80.20718212277211, 26.193876483046587], [-80.20741212284594, 26.193878483249694], [-80.20779412301307, 26.193877483198268], [-80.20779812321662, 26.193954482642294], [-80.20782912295836, 26.195350484009637], [-80.20783312352773, 26.19546248358934], [-80.20782712334884, 26.19572648382454], [-80.20784212336882, 26.19601548348617], [-80.20786712303692, 26.197245484859433], [-80.2078751235435, 26.197508484421807], [-80.20797412313313, 26.197507484274684], [-80.20842412387618, 26.197508484525564], [-80.21137912493988, 26.1975044845479], [-80.21138012590058, 26.19757348485216], [-80.21137912558804, 26.198086485236225], [-80.21147112539528, 26.198086485014354], [-80.2115371259756, 26.19808648484249], [-80.21173812523955, 26.19808648522657], [-80.21180512560203, 26.19808748507646], [-80.21180512577793, 26.19814348514749], [-80.21180712613902, 26.198314484827257], [-80.21180812609397, 26.19837148504082], [-80.21180912539126, 26.19849248506955], [-80.21181212527543, 26.198855485154905], [-80.21181412535368, 26.198977485325496], [-80.21181212560151, 26.199399485375995], [-80.21180712552743, 26.200665486342174], [-80.21180612635524, 26.201088486443155], [-80.21229412618683, 26.201088486191836], [-80.21376112706287, 26.20109048665543], [-80.2142501268705, 26.20109148621694], [-80.21446012731381, 26.20108848577766], [-80.21509312740673, 26.20108348577112], [-80.2153041279702, 26.20108248610973], [-80.2156761283643, 26.20108048580994], [-80.21679412865173, 26.20107448641018], [-80.21716712892827, 26.201073485973907], [-80.2175451295568, 26.201096485764964], [-80.21868112984926, 26.201166486518485], [-80.21906013002874, 26.201190486043917], [-80.21917012969575, 26.201189486515503], [-80.21950013004766, 26.201187485709827], [-80.21961113059061, 26.201187485941848], [-80.21970513067977, 26.20118648584851], [-80.21998813115754, 26.201185486275797], [-80.22008313112548, 26.20118548602445], [-80.22062213058697, 26.201180486310573], [-80.22224013213734, 26.201164485799694], [-80.22278013247981, 26.20116048619686], [-80.22302413206994, 26.201159485627937], [-80.2237581326721, 26.201158486087852], [-80.22400313319473, 26.20115848573202], [-80.22417413362058, 26.201157485613916], [-80.22468913373527, 26.20115648595386], [-80.22486113308658, 26.201156485973343], [-80.22502013369606, 26.201154485989242], [-80.22549613375013, 26.201150486072663], [-80.22565613428507, 26.201149485436968], [-80.22573613385569, 26.201148485458177], [-80.22616413380915, 26.20113348578138], [-80.22768813475193, 26.20108048555574], [-80.22800313532301, 26.201069485931523], [-80.22819613543868, 26.201063485855332], [-80.22857113568678, 26.201063485607126], [-80.22969613597213, 26.20106448539501], [-80.2300711367266, 26.201065485835176], [-80.23025813656095, 26.201066485759856], [-80.23082213672392, 26.20106948567954], [-80.23101013712962, 26.201070485464058], [-80.23123713761649, 26.201069485679422], [-80.2319201375058, 26.201069485170866], [-80.23214813799149, 26.20106948576183], [-80.23296713834374, 26.201063485433753], [-80.23380313838516, 26.20105648516161], [-80.23542714008302, 26.201045485041558], [-80.2362471404991, 26.201040484967603], [-80.23629714037797, 26.201040485079105], [-80.23629614016527, 26.201024485629446], [-80.23629314054078, 26.20097648548034], [-80.23629314035135, 26.20096148510681], [-80.23628514001058, 26.2007694849748], [-80.23626314063043, 26.200194485332652], [-80.23625614036548, 26.200003485160007], [-80.23625013977542, 26.19985448484075], [-80.2362321405034, 26.199410484133768], [-80.23622713994976, 26.199262484684507], [-80.236208140259, 26.199035484498047], [-80.23615414053809, 26.19835748382448], [-80.23613713959281, 26.198131483472782], [-80.23612313968913, 26.197954483376453], [-80.23610213953137, 26.197694483239623], [-80.23608413944983, 26.197458483925118], [-80.23608113962227, 26.19742648331232], [-80.23607713971369, 26.19737448380265], [-80.23607613988378, 26.19725048323832], [-80.23607313976903, 26.196883482859928], [-80.23607114029288, 26.196602483402998], [-80.23605313935794, 26.195785483031283], [-80.23604713961645, 26.195495482278794], [-80.23604614022994, 26.195420482276173], [-80.2360441400449, 26.195336482504768], [-80.23603813950308, 26.1950844822824], [-80.2360361398013, 26.19500148259559], [-80.23603014023094, 26.194751482538745], [-80.23601513954225, 26.194000481905775], [-80.23601413994118, 26.193912481672534], [-80.23601113944002, 26.193751481688025], [-80.23680713986887, 26.193749481246538], [-80.23919714197292, 26.19374248113223], [-80.23999414163362, 26.193741481058716], [-80.24042314272683, 26.193739481868207], [-80.2407921428041, 26.19373848168059], [-80.24319014415295, 26.193732480977356], [-80.24398914456907, 26.19373048093732], [-80.24480014475947, 26.193728481681745], [-80.24723614589156, 26.19372548146461], [-80.24804814701123, 26.193725481040538], [-80.24841314688462, 26.193723480921904], [-80.24883414746998, 26.193721480736023], [-80.2511951490798, 26.193710480581373], [-80.25198314924374, 26.193707480782727], [-80.25215014893874, 26.19370748065857], [-80.25280714950493, 26.19370748067557], [-80.25527915085449, 26.193707480917826], [-80.2561041519741, 26.19370748064309], [-80.25680115170626, 26.193705480410156], [-80.25889315331064, 26.193700480943917], [-80.2595911533829, 26.193699480555676], [-80.25969515343556, 26.19369848040882], [-80.26000715427242, 26.193696480512376], [-80.26011215348458, 26.193696480779437], [-80.26063615416845, 26.1936994806309], [-80.26079215447979, 26.193700480827584], [-80.26203515549726, 26.193699480539173], [-80.26220815488087, 26.19369748037793], [-80.26273215511536, 26.1936924809007], [-80.26380615617973, 26.1936924801904], [-80.26702915779067, 26.193692480161076], [-80.26810415871473, 26.193693480524193], [-80.26824215886292, 26.1936934802663], [-80.26890015953313, 26.19369248036948], [-80.27025016032255, 26.193690480632515], [-80.27064016037482, 26.19369047978503], [-80.27129216012302, 26.193690480133785], [-80.27208916050594, 26.193690480120868], [-80.27286916164581, 26.19368647967346], [-80.27521016252584, 26.19367547972689], [-80.27608516322476, 26.19367248015723], [-80.2767811640124, 26.193669479975018], [-80.2791531654039, 26.193664480163477], [-80.27994416572486, 26.193663479580476], [-80.28082816654859, 26.19366447941883], [-80.28348216769757, 26.193667479760414], [-80.2836481675754, 26.19366747960617], [-80.28421116829323, 26.193669479358935], [-80.28436716826826, 26.193670479261442], [-80.2843581676316, 26.193470479137996], [-80.2843481682923, 26.19296847943142], [-80.28431116792004, 26.190865478212658], [-80.28429916836127, 26.19016447783096], [-80.28429616837916, 26.190022477663064], [-80.28429016778662, 26.189596477620587], [-80.28428816825517, 26.18945447790521], [-80.28428416773247, 26.18931347735322], [-80.28427516750988, 26.188890477071247], [-80.28427316776941, 26.188750477528004], [-80.284268167725, 26.188536476910425], [-80.2842531676308, 26.187894476826195], [-80.28424916793855, 26.187681476740373], [-80.2842441678794, 26.18744947621426], [-80.28422916741907, 26.186756475774548], [-80.28422416727827, 26.186525476215454], [-80.28421916760992, 26.186336476071798], [-80.28420716757303, 26.18577247546635], [-80.28420316723394, 26.185584475855148], [-80.28419316738032, 26.185156475335603], [-80.28417716766042, 26.184501475085202], [-80.2841631676882, 26.18387547481323], [-80.28415416725042, 26.18344847474781], [-80.28414516741937, 26.183099473876077], [-80.28411816696398, 26.18205347395988], [-80.28411016750965, 26.181705473580127], [-80.28408916763965, 26.181177473674104], [-80.2840261676993, 26.179594472916985], [-80.28400816764642, 26.17914747197675], [-80.284005167241, 26.1790674720472], [-80.28399216732093, 26.17875647181634], [-80.28398016762874, 26.178465472123687], [-80.28392916727785, 26.177945471516786], [-80.28390916696515, 26.177829472040504], [-80.28385916710431, 26.177523471368694], [-80.2838421670326, 26.17745247121559], [-80.28382916703403, 26.17739347134122], [-80.28375416735271, 26.17706647150368], [-80.28374116665772, 26.177005471426405], [-80.28371416674223, 26.176876471049933], [-80.28367116646078, 26.176675470856804], [-80.28362516731033, 26.176456471163306], [-80.28354116716955, 26.176179470858216], [-80.28351716705629, 26.17608247035472], [-80.28347016671526, 26.17588447032087], [-80.28342916622744, 26.175715470398746], [-80.283412166652, 26.175644470187965], [-80.28332016696316, 26.17526147038796], [-80.28326516611298, 26.17498047038878], [-80.28325816657521, 26.17492147054365], [-80.28323016640302, 26.17467747038519], [-80.28322816618589, 26.174647470208253], [-80.28322516649091, 26.1745574701783], [-80.28322516679731, 26.17452847012898], [-80.28321816658128, 26.174335470162674], [-80.28321216632224, 26.17411946937108], [-80.28323616686653, 26.173785469528394], [-80.28323816644449, 26.173759469788028], [-80.28326116628328, 26.173568469537834], [-80.28330516669077, 26.173340469219077], [-80.2833321662291, 26.173205468922482], [-80.28340316685167, 26.172912469511402], [-80.28348816654035, 26.17267146887102], [-80.28356616621942, 26.172453468921066], [-80.28364216680347, 26.172255469003087], [-80.28387416704058, 26.17166246817859], [-80.28395216703734, 26.171465468172453], [-80.28407216637085, 26.171132468111093], [-80.28419516717348, 26.170796468118958], [-80.2844541674974, 26.17014146808894], [-80.28458516751259, 26.16981346759339], [-80.2846501667115, 26.169633467328463], [-80.28454116724673, 26.16960746744971], [-80.28468416676837, 26.169258467578818], [-80.28473916727422, 26.16906346667726], [-80.28476416680081, 26.168905467383812], [-80.28477416755099, 26.16878446662601], [-80.28476516714257, 26.168573466614955], [-80.2847401669066, 26.16835846705618], [-80.28468816753886, 26.168184466362383], [-80.2842061671602, 26.166995466492132], [-80.28433516651614, 26.16695046620488], [-80.28423516721904, 26.166699465723088], [-80.28406016631125, 26.166261465946402], [-80.28393616635991, 26.165962465837666], [-80.28393216654892, 26.16595146564444], [-80.2838401660684, 26.165698465657265], [-80.28381316601136, 26.165600465419967], [-80.28376616666336, 26.165423465482327], [-80.28374616618747, 26.16532746504142], [-80.28374216670166, 26.165304465491918], [-80.28372716588513, 26.16520446516274], [-80.28371216676724, 26.165107465128937], [-80.28371016644914, 26.165087464981827], [-80.28370316607099, 26.16493646522834], [-80.28369716633755, 26.16473546472082], [-80.2836951664838, 26.16461846513916], [-80.28369316597737, 26.16457246518719], [-80.28369216629306, 26.164502465188683], [-80.28369016676467, 26.164447464371737], [-80.28368916650044, 26.164438464844604], [-80.28368916635198, 26.164393465011067], [-80.2836881658664, 26.164349464810268], [-80.28368816605354, 26.164338464651376], [-80.28368716675554, 26.164283464296275], [-80.28368516608673, 26.164220464504428], [-80.28368416649424, 26.164177464403657], [-80.28368316596139, 26.16415246423174], [-80.28368116659098, 26.16407746418843], [-80.28368116617636, 26.164053464575304], [-80.28367616577069, 26.163870464436933], [-80.28366216650377, 26.163324463853936], [-80.2836581662394, 26.16314246425704], [-80.2836581662955, 26.162891464340653], [-80.28365816633368, 26.16277046436356], [-80.28363816573285, 26.16248546363422], [-80.283604165876, 26.162194463968426], [-80.28359416626888, 26.162143463433864], [-80.28354916640959, 26.16189746392317], [-80.28348916626726, 26.16164546318536], [-80.28347616637738, 26.16161046370362], [-80.28316416535033, 26.16077946309162], [-80.28308816565162, 26.16057846328965], [-80.28306716588325, 26.160521462424093], [-80.28306216602398, 26.160502462765816], [-80.28294716531846, 26.16005146287364], [-80.28288716579354, 26.159742462643177], [-80.28284216596649, 26.15950746213202], [-80.28282016572237, 26.158517462135944], [-80.2828141649438, 26.15740846149854], [-80.28281116501275, 26.156629460892322], [-80.28281216533232, 26.15587946039047], [-80.28281316519185, 26.15517645988916], [-80.282809165746, 26.154998460486112], [-80.28280816562769, 26.154883459608666], [-80.28279016487345, 26.153630459484422], [-80.28278016523328, 26.152881459057923], [-80.28279516550452, 26.15222345838892], [-80.28279716475005, 26.152161458649974], [-80.28280516482472, 26.151983458451443], [-80.28285016548044, 26.151680458711436], [-80.28289316566533, 26.151511458535147], [-80.28304116475347, 26.151139458324927], [-80.28312516559443, 26.15098545782033], [-80.28321516502852, 26.150839458112472], [-80.28342616555553, 26.150558457673938], [-80.28365316510842, 26.150341457926967], [-80.28371816521499, 26.150285457943106], [-80.2838101654283, 26.150208457428363], [-80.28396216604385, 26.15007345787502], [-80.28397716601786, 26.15006045714558], [-80.28414216561363, 26.14997545744057], [-80.28418716580676, 26.149952457670935], [-80.28431516554176, 26.149893456971377], [-80.28441316605243, 26.149853457026126], [-80.28471016660492, 26.149732457134952], [-80.28480916585957, 26.14969345746044], [-80.28504016631337, 26.149608457651357], [-80.28524116611025, 26.149536457010115], [-80.28555216621825, 26.14941845741944], [-80.28572916716634, 26.14934345679943], [-80.28589416659763, 26.149257456748373], [-80.28594416663151, 26.14922345664855], [-80.28609216735184, 26.149121457163112], [-80.28616516676841, 26.14907345675969], [-80.28641816734896, 26.148913457006334], [-80.28651616761093, 26.148795456896835], [-80.286618167226, 26.14867545646684], [-80.28663116692319, 26.14865745678299], [-80.28666316760692, 26.148612456452703], [-80.28672116729705, 26.148535456222554], [-80.28675716723231, 26.148478456430706], [-80.28678716769922, 26.148432456898288], [-80.28693116782762, 26.148232456767403], [-80.28695816780233, 26.1481744564961], [-80.28705016793484, 26.14798245595325], [-80.28712916775456, 26.147761455821847], [-80.2871801674022, 26.14759945652873], [-80.28722416781697, 26.14743045618243], [-80.28724016748208, 26.14729145564531], [-80.28725316726863, 26.147187455473393], [-80.28726216712062, 26.146982456153964], [-80.28726716739247, 26.14684845583447], [-80.28727216740118, 26.146731455396715], [-80.28725616763309, 26.146479455865748], [-80.28725516783285, 26.14644845595773], [-80.28724716699098, 26.146315455486768], [-80.28724616775389, 26.146290455275434], [-80.28724316796466, 26.146216455632754], [-80.28724316773406, 26.146192455047835], [-80.28724216756687, 26.146166455634543], [-80.2872391670781, 26.146088455588902], [-80.28723916699055, 26.146062455707817], [-80.28723416788915, 26.145936455434512], [-80.28723116717768, 26.14583445480046], [-80.28722216761751, 26.14556145528773], [-80.28721816754094, 26.1454364546329], [-80.28721016702649, 26.1451914547161], [-80.28720316734463, 26.144963455119967], [-80.28719916726641, 26.14445845446071], [-80.28719816715477, 26.144214454047102], [-80.2871901668494, 26.143831453851355], [-80.28716716702667, 26.142683453686384], [-80.28716016677257, 26.142301453044524], [-80.28714316709133, 26.141620453299304], [-80.28709216664166, 26.139577451877646], [-80.28707516727505, 26.138897451985322], [-80.28708016682788, 26.13834545100291], [-80.28708216719471, 26.13823145123726], [-80.2871361668533, 26.137871451112407], [-80.2872261673342, 26.13748245100979], [-80.28730716679276, 26.13716945096759], [-80.28736516753926, 26.136889450561878], [-80.28740216681719, 26.136727450226008], [-80.28746016713745, 26.136475450776036], [-80.28749716733662, 26.136238450058073], [-80.28750216689176, 26.136186450575742], [-80.28751316685118, 26.136055450221615], [-80.28751816666792, 26.135999450334605], [-80.28752316678356, 26.135663450149494], [-80.28752616669807, 26.135533450043635], [-80.28753416660388, 26.135009449272495], [-80.28753616659327, 26.134892450038134], [-80.28751016667393, 26.13398244874136], [-80.28747116716373, 26.13343944913278], [-80.28743816673246, 26.132983448247913], [-80.28730616654795, 26.132996448487003], [-80.28730416705571, 26.132947448976136], [-80.28730216676287, 26.13288144864032], [-80.28727616696948, 26.132195448155045], [-80.2872221662619, 26.130849447860545], [-80.28717816692095, 26.12945844707304], [-80.28716216661839, 26.12919444665466], [-80.28712216702905, 26.128874446373406], [-80.28704916606107, 26.128568446719296], [-80.28696116672818, 26.128288445873775], [-80.287092166059, 26.12825644619255], [-80.28704616669512, 26.128142446216934], [-80.287018166794, 26.12807344598819], [-80.28690416643249, 26.127814445878542], [-80.28689916648162, 26.1278054463977], [-80.28684216592866, 26.12769744579031], [-80.28675816651331, 26.127537446152882], [-80.28650916613556, 26.12706044584719], [-80.28642616645065, 26.126901445652017], [-80.28623916567786, 26.126544445449166], [-80.28606116574574, 26.12620544539377], [-80.28588516596598, 26.125899444860117], [-80.28574916565239, 26.125611444695686], [-80.2856931659543, 26.12546844501877], [-80.28566216557779, 26.12538944487935], [-80.2855721649606, 26.12508544432153], [-80.28551616524543, 26.12485244439907], [-80.285471165348, 26.124562444410536], [-80.28546616499376, 26.124525444722366], [-80.28543716510369, 26.1240864437967], [-80.2853931656555, 26.122965443949393], [-80.28538616496188, 26.122758443991113], [-80.28538316473085, 26.122433443637494], [-80.28538416516719, 26.122082443286228], [-80.28545316475648, 26.121034443060555], [-80.28546616469652, 26.120833442617464], [-80.28547616560036, 26.120685442678585], [-80.28530616546095, 26.120686442180563], [-80.28496816489617, 26.120688442378345], [-80.28344616414364, 26.12070144289533], [-80.2829391641076, 26.120706442425668], [-80.28258916299919, 26.120701442521813], [-80.2825371634425, 26.12070044267241], [-80.2824771639074, 26.120700442801933], [-80.28236516293028, 26.120698442883295], [-80.28133216256887, 26.120683442684662], [-80.28093116289004, 26.120678442644277], [-80.2808551625213, 26.12067944271677], [-80.28062716253831, 26.120681442597107], [-80.28055216189908, 26.1206834430878], [-80.28052316200474, 26.12068344276863], [-80.2804391617682, 26.120684442408574], [-80.28041116260276, 26.12068544265119], [-80.27999316211462, 26.120690442806623], [-80.27874116101856, 26.12070744259759], [-80.27832416118822, 26.120713443018573], [-80.27813816123093, 26.12071544252074], [-80.27757916017876, 26.12072344289594], [-80.27739416091482, 26.120726442943692], [-80.27688416044714, 26.120724442423075], [-80.2753541591794, 26.12071944277331], [-80.27484415873853, 26.1207184432599], [-80.27462215926414, 26.120718442860134], [-80.27395515847192, 26.12072144298769], [-80.27373415869265, 26.120722442745837], [-80.27329115784043, 26.12072144311503], [-80.27254315741312, 26.12072044314322], [-80.2719641572096, 26.120718443456003], [-80.27152215715756, 26.120718442640943], [-80.27137215650478, 26.120723443231334], [-80.27092415679816, 26.120740443561488], [-80.27089615637277, 26.120742442951133], [-80.27077515659451, 26.12074244287154], [-80.27035915581779, 26.120742442740106], [-80.26911215548354, 26.120742442929533], [-80.26869715565726, 26.12074244307589], [-80.2685701549979, 26.120741443095323], [-80.26819115530118, 26.120740442919338], [-80.26806515528155, 26.120740443161093], [-80.26802015470511, 26.120740443024435], [-80.26788715468514, 26.120740443670197], [-80.26784315496936, 26.1207404431457], [-80.26773115519485, 26.120739442795895], [-80.26739515441, 26.120738443222844], [-80.26728415426531, 26.120738443193268], [-80.26710815464983, 26.12073744288207], [-80.26658015434904, 26.120736443560116], [-80.26649315378963, 26.12073644317193], [-80.26646915422262, 26.120736442902956], [-80.2664041535134, 26.12073644338595], [-80.26631615385068, 26.120737443322316], [-80.26600515407732, 26.12073844339265], [-80.26546215299832, 26.12074144342335], [-80.26481015353369, 26.120744443361968], [-80.26460815293032, 26.120746443080023], [-80.26441215272636, 26.12074744324795], [-80.26371815211311, 26.120747443851705], [-80.26163515154632, 26.12074844316084], [-80.26094215075862, 26.120749443741122], [-80.26093915029088, 26.120913443760294], [-80.26083715050815, 26.12091444348617], [-80.25952814999522, 26.12092044324318], [-80.25947014989877, 26.120757443235757], [-80.25943114950566, 26.120757443259855], [-80.2593161500379, 26.120757443625283], [-80.2592781495039, 26.12075744332976], [-80.25908014997377, 26.120757443924916], [-80.25848814914247, 26.120757443523235], [-80.2583971492361, 26.120757443850792], [-80.25829514921288, 26.12091544379026], [-80.25716314833126, 26.120910443416868], [-80.25663214782647, 26.120908443527718], [-80.25469314726749, 26.12089644373735], [-80.25374114670252, 26.120896444012697], [-80.25260914619527, 26.120904444356785], [-80.2524231455218, 26.120905443954403], [-80.25210714576812, 26.12090844425288], [-80.25158614572537, 26.120921443927852], [-80.25022414434801, 26.120926444031163], [-80.25021814408326, 26.12076244369875], [-80.24882814396163, 26.120797444088996], [-80.24871514394378, 26.12079844380377], [-80.24816914369093, 26.12079944407685], [-80.24746314268603, 26.12080044381399], [-80.246421142523, 26.12080144407834], [-80.24329514008554, 26.120808444272296], [-80.24225413938622, 26.120811444217512], [-80.24143613972534, 26.120813444037687], [-80.24135713924402, 26.120813444397463], [-80.24068913877036, 26.120815444046805], [-80.23868513810444, 26.120822444372855], [-80.23801813715427, 26.120825444236175], [-80.23742513737284, 26.12082444490061], [-80.23605613581137, 26.12082244491004], [-80.23564713627515, 26.1208194445772], [-80.23505513511797, 26.12081744430049], [-80.23487813562966, 26.120814444265744], [-80.23434913539323, 26.120808444732475], [-80.23427413541222, 26.120808444405874], [-80.23417313528748, 26.120806444723172], [-80.23407313450045, 26.120805444959576], [-80.23389713493592, 26.120802444520614], [-80.2330701343204, 26.120793444547324], [-80.23279513439785, 26.12079044494569], [-80.23249213356024, 26.120789444857728], [-80.23158313315878, 26.120786444393797], [-80.2312811332466, 26.12078544438786], [-80.23099913366589, 26.12078944441395], [-80.23015313265662, 26.120805445158027], [-80.22987213233395, 26.120810444798575], [-80.22961613254608, 26.120811444439354], [-80.22885013221541, 26.12081744439064], [-80.22859513172044, 26.1208194449502], [-80.2283211313143, 26.12081744496375], [-80.22750013091743, 26.120813444724586], [-80.22722713086192, 26.120812444503763], [-80.2269181311442, 26.120811444765142], [-80.22622013060982, 26.120809445336597], [-80.22599413066514, 26.120808445039295], [-80.22568712972793, 26.120807445270426], [-80.22484212936743, 26.120808444959497], [-80.2223081281826, 26.120815445341442], [-80.22146412774575, 26.120818445246687], [-80.22108512710436, 26.120818444941822], [-80.21995112628447, 26.120822445635262], [-80.21957312692254, 26.12082344506044], [-80.21930012598871, 26.12082744563123], [-80.21848412609152, 26.120843445548257], [-80.21821212566333, 26.120849445154448], [-80.21818012608007, 26.120848445714127], [-80.21808712524252, 26.1208464456532], [-80.218056125861, 26.120846445385766], [-80.21724012544685, 26.120849445163344], [-80.21717412528338, 26.120849445092595], [-80.21479312401365, 26.120860445869464], [-80.21397812297177, 26.120864445346943], [-80.21318612262677, 26.120865445436134], [-80.210810121195, 26.12087244522685], [-80.21001912126557, 26.120874445213065], [-80.20967012057942, 26.120874445703997], [-80.20862411975034, 26.12087544588916], [-80.20827612024603, 26.120876445884665], [-80.2080281199962, 26.120878445784328], [-80.2072841192499, 26.12088444562961], [-80.20703611900223, 26.120886445626798], [-80.2069321186253, 26.120886445740506], [-80.20662311905436, 26.120886445904407], [-80.20652011877883, 26.12088744590109], [-80.20637911897087, 26.120887445935367], [-80.20595911883481, 26.120890445759404], [-80.20582011797487, 26.120891445517923], [-80.205558118371, 26.12089144599148], [-80.20477211763445, 26.120891445446247], [-80.20451111714793, 26.120892446008995], [-80.20416511757374, 26.120889445845023], [-80.20312811655556, 26.12088344615934], [-80.20278311617949, 26.120881445585272], [-80.20262511644599, 26.12088344559179], [-80.20215211649837, 26.120891445770976], [-80.201995115808, 26.120894446193798], [-80.20183111617634, 26.1208974456014], [-80.20146511622995, 26.120906445737212], [-80.19987711516394, 26.120944445735695], [-80.19934811434135, 26.12095744582768], [-80.19919111455935, 26.12096044590578], [-80.19872211460098, 26.12097344575718], [-80.19856611399558, 26.1209784463755], [-80.1984901136262, 26.120979446323283], [-80.198262113864, 26.120984446114203], [-80.1981871136868, 26.120987446230018], [-80.19806411356647, 26.12098944636139], [-80.19798211343958, 26.12099244623997], [-80.19769511370436, 26.12099844639872], [-80.19757311375972, 26.12100244644225], [-80.19727511365873, 26.12100844590556], [-80.197246113192, 26.121009446064363], [-80.19686311319532, 26.121017446244867], [-80.19638211309001, 26.121026446168354], [-80.1960851129224, 26.121033446125473], [-80.19567411220713, 26.121042445930094], [-80.19444211181784, 26.12107044670005], [-80.194032111936, 26.121080446597293], [-80.19352611159353, 26.121091446305172], [-80.19200811070374, 26.12112844685078], [-80.19150311008354, 26.121140446946654], [-80.1913231096188, 26.12114444672307], [-80.190783109287, 26.121157446602385], [-80.19060410974772, 26.121162446674916], [-80.1905661093555, 26.121161446223034], [-80.19045210949275, 26.121161446887292], [-80.19041510905822, 26.121161446684933], [-80.19028810937087, 26.121163446594313], [-80.1899071086034, 26.121172446810554], [-80.18978110885791, 26.121175446565676], [-80.18944110878003, 26.12118344664554], [-80.18842510795483, 26.12120944670994], [-80.18808610769486, 26.12121844659958], [-80.18799110814045, 26.12122044690653], [-80.18770610755882, 26.121227446626577], [-80.18761210792896, 26.12123044699119], [-80.18732910785155, 26.121235447133316], [-80.18648010685145, 26.121254446377407], [-80.18619810670955, 26.121261446506363], [-80.18619610735497, 26.121378446470246], [-80.18619510736026, 26.121390446398983], [-80.18619610656538, 26.12140944649968], [-80.18619510734699, 26.12147444660674], [-80.18521410659189, 26.121500447365303], [-80.18432910533105, 26.121526446740766], [-80.1834491057652, 26.121546446816872], [-80.1825601043884, 26.12156744741783], [-80.18166010461155, 26.121593447321136], [-80.1807921038245, 26.121619447447518], [-80.17990210291643, 26.121639447527134], [-80.17901410259103, 26.12166544770456], [-80.17802710161983, 26.121686447007296], [-80.17590110035435, 26.12173844723146], [-80.17495710020565, 26.12176444790811], [-80.17456709957249, 26.12177244707471], [-80.17465409989006, 26.12172944779637], [-80.17495010066001, 26.121584447302624], [-80.1747481006318, 26.12159044773068], [-80.17454110031285, 26.12159744730832], [-80.17414209953738, 26.121606447134788], [-80.17394009945696, 26.121612447331117], [-80.17367809948139, 26.12161344766783], [-80.172896098921, 26.121618447277942], [-80.17263509877, 26.121620447930844], [-80.17255709840884, 26.121620447897783], [-80.1723260987008, 26.12162444707197], [-80.17224909909397, 26.121626447375277], [-80.17225109880349, 26.12168944714312], [-80.17225509831387, 26.1217924474021], [-80.17120109773118, 26.121800447286134], [-80.17066909773614, 26.121795447742063], [-80.17013909747077, 26.12179144790473], [-80.16981709731876, 26.1217894475318], [-80.16945009693232, 26.121786447926944], [-80.16939809664335, 26.12178644796215], [-80.1689840972772, 26.12178344802713], [-80.16857609606829, 26.121780448104012], [-80.16797409589614, 26.121787447453976], [-80.16793309598009, 26.121787448176065], [-80.16724509547569, 26.121795448151815], [-80.16688109509973, 26.121800447383592], [-80.16574409465073, 26.12182444796764], [-80.16545809440642, 26.121831447494444], [-80.1645760944662, 26.12189344786703], [-80.16370309406241, 26.121966448133012], [-80.16327809383368, 26.121966447654735], [-80.16311909357326, 26.12196444780493], [-80.16308609339669, 26.121845448300437], [-80.16302109306882, 26.12184544817837], [-80.1629550927661, 26.121846447720575], [-80.1625780934813, 26.12184944797524], [-80.16245109312383, 26.121851447696507], [-80.16228609241915, 26.12185344760544], [-80.16179209300273, 26.121860448502932], [-80.16162809200634, 26.12186344814027], [-80.16139309199582, 26.121863447688398], [-80.16069009155683, 26.121864448539984], [-80.16045609128302, 26.121865447952562], [-80.16025309178737, 26.121870448309583], [-80.15964609148418, 26.121888447831132], [-80.15944409163279, 26.12189444844619], [-80.15907309046588, 26.12190344793047], [-80.15796408997842, 26.121931447867322], [-80.15759409033762, 26.121941448571416], [-80.15755809052295, 26.121942448567893], [-80.15745409048232, 26.12194544841281], [-80.15741909034638, 26.121947447983455], [-80.15717508978018, 26.121952448028868], [-80.1564470890513, 26.121969448505748], [-80.15620408910401, 26.121975448331835], [-80.15620808937194, 26.12210644841249], [-80.15589008902353, 26.122113448295952], [-80.15484108895144, 26.122154448036422], [-80.15348108778636, 26.122187448352644], [-80.15200408694582, 26.122222449044063], [-80.15146408638263, 26.122236448620303], [-80.15050908623131, 26.12225744854701], [-80.15051108562558, 26.122297448295846], [-80.15052908549525, 26.12284944929595], [-80.15053508580745, 26.123033449321568], [-80.15054108583001, 26.12321444909313], [-80.15055908595166, 26.12375744928461], [-80.15056508600797, 26.123938449941555], [-80.15056808605054, 26.12413844982611], [-80.15057908645814, 26.124740449667232], [-80.15058308614245, 26.12494145008851], [-80.15058708655965, 26.125126450093454], [-80.15060008571285, 26.125681450546494], [-80.15060508603341, 26.125866450107875], [-80.1506210859642, 26.126219450680946], [-80.15067108601198, 26.12728245087584], [-80.15068808587408, 26.127636451037525], [-80.15069308586246, 26.128012451771333], [-80.15071108631783, 26.129141451766998], [-80.15071708598254, 26.12951845208058], [-80.15078908658178, 26.131325453531545], [-80.15086708630453, 26.13309345422996], [-80.15095408646435, 26.13484745495561], [-80.15098908664766, 26.136227456182166], [-80.15091308649444, 26.136593455858858], [-80.15100008647191, 26.136588456332664], [-80.15100108684665, 26.13672445607646], [-80.1510040871655, 26.13695945574791], [-80.15101908666519, 26.13807445636279], [-80.15102508706907, 26.138446456737224], [-80.15103608686516, 26.138799457039926], [-80.1510690869919, 26.139860458014095], [-80.15108108670027, 26.14021445790459], [-80.15109308681662, 26.140575458343285], [-80.15112908771471, 26.141661458896806], [-80.15114208778361, 26.142023458919944], [-80.15115308703405, 26.14236745923341], [-80.15118708702585, 26.143399459666618], [-80.15119908722146, 26.14374445957656], [-80.15121308760213, 26.14409345984151], [-80.1512560871071, 26.145140460102304], [-80.1512710875132, 26.145490460857907], [-80.15128308736044, 26.145842460324552], [-80.15131908735654, 26.146897461256607], [-80.1513310881251, 26.147250461644912], [-80.15134208810132, 26.147602461456497], [-80.15137508822849, 26.148658461696435], [-80.15138608810203, 26.149011462423534], [-80.15139608816219, 26.149363462580062], [-80.15142808823136, 26.150421463157922], [-80.15143908827635, 26.150774462900934], [-80.15147508822596, 26.151513463478853], [-80.15155908762347, 26.151665463962306], [-80.15433608971627, 26.151578463646445], [-80.15434408928849, 26.15202246370949], [-80.15436808943998, 26.15335746398801], [-80.15437608983729, 26.153802464933044], [-80.15436608956242, 26.15420146483559], [-80.15434608946398, 26.15502446564279], [-80.15435108990857, 26.155399465015694], [-80.15435609024661, 26.155693465206017], [-80.15435709025981, 26.155799465893377], [-80.15438908962919, 26.155809465934787], [-80.1544510901062, 26.155829465997865], [-80.15448709001615, 26.155844465530187], [-80.15451409042741, 26.15586546594496], [-80.15453108996839, 26.155898465451642], [-80.1545570900174, 26.15592546587416], [-80.15461608996797, 26.15597546596151], [-80.15475308995973, 26.15610346606343], [-80.154839090015, 26.156177465759907], [-80.15486609013745, 26.15620546575784], [-80.15490509004775, 26.156267465738942], [-80.15491408999283, 26.156303465429417], [-80.15494109020865, 26.156370465780586], [-80.15497209030012, 26.156475465514283], [-80.15499309014722, 26.15676146595361], [-80.15500508979692, 26.156796466010444], [-80.15504209068439, 26.156853466467403], [-80.15506009048141, 26.15687746655961], [-80.1550780900888, 26.156902465824672], [-80.1551400907038, 26.156989466366625], [-80.15749109210358, 26.16024846799376], [-80.15755609221695, 26.16033846815829], [-80.15796709261699, 26.16090746816743], [-80.15842009232533, 26.161536468114225], [-80.15864409277705, 26.161846468403684], [-80.15948009365474, 26.163005468783098], [-80.15998109353966, 26.16370046952169], [-80.16019709399883, 26.163988469598014], [-80.1602190938649, 26.164030469437854], [-80.16024709407814, 26.164084470012813], [-80.16037009420236, 26.164252469447458], [-80.16044009363127, 26.164349470066103], [-80.16052709440113, 26.164297469610215], [-80.16057209422999, 26.164270469901858], [-80.1605810938283, 26.16429146986609], [-80.16060909353403, 26.16433746974094], [-80.16069409399226, 26.164475469755047], [-80.16072309399645, 26.16452147002366], [-80.16076309385805, 26.1645644700834], [-80.16088309446232, 26.164694470282285], [-80.16092309429196, 26.16473846947455], [-80.16084909446256, 26.164846470008722], [-80.1607500936837, 26.165001470172474], [-80.16024709429574, 26.165799470146396], [-80.16023909423386, 26.165813470614367], [-80.16018209408922, 26.165920470555026], [-80.16010009403963, 26.166077470253654], [-80.16020709421618, 26.166072470335525], [-80.1605300943137, 26.166056470852176], [-80.16063809453503, 26.166052470204118], [-80.1607970938212, 26.1660454704633], [-80.16127709427774, 26.166024470527216], [-80.16130909470644, 26.1660234709294], [-80.16137409480017, 26.166021470312007], [-80.16143809480654, 26.166018470982507], [-80.16147509452635, 26.16601647060128], [-80.16158709474794, 26.166011470795496], [-80.16162509453876, 26.16601047086238], [-80.16168109472079, 26.166007470873048], [-80.16185009518857, 26.166000470434145], [-80.16190709443947, 26.165998470835827], [-80.1619780951851, 26.165823470511988], [-80.16632309691488, 26.165669470175118], [-80.16695309813177, 26.16564747032688], [-80.16695409799887, 26.165795469817457], [-80.16896809916193, 26.165716469858832], [-80.16897209899999, 26.165786470548117], [-80.16898409855462, 26.165996469904258], [-80.16898909863984, 26.166066470045973], [-80.168996098884, 26.166232470428046], [-80.16902009922909, 26.166732470972487], [-80.169028098682, 26.166899470868206], [-80.16919809954845, 26.166867471016804], [-80.16971109932894, 26.166771470382375], [-80.16988309923123, 26.166740470491657], [-80.16988509918167, 26.1668734709675], [-80.16989409976385, 26.167272470728147], [-80.16989809912093, 26.167406471068794], [-80.16989809919208, 26.167443471309138], [-80.16989909964664, 26.167453470653488], [-80.16990009928412, 26.16758747084432], [-80.16990509943679, 26.167992471446368], [-80.16990709923849, 26.16812747115579], [-80.17002410006609, 26.168102471297765], [-80.17010209922893, 26.168090471401676], [-80.17014209955212, 26.168084471339327], [-80.1706980996242, 26.168056471446995], [-80.17089710027477, 26.16804747151661], [-80.17090009998593, 26.16821747165737], [-80.17091010024157, 26.168729471663163], [-80.17091410014605, 26.168900471310096], [-80.1709151007313, 26.16898047170833], [-80.17091810049163, 26.16922047198385], [-80.17092010026522, 26.16930147189442], [-80.17092110014174, 26.169391472177317], [-80.17092410063191, 26.16966347228096], [-80.1709261006997, 26.169754472080992], [-80.1709401000629, 26.171644472578702], [-80.17095310015583, 26.17198847361499], [-80.17095610079834, 26.17207547341716], [-80.17096510059703, 26.172338472963613], [-80.17096910045893, 26.172426473179957], [-80.17097210076793, 26.17258847349486], [-80.17098410064959, 26.173073473559217], [-80.17098510094435, 26.17310147341061], [-80.17098710067255, 26.173169474056756], [-80.17098810019199, 26.17323647337585], [-80.17098910098639, 26.173299474190763], [-80.1709911000105, 26.17336347361237], [-80.17099210052402, 26.173416473634365], [-80.17100410032906, 26.17395947461404], [-80.17100910090804, 26.17414047437662], [-80.17100810026295, 26.174243474034743], [-80.17100810098384, 26.174555474283103], [-80.17100810055186, 26.174659474359082], [-80.17100610032007, 26.175101475115532], [-80.17100410038185, 26.17642947515084], [-80.17100310116147, 26.176872475325826], [-80.17100310101075, 26.176985476077423], [-80.17100210071477, 26.177151476130962], [-80.17100110062097, 26.177909476594028], [-80.17100110090573, 26.177988476471743], [-80.17100210104155, 26.178267476120958], [-80.17100210102552, 26.17855747627607], [-80.17100210095012, 26.178751477026662], [-80.1710041005325, 26.17942747735904], [-80.1710051007868, 26.179717476911907], [-80.17100510060722, 26.179898477518126], [-80.17100510103218, 26.180441477510385], [-80.17100610110373, 26.1806234776203], [-80.17100410122795, 26.181118477638183], [-80.17100210077031, 26.18238347890038], [-80.17101010134981, 26.182606478250484], [-80.1710301013777, 26.183102478578945], [-80.17103310111246, 26.183189479151533], [-80.17104210061791, 26.183419479359852], [-80.17144910137114, 26.183503479430353], [-80.17184910115142, 26.183586478609193], [-80.17221110186088, 26.183641478870914], [-80.17254710174694, 26.183701478946524], [-80.17279010253888, 26.183779479427482], [-80.1730651025804, 26.183880479243935], [-80.17323510196286, 26.183944478989336], [-80.17360710292772, 26.18412347880623], [-80.17369610298068, 26.1841844792499], [-80.17379510263022, 26.184252478928535], [-80.17421810343397, 26.184554479024058], [-80.1744061030241, 26.184738479947505], [-80.17467710356198, 26.18504147947932], [-80.17478710342019, 26.185238479436475], [-80.17487410355292, 26.185362479834794], [-80.17494910320286, 26.185484479818307], [-80.17499310376114, 26.185555479485725], [-80.17508110381154, 26.18575348043408], [-80.17515010309977, 26.18596347985537], [-80.17519310364294, 26.186161480019212], [-80.17546210357206, 26.186163480182802], [-80.17567110346349, 26.18616447994946], [-80.1758551043522, 26.186164480574142], [-80.17624810385155, 26.186142479893455], [-80.17670110419603, 26.186124480572627], [-80.17744410508314, 26.186093479658258], [-80.1809981074403, 26.18603547999604], [-80.1811031075655, 26.186034479976353], [-80.18118810663324, 26.186110479552585], [-80.18347910828952, 26.18612147954416], [-80.18345510804633, 26.184173478520133], [-80.18449010870846, 26.184156478478407], [-80.18484710886518, 26.184143479211826], [-80.18546110964644, 26.184121479177666], [-80.18731611036125, 26.184107478619563], [-80.18744311115873, 26.18410447888163], [-80.18776411065733, 26.184070478610735], [-80.18780911123993, 26.184059478989315], [-80.18787611094741, 26.184043478547466], [-80.18798211081052, 26.184001478535677], [-80.18809011109256, 26.183983479019346], [-80.18890411118872, 26.183980478431952], [-80.18927411155359, 26.183979478314303], [-80.18940811206164, 26.18397847852447], [-80.18946111233562, 26.186002479226698], [-80.18946311160632, 26.18621247933546], [-80.18946511165318, 26.186275479401694], [-80.18971211260182, 26.18627547958507], [-80.1897681122614, 26.186275479904396], [-80.19093911324912, 26.18627547968309], [-80.19134911325176, 26.186275479999946], [-80.19150211330954, 26.18627647963317], [-80.19196111351405, 26.186279479362163], [-80.1921141135947, 26.186280479247422], [-80.19220611386132, 26.186280479454055], [-80.19248511410542, 26.186282479564955], [-80.19257811389322, 26.186283479807816], [-80.19277811404734, 26.186284479144273], [-80.19338011436103, 26.186287479475222], [-80.19358111406991, 26.186289479768966], [-80.194007115022, 26.186291479304924], [-80.19489111528183, 26.186297479589694], [-80.19526511540057, 26.186300479675012], [-80.19528611592034, 26.186300479780193], [-80.19536811519018, 26.18630047980223], [-80.19545611590155, 26.186300479033758], [-80.19550011575144, 26.186300479529105], [-80.19554511601261, 26.186300479285617], [-80.19562811569138, 26.18630047933668], [-80.19571311531662, 26.186301479768105], [-80.19581211549168, 26.186301479787126], [-80.19584311607265, 26.186301479736436], [-80.19610911616786, 26.18630247951739], [-80.19620911589624, 26.186303479512848], [-80.19628411633803, 26.186303479632254], [-80.19651211589, 26.186303479347988], [-80.19658811588431, 26.18630447955578], [-80.19688011657745, 26.18630547956401], [-80.1969551161767, 26.18630647941014], [-80.19722111633278, 26.186307479843467], [-80.19722611651989, 26.186221479085926], [-80.19719211688407, 26.184996478559235], [-80.20006611801124, 26.185011478969283], [-80.20352311982556, 26.18503047858776], [-80.20372512046244, 26.18503347841993], [-80.2037271205427, 26.185127478280126], [-80.20372811993694, 26.185166478900847], [-80.20372912000384, 26.185218478791125], [-80.2037331202181, 26.185377478824847], [-80.20373511988961, 26.185430478911723], [-80.20373712044058, 26.185653478561715], [-80.20374612027953, 26.186322478718026], [-80.20374912042514, 26.186546479441894], [-80.20375312009804, 26.18671247911739], [-80.20376712058062, 26.187213479514725], [-80.20377111999359, 26.187324480073197], [-80.20377212089518, 26.187380479379012], [-80.2037721205001, 26.187422480117636], [-80.20377511999034, 26.187550480145912], [-80.20377612022261, 26.187593480184443], [-80.20377611998705, 26.187626480184043], [-80.20377912015363, 26.187728479884118], [-80.20378012054114, 26.18776248008652], [-80.20378012025502, 26.187785480167122], [-80.20378012035569, 26.187805480003625], [-80.20378112082204, 26.18785447963169], [-80.20378212095542, 26.187877479832235], [-80.2037901206677, 26.188308480019465], [-80.20381512073234, 26.18960348071942], [-80.20382412014676, 26.19003548100563], [-80.20382512040386, 26.190122481016665], [-80.20383112049599, 26.19038348139377], [-80.20383312019551, 26.190470481515593], [-80.20383712026604, 26.19078448145971], [-80.20384912086575, 26.19172848228073], [-80.203854120586, 26.19204348236961], [-80.203849121083, 26.19239448239565], [-80.20384512031562, 26.192683481981806], [-80.20383812108427, 26.19344748283396], [-80.20383712112844, 26.19352348257571], [-80.20383412102801, 26.19379948298696], [-80.20383312089679, 26.1938844825525]]]}, "properties": {"OBJECTID": 5, "LONGNAME": "District 5", "SHORTNAME": "D5", "DISTRICT": 5, "SHAPE_STAR": 1074289369.02, "SHAPE_STLE": 148713.65011, "GLOBALID": "{42F987F0-1744-4B44-B684-E86BE45B56E0}", "CREATED_USER": null, "CREATED_DATE": null, "LAST_EDITED_USER": null, "LAST_EDITED_DATE": null, "Shape__Area": 1074289369.01872, "Shape__Length": 148713.6501101, "district": 5}}, {"type": "Feature", "id": 3, "geometry": {"type": "Polygon", "coordinates": [[[-80.08460105299902, 26.231878506766275], [-80.08882305473593, 26.231913506574152], [-80.08882505490983, 26.23189750659865], [-80.08883205483819, 26.231852506862953], [-80.0888350549981, 26.231837506966652], [-80.08898105479888, 26.231857506728506], [-80.08942105528826, 26.231918507034987], [-80.08956805529806, 26.231939507183657], [-80.08963005567213, 26.2319445066984], [-80.08981605593893, 26.231955506651072], [-80.08987905587368, 26.231968506533978], [-80.09008905546168, 26.231968506745233], [-80.09072005605825, 26.23196850646022], [-80.09093105645142, 26.231968507259786], [-80.09121105623498, 26.23196250688171], [-80.09205305699697, 26.231948507223645], [-80.09215305667684, 26.231947507079372], [-80.09233305711025, 26.231927506492287], [-80.09242805714857, 26.231923506898266], [-80.09271405699926, 26.231915507062553], [-80.09281005705392, 26.231912506366253], [-80.09295305745297, 26.2319125063755], [-80.09338205766976, 26.231912506445617], [-80.0935250583314, 26.231913506848265], [-80.09360305810355, 26.231913506890223], [-80.09383605764906, 26.231913506776426], [-80.0939150582065, 26.23191350664105], [-80.09430905821922, 26.23191350711649], [-80.09484505819583, 26.231914506517583], [-80.09519405920541, 26.23191450636479], [-80.09624205940717, 26.231915506246732], [-80.09659205955707, 26.231916506332304], [-80.09686105989628, 26.231911506180822], [-80.09767006026387, 26.23189950640639], [-80.09794006063042, 26.23189550696054], [-80.09815706067208, 26.23189150658526], [-80.0988090607152, 26.23188350638836], [-80.09902706110962, 26.231881506576684], [-80.09921806074821, 26.231880506948894], [-80.09979406194974, 26.23188050657147], [-80.0999860616925, 26.231880506830972], [-80.10017106137153, 26.231878506210855], [-80.10072906235665, 26.231874506479837], [-80.10091506212494, 26.231873506705863], [-80.10110806241393, 26.231869506070414], [-80.10168806228702, 26.23186150638296], [-80.10188206297505, 26.231859506566753], [-80.10208306247269, 26.231855506771645], [-80.10268906360317, 26.231844506453], [-80.10275506376233, 26.23184350597211], [-80.10289106318834, 26.231841506415126], [-80.10308706308822, 26.23183850655896], [-80.10367506344794, 26.231831506412167], [-80.10387206345847, 26.231829506366484], [-80.10407606358831, 26.23182650630442], [-80.1046910639922, 26.231819506039642], [-80.104896064236, 26.231817506590296], [-80.10510106478888, 26.231813505826754], [-80.1057180653673, 26.23180550633665], [-80.10592406503189, 26.231802506162445], [-80.10606606483357, 26.23180250584687], [-80.10649306503313, 26.231802505767114], [-80.10663606599098, 26.23180350575762], [-80.10668406571858, 26.231801506145075], [-80.10683206539132, 26.23179650595877], [-80.10688106526138, 26.23179550623857], [-80.10704206590013, 26.231795506601664], [-80.10752506559759, 26.2317975058139], [-80.10768606662755, 26.231798506421317], [-80.10784706642323, 26.2317935064752], [-80.1083300662733, 26.231782505799583], [-80.10849206657535, 26.231779506043683], [-80.10853306657744, 26.231779505838187], [-80.10865606657907, 26.231779506054096], [-80.10869806636389, 26.23177950568409], [-80.10886006665856, 26.231776506415514], [-80.10934806764988, 26.23177150571118], [-80.10951106710863, 26.231769505643154], [-80.10971506718015, 26.231766505692317], [-80.11032906733082, 26.23175850571135], [-80.11053406756335, 26.23175650633666], [-80.11057606835108, 26.23175650632629], [-80.11070306789424, 26.231757506135143], [-80.11074606786339, 26.23175850600111], [-80.11074306766871, 26.23162850562867], [-80.11160806803272, 26.231623506154865], [-80.11257106928998, 26.231619505575086], [-80.11347106948996, 26.231615506167742], [-80.11544907108734, 26.231589505479807], [-80.11762707155589, 26.231561505922443], [-80.1176290718802, 26.23168550610445], [-80.11782707218788, 26.23168250562975], [-80.11842407281374, 26.23167650581166], [-80.11862407213677, 26.23167450573157], [-80.11886607233895, 26.23167050552137], [-80.11959507319187, 26.2316605056041], [-80.11983807362839, 26.23165750543281], [-80.119984073746, 26.23165550580223], [-80.12042607322734, 26.231649505222407], [-80.12057307360223, 26.23164850576208], [-80.12075807419127, 26.231646505702486], [-80.12131707454867, 26.231643505262923], [-80.12150307440622, 26.231642505903334], [-80.12173707430973, 26.231638505204057], [-80.12244307458289, 26.231629505578596], [-80.12267807474606, 26.231626505003696], [-80.12300307473534, 26.231622505330474], [-80.12398207531795, 26.231611505586482], [-80.12430807559005, 26.23160850550999], [-80.12453707624775, 26.231617504912954], [-80.12522507629309, 26.231646505333174], [-80.1254550764352, 26.231656504910134], [-80.12552807711349, 26.23165950522549], [-80.12574707718301, 26.2316685050349], [-80.12582107666417, 26.231671504959337], [-80.12590107684272, 26.231674505238484], [-80.12608607684282, 26.231682505271444], [-80.12614307751019, 26.23168450539831], [-80.12622407702615, 26.23168850532006], [-80.12705107771313, 26.231698505019217], [-80.12716507803762, 26.231700505253798], [-80.12836207793849, 26.231683505661866], [-80.1295340793926, 26.231670505603557], [-80.13036207969623, 26.231661505515206], [-80.13055607948583, 26.231659504868368], [-80.13113708005206, 26.231653505245546], [-80.13133207961891, 26.231651505081654], [-80.13152608040295, 26.231649504935632], [-80.13211108067887, 26.231644504847207], [-80.13230708060968, 26.23164350495239], [-80.13239408117022, 26.231642504811752], [-80.13265508084444, 26.23163950496404], [-80.13274308077024, 26.23163950529259], [-80.13282908054622, 26.231638505167428], [-80.13294308066554, 26.231636505069662], [-80.13308608109023, 26.231635504776406], [-80.13317308123581, 26.231635505128992], [-80.13343508109766, 26.231631505318095], [-80.13394408205654, 26.231623505041576], [-80.13422308221563, 26.231619505145602], [-80.13448608143752, 26.231616504989393], [-80.13464008247338, 26.231615505312735], [-80.13478008254589, 26.231614505123986], [-80.13550108231726, 26.231604504467764], [-80.13575208296035, 26.23160450493041], [-80.13630308252887, 26.231607504960714], [-80.13635108314438, 26.231607504588], [-80.1363510827165, 26.231438505227235], [-80.13653008310743, 26.231437504817382], [-80.1366110834629, 26.23143750494741], [-80.1366190832874, 26.231604505305015], [-80.13732008388584, 26.23159850470584], [-80.13745608346396, 26.231598505039223], [-80.13771608386217, 26.231599504701116], [-80.13834908400356, 26.23159950485955], [-80.13860008420778, 26.231595504593], [-80.13868408405338, 26.231595504384906], [-80.13889708409575, 26.231592505182356], [-80.1395380851437, 26.231582504956105], [-80.13975208460477, 26.231580505119393], [-80.1399080853097, 26.231576504344332], [-80.14037808527753, 26.231563504761677], [-80.14053508538484, 26.231560504835986], [-80.14063408602736, 26.23155750454055], [-80.14093108524136, 26.23155050426346], [-80.14102408547654, 26.231549504971106], [-80.14107108565857, 26.231548505098658], [-80.14117008560508, 26.2315475045621], [-80.14146108605108, 26.23154650474623], [-80.14273208682316, 26.231542504241133], [-80.14275108671657, 26.23154250474736], [-80.14318208699129, 26.231541504246614], [-80.14328008715815, 26.231540504418653], [-80.14338208713654, 26.23154050496338], [-80.1435750871264, 26.23153850423792], [-80.14367408707552, 26.23153750468324], [-80.14386508781254, 26.23153450422535], [-80.14444108770995, 26.2315275048646], [-80.14463308759792, 26.231526504051345], [-80.14483108818615, 26.231525504388692], [-80.14524608866398, 26.231525504551424], [-80.14542508875907, 26.231526504024416], [-80.14562408823666, 26.231528504896705], [-80.14577508829144, 26.231526504256806], [-80.14622808883776, 26.231522504228835], [-80.1463800890741, 26.231522504515898], [-80.14653608904206, 26.23152050479215], [-80.14700308928957, 26.231517504288565], [-80.14716008975157, 26.23151650447683], [-80.14732108964076, 26.231514504687], [-80.1478060893069, 26.23151050449476], [-80.14796808941313, 26.231510504629842], [-80.14811009039887, 26.231508504145108], [-80.14853709056126, 26.23150450428101], [-80.14868008976566, 26.23150450476879], [-80.14919309042479, 26.2315005041886], [-80.14940509106157, 26.231499504378572], [-80.15034409095989, 26.231484504018653], [-80.15073109171931, 26.231480503951985], [-80.15124509214537, 26.23147650465752], [-80.15174209198985, 26.231481503985652], [-80.15178209213481, 26.231482504557725], [-80.15232009245317, 26.23147450378691], [-80.15319609250837, 26.231439504444808], [-80.15323309326621, 26.231436503816347], [-80.15368609328802, 26.23140450451956], [-80.15402309333763, 26.231384504214564], [-80.15490509406469, 26.2313365035872], [-80.1552000937323, 26.2313215039031], [-80.15522509377988, 26.231319503592296], [-80.15530309381944, 26.231315504155795], [-80.15532909442541, 26.23131450436057], [-80.1555980943627, 26.231314503717396], [-80.15640509480404, 26.231316504323154], [-80.15663909512931, 26.231317503956447], [-80.15663309527457, 26.231126503424804], [-80.15663309490466, 26.230912504014256], [-80.1566240946056, 26.230688503446437], [-80.1566110944365, 26.230252503578924], [-80.15658309520113, 26.22925350311197], [-80.15650909489912, 26.226651501304065], [-80.15650809486557, 26.226614501889575], [-80.15650409504333, 26.22647950152521], [-80.15649909415541, 26.226312501181564], [-80.15647509493971, 26.22540850049931], [-80.15646709482746, 26.22510750117144], [-80.15645609420953, 26.22489450029019], [-80.15644609437953, 26.224700500283078], [-80.15644309495035, 26.224682500380027], [-80.15643109488234, 26.22425750048332], [-80.1564250947624, 26.22404550010909], [-80.15642209424108, 26.223970499826365], [-80.15641409419334, 26.22374650040788], [-80.15641209419448, 26.223672499745373], [-80.15640409408475, 26.223458500114322], [-80.15638109395512, 26.222819500043304], [-80.15637409442463, 26.22260649910903], [-80.15635109474313, 26.221937499571865], [-80.15628509424886, 26.219932498483185], [-80.15626509430733, 26.219296497878172], [-80.15626109433653, 26.219187497409077], [-80.15624909372349, 26.218873497807564], [-80.15620409393614, 26.217702496724826], [-80.15619009405206, 26.217312497101105], [-80.15618309406152, 26.21710349629072], [-80.15616209352498, 26.216479496741577], [-80.15615509438098, 26.2162714959838], [-80.15615109399084, 26.216155495874503], [-80.15614909430074, 26.21608549632533], [-80.1561420937907, 26.215898496135313], [-80.15613909342903, 26.21580949568125], [-80.15613909414522, 26.215796495665973], [-80.15613509384798, 26.215694495640513], [-80.15613109434608, 26.215593495689284], [-80.15612809370299, 26.21549149611253], [-80.1561170935104, 26.215185495574527], [-80.15606609331546, 26.213661494943086], [-80.15604909374962, 26.213153494365873], [-80.15602509359809, 26.212699494426687], [-80.15595609315933, 26.211340494209075], [-80.15593309393381, 26.21088749378445], [-80.15592909325747, 26.210721493620913], [-80.15606309376308, 26.210721493042595], [-80.15724809392276, 26.21066949348465], [-80.15823409475647, 26.210620492987616], [-80.15953209547727, 26.210554493234074], [-80.1599450956499, 26.21053549337277], [-80.16176609686535, 26.210440492880167], [-80.16342909829507, 26.21034249318193], [-80.16393209801251, 26.21031549303039], [-80.16508709929968, 26.210252492681803], [-80.16705210012844, 26.21014349281978], [-80.16784910077762, 26.210102492680495], [-80.16864910058662, 26.210053492225292], [-80.1695861016151, 26.20999349243169], [-80.17056910217329, 26.20993849225796], [-80.17182410320146, 26.209909492503158], [-80.17184310274178, 26.20999049239769], [-80.17209310256972, 26.20998049243094], [-80.172653103724, 26.209970492360714], [-80.17271410359407, 26.20997049218787], [-80.1731321036256, 26.209964492218777], [-80.17324510404546, 26.20996249280663], [-80.17360010379709, 26.20994249196651], [-80.17379710358394, 26.209929492008797], [-80.17410010453224, 26.209876491983533], [-80.17464310442689, 26.209734492187014], [-80.1748341046395, 26.20966949219622], [-80.17489710456633, 26.209648491976207], [-80.17503910424828, 26.209600492530083], [-80.17549810485865, 26.209446492258014], [-80.17581410491252, 26.209361492115686], [-80.1760631050932, 26.20931149183228], [-80.17628910548555, 26.209284491975577], [-80.17631010513578, 26.209282492062584], [-80.17633010525925, 26.209278491687268], [-80.17679710608384, 26.20924449149037], [-80.17697410619748, 26.209240491579628], [-80.17860110719208, 26.209208492041103], [-80.17963410698034, 26.209188491351373], [-80.18047810740943, 26.209176491824717], [-80.18164710837982, 26.209161492024148], [-80.18213510845824, 26.20914849174307], [-80.18251010887423, 26.209139491344867], [-80.18340310996561, 26.209150491367645], [-80.18359810927524, 26.209168491499515], [-80.18408510957163, 26.20921449153778], [-80.18427211024162, 26.209260491737858], [-80.18478911033009, 26.20938849162111], [-80.18483311035803, 26.209403491263288], [-80.18501611086545, 26.209465491615475], [-80.18518411032684, 26.209522492106775], [-80.18524711115903, 26.2095434914285], [-80.18526711033209, 26.20954649213931], [-80.18570611124456, 26.209641492004057], [-80.18584111112823, 26.20967149145493], [-80.18588111151536, 26.209676491742314], [-80.18599911149383, 26.209691492041735], [-80.18601711141517, 26.209692492010717], [-80.18621911153808, 26.20971449153535], [-80.18628411096961, 26.209717491315377], [-80.18642811135392, 26.209724491551487], [-80.18646911128891, 26.209727491762404], [-80.18649011098458, 26.209727491416686], [-80.18656611186978, 26.20972649162192], [-80.18798011210666, 26.209732491804388], [-80.18799411237643, 26.209729492102312], [-80.18817111242963, 26.209684491513777], [-80.1881541126495, 26.2093144917057], [-80.18815211267989, 26.209242491133942], [-80.18815111282707, 26.20920849100209], [-80.18956711337492, 26.209175490976868], [-80.19142011404243, 26.209135490875436], [-80.1938461152215, 26.209081491049524], [-80.19517211658606, 26.20903849095789], [-80.19540011635901, 26.20903849141291], [-80.1955521165531, 26.209038490614724], [-80.19555211708713, 26.20907349063734], [-80.19559211696168, 26.209072491366978], [-80.19559111662242, 26.209151491024887], [-80.19558911644192, 26.2093904912345], [-80.19557411663993, 26.20946949110547], [-80.19556411660051, 26.20952349081989], [-80.19557111650997, 26.20992249153367], [-80.19609211716495, 26.20932649100702], [-80.19651611681522, 26.208841490436395], [-80.19671111752831, 26.2086194910702], [-80.19799711812436, 26.207115489586947], [-80.19870711836649, 26.206336489376618], [-80.1996251189793, 26.205213488556968], [-80.20063511918366, 26.20398148856136], [-80.20072311970192, 26.203875488120044], [-80.20081811954049, 26.203761487967608], [-80.2013711199925, 26.20310348808845], [-80.20155512029709, 26.202884487601043], [-80.20169612040148, 26.20271448769057], [-80.2021231204063, 26.202204487587668], [-80.20226612012344, 26.202035487414587], [-80.20260412065491, 26.201631487105836], [-80.20308012066131, 26.201064486549168], [-80.20361812151754, 26.20042148660697], [-80.20372212100317, 26.200295486310925], [-80.2039561208427, 26.200018485650205], [-80.20388112079355, 26.19646848469032], [-80.2038741213392, 26.19557048428108], [-80.20386612068553, 26.195370483372034], [-80.20385612129226, 26.195279483841894], [-80.20385012106856, 26.194983483503787], [-80.2038321204466, 26.194095483322315], [-80.20383112111011, 26.194027483100758], [-80.20383312089679, 26.1938844825525], [-80.20383412102801, 26.19379948298696], [-80.20383712112844, 26.19352348257571], [-80.20383812108427, 26.19344748283396], [-80.20384512031562, 26.192683481981806], [-80.203849121083, 26.19239448239565], [-80.203854120586, 26.19204348236961], [-80.20384912086575, 26.19172848228073], [-80.20383712026604, 26.19078448145971], [-80.20383312019551, 26.190470481515593], [-80.20383112049599, 26.19038348139377], [-80.20382512040386, 26.190122481016665], [-80.20382412014676, 26.19003548100563], [-80.20381512073234, 26.18960348071942], [-80.2037901206677, 26.188308480019465], [-80.20378212095542, 26.187877479832235], [-80.20378112082204, 26.18785447963169], [-80.20378012035569, 26.187805480003625], [-80.20378012025502, 26.187785480167122], [-80.20378012054114, 26.18776248008652], [-80.20377912015363, 26.187728479884118], [-80.20377611998705, 26.187626480184043], [-80.20377612022261, 26.187593480184443], [-80.20377511999034, 26.187550480145912], [-80.2037721205001, 26.187422480117636], [-80.20377212089518, 26.187380479379012], [-80.20377111999359, 26.187324480073197], [-80.20376712058062, 26.187213479514725], [-80.20375312009804, 26.18671247911739], [-80.20374912042514, 26.186546479441894], [-80.20374612027953, 26.186322478718026], [-80.20373712044058, 26.185653478561715], [-80.20373511988961, 26.185430478911723], [-80.2037331202181, 26.185377478824847], [-80.20372912000384, 26.185218478791125], [-80.20372811993694, 26.185166478900847], [-80.2037271205427, 26.185127478280126], [-80.20372512046244, 26.18503347841993], [-80.20352311982556, 26.18503047858776], [-80.20006611801124, 26.185011478969283], [-80.19719211688407, 26.184996478559235], [-80.19722611651989, 26.186221479085926], [-80.19722111633278, 26.186307479843467], [-80.1969551161767, 26.18630647941014], [-80.19688011657745, 26.18630547956401], [-80.19658811588431, 26.18630447955578], [-80.19651211589, 26.186303479347988], [-80.19628411633803, 26.186303479632254], [-80.19620911589624, 26.186303479512848], [-80.19610911616786, 26.18630247951739], [-80.19584311607265, 26.186301479736436], [-80.19581211549168, 26.186301479787126], [-80.19571311531662, 26.186301479768105], [-80.19562811569138, 26.18630047933668], [-80.19554511601261, 26.186300479285617], [-80.19550011575144, 26.186300479529105], [-80.19545611590155, 26.186300479033758], [-80.19536811519018, 26.18630047980223], [-80.19528611592034, 26.186300479780193], [-80.19526511540057, 26.186300479675012], [-80.19489111528183, 26.186297479589694], [-80.194007115022, 26.186291479304924], [-80.19358111406991, 26.186289479768966], [-80.19338011436103, 26.186287479475222], [-80.19277811404734, 26.186284479144273], [-80.19257811389322, 26.186283479807816], [-80.19248511410542, 26.186282479564955], [-80.19220611386132, 26.186280479454055], [-80.1921141135947, 26.186280479247422], [-80.19196111351405, 26.186279479362163], [-80.19150211330954, 26.18627647963317], [-80.19134911325176, 26.186275479999946], [-80.19093911324912, 26.18627547968309], [-80.1897681122614, 26.186275479904396], [-80.18971211260182, 26.18627547958507], [-80.18946511165318, 26.186275479401694], [-80.18946311160632, 26.18621247933546], [-80.18946111233562, 26.186002479226698], [-80.18940811206164, 26.18397847852447], [-80.18927411155359, 26.183979478314303], [-80.18890411118872, 26.183980478431952], [-80.18809011109256, 26.183983479019346], [-80.18798211081052, 26.184001478535677], [-80.18787611094741, 26.184043478547466], [-80.18780911123993, 26.184059478989315], [-80.18776411065733, 26.184070478610735], [-80.18744311115873, 26.18410447888163], [-80.18731611036125, 26.184107478619563], [-80.18546110964644, 26.184121479177666], [-80.18484710886518, 26.184143479211826], [-80.18449010870846, 26.184156478478407], [-80.18345510804633, 26.184173478520133], [-80.18347910828952, 26.18612147954416], [-80.18118810663324, 26.186110479552585], [-80.1811031075655, 26.186034479976353], [-80.1809981074403, 26.18603547999604], [-80.17744410508314, 26.186093479658258], [-80.17670110419603, 26.186124480572627], [-80.17624810385155, 26.186142479893455], [-80.1758551043522, 26.186164480574142], [-80.17567110346349, 26.18616447994946], [-80.17546210357206, 26.186163480182802], [-80.17519310364294, 26.186161480019212], [-80.17515010309977, 26.18596347985537], [-80.17508110381154, 26.18575348043408], [-80.17499310376114, 26.185555479485725], [-80.17494910320286, 26.185484479818307], [-80.17487410355292, 26.185362479834794], [-80.17478710342019, 26.185238479436475], [-80.17467710356198, 26.18504147947932], [-80.1744061030241, 26.184738479947505], [-80.17421810343397, 26.184554479024058], [-80.17379510263022, 26.184252478928535], [-80.17369610298068, 26.1841844792499], [-80.17360710292772, 26.18412347880623], [-80.17323510196286, 26.183944478989336], [-80.1730651025804, 26.183880479243935], [-80.17279010253888, 26.183779479427482], [-80.17254710174694, 26.183701478946524], [-80.17221110186088, 26.183641478870914], [-80.17184910115142, 26.183586478609193], [-80.17144910137114, 26.183503479430353], [-80.17104210061791, 26.183419479359852], [-80.17103310111246, 26.183189479151533], [-80.1710301013777, 26.183102478578945], [-80.17101010134981, 26.182606478250484], [-80.17100210077031, 26.18238347890038], [-80.17100410122795, 26.181118477638183], [-80.17100610110373, 26.1806234776203], [-80.17100510103218, 26.180441477510385], [-80.17100510060722, 26.179898477518126], [-80.1710051007868, 26.179717476911907], [-80.1710041005325, 26.17942747735904], [-80.17100210095012, 26.178751477026662], [-80.17100210102552, 26.17855747627607], [-80.17100210104155, 26.178267476120958], [-80.17100110090573, 26.177988476471743], [-80.17100110062097, 26.177909476594028], [-80.17100210071477, 26.177151476130962], [-80.17100310101075, 26.176985476077423], [-80.17100310116147, 26.176872475325826], [-80.17100410038185, 26.17642947515084], [-80.17100610032007, 26.175101475115532], [-80.17100810055186, 26.174659474359082], [-80.17100810098384, 26.174555474283103], [-80.17100810026295, 26.174243474034743], [-80.17100910090804, 26.17414047437662], [-80.17100410032906, 26.17395947461404], [-80.17099210052402, 26.173416473634365], [-80.1709911000105, 26.17336347361237], [-80.17098910098639, 26.173299474190763], [-80.17098810019199, 26.17323647337585], [-80.17098710067255, 26.173169474056756], [-80.17098510094435, 26.17310147341061], [-80.17098410064959, 26.173073473559217], [-80.17097210076793, 26.17258847349486], [-80.17096910045893, 26.172426473179957], [-80.17096510059703, 26.172338472963613], [-80.17095610079834, 26.17207547341716], [-80.17095310015583, 26.17198847361499], [-80.1709401000629, 26.171644472578702], [-80.1709261006997, 26.169754472080992], [-80.17092410063191, 26.16966347228096], [-80.17092110014174, 26.169391472177317], [-80.17092010026522, 26.16930147189442], [-80.17091810049163, 26.16922047198385], [-80.1709151007313, 26.16898047170833], [-80.17091410014605, 26.168900471310096], [-80.17091010024157, 26.168729471663163], [-80.17090009998593, 26.16821747165737], [-80.17089710027477, 26.16804747151661], [-80.1706980996242, 26.168056471446995], [-80.17014209955212, 26.168084471339327], [-80.17010209922893, 26.168090471401676], [-80.17002410006609, 26.168102471297765], [-80.16990709923849, 26.16812747115579], [-80.16990509943679, 26.167992471446368], [-80.16990009928412, 26.16758747084432], [-80.16989909964664, 26.167453470653488], [-80.16989809919208, 26.167443471309138], [-80.16989809912093, 26.167406471068794], [-80.16989409976385, 26.167272470728147], [-80.16988509918167, 26.1668734709675], [-80.16988309923123, 26.166740470491657], [-80.16971109932894, 26.166771470382375], [-80.16919809954845, 26.166867471016804], [-80.169028098682, 26.166899470868206], [-80.16902009922909, 26.166732470972487], [-80.168996098884, 26.166232470428046], [-80.16898909863984, 26.166066470045973], [-80.16898409855462, 26.165996469904258], [-80.16897209899999, 26.165786470548117], [-80.16896809916193, 26.165716469858832], [-80.16695409799887, 26.165795469817457], [-80.16695309813177, 26.16564747032688], [-80.16632309691488, 26.165669470175118], [-80.1619780951851, 26.165823470511988], [-80.16190709443947, 26.165998470835827], [-80.16185009518857, 26.166000470434145], [-80.16168109472079, 26.166007470873048], [-80.16162509453876, 26.16601047086238], [-80.16158709474794, 26.166011470795496], [-80.16147509452635, 26.16601647060128], [-80.16143809480654, 26.166018470982507], [-80.16137409480017, 26.166021470312007], [-80.16130909470644, 26.1660234709294], [-80.16127709427774, 26.166024470527216], [-80.1607970938212, 26.1660454704633], [-80.16063809453503, 26.166052470204118], [-80.1605300943137, 26.166056470852176], [-80.16020709421618, 26.166072470335525], [-80.16010009403963, 26.166077470253654], [-80.16018209408922, 26.165920470555026], [-80.16023909423386, 26.165813470614367], [-80.16024709429574, 26.165799470146396], [-80.1607500936837, 26.165001470172474], [-80.16084909446256, 26.164846470008722], [-80.16092309429196, 26.16473846947455], [-80.16088309446232, 26.164694470282285], [-80.16076309385805, 26.1645644700834], [-80.16072309399645, 26.16452147002366], [-80.16069409399226, 26.164475469755047], [-80.16060909353403, 26.16433746974094], [-80.1605810938283, 26.16429146986609], [-80.16057209422999, 26.164270469901858], [-80.16052709440113, 26.164297469610215], [-80.16044009363127, 26.164349470066103], [-80.16037009420236, 26.164252469447458], [-80.16024709407814, 26.164084470012813], [-80.1602190938649, 26.164030469437854], [-80.16019709399883, 26.163988469598014], [-80.15998109353966, 26.16370046952169], [-80.15948009365474, 26.163005468783098], [-80.15864409277705, 26.161846468403684], [-80.15842009232533, 26.161536468114225], [-80.15796709261699, 26.16090746816743], [-80.15755609221695, 26.16033846815829], [-80.15749109210358, 26.16024846799376], [-80.1551400907038, 26.156989466366625], [-80.1550780900888, 26.156902465824672], [-80.15506009048141, 26.15687746655961], [-80.15504209068439, 26.156853466467403], [-80.15500508979692, 26.156796466010444], [-80.15499309014722, 26.15676146595361], [-80.15497209030012, 26.156475465514283], [-80.15494109020865, 26.156370465780586], [-80.15491408999283, 26.156303465429417], [-80.15490509004775, 26.156267465738942], [-80.15486609013745, 26.15620546575784], [-80.154839090015, 26.156177465759907], [-80.15475308995973, 26.15610346606343], [-80.15461608996797, 26.15597546596151], [-80.1545570900174, 26.15592546587416], [-80.15453108996839, 26.155898465451642], [-80.15451409042741, 26.15586546594496], [-80.15448709001615, 26.155844465530187], [-80.1544510901062, 26.155829465997865], [-80.15438908962919, 26.155809465934787], [-80.15435709025981, 26.155799465893377], [-80.15435609024661, 26.155693465206017], [-80.15435108990857, 26.155399465015694], [-80.15434608946398, 26.15502446564279], [-80.15436608956242, 26.15420146483559], [-80.15437608983729, 26.153802464933044], [-80.15436808943998, 26.15335746398801], [-80.15434408928849, 26.15202246370949], [-80.15433608971627, 26.151578463646445], [-80.15155908762347, 26.151665463962306], [-80.15147508822596, 26.151513463478853], [-80.15143908827635, 26.150774462900934], [-80.15142808823136, 26.150421463157922], [-80.15139608816219, 26.149363462580062], [-80.15138608810203, 26.149011462423534], [-80.15137508822849, 26.148658461696435], [-80.15134208810132, 26.147602461456497], [-80.1513310881251, 26.147250461644912], [-80.15131908735654, 26.146897461256607], [-80.15128308736044, 26.145842460324552], [-80.1512710875132, 26.145490460857907], [-80.1512560871071, 26.145140460102304], [-80.15121308760213, 26.14409345984151], [-80.15119908722146, 26.14374445957656], [-80.15118708702585, 26.143399459666618], [-80.15115308703405, 26.14236745923341], [-80.15114208778361, 26.142023458919944], [-80.15112908771471, 26.141661458896806], [-80.15109308681662, 26.140575458343285], [-80.15108108670027, 26.14021445790459], [-80.1510690869919, 26.139860458014095], [-80.15103608686516, 26.138799457039926], [-80.15102508706907, 26.138446456737224], [-80.15101908666519, 26.13807445636279], [-80.1510040871655, 26.13695945574791], [-80.15100108684665, 26.13672445607646], [-80.15100008647191, 26.136588456332664], [-80.15091308649444, 26.136593455858858], [-80.15098908664766, 26.136227456182166], [-80.15095408646435, 26.13484745495561], [-80.15086708630453, 26.13309345422996], [-80.15078908658178, 26.131325453531545], [-80.15071708598254, 26.12951845208058], [-80.15071108631783, 26.129141451766998], [-80.15069308586246, 26.128012451771333], [-80.15068808587408, 26.127636451037525], [-80.15067108601198, 26.12728245087584], [-80.1506210859642, 26.126219450680946], [-80.15060508603341, 26.125866450107875], [-80.15060008571285, 26.125681450546494], [-80.15058708655965, 26.125126450093454], [-80.15058308614245, 26.12494145008851], [-80.15057908645814, 26.124740449667232], [-80.15056808605054, 26.12413844982611], [-80.15056508600797, 26.123938449941555], [-80.15055908595166, 26.12375744928461], [-80.15054108583001, 26.12321444909313], [-80.15053508580745, 26.123033449321568], [-80.15052908549525, 26.12284944929595], [-80.15051108562558, 26.122297448295846], [-80.15050908623131, 26.12225744854701], [-80.15146408638263, 26.122236448620303], [-80.15200408694582, 26.122222449044063], [-80.15348108778636, 26.122187448352644], [-80.15484108895144, 26.122154448036422], [-80.15589008902353, 26.122113448295952], [-80.15620808937194, 26.12210644841249], [-80.15620408910401, 26.121975448331835], [-80.1564470890513, 26.121969448505748], [-80.15717508978018, 26.121952448028868], [-80.15741909034638, 26.121947447983455], [-80.15745409048232, 26.12194544841281], [-80.15755809052295, 26.121942448567893], [-80.15759409033762, 26.121941448571416], [-80.15796408997842, 26.121931447867322], [-80.15907309046588, 26.12190344793047], [-80.15944409163279, 26.12189444844619], [-80.15964609148418, 26.121888447831132], [-80.16025309178737, 26.121870448309583], [-80.16045609128302, 26.121865447952562], [-80.16069009155683, 26.121864448539984], [-80.16139309199582, 26.121863447688398], [-80.16162809200634, 26.12186344814027], [-80.16179209300273, 26.121860448502932], [-80.16228609241915, 26.12185344760544], [-80.16245109312383, 26.121851447696507], [-80.1625780934813, 26.12184944797524], [-80.1629550927661, 26.121846447720575], [-80.16302109306882, 26.12184544817837], [-80.16308609339669, 26.121845448300437], [-80.16311909357326, 26.12196444780493], [-80.16327809383368, 26.121966447654735], [-80.16370309406241, 26.121966448133012], [-80.1645760944662, 26.12189344786703], [-80.16545809440642, 26.121831447494444], [-80.16574409465073, 26.12182444796764], [-80.16688109509973, 26.121800447383592], [-80.16724509547569, 26.121795448151815], [-80.16793309598009, 26.121787448176065], [-80.16797409589614, 26.121787447453976], [-80.16857609606829, 26.121780448104012], [-80.1689840972772, 26.12178344802713], [-80.16939809664335, 26.12178644796215], [-80.16945009693232, 26.121786447926944], [-80.16981709731876, 26.1217894475318], [-80.17013909747077, 26.12179144790473], [-80.17066909773614, 26.121795447742063], [-80.17120109773118, 26.121800447286134], [-80.17225509831387, 26.1217924474021], [-80.17225109880349, 26.12168944714312], [-80.17224909909397, 26.121626447375277], [-80.1723260987008, 26.12162444707197], [-80.17255709840884, 26.121620447897783], [-80.17263509877, 26.121620447930844], [-80.172896098921, 26.121618447277942], [-80.17367809948139, 26.12161344766783], [-80.17394009945696, 26.121612447331117], [-80.17414209953738, 26.121606447134788], [-80.17454110031285, 26.12159744730832], [-80.1747481006318, 26.12159044773068], [-80.17495010066001, 26.121584447302624], [-80.17465409989006, 26.12172944779637], [-80.17456709957249, 26.12177244707471], [-80.17495710020565, 26.12176444790811], [-80.17590110035435, 26.12173844723146], [-80.17802710161983, 26.121686447007296], [-80.17901410259103, 26.12166544770456], [-80.17990210291643, 26.121639447527134], [-80.1807921038245, 26.121619447447518], [-80.18166010461155, 26.121593447321136], [-80.1825601043884, 26.12156744741783], [-80.1834491057652, 26.121546446816872], [-80.18432910533105, 26.121526446740766], [-80.18521410659189, 26.121500447365303], [-80.18619510734699, 26.12147444660674], [-80.18619610656538, 26.12140944649968], [-80.18619510736026, 26.121390446398983], [-80.18619610735497, 26.121378446470246], [-80.18619810670955, 26.121261446506363], [-80.18648010685145, 26.121254446377407], [-80.18732910785155, 26.121235447133316], [-80.18761210792896, 26.12123044699119], [-80.18770610755882, 26.121227446626577], [-80.18799110814045, 26.12122044690653], [-80.18808610769486, 26.12121844659958], [-80.18842510795483, 26.12120944670994], [-80.18944110878003, 26.12118344664554], [-80.18978110885791, 26.121175446565676], [-80.1899071086034, 26.121172446810554], [-80.19028810937087, 26.121163446594313], [-80.19041510905822, 26.121161446684933], [-80.19045210949275, 26.121161446887292], [-80.1905661093555, 26.121161446223034], [-80.19060410974772, 26.121162446674916], [-80.190783109287, 26.121157446602385], [-80.1913231096188, 26.12114444672307], [-80.19150311008354, 26.121140446946654], [-80.19200811070374, 26.12112844685078], [-80.19352611159353, 26.121091446305172], [-80.194032111936, 26.121080446597293], [-80.19444211181784, 26.12107044670005], [-80.19567411220713, 26.121042445930094], [-80.1960851129224, 26.121033446125473], [-80.19638211309001, 26.121026446168354], [-80.19686311319532, 26.121017446244867], [-80.197246113192, 26.121009446064363], [-80.19727511365873, 26.12100844590556], [-80.19757311375972, 26.12100244644225], [-80.19769511370436, 26.12099844639872], [-80.19798211343958, 26.12099244623997], [-80.19806411356647, 26.12098944636139], [-80.1981871136868, 26.120987446230018], [-80.198262113864, 26.120984446114203], [-80.1984901136262, 26.120979446323283], [-80.19856611399558, 26.1209784463755], [-80.19872211460098, 26.12097344575718], [-80.19919111455935, 26.12096044590578], [-80.19934811434135, 26.12095744582768], [-80.19987711516394, 26.120944445735695], [-80.20146511622995, 26.120906445737212], [-80.20183111617634, 26.1208974456014], [-80.201995115808, 26.120894446193798], [-80.20215211649837, 26.120891445770976], [-80.20262511644599, 26.12088344559179], [-80.20278311617949, 26.120881445585272], [-80.20312811655556, 26.12088344615934], [-80.20416511757374, 26.120889445845023], [-80.20451111714793, 26.120892446008995], [-80.20477211763445, 26.120891445446247], [-80.205558118371, 26.12089144599148], [-80.20582011797487, 26.120891445517923], [-80.20595911883481, 26.120890445759404], [-80.20637911897087, 26.120887445935367], [-80.20652011877883, 26.12088744590109], [-80.20662311905436, 26.120886445904407], [-80.2069321186253, 26.120886445740506], [-80.20703611900223, 26.120886445626798], [-80.2072841192499, 26.12088444562961], [-80.2080281199962, 26.120878445784328], [-80.20827612024603, 26.120876445884665], [-80.20862411975034, 26.12087544588916], [-80.20967012057942, 26.120874445703997], [-80.21001912126557, 26.120874445213065], [-80.210810121195, 26.12087244522685], [-80.21318612262677, 26.120865445436134], [-80.21397812297177, 26.120864445346943], [-80.21479312401365, 26.120860445869464], [-80.21717412528338, 26.120849445092595], [-80.21724012544685, 26.120849445163344], [-80.218056125861, 26.120846445385766], [-80.21806812536258, 26.120771444809538], [-80.21810412509791, 26.12054744497387], [-80.21811712571746, 26.120473445399924], [-80.21827712581926, 26.119497444809305], [-80.21833812556889, 26.119076444658255], [-80.21838512552381, 26.118760444266787], [-80.21844312533159, 26.11826844366344], [-80.21850812522331, 26.117528443239937], [-80.21853712532368, 26.11703444306109], [-80.21856012575302, 26.11637244327368], [-80.21855012532244, 26.115630442959098], [-80.21852812528124, 26.115135442305967], [-80.21852112506117, 26.114846442138266], [-80.21851512565313, 26.11455744196859], [-80.21847312507678, 26.1134334413884], [-80.2184691255546, 26.11334044162134], [-80.2184581254998, 26.11306344159616], [-80.2184551251316, 26.112971441016562], [-80.21845412508249, 26.112953441116968], [-80.2184521250673, 26.112900441517986], [-80.2184521251556, 26.112883440815715], [-80.21844012514896, 26.11256844078918], [-80.21840412506891, 26.111625440818127], [-80.21839312534281, 26.111311440839366], [-80.2183871255008, 26.11115844076992], [-80.21836912503551, 26.11069944053744], [-80.21836412535036, 26.110547439653505], [-80.21833012494594, 26.10965443966398], [-80.21828812467062, 26.10853643891214], [-80.21822512459548, 26.106981437803444], [-80.21820512491503, 26.106175437636434], [-80.21820212448539, 26.106134438222295], [-80.21819912528224, 26.106085438051995], [-80.2181961244436, 26.105991438095618], [-80.21819012494778, 26.105815437530193], [-80.21817612538003, 26.105546437069414], [-80.2181501245634, 26.105062437664493], [-80.21812312484026, 26.10452843706112], [-80.21802412494351, 26.103234436391055], [-80.21790312444143, 26.10200343592664], [-80.21789512486217, 26.101919435944616], [-80.21784512472547, 26.10148343529832], [-80.21779412416986, 26.100986435070375], [-80.21773812462835, 26.100434434898098], [-80.21771012393135, 26.100281434415383], [-80.21754812449853, 26.099364434249747], [-80.21752312435063, 26.09922043461308], [-80.2173771240243, 26.098177433919325], [-80.21728012403285, 26.09747443378692], [-80.21721212390261, 26.09699143341973], [-80.21701012380889, 26.095542432019776], [-80.21694312365197, 26.095060432448754], [-80.21684812371481, 26.094384431746228], [-80.21675312336438, 26.093695431482526], [-80.21650812333684, 26.093031431289397], [-80.21642212319725, 26.092577431083413], [-80.21616712282689, 26.09190943063616], [-80.21591112249777, 26.091512430718875], [-80.21595812273559, 26.091524430080312], [-80.2162601230625, 26.091610430331702], [-80.21654412291325, 26.09167243006408], [-80.21653912304886, 26.09161943026192], [-80.21653312312611, 26.091529430463265], [-80.21652412285808, 26.0913754307217], [-80.21648712319123, 26.091118430479913], [-80.21647512361538, 26.09098643011494], [-80.21644012279502, 26.090653429712795], [-80.21643712358811, 26.09062243026857], [-80.21643412308575, 26.090602430080793], [-80.21641612290591, 26.09041642977394], [-80.21624812261325, 26.088708428755314], [-80.21619212289208, 26.088139428337442], [-80.21614812330334, 26.087447428708668], [-80.21612912323093, 26.08714142830932], [-80.21604612311175, 26.08537042712146], [-80.21602912220378, 26.085003427011763], [-80.21601812265634, 26.08467842659642], [-80.21601212260994, 26.084502427307527], [-80.21598912242924, 26.08380842659539], [-80.215987122995, 26.083762426566633], [-80.21596412263976, 26.08305542631437], [-80.21591312208695, 26.081516424964512], [-80.21586712247603, 26.080725424847262], [-80.21582712228629, 26.079658424626203], [-80.21574012255613, 26.077328423176613], [-80.21556612156326, 26.072629420515014], [-80.21551112151904, 26.071127419723357], [-80.2154521217618, 26.069466418917383], [-80.21533212155096, 26.06606941765239], [-80.21533112087664, 26.06601141722461], [-80.21533012158227, 26.065873417800873], [-80.21532912122375, 26.06583741777632], [-80.2153291212633, 26.06578041747066], [-80.2153281212448, 26.065739416945565], [-80.21532812127955, 26.06568541694033], [-80.21532712160418, 26.065618417416594], [-80.21532712129876, 26.065578417009114], [-80.21541212096996, 26.065576417546737], [-80.21547912179264, 26.065574417707396], [-80.21549712164504, 26.065574417137107], [-80.2154851212115, 26.06531141757265], [-80.21531812104969, 26.065317416795548], [-80.21531212157008, 26.06513041685009], [-80.21530612073671, 26.06499041710256], [-80.21523212118473, 26.063230416397435], [-80.21522512082569, 26.06305041617741], [-80.21521612130255, 26.062643415606676], [-80.21521012109582, 26.06234841553263], [-80.21515712049651, 26.061090414787188], [-80.21510612059703, 26.05987841401137], [-80.21501612072605, 26.057379413524284], [-80.21498112060081, 26.056432412321065], [-80.21496212064619, 26.05588941270136], [-80.21492612019227, 26.054880412195267], [-80.21492112059715, 26.054759411508066], [-80.21490812041218, 26.054396411273895], [-80.21490412045183, 26.054276411602196], [-80.21488712070668, 26.05380641118728], [-80.21488612013862, 26.053775411613383], [-80.20963611702288, 26.053916411866826], [-80.20765911628493, 26.053970411408613], [-80.20747111651424, 26.0539704114753], [-80.20746711623346, 26.053828411308533], [-80.20745511628363, 26.05343541141869], [-80.20748511567739, 26.052707411401993], [-80.20740411595216, 26.051773410457614], [-80.20736211608451, 26.050336410013912], [-80.20766611575705, 26.050335409977837], [-80.20802911624305, 26.050316409694563], [-80.20828711608267, 26.050303409418134], [-80.2083401159769, 26.05016140933668], [-80.20839711595127, 26.05000940938019], [-80.20840511609683, 26.049988409577058], [-80.20842811682994, 26.04992740940124], [-80.20843711648752, 26.04990740975982], [-80.20850211671058, 26.049739409551268], [-80.2084851159976, 26.049087409005683], [-80.2085621161163, 26.048871409148543], [-80.20868111674476, 26.048355408455667], [-80.20869811698499, 26.04827440850615], [-80.2084521164459, 26.048244408705166], [-80.2084521165081, 26.04817640900751], [-80.20840611585582, 26.04668140810648], [-80.20835311625278, 26.046681408277294], [-80.20827911661027, 26.04668340815809], [-80.20805811633801, 26.04668740833126], [-80.20791411620606, 26.046703408340154], [-80.20781811618944, 26.046714408300268], [-80.20777011631115, 26.04672040830788], [-80.2077291154223, 26.046724407673928], [-80.20760711575808, 26.04673940789945], [-80.20756711534135, 26.04674440829663], [-80.20748711596364, 26.046752407959286], [-80.20725011549746, 26.0467804081954], [-80.20717111583254, 26.04679040795686], [-80.20696411575936, 26.046814407707597], [-80.20693411522925, 26.046818407670784], [-80.20674111482346, 26.04683740763875], [-80.20637311527962, 26.04687340802188], [-80.2061741146481, 26.046893407758365], [-80.20609911493162, 26.0469004078488], [-80.20605711444647, 26.04690340836304], [-80.20600011517448, 26.046908407853802], [-80.20547911445743, 26.0469444078417], [-80.20530611455526, 26.04695740788034], [-80.20523011403199, 26.046962408126767], [-80.205145114764, 26.046968408557873], [-80.20500411437652, 26.04697140820422], [-80.20492911455929, 26.046974408181296], [-80.20490911438985, 26.046975408308015], [-80.20484011464939, 26.0469774077692], [-80.20479011409968, 26.046979407998528], [-80.20463611405204, 26.046987408430454], [-80.20456811376948, 26.046990407950712], [-80.20449811405302, 26.046989408658213], [-80.2042881141782, 26.046987407966714], [-80.20421911393866, 26.046987407828148], [-80.20414711379166, 26.046986408175602], [-80.20393211382978, 26.04698440829978], [-80.20386111315078, 26.046984408698787], [-80.20378311321602, 26.046981408085784], [-80.20355211356325, 26.046974408298126], [-80.20347511309785, 26.046972408618306], [-80.2032951129795, 26.04696640814032], [-80.20281411267598, 26.046952408275978], [-80.20275611343293, 26.046950408380393], [-80.20257711285237, 26.046945408113668], [-80.20250611275411, 26.04694340855061], [-80.20243411244604, 26.046941407942754], [-80.20222311285154, 26.046936408355815], [-80.20166711204267, 26.046925408618886], [-80.20161311250249, 26.046922408608033], [-80.20116111241131, 26.046928408502264], [-80.20080711185442, 26.046934408589717], [-80.20078511223439, 26.046935407912944], [-80.20071911135582, 26.04693840855918], [-80.20069711172856, 26.046939408771554], [-80.20056411157543, 26.046930408331836], [-80.199521110888, 26.046972408222267], [-80.19949511076094, 26.046970408343956], [-80.1994621110944, 26.046968408479167], [-80.19925211109098, 26.046954408285092], [-80.19910911125301, 26.046957408237887], [-80.19908511117178, 26.046958408846116], [-80.19905411055787, 26.046959408540594], [-80.1989051105915, 26.046963408516067], [-80.19875911027665, 26.046967408730545], [-80.19854411017243, 26.046973408858314], [-80.19694710969425, 26.047020408807334], [-80.19680210902594, 26.04703840858507], [-80.19666310963845, 26.04705640819781], [-80.19658610945017, 26.047066408756493], [-80.19629910878332, 26.047075408794505], [-80.1962031093239, 26.047079408433913], [-80.1961631095037, 26.047079408774756], [-80.19604310922452, 26.04708040892362], [-80.19600410880363, 26.047081408564882], [-80.1958351087256, 26.04708240837017], [-80.19575910897305, 26.047082408543243], [-80.19574110900602, 26.047082408506988], [-80.19568210917195, 26.047083408623102], [-80.19546710829694, 26.04708640837179], [-80.19545010854951, 26.047086408454877], [-80.19533110816002, 26.047091408565432], [-80.19516310862491, 26.04710040854149], [-80.19506110879969, 26.047104408284476], [-80.19475910816747, 26.047116408613995], [-80.19465810870294, 26.047121408333002], [-80.19460610838954, 26.04712240912634], [-80.19445410834906, 26.047125408434262], [-80.1944031084183, 26.047127408515188], [-80.19424310775597, 26.047131409110346], [-80.19414310817359, 26.047134408431255], [-80.19408410831251, 26.04713540879623], [-80.19312810694582, 26.04716540887646], [-80.19281010722875, 26.047175408516704], [-80.19277110676174, 26.047176409088696], [-80.19265810725383, 26.047179408739755], [-80.19262010715441, 26.047181408643766], [-80.19254810654537, 26.047183408919068], [-80.19242310651889, 26.047187409094118], [-80.19183210608459, 26.047209409236167], [-80.19163610688196, 26.047217408997582], [-80.19143010631235, 26.047224409269695], [-80.19081510629351, 26.047246408988773], [-80.190610105998, 26.047254409279265], [-80.19058410625232, 26.047254408901292], [-80.19050610538801, 26.04725740893023], [-80.19048110611237, 26.047259408923438], [-80.19045010525578, 26.047259409375343], [-80.19035810529017, 26.04726240938774], [-80.19032810578254, 26.04726340920733], [-80.19029010538063, 26.047263409199616], [-80.1901761056728, 26.047267408618644], [-80.19013910561277, 26.047268408863268], [-80.18994710576821, 26.047273408597956], [-80.18937510516469, 26.047289408953336], [-80.18918410461139, 26.04729540886651], [-80.18894610486828, 26.047303409283696], [-80.18823410416667, 26.04732940877649], [-80.18799710465345, 26.04733840883431], [-80.18779210378383, 26.047343409331337], [-80.18718010407689, 26.047361409119482], [-80.18697610348154, 26.047367408768668], [-80.18677310380522, 26.047370408956], [-80.18644110374005, 26.047375409101885], [-80.18616410320246, 26.047384409190737], [-80.18596210307753, 26.04739140884721], [-80.18545910299942, 26.04740740885674], [-80.18412010251589, 26.047450409604], [-80.18395310184317, 26.04745540898351], [-80.18345110165819, 26.047472409540863], [-80.18304310098367, 26.04748540893253], [-80.18253610149843, 26.04750240961841], [-80.18240510065499, 26.047506409568662], [-80.18238610143808, 26.047506409431016], [-80.1823621011709, 26.047507409059282], [-80.18224110053569, 26.047511409508544], [-80.18206110091174, 26.047517409016663], [-80.18181910055726, 26.047524409215832], [-80.18146610073329, 26.047535409515653], [-80.18141210083884, 26.047537409662507], [-80.18122410047555, 26.047545409009988], [-80.18110410005005, 26.04755040975968], [-80.18066209977452, 26.047571409902904], [-80.18047509958886, 26.04758040953148], [-80.18023410021264, 26.047585409846782], [-80.17951009883977, 26.047601409093673], [-80.17927009966458, 26.04760740996729], [-80.17906909915831, 26.04761340915972], [-80.17846609851046, 26.047630409476678], [-80.17831009892694, 26.047635409834214], [-80.17826509896496, 26.04763740945638], [-80.17788609880407, 26.0476444097315], [-80.1767880978687, 26.047665409338503], [-80.17674909819723, 26.047666410095253], [-80.17637109717747, 26.047674409474563], [-80.1760860968286, 26.047687409960492], [-80.17523209670011, 26.047730409625643], [-80.17516309631479, 26.04773440952036], [-80.17503909665966, 26.047740409557594], [-80.17494809637073, 26.047742409863865], [-80.17469509694442, 26.04774941019371], [-80.17442209603824, 26.04775740957958], [-80.17413509598082, 26.04776540963826], [-80.17407609580164, 26.047767410037494], [-80.17377209587535, 26.04777840993345], [-80.17373509561325, 26.04777940957852], [-80.17367509623227, 26.047779410222777], [-80.17366209633666, 26.047779409862482], [-80.17344709537274, 26.047781410090817], [-80.17337509530685, 26.04778240972599], [-80.17321509559822, 26.0477844102721], [-80.17317209601788, 26.04778440963357], [-80.1730770957734, 26.047787410328215], [-80.17301709535742, 26.047789409983245], [-80.17272309558066, 26.047799409769404], [-80.17225409554426, 26.047816409618264], [-80.17219509532394, 26.0478184101502], [-80.17194509528618, 26.047827410402085], [-80.17158809421728, 26.047840409805556], [-80.17155009473504, 26.047840410283666], [-80.17143909486332, 26.047843410193206], [-80.17140209457233, 26.047844410142186], [-80.171357094532, 26.047844410122945], [-80.17122409474622, 26.047847410013624], [-80.1711800948497, 26.047849410454656], [-80.17098309462305, 26.047856409693274], [-80.1703920937279, 26.047879410497593], [-80.1701960936035, 26.047887409988004], [-80.1699920939105, 26.047890409697683], [-80.1693800935863, 26.04790341018029], [-80.16917709303853, 26.047907410066315], [-80.16896309274176, 26.047916410038713], [-80.16832109257223, 26.047945410049902], [-80.16810809232847, 26.04795541009369], [-80.16800909213056, 26.047956410394985], [-80.16771509194182, 26.04796341051099], [-80.16761709283044, 26.047966410184806], [-80.16750909255022, 26.04796840981879], [-80.16718609176493, 26.04797641058254], [-80.16707909162521, 26.04797941034124], [-80.16686109158992, 26.04798340982572], [-80.16659609187536, 26.0479894105717], [-80.16620909114852, 26.048004410580738], [-80.16599209187655, 26.048013410492374], [-80.16548309099024, 26.04802541048755], [-80.1650340905552, 26.048036410668626], [-80.16461109057465, 26.048061410433554], [-80.16410009010815, 26.048133410510566], [-80.1639660901489, 26.04815241026822], [-80.1634630897454, 26.04822441015491], [-80.16325908992502, 26.048242410785626], [-80.16311808968106, 26.048256410242296], [-80.16277208921822, 26.04828841092362], [-80.16264808992047, 26.048291410846403], [-80.16260808968164, 26.048293410195022], [-80.16244408913113, 26.04829841017661], [-80.16239008899407, 26.04877641123375], [-80.16238408909932, 26.048816410910337], [-80.16229908948235, 26.049423411279218], [-80.16222408919988, 26.049996411266896], [-80.16220608969378, 26.050372411842975], [-80.16220408920086, 26.05043341140925], [-80.16219008960877, 26.050895411679505], [-80.16218608959825, 26.051034412409894], [-80.16216908916333, 26.0513914124161], [-80.16219308961585, 26.052003412514285], [-80.16225008913122, 26.05271741320712], [-80.16229808997394, 26.053412413090953], [-80.1623150891968, 26.05359841363888], [-80.16235708981077, 26.054050413585813], [-80.16246808967723, 26.05551441395837], [-80.16248708980416, 26.05575441395764], [-80.16256208971988, 26.056537414970215], [-80.16265008991309, 26.05722741487765], [-80.16273509034012, 26.05771041495913], [-80.16293208987126, 26.058529416002994], [-80.16297009039788, 26.05868641627336], [-80.16297209037198, 26.058701415728184], [-80.16305109002889, 26.059030416059343], [-80.16317609075088, 26.05948841608043], [-80.16345609050533, 26.06043541645592], [-80.1639200908151, 26.061922417427112], [-80.16411009136924, 26.062633417554263], [-80.16412909065143, 26.062705417811518], [-80.16418409148824, 26.06287641816634], [-80.16404409091872, 26.062882417804666], [-80.16401709047749, 26.06288241761625], [-80.16393709108428, 26.06288641777884], [-80.16391109088539, 26.062887418040166], [-80.16384009084673, 26.06288941772756], [-80.16362809063664, 26.06289941823093], [-80.16355809082978, 26.062902418251003], [-80.16292509077444, 26.062881417609034], [-80.16281909017044, 26.062877418194685], [-80.16124108939357, 26.062944417930822], [-80.16118708950061, 26.06294441831066], [-80.1610260896702, 26.062948418288173], [-80.16097308900255, 26.062949418168692], [-80.16068208937914, 26.06296341771997], [-80.16019208870087, 26.062987418226392], [-80.15985508822996, 26.06302741808926], [-80.15981108884655, 26.063034418124637], [-80.15952508846392, 26.063085418055426], [-80.15949108854728, 26.06309241843715], [-80.15946508800508, 26.063095418078408], [-80.15941708817202, 26.06310241817013], [-80.15932108863343, 26.06311541821391], [-80.15928508828227, 26.06312041844789], [-80.15922508793214, 26.063129418278844], [-80.15914408805126, 26.06313941862843], [-80.15912508794844, 26.06314241836219], [-80.15902508794473, 26.063155418375697], [-80.15899308812307, 26.063159418279408], [-80.15893808763603, 26.063167418139795], [-80.15890108819376, 26.063170418591127], [-80.15882008755818, 26.063178418569223], [-80.15876108808897, 26.06318341825359], [-80.15849308735604, 26.06320041858711], [-80.15809508715147, 26.06321541840304], [-80.15697108686672, 26.06325941826718], [-80.15591808647814, 26.063294418387454], [-80.15519308590711, 26.063319418761346], [-80.15485408576566, 26.063329418627678], [-80.15383808469667, 26.063363418762442], [-80.15350008435327, 26.063375418778357], [-80.15341308432158, 26.063377418800872], [-80.15315208443491, 26.06338741891926], [-80.15306608455369, 26.0633904183718], [-80.15288008462971, 26.06339241855437], [-80.15232508451135, 26.06340041830801], [-80.1521400837265, 26.06340341898076], [-80.15195908356031, 26.06340541845444], [-80.1518150834229, 26.063407418454176], [-80.15141808358628, 26.0634074187844], [-80.15123808319578, 26.063407418535217], [-80.15107308330262, 26.06340641862325], [-80.15057808301506, 26.063406418927134], [-80.15041408328122, 26.06340641882146], [-80.15023308278927, 26.063405418563867], [-80.14969308273541, 26.0634054190343], [-80.14951308240013, 26.063405418439405], [-80.14932508247338, 26.06340441913512], [-80.14876108206454, 26.063404419118342], [-80.14857308194094, 26.063404418923927], [-80.14837208225235, 26.063404418524648], [-80.14777008156724, 26.063404418832906], [-80.14757008125456, 26.063404418702987], [-80.14741308130797, 26.06340341851696], [-80.14694208075701, 26.063403419005965], [-80.14678608093574, 26.06340341872198], [-80.14657208098323, 26.063402419228154], [-80.14593108078843, 26.063402418708872], [-80.14571807997287, 26.06340241853396], [-80.14538007999684, 26.063403419289557], [-80.14436707970228, 26.063409419389615], [-80.1440300788527, 26.06341141938378], [-80.1438290793992, 26.063407418618553], [-80.14322907891466, 26.063396418986173], [-80.14302907860721, 26.063393418613714], [-80.14290707866407, 26.06339041891447], [-80.14254207838653, 26.063384419085335], [-80.14243607866763, 26.063365418714145], [-80.14216307855672, 26.063325418868953], [-80.1423040786842, 26.063197419266828], [-80.1424530778709, 26.063046418940754], [-80.14249407855266, 26.063006418796768], [-80.14271907892224, 26.06275541833589], [-80.14297107872527, 26.062436418232412], [-80.14313707899363, 26.062181418478776], [-80.14326007868544, 26.06194541869054], [-80.14335607905564, 26.061762418596015], [-80.14340907905347, 26.06165741853986], [-80.1434680785721, 26.06153941768355], [-80.14350807897333, 26.061445418173744], [-80.14351207880368, 26.061436417624883], [-80.14351907901002, 26.061422418178267], [-80.14363107935843, 26.061121418231014], [-80.14376707944015, 26.06053441741822], [-80.14383507920414, 26.059947417567095], [-80.14390907920027, 26.059730417070842], [-80.14389707856468, 26.059568417055836], [-80.14386307901617, 26.05956741665246], [-80.14381607860109, 26.05956541668349], [-80.14371207931622, 26.059562417066537], [-80.14326107812884, 26.059550416851078], [-80.14322307831873, 26.059549416931468], [-80.14318407886563, 26.059542416847616], [-80.14314607813185, 26.059530416814134], [-80.143114078954, 26.05953041736445], [-80.1430720788047, 26.059540417220457], [-80.1430330780026, 26.059545417266055], [-80.14297207888477, 26.05954441706687], [-80.14267807853075, 26.059540416975878], [-80.1426390782482, 26.05952941728318], [-80.14260107845516, 26.059528417200134], [-80.14254707846442, 26.059545416677942], [-80.14252607850763, 26.059553417246374], [-80.14248807814666, 26.059561417037163], [-80.14244807856741, 26.059564417130677], [-80.14240607849625, 26.059563416705195], [-80.14229107805916, 26.059559417425934], [-80.14224007813185, 26.059558416743553], [-80.14174307784575, 26.05955241705664], [-80.14157807798243, 26.059550417135448], [-80.14153307796975, 26.05954941757541], [-80.14146207741008, 26.059549416935393], [-80.14142307789837, 26.059546416736577], [-80.14139807741938, 26.059541417456675], [-80.14138407785688, 26.059538416977798], [-80.14135607790185, 26.059528417457127], [-80.14131007701364, 26.05951241684738], [-80.14127407705838, 26.05950741711823], [-80.14125507743663, 26.05950941712451], [-80.14119607774906, 26.05951941732053], [-80.14094507716581, 26.05952241735278], [-80.14084207686601, 26.059524417549184], [-80.14073207664381, 26.059525417444988], [-80.14040507732138, 26.059530417527156], [-80.14032607666635, 26.059522417627054], [-80.14029507725604, 26.059514417372494], [-80.14025007692734, 26.05950141723841], [-80.140213076411, 26.059497416792997], [-80.1401840767751, 26.059505417219956], [-80.14010007650022, 26.0595304174587], [-80.13994307707321, 26.05954541700032], [-80.13985007663007, 26.059561416831798], [-80.13982607646899, 26.05956641691441], [-80.13973707688277, 26.05956741750188], [-80.13890507584921, 26.059579417107678], [-80.1375320753346, 26.05959941702625], [-80.13745307520696, 26.059593417543326], [-80.13641007473215, 26.059609416961173], [-80.13634607407622, 26.05961041694773], [-80.13630607436292, 26.059613417140337], [-80.136069074136, 26.059610416984434], [-80.1360300740719, 26.05961241757721], [-80.13595407413786, 26.05963241768134], [-80.13591807391295, 26.059649417671356], [-80.13588507393078, 26.059671417097476], [-80.13581907421536, 26.059638417208635], [-80.13574407460096, 26.059614417473316], [-80.13570407393546, 26.059611416959957], [-80.1356040738221, 26.05961541711045], [-80.13550607433673, 26.059619417436128], [-80.13521507381417, 26.059631417014177], [-80.13519107349482, 26.059633417860038], [-80.13511807431988, 26.05963341747207], [-80.13501907380277, 26.059639417063398], [-80.13495607405248, 26.059644417368524], [-80.1348380734813, 26.05965041763267], [-80.13479907329513, 26.059658417521053], [-80.13472907358987, 26.05968541744683], [-80.13465807366735, 26.05972341773437], [-80.13464407334583, 26.059734417841508], [-80.1346280736818, 26.059747417875474], [-80.13449807343898, 26.059877417404017], [-80.13446807391209, 26.05990841723041], [-80.13443907328413, 26.059909417672348], [-80.13432607363956, 26.059806417977292], [-80.1342290734402, 26.05974241739907], [-80.1341930733101, 26.059727417729295], [-80.13411607286749, 26.059710417509702], [-80.13407707324507, 26.059705417858748], [-80.13396007305116, 26.059705417455586], [-80.13375607347918, 26.059707417818387], [-80.13372107335724, 26.059707417236034], [-80.13360707303487, 26.059710417661062], [-80.13356307332806, 26.05971241737131], [-80.13352407276216, 26.059718417636454], [-80.13348607270926, 26.05972941711693], [-80.1334500731097, 26.059746417390144], [-80.13337307297355, 26.059745417290582], [-80.13325507252563, 26.05975341733726], [-80.13317607265894, 26.05974441795996], [-80.13313907262699, 26.059731417619464], [-80.13306907277277, 26.059697417656253], [-80.13303707300533, 26.059674417545235], [-80.13293407273197, 26.059722417964867], [-80.1329210725025, 26.059725417784815], [-80.13285907246258, 26.059745417280308], [-80.13278007213205, 26.05975141720433], [-80.13254307221945, 26.05974741748728], [-80.13250307238854, 26.059750417525127], [-80.13242007184425, 26.05977241719555], [-80.13239107216678, 26.059784417300634], [-80.13232307204196, 26.059823417387896], [-80.1322620725007, 26.059869417710043], [-80.13224507212429, 26.059885418043088], [-80.13218107223219, 26.059948418044222], [-80.13215107203321, 26.059955417963046], [-80.13209507253445, 26.059903417956654], [-80.13203507194311, 26.059856417785753], [-80.1319690722454, 26.05981541725569], [-80.13189807162662, 26.05978341720869], [-80.13182107187936, 26.05976541749182], [-80.13178207160298, 26.059762417394797], [-80.13170007189649, 26.059761417930705], [-80.13154507198243, 26.059760418022623], [-80.13149207172708, 26.059769417737026], [-80.13146707126357, 26.059773417537738], [-80.13140007147585, 26.05979841745507], [-80.13132607172992, 26.059838418068214], [-80.13124707132637, 26.059836417347828], [-80.13112707180481, 26.05984241788758], [-80.13104807181222, 26.05985241811751], [-80.13102507119437, 26.05985841741623], [-80.13101107120224, 26.05986241745216], [-80.1309760713044, 26.05987741752539], [-80.13083207122007, 26.05997941810579], [-80.13081807152082, 26.059990417837735], [-80.13078907125298, 26.060016417942215], [-80.13076007081811, 26.060032418062292], [-80.13073207163094, 26.06000441762514], [-80.1306730716311, 26.059955418233265], [-80.13057607135404, 26.05989141794466], [-80.13046907142079, 26.059844417536876], [-80.13039307057907, 26.05982541757388], [-80.13035407110124, 26.059820417822888], [-80.13027407063711, 26.059820417943786], [-80.13022107060361, 26.059823417565394], [-80.13007707086702, 26.05983341742091], [-80.12999307034009, 26.05983541783163], [-80.1299610710203, 26.05984341797196], [-80.12989207113435, 26.05985341735095], [-80.1297050709457, 26.059880418236066], [-80.12958907027148, 26.05989741819373], [-80.12952707055477, 26.05990741807662], [-80.12948907006634, 26.05991341785981], [-80.12933607014486, 26.059936418006842], [-80.12909507070812, 26.05998541752574], [-80.1290800703196, 26.059989417656777], [-80.1288130699338, 26.060054418318124], [-80.12873506974942, 26.060067418155246], [-80.12869507054366, 26.06006841786482], [-80.12862406973123, 26.060098418044422], [-80.12858606971952, 26.060110418116246], [-80.12824206997735, 26.060195417756916], [-80.12793306942035, 26.06027941847161], [-80.12778706963259, 26.06032041839252], [-80.12767006955063, 26.060338418064124], [-80.12760606928873, 26.060376418306074], [-80.12755506936485, 26.060399418139276], [-80.12753506920114, 26.060408418119025], [-80.12750806935998, 26.060418418307744], [-80.12746906908735, 26.05839041669658], [-80.1274300694137, 26.05634941611265], [-80.12738906860395, 26.054055414865907], [-80.12737206852718, 26.052878413978505], [-80.12737006879249, 26.052757414665134], [-80.12707206925289, 26.052766414262162], [-80.12501206789082, 26.05282341397557], [-80.1239910669425, 26.052854414282052], [-80.12211306634227, 26.05289441442454], [-80.11987506416042, 26.052955414249247], [-80.1178760638104, 26.05302541501488], [-80.11565406218382, 26.053083415199012], [-80.11545206186858, 26.05308941513861], [-80.1147850615413, 26.053108414927493], [-80.11464006147018, 26.053111415356845], [-80.11456806180962, 26.053113414566194], [-80.11434006121618, 26.053118415009664], [-80.11434306140697, 26.053077414530442], [-80.1143570612184, 26.05288741450415], [-80.11433506156625, 26.0528874149752], [-80.11427106113466, 26.052887415086715], [-80.11425006074843, 26.052887414452766], [-80.11411006080431, 26.052887414978457], [-80.11384806102596, 26.052888415142778], [-80.11369206040757, 26.05289141481764], [-80.1135530606156, 26.052895414967562], [-80.11335406051928, 26.052912415092162], [-80.11318006034499, 26.052943415324453], [-80.11300606035326, 26.05299641453055], [-80.11296806062542, 26.053009415117018], [-80.11286206000314, 26.05304741531975], [-80.11280106017769, 26.053064414814983], [-80.11232706031778, 26.05320641516447], [-80.11228905975777, 26.05322441509059], [-80.11226206010002, 26.05325341497909], [-80.11225306048503, 26.0532854147534], [-80.1121430597211, 26.054287415625932], [-80.11207906014123, 26.05488241606497], [-80.11196506015641, 26.05487841603313], [-80.11162306025868, 26.05486641630127], [-80.11150905976922, 26.054863415992298], [-80.1105790594334, 26.054835415535432], [-80.10835246894983, 26.05476997502946], [-80.10800958087776, 26.05766718247754], [-80.1068194078349, 26.078950414068586], [-80.10450699308217, 26.086813465881143], [-80.1043980574989, 26.088067433277246], [-80.1039940566016, 26.090388434659577], [-80.10286965112601, 26.092381024670644], [-80.10229149161948, 26.09434697475593], [-80.10145845755925, 26.108897516143404], [-80.0985473459802, 26.12763506837338], [-80.09762824785986, 26.148050321685297], [-80.09369727143203, 26.16873658909897], [-80.08995165025694, 26.196375592891485], [-80.08952028459711, 26.198397293113562], [-80.08923005351694, 26.201527491433936], [-80.08917405340048, 26.202034491305117], [-80.08875505394415, 26.204950493497652], [-80.08876905353709, 26.205229493704554], [-80.08630205329378, 26.2166404989441], [-80.08516405246576, 26.226090504318343], [-80.08460105299902, 26.231878506766275]]]}, "properties": {"OBJECTID": 3, "LONGNAME": "District 3", "SHORTNAME": "D3", "DISTRICT": 3, "SHAPE_STAR": 1894638744.7, "SHAPE_STLE": 258565.372898, "GLOBALID": "{E79EEE2F-0840-4188-BDE9-F5C5E1421DB7}", "CREATED_USER": null, "CREATED_DATE": null, "LAST_EDITED_USER": null, "LAST_EDITED_DATE": null, "Shape__Area": 1894638744.69551, "Shape__Length": 258565.37289765698, "district": 3}}]}