{"type": "FeatureCollection", "features": [{"type": "Feature", "id": 1, "geometry": {"type": "Point", "coordinates": [-80.2048880225339, 25.8318125376651]}, "properties": {"source": "mdcps_public", "loc_no": "7301", "name": "Miami Edison Senior High", "campus": "", "address": "6161 NW 5th Ct", "city": "Miami", "zip": "33127", "school_type": "S", "grades": "9-12", "capacity": 1624, "enrollment": 591, "role": "district"}}, {"type": "Feature", "id": 2, "geometry": {"type": "Point", "coordinates": [-80.3442203810407, 25.7181784998789]}, "properties": {"source": "mdcps_public", "loc_no": "0441", "name": "Blue Lakes K-8 Center", "campus": "", "address": "9250 SW 52nd Ter", "city": "Miami-Dade", "zip": "33165", "school_type": "E", "grades": "PK-8", "capacity": 611, "enrollment": 351, "role": "district"}}, {"type": "Feature", "id": 3, "geometry": {"type": "Point", "coordinates": [-80.1843648348718, 25.9009727937534]}, "properties": {"source": "mdcps_public", "loc_no": "0341", "name": "Arch Creek Elementary", "campus": "", "address": "702 NE 137th St", "city": "North Miami", "zip": "33161", "school_type": "E", "grades": "PK-5", "capacity": 606, "enrollment": 426, "role": "district"}}, {"type": "Feature", "id": 4, "geometry": {"type": "Point", "coordinates": [-80.4055108895705, 25.7223032208094]}, "properties": {"source": "mdcps_public", "loc_no": "4741", "name": "Royal Green Elementary", "campus": "", "address": "13047 SW 47th St", "city": "Miami-Dade", "zip": "33175", "school_type": "E", "grades": "PK-5", "capacity": 722, "enrollment": 379, "role": "district"}}, {"type": "Feature", "id": 5, "geometry": {"type": "Point", "coordinates": [-80.4520858142585, 25.5367290614381]}, "properties": {"source": "mdcps_public", "loc_no": "6761", "name": "Redland Middle", "campus": "", "address": "16001 SW 248th St", "city": "Miami-Dade", "zip": "33031", "school_type": "M", "grades": "6-8", "capacity": 1253, "enrollment": 673, "role": "district"}}, {"type": "Feature", "id": 6, "geometry": {"type": "Point", "coordinates": [-80.3162978215873, 25.8904351157121]}, "properties": {"source": "mdcps_public", "loc_no": "4241", "name": "Palm Lakes Elementary", "campus": "", "address": "7450 W 16th Ave", "city": "Hialeah", "zip": "33014", "school_type": "E", "grades": "PK-5", "capacity": 978, "enrollment": 566, "role": "district"}}, {"type": "Feature", "id": 7, "geometry": {"type": "Point", "coordinates": [-80.2719502741378, 25.7164392340127]}, "properties": {"source": "mdcps_public", "loc_no": "6741", "name": "Ponce De Leon Middle", "campus": "", "address": "5801 Augusto St", "city": "Coral Gables", "zip": "33146", "school_type": "M", "grades": "6-8", "capacity": 1287, "enrollment": 781, "role": "district"}}, {"type": "Feature", "id": 8, "geometry": {"type": "Point", "coordinates": [-80.1872475636528, 25.8703788508397]}, "properties": {"source": "mdcps_public", "loc_no": "3341", "name": "Miami Shores Elementary", "campus": "", "address": "10351 NE 5th Ave", "city": "Miami Shores", "zip": "33138", "school_type": "E", "grades": "PK-5", "capacity": 714, "enrollment": 619, "role": "district"}}, {"type": "Feature", "id": 9, "geometry": {"type": "Point", "coordinates": [-80.2290709655281, 25.843406108191]}, "properties": {"source": "mdcps_public", "loc_no": "1681", "name": "Lillie C. Evans K-8 Center", "campus": "", "address": "1895 NW 75th St", "city": "Miami-Dade", "zip": "33147", "school_type": "E", "grades": "PK-8", "capacity": 600, "enrollment": 268, "role": "district"}}, {"type": "Feature", "id": 10, "geometry": {"type": "Point", "coordinates": [-80.1910256926849, 25.7890466141798]}, "properties": {"source": "mdcps_public", "loc_no": "9015", "name": "School Board Adm - Main Building", "campus": "", "address": "1450 NE 2nd Ave", "city": "Miami", "zip": "33132", "school_type": "A", "grades": "0", "capacity": 0, "enrollment": 0, "role": "district"}}, {"type": "Feature", "id": 11, "geometry": {"type": "Point", "coordinates": [-80.4042122472665, 25.7015666751285]}, "properties": {"source": "mdcps_public", "loc_no": "7532", "name": "Miami Sunset Adult Education", "campus": "", "address": "13125 SW 72nd St", "city": "Miami-Dade", "zip": "33183", "school_type": "O", "grades": "0", "capacity": 0, "enrollment": 0, "role": "district"}}, {"type": "Feature", "id": 12, "geometry": {"type": "Point", "coordinates": [-80.2516464317119, 25.7399139210347]}, "properties": {"source": "mdcps_public", "loc_no": "7841", "name": "English Center", "campus": "", "address": "3501 SW 28th St", "city": "Miami", "zip": "33133", "school_type": "O", "grades": "0", "capacity": 0, "enrollment": 0, "role": "district"}}, {"type": "Feature", "id": 13, "geometry": {"type": "Point", "coordinates": [-80.4299146716992, 25.6300423873951]}, "properties": {"source": "mdcps_public", "loc_no": "2151", "name": "Jack D. Gordon  Elementary", "campus": "", "address": "14600 Country Walk Dr", "city": "Miami-Dade", "zip": "33186", "school_type": "E", "grades": "PK-5", "capacity": 1051, "enrollment": 792, "role": "district"}}, {"type": "Feature", "id": 14, "geometry": {"type": "Point", "coordinates": [-80.2312502550512, 25.7689609888997]}, "properties": {"source": "mdcps_public", "loc_no": "9001", "name": "Former Region Office/Warehouse", "campus": "South Central Regional Office", "address": "2201 SW 4th St", "city": "Miami", "zip": "33135", "school_type": "A", "grades": "0", "capacity": 0, "enrollment": 0, "role": "district"}}, {"type": "Feature", "id": 15, "geometry": {"type": "Point", "coordinates": [-80.1466819837367, 25.8466119911539]}, "properties": {"source": "mdcps_public", "loc_no": "5481", "name": "Treasure Island Elementary", "campus": "", "address": "7540 E Treasure Dr", "city": "North Bay Village", "zip": "33141", "school_type": "E", "grades": "PK-5", "capacity": 915, "enrollment": 403, "role": "district"}}, {"type": "Feature", "id": 16, "geometry": {"type": "Point", "coordinates": [-80.2456591962759, 25.8779395753037]}, "properties": {"source": "mdcps_public", "loc_no": "7061", "name": "School For Advanced Studies North", "campus": "Room 111", "address": "11380 NW 27th Ave", "city": "Miami-Dade", "zip": "33167", "school_type": "S", "grades": "11-12", "capacity": 0, "enrollment": 112, "role": "district"}}, {"type": "Feature", "id": 17, "geometry": {"type": "Point", "coordinates": [-80.1265249628591, 25.8617163019148]}, "properties": {"source": "mdcps_public", "loc_no": "0321", "name": "Biscayne Beach Elementary", "campus": "", "address": "800 77th St", "city": "Miami Beach", "zip": "33141", "school_type": "E", "grades": "PK-5", "capacity": 822, "enrollment": 536, "role": "district"}}, {"type": "Feature", "id": 18, "geometry": {"type": "Point", "coordinates": [-80.3900687159875, 25.5991523796578]}, "properties": {"source": "mdcps_public", "loc_no": "8911", "name": "Robert Morgan Educational Center And Technical College", "campus": "", "address": "18180 SW 122nd Ave", "city": "Miami-Dade", "zip": "33177", "school_type": "O", "grades": "0", "capacity": 0, "enrollment": 0, "role": "district"}}, {"type": "Feature", "id": 19, "geometry": {"type": "Point", "coordinates": [-80.1904438269259, 25.7897732037458]}, "properties": {"source": "mdcps_public", "loc_no": "7001", "name": "Miami-Dade Online Academy", "campus": "", "address": "1501 NE 2nd Ave", "city": "Miami", "zip": "33132", "school_type": "S", "grades": "K-12", "capacity": 0, "enrollment": 317, "role": "district"}}, {"type": "Feature", "id": 20, "geometry": {"type": "Point", "coordinates": [-80.1470426761879, 25.9164787927816]}, "properties": {"source": "mdcps_public", "loc_no": "7048", "name": "Alonzo And Tracy Mourning Senior High", "campus": "Biscayne Bay", "address": "2601 NE 151st St", "city": "North Miami", "zip": "33160", "school_type": "S", "grades": "9-12", "capacity": 1849, "enrollment": 1609, "role": "district"}}, {"type": "Feature", "id": 21, "geometry": {"type": "Point", "coordinates": [-80.1981723800649, 25.7935380695923]}, "properties": {"source": "mdcps_public", "loc_no": "5931", "name": "Phillis Wheatley Elementary", "campus": "", "address": "1801 NW 1st Pl", "city": "Miami", "zip": "33136", "school_type": "E", "grades": "PK-5", "capacity": 620, "enrollment": 147, "role": "district"}}, {"type": "Feature", "id": 22, "geometry": {"type": "Point", "coordinates": [-80.191885352564, 25.7892909247037]}, "properties": {"source": "mdcps_public", "loc_no": "9606", "name": "Anna Brenner Meyers Telecommunication Complex", "campus": "", "address": "172 NE 15th St", "city": "Miami", "zip": "33132", "school_type": "A", "grades": "0", "capacity": 0, "enrollment": 0, "role": "district"}}, {"type": "Feature", "id": 23, "geometry": {"type": "Point", "coordinates": [-80.4207100526994, 25.7213360618238]}, "properties": {"source": "mdcps_public", "loc_no": "0271", "name": "Bent Tree Elementary", "campus": "", "address": "4861 SW 140th Ave", "city": "Miami-Dade", "zip": "33175", "school_type": "E", "grades": "PK-5", "capacity": 641, "enrollment": 426, "role": "district"}}, {"type": "Feature", "id": 24, "geometry": {"type": "Point", "coordinates": [-80.3073229871456, 25.8949647457844]}, "properties": {"source": "mdcps_public", "loc_no": "7132", "name": "Hialeah-Miami Lakes Adult Education", "campus": "", "address": "7977 W 12th Ave", "city": "Hialeah", "zip": "33014", "school_type": "O", "grades": "0", "capacity": 0, "enrollment": 0, "role": "district"}}, {"type": "Feature", "id": 25, "geometry": {"type": "Point", "coordinates": [-80.2536753603244, 25.8495958131948]}, "properties": {"source": "mdcps_public", "loc_no": "0521", "name": "Broadmoor Elementary", "campus": "", "address": "3401 NW 83rd St", "city": "Miami-Dade", "zip": "33147", "school_type": "E", "grades": "PK-5", "capacity": 708, "enrollment": 486, "role": "district"}}, {"type": "Feature", "id": 26, "geometry": {"type": "Point", "coordinates": [-80.4332072370657, 25.7165059818375]}, "properties": {"source": "mdcps_public", "loc_no": "4691", "name": "Jane S. Roberts K-8 Center", "campus": "", "address": "14850 Cottonwood Cir", "city": "Miami-Dade", "zip": "33185", "school_type": "E", "grades": "PK-8", "capacity": 1053, "enrollment": 636, "role": "district"}}, {"type": "Feature", "id": 27, "geometry": {"type": "Point", "coordinates": [-80.3646959642809, 25.8205173806585]}, "properties": {"source": "mdcps_public", "loc_no": "5101", "name": "John I. Smith K-8 Center", "campus": "", "address": "10415 NW 52nd St", "city": "Doral", "zip": "33178", "school_type": "E", "grades": "PK-8", "capacity": 1118, "enrollment": 820, "role": "district"}}, {"type": "Feature", "id": 28, "geometry": {"type": "Point", "coordinates": [-80.2727491252587, 25.9212168827004]}, "properties": {"source": "mdcps_public", "loc_no": "8101", "name": "Jan Mann Opportunity School", "campus": "", "address": "16101 NW 44th Ct", "city": "Miami Gardens", "zip": "33054", "school_type": "ALT", "grades": "6-12", "capacity": 393, "enrollment": 66, "role": "district"}}, {"type": "Feature", "id": 29, "geometry": {"type": "Point", "coordinates": [-80.2880741917664, 25.9499317033796]}, "properties": {"source": "mdcps_public", "loc_no": "5991", "name": "Charles David Wyche Jr. Elementary", "campus": "", "address": "5241 NW 195th Dr", "city": "Miami-Dade", "zip": "33055", "school_type": "E", "grades": "PK-5", "capacity": 937, "enrollment": 564, "role": "district"}}, {"type": "Feature", "id": 30, "geometry": {"type": "Point", "coordinates": [-80.4391322165576, 25.7441022883043]}, "properties": {"source": "mdcps_public", "loc_no": "6052", "name": "Miami Arts Studio 6-12 At Zelda Glazer", "campus": "", "address": "15015 SW 24th St", "city": "Miami-Dade", "zip": "33185", "school_type": "S", "grades": "PK6-12", "capacity": 1671, "enrollment": 1795, "role": "district"}}, {"type": "Feature", "id": 31, "geometry": {"type": "Point", "coordinates": [-80.2318752767747, 25.9146439334485]}, "properties": {"source": "mdcps_public", "loc_no": "4541", "name": "Rainbow Park Elementary", "campus": "", "address": "15355 NW 19th Ave", "city": "Miami Gardens", "zip": "33054", "school_type": "E", "grades": "PK-5", "capacity": 560, "enrollment": 173, "role": "district"}}, {"type": "Feature", "id": 32, "geometry": {"type": "Point", "coordinates": [-80.3558220223238, 25.5878970004153]}, "properties": {"source": "mdcps_public", "loc_no": "0261", "name": "Bel-Aire Elementary", "campus": "", "address": "10205 SW 194th St", "city": "Cutler Bay", "zip": "33157", "school_type": "E", "grades": "PK-5", "capacity": 616, "enrollment": 316, "role": "district"}}, {"type": "Feature", "id": 33, "geometry": {"type": "Point", "coordinates": [-80.2267760107257, 25.8053128902053]}, "properties": {"source": "mdcps_public", "loc_no": "0111", "name": "Maya Angelou Elementary", "campus": "", "address": "1850 NW 32nd St", "city": "Miami", "zip": "33142", "school_type": "E", "grades": "PK-5", "capacity": 713, "enrollment": 648, "role": "district"}}, {"type": "Feature", "id": 34, "geometry": {"type": "Point", "coordinates": [-80.4604864590452, 25.5013726989477]}, "properties": {"source": "mdcps_public", "loc_no": "7701", "name": "South Dade Senior High", "campus": "", "address": "28401 SW 167th Ave", "city": "Miami-Dade", "zip": "33030", "school_type": "S", "grades": "9-12", "capacity": 3302, "enrollment": 3351, "role": "district"}}, {"type": "Feature", "id": 35, "geometry": {"type": "Point", "coordinates": [-80.3381513405233, 25.7220485954733]}, "properties": {"source": "mdcps_public", "loc_no": "7741", "name": "Southwest Miami Senior High", "campus": "", "address": "8855 SW 50th Ter", "city": "Miami-Dade", "zip": "33165", "school_type": "S", "grades": "9-12", "capacity": 2845, "enrollment": 2573, "role": "district"}}, {"type": "Feature", "id": 36, "geometry": {"type": "Point", "coordinates": [-80.2578216629774, 25.7541437041534]}, "properties": {"source": "mdcps_public", "loc_no": "0961", "name": "Coral Gables Preparatory Academy", "campus": "Main Campus", "address": "105 Minorca Ave", "city": "Coral Gables", "zip": "33134", "school_type": "E", "grades": "PK-8", "capacity": 479, "enrollment": 0, "role": "district"}}, {"type": "Feature", "id": 37, "geometry": {"type": "Point", "coordinates": [-80.3809338017622, 25.5644214543037]}, "properties": {"source": "mdcps_public", "loc_no": "4461", "name": "Pine Villa Elementary", "campus": "", "address": "21799 SW 117th Ct", "city": "Miami-Dade", "zip": "33170", "school_type": "E", "grades": "PK-5", "capacity": 834, "enrollment": 235, "role": "district"}}, {"type": "Feature", "id": 38, "geometry": {"type": "Point", "coordinates": [-80.3538675415904, 25.8796846280436]}, "properties": {"source": "mdcps_public", "loc_no": "7191", "name": "Hialeah Gardens Senior High", "campus": "", "address": "11700 Hialeah Gardens Blvd", "city": "Hialeah Gardens", "zip": "33018", "school_type": "S", "grades": "9-12", "capacity": 2599, "enrollment": 2896, "role": "district"}}, {"type": "Feature", "id": 39, "geometry": {"type": "Point", "coordinates": [-80.3803910441591, 25.8512785220332]}, "properties": {"source": "mdcps_public", "loc_no": "0122", "name": "Dr. Rolando Espinosa K-8 Center", "campus": "", "address": "11250 NW 86th St", "city": "Doral", "zip": "33178", "school_type": "E", "grades": "PK-8", "capacity": 1381, "enrollment": 595, "role": "district"}}, {"type": "Feature", "id": 40, "geometry": {"type": "Point", "coordinates": [-80.2715627499074, 25.9333564724394]}, "properties": {"source": "mdcps_public", "loc_no": "0681", "name": "Carol City Elementary", "campus": "", "address": "4375 NW 173rd Dr", "city": "Miami Gardens", "zip": "33055", "school_type": "E", "grades": "PK-5", "capacity": 637, "enrollment": 315, "role": "district"}}, {"type": "Feature", "id": 41, "geometry": {"type": "Point", "coordinates": [-80.3481136390579, 25.8818455003889]}, "properties": {"source": "mdcps_public", "loc_no": "2371", "name": "West Hialeah Gardens Elementary", "campus": "", "address": "11990 NW 92nd Ave", "city": "Hialeah Gardens", "zip": "33018", "school_type": "E", "grades": "PK-5", "capacity": 1241, "enrollment": 1124, "role": "district"}}, {"type": "Feature", "id": 42, "geometry": {"type": "Point", "coordinates": [-80.1987720782806, 25.8209677026451]}, "properties": {"source": "mdcps_public", "loc_no": "4961", "name": "Shadowlawn Elementary", "campus": "", "address": "149 NW 49th St", "city": "Miami", "zip": "33127", "school_type": "E", "grades": "PK-5", "capacity": 398, "enrollment": 0, "role": "district"}}, {"type": "Feature", "id": 43, "geometry": {"type": "Point", "coordinates": [-80.2281789734853, 25.7627921183006]}, "properties": {"source": "mdcps_public", "loc_no": "5001", "name": "Shenandoah Elementary", "campus": "", "address": "1023 SW 21st Ave", "city": "Miami", "zip": "33135", "school_type": "E", "grades": "PK-5", "capacity": 968, "enrollment": 816, "role": "district"}}, {"type": "Feature", "id": 44, "geometry": {"type": "Point", "coordinates": [-80.3220741748154, 25.6195267346663]}, "properties": {"source": "mdcps_public", "loc_no": "6861", "name": "Southwood Middle", "campus": "", "address": "16301 SW 80th Ave", "city": "Palmetto Bay", "zip": "33157", "school_type": "M", "grades": "6-8", "capacity": 1696, "enrollment": 1061, "role": "district"}}, {"type": "Feature", "id": 45, "geometry": {"type": "Point", "coordinates": [-80.2163586858553, 25.9518559589903]}, "properties": {"source": "mdcps_public", "loc_no": "3701", "name": "Norland Elementary", "campus": "", "address": "19340 NW 8th Ct", "city": "Miami Gardens", "zip": "33169", "school_type": "E", "grades": "PK-5", "capacity": 708, "enrollment": 523, "role": "district"}}, {"type": "Feature", "id": 46, "geometry": {"type": "Point", "coordinates": [-80.4526136786925, 25.6320096497994]}, "properties": {"source": "mdcps_public", "loc_no": "0125", "name": "Norma Butler Bossard Elementary", "campus": "", "address": "15950 SW 144th St", "city": "Miami-Dade", "zip": "33196", "school_type": "E", "grades": "PK-5", "capacity": 1032, "enrollment": 1003, "role": "district"}}, {"type": "Feature", "id": 47, "geometry": {"type": "Point", "coordinates": [-80.4914615522246, 25.4833516144617]}, "properties": {"source": "mdcps_public", "loc_no": "4611", "name": "Redondo Elementary", "campus": "", "address": "18480 SW 304th St", "city": "Homestead", "zip": "33030", "school_type": "E", "grades": "PK-3", "capacity": 719, "enrollment": 578, "role": "district"}}, {"type": "Feature", "id": 48, "geometry": {"type": "Point", "coordinates": [-80.4055916391314, 25.7447949334361]}, "properties": {"source": "mdcps_public", "loc_no": "6901", "name": "W. R. Thomas Middle", "campus": "", "address": "13001 SW 26th St", "city": "Miami-Dade", "zip": "33175", "school_type": "M", "grades": "6-8", "capacity": 959, "enrollment": 510, "role": "district"}}, {"type": "Feature", "id": 49, "geometry": {"type": "Point", "coordinates": [-80.2873952010572, 25.7296020994573]}, "properties": {"source": "mdcps_public", "loc_no": "1761", "name": "David Fairchild Elementary", "campus": "", "address": "5757 SW 45th St", "city": "Miami-Dade", "zip": "33155", "school_type": "E", "grades": "PK-5", "capacity": 710, "enrollment": 467, "role": "district"}}, {"type": "Feature", "id": 50, "geometry": {"type": "Point", "coordinates": [-80.3596019381049, 25.6296885673231]}, "properties": {"source": "mdcps_public", "loc_no": "6781", "name": "Richmond Heights Middle", "campus": "", "address": "15015 SW 103rd Ave", "city": "Miami-Dade", "zip": "33176", "school_type": "M", "grades": "6-8", "capacity": 973, "enrollment": 342, "role": "district"}}, {"type": "Feature", "id": 51, "geometry": {"type": "Point", "coordinates": [-80.2405303576877, 25.8063835802501]}, "properties": {"source": "mdcps_public", "loc_no": "8141", "name": "Juvenile Justice Center", "campus": "", "address": "3300 NW 27th Ave", "city": "Miami-Dade", "zip": "33142", "school_type": "ALT", "grades": "6-12", "capacity": 278, "enrollment": 49, "role": "district"}}, {"type": "Feature", "id": 52, "geometry": {"type": "Point", "coordinates": [-80.195204269111, 25.7899342290986]}, "properties": {"source": "mdcps_public", "loc_no": "0331", "name": "Chapman Partnership Early Childhood Center North", "campus": "", "address": "1550 North Miami Ave", "city": "Miami", "zip": "33136", "school_type": "E", "grades": "PK", "capacity": 0, "enrollment": 44, "role": "district"}}, {"type": "Feature", "id": 53, "geometry": {"type": "Point", "coordinates": [-80.1332744790009, 25.7864175861327]}, "properties": {"source": "mdcps_public", "loc_no": "7202", "name": "Miami Beach Adult & Community Education Center", "campus": "", "address": "1424 Drexel Ave", "city": "Miami Beach", "zip": "33139", "school_type": "O", "grades": "0", "capacity": 0, "enrollment": 0, "role": "district"}}, {"type": "Feature", "id": 54, "geometry": {"type": "Point", "coordinates": [-80.173463744763, 25.8912911249807]}, "properties": {"source": "mdcps_public", "loc_no": "0561", "name": "W.J. Bryan Elementary", "campus": "", "address": "1201 NE 125th St", "city": "North Miami", "zip": "33161", "school_type": "E", "grades": "PK-5", "capacity": 762, "enrollment": 590, "role": "district"}}, {"type": "Feature", "id": 55, "geometry": {"type": "Point", "coordinates": [-80.3463696057478, 25.7440449332286]}, "properties": {"source": "mdcps_public", "loc_no": "4721", "name": "Rockway Elementary", "campus": "", "address": "2790 SW 93rd Ct", "city": "Miami-Dade", "zip": "33165", "school_type": "E", "grades": "PK-5", "capacity": 554, "enrollment": 375, "role": "district"}}, {"type": "Feature", "id": 56, "geometry": {"type": "Point", "coordinates": [-80.4042122472665, 25.7015666751285]}, "properties": {"source": "mdcps_public", "loc_no": "7531", "name": "Miami Sunset Senior High", "campus": "", "address": "13125 SW 72nd St", "city": "Miami-Dade", "zip": "33183", "school_type": "S", "grades": "9-12", "capacity": 1995, "enrollment": 969, "role": "district"}}, {"type": "Feature", "id": 57, "geometry": {"type": "Point", "coordinates": [-80.4457935405963, 25.604365182124]}, "properties": {"source": "mdcps_public", "loc_no": "6001", "name": "Herbert A. Ammons Elementary", "campus": "", "address": "17475 SW 157th Ave", "city": "Miami-Dade", "zip": "33187", "school_type": "M", "grades": "1-5", "capacity": 747, "enrollment": 982, "role": "district"}}, {"type": "Feature", "id": 58, "geometry": {"type": "Point", "coordinates": [-80.1861951639413, 25.9088971750834]}, "properties": {"source": "mdcps_public", "loc_no": "3941", "name": "North Miami Elementary", "campus": "", "address": "655 NE 145th St", "city": "North Miami", "zip": "33161", "school_type": "E", "grades": "PK-5", "capacity": 764, "enrollment": 431, "role": "district"}}, {"type": "Feature", "id": 59, "geometry": {"type": "Point", "coordinates": [-80.2416895590017, 25.8324935919465]}, "properties": {"source": "mdcps_public", "loc_no": "8017", "name": "Educational Alternative Outreach Program", "campus": "", "address": "6300 NW 27th Ave", "city": "Miami-Dade", "zip": "33147", "school_type": "ALT", "grades": "0", "capacity": 0, "enrollment": 0, "role": "district"}}, {"type": "Feature", "id": 60, "geometry": {"type": "Point", "coordinates": [-80.4257182403585, 25.6923104801561]}, "properties": {"source": "mdcps_public", "loc_no": "2651", "name": "Kendale Lakes Elementary", "campus": "", "address": "8000 SW 142nd Ave", "city": "Miami-Dade", "zip": "33183", "school_type": "E", "grades": "PK-5", "capacity": 882, "enrollment": 685, "role": "district"}}, {"type": "Feature", "id": 61, "geometry": {"type": "Point", "coordinates": [-80.3317529803177, 25.8742280539253]}, "properties": {"source": "mdcps_public", "loc_no": "5021", "name": "Ben Sheppard Elementary", "campus": "", "address": "5700 W 24th Ave", "city": "Hialeah", "zip": "33016", "school_type": "E", "grades": "PK-5", "capacity": 1088, "enrollment": 917, "role": "district"}}, {"type": "Feature", "id": 62, "geometry": {"type": "Point", "coordinates": [-80.3809575559133, 25.624364585589]}, "properties": {"source": "mdcps_public", "loc_no": "9230", "name": "Transportation Center Administrative Offices", "campus": "Main Office", "address": "15401 SW 117th Ave", "city": "Miami-Dade", "zip": "33177", "school_type": "A", "grades": "0", "capacity": 0, "enrollment": 0, "role": "district"}}, {"type": "Feature", "id": 63, "geometry": {"type": "Point", "coordinates": [-80.3934119247764, 25.5413196121942]}, "properties": {"source": "mdcps_public", "loc_no": "3621", "name": "Coconut Palm K-8 Academy", "campus": "", "address": "24400 SW 124th Ave", "city": "Miami-Dade", "zip": "33032", "school_type": "E", "grades": "PK-8", "capacity": 1499, "enrollment": 1150, "role": "district"}}, {"type": "Feature", "id": 64, "geometry": {"type": "Point", "coordinates": [-80.3717647829971, 25.6919761531077]}, "properties": {"source": "mdcps_public", "loc_no": "9221", "name": "Maintenance Operations Plant Operations Center", "campus": "", "address": "11035 SW 84th St", "city": "Miami-Dade", "zip": "33173", "school_type": "A", "grades": "0", "capacity": 0, "enrollment": 0, "role": "district"}}, {"type": "Feature", "id": 65, "geometry": {"type": "Point", "coordinates": [-80.3381513405233, 25.7220485954733]}, "properties": {"source": "mdcps_public", "loc_no": "7742", "name": "Southwest Miami Adult Center", "campus": "", "address": "8855 SW 50th Ter", "city": "Miami-Dade", "zip": "33165", "school_type": "O", "grades": "0", "capacity": 0, "enrollment": 0, "role": "district"}}, {"type": "Feature", "id": 66, "geometry": {"type": "Point", "coordinates": [-80.3476793503304, 25.7424774255997]}, "properties": {"source": "mdcps_public", "loc_no": "6821", "name": "Rockway Middle", "campus": "", "address": "9393 SW 29th Ter", "city": "Miami-Dade", "zip": "33165", "school_type": "M", "grades": "6-8", "capacity": 1374, "enrollment": 887, "role": "district"}}, {"type": "Feature", "id": 67, "geometry": {"type": "Point", "coordinates": [-80.2589671021012, 25.7272280287374]}, "properties": {"source": "mdcps_public", "loc_no": "0721", "name": "George Washington Carver Elementary", "campus": "", "address": "238 Grand Ave", "city": "Coral Gables", "zip": "33133", "school_type": "E", "grades": "PK-5", "capacity": 486, "enrollment": 559, "role": "district"}}, {"type": "Feature", "id": 68, "geometry": {"type": "Point", "coordinates": [-80.2383748043493, 25.9204081122581]}, "properties": {"source": "mdcps_public", "loc_no": "0641", "name": "Bunche Park Elementary", "campus": "", "address": "16001 Bunche Park School Dr", "city": "Miami Gardens", "zip": "33054", "school_type": "E", "grades": "PK-5", "capacity": 388, "enrollment": 276, "role": "district"}}, {"type": "Feature", "id": 69, "geometry": {"type": "Point", "coordinates": [-80.1992042927981, 25.9662357656466]}, "properties": {"source": "mdcps_public", "loc_no": "6023", "name": "Andover Middle", "campus": "", "address": "121 NE 207th St", "city": "Miami Gardens", "zip": "33179", "school_type": "M", "grades": "6-8", "capacity": 1243, "enrollment": 388, "role": "district"}}, {"type": "Feature", "id": 70, "geometry": {"type": "Point", "coordinates": [-80.2199992396982, 25.9342952715081]}, "properties": {"source": "mdcps_public", "loc_no": "4881", "name": "Scott Lake Elementary", "campus": "", "address": "1160 NW 175th St", "city": "Miami Gardens", "zip": "33169", "school_type": "E", "grades": "PK-5", "capacity": 678, "enrollment": 469, "role": "district"}}, {"type": "Feature", "id": 71, "geometry": {"type": "Point", "coordinates": [-80.3714516150177, 25.852591070108]}, "properties": {"source": "mdcps_public", "loc_no": "7241", "name": "Ronald W. Reagan/Doral Senior High", "campus": "", "address": "8600 NW 107th Ave", "city": "Doral", "zip": "33178", "school_type": "S", "grades": "9-12", "capacity": 1776, "enrollment": 1271, "role": "district"}}, {"type": "Feature", "id": 72, "geometry": {"type": "Point", "coordinates": [-80.2481041553577, 25.7669384783412]}, "properties": {"source": "mdcps_public", "loc_no": "0121", "name": "Auburndale Elementary", "campus": "", "address": "3255 SW 6th St", "city": "Miami", "zip": "33135", "school_type": "E", "grades": "PK-5", "capacity": 1037, "enrollment": 784, "role": "district"}}, {"type": "Feature", "id": 73, "geometry": {"type": "Point", "coordinates": [-80.2589658327817, 25.725904239354]}, "properties": {"source": "mdcps_public", "loc_no": "6071", "name": "George Washington Carver Middle", "campus": "", "address": "4901 Lincoln Dr", "city": "Coral Gables", "zip": "33133", "school_type": "M", "grades": "6-8", "capacity": 880, "enrollment": 928, "role": "district"}}, {"type": "Feature", "id": 74, "geometry": {"type": "Point", "coordinates": [-80.2020145230441, 25.8040712839452]}, "properties": {"source": "mdcps_public", "loc_no": "2351", "name": "Eneida Massas Hartner Elementary", "campus": "", "address": "401 NW 29th St", "city": "Miami", "zip": "33127", "school_type": "E", "grades": "PK-5", "capacity": 713, "enrollment": 325, "role": "district"}}, {"type": "Feature", "id": 75, "geometry": {"type": "Point", "coordinates": [-80.2300936390886, 25.7765704597187]}, "properties": {"source": "mdcps_public", "loc_no": "0801", "name": "Citrus Grove K-8 Center", "campus": "", "address": "2153 NW 3rd St", "city": "Miami", "zip": "33125", "school_type": "E", "grades": "0", "capacity": 0, "enrollment": 0, "role": "district"}}, {"type": "Feature", "id": 76, "geometry": {"type": "Point", "coordinates": [-80.1493417695288, 25.9478541216265]}, "properties": {"source": "mdcps_public", "loc_no": "4061", "name": "Ojus Elementary", "campus": "", "address": "18600 W Dixie Hwy", "city": "Miami-Dade", "zip": "33180", "school_type": "E", "grades": "PK-5", "capacity": 1030, "enrollment": 813, "role": "district"}}, {"type": "Feature", "id": 77, "geometry": {"type": "Point", "coordinates": [-80.2201893959759, 25.8093998225741]}, "properties": {"source": "mdcps_public", "loc_no": "8012", "name": "Pace Center For Girls", "campus": "", "address": "1400 NW 36th St", "city": "Miami-Dade", "zip": "33142", "school_type": "O", "grades": "6-12", "capacity": 0, "enrollment": 36, "role": "district"}}, {"type": "Feature", "id": 78, "geometry": {"type": "Point", "coordinates": [-80.2777602486121, 25.8654468708126]}, "properties": {"source": "mdcps_public", "loc_no": "7111", "name": "Hialeah Senior High", "campus": "", "address": "251 E 47th St", "city": "Hialeah", "zip": "33013", "school_type": "S", "grades": "9-12", "capacity": 3315, "enrollment": 1666, "role": "district"}}, {"type": "Feature", "id": 79, "geometry": {"type": "Point", "coordinates": [-80.3807263430339, 25.6238650103981]}, "properties": {"source": "mdcps_public", "loc_no": "9235", "name": "Transportation Center Southwest", "campus": "Southwest", "address": "15501 SW 117th Ave", "city": "Miami-Dade", "zip": "33177", "school_type": "A", "grades": "0", "capacity": 0, "enrollment": 0, "role": "district"}}, {"type": "Feature", "id": 80, "geometry": {"type": "Point", "coordinates": [-80.2161782376709, 25.8360419788921]}, "properties": {"source": "mdcps_public", "loc_no": "2501", "name": "Holmes Elementary", "campus": "", "address": "1175 NW 67th St", "city": "Miami", "zip": "33150", "school_type": "E", "grades": "PK-5", "capacity": 572, "enrollment": 385, "role": "district"}}, {"type": "Feature", "id": 81, "geometry": {"type": "Point", "coordinates": [-80.1943537549798, 25.906855858607]}, "properties": {"source": "mdcps_public", "loc_no": "2911", "name": "Linda Lentin K-8 Center", "campus": "", "address": "14312 NE 2nd Ct", "city": "Miami-Dade", "zip": "33161", "school_type": "E", "grades": "PK-8", "capacity": 1072, "enrollment": 611, "role": "district"}}, {"type": "Feature", "id": 82, "geometry": {"type": "Point", "coordinates": [-80.23045482202, 25.8657770848421]}, "properties": {"source": "mdcps_public", "loc_no": "8121", "name": "C.O.P.E. Center North", "campus": "", "address": "9950 NW 19th Ave", "city": "Miami-Dade", "zip": "33147", "school_type": "ALT", "grades": "6-12", "capacity": 378, "enrollment": 29, "role": "district"}}, {"type": "Feature", "id": 83, "geometry": {"type": "Point", "coordinates": [-80.2725422432488, 25.8111259766952]}, "properties": {"source": "mdcps_public", "loc_no": "3900", "name": "Family Empowerment Scholarship", "campus": "Federal & State Compliance Office", "address": "489 East Dr", "city": "Miami Springs", "zip": "33166", "school_type": "A", "grades": "0", "capacity": 0, "enrollment": 0, "role": "district"}}, {"type": "Feature", "id": 84, "geometry": {"type": "Point", "coordinates": [-80.3766097862949, 25.8194942416978]}, "properties": {"source": "mdcps_public", "loc_no": "9574", "name": "Central Region Office", "campus": "Former Doral Middle", "address": "5005 NW 112th Ave", "city": "Doral", "zip": "33178", "school_type": "A", "grades": "0", "capacity": 0, "enrollment": 0, "role": "district"}}, {"type": "Feature", "id": 85, "geometry": {"type": "Point", "coordinates": [-80.3661788402699, 25.6831424382647]}, "properties": {"source": "mdcps_public", "loc_no": "2641", "name": "Kendale Elementary", "campus": "", "address": "10693 SW 93rd St", "city": "Miami-Dade", "zip": "33176", "school_type": "E", "grades": "PK-5", "capacity": 724, "enrollment": 347, "role": "district"}}, {"type": "Feature", "id": 86, "geometry": {"type": "Point", "coordinates": [-80.3339329265092, 25.7411857076019]}, "properties": {"source": "mdcps_public", "loc_no": "0201", "name": "Banyan Elementary", "campus": "", "address": "3060 SW 85th Ave", "city": "Miami-Dade", "zip": "33155", "school_type": "E", "grades": "PK-5", "capacity": 540, "enrollment": 345, "role": "district"}}, {"type": "Feature", "id": 87, "geometry": {"type": "Point", "coordinates": [-80.3486396188264, 25.8879843822795]}, "properties": {"source": "mdcps_public", "loc_no": "5051", "name": "Ernest R. Graham K-8 Center", "campus": "", "address": "7330 W 32nd Ave", "city": "Hialeah", "zip": "33018", "school_type": "E", "grades": "PK-8", "capacity": 1489, "enrollment": 958, "role": "district"}}, {"type": "Feature", "id": 88, "geometry": {"type": "Point", "coordinates": [-80.2924937727085, 25.7571132669727]}, "properties": {"source": "mdcps_public", "loc_no": "5441", "name": "Sylvania Heights Elementary", "campus": "", "address": "5901 SW 16th St", "city": "West Miami", "zip": "33155", "school_type": "E", "grades": "PK-5", "capacity": 826, "enrollment": 554, "role": "district"}}, {"type": "Feature", "id": 89, "geometry": {"type": "Point", "coordinates": [-80.3558677259105, 25.6021639838757]}, "properties": {"source": "mdcps_public", "loc_no": "3541", "name": "Robert Russa Moton Elementary", "campus": "", "address": "18050 Homestead Ave", "city": "Miami-Dade", "zip": "33157", "school_type": "E", "grades": "K-5", "capacity": 679, "enrollment": 165, "role": "district"}}, {"type": "Feature", "id": 90, "geometry": {"type": "Point", "coordinates": [-80.2177798233297, 25.7536884493981]}, "properties": {"source": "mdcps_public", "loc_no": "1121", "name": "Coral Way K-8 Center", "campus": "", "address": "1950 SW 13th Ave", "city": "Miami", "zip": "33145", "school_type": "E", "grades": "PK-8", "capacity": 1374, "enrollment": 1031, "role": "district"}}, {"type": "Feature", "id": 91, "geometry": {"type": "Point", "coordinates": [-80.1980048622307, 25.8850709423587]}, "properties": {"source": "mdcps_public", "loc_no": "2241", "name": "Gratigny Elementary", "campus": "", "address": "11905 N Miami Ave", "city": "Miami-Dade", "zip": "33168", "school_type": "E", "grades": "PK-5", "capacity": 686, "enrollment": 447, "role": "district"}}, {"type": "Feature", "id": 92, "geometry": {"type": "Point", "coordinates": [-80.2007141874158, 25.8318404723561]}, "properties": {"source": "mdcps_public", "loc_no": "9913", "name": "Mdcps Police Center", "campus": "", "address": "6100 NW 2nd Ave", "city": "Miami", "zip": "33127", "school_type": "A", "grades": "0", "capacity": 0, "enrollment": 0, "role": "district"}}, {"type": "Feature", "id": 93, "geometry": {"type": "Point", "coordinates": [-80.4551074809729, 25.699101784781]}, "properties": {"source": "mdcps_public", "loc_no": "1691", "name": "Christina M. Eve Plc - N", "campus": "Plc-N", "address": "16251 SW 72nd St", "city": "Miami-Dade", "zip": "33193", "school_type": "PLC", "grades": "0", "capacity": 0, "enrollment": 0, "role": "district"}}, {"type": "Feature", "id": 94, "geometry": {"type": "Point", "coordinates": [-80.2256593051145, 25.8395660683126]}, "properties": {"source": "mdcps_public", "loc_no": "8139", "name": "D.A. Dorsey Technical College", "campus": "", "address": "7100 NW 17th Ave", "city": "Miami-Dade", "zip": "33147", "school_type": "O", "grades": "0", "capacity": 0, "enrollment": 0, "role": "district"}}, {"type": "Feature", "id": 95, "geometry": {"type": "Point", "coordinates": [-80.275310590443, 25.9503381086926]}, "properties": {"source": "mdcps_public", "loc_no": "3241", "name": "Miami Gardens Elementary", "campus": "", "address": "4444 NW 195th St", "city": "Miami Gardens", "zip": "33055", "school_type": "E", "grades": "PK-5", "capacity": 412, "enrollment": 264, "role": "district"}}, {"type": "Feature", "id": 96, "geometry": {"type": "Point", "coordinates": [-80.2316100330174, 25.91677529691]}, "properties": {"source": "mdcps_public", "loc_no": "6591", "name": "North Dade Center Middle", "campus": "", "address": "1840 NW 157th St", "city": "Miami Gardens", "zip": "33054", "school_type": "M", "grades": "6-8", "capacity": 797, "enrollment": 328, "role": "district"}}, {"type": "Feature", "id": 97, "geometry": {"type": "Point", "coordinates": [-80.4093938564878, 25.7735125309198]}, "properties": {"source": "mdcps_public", "loc_no": "1371", "name": "Marjory Stoneman Douglas Plc-F", "campus": "", "address": "650 NW 132nd Ave", "city": "Miami-Dade", "zip": "33182", "school_type": "PLC", "grades": "0", "capacity": 0, "enrollment": 0, "role": "district"}}, {"type": "Feature", "id": 98, "geometry": {"type": "Point", "coordinates": [-80.4804381097775, 25.4745287789057]}, "properties": {"source": "mdcps_public", "loc_no": "0921", "name": "Neva King Cooper Educational Center", "campus": "", "address": "151 NW 5th St", "city": "Homestead", "zip": "33030", "school_type": "SPC", "grades": "PK-12", "capacity": 0, "enrollment": 94, "role": "district"}}, {"type": "Feature", "id": 99, "geometry": {"type": "Point", "coordinates": [-80.3225013030717, 25.6298150384339]}, "properties": {"source": "mdcps_public", "loc_no": "1041", "name": "Coral Reef Elementary", "campus": "", "address": "7955 SW 152nd St", "city": "Palmetto Bay", "zip": "33157", "school_type": "E", "grades": "PK-5", "capacity": 932, "enrollment": 693, "role": "district"}}, {"type": "Feature", "id": 100, "geometry": {"type": "Point", "coordinates": [-80.3573751483646, 25.8897991331295]}, "properties": {"source": "mdcps_public", "loc_no": "2111", "name": "Hialeah Gardens Elementary Plc- B", "campus": "", "address": "9749 NW 127th Ter", "city": "Hialeah Gardens", "zip": "33018", "school_type": "PLC", "grades": "0", "capacity": 0, "enrollment": 0, "role": "district"}}, {"type": "Feature", "id": 101, "geometry": {"type": "Point", "coordinates": [-80.3059194404811, 25.7139789785009]}, "properties": {"source": "mdcps_public", "loc_no": "5241", "name": "South Miami K-8 Center", "campus": "", "address": "6800 SW 60th St", "city": "South Miami", "zip": "33143", "school_type": "E", "grades": "PK-8", "capacity": 788, "enrollment": 502, "role": "district"}}, {"type": "Feature", "id": 102, "geometry": {"type": "Point", "coordinates": [-80.1331151942262, 25.7987497677241]}, "properties": {"source": "mdcps_public", "loc_no": "7201", "name": "Miami Beach Senior High", "campus": "", "address": "2231 Prairie Ave", "city": "Miami Beach", "zip": "33139", "school_type": "S", "grades": "9-12", "capacity": 2354, "enrollment": 2090, "role": "district"}}, {"type": "Feature", "id": 103, "geometry": {"type": "Point", "coordinates": [-80.3439541958489, 25.9037283413031]}, "properties": {"source": "mdcps_public", "loc_no": "0091", "name": "Bob Graham Education Center Plc-H", "campus": "", "address": "8875 NW 143rd St", "city": "Miami Lakes", "zip": "33018", "school_type": "PLC", "grades": "0", "capacity": 0, "enrollment": 0, "role": "district"}}, {"type": "Feature", "id": 104, "geometry": {"type": "Point", "coordinates": [-80.2705122249799, 25.8292320428519]}, "properties": {"source": "mdcps_public", "loc_no": "2361", "name": "Hialeah Elementary", "campus": "", "address": "550 E 8th St", "city": "Hialeah", "zip": "33010", "school_type": "E", "grades": "PK-5", "capacity": 886, "enrollment": 709, "role": "district"}}, {"type": "Feature", "id": 105, "geometry": {"type": "Point", "coordinates": [-80.2190494419652, 25.8277828370551]}, "properties": {"source": "mdcps_public", "loc_no": "4171", "name": "Orchard Villa Elementary", "campus": "", "address": "5720 NW 13th Ave", "city": "Miami", "zip": "33142", "school_type": "E", "grades": "PK-5", "capacity": 723, "enrollment": 278, "role": "district"}}, {"type": "Feature", "id": 106, "geometry": {"type": "Point", "coordinates": [-80.3189435110159, 25.8579265546392]}, "properties": {"source": "mdcps_public", "loc_no": "7049", "name": "Westland Hialeah Senior High", "campus": "", "address": "4000 W 18th Ave", "city": "Hialeah", "zip": "33012", "school_type": "S", "grades": "9-12", "capacity": 1749, "enrollment": 1175, "role": "district"}}, {"type": "Feature", "id": 107, "geometry": {"type": "Point", "coordinates": [-80.1494561026066, 25.9705780613715]}, "properties": {"source": "mdcps_public", "loc_no": "0231", "name": "Aventura Waterways K-8 Center", "campus": "", "address": "21101 NE 26th Ave", "city": "Miami-Dade", "zip": "33180", "school_type": "E", "grades": "K-8", "capacity": 2099, "enrollment": 2054, "role": "district"}}, {"type": "Feature", "id": 108, "geometry": {"type": "Point", "coordinates": [-80.4122527565576, 25.6790360002024]}, "properties": {"source": "mdcps_public", "loc_no": "0671", "name": "Calusa Elementary", "campus": "", "address": "9580 W Calusa Club Dr", "city": "Miami-Dade", "zip": "33186", "school_type": "E", "grades": "PK-5", "capacity": 792, "enrollment": 692, "role": "district"}}, {"type": "Feature", "id": 109, "geometry": {"type": "Point", "coordinates": [-80.2471116436312, 25.9250404385107]}, "properties": {"source": "mdcps_public", "loc_no": "2161", "name": "Golden Glades Elementary", "campus": "", "address": "16520 NW 28th Ave", "city": "Miami Gardens", "zip": "33054", "school_type": "E", "grades": "PK-5", "capacity": 438, "enrollment": 211, "role": "district"}}, {"type": "Feature", "id": 110, "geometry": {"type": "Point", "coordinates": [-80.4454988518606, 25.4782210564035]}, "properties": {"source": "mdcps_public", "loc_no": "7021", "name": "Center For International Education: A Cambridge A S", "campus": "", "address": "900 NE 23rd Ave", "city": "Homestead", "zip": "33033", "school_type": "S", "grades": "9-12", "capacity": 942, "enrollment": 381, "role": "district"}}, {"type": "Feature", "id": 111, "geometry": {"type": "Point", "coordinates": [-80.4222152554165, 25.6228730771052]}, "properties": {"source": "mdcps_public", "loc_no": "2151", "name": "Jack D. Gordon Elementary Manatee Plc-T", "campus": "", "address": "15551 SW 142nd Ave", "city": "Miami-Dade", "zip": "33177", "school_type": "PLC", "grades": "0", "capacity": 0, "enrollment": 0, "role": "district"}}, {"type": "Feature", "id": 112, "geometry": {"type": "Point", "coordinates": [-80.2532848806367, 25.8523688474433]}, "properties": {"source": "mdcps_public", "loc_no": "6391", "name": "Madison Middle", "campus": "", "address": "3400 NW 87th St", "city": "Miami-Dade", "zip": "33147", "school_type": "M", "grades": "6-8", "capacity": 832, "enrollment": 456, "role": "district"}}, {"type": "Feature", "id": 113, "geometry": {"type": "Point", "coordinates": [-80.2432849211322, 25.7806138189509]}, "properties": {"source": "mdcps_public", "loc_no": "2661", "name": "Kensington Park Elementary", "campus": "", "address": "711 NW 30th Ave", "city": "Miami", "zip": "33125", "school_type": "E", "grades": "PK-5", "capacity": 1424, "enrollment": 967, "role": "district"}}, {"type": "Feature", "id": 114, "geometry": {"type": "Point", "coordinates": [-80.4661212611408, 25.4940438404039]}, "properties": {"source": "mdcps_public", "loc_no": "0161", "name": "Avocado Elementary", "campus": "", "address": "16969 SW 294th St", "city": "Miami-Dade", "zip": "33030", "school_type": "E", "grades": "PK-3", "capacity": 869, "enrollment": 670, "role": "district"}}, {"type": "Feature", "id": 115, "geometry": {"type": "Point", "coordinates": [-80.4818772279306, 25.4763575001202]}, "properties": {"source": "mdcps_public", "loc_no": "6251", "name": "Homestead Middle", "campus": "", "address": "650 NW 2nd Ave", "city": "Homestead", "zip": "33030", "school_type": "M", "grades": "6-8", "capacity": 860, "enrollment": 540, "role": "district"}}, {"type": "Feature", "id": 116, "geometry": {"type": "Point", "coordinates": [-80.382532036705, 25.854080623293]}, "properties": {"source": "mdcps_public", "loc_no": "4011", "name": "Dr. Toni Bilbao Preparatory Academy", "campus": "", "address": "8905 NW 114th Ave", "city": "Doral", "zip": "33178", "school_type": "E", "grades": "PK-8", "capacity": 1084, "enrollment": 573, "role": "district"}}, {"type": "Feature", "id": 117, "geometry": {"type": "Point", "coordinates": [-80.227477539267, 25.9557730848436]}, "properties": {"source": "mdcps_public", "loc_no": "4001", "name": "Norwood Elementary", "campus": "", "address": "19810 NW 14th Ct", "city": "Miami Gardens", "zip": "33169", "school_type": "E", "grades": "PK-5", "capacity": 593, "enrollment": 451, "role": "district"}}, {"type": "Feature", "id": 118, "geometry": {"type": "Point", "coordinates": [-80.3445379741212, 25.716883028]}, "properties": {"source": "mdcps_public", "loc_no": "9013", "name": "Pre-K Intervention", "campus": "Fdlrs - South", "address": "5555 SW 93rd Ave", "city": "Miami-Dade", "zip": "33165", "school_type": "SPC", "grades": "PK", "capacity": 0, "enrollment": 357, "role": "district"}}, {"type": "Feature", "id": 119, "geometry": {"type": "Point", "coordinates": [-80.1895105177699, 25.7897760144644]}, "properties": {"source": "mdcps_public", "loc_no": "9015", "name": "School Board Adm - Annex", "campus": "", "address": "1500 Biscayne Blvd", "city": "Miami", "zip": "33132", "school_type": "A", "grades": "0", "capacity": 0, "enrollment": 0, "role": "district"}}, {"type": "Feature", "id": 120, "geometry": {"type": "Point", "coordinates": [-80.3249748564274, 25.585372891444]}, "properties": {"source": "mdcps_public", "loc_no": "5981", "name": "Dr. Edward L. Whigham Plc-E", "campus": "", "address": "8035 SW 196th St", "city": "Cutler Bay", "zip": "33189", "school_type": "PLC", "grades": "0", "capacity": 0, "enrollment": 0, "role": "district"}}, {"type": "Feature", "id": 121, "geometry": {"type": "Point", "coordinates": [-80.3587907998275, 25.6328780515232]}, "properties": {"source": "mdcps_public", "loc_no": "8131", "name": "Dorothy M. Wallace C.O.P.E. Center", "campus": "", "address": "10225 SW 147th Ter", "city": "Miami-Dade", "zip": "33176", "school_type": "ALT", "grades": "6-12", "capacity": 369, "enrollment": 28, "role": "district"}}, {"type": "Feature", "id": 122, "geometry": {"type": "Point", "coordinates": [-80.2766219187554, 25.8267436877759]}, "properties": {"source": "mdcps_public", "loc_no": "5201", "name": "South Hialeah Elementary", "campus": "", "address": "265 E 5th St", "city": "Hialeah", "zip": "33010", "school_type": "E", "grades": "PK-5", "capacity": 1292, "enrollment": 888, "role": "district"}}, {"type": "Feature", "id": 123, "geometry": {"type": "Point", "coordinates": [-80.4184209126919, 25.7732589221551]}, "properties": {"source": "mdcps_public", "loc_no": "9237", "name": "Transportation Center Central West", "campus": "Central West", "address": "13775 NW 6th St", "city": "Miami-Dade", "zip": "33182", "school_type": "A", "grades": "0", "capacity": 0, "enrollment": 0, "role": "district"}}, {"type": "Feature", "id": 124, "geometry": {"type": "Point", "coordinates": [-80.2098898770702, 25.8354666237228]}, "properties": {"source": "mdcps_public", "loc_no": "2531", "name": "Thena C. Crowder Early Childhood Diagnostic Sp Ed", "campus": "", "address": "757 NW 66th St", "city": "Miami", "zip": "33150", "school_type": "SPC", "grades": "PK", "capacity": 197, "enrollment": 83, "role": "district"}}, {"type": "Feature", "id": 125, "geometry": {"type": "Point", "coordinates": [-80.2683030512022, 25.8749485510329]}, "properties": {"source": "mdcps_public", "loc_no": "9571", "name": "North Region Office", "campus": "", "address": "733 E 57th St", "city": "Hialeah", "zip": "33013", "school_type": "A", "grades": "0", "capacity": 0, "enrollment": 0, "role": "district"}}, {"type": "Feature", "id": 126, "geometry": {"type": "Point", "coordinates": [-80.4510709003454, 25.7126629175877]}, "properties": {"source": "mdcps_public", "loc_no": "7121", "name": "John A. Ferguson Senior High", "campus": "", "address": "15900 SW 56th St", "city": "Miami-Dade", "zip": "33185", "school_type": "S", "grades": "9-12", "capacity": 3755, "enrollment": 4228, "role": "district"}}, {"type": "Feature", "id": 127, "geometry": {"type": "Point", "coordinates": [-80.2829396731306, 25.9338820652492]}, "properties": {"source": "mdcps_public", "loc_no": "3861", "name": "North Glade Elementary", "campus": "", "address": "5000 NW 177th St", "city": "Miami-Dade", "zip": "33055", "school_type": "E", "grades": "PK-5", "capacity": 508, "enrollment": 219, "role": "district"}}, {"type": "Feature", "id": 128, "geometry": {"type": "Point", "coordinates": [-80.2452330355051, 25.807696233213]}, "properties": {"source": "mdcps_public", "loc_no": "3181", "name": "Melrose Elementary", "campus": "", "address": "3050 NW 35th St", "city": "Miami-Dade", "zip": "33142", "school_type": "E", "grades": "PK-5", "capacity": 590, "enrollment": 514, "role": "district"}}, {"type": "Feature", "id": 129, "geometry": {"type": "Point", "coordinates": [-80.2678421930036, 25.8529855553764]}, "properties": {"source": "mdcps_public", "loc_no": "1921", "name": "Flamingo Elementary", "campus": "", "address": "701 E 33rd St", "city": "Hialeah", "zip": "33013", "school_type": "E", "grades": "PK-5", "capacity": 884, "enrollment": 480, "role": "district"}}, {"type": "Feature", "id": 131, "geometry": {"type": "Point", "coordinates": [-80.3357712389066, 25.5910039882745]}, "properties": {"source": "mdcps_public", "loc_no": "5951", "name": "Whispering Pines Elementary", "campus": "", "address": "18929 SW 89th Rd", "city": "Cutler Bay", "zip": "33157", "school_type": "E", "grades": "PK-5", "capacity": 724, "enrollment": 498, "role": "district"}}, {"type": "Feature", "id": 132, "geometry": {"type": "Point", "coordinates": [-80.2822442944557, 25.9411562957746]}, "properties": {"source": "mdcps_public", "loc_no": "6351", "name": "Lake Stevens Middle", "campus": "", "address": "18484 NW 48th Pl", "city": "Miami-Dade", "zip": "33055", "school_type": "M", "grades": "6-8", "capacity": 924, "enrollment": 517, "role": "district"}}, {"type": "Feature", "id": 133, "geometry": {"type": "Point", "coordinates": [-80.2262758718946, 25.8302352741078]}, "properties": {"source": "mdcps_public", "loc_no": "1401", "name": "Charles R. Drew K-8 Center", "campus": "", "address": "1775 NW 60th St", "city": "Miami-Dade", "zip": "33142", "school_type": "E", "grades": "PK-8", "capacity": 770, "enrollment": 454, "role": "district"}}, {"type": "Feature", "id": 134, "geometry": {"type": "Point", "coordinates": [-80.4310360063291, 25.7340977868052]}, "properties": {"source": "mdcps_public", "loc_no": "7051", "name": "G. Holmes Braddock Senior High", "campus": "", "address": "3601 SW 147th Ave", "city": "Miami-Dade", "zip": "33185", "school_type": "S", "grades": "9-12", "capacity": 3818, "enrollment": 2265, "role": "district"}}, {"type": "Feature", "id": 135, "geometry": {"type": "Point", "coordinates": [-80.3729041243569, 25.6983237067238]}, "properties": {"source": "mdcps_public", "loc_no": "9731", "name": "Early Childhood, Ese And Tiitle", "campus": "", "address": "11001 SW 76th St", "city": "Miami-Dade", "zip": "33173", "school_type": "SPC", "grades": "6-8", "capacity": 0, "enrollment": 16, "role": "district"}}, {"type": "Feature", "id": 136, "geometry": {"type": "Point", "coordinates": [-80.2688059703191, 25.9201069925671]}, "properties": {"source": "mdcps_public", "loc_no": "9232", "name": "Transportation Center North", "campus": "North", "address": "16150 NW 42nd Ave", "city": "Miami Gardens", "zip": "33054", "school_type": "A", "grades": "0", "capacity": 0, "enrollment": 0, "role": "district"}}, {"type": "Feature", "id": 137, "geometry": {"type": "Point", "coordinates": [-80.4507343662872, 25.4609028127901]}, "properties": {"source": "mdcps_public", "loc_no": "4031", "name": "Gateway Environmental K-8 Learning Center", "campus": "", "address": "955 SE 18th Ave", "city": "Homestead", "zip": "33035", "school_type": "E", "grades": "PK-8", "capacity": 1690, "enrollment": 1168, "role": "district"}}, {"type": "Feature", "id": 138, "geometry": {"type": "Point", "coordinates": [-80.4549823438572, 25.7175014112267]}, "properties": {"source": "mdcps_public", "loc_no": "0211", "name": "Dr. Manuel C. Barreiro Elementary", "campus": "", "address": "5125 SW 162nd Ave", "city": "Miami-Dade", "zip": "33185", "school_type": "E", "grades": "PK-5", "capacity": 824, "enrollment": 538, "role": "district"}}, {"type": "Feature", "id": 139, "geometry": {"type": "Point", "coordinates": [-80.3328241413439, 25.7761601471018]}, "properties": {"source": "mdcps_public", "loc_no": "2331", "name": "Charles R. Hadley Plc-A", "campus": "", "address": "8390 NW 7th St", "city": "Miami-Dade", "zip": "33126", "school_type": "PLC", "grades": "0", "capacity": 0, "enrollment": 0, "role": "district"}}, {"type": "Feature", "id": 140, "geometry": {"type": "Point", "coordinates": [-80.3815551844105, 25.7591907482544]}, "properties": {"source": "mdcps_public", "loc_no": "5061", "name": "Dr. Carlos J. Finlay Elementary", "campus": "", "address": "851 SW 117th Ave", "city": "Miami-Dade", "zip": "33174", "school_type": "E", "grades": "PK-5", "capacity": 626, "enrollment": 525, "role": "district"}}, {"type": "Feature", "id": 141, "geometry": {"type": "Point", "coordinates": [-80.3533935257678, 25.733284257266]}, "properties": {"source": "mdcps_public", "loc_no": "4091", "name": "Olympia Heights Elementary", "campus": "", "address": "9797 SW 40th St", "city": "Miami-Dade", "zip": "33165", "school_type": "E", "grades": "PK-5", "capacity": 642, "enrollment": 325, "role": "district"}}, {"type": "Feature", "id": 142, "geometry": {"type": "Point", "coordinates": [-80.323371374425, 25.7692427011059]}, "properties": {"source": "mdcps_public", "loc_no": "4921", "name": "Seminole Elementary", "campus": "", "address": "121 SW 78th Pl", "city": "Miami-Dade", "zip": "33144", "school_type": "E", "grades": "PK-5", "capacity": 842, "enrollment": 500, "role": "district"}}, {"type": "Feature", "id": 143, "geometry": {"type": "Point", "coordinates": [-80.2624153041839, 25.9452870145301]}, "properties": {"source": "mdcps_public", "loc_no": "6051", "name": "Carol City Middle", "campus": "", "address": "3737 NW 188th St", "city": "Miami Gardens", "zip": "33055", "school_type": "M", "grades": "6-8", "capacity": 1060, "enrollment": 419, "role": "district"}}, {"type": "Feature", "id": 144, "geometry": {"type": "Point", "coordinates": [-80.4452832175649, 25.6933992355777]}, "properties": {"source": "mdcps_public", "loc_no": "1811", "name": "Dante B. Fascell Elementary", "campus": "", "address": "15625 SW 80th St", "city": "Miami-Dade", "zip": "33193", "school_type": "E", "grades": "PK-5", "capacity": 721, "enrollment": 415, "role": "district"}}, {"type": "Feature", "id": 145, "geometry": {"type": "Point", "coordinates": [-80.2743169657039, 25.8124375217803]}, "properties": {"source": "mdcps_public", "loc_no": "9573", "name": "District Office/Charter School", "campus": "", "address": "1080 La Baron Dr", "city": "Miami Springs", "zip": "33166", "school_type": "A", "grades": "0", "capacity": 0, "enrollment": 0, "role": "district"}}, {"type": "Feature", "id": 146, "geometry": {"type": "Point", "coordinates": [-80.3907194960035, 25.507594923911]}, "properties": {"source": "mdcps_public", "loc_no": "0073", "name": "Mandarin Lakes K-8 Academy", "campus": "", "address": "12225 SW 280TH St", "city": "Miami-Dade", "zip": "33032", "school_type": "E", "grades": "PK-8", "capacity": 1508, "enrollment": 652, "role": "district"}}, {"type": "Feature", "id": 147, "geometry": {"type": "Point", "coordinates": [-80.2435988427981, 25.7825498979927]}, "properties": {"source": "mdcps_public", "loc_no": "2661", "name": "Kensington Park Plc-D", "campus": "", "address": "1025 NW 30th Ave", "city": "Miami", "zip": "33125", "school_type": "PLC", "grades": "0", "capacity": 0, "enrollment": 0, "role": "district"}}, {"type": "Feature", "id": 148, "geometry": {"type": "Point", "coordinates": [-80.2359521163, 25.770947249108]}, "properties": {"source": "mdcps_public", "loc_no": "7461", "name": "Miami Senior High", "campus": "", "address": "2450 SW 1st St", "city": "Miami", "zip": "33135", "school_type": "S", "grades": "9-12", "capacity": 2613, "enrollment": 3035, "role": "district"}}, {"type": "Feature", "id": 149, "geometry": {"type": "Point", "coordinates": [-80.41794727506, 25.5214203719334]}, "properties": {"source": "mdcps_public", "loc_no": "7631", "name": "Miami Macarthur South Sh", "campus": "", "address": "13990 SW 264th St", "city": "Miami-Dade", "zip": "33032", "school_type": "ALT", "grades": "6-12", "capacity": 564, "enrollment": 94, "role": "district"}}, {"type": "Feature", "id": 150, "geometry": {"type": "Point", "coordinates": [-80.2001012920503, 25.8316119031769]}, "properties": {"source": "mdcps_public", "loc_no": "7005", "name": "Itech@Thomas A. Edison Education Center", "campus": "", "address": "6101 NW 2nd Ave", "city": "Miami", "zip": "33127", "school_type": "S", "grades": "9-12", "capacity": 927, "enrollment": 225, "role": "district"}}, {"type": "Feature", "id": 151, "geometry": {"type": "Point", "coordinates": [-80.4577797659239, 25.7197797162836]}, "properties": {"source": "mdcps_public", "loc_no": "0211", "name": "Dr. Manuel C. Barreiro Elementary Ecc-3", "campus": "", "address": "16350 SW 47th St", "city": "Miami-Dade", "zip": "33185", "school_type": "E", "grades": "PK-5", "capacity": 0, "enrollment": 0, "role": "district"}}, {"type": "Feature", "id": 152, "geometry": {"type": "Point", "coordinates": [-80.1938881554731, 25.8294644055811]}, "properties": {"source": "mdcps_public", "loc_no": "3051", "name": "Toussaint L'Ouverture Elementary", "campus": "", "address": "120 NE 59th St", "city": "Miami", "zip": "33137", "school_type": "E", "grades": "PK-5", "capacity": 682, "enrollment": 382, "role": "district"}}, {"type": "Feature", "id": 153, "geometry": {"type": "Point", "coordinates": [-80.2635670198366, 25.8041978852105]}, "properties": {"source": "mdcps_public", "loc_no": "7801", "name": "George T. Baker Aviation Technical College", "campus": "", "address": "3275 NW 42nd Ave", "city": "Miami-Dade", "zip": "33142", "school_type": "O", "grades": "0", "capacity": 696, "enrollment": 0, "role": "district"}}, {"type": "Feature", "id": 154, "geometry": {"type": "Point", "coordinates": [-80.4840059324218, 25.46301414052]}, "properties": {"source": "mdcps_public", "loc_no": "2941", "name": "Laura C. Saunders Elementary", "campus": "", "address": "505 SW 8th St", "city": "Homestead", "zip": "33030", "school_type": "E", "grades": "PK-5", "capacity": 819, "enrollment": 490, "role": "district"}}, {"type": "Feature", "id": 155, "geometry": {"type": "Point", "coordinates": [-80.1736369875605, 25.8876108654782]}, "properties": {"source": "mdcps_public", "loc_no": "5005", "name": "David Lawrence Jr. K-8 Center Plc South Campus", "campus": "David Lawrence Jr. K-8 Center", "address": "12175 NE 12th Ct", "city": "North Miami", "zip": "33161", "school_type": "PLC", "grades": "0", "capacity": 0, "enrollment": 0, "role": "district"}}, {"type": "Feature", "id": 156, "geometry": {"type": "Point", "coordinates": [-80.2946719986263, 25.8303840149634]}, "properties": {"source": "mdcps_public", "loc_no": "7511", "name": "Miami Springs Senior High", "campus": "", "address": "751 Dove Ave", "city": "Miami Springs", "zip": "33166", "school_type": "S", "grades": "9-12", "capacity": 2011, "enrollment": 1026, "role": "district"}}, {"type": "Feature", "id": 157, "geometry": {"type": "Point", "coordinates": [-80.1806250746822, 25.8550208267756]}, "properties": {"source": "mdcps_public", "loc_no": "3431", "name": "Phyllis Ruth Miller Elementary", "campus": "", "address": "840 NE 87th St", "city": "Miami", "zip": "33138", "school_type": "E", "grades": "PK-5", "capacity": 731, "enrollment": 471, "role": "district"}}, {"type": "Feature", "id": 158, "geometry": {"type": "Point", "coordinates": [-80.2776638719586, 25.9616658830709]}, "properties": {"source": "mdcps_public", "loc_no": "5081", "name": "Dr. Frederica S. Wilson/Skyway Elementary", "campus": "", "address": "4555 NW 206th Ter", "city": "Miami Gardens", "zip": "33055", "school_type": "E", "grades": "PK-5", "capacity": 588, "enrollment": 345, "role": "district"}}, {"type": "Feature", "id": 159, "geometry": {"type": "Point", "coordinates": [-80.1733684137484, 25.9715363844854]}, "properties": {"source": "mdcps_public", "loc_no": "7141", "name": "Dr. Michael M. Krop Senior High", "campus": "", "address": "1410 NE 215th St", "city": "Miami-Dade", "zip": "33179", "school_type": "S", "grades": "9-12", "capacity": 2186, "enrollment": 2109, "role": "district"}}, {"type": "Feature", "id": 161, "geometry": {"type": "Point", "coordinates": [-80.2036969858246, 25.8059098175866]}, "properties": {"source": "mdcps_public", "loc_no": "6361", "name": "Jose De Diego Middle", "campus": "", "address": "3100 NW 5th Ave", "city": "Miami", "zip": "33127", "school_type": "M", "grades": "6-8", "capacity": 1071, "enrollment": 644, "role": "district"}}, {"type": "Feature", "id": 162, "geometry": {"type": "Point", "coordinates": [-80.3716943766384, 25.651055642515]}, "properties": {"source": "mdcps_public", "loc_no": "2021", "name": "Gloria Floyd Elementary", "campus": "", "address": "12650 SW 109th Ave", "city": "Miami-Dade", "zip": "33176", "school_type": "E", "grades": "PK-5", "capacity": 772, "enrollment": 350, "role": "district"}}, {"type": "Feature", "id": 163, "geometry": {"type": "Point", "coordinates": [-80.4126689891479, 25.7498023253578]}, "properties": {"source": "mdcps_public", "loc_no": "2341", "name": "Joe Hall Elementary", "campus": "", "address": "1901 SW 134th Ave", "city": "Miami-Dade", "zip": "33175", "school_type": "E", "grades": "PK-5", "capacity": 595, "enrollment": 411, "role": "district"}}, {"type": "Feature", "id": 164, "geometry": {"type": "Point", "coordinates": [-80.3701688980471, 25.613828999485]}, "properties": {"source": "mdcps_public", "loc_no": "4441", "name": "Pine Lake Elementary", "campus": "", "address": "16700 SW 109th Ave", "city": "Miami-Dade", "zip": "33157", "school_type": "E", "grades": "PK-5", "capacity": 648, "enrollment": 332, "role": "district"}}, {"type": "Feature", "id": 165, "geometry": {"type": "Point", "coordinates": [-80.3093340761149, 25.7699859506594]}, "properties": {"source": "mdcps_public", "loc_no": "9025", "name": "Food & Nutrition Center", "campus": "", "address": "7042 W Flagler St", "city": "Miami", "zip": "33144", "school_type": "A", "grades": "0", "capacity": 0, "enrollment": 0, "role": "district"}}, {"type": "Feature", "id": 166, "geometry": {"type": "Point", "coordinates": [-80.4531900162192, 25.5391439862951]}, "properties": {"source": "mdcps_public", "loc_no": "4581", "name": "Redland Elementary", "campus": "", "address": "24501 SW 162nd Ave", "city": "Miami-Dade", "zip": "33031", "school_type": "E", "grades": "PK-5", "capacity": 903, "enrollment": 980, "role": "district"}}, {"type": "Feature", "id": 167, "geometry": {"type": "Point", "coordinates": [-80.3184581638444, 25.7613195401524]}, "properties": {"source": "mdcps_public", "loc_no": "1841", "name": "Flagami Elementary", "campus": "", "address": "920 SW 76th Ave", "city": "Miami-Dade", "zip": "33144", "school_type": "E", "grades": "PK-5", "capacity": 504, "enrollment": 388, "role": "district"}}, {"type": "Feature", "id": 168, "geometry": {"type": "Point", "coordinates": [-80.3475114057964, 25.7096302176943]}, "properties": {"source": "mdcps_public", "loc_no": "6211", "name": "Glades Middle", "campus": "", "address": "9451 SW 64th St", "city": "Miami-Dade", "zip": "33173", "school_type": "M", "grades": "6-8", "capacity": 952, "enrollment": 540, "role": "district"}}, {"type": "Feature", "id": 169, "geometry": {"type": "Point", "coordinates": [-80.1642906162055, 25.9237414156258]}, "properties": {"source": "mdcps_public", "loc_no": "2081", "name": "Fulford Elementary", "campus": "", "address": "16140 NE 18th Ave", "city": "North Miami Beach", "zip": "33162", "school_type": "E", "grades": "PK-5", "capacity": 503, "enrollment": 492, "role": "district"}}, {"type": "Feature", "id": 170, "geometry": {"type": "Point", "coordinates": [-80.3089115445378, 25.9030440781404]}, "properties": {"source": "mdcps_public", "loc_no": "3281", "name": "Miami Lakes K-8 Center", "campus": "", "address": "14250 NW 67th Ave", "city": "Miami Lakes", "zip": "33014", "school_type": "E", "grades": "PK-8", "capacity": 1364, "enrollment": 1190, "role": "district"}}, {"type": "Feature", "id": 171, "geometry": {"type": "Point", "coordinates": [-80.193208512587, 25.7763842956757]}, "properties": {"source": "mdcps_public", "loc_no": "7041", "name": "School For Advanced Studies Wolfson", "campus": "Wolfson", "address": "25 NE 2nd St", "city": "Miami", "zip": "33132", "school_type": "S", "grades": "11-12", "capacity": 0, "enrollment": 134, "role": "district"}}, {"type": "Feature", "id": 172, "geometry": {"type": "Point", "coordinates": [-80.2125549638208, 25.8046395397192]}, "properties": {"source": "mdcps_public", "loc_no": "4841", "name": "Santa Clara Elementary", "campus": "", "address": "1051 NW 29th Ter", "city": "Miami", "zip": "33127", "school_type": "E", "grades": "PK-5", "capacity": 713, "enrollment": 555, "role": "district"}}, {"type": "Feature", "id": 173, "geometry": {"type": "Point", "coordinates": [-80.3244181884121, 25.7371995801358]}, "properties": {"source": "mdcps_public", "loc_no": "1641", "name": "Emerson Elementary", "campus": "", "address": "8001 SW 36th St", "city": "Miami-Dade", "zip": "33155", "school_type": "E", "grades": "PK-5", "capacity": 576, "enrollment": 298, "role": "district"}}, {"type": "Feature", "id": 174, "geometry": {"type": "Point", "coordinates": [-80.1911691760936, 25.7902670180711]}, "properties": {"source": "mdcps_public", "loc_no": "9015", "name": "School Board Adm -Garage", "campus": "", "address": "115 NE 15th St", "city": "Miami", "zip": "33132", "school_type": "A", "grades": "0", "capacity": 0, "enrollment": 0, "role": "district"}}, {"type": "Feature", "id": 175, "geometry": {"type": "Point", "coordinates": [-80.361685123164, 25.7233747739152]}, "properties": {"source": "mdcps_public", "loc_no": "6801", "name": "Riviera Middle", "campus": "", "address": "10301 SW 48th St", "city": "Miami-Dade", "zip": "33165", "school_type": "M", "grades": "6-8", "capacity": 998, "enrollment": 480, "role": "district"}}, {"type": "Feature", "id": 176, "geometry": {"type": "Point", "coordinates": [-80.3702614236231, 25.6926181153873]}, "properties": {"source": "mdcps_public", "loc_no": "7029", "name": "Terra Environmental Research Institute Senior High", "campus": "", "address": "11005 SW 84th St", "city": "Miami-Dade", "zip": "33173", "school_type": "S", "grades": "9-12", "capacity": 1647, "enrollment": 1631, "role": "district"}}, {"type": "Feature", "id": 177, "geometry": {"type": "Point", "coordinates": [-80.3073229871456, 25.8949647457844]}, "properties": {"source": "mdcps_public", "loc_no": "7131", "name": "Hialeah-Miami Lakes Senior High", "campus": "", "address": "7977 W 12th Ave", "city": "Hialeah", "zip": "33014", "school_type": "S", "grades": "9-12", "capacity": 2749, "enrollment": 1350, "role": "district"}}, {"type": "Feature", "id": 178, "geometry": {"type": "Point", "coordinates": [-80.1512955594577, 25.7154049187834]}, "properties": {"source": "mdcps_public", "loc_no": "9485", "name": "Marjory Stoneman Douglas Biscayne Nature Center", "campus": "", "address": "6767 Crandon Blvd", "city": "Miami-Dade", "zip": "33149", "school_type": "O", "grades": "0", "capacity": 0, "enrollment": 0, "role": "district"}}, {"type": "Feature", "id": 179, "geometry": {"type": "Point", "coordinates": [-80.2949550101616, 25.916240286809]}, "properties": {"source": "mdcps_public", "loc_no": "8901", "name": "Miami Lakes Educational Center And Technical College", "campus": "", "address": "5780 NW 158th St", "city": "Miami Lakes", "zip": "33014", "school_type": "O", "grades": "0", "capacity": 0, "enrollment": 0, "role": "district"}}, {"type": "Feature", "id": 180, "geometry": {"type": "Point", "coordinates": [-80.1392501647973, 25.7732496337621]}, "properties": {"source": "mdcps_public", "loc_no": "5091", "name": "Miami Beach South Pointe Elementary", "campus": "", "address": "1050 4th St", "city": "Miami Beach", "zip": "33139", "school_type": "E", "grades": "PK-5", "capacity": 576, "enrollment": 488, "role": "district"}}, {"type": "Feature", "id": 181, "geometry": {"type": "Point", "coordinates": [-80.2845773477076, 25.822904876448]}, "properties": {"source": "mdcps_public", "loc_no": "3381", "name": "Miami Springs Elementary", "campus": "", "address": "51 Park St", "city": "Miami Springs", "zip": "33166", "school_type": "E", "grades": "PK-5", "capacity": 602, "enrollment": 391, "role": "district"}}, {"type": "Feature", "id": 182, "geometry": {"type": "Point", "coordinates": [-80.3801103017682, 25.6211514249292]}, "properties": {"source": "mdcps_public", "loc_no": "9292", "name": "Transportation Center Vehicle Maintenance Office", "campus": "Center", "address": "11601 SW 160th St", "city": "Miami-Dade", "zip": "33177", "school_type": "A", "grades": "0", "capacity": 0, "enrollment": 0, "role": "district"}}, {"type": "Feature", "id": 183, "geometry": {"type": "Point", "coordinates": [-80.1700014804529, 25.9400659857694]}, "properties": {"source": "mdcps_public", "loc_no": "2281", "name": "Greynolds Park Elementary", "campus": "", "address": "1536 NE 179th St", "city": "North Miami Beach", "zip": "33162", "school_type": "E", "grades": "PK-5", "capacity": 742, "enrollment": 514, "role": "district"}}, {"type": "Feature", "id": 184, "geometry": {"type": "Point", "coordinates": [-80.3616672934022, 25.6545849088698]}, "properties": {"source": "mdcps_public", "loc_no": "2881", "name": "Leewood K-8 Center", "campus": "", "address": "10343 SW 124th St", "city": "Miami-Dade", "zip": "33176", "school_type": "E", "grades": "PK-8", "capacity": 976, "enrollment": 509, "role": "district"}}, {"type": "Feature", "id": 185, "geometry": {"type": "Point", "coordinates": [-80.2191374220658, 25.9513210168931]}, "properties": {"source": "mdcps_public", "loc_no": "7381", "name": "Miami Norland Senior High", "campus": "", "address": "1193 NW 193rd St", "city": "Miami Gardens", "zip": "33169", "school_type": "S", "grades": "9-12", "capacity": 1995, "enrollment": 1670, "role": "district"}}, {"type": "Feature", "id": 186, "geometry": {"type": "Point", "coordinates": [-80.3900687159875, 25.5991523796578]}, "properties": {"source": "mdcps_public", "loc_no": "7371", "name": "Robert Morgan Educational Center Senior High", "campus": "", "address": "18180 SW 122nd Ave", "city": "Miami-Dade", "zip": "33177", "school_type": "S", "grades": "9-12", "capacity": 1907, "enrollment": 1747, "role": "district"}}, {"type": "Feature", "id": 187, "geometry": {"type": "Point", "coordinates": [-80.4299559169472, 25.6765415501942]}, "properties": {"source": "mdcps_public", "loc_no": "0831", "name": "Claude Pepper Elementary", "campus": "", "address": "14550 SW 96th St", "city": "Miami-Dade", "zip": "33186", "school_type": "E", "grades": "PK-5", "capacity": 950, "enrollment": 419, "role": "district"}}, {"type": "Feature", "id": 188, "geometry": {"type": "Point", "coordinates": [-80.4497442674355, 25.5372142289092]}, "properties": {"source": "mdcps_public", "loc_no": "9261", "name": "Maintenance Service Center 4", "campus": "", "address": "24600 SW 159th Ave", "city": "Miami-Dade", "zip": "33031", "school_type": "A", "grades": "0", "capacity": 0, "enrollment": 0, "role": "district"}}, {"type": "Feature", "id": 189, "geometry": {"type": "Point", "coordinates": [-80.1745553397671, 25.9656431380719]}, "properties": {"source": "mdcps_public", "loc_no": "2581", "name": "Madie Ives Elementary Plc-M", "campus": "", "address": "1351 Ives Dairy Rd", "city": "Miami-Dade", "zip": "33179", "school_type": "PLC", "grades": "0", "capacity": 0, "enrollment": 0, "role": "district"}}, {"type": "Feature", "id": 190, "geometry": {"type": "Point", "coordinates": [-80.3862704341504, 25.5804523294847]}, "properties": {"source": "mdcps_public", "loc_no": "0661", "name": "Caribbean K-8 Center", "campus": "", "address": "11990 SW 200th St", "city": "Miami-Dade", "zip": "33177", "school_type": "E", "grades": "PK-8", "capacity": 994, "enrollment": 778, "role": "district"}}, {"type": "Feature", "id": 191, "geometry": {"type": "Point", "coordinates": [-80.2620492092646, 25.9466875986878]}, "properties": {"source": "mdcps_public", "loc_no": "3781", "name": "Barbara Hawkins Elementary", "campus": "", "address": "19010 NW 37th Ave", "city": "Miami Gardens", "zip": "33056", "school_type": "E", "grades": "PK-5", "capacity": 492, "enrollment": 220, "role": "district"}}, {"type": "Feature", "id": 192, "geometry": {"type": "Point", "coordinates": [-80.2652213428908, 25.773021047007]}, "properties": {"source": "mdcps_public", "loc_no": "2781", "name": "Kinloch Park Elementary", "campus": "", "address": "4275 NW 1st St", "city": "Miami", "zip": "33126", "school_type": "E", "grades": "PK-5", "capacity": 818, "enrollment": 546, "role": "district"}}, {"type": "Feature", "id": 193, "geometry": {"type": "Point", "coordinates": [-80.199044151929, 25.8052493657615]}, "properties": {"source": "mdcps_public", "loc_no": "7056", "name": "Young Men'S Preparatory Academy Senior High", "campus": "", "address": "3001 NW 2nd Ave", "city": "Miami", "zip": "33127", "school_type": "S", "grades": "6-12", "capacity": 437, "enrollment": 161, "role": "district"}}, {"type": "Feature", "id": 194, "geometry": {"type": "Point", "coordinates": [-80.2053683984287, 25.8450900927254]}, "properties": {"source": "mdcps_public", "loc_no": "3021", "name": "Jesse J. Mccrary Jr. Elementary", "campus": "", "address": "514 NW 77th St", "city": "Miami", "zip": "33150", "school_type": "E", "grades": "PK-5", "capacity": 674, "enrollment": 383, "role": "district"}}, {"type": "Feature", "id": 195, "geometry": {"type": "Point", "coordinates": [-80.2935104598959, 25.7666400621472]}, "properties": {"source": "mdcps_public", "loc_no": "1801", "name": "Fairlawn Elementary", "campus": "", "address": "444 SW 60th Ave", "city": "Miami", "zip": "33144", "school_type": "E", "grades": "PK-5", "capacity": 648, "enrollment": 496, "role": "district"}}, {"type": "Feature", "id": 196, "geometry": {"type": "Point", "coordinates": [-80.2238604691823, 25.9454382180032]}, "properties": {"source": "mdcps_public", "loc_no": "4341", "name": "Parkway Elementary", "campus": "", "address": "1320 NW 188th St", "city": "Miami Gardens", "zip": "33169", "school_type": "E", "grades": "PK-5", "capacity": 478, "enrollment": 177, "role": "district"}}, {"type": "Feature", "id": 197, "geometry": {"type": "Point", "coordinates": [-80.3328049380581, 25.7753199671884]}, "properties": {"source": "mdcps_public", "loc_no": "2331", "name": "Charles R. Hadley Elementary", "campus": "", "address": "8400 NW 7th St", "city": "Miami-Dade", "zip": "33126", "school_type": "E", "grades": "PK-5", "capacity": 812, "enrollment": 596, "role": "district"}}, {"type": "Feature", "id": 198, "geometry": {"type": "Point", "coordinates": [-80.2429032476292, 25.813094894513]}, "properties": {"source": "mdcps_public", "loc_no": "9281", "name": "Maintenance Service Center 2", "campus": "", "address": "2925 NW 41st St", "city": "Miami-Dade", "zip": "33142", "school_type": "A", "grades": "0", "capacity": 0, "enrollment": 0, "role": "district"}}, {"type": "Feature", "id": 199, "geometry": {"type": "Point", "coordinates": [-80.4787790741613, 25.4415414941589]}, "properties": {"source": "mdcps_public", "loc_no": "9233", "name": "Transportation Center South", "campus": "South", "address": "660 SW 3rd Ave", "city": "Florida City", "zip": "33034", "school_type": "A", "grades": "0", "capacity": 0, "enrollment": 0, "role": "district"}}, {"type": "Feature", "id": 200, "geometry": {"type": "Point", "coordinates": [-80.2989855873481, 25.8617229659397]}, "properties": {"source": "mdcps_public", "loc_no": "3141", "name": "Meadowlane Elementary", "campus": "", "address": "4280 W 8th Ave", "city": "Hialeah", "zip": "33012", "school_type": "E", "grades": "PK-5", "capacity": 976, "enrollment": 778, "role": "district"}}, {"type": "Feature", "id": 201, "geometry": {"type": "Point", "coordinates": [-80.3766750947144, 25.7292300316748]}, "properties": {"source": "mdcps_public", "loc_no": "4761", "name": "Royal Palm Elementary", "campus": "", "address": "4200 SW 112th Ct", "city": "Miami-Dade", "zip": "33165", "school_type": "E", "grades": "PK-5", "capacity": 576, "enrollment": 513, "role": "district"}}, {"type": "Feature", "id": 202, "geometry": {"type": "Point", "coordinates": [-80.3030935705659, 25.8332313915449]}, "properties": {"source": "mdcps_public", "loc_no": "5361", "name": "Springview Elementary", "campus": "", "address": "1122 Bluebird Ave", "city": "Miami Springs", "zip": "33166", "school_type": "E", "grades": "PK-5", "capacity": 430, "enrollment": 306, "role": "district"}}, {"type": "Feature", "id": 203, "geometry": {"type": "Point", "coordinates": [-80.2035298318081, 25.8808048864249]}, "properties": {"source": "mdcps_public", "loc_no": "5141", "name": "Hubert O. Sibley K-8 Center", "campus": "", "address": "255 NW 115th St", "city": "Miami-Dade", "zip": "33168", "school_type": "E", "grades": "PK-8", "capacity": 965, "enrollment": 785, "role": "district"}}, {"type": "Feature", "id": 204, "geometry": {"type": "Point", "coordinates": [-80.3093340761149, 25.7699859506594]}, "properties": {"source": "mdcps_public", "loc_no": "9134", "name": "Materials Control Center", "campus": "", "address": "7040 W Flagler St", "city": "Miami", "zip": "33144", "school_type": "A", "grades": "0", "capacity": 0, "enrollment": 0, "role": "district"}}, {"type": "Feature", "id": 205, "geometry": {"type": "Point", "coordinates": [-80.3485807630056, 25.5727610092501]}, "properties": {"source": "mdcps_public", "loc_no": "2321", "name": "Gulfstream Elementary", "campus": "", "address": "20900 SW 97th Ave", "city": "Cutler Bay", "zip": "33189", "school_type": "E", "grades": "PK-5", "capacity": 897, "enrollment": 553, "role": "district"}}, {"type": "Feature", "id": 206, "geometry": {"type": "Point", "coordinates": [-80.2296408396764, 25.9163549699521]}, "properties": {"source": "mdcps_public", "loc_no": "5131", "name": "North Dade Center For Modern Languages Elementary", "campus": "", "address": "1840 NW 157th St", "city": "Miami Gardens", "zip": "33054", "school_type": "E", "grades": "K-5", "capacity": 436, "enrollment": 308, "role": "district"}}, {"type": "Feature", "id": 207, "geometry": {"type": "Point", "coordinates": [-80.1547080436264, 25.9657641889791]}, "properties": {"source": "mdcps_public", "loc_no": "2441", "name": "Virginia A. Boone/Highland Oaks Elementary", "campus": "", "address": "20500 NE 24th Ave", "city": "Miami-Dade", "zip": "33180", "school_type": "E", "grades": "PK-5", "capacity": 600, "enrollment": 574, "role": "district"}}, {"type": "Feature", "id": 208, "geometry": {"type": "Point", "coordinates": [-80.2946719986263, 25.8303840149634]}, "properties": {"source": "mdcps_public", "loc_no": "7512", "name": "Miami Springs Adult Education", "campus": "", "address": "751 Dove Ave", "city": "Miami Springs", "zip": "33166", "school_type": "O", "grades": "0", "capacity": 0, "enrollment": 0, "role": "district"}}, {"type": "Feature", "id": 209, "geometry": {"type": "Point", "coordinates": [-80.407239569774, 25.7442959180197]}, "properties": {"source": "mdcps_public", "loc_no": "9412", "name": "Dade County Public School-Management Information", "campus": "", "address": "13135 SW 26th St", "city": "Miami-Dade", "zip": "33175", "school_type": "A", "grades": "0", "capacity": 0, "enrollment": 0, "role": "district"}}, {"type": "Feature", "id": 210, "geometry": {"type": "Point", "coordinates": [-80.2076262240638, 25.7950491699632]}, "properties": {"source": "mdcps_public", "loc_no": "8005", "name": "Lindsey Hopkins Technical College", "campus": "", "address": "750 NW 20th St", "city": "Miami", "zip": "33127", "school_type": "O", "grades": "0", "capacity": 0, "enrollment": 0, "role": "district"}}, {"type": "Feature", "id": 211, "geometry": {"type": "Point", "coordinates": [-80.1345561395527, 25.8153327412316]}, "properties": {"source": "mdcps_public", "loc_no": "6541", "name": "Miami Beach Nautilus Middle", "campus": "", "address": "4301 N Michigan Ave", "city": "Miami Beach", "zip": "33140", "school_type": "M", "grades": "6-8", "capacity": 1060, "enrollment": 903, "role": "district"}}, {"type": "Feature", "id": 212, "geometry": {"type": "Point", "coordinates": [-80.3025643568624, 25.8448264941473]}, "properties": {"source": "mdcps_public", "loc_no": "0481", "name": "James H. Bright Elementary/J.W. Johnson Elementary", "campus": "", "address": "2530 W 10th Ave", "city": "Hialeah", "zip": "33010", "school_type": "E", "grades": "PK-5", "capacity": 704, "enrollment": 469, "role": "district"}}, {"type": "Feature", "id": 213, "geometry": {"type": "Point", "coordinates": [-80.2407598197506, 25.8291884180378]}, "properties": {"source": "mdcps_public", "loc_no": "9234", "name": "Transportation Center Northeast", "campus": "Northeast", "address": "5901 NW 27th Ave", "city": "Miami-Dade", "zip": "33142", "school_type": "A", "grades": "0", "capacity": 0, "enrollment": 0, "role": "district"}}, {"type": "Feature", "id": 214, "geometry": {"type": "Point", "coordinates": [-80.3802839038918, 25.6041724671922]}, "properties": {"source": "mdcps_public", "loc_no": "3261", "name": "Miami Heights Elementary", "campus": "", "address": "17661 SW 117th Ave", "city": "Miami-Dade", "zip": "33177", "school_type": "E", "grades": "PK-5", "capacity": 1251, "enrollment": 695, "role": "district"}}, {"type": "Feature", "id": 215, "geometry": {"type": "Point", "coordinates": [-80.3895812083676, 25.5903300096517]}, "properties": {"source": "mdcps_public", "loc_no": "5281", "name": "South Miami Heights Elementary", "campus": "", "address": "12231 SW 190th Ter", "city": "Miami-Dade", "zip": "33177", "school_type": "E", "grades": "PK-5", "capacity": 692, "enrollment": 425, "role": "district"}}, {"type": "Feature", "id": 216, "geometry": {"type": "Point", "coordinates": [-80.3538311849743, 25.5797545141452]}, "properties": {"source": "mdcps_public", "loc_no": "1241", "name": "Cutler Ridge Elementary", "campus": "", "address": "20210 Coral Sea Rd", "city": "Cutler Bay", "zip": "33189", "school_type": "E", "grades": "PK-5", "capacity": 982, "enrollment": 433, "role": "district"}}, {"type": "Feature", "id": 217, "geometry": {"type": "Point", "coordinates": [-80.3075657128337, 25.9394141597234]}, "properties": {"source": "mdcps_public", "loc_no": "7012", "name": "American Senior High Adult Education", "campus": "", "address": "18350 NW 67th Ave", "city": "Miami-Dade", "zip": "33015", "school_type": "O", "grades": "", "capacity": 0, "enrollment": 0, "role": "district"}}, {"type": "Feature", "id": 218, "geometry": {"type": "Point", "coordinates": [-80.3405197981772, 25.7552824025911]}, "properties": {"source": "mdcps_public", "loc_no": "7272", "name": "Miami Coral Park Adult Education", "campus": "", "address": "8865 SW 16th St", "city": "Miami-Dade", "zip": "33165", "school_type": "O", "grades": "0", "capacity": 0, "enrollment": 0, "role": "district"}}, {"type": "Feature", "id": 219, "geometry": {"type": "Point", "coordinates": [-80.3479147242062, 25.8798095812685]}, "properties": {"source": "mdcps_public", "loc_no": "6751", "name": "Hialeah Gardens Middle", "campus": "", "address": "11690 NW 92nd Ave", "city": "Hialeah Gardens", "zip": "33018", "school_type": "M", "grades": "6-8", "capacity": 1505, "enrollment": 1536, "role": "district"}}, {"type": "Feature", "id": 220, "geometry": {"type": "Point", "coordinates": [-80.308515146749, 25.9396245973196]}, "properties": {"source": "mdcps_public", "loc_no": "7011", "name": "American Senior High", "campus": "", "address": "18350 NW 67th Ave", "city": "Miami-Dade", "zip": "33015", "school_type": "S", "grades": "9-12", "capacity": 2065, "enrollment": 1550, "role": "district"}}, {"type": "Feature", "id": 221, "geometry": {"type": "Point", "coordinates": [-80.1231751361815, 25.944747898677]}, "properties": {"source": "mdcps_public", "loc_no": "0092", "name": "Norman S. Edelcup/Sunny Isles Beach K-8", "campus": "", "address": "201 182nd Dr", "city": "Sunny Isles Beach", "zip": "33160", "school_type": "E", "grades": "K-8", "capacity": 1769, "enrollment": 1744, "role": "district"}}, {"type": "Feature", "id": 222, "geometry": {"type": "Point", "coordinates": [-80.2226754817281, 25.9509582271357]}, "properties": {"source": "mdcps_public", "loc_no": "6571", "name": "Norland Middle", "campus": "", "address": "1235 NW 192nd Ter", "city": "Miami Gardens", "zip": "33169", "school_type": "M", "grades": "6-8", "capacity": 1449, "enrollment": 668, "role": "district"}}, {"type": "Feature", "id": 223, "geometry": {"type": "Point", "coordinates": [-80.2261422313264, 25.810286172312]}, "properties": {"source": "mdcps_public", "loc_no": "7341", "name": "Miami Jackson Senior High", "campus": "", "address": "1751 NW 36th St", "city": "Miami", "zip": "33142", "school_type": "S", "grades": "9-12", "capacity": 2060, "enrollment": 1176, "role": "district"}}, {"type": "Feature", "id": 224, "geometry": {"type": "Point", "coordinates": [-80.2315945478586, 25.890751932689]}, "properties": {"source": "mdcps_public", "loc_no": "5901", "name": "Carrie P. Meek/Westview K-8 Center Annex", "campus": "Former Westview Ms", "address": "1901 NW 127th St", "city": "Miami-Dade", "zip": "33167", "school_type": "E", "grades": "PK-8", "capacity": 218, "enrollment": 0, "role": "district"}}, {"type": "Feature", "id": 225, "geometry": {"type": "Point", "coordinates": [-80.2848015645076, 25.6761982472404]}, "properties": {"source": "mdcps_public", "loc_no": "4421", "name": "Pinecrest Elementary", "campus": "", "address": "10250 SW 57th Ave", "city": "Pinecrest", "zip": "33156", "school_type": "E", "grades": "PK-5", "capacity": 1110, "enrollment": 1007, "role": "district"}}, {"type": "Feature", "id": 226, "geometry": {"type": "Point", "coordinates": [-80.154169861143, 25.9639884651692]}, "properties": {"source": "mdcps_public", "loc_no": "6241", "name": "Highland Oaks Middle", "campus": "", "address": "2375 NE 203rd St", "city": "Miami-Dade", "zip": "33180", "school_type": "M", "grades": "6-8", "capacity": 1023, "enrollment": 735, "role": "district"}}, {"type": "Feature", "id": 227, "geometry": {"type": "Point", "coordinates": [-80.3893950082705, 25.7666632917026]}, "properties": {"source": "mdcps_public", "loc_no": "1371", "name": "Marjory Stoneman Douglas Elementary", "campus": "Main Campus", "address": "11901 SW 2nd St", "city": "Miami-Dade", "zip": "33184", "school_type": "E", "grades": "PK-5", "capacity": 1321, "enrollment": 564, "role": "district"}}, {"type": "Feature", "id": 228, "geometry": {"type": "Point", "coordinates": [-80.3770217680573, 25.7580769479676]}, "properties": {"source": "mdcps_public", "loc_no": "7073", "name": "Academy For Advanced Academics - South", "campus": "Modesto Maidique", "address": "11200 SW 8th St", "city": "Miami-Dade", "zip": "33199", "school_type": "S", "grades": "11-12", "capacity": 0, "enrollment": 0, "role": "district"}}, {"type": "Feature", "id": 229, "geometry": {"type": "Point", "coordinates": [-80.3569788835265, 25.8910341309976]}, "properties": {"source": "mdcps_public", "loc_no": "2111", "name": "Hialeah Gardens Elementary", "campus": "", "address": "9702 NW 130th St", "city": "Hialeah Gardens", "zip": "33018", "school_type": "E", "grades": "PK-5", "capacity": 865, "enrollment": 1000, "role": "district"}}, {"type": "Feature", "id": 230, "geometry": {"type": "Point", "coordinates": [-80.3007804554217, 25.7022460318357]}, "properties": {"source": "mdcps_public", "loc_no": "3061", "name": "Ludlam Elementary", "campus": "", "address": "6639 SW 74th St", "city": "South Miami", "zip": "33143", "school_type": "E", "grades": "PK-5", "capacity": 446, "enrollment": 266, "role": "district"}}, {"type": "Feature", "id": 231, "geometry": {"type": "Point", "coordinates": [-80.2735279161011, 25.814891927167]}, "properties": {"source": "mdcps_public", "loc_no": "6521", "name": "Miami Springs Middle", "campus": "", "address": "150 S Royal Poinciana Blvd", "city": "Miami Springs", "zip": "33166", "school_type": "M", "grades": "6-8", "capacity": 1307, "enrollment": 660, "role": "district"}}, {"type": "Feature", "id": 232, "geometry": {"type": "Point", "coordinates": [-80.2448233669046, 25.8527808961531]}, "properties": {"source": "mdcps_public", "loc_no": "9271", "name": "Vacant Property", "campus": "", "address": "2780 NW 87th St", "city": "Miami-Dade", "zip": "33147", "school_type": "A", "grades": "0", "capacity": 0, "enrollment": 0, "role": "district"}}, {"type": "Feature", "id": 233, "geometry": {"type": "Point", "coordinates": [-80.2034137389306, 25.7964287662358]}, "properties": {"source": "mdcps_public", "loc_no": "1441", "name": "Paul Laurence Dunbar K-8 Center", "campus": "", "address": "505 NW 20th St", "city": "Miami", "zip": "33127", "school_type": "E", "grades": "PK-8", "capacity": 788, "enrollment": 359, "role": "district"}}, {"type": "Feature", "id": 234, "geometry": {"type": "Point", "coordinates": [-80.4063587069592, 25.6956874802666]}, "properties": {"source": "mdcps_public", "loc_no": "5961", "name": "Winston Park K-8 Center", "campus": "", "address": "13200 SW 79th St", "city": "Miami-Dade", "zip": "33183", "school_type": "E", "grades": "PK-8", "capacity": 1147, "enrollment": 1048, "role": "district"}}, {"type": "Feature", "id": 235, "geometry": {"type": "Point", "coordinates": [-80.2547945479807, 25.9640068504618]}, "properties": {"source": "mdcps_public", "loc_no": "3821", "name": "North County K-8 Center", "campus": "", "address": "3250 NW 207th St", "city": "Miami Gardens", "zip": "33056", "school_type": "E", "grades": "PK-8", "capacity": 599, "enrollment": 322, "role": "district"}}, {"type": "Feature", "id": 236, "geometry": {"type": "Point", "coordinates": [-80.231817230336, 25.8762327431392]}, "properties": {"source": "mdcps_public", "loc_no": "4491", "name": "Henry E.S. Reeves K-8 Center", "campus": "", "address": "2005 NW 111th St", "city": "Miami-Dade", "zip": "33167", "school_type": "E", "grades": "PK-8", "capacity": 689, "enrollment": 830, "role": "district"}}, {"type": "Feature", "id": 237, "geometry": {"type": "Point", "coordinates": [-80.2539306947658, 25.7263264770529]}, "properties": {"source": "mdcps_public", "loc_no": "5561", "name": "Frances S. Tucker Elementary", "campus": "", "address": "3500 Douglas Rd", "city": "Miami", "zip": "33133", "school_type": "E", "grades": "PK-8", "capacity": 486, "enrollment": 341, "role": "district"}}, {"type": "Feature", "id": 238, "geometry": {"type": "Point", "coordinates": [-80.4526694748514, 25.6646871502654]}, "properties": {"source": "mdcps_public", "loc_no": "4511", "name": "Dr. Gilbert L. Porter Elementary", "campus": "", "address": "15851 SW 112th St", "city": "Miami-Dade", "zip": "33196", "school_type": "E", "grades": "PK-5", "capacity": 937, "enrollment": 585, "role": "district"}}, {"type": "Feature", "id": 239, "geometry": {"type": "Point", "coordinates": [-80.2283038860222, 25.8617041597113]}, "properties": {"source": "mdcps_public", "loc_no": "7251", "name": "Miami Central Senior High", "campus": "", "address": "1781 NW 95th St", "city": "Miami-Dade", "zip": "33147", "school_type": "S", "grades": "9-12", "capacity": 2322, "enrollment": 1362, "role": "district"}}, {"type": "Feature", "id": 240, "geometry": {"type": "Point", "coordinates": [-80.1841253700682, 25.9188011276629]}, "properties": {"source": "mdcps_public", "loc_no": "4021", "name": "Oak Grove Elementary", "campus": "", "address": "15640 NE 8th Ave", "city": "Miami-Dade", "zip": "33162", "school_type": "E", "grades": "PK-5", "capacity": 652, "enrollment": 527, "role": "district"}}, {"type": "Feature", "id": 241, "geometry": {"type": "Point", "coordinates": [-80.3716452675385, 25.5488858079496]}, "properties": {"source": "mdcps_public", "loc_no": "0311", "name": "Goulds Elementary", "campus": "", "address": "23555 SW 112th Ave", "city": "Miami-Dade", "zip": "33032", "school_type": "E", "grades": "PK-5", "capacity": 824, "enrollment": 479, "role": "district"}}, {"type": "Feature", "id": 242, "geometry": {"type": "Point", "coordinates": [-80.2139628960606, 25.7723808713461]}, "properties": {"source": "mdcps_public", "loc_no": "7055", "name": "Young Women'S Preparatory Academy", "campus": "", "address": "1150 SW 1st St", "city": "Miami", "zip": "33130", "school_type": "S", "grades": "6-12", "capacity": 374, "enrollment": 287, "role": "district"}}, {"type": "Feature", "id": 243, "geometry": {"type": "Point", "coordinates": [-80.4862145088197, 25.4520166011929]}, "properties": {"source": "mdcps_public", "loc_no": "2001", "name": "Florida City Elementary", "campus": "", "address": "364 NW 6th Ave", "city": "Florida City", "zip": "33034", "school_type": "E", "grades": "PK-5", "capacity": 848, "enrollment": 644, "role": "district"}}, {"type": "Feature", "id": 244, "geometry": {"type": "Point", "coordinates": [-80.3299798559655, 25.7566247944616]}, "properties": {"source": "mdcps_public", "loc_no": "1721", "name": "Everglades K-8 Center", "campus": "Upper Academy", "address": "8300 SW 16th St", "city": "Miami-Dade", "zip": "33155", "school_type": "U", "grades": "0", "capacity": 502, "enrollment": 336, "role": "district"}}, {"type": "Feature", "id": 245, "geometry": {"type": "Point", "coordinates": [-80.3063068623035, 25.7485224783168]}, "properties": {"source": "mdcps_public", "loc_no": "1081", "name": "Coral Terrace Elementary", "campus": "", "address": "6801 SW 24th St", "city": "Miami-Dade", "zip": "33155", "school_type": "E", "grades": "PK-5", "capacity": 614, "enrollment": 455, "role": "district"}}, {"type": "Feature", "id": 246, "geometry": {"type": "Point", "coordinates": [-80.2270076547965, 25.754230206397]}, "properties": {"source": "mdcps_public", "loc_no": "6841", "name": "Shenandoah Middle", "campus": "", "address": "1950 SW 19th St", "city": "Miami", "zip": "33145", "school_type": "M", "grades": "6-8", "capacity": 1214, "enrollment": 1228, "role": "district"}}, {"type": "Feature", "id": 247, "geometry": {"type": "Point", "coordinates": [-80.2019362384603, 25.8556596360018]}, "properties": {"source": "mdcps_public", "loc_no": "8019", "name": "Dr. Marvin Dunn Academy For Community Education", "campus": "", "address": "8950 NW 2nd Ave", "city": "El Portal", "zip": "33150", "school_type": "ALT", "grades": "9-12", "capacity": 0, "enrollment": 83, "role": "district"}}, {"type": "Feature", "id": 248, "geometry": {"type": "Point", "coordinates": [-80.4497521815932, 25.5371158883082]}, "properties": {"source": "mdcps_public", "loc_no": "9292", "name": "Transportation Redland Vehicle Maintenance", "campus": "Redland", "address": "24600 SW 159th Ave", "city": "Miami-Dade", "zip": "33031", "school_type": "A", "grades": "0", "capacity": 0, "enrollment": 0, "role": "district"}}, {"type": "Feature", "id": 249, "geometry": {"type": "Point", "coordinates": [-80.3308297188181, 25.8738053049905]}, "properties": {"source": "mdcps_public", "loc_no": "5021", "name": "Ben Sheppard Elementary Plc-V", "campus": "", "address": "5601 W 24th Ave", "city": "Hialeah", "zip": "33016", "school_type": "PLC", "grades": "0", "capacity": 0, "enrollment": 0, "role": "district"}}, {"type": "Feature", "id": 250, "geometry": {"type": "Point", "coordinates": [-80.2344464401708, 25.9355474564729]}, "properties": {"source": "mdcps_public", "loc_no": "4301", "name": "Parkview Elementary", "campus": "", "address": "17631 NW 20th Ave", "city": "Miami Gardens", "zip": "33056", "school_type": "E", "grades": "PK-5", "capacity": 436, "enrollment": 26, "role": "district"}}, {"type": "Feature", "id": 251, "geometry": {"type": "Point", "coordinates": [-80.3845641255907, 25.8083374636534]}, "properties": {"source": "mdcps_public", "loc_no": "7261", "name": "School For Advanced Studies West", "campus": "West Campus", "address": "3800 NW 115th Ave", "city": "Doral", "zip": "33178", "school_type": "S", "grades": "11-12", "capacity": 0, "enrollment": 115, "role": "district"}}, {"type": "Feature", "id": 252, "geometry": {"type": "Point", "coordinates": [-80.2684831517386, 25.8776165506131]}, "properties": {"source": "mdcps_public", "loc_no": "6231", "name": "Hialeah Middle", "campus": "", "address": "6027 E 7th Ave", "city": "Hialeah", "zip": "33013", "school_type": "M", "grades": "6-8", "capacity": 955, "enrollment": 1006, "role": "district"}}, {"type": "Feature", "id": 253, "geometry": {"type": "Point", "coordinates": [-80.2261422313264, 25.810286172312]}, "properties": {"source": "mdcps_public", "loc_no": "7342", "name": "Miami Jackson Adult Education", "campus": "", "address": "1751 NW 36th St", "city": "Miami", "zip": "33142", "school_type": "O", "grades": "0", "capacity": 0, "enrollment": 0, "role": "district"}}, {"type": "Feature", "id": 254, "geometry": {"type": "Point", "coordinates": [-80.2813359656511, 25.7720454313819]}, "properties": {"source": "mdcps_public", "loc_no": "1881", "name": "Henry M. Flagler Elementary", "campus": "", "address": "5222 NW 1st St", "city": "Miami", "zip": "33126", "school_type": "E", "grades": "PK-5", "capacity": 938, "enrollment": 790, "role": "district"}}, {"type": "Feature", "id": 255, "geometry": {"type": "Point", "coordinates": [-80.2522317577814, 25.9344395577348]}, "properties": {"source": "mdcps_public", "loc_no": "3581", "name": "Myrtle Grove K-8 Center", "campus": "", "address": "3125 NW 176th St", "city": "Miami Gardens", "zip": "33056", "school_type": "E", "grades": "PK-8", "capacity": 735, "enrollment": 158, "role": "district"}}, {"type": "Feature", "id": 256, "geometry": {"type": "Point", "coordinates": [-80.4428199508176, 25.6778144659478]}, "properties": {"source": "mdcps_public", "loc_no": "7781", "name": "Felix Varela Senior High", "campus": "", "address": "15255 SW 96th St", "city": "Miami-Dade", "zip": "33196", "school_type": "S", "grades": "9-12", "capacity": 2818, "enrollment": 1909, "role": "district"}}, {"type": "Feature", "id": 257, "geometry": {"type": "Point", "coordinates": [-80.234873448053, 25.8360127046597]}, "properties": {"source": "mdcps_public", "loc_no": "4501", "name": "Poinciana Park Elementary", "campus": "", "address": "6745 NW 23rd Ave", "city": "Miami-Dade", "zip": "33147", "school_type": "E", "grades": "PK-5", "capacity": 756, "enrollment": 195, "role": "district"}}, {"type": "Feature", "id": 258, "geometry": {"type": "Point", "coordinates": [-80.3914987297153, 25.6690471710436]}, "properties": {"source": "mdcps_public", "loc_no": "1331", "name": "Devon Aire K-8 Center", "campus": "", "address": "10501 SW 122nd Ave", "city": "Miami-Dade", "zip": "33186", "school_type": "E", "grades": "PK-8", "capacity": 1391, "enrollment": 815, "role": "district"}}, {"type": "Feature", "id": 259, "geometry": {"type": "Point", "coordinates": [-80.3646959642809, 25.8205173806585]}, "properties": {"source": "mdcps_public", "loc_no": "5101", "name": "John I. Smith Elementary Plc-A1", "campus": "", "address": "10415 NW 52nd St", "city": "Doral", "zip": "33178", "school_type": "PLC", "grades": "0", "capacity": 403, "enrollment": 0, "role": "district"}}, {"type": "Feature", "id": 260, "geometry": {"type": "Point", "coordinates": [-80.4373650237812, 25.5038577567906]}, "properties": {"source": "mdcps_public", "loc_no": "8981", "name": "South Dade Skill Center", "campus": "Skills Center Campus", "address": "28300 SW 152nd Ave", "city": "Miami-Dade", "zip": "33033", "school_type": "O", "grades": "0", "capacity": 0, "enrollment": 0, "role": "district"}}, {"type": "Feature", "id": 261, "geometry": {"type": "Point", "coordinates": [-80.1753192113891, 25.929697155283]}, "properties": {"source": "mdcps_public", "loc_no": "7541", "name": "North Miami Beach Senior High", "campus": "", "address": "1247 NE 167th St", "city": "Miami-Dade", "zip": "33162", "school_type": "S", "grades": "9-12", "capacity": 2500, "enrollment": 1065, "role": "district"}}, {"type": "Feature", "id": 262, "geometry": {"type": "Point", "coordinates": [-80.2933283363535, 25.709819586295]}, "properties": {"source": "mdcps_public", "loc_no": "9018", "name": "Florida Diagnostic And Learning Resources System/South", "campus": "Former Jre Lee Center", "address": "6521 SW 62nd Ave", "city": "South Miami", "zip": "33143", "school_type": "SPC", "grades": "0", "capacity": 0, "enrollment": 0, "role": "district"}}, {"type": "Feature", "id": 263, "geometry": {"type": "Point", "coordinates": [-80.239725834604, 25.9344527491249]}, "properties": {"source": "mdcps_public", "loc_no": "8016", "name": "Tap - Teenage Parent Program", "campus": "", "address": "2349 NW 175th St", "city": "Miami Gardens", "zip": "33056", "school_type": "E", "grades": "PK", "capacity": 0, "enrollment": 0, "role": "district"}}, {"type": "Feature", "id": 264, "geometry": {"type": "Point", "coordinates": [-80.1832976973997, 25.8969487226882]}, "properties": {"source": "mdcps_public", "loc_no": "7591", "name": "North Miami Senior High", "campus": "", "address": "13110 NE 8th Ave", "city": "North Miami", "zip": "33161", "school_type": "S", "grades": "9-12", "capacity": 2766, "enrollment": 1680, "role": "district"}}, {"type": "Feature", "id": 265, "geometry": {"type": "Point", "coordinates": [-80.4489538694614, 25.7202418724654]}, "properties": {"source": "mdcps_public", "loc_no": "6921", "name": "Lamar Louise Curry Middle", "campus": "", "address": "15750 SW 47th St", "city": "Miami-Dade", "zip": "33185", "school_type": "M", "grades": "6-8", "capacity": 1060, "enrollment": 709, "role": "district"}}, {"type": "Feature", "id": 266, "geometry": {"type": "Point", "coordinates": [-80.3507869561731, 25.6700983775865]}, "properties": {"source": "mdcps_public", "loc_no": "7361", "name": "Miami Killian Senior High", "campus": "", "address": "10655 SW 97th Ave", "city": "Miami-Dade", "zip": "33176", "school_type": "S", "grades": "9-12", "capacity": 3139, "enrollment": 652, "role": "district"}}, {"type": "Feature", "id": 267, "geometry": {"type": "Point", "coordinates": [-80.3157069897434, 25.6608027448607]}, "properties": {"source": "mdcps_public", "loc_no": "7431", "name": "Miami Palmetto Senior High", "campus": "", "address": "7431 SW 120th St", "city": "Miami", "zip": "33156", "school_type": "S", "grades": "9-12", "capacity": 2713, "enrollment": 2618, "role": "district"}}, {"type": "Feature", "id": 268, "geometry": {"type": "Point", "coordinates": [-80.2281339930424, 25.839409300881]}, "properties": {"source": "mdcps_public", "loc_no": "2981", "name": "Liberty City Elementary", "campus": "", "address": "1855 NW 71st St", "city": "Miami-Dade", "zip": "33147", "school_type": "E", "grades": "PK-5", "capacity": 830, "enrollment": 323, "role": "district"}}, {"type": "Feature", "id": 269, "geometry": {"type": "Point", "coordinates": [-80.3157069897434, 25.6608027448607]}, "properties": {"source": "mdcps_public", "loc_no": "7432", "name": "Miami Palmetto Adult Education", "campus": "", "address": "7431 SW 120th St", "city": "Miami", "zip": "33156", "school_type": "O", "grades": "0", "capacity": 0, "enrollment": 0, "role": "district"}}, {"type": "Feature", "id": 270, "geometry": {"type": "Point", "coordinates": [-80.4417218969267, 25.7043218163768]}, "properties": {"source": "mdcps_public", "loc_no": "0451", "name": "Doolin/Bowman Foster Ashe Elementary", "campus": "Main Campus", "address": "6601 SW 152nd Ave", "city": "Miami-Dade", "zip": "33193", "school_type": "E", "grades": "PK-8", "capacity": 1366, "enrollment": 849, "role": "district"}}, {"type": "Feature", "id": 271, "geometry": {"type": "Point", "coordinates": [-80.1691242827644, 25.9388213066329]}, "properties": {"source": "mdcps_public", "loc_no": "2281", "name": "Greynolds Park Elementary Plc-C", "campus": "", "address": "1575 NE 177th St", "city": "North Miami Beach", "zip": "33162", "school_type": "PLC", "grades": "0", "capacity": 0, "enrollment": 0, "role": "district"}}, {"type": "Feature", "id": 272, "geometry": {"type": "Point", "coordinates": [-80.2140201214391, 25.8491879152057]}, "properties": {"source": "mdcps_public", "loc_no": "0101", "name": "Arcola Lake Elementary", "campus": "", "address": "1037 NW 81st St", "city": "Miami-Dade", "zip": "33150", "school_type": "E", "grades": "PK-5", "capacity": 760, "enrollment": 585, "role": "district"}}, {"type": "Feature", "id": 273, "geometry": {"type": "Point", "coordinates": [-80.4744360081218, 25.4742148497226]}, "properties": {"source": "mdcps_public", "loc_no": "7551", "name": "School For Advanced Studies Homestead", "campus": "Homestead", "address": "500 College Ter", "city": "Homestead", "zip": "33030", "school_type": "S", "grades": "11-12", "capacity": 0, "enrollment": 127, "role": "district"}}, {"type": "Feature", "id": 274, "geometry": {"type": "Point", "coordinates": [-80.2037501651911, 25.7864813026628]}, "properties": {"source": "mdcps_public", "loc_no": "9797", "name": "Chapman House", "campus": "", "address": "526 NW 13th St", "city": "Miami", "zip": "33136", "school_type": "O", "grades": "0", "capacity": 0, "enrollment": 0, "role": "district"}}, {"type": "Feature", "id": 275, "geometry": {"type": "Point", "coordinates": [-80.2471240026529, 25.8722772734448]}, "properties": {"source": "mdcps_public", "loc_no": "8211", "name": "Nathaniel Traz Powell Football Stadium", "campus": "", "address": "11380 NW 27th Ave", "city": "Miami-Dade", "zip": "33167", "school_type": "O", "grades": "0", "capacity": 0, "enrollment": 0, "role": "district"}}, {"type": "Feature", "id": 276, "geometry": {"type": "Point", "coordinates": [-80.1982069265758, 25.7772752087001]}, "properties": {"source": "mdcps_public", "loc_no": "7033", "name": "Law Enforcement Officers Memorial Senior High", "campus": "", "address": "300 NW 2nd Ave", "city": "Miami", "zip": "33128", "school_type": "S", "grades": "9-12", "capacity": 320, "enrollment": 272, "role": "district"}}, {"type": "Feature", "id": 277, "geometry": {"type": "Point", "coordinates": [-80.318858863665, 25.6439858493146]}, "properties": {"source": "mdcps_public", "loc_no": "2541", "name": "Howard Drive Elementary", "campus": "", "address": "7750 SW 136th St", "city": "Palmetto Bay", "zip": "33156", "school_type": "E", "grades": "PK-5", "capacity": 771, "enrollment": 344, "role": "district"}}, {"type": "Feature", "id": 278, "geometry": {"type": "Point", "coordinates": [-80.2637101367328, 25.7333511760936]}, "properties": {"source": "mdcps_public", "loc_no": "7072", "name": "Coral Gables Adult Education", "campus": "", "address": "450 Bird Rd", "city": "Coral Gables", "zip": "33146", "school_type": "O", "grades": "0", "capacity": 0, "enrollment": 0, "role": "district"}}, {"type": "Feature", "id": 279, "geometry": {"type": "Point", "coordinates": [-80.4953434941642, 25.4639711791179]}, "properties": {"source": "mdcps_public", "loc_no": "5791", "name": "West Homestead K-8 Center", "campus": "", "address": "1550 SW 6th St", "city": "Homestead", "zip": "33030", "school_type": "E", "grades": "PK-8", "capacity": 981, "enrollment": 873, "role": "district"}}, {"type": "Feature", "id": 280, "geometry": {"type": "Point", "coordinates": [-80.2008200817198, 25.7853264705278]}, "properties": {"source": "mdcps_public", "loc_no": "1361", "name": "Frederick Douglass Elementary", "campus": "", "address": "314 NW 12th St", "city": "Miami", "zip": "33136", "school_type": "E", "grades": "PK-5", "capacity": 275, "enrollment": 171, "role": "district"}}, {"type": "Feature", "id": 281, "geometry": {"type": "Point", "coordinates": [-80.2755312499145, 25.8655453309783]}, "properties": {"source": "mdcps_public", "loc_no": "7112", "name": "Hialeah Adult Education Center", "campus": "", "address": "251 E 47th St", "city": "Hialeah", "zip": "33013", "school_type": "O", "grades": "0", "capacity": 0, "enrollment": 0, "role": "district"}}, {"type": "Feature", "id": 282, "geometry": {"type": "Point", "coordinates": [-80.2389212234855, 25.9650125031752]}, "properties": {"source": "mdcps_public", "loc_no": "8151", "name": "Robert Renick Education Center", "campus": "", "address": "2201 NW 207th St", "city": "Miami Gardens", "zip": "33056", "school_type": "SPC", "grades": "PK-12", "capacity": 359, "enrollment": 54, "role": "district"}}, {"type": "Feature", "id": 283, "geometry": {"type": "Point", "coordinates": [-80.2573779149899, 25.9409174584568]}, "properties": {"source": "mdcps_public", "loc_no": "7231", "name": "Miami Carol City Senior High", "campus": "", "address": "3301 Miami Gardens Dr", "city": "Miami Gardens", "zip": "33056", "school_type": "S", "grades": "9-12", "capacity": 2701, "enrollment": 791, "role": "district"}}, {"type": "Feature", "id": 285, "geometry": {"type": "Point", "coordinates": [-80.4479713667638, 25.63325279251]}, "properties": {"source": "mdcps_public", "loc_no": "6771", "name": "Jorge Mas Canosa Middle", "campus": "", "address": "15735 SW 144th St", "city": "Miami-Dade", "zip": "33196", "school_type": "M", "grades": "6-8", "capacity": 1974, "enrollment": 1015, "role": "district"}}, {"type": "Feature", "id": 286, "geometry": {"type": "Point", "coordinates": [-80.2933399659432, 25.8484832374228]}, "properties": {"source": "mdcps_public", "loc_no": "6171", "name": "Henry H. Filer Middle", "campus": "", "address": "531 W 29th St", "city": "Hialeah", "zip": "33012", "school_type": "M", "grades": "6-8", "capacity": 1150, "enrollment": 727, "role": "district"}}, {"type": "Feature", "id": 287, "geometry": {"type": "Point", "coordinates": [-80.2844389110341, 25.7071230856724]}, "properties": {"source": "mdcps_public", "loc_no": "7571", "name": "International Studies Preparatory Academy", "campus": "", "address": "1570 Madruga Ave", "city": "Coral Gables", "zip": "33146", "school_type": "S", "grades": "9-12", "capacity": 422, "enrollment": 374, "role": "district"}}, {"type": "Feature", "id": 288, "geometry": {"type": "Point", "coordinates": [-80.2202158639374, 25.8794307301708]}, "properties": {"source": "mdcps_public", "loc_no": "2821", "name": "Lakeview Elementary", "campus": "", "address": "1290 NW 115th St", "city": "Miami-Dade", "zip": "33167", "school_type": "E", "grades": "PK-5", "capacity": 500, "enrollment": 343, "role": "district"}}, {"type": "Feature", "id": 289, "geometry": {"type": "Point", "coordinates": [-80.3729041243569, 25.6983237067238]}, "properties": {"source": "mdcps_public", "loc_no": "8181", "name": "Ruth Owens Kruse Educational Center", "campus": "", "address": "11001 SW 76th St", "city": "Miami-Dade", "zip": "33173", "school_type": "SPC", "grades": "PK-12", "capacity": 0, "enrollment": 112, "role": "district"}}, {"type": "Feature", "id": 290, "geometry": {"type": "Point", "coordinates": [-80.1306678995247, 25.8144707379169]}, "properties": {"source": "mdcps_public", "loc_no": "3741", "name": "North Beach Elementary", "campus": "", "address": "4100 Prairie Ave", "city": "Miami Beach", "zip": "33140", "school_type": "E", "grades": "PK-5", "capacity": 891, "enrollment": 896, "role": "district"}}, {"type": "Feature", "id": 291, "geometry": {"type": "Point", "coordinates": [-80.3052113901707, 25.8738279267318]}, "properties": {"source": "mdcps_public", "loc_no": "6681", "name": "Palm Springs Middle", "campus": "", "address": "1025 W 56th St", "city": "Hialeah", "zip": "33012", "school_type": "M", "grades": "6-8", "capacity": 1354, "enrollment": 694, "role": "district"}}, {"type": "Feature", "id": 292, "geometry": {"type": "Point", "coordinates": [-80.2359480136941, 25.8686700883315]}, "properties": {"source": "mdcps_public", "loc_no": "4491", "name": "Henry E. S. Reeves K-8 Center Lower Academy", "campus": "Former Miami Park Elementary", "address": "2225 NW 103rd St", "city": "Miami-Dade", "zip": "33147", "school_type": "E", "grades": "PK-8", "capacity": 597, "enrollment": 0, "role": "district"}}, {"type": "Feature", "id": 293, "geometry": {"type": "Point", "coordinates": [-80.3729041243569, 25.6983237067238]}, "properties": {"source": "mdcps_public", "loc_no": "9732", "name": "Brucie Ball Educational Center", "campus": "", "address": "11001 SW 76th St", "city": "Miami-Dade", "zip": "33173", "school_type": "SPC", "grades": "PK-12", "capacity": 0, "enrollment": 469, "role": "district"}}, {"type": "Feature", "id": 294, "geometry": {"type": "Point", "coordinates": [-80.3031225214709, 25.9442260047223]}, "properties": {"source": "mdcps_public", "loc_no": "2181", "name": "Joella C. Good Elementary", "campus": "", "address": "6350 NW 188th Ter", "city": "Miami-Dade", "zip": "33015", "school_type": "E", "grades": "PK-5", "capacity": 963, "enrollment": 931, "role": "district"}}, {"type": "Feature", "id": 295, "geometry": {"type": "Point", "coordinates": [-80.2291973791499, 25.8680917694168]}, "properties": {"source": "mdcps_public", "loc_no": "7602", "name": "William H. Turner Technical Adult Education", "campus": "", "address": "10151 NW 19th Ave", "city": "Miami-Dade", "zip": "33147", "school_type": "O", "grades": "0", "capacity": 0, "enrollment": 0, "role": "district"}}, {"type": "Feature", "id": 296, "geometry": {"type": "Point", "coordinates": [-80.194447597486, 25.7618877548362]}, "properties": {"source": "mdcps_public", "loc_no": "5321", "name": "Southside Preparatory Academy", "campus": "", "address": "45 SW 13th St", "city": "Miami", "zip": "33130", "school_type": "E", "grades": "PK-8", "capacity": 887, "enrollment": 883, "role": "district"}}, {"type": "Feature", "id": 297, "geometry": {"type": "Point", "coordinates": [-80.1455249725154, 25.9138545913243]}, "properties": {"source": "mdcps_public", "loc_no": "5005", "name": "David Lawrence Jr. K-8 Center", "campus": "", "address": "15000 Bay Vista Blvd", "city": "North Miami", "zip": "33181", "school_type": "E", "grades": "PK-8", "capacity": 1367, "enrollment": 1259, "role": "district"}}, {"type": "Feature", "id": 298, "geometry": {"type": "Point", "coordinates": [-80.4458824603347, 25.4814841276451]}, "properties": {"source": "mdcps_public", "loc_no": "0651", "name": "Campbell Drive K-8 Center", "campus": "", "address": "15790 SW 307th St", "city": "Miami-Dade", "zip": "33033", "school_type": "E", "grades": "PK-8", "capacity": 1188, "enrollment": 855, "role": "district"}}, {"type": "Feature", "id": 299, "geometry": {"type": "Point", "coordinates": [-80.2431364574635, 25.7288920509693]}, "properties": {"source": "mdcps_public", "loc_no": "0841", "name": "Coconut Grove Elementary", "campus": "", "address": "3351 Matilda St", "city": "Miami", "zip": "33133", "school_type": "E", "grades": "PK-5", "capacity": 458, "enrollment": 546, "role": "district"}}, {"type": "Feature", "id": 300, "geometry": {"type": "Point", "coordinates": [-80.4011654735382, 25.6665411157604]}, "properties": {"source": "mdcps_public", "loc_no": "6021", "name": "Arvida Middle", "campus": "", "address": "10900 SW 127th Ave", "city": "Miami-Dade", "zip": "33186", "school_type": "M", "grades": "6-8", "capacity": 1138, "enrollment": 988, "role": "district"}}, {"type": "Feature", "id": 301, "geometry": {"type": "Point", "coordinates": [-80.4497530296028, 25.6767296987124]}, "properties": {"source": "mdcps_public", "loc_no": "2521", "name": "Oliver Hoover Elementary Plc-U", "campus": "", "address": "15700 SW 96th St", "city": "Miami-Dade", "zip": "33196", "school_type": "PLC", "grades": "0", "capacity": 0, "enrollment": 0, "role": "district"}}, {"type": "Feature", "id": 302, "geometry": {"type": "Point", "coordinates": [-80.363073080465, 25.7253426942094]}, "properties": {"source": "mdcps_public", "loc_no": "5521", "name": "Tropical Elementary", "campus": "", "address": "4545 SW 104th Ave", "city": "Miami-Dade", "zip": "33165", "school_type": "E", "grades": "PK-5", "capacity": 802, "enrollment": 390, "role": "district"}}, {"type": "Feature", "id": 303, "geometry": {"type": "Point", "coordinates": [-80.3489447998846, 25.5872095182358]}, "properties": {"source": "mdcps_public", "loc_no": "6111", "name": "Cutler Bay Middle", "campus": "", "address": "19400 Gulfstream Rd", "city": "Cutler Bay", "zip": "33157", "school_type": "M", "grades": "6-8", "capacity": 965, "enrollment": 926, "role": "district"}}, {"type": "Feature", "id": 304, "geometry": {"type": "Point", "coordinates": [-80.4058918129802, 25.7124316768853]}, "properties": {"source": "mdcps_public", "loc_no": "6441", "name": "Howard D. Mcmillan Middle", "campus": "", "address": "13100 SW 59th St", "city": "Miami-Dade", "zip": "33183", "school_type": "M", "grades": "6-8", "capacity": 1227, "enrollment": 955, "role": "district"}}, {"type": "Feature", "id": 305, "geometry": {"type": "Point", "coordinates": [-80.2527306102249, 25.9483980374767]}, "properties": {"source": "mdcps_public", "loc_no": "0461", "name": "Brentwood Elementary Plc-D1", "campus": "", "address": "3101 NW 191st St", "city": "Miami Gardens", "zip": "33056", "school_type": "PLC", "grades": "0", "capacity": 0, "enrollment": 0, "role": "district"}}, {"type": "Feature", "id": 306, "geometry": {"type": "Point", "coordinates": [-80.2851619344636, 25.9401710053106]}, "properties": {"source": "mdcps_public", "loc_no": "2801", "name": "Lake Stevens Elementary", "campus": "", "address": "5101 NW 183rd St", "city": "Miami-Dade", "zip": "33055", "school_type": "E", "grades": "PK-5", "capacity": 476, "enrollment": 246, "role": "district"}}, {"type": "Feature", "id": 307, "geometry": {"type": "Point", "coordinates": [-80.2946440511395, 25.8831537439494]}, "properties": {"source": "mdcps_public", "loc_no": "5601", "name": "Twin Lakes Elementary", "campus": "", "address": "6735 W 5TH Pl", "city": "Hialeah", "zip": "33012", "school_type": "E", "grades": "PK-5", "capacity": 668, "enrollment": 328, "role": "district"}}, {"type": "Feature", "id": 308, "geometry": {"type": "Point", "coordinates": [-80.2560358741763, 25.7569438742377]}, "properties": {"source": "mdcps_public", "loc_no": "0961", "name": "Coral Gables Preparatory Academy Mlc", "campus": "Merredick Site", "address": "39 Zamora Ave", "city": "Coral Gables", "zip": "33134", "school_type": "E", "grades": "PK-8", "capacity": 378, "enrollment": 808, "role": "district"}}, {"type": "Feature", "id": 309, "geometry": {"type": "Point", "coordinates": [-80.3826460401011, 25.8277070035063]}, "properties": {"source": "mdcps_public", "loc_no": "0071", "name": "Eugenia B. Thomas K-8 Center", "campus": "", "address": "5950 NW 114th Ave", "city": "Doral", "zip": "33178", "school_type": "E", "grades": "PK-8", "capacity": 1421, "enrollment": 864, "role": "district"}}, {"type": "Feature", "id": 310, "geometry": {"type": "Point", "coordinates": [-80.3373069223596, 25.8632300120978]}, "properties": {"source": "mdcps_public", "loc_no": "9236", "name": "Transportation Center Northwest", "campus": "Northwest", "address": "9900 NW South River Drive", "city": "Medley", "zip": "33166", "school_type": "A", "grades": "0", "capacity": 0, "enrollment": 0, "role": "district"}}, {"type": "Feature", "id": 311, "geometry": {"type": "Point", "coordinates": [-80.3235869027196, 25.6858486922292]}, "properties": {"source": "mdcps_public", "loc_no": "9575", "name": "South Region Office Annex", "campus": "", "address": "9040 SW 79th Ave", "city": "Miami-Dade", "zip": "33156", "school_type": "A", "grades": "0", "capacity": 0, "enrollment": 0, "role": "district"}}, {"type": "Feature", "id": 312, "geometry": {"type": "Point", "coordinates": [-80.3741425876216, 25.6751620684153]}, "properties": {"source": "mdcps_public", "loc_no": "7091", "name": "School For Advanced Studies South", "campus": "South Mdc-Kendall", "address": "11011 SW 104th St", "city": "Miami-Dade", "zip": "33176", "school_type": "S", "grades": "11-12", "capacity": 0, "enrollment": 289, "role": "district"}}, {"type": "Feature", "id": 313, "geometry": {"type": "Point", "coordinates": [-80.166771842072, 25.6908134242885]}, "properties": {"source": "mdcps_public", "loc_no": "2741", "name": "Key Biscayne K-8 Center", "campus": "", "address": "150 W McIntyre St", "city": "Key Biscayne", "zip": "33149", "school_type": "E", "grades": "PK-8", "capacity": 1150, "enrollment": 879, "role": "district"}}, {"type": "Feature", "id": 314, "geometry": {"type": "Point", "coordinates": [-80.3310342059195, 25.5648046796685]}, "properties": {"source": "mdcps_public", "loc_no": "5981", "name": "Dr. Edward L. Whigham Elementary", "campus": "Main Campus", "address": "21545 SW 87th Ave", "city": "Cutler Bay", "zip": "33189", "school_type": "E", "grades": "PK-5", "capacity": 898, "enrollment": 732, "role": "district"}}, {"type": "Feature", "id": 315, "geometry": {"type": "Point", "coordinates": [-80.4805781301808, 25.482374764288]}, "properties": {"source": "mdcps_public", "loc_no": "7171", "name": "Medical Academy For Science And Technology", "campus": "", "address": "1220 NW 1st Ave", "city": "Homestead", "zip": "33030", "school_type": "S", "grades": "9-12", "capacity": 1108, "enrollment": 507, "role": "district"}}, {"type": "Feature", "id": 316, "geometry": {"type": "Point", "coordinates": [-80.2136582971106, 25.7713998926817]}, "properties": {"source": "mdcps_public", "loc_no": "4681", "name": "Riverside Elementary", "campus": "", "address": "1190 SW 2nd St", "city": "Miami", "zip": "33130", "school_type": "E", "grades": "PK-5", "capacity": 856, "enrollment": 844, "role": "district"}}, {"type": "Feature", "id": 317, "geometry": {"type": "Point", "coordinates": [-80.4664226414271, 25.6784519740365]}, "properties": {"source": "mdcps_public", "loc_no": "3031", "name": "Kendall Square K-8 Center", "campus": "", "address": "9325 SW 169th Pl", "city": "Miami-Dade", "zip": "33196", "school_type": "E", "grades": "K-6", "capacity": 675, "enrollment": 639, "role": "district"}}, {"type": "Feature", "id": 318, "geometry": {"type": "Point", "coordinates": [-80.3086153250729, 25.7688031240866]}, "properties": {"source": "mdcps_public", "loc_no": "9181", "name": "Stores And Distribution Complex", "campus": "", "address": "7001 SW 4th St", "city": "Miami", "zip": "33144", "school_type": "A", "grades": "0", "capacity": 0, "enrollment": 0, "role": "district"}}, {"type": "Feature", "id": 319, "geometry": {"type": "Point", "coordinates": [-80.3057944282312, 25.9183736566677]}, "properties": {"source": "mdcps_public", "loc_no": "6501", "name": "Miami Lakes Middle", "campus": "", "address": "6425 Miami Lakeway N", "city": "Miami Lakes", "zip": "33014", "school_type": "M", "grades": "6-8", "capacity": 990, "enrollment": 967, "role": "district"}}, {"type": "Feature", "id": 320, "geometry": {"type": "Point", "coordinates": [-80.3061486168797, 25.8760574135513]}, "properties": {"source": "mdcps_public", "loc_no": "1481", "name": "John G. Dupuis Elementary", "campus": "", "address": "1150 W 59th Pl", "city": "Hialeah", "zip": "33012", "school_type": "E", "grades": "PK-5", "capacity": 623, "enrollment": 525, "role": "district"}}, {"type": "Feature", "id": 321, "geometry": {"type": "Point", "coordinates": [-80.2355150293204, 25.7434580646767]}, "properties": {"source": "mdcps_public", "loc_no": "5041", "name": "Silver Bluff Elementary", "campus": "", "address": "2609 SW 25th Ave", "city": "Miami", "zip": "33133", "school_type": "E", "grades": "PK-5", "capacity": 629, "enrollment": 359, "role": "district"}}, {"type": "Feature", "id": 322, "geometry": {"type": "Point", "coordinates": [-80.3539216066958, 25.7700012192491]}, "properties": {"source": "mdcps_public", "loc_no": "5381", "name": "E.W.F. Stirrup Elementary", "campus": "", "address": "330 NW 97th Ave", "city": "Miami-Dade", "zip": "33172", "school_type": "E", "grades": "PK-5", "capacity": 916, "enrollment": 612, "role": "district"}}, {"type": "Feature", "id": 323, "geometry": {"type": "Point", "coordinates": [-80.4427528781069, 25.6742421899347]}, "properties": {"source": "mdcps_public", "loc_no": "6221", "name": "Hammocks Middle", "campus": "", "address": "9889 Hammocks Blvd", "city": "Miami-Dade", "zip": "33196", "school_type": "M", "grades": "6-8", "capacity": 1504, "enrollment": 483, "role": "district"}}, {"type": "Feature", "id": 324, "geometry": {"type": "Point", "coordinates": [-80.5063865091047, 25.4960228332893]}, "properties": {"source": "mdcps_public", "loc_no": "5003", "name": "South Dade Middle", "campus": "", "address": "29100 SW 194th Ave", "city": "Miami-Dade", "zip": "33030", "school_type": "M", "grades": "4-8", "capacity": 1478, "enrollment": 1303, "role": "district"}}, {"type": "Feature", "id": 325, "geometry": {"type": "Point", "coordinates": [-80.3052934449837, 25.7207481706812]}, "properties": {"source": "mdcps_public", "loc_no": "7721", "name": "South Miami Senior High", "campus": "", "address": "6856 SW 53rd St", "city": "Miami-Dade", "zip": "33155", "school_type": "S", "grades": "9-12", "capacity": 2476, "enrollment": 1595, "role": "district"}}, {"type": "Feature", "id": 326, "geometry": {"type": "Point", "coordinates": [-80.2399532601862, 25.9039659433105]}, "properties": {"source": "mdcps_public", "loc_no": "5971", "name": "Nathan B. Young Elementary", "campus": "", "address": "14120 NW 24th Ave", "city": "Opa-Locka", "zip": "33054", "school_type": "E", "grades": "PK-5", "capacity": 482, "enrollment": 315, "role": "district"}}, {"type": "Feature", "id": 327, "geometry": {"type": "Point", "coordinates": [-80.3669377010893, 25.6212517004178]}, "properties": {"source": "mdcps_public", "loc_no": "0861", "name": "Johnnie M. Parris Colonial Drive Elementary", "campus": "", "address": "10755 SW 160th St", "city": "Miami-Dade", "zip": "33157", "school_type": "E", "grades": "PK-5", "capacity": 460, "enrollment": 286, "role": "district"}}, {"type": "Feature", "id": 328, "geometry": {"type": "Point", "coordinates": [-80.3763581421327, 25.7169168736356]}, "properties": {"source": "mdcps_public", "loc_no": "1281", "name": "Cypress K-8 Center", "campus": "", "address": "5400 SW 112th Ct", "city": "Miami-Dade", "zip": "33165", "school_type": "E", "grades": "PK-8", "capacity": 495, "enrollment": 374, "role": "district"}}, {"type": "Feature", "id": 329, "geometry": {"type": "Point", "coordinates": [-80.2446031664723, 25.8883957637128]}, "properties": {"source": "mdcps_public", "loc_no": "9251", "name": "Maintenance Service Center 1", "campus": "Main Center", "address": "12525 NW 28th Ave", "city": "Miami-Dade", "zip": "33167", "school_type": "A", "grades": "0", "capacity": 0, "enrollment": 0, "role": "district"}}, {"type": "Feature", "id": 330, "geometry": {"type": "Point", "coordinates": [-80.3339693855334, 25.9346336808185]}, "properties": {"source": "mdcps_public", "loc_no": "4281", "name": "Palm Springs North Elementary", "campus": "", "address": "17615 NW 82nd Ave", "city": "Miami-Dade", "zip": "33015", "school_type": "E", "grades": "PK-5", "capacity": 1603, "enrollment": 1408, "role": "district"}}, {"type": "Feature", "id": 331, "geometry": {"type": "Point", "coordinates": [-80.4258923913527, 25.7218274342673]}, "properties": {"source": "mdcps_public", "loc_no": "0251", "name": "Ethel Koger Beckham K-8 Center", "campus": "", "address": "4702 SW 143rd Ct", "city": "Miami-Dade", "zip": "33175", "school_type": "E", "grades": "PK-8", "capacity": 993, "enrollment": 821, "role": "district"}}, {"type": "Feature", "id": 332, "geometry": {"type": "Point", "coordinates": [-80.2970128187122, 25.84289260744]}, "properties": {"source": "mdcps_public", "loc_no": "0481", "name": "J.W. Johnson Elementary/James H. Bright Elementary", "campus": "", "address": "735 W 23rd St", "city": "Hialeah", "zip": "33010", "school_type": "E", "grades": "PK-5", "capacity": 144, "enrollment": 0, "role": "district"}}, {"type": "Feature", "id": 333, "geometry": {"type": "Point", "coordinates": [-80.3568268679191, 25.6297263845083]}, "properties": {"source": "mdcps_public", "loc_no": "7101", "name": "Coral Reef Senior High", "campus": "", "address": "10101 SW 152nd St", "city": "Miami-Dade", "zip": "33157", "school_type": "S", "grades": "9-12", "capacity": 2643, "enrollment": 3351, "role": "district"}}, {"type": "Feature", "id": 334, "geometry": {"type": "Point", "coordinates": [-80.1394742827826, 25.9102493520505]}, "properties": {"source": "mdcps_public", "loc_no": "7031", "name": "Mast @ Fiu Biscayne Bay Campus", "campus": "Biscayne Bay Campus", "address": "3000 NE 151st St", "city": "North Miami", "zip": "33181", "school_type": "S", "grades": "9-12", "capacity": 500, "enrollment": 484, "role": "district"}}, {"type": "Feature", "id": 335, "geometry": {"type": "Point", "coordinates": [-80.3358626865043, 25.6153780403675]}, "properties": {"source": "mdcps_public", "loc_no": "4381", "name": "Dr. Henry E. Perrine Academy Of The Arts", "campus": "", "address": "8851 SW 168th St", "city": "Palmetto Bay", "zip": "33157", "school_type": "E", "grades": "K-5", "capacity": 840, "enrollment": 517, "role": "district"}}, {"type": "Feature", "id": 336, "geometry": {"type": "Point", "coordinates": [-80.1832976973997, 25.8969487226882]}, "properties": {"source": "mdcps_public", "loc_no": "7592", "name": "North Miami Adult Education", "campus": "", "address": "13110 NE 8th Ave", "city": "North Miami", "zip": "33161", "school_type": "O", "grades": "0", "capacity": 0, "enrollment": 0, "role": "district"}}, {"type": "Feature", "id": 337, "geometry": {"type": "Point", "coordinates": [-80.1786243190336, 25.9298100391068]}, "properties": {"source": "mdcps_public", "loc_no": "6301", "name": "John F. Kennedy Middle", "campus": "", "address": "1075 NE 167th St", "city": "Miami-Dade", "zip": "33162", "school_type": "M", "grades": "6-8", "capacity": 1358, "enrollment": 1045, "role": "district"}}, {"type": "Feature", "id": 338, "geometry": {"type": "Point", "coordinates": [-80.3093040355535, 25.7672987364717]}, "properties": {"source": "mdcps_public", "loc_no": "9231", "name": "Transportation Center Central East", "campus": "Central East", "address": "7011 SW 4th St", "city": "Miami", "zip": "33144", "school_type": "A", "grades": "0", "capacity": 0, "enrollment": 0, "role": "district"}}, {"type": "Feature", "id": 339, "geometry": {"type": "Point", "coordinates": [-80.2506446556599, 25.7672039038324]}, "properties": {"source": "mdcps_public", "loc_no": "0121", "name": "Auburndale Elementary Plc-H1", "campus": "", "address": "3255 SW 6th St", "city": "Miami", "zip": "33135", "school_type": "PLC", "grades": "0", "capacity": 0, "enrollment": 0, "role": "district"}}, {"type": "Feature", "id": 340, "geometry": {"type": "Point", "coordinates": [-80.312602721142, 25.6523384845001]}, "properties": {"source": "mdcps_public", "loc_no": "6701", "name": "Palmetto Middle", "campus": "", "address": "7351 SW 128th St", "city": "Pinecrest", "zip": "33156", "school_type": "M", "grades": "6-8", "capacity": 1202, "enrollment": 720, "role": "district"}}, {"type": "Feature", "id": 341, "geometry": {"type": "Point", "coordinates": [-80.193208512587, 25.7763842956757]}, "properties": {"source": "mdcps_public", "loc_no": "7901", "name": "New World School Of The Arts", "campus": "", "address": "25 NE 2nd St", "city": "Miami", "zip": "33132", "school_type": "S", "grades": "9-12", "capacity": 420, "enrollment": 446, "role": "district"}}, {"type": "Feature", "id": 342, "geometry": {"type": "Point", "coordinates": [-80.4363220743465, 25.6816326199752]}, "properties": {"source": "mdcps_public", "loc_no": "2521", "name": "Oliver Hoover Elementary", "campus": "", "address": "9050 Hammocks Blvd", "city": "Miami-Dade", "zip": "33196", "school_type": "E", "grades": "PK-5", "capacity": 854, "enrollment": 621, "role": "district"}}, {"type": "Feature", "id": 343, "geometry": {"type": "Point", "coordinates": [-80.3798460784971, 25.6670810203832]}, "properties": {"source": "mdcps_public", "loc_no": "2891", "name": "William Lehman Elementary", "campus": "", "address": "10990 SW 113th Pl", "city": "Miami-Dade", "zip": "33176", "school_type": "E", "grades": "PK-5", "capacity": 935, "enrollment": 531, "role": "district"}}, {"type": "Feature", "id": 344, "geometry": {"type": "Point", "coordinates": [-80.2306179426008, 25.7785226148287]}, "properties": {"source": "mdcps_public", "loc_no": "0801", "name": "Citrus Grove K-8 Center", "campus": "", "address": "2121 NW 5th St", "city": "Miami", "zip": "33125", "school_type": "E", "grades": "PK-8", "capacity": 2383, "enrollment": 1593, "role": "district"}}, {"type": "Feature", "id": 345, "geometry": {"type": "Point", "coordinates": [-80.2048320556951, 25.7705577415777]}, "properties": {"source": "mdcps_public", "loc_no": "3191", "name": "Ada Merritt K-8 Center", "campus": "", "address": "660 SW 3rd St", "city": "Miami", "zip": "33130", "school_type": "E", "grades": "K-8", "capacity": 707, "enrollment": 770, "role": "district"}}, {"type": "Feature", "id": 346, "geometry": {"type": "Point", "coordinates": [-80.218824110356, 25.8176425454327]}, "properties": {"source": "mdcps_public", "loc_no": "6011", "name": "Georgia Jones-Ayers Middle", "campus": "", "address": "1331 NW 46th St", "city": "Miami", "zip": "33142", "school_type": "M", "grades": "6-8", "capacity": 1154, "enrollment": 476, "role": "district"}}, {"type": "Feature", "id": 347, "geometry": {"type": "Point", "coordinates": [-80.3314741270838, 25.7553961940823]}, "properties": {"source": "mdcps_public", "loc_no": "1721", "name": "Everglades K-8 Center", "campus": "Lower Academy", "address": "8375 SW 16th St", "city": "Miami-Dade", "zip": "33155", "school_type": "E", "grades": "PK-8", "capacity": 691, "enrollment": 567, "role": "district"}}, {"type": "Feature", "id": 348, "geometry": {"type": "Point", "coordinates": [-80.1746754894363, 25.9672012433565]}, "properties": {"source": "mdcps_public", "loc_no": "2581", "name": "Madie Ives K-8 Preparatory Academy", "campus": "", "address": "20770 NE 14th Ave", "city": "Miami-Dade", "zip": "33179", "school_type": "E", "grades": "PK-8", "capacity": 1050, "enrollment": 1059, "role": "district"}}, {"type": "Feature", "id": 349, "geometry": {"type": "Point", "coordinates": [-80.1321085070846, 25.8841424470621]}, "properties": {"source": "mdcps_public", "loc_no": "0241", "name": "Ruth K. Broad/Bay Harbor K-8 Center", "campus": "", "address": "1155 93rd St", "city": "Bay Harbor Islands", "zip": "33154", "school_type": "E", "grades": "PK-8", "capacity": 1327, "enrollment": 1260, "role": "district"}}, {"type": "Feature", "id": 350, "geometry": {"type": "Point", "coordinates": [-80.2388404514667, 25.8503781312687]}, "properties": {"source": "mdcps_public", "loc_no": "5861", "name": "Dr. Henry W. Mack/West Little K-8 Center", "campus": "", "address": "2450 NW 84th St", "city": "Miami-Dade", "zip": "33147", "school_type": "E", "grades": "PK-8", "capacity": 588, "enrollment": 389, "role": "district"}}, {"type": "Feature", "id": 351, "geometry": {"type": "Point", "coordinates": [-80.3578821000187, 25.7089333895429]}, "properties": {"source": "mdcps_public", "loc_no": "5121", "name": "Snapper Creek Elementary", "campus": "", "address": "10151 SW 64th St", "city": "Miami-Dade", "zip": "33173", "school_type": "E", "grades": "PK-5", "capacity": 686, "enrollment": 364, "role": "district"}}, {"type": "Feature", "id": 352, "geometry": {"type": "Point", "coordinates": [-80.2047780328105, 25.8357610382954]}, "properties": {"source": "mdcps_public", "loc_no": "1601", "name": "Edison Park K-8 Center", "campus": "", "address": "500 NW 67th St", "city": "Miami", "zip": "33150", "school_type": "E", "grades": "PK-8", "capacity": 614, "enrollment": 430, "role": "district"}}, {"type": "Feature", "id": 353, "geometry": {"type": "Point", "coordinates": [-80.2311864971239, 25.8258996875707]}, "properties": {"source": "mdcps_public", "loc_no": "4071", "name": "Agenoria S. Paschal/ Olinda Elementary School", "campus": "", "address": "5536 NW 21st Ave", "city": "Miami-Dade", "zip": "33142", "school_type": "E", "grades": "PK-5", "capacity": 560, "enrollment": 301, "role": "district"}}, {"type": "Feature", "id": 354, "geometry": {"type": "Point", "coordinates": [-80.3305331606883, 25.8748510928611]}, "properties": {"source": "mdcps_public", "loc_no": "7291", "name": "Jose Marti Mathematics & Science Technology Academy", "campus": "", "address": "5701 W 24th Ave", "city": "Hialeah", "zip": "33016", "school_type": "S", "grades": "6-12", "capacity": 1094, "enrollment": 1000, "role": "district"}}, {"type": "Feature", "id": 355, "geometry": {"type": "Point", "coordinates": [-80.2081198995164, 25.9098968455259]}, "properties": {"source": "mdcps_public", "loc_no": "6281", "name": "Thomas Jefferson Biscayne Gardens K-8 Academy", "campus": "", "address": "525 NW 147th St", "city": "Miami-Dade", "zip": "33168", "school_type": "E", "grades": "PK-8", "capacity": 1329, "enrollment": 792, "role": "district"}}, {"type": "Feature", "id": 356, "geometry": {"type": "Point", "coordinates": [-80.2438988127293, 25.8861020573463]}, "properties": {"source": "mdcps_public", "loc_no": "9239", "name": "Transportation Center John H Schee", "campus": "John H Schee", "address": "2755 NW 122nd St", "city": "Miami-Dade", "zip": "33167", "school_type": "A", "grades": "0", "capacity": 0, "enrollment": 0, "role": "district"}}, {"type": "Feature", "id": 357, "geometry": {"type": "Point", "coordinates": [-80.3986712867788, 25.514812154812]}, "properties": {"source": "mdcps_public", "loc_no": "0041", "name": "Air Base K-8 Center For International Education", "campus": "", "address": "12829 SW 272nd St", "city": "Miami-Dade", "zip": "33032", "school_type": "E", "grades": "PK-8", "capacity": 1268, "enrollment": 1124, "role": "district"}}, {"type": "Feature", "id": 358, "geometry": {"type": "Point", "coordinates": [-80.2355477648277, 25.8195591825122]}, "properties": {"source": "mdcps_public", "loc_no": "6031", "name": "Brownsville Middle", "campus": "", "address": "4899 NW 24th Ave", "city": "Miami-Dade", "zip": "33142", "school_type": "M", "grades": "6-8", "capacity": 1365, "enrollment": 490, "role": "district"}}, {"type": "Feature", "id": 359, "geometry": {"type": "Point", "coordinates": [-80.3543625779907, 25.7715476880999]}, "properties": {"source": "mdcps_public", "loc_no": "6121", "name": "Ruben Dario Middle", "campus": "", "address": "350 NW 97th Ave", "city": "Miami-Dade", "zip": "33172", "school_type": "M", "grades": "6-8", "capacity": 802, "enrollment": 484, "role": "district"}}, {"type": "Feature", "id": 360, "geometry": {"type": "Point", "coordinates": [-80.2810322659148, 25.8800125004592]}, "properties": {"source": "mdcps_public", "loc_no": "4261", "name": "Palm Springs Elementary", "campus": "", "address": "6304 E 1st Ave", "city": "Hialeah", "zip": "33013", "school_type": "E", "grades": "PK-5", "capacity": 868, "enrollment": 578, "role": "district"}}, {"type": "Feature", "id": 361, "geometry": {"type": "Point", "coordinates": [-80.3664117473719, 25.7989506803007]}, "properties": {"source": "mdcps_public", "loc_no": "9411", "name": "Its Annex Warehouse", "campus": "", "address": "2740 NW 104th Ct", "city": "Doral", "zip": "33172", "school_type": "A", "grades": "0", "capacity": 0, "enrollment": 0, "role": "district"}}, {"type": "Feature", "id": 362, "geometry": {"type": "Point", "coordinates": [-80.2139181725358, 25.8389830842578]}, "properties": {"source": "mdcps_public", "loc_no": "7411", "name": "Miami Northwestern Senior High", "campus": "", "address": "1100 NW 71st St", "city": "Miami", "zip": "33150", "school_type": "S", "grades": "9-12", "capacity": 2309, "enrollment": 1461, "role": "district"}}, {"type": "Feature", "id": 363, "geometry": {"type": "Point", "coordinates": [-80.2292923346686, 25.8671751335582]}, "properties": {"source": "mdcps_public", "loc_no": "7601", "name": "William H. Turner Technical Arts High School", "campus": "", "address": "10151 NW 19th Ave", "city": "Miami-Dade", "zip": "33147", "school_type": "S", "grades": "9-12", "capacity": 1847, "enrollment": 1262, "role": "district"}}, {"type": "Feature", "id": 364, "geometry": {"type": "Point", "coordinates": [-80.2478427429151, 25.9044497856251]}, "properties": {"source": "mdcps_public", "loc_no": "4121", "name": "Dr. Robert  B. Ingram Elementary", "campus": "", "address": "600 Ahmad St", "city": "Opa-Locka", "zip": "33054", "school_type": "E", "grades": "PK-5", "capacity": 558, "enrollment": 245, "role": "district"}}, {"type": "Feature", "id": 365, "geometry": {"type": "Point", "coordinates": [-80.2527306102249, 25.9483980374767]}, "properties": {"source": "mdcps_public", "loc_no": "0461", "name": "Brentwood Elementary", "campus": "", "address": "3101 NW 191st St", "city": "Miami Gardens", "zip": "33056", "school_type": "E", "grades": "PK-5", "capacity": 874, "enrollment": 334, "role": "district"}}, {"type": "Feature", "id": 366, "geometry": {"type": "Point", "coordinates": [-80.220112977193, 25.8950695291288]}, "properties": {"source": "mdcps_public", "loc_no": "2041", "name": "Benjamin Franklin K-8 Center", "campus": "", "address": "13100 NW 12th Ave", "city": "North Miami", "zip": "33168", "school_type": "E", "grades": "PK-8", "capacity": 722, "enrollment": 536, "role": "district"}}, {"type": "Feature", "id": 367, "geometry": {"type": "Point", "coordinates": [-80.3579992331453, 25.6914147716495]}, "properties": {"source": "mdcps_public", "loc_no": "5421", "name": "Sunset Park Elementary", "campus": "", "address": "10235 SW 84th St", "city": "Miami-Dade", "zip": "33173", "school_type": "E", "grades": "PK-5", "capacity": 646, "enrollment": 387, "role": "district"}}, {"type": "Feature", "id": 368, "geometry": {"type": "Point", "coordinates": [-80.4171642073386, 25.514985488526]}, "properties": {"source": "mdcps_public", "loc_no": "0771", "name": "William A. Chapman Elementary", "campus": "", "address": "27190 SW 140th Ave", "city": "Miami-Dade", "zip": "33032", "school_type": "E", "grades": "PK-5", "capacity": 620, "enrollment": 513, "role": "district"}}, {"type": "Feature", "id": 369, "geometry": {"type": "Point", "coordinates": [-80.1323305005542, 25.7861969119854]}, "properties": {"source": "mdcps_public", "loc_no": "0761", "name": "Miami Beach Fienberg/Fisher K-8 Center", "campus": "", "address": "1420 Washington Ave", "city": "Miami Beach", "zip": "33139", "school_type": "E", "grades": "PK-8", "capacity": 896, "enrollment": 855, "role": "district"}}, {"type": "Feature", "id": 370, "geometry": {"type": "Point", "coordinates": [-80.3304762703814, 25.5711033562842]}, "properties": {"source": "mdcps_public", "loc_no": "6081", "name": "Cutler Bay Senior High", "campus": "", "address": "8601 SW 212th St", "city": "Cutler Bay", "zip": "33189", "school_type": "M", "grades": "9-12", "capacity": 1331, "enrollment": 587, "role": "district"}}, {"type": "Feature", "id": 371, "geometry": {"type": "Point", "coordinates": [-80.1907411827597, 25.8134907576275]}, "properties": {"source": "mdcps_public", "loc_no": "7081", "name": "Design & Architecture Senior High", "campus": "", "address": "4001 NE 2nd Ave", "city": "Miami", "zip": "33137", "school_type": "S", "grades": "9-12", "capacity": 404, "enrollment": 481, "role": "district"}}, {"type": "Feature", "id": 372, "geometry": {"type": "Point", "coordinates": [-80.2169505148291, 25.8188307482948]}, "properties": {"source": "mdcps_public", "loc_no": "0081", "name": "Lenora B. Smith Elementary", "campus": "", "address": "4700 NW 12th Ave", "city": "Miami", "zip": "33127", "school_type": "E", "grades": "PK-5", "capacity": 754, "enrollment": 353, "role": "district"}}, {"type": "Feature", "id": 373, "geometry": {"type": "Point", "coordinates": [-80.3281787805332, 25.9174015782597]}, "properties": {"source": "mdcps_public", "loc_no": "0091", "name": "Bob Graham Education Center", "campus": "", "address": "15901 NW 79th Ave", "city": "Miami Lakes", "zip": "33016", "school_type": "E", "grades": "PK-8", "capacity": 1962, "enrollment": 1395, "role": "district"}}, {"type": "Feature", "id": 374, "geometry": {"type": "Point", "coordinates": [-80.3799875927987, 25.5659149251742]}, "properties": {"source": "mdcps_public", "loc_no": "7351", "name": "Arthur & Polly Mays Conservatory Of The Arts", "campus": "", "address": "11700 SW 216th St", "city": "Miami-Dade", "zip": "33170", "school_type": "S", "grades": "6-12", "capacity": 985, "enrollment": 497, "role": "district"}}, {"type": "Feature", "id": 375, "geometry": {"type": "Point", "coordinates": [-80.33890743004, 25.7553124985595]}, "properties": {"source": "mdcps_public", "loc_no": "7271", "name": "Miami Coral Park Senior High", "campus": "", "address": "8865 SW 16th St", "city": "Miami-Dade", "zip": "33165", "school_type": "S", "grades": "9-12", "capacity": 3372, "enrollment": 2004, "role": "district"}}, {"type": "Feature", "id": 376, "geometry": {"type": "Point", "coordinates": [-80.2954746370444, 25.8512725478102]}, "properties": {"source": "mdcps_public", "loc_no": "5711", "name": "Mae M. Walters Elementary", "campus": "", "address": "650 W 33rd St", "city": "Hialeah", "zip": "33012", "school_type": "E", "grades": "PK-5", "capacity": 721, "enrollment": 626, "role": "district"}}, {"type": "Feature", "id": 377, "geometry": {"type": "Point", "coordinates": [-80.3817883421425, 25.6258059870312]}, "properties": {"source": "mdcps_public", "loc_no": "9264", "name": "Maintenance Service Center 3", "campus": "", "address": "15301 SW 117th Ave", "city": "Miami-Dade", "zip": "33177", "school_type": "A", "grades": "0", "capacity": 0, "enrollment": 0, "role": "district"}}, {"type": "Feature", "id": 378, "geometry": {"type": "Point", "coordinates": [-80.3923176779457, 25.7373094772877]}, "properties": {"source": "mdcps_public", "loc_no": "5641", "name": "Village Green Elementary", "campus": "", "address": "12265 SW 34th St", "city": "Miami-Dade", "zip": "33175", "school_type": "E", "grades": "PK-5", "capacity": 438, "enrollment": 267, "role": "district"}}, {"type": "Feature", "id": 379, "geometry": {"type": "Point", "coordinates": [-80.3235916224681, 25.6842891244735]}, "properties": {"source": "mdcps_public", "loc_no": "2701", "name": "Kenwood K-8 Center", "campus": "", "address": "9300 SW 79th Ave", "city": "Miami-Dade", "zip": "33156", "school_type": "E", "grades": "PK-8", "capacity": 1177, "enrollment": 748, "role": "district"}}, {"type": "Feature", "id": 380, "geometry": {"type": "Point", "coordinates": [-80.2380735399458, 25.9451364223501]}, "properties": {"source": "mdcps_public", "loc_no": "1161", "name": "Crestview Elementary", "campus": "", "address": "2201 NW 187th St", "city": "Miami Gardens", "zip": "33056", "school_type": "E", "grades": "PK-5", "capacity": 714, "enrollment": 262, "role": "district"}}, {"type": "Feature", "id": 381, "geometry": {"type": "Point", "coordinates": [-80.4598714607236, 25.448776505484]}, "properties": {"source": "mdcps_public", "loc_no": "7151", "name": "Homestead Senior High School", "campus": "", "address": "2351 SE 12th Ave", "city": "Homestead", "zip": "33034", "school_type": "S", "grades": "9-12", "capacity": 2784, "enrollment": 2197, "role": "district"}}, {"type": "Feature", "id": 382, "geometry": {"type": "Point", "coordinates": [-80.3922401533367, 25.5055516963884]}, "properties": {"source": "mdcps_public", "loc_no": "0351", "name": "Chapman Partnership Early Childhood Center South", "campus": "", "address": "28205 SW 124th Ct", "city": "Miami-Dade", "zip": "33033", "school_type": "E", "grades": "PK", "capacity": 0, "enrollment": 77, "role": "district"}}, {"type": "Feature", "id": 383, "geometry": {"type": "Point", "coordinates": [-80.2344495986474, 25.8904326686278]}, "properties": {"source": "mdcps_public", "loc_no": "5901", "name": "Carrie P. Meek/Westview K-8 Center", "campus": "", "address": "2101 NW 127th St", "city": "Miami-Dade", "zip": "33167", "school_type": "E", "grades": "PK-8", "capacity": 587, "enrollment": 584, "role": "district"}}, {"type": "Feature", "id": 384, "geometry": {"type": "Point", "coordinates": [-80.247523338831, 25.8212293497878]}, "properties": {"source": "mdcps_public", "loc_no": "3041", "name": "Lorah Park Elementary", "campus": "", "address": "5160 NW 31st Ave", "city": "Miami-Dade", "zip": "33142", "school_type": "E", "grades": "PK-5", "capacity": 564, "enrollment": 207, "role": "district"}}, {"type": "Feature", "id": 385, "geometry": {"type": "Point", "coordinates": [-80.263211693921, 25.7336877368853]}, "properties": {"source": "mdcps_public", "loc_no": "7071", "name": "Coral Gables Senior High", "campus": "", "address": "450 Bird Rd", "city": "Coral Gables", "zip": "33146", "school_type": "S", "grades": "9-12", "capacity": 2906, "enrollment": 2905, "role": "district"}}, {"type": "Feature", "id": 386, "geometry": {"type": "Point", "coordinates": [-80.3155736411277, 25.8774616198456]}, "properties": {"source": "mdcps_public", "loc_no": "3421", "name": "M.A. Milam K-8 Center", "campus": "", "address": "6020 W 16th Ave", "city": "Hialeah", "zip": "33012", "school_type": "E", "grades": "PK-8", "capacity": 1067, "enrollment": 1076, "role": "district"}}, {"type": "Feature", "id": 387, "geometry": {"type": "Point", "coordinates": [-80.2962825288104, 25.890264643199]}, "properties": {"source": "mdcps_public", "loc_no": "3981", "name": "North Twin Lakes Elementary", "campus": "", "address": "625 W 74th Pl", "city": "Hialeah", "zip": "33014", "school_type": "E", "grades": "PK-5", "capacity": 551, "enrollment": 590, "role": "district"}}, {"type": "Feature", "id": 388, "geometry": {"type": "Point", "coordinates": [-80.2018826072413, 25.8568112869263]}, "properties": {"source": "mdcps_public", "loc_no": "6411", "name": "Horace Mann Middle", "campus": "", "address": "8950 NW 2nd Ave", "city": "El Portal", "zip": "33150", "school_type": "M", "grades": "6-8", "capacity": 1468, "enrollment": 345, "role": "district"}}, {"type": "Feature", "id": 389, "geometry": {"type": "Point", "coordinates": [-80.4509560974487, 25.6645903896982]}, "properties": {"source": "mdcps_public", "loc_no": "4511", "name": "Dr. Gilbert L. Porter Elementary Plc-Q", "campus": "", "address": "15751 SW 112th St", "city": "Miami-Dade", "zip": "33196", "school_type": "PLC", "grades": "0", "capacity": 0, "enrollment": 0, "role": "district"}}, {"type": "Feature", "id": 390, "geometry": {"type": "Point", "coordinates": [-80.3514425754136, 25.7572740292081]}, "properties": {"source": "mdcps_public", "loc_no": "1001", "name": "Coral Park Elementary", "campus": "", "address": "1225 SW 97th Ave", "city": "Miami-Dade", "zip": "33174", "school_type": "E", "grades": "PK-5", "capacity": 1060, "enrollment": 775, "role": "district"}}, {"type": "Feature", "id": 391, "geometry": {"type": "Point", "coordinates": [-80.2157596847323, 25.869717729812]}, "properties": {"source": "mdcps_public", "loc_no": "0401", "name": "Van E. Blanton Elementary", "campus": "", "address": "10327 NW 11th Ave", "city": "Miami-Dade", "zip": "33150", "school_type": "E", "grades": "PK-5", "capacity": 616, "enrollment": 368, "role": "district"}}, {"type": "Feature", "id": 392, "geometry": {"type": "Point", "coordinates": [-80.2051157373736, 25.7865067996188]}, "properties": {"source": "mdcps_public", "loc_no": "7791", "name": "Booker T. Washington Senior High", "campus": "", "address": "1200 NW 6th Ave", "city": "Miami", "zip": "33136", "school_type": "S", "grades": "9-12", "capacity": 1924, "enrollment": 941, "role": "district"}}, {"type": "Feature", "id": 393, "geometry": {"type": "Point", "coordinates": [-80.3753625267269, 25.6378464000588]}, "properties": {"source": "mdcps_public", "loc_no": "3101", "name": "Frank C. Martin K-8 Center", "campus": "", "address": "14250 Boggs Dr", "city": "Miami-Dade", "zip": "33176", "school_type": "E", "grades": "PK-8", "capacity": 1323, "enrollment": 601, "role": "district"}}, {"type": "Feature", "id": 394, "geometry": {"type": "Point", "coordinates": [-80.2435762807114, 25.8142526875756]}, "properties": {"source": "mdcps_public", "loc_no": "9938", "name": "Mdcps Police General Investigations Unit", "campus": "", "address": "2950 NW 43rd Ter", "city": "Miami-Dade", "zip": "33142", "school_type": "A", "grades": "0", "capacity": 0, "enrollment": 0, "role": "district"}}, {"type": "Feature", "id": 395, "geometry": {"type": "Point", "coordinates": [-80.3317073144602, 25.9490400618293]}, "properties": {"source": "mdcps_public", "loc_no": "2191", "name": "Spanish Lake Elementary", "campus": "", "address": "7940 NW 194th St", "city": "Miami-Dade", "zip": "33015", "school_type": "E", "grades": "PK-5", "capacity": 1637, "enrollment": 1142, "role": "district"}}, {"type": "Feature", "id": 396, "geometry": {"type": "Point", "coordinates": [-80.3900687159875, 25.5991523796578]}, "properties": {"source": "mdcps_public", "loc_no": "9575", "name": "South Region Office", "campus": "", "address": "18180 SW 122nd Ave", "city": "Miami-Dade", "zip": "33177", "school_type": "A", "grades": "0", "capacity": 0, "enrollment": 0, "role": "district"}}, {"type": "Feature", "id": 397, "geometry": {"type": "Point", "coordinates": [-80.2261215107861, 25.7995816874583]}, "properties": {"source": "mdcps_public", "loc_no": "0881", "name": "Comstock Elementary", "campus": "", "address": "2420 NW 18th Ave", "city": "Miami", "zip": "33142", "school_type": "E", "grades": "PK-5", "capacity": 625, "enrollment": 596, "role": "district"}}, {"type": "Feature", "id": 398, "geometry": {"type": "Point", "coordinates": [-80.3138563093412, 25.6549307065699]}, "properties": {"source": "mdcps_public", "loc_no": "4221", "name": "Palmetto Elementary", "campus": "", "address": "12401 SW 74th Ave", "city": "Pinecrest", "zip": "33156", "school_type": "E", "grades": "PK-5", "capacity": 668, "enrollment": 643, "role": "district"}}, {"type": "Feature", "id": 399, "geometry": {"type": "Point", "coordinates": [-80.1487234303727, 25.9164824690614]}, "properties": {"source": "mdcps_public", "loc_no": "8231", "name": "North Miami Stadium - Ronald L Book Athletic Stadium", "campus": "", "address": "2555 NE 151st St", "city": "North Miami", "zip": "33160", "school_type": "O", "grades": "0", "capacity": 0, "enrollment": 0, "role": "district"}}, {"type": "Feature", "id": 400, "geometry": {"type": "Point", "coordinates": [-80.2738905381335, 25.7211770751455]}, "properties": {"source": "mdcps_public", "loc_no": "5831", "name": "Henry S. West Laboratory School", "campus": "", "address": "5300 Carillo St", "city": "Coral Gables", "zip": "33146", "school_type": "E", "grades": "K-8", "capacity": 424, "enrollment": 371, "role": "district"}}, {"type": "Feature", "id": 401, "geometry": {"type": "Point", "coordinates": [-80.1895105177699, 25.7897760144644]}, "properties": {"source": "mdcps_public", "loc_no": "7581", "name": "Iprep Academy", "campus": "", "address": "1500 Biscayne Blvd", "city": "Miami", "zip": "33132", "school_type": "S", "grades": "PK-12", "capacity": 1011, "enrollment": 774, "role": "district"}}, {"type": "Feature", "id": 402, "geometry": {"type": "Point", "coordinates": [-80.239725834604, 25.9344527491249]}, "properties": {"source": "mdcps_public", "loc_no": "8901", "name": "Parkway Educational Complex", "campus": "Mltc", "address": "2349 NW 175th St", "city": "Miami Gardens", "zip": "33056", "school_type": "O", "grades": "0", "capacity": 0, "enrollment": 0, "role": "district"}}, {"type": "Feature", "id": 403, "geometry": {"type": "Point", "coordinates": [-80.2087998864573, 25.9127834643205]}, "properties": {"source": "mdcps_public", "loc_no": "0361", "name": "District Office", "campus": "", "address": "560 NW 151st St", "city": "Miami-Dade", "zip": "33169", "school_type": "A", "grades": "0", "capacity": 0, "enrollment": 0, "role": "district"}}, {"type": "Feature", "id": 404, "geometry": {"type": "Point", "coordinates": [-80.3339693855334, 25.9346336808185]}, "properties": {"source": "mdcps_public", "loc_no": "4281", "name": "Palm Springs North Elementary Plc-X", "campus": "", "address": "17615 NW 82nd Ave", "city": "Miami-Dade", "zip": "33015", "school_type": "PLC", "grades": "0", "capacity": 0, "enrollment": 0, "role": "district"}}, {"type": "Feature", "id": 405, "geometry": {"type": "Point", "coordinates": [-80.400539358565, 25.7394053019645]}, "properties": {"source": "mdcps_public", "loc_no": "2261", "name": "Greenglade Elementary", "campus": "", "address": "3060 SW 127th Ave", "city": "Miami-Dade", "zip": "33175", "school_type": "E", "grades": "PK-5", "capacity": 560, "enrollment": 296, "role": "district"}}, {"type": "Feature", "id": 406, "geometry": {"type": "Point", "coordinates": [-80.2756591403665, 25.7043833486117]}, "properties": {"source": "mdcps_public", "loc_no": "5401", "name": "Sunset Elementary", "campus": "", "address": "5120 SW 72nd St", "city": "Miami-Dade", "zip": "33143", "school_type": "E", "grades": "PK-5", "capacity": 1222, "enrollment": 1180, "role": "district"}}, {"type": "Feature", "id": 407, "geometry": {"type": "Point", "coordinates": [-80.4240933910288, 25.4968700048367]}, "properties": {"source": "mdcps_public", "loc_no": "4391", "name": "Irving & Beatrice Peskoe K-8 Center", "campus": "", "address": "29035 SW 144th Ave", "city": "Miami-Dade", "zip": "33033", "school_type": "E", "grades": "PK-8", "capacity": 866, "enrollment": 719, "role": "district"}}, {"type": "Feature", "id": 408, "geometry": {"type": "Point", "coordinates": [-80.333603709229, 25.9519278858019]}, "properties": {"source": "mdcps_public", "loc_no": "6161", "name": "Lawton Chiles Middle", "campus": "", "address": "8190 NW 197th St", "city": "Miami-Dade", "zip": "33015", "school_type": "M", "grades": "6-8", "capacity": 1076, "enrollment": 509, "role": "district"}}, {"type": "Feature", "id": 409, "geometry": {"type": "Point", "coordinates": [-80.4072498168564, 25.7470473573201]}, "properties": {"source": "mdcps_public", "loc_no": "2511", "name": "Zora Neale Hurston Elementary", "campus": "", "address": "13137 SW 26th St", "city": "Miami-Dade", "zip": "33175", "school_type": "E", "grades": "PK-5", "capacity": 1039, "enrollment": 459, "role": "district"}}, {"type": "Feature", "id": 410, "geometry": {"type": "Point", "coordinates": [-80.3959379487278, 25.7513335864854]}, "properties": {"source": "mdcps_public", "loc_no": "3111", "name": "Wesley Matthews Elementary", "campus": "", "address": "12345 SW 18th Ter", "city": "Miami-Dade", "zip": "33175", "school_type": "E", "grades": "PK-5", "capacity": 703, "enrollment": 492, "role": "district"}}, {"type": "Feature", "id": 411, "geometry": {"type": "Point", "coordinates": [-80.2330304078222, 25.8176097522575]}, "properties": {"source": "mdcps_public", "loc_no": "1561", "name": "Earlington Heights Elementary", "campus": "", "address": "4750 NW 22nd Ave", "city": "Miami-Dade", "zip": "33142", "school_type": "E", "grades": "PK-5", "capacity": 656, "enrollment": 377, "role": "district"}}, {"type": "Feature", "id": 412, "geometry": {"type": "Point", "coordinates": [-80.1865632881548, 25.8367273311781]}, "properties": {"source": "mdcps_public", "loc_no": "3501", "name": "Morningside K-8 Center", "campus": "", "address": "6620 NE 5th Ave", "city": "Miami", "zip": "33138", "school_type": "E", "grades": "PK-8", "capacity": 666, "enrollment": 397, "role": "district"}}, {"type": "Feature", "id": 413, "geometry": {"type": "Point", "coordinates": [-80.4591673504242, 25.6742021053294]}, "properties": {"source": "mdcps_public", "loc_no": "1691", "name": "Christina M. Eve Elementary", "campus": "", "address": "16251 SW 99th St", "city": "Miami-Dade", "zip": "33196", "school_type": "E", "grades": "PK-5", "capacity": 890, "enrollment": 485, "role": "district"}}, {"type": "Feature", "id": 414, "geometry": {"type": "Point", "coordinates": [-80.2668255740881, 25.7739442938565]}, "properties": {"source": "mdcps_public", "loc_no": "6331", "name": "Kinloch Park Middle", "campus": "", "address": "4340 NW 3rd St", "city": "Miami", "zip": "33126", "school_type": "M", "grades": "6-8", "capacity": 1316, "enrollment": 735, "role": "district"}}, {"type": "Feature", "id": 415, "geometry": {"type": "Point", "coordinates": [-80.1873343669604, 25.9597220772804]}, "properties": {"source": "mdcps_public", "loc_no": "0231", "name": "Aventura Waterways K-8 Center (Annex)", "campus": "", "address": "750 Ives Dairy Rd", "city": "Miami-Dade", "zip": "33179", "school_type": "E", "grades": "K-8", "capacity": 0, "enrollment": 0, "role": "district"}}, {"type": "Feature", "id": 416, "geometry": {"type": "Point", "coordinates": [-80.37619917626, 25.5864676775928]}, "properties": {"source": "mdcps_public", "loc_no": "7731", "name": "Miami Southridge Senior High", "campus": "", "address": "19355 SW 114th Ave", "city": "Miami-Dade", "zip": "33157", "school_type": "S", "grades": "9-12", "capacity": 2452, "enrollment": 2199, "role": "district"}}, {"type": "Feature", "id": 417, "geometry": {"type": "Point", "coordinates": [-80.3880646275892, 25.7691161223839]}, "properties": {"source": "mdcps_public", "loc_no": "6041", "name": "Paul W. Bell Middle", "campus": "", "address": "11800 NW 2nd St", "city": "Miami-Dade", "zip": "33182", "school_type": "M", "grades": "6-8", "capacity": 683, "enrollment": 477, "role": "district"}}, {"type": "Feature", "id": 418, "geometry": {"type": "Point", "coordinates": [-80.1654276533865, 25.9055142047433]}, "properties": {"source": "mdcps_public", "loc_no": "3661", "name": "Natural Bridge Elementary", "campus": "", "address": "1650 NE 141st St", "city": "North Miami", "zip": "33181", "school_type": "E", "grades": "PK-5", "capacity": 668, "enrollment": 343, "role": "district"}}, {"type": "Feature", "id": 419, "geometry": {"type": "Point", "coordinates": [-80.1664858894525, 25.7391827820552]}, "properties": {"source": "mdcps_public", "loc_no": "7161", "name": "Maritime & Science Technology Academy", "campus": "", "address": "3979 Rickenbacker Cswy", "city": "Miami-Dade", "zip": "33149", "school_type": "S", "grades": "6-12", "capacity": 1609, "enrollment": 1539, "role": "district"}}, {"type": "Feature", "id": 420, "geometry": {"type": "Point", "coordinates": [-80.3105897573887, 25.9029743961944]}, "properties": {"source": "mdcps_public", "loc_no": "3281", "name": "Miami Lakes Elementary Plc-L", "campus": "", "address": "14250 NW 67th Ave", "city": "Miami Lakes", "zip": "33014", "school_type": "PLC", "grades": "0", "capacity": 0, "enrollment": 0, "role": "district"}}, {"type": "Feature", "id": 421, "geometry": {"type": "Point", "coordinates": [-80.3035082284095, 25.7144505384296]}, "properties": {"source": "mdcps_public", "loc_no": "6881", "name": "South Miami Middle", "campus": "", "address": "6750 SW 60th St", "city": "South Miami", "zip": "33143", "school_type": "M", "grades": "6-8", "capacity": 746, "enrollment": 718, "role": "district"}}, {"type": "Feature", "id": 422, "geometry": {"type": "Point", "coordinates": [-80.1860430836553, 25.9328105934959]}, "properties": {"source": "mdcps_public", "loc_no": "4801", "name": "Gertrude Edelman/Sabal Palm Elementary", "campus": "", "address": "17101 NE 7th Ave", "city": "Miami-Dade", "zip": "33162", "school_type": "E", "grades": "PK-5", "capacity": 696, "enrollment": 462, "role": "district"}}, {"type": "Feature", "id": 423, "geometry": {"type": "Point", "coordinates": [-80.1394742827826, 25.9102493520505]}, "properties": {"source": "mdcps_public", "loc_no": "7073", "name": "Academy For Advanced Academics - North", "campus": "Biscayne Bay Campus", "address": "3000 NE 151st St", "city": "North Miami", "zip": "33181", "school_type": "S", "grades": "11-12", "capacity": 0, "enrollment": 0, "role": "district"}}, {"type": "Feature", "id": 424, "geometry": {"type": "Point", "coordinates": [-80.3596019381049, 25.6296885673231]}, "properties": {"source": "mdcps_public", "loc_no": "7008", "name": "Biotech@Richmond Heights 9-12 High School", "campus": "Richmond Heights Middle", "address": "15015 SW 103rd Ave", "city": "Miami-Dade", "zip": "33176", "school_type": "S", "grades": "9-12", "capacity": 345, "enrollment": 291, "role": "district"}}, {"type": "Feature", "id": 425, "geometry": {"type": "Point", "coordinates": [-80.3944687172497, 25.6288946417865]}, "properties": {"source": "mdcps_public", "loc_no": "2151", "name": "Jack D. Gordon Elementary Panthers Plc-S", "campus": "", "address": "15001 SW 127th Ave", "city": "Miami-Dade", "zip": "33186", "school_type": "PLC", "grades": "0", "capacity": 0, "enrollment": 0, "role": "district"}}, {"type": "Feature", "id": 426, "geometry": {"type": "Point", "coordinates": [-80.2940401218588, 25.9160432473364]}, "properties": {"source": "mdcps_public", "loc_no": "7391", "name": "Miami Lakes Educational Center Senior High", "campus": "", "address": "5780 NW 158th St", "city": "Miami Lakes", "zip": "33014", "school_type": "S", "grades": "9-12", "capacity": 1173, "enrollment": 1089, "role": "district"}}, {"type": "Feature", "id": 427, "geometry": {"type": "Point", "coordinates": [-80.3181231200912, 25.7485130285916]}, "properties": {"source": "mdcps_public", "loc_no": "6961", "name": "West Miami Middle", "campus": "", "address": "7525 SW 24th St", "city": "Miami-Dade", "zip": "33155", "school_type": "M", "grades": "6-8", "capacity": 1090, "enrollment": 604, "role": "district"}}, {"type": "Feature", "id": 428, "geometry": {"type": "Point", "coordinates": [-80.3227663240469, 25.9397058982108]}, "properties": {"source": "mdcps_public", "loc_no": "6611", "name": "Country Club Middle", "campus": "", "address": "18305 NW 75th Pl", "city": "Miami-Dade", "zip": "33015", "school_type": "M", "grades": "6-8", "capacity": 1295, "enrollment": 495, "role": "district"}}, {"type": "Feature", "id": 429, "geometry": {"type": "Point", "coordinates": [-80.3314138537215, 25.6601678913907]}, "properties": {"source": "mdcps_public", "loc_no": "5671", "name": "Vineland K-8 Center", "campus": "", "address": "8455 SW 119th St", "city": "Miami-Dade", "zip": "33156", "school_type": "E", "grades": "PK-8", "capacity": 879, "enrollment": 661, "role": "district"}}, {"type": "Feature", "id": 430, "geometry": {"type": "Point", "coordinates": [-80.4752682954359, 25.4774858513731]}, "properties": {"source": "mdcps_public", "loc_no": "7702", "name": "South Dade Technical College", "campus": "Main Campus", "address": "109 NE 8th St", "city": "Homestead", "zip": "33030", "school_type": "O", "grades": "0", "capacity": 0, "enrollment": 0, "role": "district"}}, {"type": "Feature", "id": 431, "geometry": {"type": "Point", "coordinates": [-80.2682540858327, 25.8768674942856]}, "properties": {"source": "mdcps_public", "loc_no": "1521", "name": "Amelia Earhart Elementary", "campus": "", "address": "5987 E 7th Ave", "city": "Hialeah", "zip": "33013", "school_type": "E", "grades": "PK-5", "capacity": 518, "enrollment": 457, "role": "district"}}, {"type": "Feature", "id": 432, "geometry": {"type": "Point", "coordinates": [-80.355242767069, 25.8995708202361]}, "properties": {"source": "mdcps_public", "loc_no": "3001", "name": "West Lakes Preparatory Academy", "campus": "", "address": "8435 W 36th Ave", "city": "Hialeah", "zip": "33018", "school_type": "E", "grades": "PK-8", "capacity": 626, "enrollment": 595, "role": "district"}}, {"type": "Feature", "id": 433, "geometry": {"type": "Point", "coordinates": [-80.2030148986226, 25.9465021927056]}, "properties": {"source": "mdcps_public", "loc_no": "2401", "name": "Hibiscus Elementary", "campus": "", "address": "18701 NW 1st Ave", "city": "Miami Gardens", "zip": "33169", "school_type": "E", "grades": "PK-5", "capacity": 567, "enrollment": 349, "role": "district"}}, {"type": "Feature", "id": 434, "geometry": {"type": "Point", "coordinates": [-80.2359521163, 25.770947249108]}, "properties": {"source": "mdcps_public", "loc_no": "7462", "name": "Miami Senior Adult Education", "campus": "", "address": "2450 SW 1st St", "city": "Miami", "zip": "33135", "school_type": "O", "grades": "0", "capacity": 0, "enrollment": 0, "role": "district"}}, {"type": "Feature", "id": 435, "geometry": {"type": "Point", "coordinates": [-80.2724189000687, 25.8611756149556]}, "properties": {"source": "mdcps_public", "loc_no": "3901", "name": "North Hialeah Elementary", "campus": "", "address": "4251 E 5th Ave", "city": "Hialeah", "zip": "33013", "school_type": "E", "grades": "PK-5", "capacity": 670, "enrollment": 481, "role": "district"}}, {"type": "Feature", "id": 436, "geometry": {"type": "Point", "coordinates": [-80.1845850972879, 25.9005614957518]}, "properties": {"source": "mdcps_public", "loc_no": "6631", "name": "North Miami Middle", "campus": "", "address": "700 NE 137th St", "city": "North Miami", "zip": "33161", "school_type": "M", "grades": "6-8", "capacity": 1055, "enrollment": 695, "role": "district"}}, {"type": "Feature", "id": 437, "geometry": {"type": "Point", "coordinates": [-80.3609906463976, 25.6122979960849]}, "properties": {"source": "mdcps_public", "loc_no": "4441", "name": "Ethel F. Beckford/Richmond Primary Learning Center", "campus": "", "address": "16929 SW 104th Ave", "city": "Miami-Dade", "zip": "33157", "school_type": "PLC", "grades": "PK", "capacity": 0, "enrollment": 0, "role": "district"}}, {"type": "Feature", "id": 438, "geometry": {"type": "Point", "coordinates": [-80.3673522250839, 25.7653711717264]}, "properties": {"source": "mdcps_public", "loc_no": "5431", "name": "Sweetwater Elementary", "campus": "", "address": "10655 SW 4th St", "city": "Sweetwater", "zip": "33174", "school_type": "E", "grades": "PK-5", "capacity": 851, "enrollment": 453, "role": "district"}}, {"type": "Feature", "id": 439, "geometry": {"type": "Point", "coordinates": [-80.2297106971644, 25.8163226252889]}, "properties": {"source": "mdcps_public", "loc_no": "4401", "name": "Kelsey L. Pharr Elementary", "campus": "", "address": "2000 NW 46th St", "city": "Miami-Dade", "zip": "33142", "school_type": "E", "grades": "PK-5", "capacity": 388, "enrollment": 297, "role": "district"}}, {"type": "Feature", "id": 440, "geometry": {"type": "Point", "coordinates": [-80.4343121019831, 25.4991301946239]}, "properties": {"source": "mdcps_public", "loc_no": "2901", "name": "Leisure City K-8 Center", "campus": "", "address": "14950 SW 288th St", "city": "Miami-Dade", "zip": "33033", "school_type": "E", "grades": "PK-8", "capacity": 1138, "enrollment": 1055, "role": "district"}}, {"type": "Feature", "id": 441, "geometry": {"type": "Point", "coordinates": [-80.2174071374712, 25.8398448735252]}, "properties": {"source": "mdcps_public", "loc_no": "2981", "name": "Dr. Martin Luther King  @ Liberty City Plc", "campus": "", "address": "7124 NW 12th Ave", "city": "Miami-Dade", "zip": "33150", "school_type": "PLC", "grades": "0", "capacity": 0, "enrollment": 0, "role": "district"}}, {"type": "Feature", "id": 442, "geometry": {"type": "Point", "coordinates": [-80.3457615487084, 25.9012253846955]}, "properties": {"source": "mdcps_public", "loc_no": "7751", "name": "Barbara Goleman Senior High", "campus": "", "address": "14100 NW 89th Ave", "city": "Miami Lakes", "zip": "33018", "school_type": "S", "grades": "9-12", "capacity": 2935, "enrollment": 2882, "role": "district"}}, {"type": "Feature", "id": 443, "geometry": {"type": "Point", "coordinates": [-80.2374691031169, 25.8214604497906]}, "properties": {"source": "mdcps_public", "loc_no": "8014", "name": "Alternative Outreach-Ext. Yr", "campus": "", "address": "5120 NW 24th Ave", "city": "Miami", "zip": "33142", "school_type": "O", "grades": "0", "capacity": 0, "enrollment": 0, "role": "district"}}, {"type": "Feature", "id": 444, "geometry": {"type": "Point", "coordinates": [-80.3629540285371, 25.84453600379]}, "properties": {"source": "mdcps_public", "loc_no": "3881", "name": "Andrea Castillo Preparatory Academy", "campus": "", "address": "10201 NW 78th St", "city": "Doral", "zip": "33178", "school_type": "E", "grades": "PK-5", "capacity": 670, "enrollment": 420, "role": "district"}}, {"type": "Feature", "id": 448, "geometry": {"type": "Point", "coordinates": [-80.1740020323493, 25.9700264142411]}, "properties": {"source": "mdcps_public", "loc_no": "7459", "name": "Iprep Academy North", "campus": "Dr. Michael M Krop Shs", "address": "1420 NE 215th St", "city": "Miami-Dade", "zip": "33179", "school_type": "S", "grades": "6-11", "capacity": 450, "enrollment": 523, "role": "district"}}, {"type": "Feature", "id": 449, "geometry": {"type": "Point", "coordinates": [-80.376292311792, 25.8197876755007]}, "properties": {"source": "mdcps_public", "loc_no": "7641", "name": "J. C. Bermudez Doral Senior High School", "campus": "Former Doral Middle", "address": "5005 NW 112th Ave", "city": "Doral", "zip": "33178", "school_type": "S", "grades": "9-12", "capacity": 1014, "enrollment": 1110, "role": "district"}}, {"type": "Feature", "id": 452, "geometry": {"type": "Point", "coordinates": [-80.3939565571635, 25.5052942640844]}, "properties": {"source": "mdcps_public", "loc_no": "8021", "name": "Title I Migrant Education Program", "campus": "", "address": "28205 SW 125th Ave", "city": "Homestead", "zip": "33033", "school_type": "E", "grades": "PK", "capacity": 0, "enrollment": 31, "role": "district"}}, {"type": "Feature", "id": 453, "geometry": {"type": "Point", "coordinates": [-80.2374691031169, 25.8214604497906]}, "properties": {"source": "mdcps_public", "loc_no": "7013", "name": "Metro West Detention Facility", "campus": "", "address": "5120 NW 24th Ave", "city": "Miami", "zip": "33142", "school_type": "O", "grades": "0", "capacity": 0, "enrollment": 0, "role": "district"}}, {"type": "Feature", "id": 454, "geometry": {"type": "Point", "coordinates": [-80.2725449480761, 25.8111306711648]}, "properties": {"source": "mdcps_public", "loc_no": "9028", "name": "Federal & State Compliance Office", "campus": "", "address": "489 East Dr", "city": "Miami Springs", "zip": "33166", "school_type": "A", "grades": "0", "capacity": 0, "enrollment": 0, "role": "district"}}, {"type": "Feature", "id": 455, "geometry": {"type": "Point", "coordinates": [-80.1918880331368, 25.7892956151852]}, "properties": {"source": "mdcps_public", "loc_no": "8261", "name": "K-12 Distance Learning", "campus": "", "address": "172 NE 15th St", "city": "Miami", "zip": "33132", "school_type": "ALT", "grades": "K-12", "capacity": 0, "enrollment": 0, "role": "district"}}, {"type": "Feature", "id": 456, "geometry": {"type": "Point", "coordinates": [-80.2088025751149, 25.9127881854582]}, "properties": {"source": "mdcps_public", "loc_no": "7004", "name": "Miami-Dade Virtual School", "campus": "", "address": "560 NW 151st St", "city": "Miami-Dade", "zip": "33169", "school_type": "", "grades": "6-12", "capacity": 0, "enrollment": 477, "role": "district"}}, {"type": "Feature", "id": 457, "geometry": {"type": "Point", "coordinates": [-80.2416922548458, 25.8324982920374]}, "properties": {"source": "mdcps_public", "loc_no": "7777", "name": "New Opportunity Educational Center", "campus": "", "address": "6300 NW 27th Ave", "city": "Miami-Dade", "zip": "33147", "school_type": "", "grades": "6-12", "capacity": 0, "enrollment": 39, "role": "district"}}, {"type": "Feature", "id": 458, "geometry": {"type": "Point", "coordinates": [-80.1895131974444, 25.7897807049267]}, "properties": {"source": "mdcps_public", "loc_no": "4081", "name": "Primary Learning Center", "campus": "Iprep Academy", "address": "1500 Biscayne Blvd, #101", "city": "Miami", "zip": "33132", "school_type": "", "grades": "PK-4", "capacity": 0, "enrollment": 0, "role": "district"}}, {"type": "Feature", "id": 859, "geometry": {"type": "Point", "coordinates": [-80.4225197348904, 25.600498604522]}, "properties": {"source": "mdcps_public", "loc_no": "6001", "name": "Herbert A. Ammons Middle", "campus": "", "address": "17990 SW 142nd Ave", "city": "Miamii-Dade", "zip": "33177", "school_type": "M", "grades": "6-8", "capacity": 1500, "enrollment": 1050, "role": "district"}}, {"type": "Feature", "id": 1, "geometry": {"type": "Point", "coordinates": [-80.3684952405531, 25.6780239235753]}, "properties": {"source": "mdcps_charter", "loc_no": "4037", "name": "Somerset Academy Kendall", "campus": "", "address": "9790 SW 107th Ct", "city": "Miami", "zip": "33176", "school_type": "Charter", "grades": "K-5", "capacity": 0, "enrollment": 292, "role": "charter"}}, {"type": "Feature", "id": 2, "geometry": {"type": "Point", "coordinates": [-80.3715595916166, 25.5556171431399]}, "properties": {"source": "mdcps_charter", "loc_no": "3032", "name": "Palm Glades Preparatory Academy", "campus": "", "address": "22655 SW 112th Ave", "city": "Miami-Dade", "zip": "33170", "school_type": "Charter", "grades": "6-8", "capacity": 0, "enrollment": 321, "role": "charter"}}, {"type": "Feature", "id": 3, "geometry": {"type": "Point", "coordinates": [-80.1993119325287, 25.7773327281157]}, "properties": {"source": "mdcps_charter", "loc_no": "3600", "name": "Downtown Miami Charter School", "campus": "", "address": "305 NW 3rd Ave", "city": "Miami", "zip": "33128", "school_type": "Charter", "grades": "K-6", "capacity": 0, "enrollment": 633, "role": "charter"}}, {"type": "Feature", "id": 4, "geometry": {"type": "Point", "coordinates": [-80.4367582100102, 25.7289788483614]}, "properties": {"source": "mdcps_charter", "loc_no": "6022", "name": "Pinecrest Academy Middle School", "campus": "", "address": "14901 SW 42nd St", "city": "Miami-Dade", "zip": "33185", "school_type": "Charter", "grades": "6-8", "capacity": 0, "enrollment": 769, "role": "charter"}}, {"type": "Feature", "id": 5, "geometry": {"type": "Point", "coordinates": [-80.4331442723508, 25.4621087524651]}, "properties": {"source": "mdcps_charter", "loc_no": "7059", "name": "Miami Arts Charter School", "campus": "Homestead", "address": "3000 SE 9th St", "city": "Homestead", "zip": "33035", "school_type": "Charter", "grades": "6-12", "capacity": 0, "enrollment": 0, "role": "charter"}}, {"type": "Feature", "id": 6, "geometry": {"type": "Point", "coordinates": [-80.3322454178918, 25.8040754861703]}, "properties": {"source": "mdcps_charter", "loc_no": "6028", "name": "Renaissance Middle Charter School", "campus": "", "address": "8360 NW 33rd St", "city": "Doral", "zip": "33122", "school_type": "Charter", "grades": "6-8", "capacity": 0, "enrollment": 373, "role": "charter"}}, {"type": "Feature", "id": 7, "geometry": {"type": "Point", "coordinates": [-80.3734121890237, 25.6653020378966]}, "properties": {"source": "mdcps_charter", "loc_no": "5002", "name": "Somerset Preparatory Academy", "campus": "", "address": "11155 SW 112th Ave", "city": "Miami-Dade", "zip": "33176", "school_type": "Charter", "grades": "K-8", "capacity": 0, "enrollment": 159, "role": "charter"}}, {"type": "Feature", "id": 8, "geometry": {"type": "Point", "coordinates": [-80.3678889307369, 25.7134129571397]}, "properties": {"source": "mdcps_charter", "loc_no": "2003", "name": "Bridgeprep Academy South", "campus": "Main", "address": "10700 SW 56th St", "city": "Miami-Dade", "zip": "33165", "school_type": "Charter", "grades": "K-8", "capacity": 0, "enrollment": 297, "role": "charter"}}, {"type": "Feature", "id": 9, "geometry": {"type": "Point", "coordinates": [-80.4331442723508, 25.4621087524651]}, "properties": {"source": "mdcps_charter", "loc_no": "7242", "name": "Somerset Pahs (Homestead)", "campus": "Homestead", "address": "3000 SE 9th St", "city": "Homestead", "zip": "33035", "school_type": "Charter", "grades": "9-12", "capacity": 0, "enrollment": 0, "role": "charter"}}, {"type": "Feature", "id": 10, "geometry": {"type": "Point", "coordinates": [-80.4781141187301, 25.4860771090079]}, "properties": {"source": "mdcps_charter", "loc_no": "2012", "name": "Somerset Arts Academy", "campus": "Homestead", "address": "1700 N Krome Ave", "city": "Homestead", "zip": "33030", "school_type": "Charter", "grades": "K-5", "capacity": 0, "enrollment": 243, "role": "charter"}}, {"type": "Feature", "id": 11, "geometry": {"type": "Point", "coordinates": [-80.294955173655, 25.8401517684666]}, "properties": {"source": "mdcps_charter", "loc_no": "7090", "name": "Imater Preparatory Academy High School", "campus": "", "address": "651 W 20th St", "city": "Hialeah", "zip": "33010", "school_type": "Charter", "grades": "9-12", "capacity": 0, "enrollment": 1500, "role": "charter"}}, {"type": "Feature", "id": 12, "geometry": {"type": "Point", "coordinates": [-80.3711388737381, 25.539163252871]}, "properties": {"source": "mdcps_charter", "loc_no": "5836", "name": "South Point Scholars Academy", "campus": "", "address": "24555 SW 112th Ave", "city": "Miami", "zip": "33032", "school_type": "Charter", "grades": "K-5", "capacity": null, "enrollment": null, "role": "charter"}}, {"type": "Feature", "id": 13, "geometry": {"type": "Point", "coordinates": [-80.396452416586, 25.5824590391146]}, "properties": {"source": "mdcps_charter", "loc_no": "0520", "name": "Somerset Academy - Annex", "campus": "Annex Campus", "address": "19701 SW 127th Ave", "city": "Miami-Dade", "zip": "33177", "school_type": "Charter", "grades": "K-5", "capacity": 0, "enrollment": 0, "role": "charter"}}, {"type": "Feature", "id": 14, "geometry": {"type": "Point", "coordinates": [-80.2146663964039, 25.7794235026493]}, "properties": {"source": "mdcps_charter", "loc_no": "6015", "name": "Sports Leadership And Management (Slam) Chs", "campus": "6Th Only", "address": "601 NW 12th Ave", "city": "Miami", "zip": "33136", "school_type": "Charter", "grades": "6-8", "capacity": 0, "enrollment": 0, "role": "charter"}}, {"type": "Feature", "id": 15, "geometry": {"type": "Point", "coordinates": [-80.3487928022436, 25.9356006561473]}, "properties": {"source": "mdcps_charter", "loc_no": "6042", "name": "Mater Gardens Academy Middle School", "campus": "", "address": "9010 NW 178th Ln", "city": "Miami-Dade", "zip": "33018", "school_type": "Charter", "grades": "6-8", "capacity": 0, "enrollment": 251, "role": "charter"}}, {"type": "Feature", "id": 16, "geometry": {"type": "Point", "coordinates": [-80.3255345391888, 25.8933110754256]}, "properties": {"source": "mdcps_charter", "loc_no": "1020", "name": "Youth Co-Op Charter School", "campus": "", "address": "7700 W 20th Ave", "city": "Hialeah", "zip": "33016", "school_type": "Charter", "grades": "K-8", "capacity": 0, "enrollment": 519, "role": "charter"}}, {"type": "Feature", "id": 17, "geometry": {"type": "Point", "coordinates": [-80.2108238455896, 25.773434712257]}, "properties": {"source": "mdcps_charter", "loc_no": "7080", "name": "Charter High School Of The Americas (Gr. 9- 11)", "campus": "", "address": "970 W Flagler St", "city": "Miami", "zip": "33130", "school_type": "Charter", "grades": "9-12", "capacity": 0, "enrollment": 0, "role": "charter"}}, {"type": "Feature", "id": 18, "geometry": {"type": "Point", "coordinates": [-80.2890457305259, 25.7077852263322]}, "properties": {"source": "mdcps_charter", "loc_no": "6053", "name": "Somerset Ams South Miami", "campus": "South Miami", "address": "5876 SW 68th St", "city": "South Miami", "zip": "33143", "school_type": "Charter", "grades": "6-8", "capacity": 0, "enrollment": 153, "role": "charter"}}, {"type": "Feature", "id": 19, "geometry": {"type": "Point", "coordinates": [-80.2112077181684, 25.7732656890425]}, "properties": {"source": "mdcps_charter", "loc_no": "7080", "name": "Charter High School Of The Americas", "campus": "", "address": "988 W Flagler St", "city": "Miami", "zip": "33130", "school_type": "Charter", "grades": "9-12", "capacity": 0, "enrollment": 667, "role": "charter"}}, {"type": "Feature", "id": 20, "geometry": {"type": "Point", "coordinates": [-80.2451347903557, 25.8963512178797]}, "properties": {"source": "mdcps_charter", "loc_no": "6010", "name": "Florida International Academy", "campus": "", "address": "13400 NW 28th Ave", "city": "Opa-Locka", "zip": "33054", "school_type": "Charter", "grades": "6-8", "capacity": 0, "enrollment": 351, "role": "charter"}}, {"type": "Feature", "id": 21, "geometry": {"type": "Point", "coordinates": [-80.236421186897, 25.7650891526163]}, "properties": {"source": "mdcps_charter", "loc_no": "6045", "name": "International Studies Cms", "campus": "", "address": "2480 SW 8th St", "city": "Miami", "zip": "33135", "school_type": "Charter", "grades": "6-8", "capacity": 0, "enrollment": 223, "role": "charter"}}, {"type": "Feature", "id": 22, "geometry": {"type": "Point", "coordinates": [-80.3423600715969, 25.9308551270966]}, "properties": {"source": "mdcps_charter", "loc_no": "7018", "name": "Mater Academy Lakes High School", "campus": "", "address": "17300 NW 87th Ave", "city": "Hialeah", "zip": "33015", "school_type": "Charter", "grades": "9-12", "capacity": 0, "enrollment": 988, "role": "charter"}}, {"type": "Feature", "id": 23, "geometry": {"type": "Point", "coordinates": [-80.3257686545248, 25.8681278214263]}, "properties": {"source": "mdcps_charter", "loc_no": "7014", "name": "Mater Performing Arts & Entertainment Academy", "campus": "", "address": "7901 NW 103rd St", "city": "Hialeah Gardens", "zip": "33016", "school_type": "Charter", "grades": "9-12", "capacity": 0, "enrollment": 349, "role": "charter"}}, {"type": "Feature", "id": 24, "geometry": {"type": "Point", "coordinates": [-80.3750894559485, 25.798253166891]}, "properties": {"source": "mdcps_charter", "loc_no": "7020", "name": "Doral Academy High School", "campus": "", "address": "11100 NW 27th St", "city": "Doral", "zip": "33172", "school_type": "Charter", "grades": "9-12", "capacity": 0, "enrollment": 972, "role": "charter"}}, {"type": "Feature", "id": 25, "geometry": {"type": "Point", "coordinates": [-80.4707754047801, 25.4716593990797]}, "properties": {"source": "mdcps_charter", "loc_no": "6016", "name": "Colegiate Preparatory Academy", "campus": "South Homestead  South Homestead", "address": "305 NE 2nd Rd", "city": "Homestead", "zip": "33030", "school_type": "Charter", "grades": "6-12", "capacity": 0, "enrollment": 0, "role": "charter"}}, {"type": "Feature", "id": 26, "geometry": {"type": "Point", "coordinates": [-80.3778858413594, 25.5510749287285]}, "properties": {"source": "mdcps_charter", "loc_no": "0332", "name": "Somerset Academy Silver Palms", "campus": "Silver Palms", "address": "23255 SW 115th Ave", "city": "Homestead", "zip": "33032", "school_type": "Charter", "grades": "K-8", "capacity": 0, "enrollment": 947, "role": "charter"}}, {"type": "Feature", "id": 27, "geometry": {"type": "Point", "coordinates": [-80.2019441490247, 25.7914423495745]}, "properties": {"source": "mdcps_charter", "loc_no": "2060", "name": "Theodore R & Thelma A Gibson Charter", "campus": "", "address": "1682 NW 4th Ave", "city": "Miami", "zip": "33136", "school_type": "Charter", "grades": "K-6", "capacity": 0, "enrollment": 356, "role": "charter"}}, {"type": "Feature", "id": 28, "geometry": {"type": "Point", "coordinates": [-80.3275880555889, 25.8689443065326]}, "properties": {"source": "mdcps_charter", "loc_no": "0100", "name": "Mater Academy Elementary Building", "campus": "Hialeah Gardens", "address": "8003 NW 103rd St", "city": "Hialeah Gardens", "zip": "33016", "school_type": "Charter", "grades": "K-5", "capacity": 0, "enrollment": 0, "role": "charter"}}, {"type": "Feature", "id": 29, "geometry": {"type": "Point", "coordinates": [-80.2457323424962, 25.7382381563568]}, "properties": {"source": "mdcps_charter", "loc_no": "5045", "name": "Mater Grove Academy", "campus": "", "address": "2805 SW 32nd Ave", "city": "Miami", "zip": "33133", "school_type": "Charter", "grades": "K-8", "capacity": 0, "enrollment": 17, "role": "charter"}}, {"type": "Feature", "id": 30, "geometry": {"type": "Point", "coordinates": [-80.1662076318016, 25.924646263425]}, "properties": {"source": "mdcps_charter", "loc_no": "7062", "name": "C. G. Bethel High School", "campus": "North Miami", "address": "16150 NE 17th Ave", "city": "North Miami Beach", "zip": "33162", "school_type": "Charter", "grades": "9-12", "capacity": 0, "enrollment": 503, "role": "charter"}}, {"type": "Feature", "id": 31, "geometry": {"type": "Point", "coordinates": [-80.3960781703538, 25.5876382792156]}, "properties": {"source": "mdcps_charter", "loc_no": "1015", "name": "Academir Charter School Preparatory", "campus": "", "address": "19185 SW 127th Ave", "city": "Miami-Dade", "zip": "33177", "school_type": "Charter", "grades": "K-5", "capacity": 0, "enrollment": 589, "role": "charter"}}, {"type": "Feature", "id": 32, "geometry": {"type": "Point", "coordinates": [-80.2146663964039, 25.7794235026493]}, "properties": {"source": "mdcps_charter", "loc_no": "3003", "name": "Mater Preparatory Academy", "campus": "6Th Only", "address": "601 NW 12th Ave", "city": "Miami", "zip": "33136", "school_type": "Charter", "grades": "K-5", "capacity": 0, "enrollment": 0, "role": "charter"}}, {"type": "Feature", "id": 33, "geometry": {"type": "Point", "coordinates": [-80.3765610688604, 25.7980600837728]}, "properties": {"source": "mdcps_charter", "loc_no": "3029", "name": "Doral Academy Of Technology", "campus": "", "address": "2601 NW 112th Ave", "city": "Doral", "zip": "33172", "school_type": "Charter", "grades": "K-8", "capacity": 0, "enrollment": 197, "role": "charter"}}, {"type": "Feature", "id": 34, "geometry": {"type": "Point", "coordinates": [-80.2181560674151, 25.7880633944907]}, "properties": {"source": "mdcps_charter", "loc_no": "4070", "name": "Early Beginnings Academy Civic Center", "campus": "Civic Center", "address": "1411 NW 14th Ave", "city": "Miami", "zip": "33125", "school_type": "Charter", "grades": "PreK-2", "capacity": 0, "enrollment": 146, "role": "charter"}}, {"type": "Feature", "id": 35, "geometry": {"type": "Point", "coordinates": [-80.3750372503558, 25.7977804134394]}, "properties": {"source": "mdcps_charter", "loc_no": "7009", "name": "Doral Performing Arts & Entertainment Academy", "campus": "", "address": "11100 NW 27th ST", "city": "Doral", "zip": "33172", "school_type": "Charter", "grades": "9-12", "capacity": 0, "enrollment": 223, "role": "charter"}}, {"type": "Feature", "id": 36, "geometry": {"type": "Point", "coordinates": [-80.2436937659775, 25.8468698449494]}, "properties": {"source": "mdcps_charter", "loc_no": "6099", "name": "Phoenix Academy Of Excellence", "campus": "", "address": "7900 NW 27th Ave", "city": "Miami-Dade", "zip": "33147", "school_type": "Charter", "grades": "6-8", "capacity": 315, "enrollment": 75, "role": "charter"}}, {"type": "Feature", "id": 37, "geometry": {"type": "Point", "coordinates": [-80.2767632758519, 25.9388599503335]}, "properties": {"source": "mdcps_charter", "loc_no": "7068", "name": "North Gardens High School", "campus": "", "address": "4692 NW 183rd St", "city": "Miami Gardens", "zip": "33055", "school_type": "Charter", "grades": "9-12", "capacity": 0, "enrollment": 0, "role": "charter"}}, {"type": "Feature", "id": 38, "geometry": {"type": "Point", "coordinates": [-80.4707754047801, 25.4716593990797]}, "properties": {"source": "mdcps_charter", "loc_no": "6013", "name": "Somerset Achs (Soho) 6-8", "campus": "South Homestead", "address": "305 NE 2nd Rd", "city": "Homestead", "zip": "33030", "school_type": "Charter", "grades": "6-8", "capacity": 0, "enrollment": 113, "role": "charter"}}, {"type": "Feature", "id": 39, "geometry": {"type": "Point", "coordinates": [-80.236422662829, 25.7650891598974]}, "properties": {"source": "mdcps_charter", "loc_no": "6017", "name": "International Studies Virtual Academy", "campus": "Virtual Academy", "address": "2480 SW 8th St", "city": "Miami", "zip": "33135", "school_type": "Charter", "grades": "6-12", "capacity": 0, "enrollment": 352, "role": "charter"}}, {"type": "Feature", "id": 40, "geometry": {"type": "Point", "coordinates": [-80.4452722033212, 25.4718571792739]}, "properties": {"source": "mdcps_charter", "loc_no": "5006", "name": "Everglades Preparatory Academy Middle School", "campus": "Homestead", "address": "2251 E. Mowry Drive", "city": "Homestead", "zip": "33033", "school_type": "Charter", "grades": "6-8", "capacity": 0, "enrollment": 0, "role": "charter"}}, {"type": "Feature", "id": 41, "geometry": {"type": "Point", "coordinates": [-80.4733816536762, 25.4622965374425]}, "properties": {"source": "mdcps_charter", "loc_no": "7144", "name": "Charter High School Of The Americas (Florida City)", "campus": "International", "address": "103 E Lucy St", "city": "Florida City", "zip": "33034", "school_type": "Charter", "grades": "9-12", "capacity": 0, "enrollment": 197, "role": "charter"}}, {"type": "Feature", "id": 42, "geometry": {"type": "Point", "coordinates": [-80.274323314098, 25.8124290071333]}, "properties": {"source": "mdcps_charter", "loc_no": "6093", "name": "Acad. For International Educ. Charter Upper School For Science & Technology", "campus": "", "address": "1080 La Baron Dr", "city": "Miami Springs", "zip": "33166", "school_type": "Charter", "grades": "6-12", "capacity": 0, "enrollment": 378, "role": "charter"}}, {"type": "Feature", "id": 43, "geometry": {"type": "Point", "coordinates": [-80.3715214913704, 25.5555959511943]}, "properties": {"source": "mdcps_charter", "loc_no": "7032", "name": "Palm Glades Preparatory High School", "campus": "", "address": "22655 SW 112th Ave", "city": "Miami-Dade", "zip": "33170", "school_type": "Charter", "grades": "9-12", "capacity": 0, "enrollment": 560, "role": "charter"}}, {"type": "Feature", "id": 44, "geometry": {"type": "Point", "coordinates": [-80.4733816536762, 25.4622965374425]}, "properties": {"source": "mdcps_charter", "loc_no": "5043", "name": "Lincoln-Marti Cs International Campus", "campus": "International", "address": "103 E Lucy St", "city": "Florida City", "zip": "33034", "school_type": "Charter", "grades": "K-8", "capacity": 0, "enrollment": 197, "role": "charter"}}, {"type": "Feature", "id": 45, "geometry": {"type": "Point", "coordinates": [-80.2058683513085, 25.8787893612585]}, "properties": {"source": "mdcps_charter", "loc_no": "6040", "name": "Doctors Charter School Of Miami Shores", "campus": "", "address": "11301 NW 5th Ave", "city": "Miami Shores", "zip": "33168", "school_type": "Charter", "grades": "6-12", "capacity": 0, "enrollment": 544, "role": "charter"}}, {"type": "Feature", "id": 46, "geometry": {"type": "Point", "coordinates": [-80.2436937659775, 25.8468698449494]}, "properties": {"source": "mdcps_charter", "loc_no": "7015", "name": "Stellar Leadership Academy", "campus": "", "address": "7900 NW 27th Ave", "city": "Miami-Dade", "zip": "33147", "school_type": "Charter", "grades": "9-12", "capacity": 315, "enrollment": 75, "role": "charter"}}, {"type": "Feature", "id": 47, "geometry": {"type": "Point", "coordinates": [-80.4351833968418, 25.4513242431814]}, "properties": {"source": "mdcps_charter", "loc_no": "3610", "name": "Keys Gate Charter School 3-8", "campus": "South", "address": "2000 SE 28th Ave", "city": "Homestead", "zip": "33035", "school_type": "Charter", "grades": "3-8", "capacity": 0, "enrollment": 0, "role": "charter"}}, {"type": "Feature", "id": 48, "geometry": {"type": "Point", "coordinates": [-80.4309577810341, 25.4513651665279]}, "properties": {"source": "mdcps_charter", "loc_no": "3610", "name": "Keys Gate Charter School K-8", "campus": "South", "address": "2325 SE 28th Ave", "city": "Homestead", "zip": "33035", "school_type": "Charter", "grades": "K-8", "capacity": 0, "enrollment": 0, "role": "charter"}}, {"type": "Feature", "id": 49, "geometry": {"type": "Point", "coordinates": [-80.378563913092, 25.541802741267]}, "properties": {"source": "mdcps_charter", "loc_no": "0072", "name": "Summerville Advantage Academy", "campus": "", "address": "11575 SW 243rd St", "city": "Miami-Dade", "zip": "33032", "school_type": "Charter", "grades": "K-8", "capacity": 0, "enrollment": 550, "role": "charter"}}, {"type": "Feature", "id": 50, "geometry": {"type": "Point", "coordinates": [-80.3407653966776, 25.7744238169364]}, "properties": {"source": "mdcps_charter", "loc_no": "5004", "name": "Pinecrest North Preparatory", "campus": "Fontainebleau Campus", "address": "8925 Fontainebleau Blvd", "city": "Miami", "zip": "33172", "school_type": "Charter", "grades": "K-8", "capacity": null, "enrollment": null, "role": "charter"}}, {"type": "Feature", "id": 51, "geometry": {"type": "Point", "coordinates": [-80.4368660365904, 25.691554484024]}, "properties": {"source": "mdcps_charter", "loc_no": "0342", "name": "Pinecrest Academy School - South", "campus": "South", "address": "15130 SW 80th St", "city": "Miami-Dade", "zip": "33193", "school_type": "Charter", "grades": "K-5", "capacity": 0, "enrollment": 750, "role": "charter"}}, {"type": "Feature", "id": 52, "geometry": {"type": "Point", "coordinates": [-80.3892392691463, 25.7016534770793]}, "properties": {"source": "mdcps_charter", "loc_no": "5015", "name": "Somerset Palms Academy", "campus": "", "address": "12001 SW 72nd St", "city": "Miami", "zip": "33183", "school_type": "Charter", "grades": "K-8", "capacity": null, "enrollment": null, "role": "charter"}}, {"type": "Feature", "id": 53, "geometry": {"type": "Point", "coordinates": [-80.2319557101287, 25.8906247807514]}, "properties": {"source": "mdcps_charter", "loc_no": "6018", "name": "The Seed School Of Miami", "campus": "", "address": "1901 NW 127th St", "city": "Miami-Dade", "zip": "33167", "school_type": "Charter", "grades": "6-12", "capacity": 0, "enrollment": 0, "role": "charter"}}, {"type": "Feature", "id": 55, "geometry": {"type": "Point", "coordinates": [-80.3299966445798, 25.5614601469003]}, "properties": {"source": "mdcps_charter", "loc_no": "4010", "name": "Mater Academy Bay Elementary", "campus": "", "address": "22025 SW 87th Ave", "city": "Cutler Bay", "zip": "33190", "school_type": "Charter", "grades": "K-5", "capacity": 0, "enrollment": 401, "role": "charter"}}, {"type": "Feature", "id": 56, "geometry": {"type": "Point", "coordinates": [-80.1369412142427, 25.9738359648527]}, "properties": {"source": "mdcps_charter", "loc_no": "7026", "name": "Don Soffer Aventura Chs", "campus": "", "address": "3151 NE 213rd St", "city": "Aventura", "zip": "33180", "school_type": "Charter", "grades": "9-12", "capacity": 0, "enrollment": 0, "role": "charter"}}, {"type": "Feature", "id": 57, "geometry": {"type": "Point", "coordinates": [-80.4357931346291, 25.7425105324676]}, "properties": {"source": "mdcps_charter", "loc_no": "0410", "name": "Academir Charter School West", "campus": "", "address": "14880 SW 26th St", "city": "Miami-Dade", "zip": "33185", "school_type": "Charter", "grades": "K-8", "capacity": 0, "enrollment": 583, "role": "charter"}}, {"type": "Feature", "id": 58, "geometry": {"type": "Point", "coordinates": [-80.2376251171256, 25.9403938495117]}, "properties": {"source": "mdcps_charter", "loc_no": "5032", "name": "Excelsior Charter Academy", "campus": "Miami Gardens", "address": "18200 NW 22nd Ave", "city": "Miami Gardens", "zip": "33056", "school_type": "Charter", "grades": "K-8", "capacity": 0, "enrollment": 188, "role": "charter"}}, {"type": "Feature", "id": 59, "geometry": {"type": "Point", "coordinates": [-80.4060405946525, 25.499321794218]}, "properties": {"source": "mdcps_charter", "loc_no": "4242", "name": "Academir Charter School Of Math And Science", "campus": "", "address": "13330 SW 288th St", "city": "Homestead", "zip": "33033", "school_type": "Charter", "grades": "K-5", "capacity": 0, "enrollment": 297, "role": "charter"}}, {"type": "Feature", "id": 60, "geometry": {"type": "Point", "coordinates": [-80.3258526173595, 25.8681242147709]}, "properties": {"source": "mdcps_charter", "loc_no": "7160", "name": "Mater Academy Charter High School", "campus": "", "address": "7901 NW 103rd St", "city": "Hialeah Gardens", "zip": "33016", "school_type": "Charter", "grades": "9-12", "capacity": 0, "enrollment": 1717, "role": "charter"}}, {"type": "Feature", "id": 61, "geometry": {"type": "Point", "coordinates": [-80.2974065628776, 25.9291539181421]}, "properties": {"source": "mdcps_charter", "loc_no": "1014", "name": "Hive Preparatory School Advance Learning", "campus": "", "address": "5855 NW 171st St", "city": "Miami-Dade", "zip": "33015", "school_type": "Charter", "grades": "K-8", "capacity": 0, "enrollment": 576, "role": "charter"}}, {"type": "Feature", "id": 62, "geometry": {"type": "Point", "coordinates": [-80.3538883834033, 25.7949645463993]}, "properties": {"source": "mdcps_charter", "loc_no": "3030", "name": "Doral Academy", "campus": "", "address": "2450 NW 97th Ave", "city": "Doral", "zip": "33172", "school_type": "Charter", "grades": "K-5", "capacity": 0, "enrollment": 771, "role": "charter"}}, {"type": "Feature", "id": 63, "geometry": {"type": "Point", "coordinates": [-80.274323314098, 25.8124290071333]}, "properties": {"source": "mdcps_charter", "loc_no": "5044", "name": "Academy Of International Education Charter School", "campus": "", "address": "1080 La Baron Dr", "city": "Miami Springs", "zip": "33166", "school_type": "Charter", "grades": "K-5", "capacity": 0, "enrollment": 378, "role": "charter"}}, {"type": "Feature", "id": 64, "geometry": {"type": "Point", "coordinates": [-80.2527809212708, 25.8523243524153]}, "properties": {"source": "mdcps_charter", "loc_no": "2332", "name": "Kipp Miami - Liberty City", "campus": "", "address": "3400 NW 87th St", "city": "Miami", "zip": "33147", "school_type": "Charter", "grades": "5-8", "capacity": 0, "enrollment": 0, "role": "charter"}}, {"type": "Feature", "id": 65, "geometry": {"type": "Point", "coordinates": [-80.3423826184122, 25.9309567310774]}, "properties": {"source": "mdcps_charter", "loc_no": "6033", "name": "Mater Academy Lakes Middle School", "campus": "", "address": "17300 NW 87th Ave", "city": "Hialeah", "zip": "33015", "school_type": "Charter", "grades": "6-8", "capacity": 0, "enrollment": 576, "role": "charter"}}, {"type": "Feature", "id": 66, "geometry": {"type": "Point", "coordinates": [-80.1557910372616, 25.9499579381019]}, "properties": {"source": "mdcps_charter", "loc_no": "4050", "name": "Bridgeprep Academy Of North Miami Beach", "campus": "", "address": "18801 NE 22nd Ave", "city": "Miami", "zip": "33180", "school_type": "Charter", "grades": "K-8", "capacity": 0, "enrollment": 0, "role": "charter"}}, {"type": "Feature", "id": 67, "geometry": {"type": "Point", "coordinates": [-80.2553357685663, 25.8964865287979]}, "properties": {"source": "mdcps_charter", "loc_no": "7069", "name": "North Park High School", "campus": "", "address": "3400 NW 135TH St", "city": "Opa-Locka", "zip": "33054", "school_type": "Charter", "grades": "9-12", "capacity": 0, "enrollment": 326, "role": "charter"}}, {"type": "Feature", "id": 68, "geometry": {"type": "Point", "coordinates": [-80.4940543281881, 25.4401140221805]}, "properties": {"source": "mdcps_charter", "loc_no": "6048", "name": "Miami Community Charter Middle School", "campus": "", "address": "18720 SW 352nd St", "city": "Miami-Dade", "zip": "33034", "school_type": "Charter", "grades": "6-8", "capacity": 0, "enrollment": 250, "role": "charter"}}, {"type": "Feature", "id": 69, "geometry": {"type": "Point", "coordinates": [-80.1765322729926, 25.7847103832215]}, "properties": {"source": "mdcps_charter", "loc_no": "4000", "name": "Miami Children'S Museum Charter School", "campus": "", "address": "980 MacArthur Cswy", "city": "Miami", "zip": "33132", "school_type": "Charter", "grades": "K-5", "capacity": 0, "enrollment": 243, "role": "charter"}}, {"type": "Feature", "id": 70, "geometry": {"type": "Point", "coordinates": [-80.3733065678075, 25.6663555461841]}, "properties": {"source": "mdcps_charter", "loc_no": "5022", "name": "Ben Gamla Charter School", "campus": "", "address": "11155 SW 112th Ave", "city": "Miami-Dade", "zip": "33176", "school_type": "Charter", "grades": "K-8", "capacity": 0, "enrollment": 159, "role": "charter"}}, {"type": "Feature", "id": 71, "geometry": {"type": "Point", "coordinates": [-80.3234753508259, 25.8620178551313]}, "properties": {"source": "mdcps_charter", "loc_no": "0100", "name": "Mater Academy Plc", "campus": "Hialeah Gardens", "address": "7700 NW 98th St", "city": "Hialeah Gardens", "zip": "33016", "school_type": "Charter", "grades": "K-5", "capacity": 0, "enrollment": 738, "role": "charter"}}, {"type": "Feature", "id": 72, "geometry": {"type": "Point", "coordinates": [-80.3765789633009, 25.7982478548105]}, "properties": {"source": "mdcps_charter", "loc_no": "6030", "name": "Doral Academy Charter Middle School", "campus": "", "address": "2601 NW 112th Ave", "city": "Doral", "zip": "33172", "school_type": "Charter", "grades": "6-8", "capacity": 0, "enrollment": 1240, "role": "charter"}}, {"type": "Feature", "id": 73, "geometry": {"type": "Point", "coordinates": [-80.2456829207825, 25.7382349147373]}, "properties": {"source": "mdcps_charter", "loc_no": "5046", "name": "Mater Brickell Preparatory Academy", "campus": "", "address": "2805 SW 32nd Ave", "city": "Miami", "zip": "33133", "school_type": "Charter", "grades": "K-8", "capacity": 0, "enrollment": 19, "role": "charter"}}, {"type": "Feature", "id": 74, "geometry": {"type": "Point", "coordinates": [-80.2133282201426, 25.8583429128099]}, "properties": {"source": "mdcps_charter", "loc_no": "4070", "name": "Early Beginnings Academy North Shore", "campus": "North Shore", "address": "985 NW 91st St", "city": "Miami-Dade", "zip": "33150", "school_type": "Charter", "grades": "PreK-2", "capacity": 0, "enrollment": 50, "role": "charter"}}, {"type": "Feature", "id": 75, "geometry": {"type": "Point", "coordinates": [-80.3949426459357, 25.7010194021716]}, "properties": {"source": "mdcps_charter", "loc_no": "0510", "name": "Archimedean Academy K-5", "campus": "", "address": "12425 SW 72nd St", "city": "Miami-Dade", "zip": "33183", "school_type": "Charter", "grades": "K-5", "capacity": 0, "enrollment": 406, "role": "charter"}}, {"type": "Feature", "id": 76, "geometry": {"type": "Point", "coordinates": [-80.3263890660943, 25.8691334152223]}, "properties": {"source": "mdcps_charter", "loc_no": "6012", "name": "Mater Academy Charter Middle School", "campus": "", "address": "10505 NW 80th Ave", "city": "Hialeah Gardens", "zip": "33016", "school_type": "Charter", "grades": "6-8", "capacity": 0, "enrollment": 0, "role": "charter"}}, {"type": "Feature", "id": 77, "geometry": {"type": "Point", "coordinates": [-80.3524115629577, 25.6807398428219]}, "properties": {"source": "mdcps_charter", "loc_no": "5062", "name": "Somerset Academy Bay Elementary At Pinewood Acres", "campus": "", "address": "9500 SW 97th Ave", "city": "Miami-Dade", "zip": "33176", "school_type": "Charter", "grades": "K-5", "capacity": 0, "enrollment": 0, "role": "charter"}}, {"type": "Feature", "id": 78, "geometry": {"type": "Point", "coordinates": [-80.2095508888145, 25.8064762190312]}, "properties": {"source": "mdcps_charter", "loc_no": "1017", "name": "Mater Academy Of International Studies", "campus": "", "address": "795 NW 32nd St", "city": "Miami", "zip": "33127", "school_type": "Charter", "grades": "K-5", "capacity": 0, "enrollment": 452, "role": "charter"}}, {"type": "Feature", "id": 79, "geometry": {"type": "Point", "coordinates": [-80.3521536126222, 25.6806129537029]}, "properties": {"source": "mdcps_charter", "loc_no": "6128", "name": "Somerset Academy Bay Middle School", "campus": "", "address": "9500 SW 97th Ave", "city": "Miami-Dade", "zip": "33176", "school_type": "Charter", "grades": "6-8", "capacity": 0, "enrollment": 0, "role": "charter"}}, {"type": "Feature", "id": 80, "geometry": {"type": "Point", "coordinates": [-80.4413427279267, 25.7603006627879]}, "properties": {"source": "mdcps_charter", "loc_no": "7027", "name": "Pinecrest Glades Preparatory Amhs", "campus": "", "address": "15250 SW 8th St", "city": "Miami-Dade", "zip": "33194", "school_type": "Charter", "grades": "6-12", "capacity": 0, "enrollment": 0, "role": "charter"}}, {"type": "Feature", "id": 81, "geometry": {"type": "Point", "coordinates": [-80.2108321334464, 25.7731825319369]}, "properties": {"source": "mdcps_charter", "loc_no": "5025", "name": "Lincoln-Marti Charter School", "campus": "Little Havana", "address": "970 W Flagler St", "city": "Miami", "zip": "33130", "school_type": "Charter", "grades": "K-8", "capacity": 0, "enrollment": 667, "role": "charter"}}, {"type": "Feature", "id": 82, "geometry": {"type": "Point", "coordinates": [-80.3658836394945, 25.5675241732256]}, "properties": {"source": "mdcps_charter", "loc_no": "0070", "name": "Coral Reef Montessori Academy Charter School", "campus": "", "address": "10853 SW 216th St", "city": "Miami-Dade", "zip": "33170", "school_type": "Charter", "grades": "K-8", "capacity": 0, "enrollment": 401, "role": "charter"}}, {"type": "Feature", "id": 83, "geometry": {"type": "Point", "coordinates": [-80.4351833968418, 25.4513242431814]}, "properties": {"source": "mdcps_charter", "loc_no": "7050", "name": "Keys Gate Charter School", "campus": "South", "address": "2000 SE 28th Ave", "city": "Homestead", "zip": "33035", "school_type": "Charter", "grades": "K-8", "capacity": 0, "enrollment": 0, "role": "charter"}}, {"type": "Feature", "id": 84, "geometry": {"type": "Point", "coordinates": [-80.3789693587124, 25.8985694210465]}, "properties": {"source": "mdcps_charter", "loc_no": "7066", "name": "Latin Builders Ass Const And Bussiness Mmgt Academy Chs", "campus": "Suite 207", "address": "11093 NW 138th St", "city": "Hialeah Gardens", "zip": "33018", "school_type": "Charter", "grades": "9-12", "capacity": 0, "enrollment": 0, "role": "charter"}}, {"type": "Feature", "id": 85, "geometry": {"type": "Point", "coordinates": [-80.3667737747196, 25.8347692509569]}, "properties": {"source": "mdcps_charter", "loc_no": "3026", "name": "Doral International Academy Of Math And Science", "campus": "", "address": "6700 NW 104th Ave", "city": "Doral", "zip": "33178", "school_type": "Charter", "grades": "K-8", "capacity": 0, "enrollment": 0, "role": "charter"}}, {"type": "Feature", "id": 86, "geometry": {"type": "Point", "coordinates": [-80.2110721417308, 25.7724670852565]}, "properties": {"source": "mdcps_charter", "loc_no": "7037", "name": "Mater Academy East High School", "campus": "", "address": "998 SW 1st St", "city": "Miami", "zip": "33130", "school_type": "Charter", "grades": "9-12", "capacity": 0, "enrollment": 283, "role": "charter"}}, {"type": "Feature", "id": 87, "geometry": {"type": "Point", "coordinates": [-80.3546413090537, 25.8982950106187]}, "properties": {"source": "mdcps_charter", "loc_no": "5007", "name": "Lincoln-Marti Cs Hialeah", "campus": "Hialeah", "address": "3500 W 84th St", "city": "Hialeah", "zip": "33018", "school_type": "Charter", "grades": "K-12", "capacity": 0, "enrollment": 339, "role": "charter"}}, {"type": "Feature", "id": 88, "geometry": {"type": "Point", "coordinates": [-80.2445542253573, 25.727039541625]}, "properties": {"source": "mdcps_charter", "loc_no": "7022", "name": "Bridgeprep Academy Of Arts & Minds (Baam)", "campus": "", "address": "3138 Commodore Plz", "city": "Miami", "zip": "33133", "school_type": "Charter", "grades": "9-12", "capacity": 0, "enrollment": 371, "role": "charter"}}, {"type": "Feature", "id": 89, "geometry": {"type": "Point", "coordinates": [-80.3892947383185, 25.7016995965343]}, "properties": {"source": "mdcps_charter", "loc_no": "7554", "name": "Somerset Academy Palms Performing Arts Academy", "campus": "", "address": "12001 SW 72nd St", "city": "Miami", "zip": "33183", "school_type": "Charter", "grades": "9-12", "capacity": 0, "enrollment": 0, "role": "charter"}}, {"type": "Feature", "id": 90, "geometry": {"type": "Point", "coordinates": [-80.3455693083393, 25.7029475226118]}, "properties": {"source": "mdcps_charter", "loc_no": "7039", "name": "True North Classical Academy Hs", "campus": "", "address": "9393 Sunset Dr", "city": "Miami-Dade", "zip": "33173", "school_type": "Charter", "grades": "9-12", "capacity": 0, "enrollment": 0, "role": "charter"}}, {"type": "Feature", "id": 91, "geometry": {"type": "Point", "coordinates": [-80.3948440737996, 25.701483807808]}, "properties": {"source": "mdcps_charter", "loc_no": "6006", "name": "Archimedean Middle Conservatory", "campus": "", "address": "12425 SW 72nd St", "city": "Miami-Dade", "zip": "33183", "school_type": "Charter", "grades": "6-8", "capacity": 0, "enrollment": 262, "role": "charter"}}, {"type": "Feature", "id": 92, "geometry": {"type": "Point", "coordinates": [-80.2862550287558, 25.8214130603942]}, "properties": {"source": "mdcps_charter", "loc_no": "2004", "name": "Integrated Science And Asian Culture (Isaac) Academy", "campus": "", "address": "301 Westward Dr", "city": "Miami Springs", "zip": "33166", "school_type": "Charter", "grades": "K-8", "capacity": 0, "enrollment": 477, "role": "charter"}}, {"type": "Feature", "id": 93, "geometry": {"type": "Point", "coordinates": [-80.3299966445798, 25.5614601469003]}, "properties": {"source": "mdcps_charter", "loc_no": "6032", "name": "Mater Academy Bay Middle School", "campus": "", "address": "22025 SW 87th Ave", "city": "Cutler Bay", "zip": "33190", "school_type": "Charter", "grades": "6-8", "capacity": 0, "enrollment": 401, "role": "charter"}}, {"type": "Feature", "id": 94, "geometry": {"type": "Point", "coordinates": [-80.3275880555889, 25.8689443065326]}, "properties": {"source": "mdcps_charter", "loc_no": "6012", "name": "Mater Academy Elementary Building", "campus": "Hialeah Gardens", "address": "8003 NW 103rd St", "city": "Hialeah Gardens", "zip": "33016", "school_type": "Charter", "grades": "6-8", "capacity": 0, "enrollment": 0, "role": "charter"}}, {"type": "Feature", "id": 95, "geometry": {"type": "Point", "coordinates": [-80.4191247436153, 25.4790247893356]}, "properties": {"source": "mdcps_charter", "loc_no": "1010", "name": "The Charter School At Waterstone", "campus": "", "address": "855 Waterstone Way", "city": "Homestead", "zip": "33033", "school_type": "Charter", "grades": "K-8", "capacity": 0, "enrollment": 1042, "role": "charter"}}, {"type": "Feature", "id": 96, "geometry": {"type": "Point", "coordinates": [-80.4331442723508, 25.4621087524651]}, "properties": {"source": "mdcps_charter", "loc_no": "0754", "name": "Somerset Pa (Homestead)", "campus": "Homestead", "address": "3000 SE 9th St", "city": "Homestead", "zip": "33035", "school_type": "Charter", "grades": "K-5", "capacity": 0, "enrollment": 0, "role": "charter"}}, {"type": "Feature", "id": 97, "geometry": {"type": "Point", "coordinates": [-80.2150331470934, 25.7794573692992]}, "properties": {"source": "mdcps_charter", "loc_no": "7016", "name": "Sports Leadership Arts Management Chs", "campus": "", "address": "604 NW 12th Ave", "city": "Miami", "zip": "33136", "school_type": "Charter", "grades": "9-12", "capacity": 0, "enrollment": 0, "role": "charter"}}, {"type": "Feature", "id": 98, "geometry": {"type": "Point", "coordinates": [-80.3664420457498, 25.6884273028677]}, "properties": {"source": "mdcps_charter", "loc_no": "7516", "name": "Kendall Greens High School", "campus": "", "address": "8610 SW 107th Ave", "city": "Miami", "zip": "33176", "school_type": "Charter", "grades": "9-12", "capacity": null, "enrollment": null, "role": "charter"}}, {"type": "Feature", "id": 99, "geometry": {"type": "Point", "coordinates": [-80.3418646489211, 25.8068672009735]}, "properties": {"source": "mdcps_charter", "loc_no": "5028", "name": "Bridgeprep Academy Of Miami-Dade", "campus": "", "address": "3500 NW 89th Ct", "city": "Doral", "zip": "33172", "school_type": "Charter", "grades": "K-8", "capacity": null, "enrollment": null, "role": "charter"}}, {"type": "Feature", "id": 100, "geometry": {"type": "Point", "coordinates": [-80.1234814823546, 25.8714889945387]}, "properties": {"source": "mdcps_charter", "loc_no": "5047", "name": "Mater Academy Miami Beach", "campus": "Miami Beach", "address": "8625 Byron Ave", "city": "Miami Beach", "zip": "33141", "school_type": "Charter", "grades": "K-9", "capacity": 0, "enrollment": 265, "role": "charter"}}, {"type": "Feature", "id": 101, "geometry": {"type": "Point", "coordinates": [-80.2942058538422, 25.8392262528788]}, "properties": {"source": "mdcps_charter", "loc_no": "5384", "name": "Imater Academy", "campus": "", "address": "600 W 20th St", "city": "Hialeah", "zip": "33010", "school_type": "Charter", "grades": "K-5", "capacity": 0, "enrollment": 0, "role": "charter"}}, {"type": "Feature", "id": 102, "geometry": {"type": "Point", "coordinates": [-80.3340340157248, 25.8193026948351]}, "properties": {"source": "mdcps_charter", "loc_no": "3002", "name": "Downtown Doral Charter Elementary (Ddces)", "campus": "Doral", "address": "8390 NW 53rd St", "city": "Doral", "zip": "33166", "school_type": "Charter", "grades": "K-5", "capacity": 0, "enrollment": 0, "role": "charter"}}, {"type": "Feature", "id": 103, "geometry": {"type": "Point", "coordinates": [-80.3795539095357, 25.8111651829911]}, "properties": {"source": "mdcps_charter", "loc_no": "0412", "name": "Academir Charter School East", "campus": "", "address": "11300 NW 41st St", "city": "Doral", "zip": "33178", "school_type": "Charter", "grades": "K-5", "capacity": null, "enrollment": null, "role": "charter"}}, {"type": "Feature", "id": 104, "geometry": {"type": "Point", "coordinates": [-80.1679017017139, 25.9281928553903]}, "properties": {"source": "mdcps_charter", "loc_no": "7108", "name": "Sports Leadership Arts Management Charter High School", "campus": "North Campus", "address": "16551 NE 16th  Ave", "city": "North Miami Beach", "zip": "33162", "school_type": "Charter", "grades": "9-12", "capacity": 0, "enrollment": 0, "role": "charter"}}, {"type": "Feature", "id": 105, "geometry": {"type": "Point", "coordinates": [-80.2095107853253, 25.8064752526037]}, "properties": {"source": "mdcps_charter", "loc_no": "6047", "name": "Mater International Preparatory", "campus": "", "address": "795 NW 32nd St", "city": "Miami", "zip": "33127", "school_type": "Charter", "grades": "6-9", "capacity": 0, "enrollment": 114, "role": "charter"}}, {"type": "Feature", "id": 106, "geometry": {"type": "Point", "coordinates": [-80.2742711947435, 25.8312131211102]}, "properties": {"source": "mdcps_charter", "loc_no": "5029", "name": "Excelsior Language Academy Of Hialeah", "campus": "Hialeah", "address": "369 E 10th St", "city": "Hialeah", "zip": "33010", "school_type": "Charter", "grades": "K-8", "capacity": 0, "enrollment": 576, "role": "charter"}}, {"type": "Feature", "id": 107, "geometry": {"type": "Point", "coordinates": [-80.2514459645714, 25.9019604288402]}, "properties": {"source": "mdcps_charter", "loc_no": "7043", "name": "Arts Academy Of Excellence", "campus": "", "address": "780 Fisherman St", "city": "Opa-Locka", "zip": "33054", "school_type": "Charter", "grades": "6-12", "capacity": 0, "enrollment": 326, "role": "charter"}}, {"type": "Feature", "id": 108, "geometry": {"type": "Point", "coordinates": [-80.4079746000856, 25.5361852016738]}, "properties": {"source": "mdcps_charter", "loc_no": "4012", "name": "Somerset Academy Silver Palms At Princeton", "campus": "Silver Palms", "address": "13390 SW 248th St", "city": "Homestead", "zip": "33032", "school_type": "Charter", "grades": "K-8", "capacity": 0, "enrollment": 478, "role": "charter"}}, {"type": "Feature", "id": 109, "geometry": {"type": "Point", "coordinates": [-80.3508396001437, 25.7079211549897]}, "properties": {"source": "mdcps_charter", "loc_no": "1024", "name": "True North Classical Academy Kendall", "campus": "", "address": "6500 SW 97th Ave", "city": "Miami", "zip": "33173", "school_type": "Charter", "grades": "K-8", "capacity": null, "enrollment": null, "role": "charter"}}, {"type": "Feature", "id": 110, "geometry": {"type": "Point", "coordinates": [-80.3227663240469, 25.9397058990186]}, "properties": {"source": "mdcps_charter", "loc_no": "1070", "name": "South Florida Autism Charter School", "campus": "", "address": "18305 NW 75th Pl", "city": "Hialeah", "zip": "33015", "school_type": "Charter", "grades": "K-12", "capacity": 0, "enrollment": 98, "role": "charter"}}, {"type": "Feature", "id": 111, "geometry": {"type": "Point", "coordinates": [-80.4086958322744, 25.5953219846521]}, "properties": {"source": "mdcps_charter", "loc_no": "6004", "name": "Somerset Amcs", "campus": "", "address": "18491 SW 134th Ave", "city": "Miami-Dade", "zip": "33177", "school_type": "Charter", "grades": "6-8", "capacity": 0, "enrollment": 225, "role": "charter"}}, {"type": "Feature", "id": 112, "geometry": {"type": "Point", "coordinates": [-80.1485100221022, 25.9497426434183]}, "properties": {"source": "mdcps_charter", "loc_no": "2013", "name": "Bridgeprep Academy Of Greater Miami", "campus": "", "address": "18801 W Dixie Hwy", "city": "Miami-Dade", "zip": "33180", "school_type": "Charter", "grades": "K-5", "capacity": 0, "enrollment": 972, "role": "charter"}}, {"type": "Feature", "id": 113, "geometry": {"type": "Point", "coordinates": [-80.2952501884791, 25.8402487313434]}, "properties": {"source": "mdcps_charter", "loc_no": "6014", "name": "Imater Academy Middle School", "campus": "", "address": "651 W 20th St", "city": "Hialeah", "zip": "33010", "school_type": "Charter", "grades": "6-8", "capacity": 0, "enrollment": 0, "role": "charter"}}, {"type": "Feature", "id": 114, "geometry": {"type": "Point", "coordinates": [-80.4413010209447, 25.7601954154302]}, "properties": {"source": "mdcps_charter", "loc_no": "2031", "name": "Pinecrest Glades Academy", "campus": "", "address": "15250 SW 8th St", "city": "Miami-Dade", "zip": "33194", "school_type": "Charter", "grades": "K-5", "capacity": 0, "enrollment": 0, "role": "charter"}}, {"type": "Feature", "id": 115, "geometry": {"type": "Point", "coordinates": [-80.3617985300787, 25.7697061785257]}, "properties": {"source": "mdcps_charter", "loc_no": "5048", "name": "Pinecrest Academy - North", "campus": "North", "address": "10207 W Flagler St", "city": "Miami-Dade", "zip": "33174", "school_type": "Charter", "grades": "K-5", "capacity": 0, "enrollment": 0, "role": "charter"}}, {"type": "Feature", "id": 116, "geometry": {"type": "Point", "coordinates": [-80.1401173705248, 25.8131657729322]}, "properties": {"source": "mdcps_charter", "loc_no": "5054", "name": "Mater Academy At Mount Sinai", "campus": "", "address": "4300 Alton Rd", "city": "Miami Beach", "zip": "33140", "school_type": "Charter", "grades": "K-5", "capacity": 0, "enrollment": 49, "role": "charter"}}, {"type": "Feature", "id": 117, "geometry": {"type": "Point", "coordinates": [-80.4676026585028, 25.4807472533877]}, "properties": {"source": "mdcps_charter", "loc_no": "3033", "name": "Somerset Oaks Academy", "campus": "", "address": "1000 Old Dixie Hwy", "city": "Homestead", "zip": "33030", "school_type": "Charter", "grades": "K-8", "capacity": 0, "enrollment": 581, "role": "charter"}}, {"type": "Feature", "id": 118, "geometry": {"type": "Point", "coordinates": [-80.2350029069635, 25.8364654757339]}, "properties": {"source": "mdcps_charter", "loc_no": "2008", "name": "Kipp Miami Sunrise Academy", "campus": "", "address": "6745 NW 23rd Ave", "city": "Miami", "zip": "33147", "school_type": "Charter", "grades": "K-5", "capacity": 0, "enrollment": 0, "role": "charter"}}, {"type": "Feature", "id": 119, "geometry": {"type": "Point", "coordinates": [-80.4088181235272, 25.5955001779497]}, "properties": {"source": "mdcps_charter", "loc_no": "0520", "name": "Somerset Academy", "campus": "", "address": "18491 SW 134th Ave", "city": "Miami-Dade", "zip": "33177", "school_type": "Charter", "grades": "K-5", "capacity": 0, "enrollment": 455, "role": "charter"}}, {"type": "Feature", "id": 120, "geometry": {"type": "Point", "coordinates": [-80.289055797047, 25.7078206723076]}, "properties": {"source": "mdcps_charter", "loc_no": "2007", "name": "Somerset Aes", "campus": "South Miami", "address": "5876 SW 68th St", "city": "South Miami", "zip": "33143", "school_type": "Charter", "grades": "K-5", "capacity": 0, "enrollment": 455, "role": "charter"}}, {"type": "Feature", "id": 121, "geometry": {"type": "Point", "coordinates": [-80.1643161741737, 25.8952161382162]}, "properties": {"source": "mdcps_charter", "loc_no": "2022", "name": "Mater Academy Biscayne North Miami Elementary", "campus": "", "address": "12900 NE 17th Ave", "city": "North Miami", "zip": "33181", "school_type": "Charter", "grades": "K-5", "capacity": null, "enrollment": null, "role": "charter"}}, {"type": "Feature", "id": 122, "geometry": {"type": "Point", "coordinates": [-80.4452506419577, 25.4720689406903]}, "properties": {"source": "mdcps_charter", "loc_no": "7060", "name": "Everglades Preparatory Academy High School", "campus": "Homestead", "address": "2251 E. Mowry Dr", "city": "Homestead", "zip": "33033", "school_type": "Charter", "grades": "9-12", "capacity": 0, "enrollment": 0, "role": "charter"}}, {"type": "Feature", "id": 123, "geometry": {"type": "Point", "coordinates": [-80.2019543233436, 25.7697657329498]}, "properties": {"source": "mdcps_charter", "loc_no": "3100", "name": "Mater Academy East Charter School", "campus": "", "address": "450 SW 4th St", "city": "Miami", "zip": "33130", "school_type": "Charter", "grades": "K-5", "capacity": 0, "enrollment": 535, "role": "charter"}}, {"type": "Feature", "id": 124, "geometry": {"type": "Point", "coordinates": [-80.1916169988392, 25.7950152034301]}, "properties": {"source": "mdcps_charter", "loc_no": "2013", "name": "Bridgeprep Academy Of Greater Miami", "campus": "Downtown", "address": "137 NE 19th St", "city": "Miami", "zip": "33132", "school_type": "Charter", "grades": "K-5", "capacity": 0, "enrollment": 229, "role": "charter"}}, {"type": "Feature", "id": 125, "geometry": {"type": "Point", "coordinates": [-80.3670502761641, 25.7919929097676]}, "properties": {"source": "mdcps_charter", "loc_no": "0400", "name": "Renaissance Elementary Charter School", "campus": "", "address": "10651 NW 19th St", "city": "Doral", "zip": "33172", "school_type": "Charter", "grades": "K-5", "capacity": 0, "enrollment": 833, "role": "charter"}}, {"type": "Feature", "id": 126, "geometry": {"type": "Point", "coordinates": [-80.2925536184727, 25.9337846048556]}, "properties": {"source": "mdcps_charter", "loc_no": "1014", "name": "Hive Preparatory School", "campus": "", "address": "17701 NW 57th Ave", "city": "Miami Gardens", "zip": "33055", "school_type": "Charter", "grades": "K-8", "capacity": 0, "enrollment": 576, "role": "charter"}}, {"type": "Feature", "id": 127, "geometry": {"type": "Point", "coordinates": [-80.4941701066552, 25.4401048660537]}, "properties": {"source": "mdcps_charter", "loc_no": "7058", "name": "Miami Community Charter Senior High", "campus": "Main Campus", "address": "18720 SW 352nd St", "city": "Miami-Dade", "zip": "33034", "school_type": "Charter", "grades": "9-12", "capacity": 0, "enrollment": 87, "role": "charter"}}, {"type": "Feature", "id": 128, "geometry": {"type": "Point", "coordinates": [-80.2147700574962, 25.7697361446375]}, "properties": {"source": "mdcps_charter", "loc_no": "5410", "name": "Alpha Charter Of Excellence (Ace)", "campus": "", "address": "1217 SW 4th St", "city": "Miami", "zip": "33135", "school_type": "Charter", "grades": "K-5", "capacity": 0, "enrollment": 0, "role": "charter"}}, {"type": "Feature", "id": 129, "geometry": {"type": "Point", "coordinates": [-80.4750432728471, 25.4673289553616]}, "properties": {"source": "mdcps_charter", "loc_no": "0339", "name": "Somerset Aces (South Homestead)", "campus": "South Homestead", "address": "300 SE 1st Dr", "city": "Homestead", "zip": "33030", "school_type": "Charter", "grades": "K-5", "capacity": 0, "enrollment": 258, "role": "charter"}}, {"type": "Feature", "id": 130, "geometry": {"type": "Point", "coordinates": [-80.136199211208, 25.9499284877497]}, "properties": {"source": "mdcps_charter", "loc_no": "0950", "name": "Aventura City Of Excellence School", "campus": "", "address": "3333 NE 188th St", "city": "Aventura", "zip": "33180", "school_type": "Charter", "grades": "K-8", "capacity": 0, "enrollment": 972, "role": "charter"}}, {"type": "Feature", "id": 131, "geometry": {"type": "Point", "coordinates": [-80.4335519224368, 25.4501833609984]}, "properties": {"source": "mdcps_charter", "loc_no": "7050", "name": "Keys Gate Charter High School 9-12", "campus": "South", "address": "2325 SE 28th Ave", "city": "Homestead", "zip": "33035", "school_type": "Charter", "grades": "9-12", "capacity": 0, "enrollment": 176, "role": "charter"}}, {"type": "Feature", "id": 132, "geometry": {"type": "Point", "coordinates": [-80.236422662829, 25.7650891598974]}, "properties": {"source": "mdcps_charter", "loc_no": "7007", "name": "International Studies Charter High School", "campus": "", "address": "2480 SW 8th St", "city": "Miami", "zip": "33135", "school_type": "Charter", "grades": "9-12", "capacity": 0, "enrollment": 352, "role": "charter"}}, {"type": "Feature", "id": 133, "geometry": {"type": "Point", "coordinates": [-80.2392950636792, 25.8963912347457]}, "properties": {"source": "mdcps_charter", "loc_no": "6057", "name": "Phoenix Academy Of Excellence North", "campus": "", "address": "13301 NW 24th Ave", "city": "Miami", "zip": "33167", "school_type": "Charter", "grades": "6-8", "capacity": null, "enrollment": null, "role": "charter"}}, {"type": "Feature", "id": 134, "geometry": {"type": "Point", "coordinates": [-80.3667692445156, 25.7273119099423]}, "properties": {"source": "mdcps_charter", "loc_no": "5049", "name": "Pinecrest Cove Academy", "campus": "", "address": "4301 SW 107th Ave", "city": "Miami-Dade", "zip": "33165", "school_type": "Charter", "grades": "K-8", "capacity": 0, "enrollment": 0, "role": "charter"}}, {"type": "Feature", "id": 135, "geometry": {"type": "Point", "coordinates": [-80.2151121997367, 25.7794697367272]}, "properties": {"source": "mdcps_charter", "loc_no": "6015", "name": "Sports Leadership And Management (Slam) Chs", "campus": "7Th And 8Th Only", "address": "604 NW 12th Ave", "city": "Miami", "zip": "33136", "school_type": "Charter", "grades": "6-8", "capacity": 0, "enrollment": 0, "role": "charter"}}, {"type": "Feature", "id": 136, "geometry": {"type": "Point", "coordinates": [-80.2397125206732, 25.8075914306457]}, "properties": {"source": "mdcps_charter", "loc_no": "3000", "name": "Mater International Academy", "campus": "", "address": "3405 NW 27th Ave", "city": "Miami", "zip": "33142", "school_type": "Charter", "grades": "K-5", "capacity": 0, "enrollment": 0, "role": "charter"}}, {"type": "Feature", "id": 137, "geometry": {"type": "Point", "coordinates": [-80.3664465175633, 25.7238232067693]}, "properties": {"source": "mdcps_charter", "loc_no": "2003", "name": "Bridgeprep Academy South", "campus": "", "address": "10601 SW 48th St", "city": "Miami-Dade", "zip": "33165", "school_type": "Charter", "grades": "K-8", "capacity": 0, "enrollment": 232, "role": "charter"}}, {"type": "Feature", "id": 138, "geometry": {"type": "Point", "coordinates": [-80.3455693083393, 25.7029475226118]}, "properties": {"source": "mdcps_charter", "loc_no": "1000", "name": "True North Classical Academy", "campus": "", "address": "9393 Sunset Dr", "city": "Miami-Dade", "zip": "33173", "school_type": "Charter", "grades": "K-8", "capacity": 0, "enrollment": 0, "role": "charter"}}, {"type": "Feature", "id": 139, "geometry": {"type": "Point", "coordinates": [-80.3931923163339, 25.5370421123379]}, "properties": {"source": "mdcps_charter", "loc_no": "7042", "name": "Somerset Academy Charter Hs", "campus": "South", "address": "12425 SW 248th St", "city": "Homestead", "zip": "33032", "school_type": "Charter", "grades": "9-12", "capacity": 0, "enrollment": 282, "role": "charter"}}, {"type": "Feature", "id": 140, "geometry": {"type": "Point", "coordinates": [-80.2363818550606, 25.7665659094025]}, "properties": {"source": "mdcps_charter", "loc_no": "5020", "name": "Bridgeprep Academy Interamerican", "campus": "East", "address": "621 Beacom Blvd", "city": "Miami", "zip": "33135", "school_type": "Charter", "grades": "K-8", "capacity": 0, "enrollment": 194, "role": "charter"}}, {"type": "Feature", "id": 141, "geometry": {"type": "Point", "coordinates": [-80.4707754047801, 25.4716593990797]}, "properties": {"source": "mdcps_charter", "loc_no": "7034", "name": "Somerset Achs (South Homestead) 9-12", "campus": "South Homestead  South Homestead  South Homestead", "address": "305 NE 2nd Rd", "city": "Homestead", "zip": "33030", "school_type": "Charter", "grades": "9-12", "capacity": 0, "enrollment": 0, "role": "charter"}}, {"type": "Feature", "id": 142, "geometry": {"type": "Point", "coordinates": [-80.4367597128917, 25.729021619862]}, "properties": {"source": "mdcps_charter", "loc_no": "7053", "name": "Pinecrest Preparatory Academy Chs", "campus": "", "address": "14901 SW 42nd St", "city": "Miami-Dade", "zip": "33185", "school_type": "Charter", "grades": "9-12", "capacity": 0, "enrollment": 225, "role": "charter"}}, {"type": "Feature", "id": 143, "geometry": {"type": "Point", "coordinates": [-80.4707754047801, 25.4716593990797]}, "properties": {"source": "mdcps_charter", "loc_no": "6016", "name": "Somerset Virtual Academy Mh", "campus": "South Homestead  South Homestead  South Homestead", "address": "305 NE 2nd Rd", "city": "Homestead", "zip": "33030", "school_type": "Charter", "grades": "6-12", "capacity": 0, "enrollment": 0, "role": "charter"}}, {"type": "Feature", "id": 144, "geometry": {"type": "Point", "coordinates": [-80.2670906318942, 25.7416362895862]}, "properties": {"source": "mdcps_charter", "loc_no": "5008", "name": "Somerset Gables Academy", "campus": "", "address": "624 Anastasia Ave", "city": "Coral Gables", "zip": "33134", "school_type": "Charter", "grades": "K-8", "capacity": 0, "enrollment": 75, "role": "charter"}}, {"type": "Feature", "id": 145, "geometry": {"type": "Point", "coordinates": [-80.3892947383185, 25.7016995965343]}, "properties": {"source": "mdcps_charter", "loc_no": "3034", "name": "Bridgeprep Academy Of Village Green", "campus": "Satellite", "address": "12001 SW 72nd St", "city": "Miami-Dade", "zip": "33183", "school_type": "Charter", "grades": "K-8", "capacity": 0, "enrollment": 406, "role": "charter"}}, {"type": "Feature", "id": 146, "geometry": {"type": "Point", "coordinates": [-80.4060405946525, 25.499321794218]}, "properties": {"source": "mdcps_charter", "loc_no": "6060", "name": "Aspira Leadership And College Preparatory Academy", "campus": "", "address": "13330 SW 288th St", "city": "Miami-Dade", "zip": "33033", "school_type": "Charter", "grades": "K-8", "capacity": 0, "enrollment": 297, "role": "charter"}}, {"type": "Feature", "id": 147, "geometry": {"type": "Point", "coordinates": [-80.2906045464957, 25.7563925356966]}, "properties": {"source": "mdcps_charter", "loc_no": "5008", "name": "Somerset Gables Academy", "campus": "West", "address": "5859 SW 16th St", "city": "West Miami", "zip": "33155", "school_type": "Charter", "grades": "K-8", "capacity": 0, "enrollment": 0, "role": "charter"}}, {"type": "Feature", "id": 148, "geometry": {"type": "Point", "coordinates": [-80.2450599418279, 25.8962783439794]}, "properties": {"source": "mdcps_charter", "loc_no": "4002", "name": "Beacon College Prep K-8", "campus": "", "address": "2750 NW 135th St", "city": "Opa-Locka", "zip": "33054", "school_type": "Charter", "grades": "K-8", "capacity": 0, "enrollment": 432, "role": "charter"}}, {"type": "Feature", "id": 149, "geometry": {"type": "Point", "coordinates": [-80.3299966445798, 25.5614601469003]}, "properties": {"source": "mdcps_charter", "loc_no": "7120", "name": "Mater Academy Bay High School", "campus": "", "address": "22025 SW 87th Ave", "city": "Cutler Bay", "zip": "33190", "school_type": "Charter", "grades": "9-12", "capacity": 0, "enrollment": 401, "role": "charter"}}, {"type": "Feature", "id": 150, "geometry": {"type": "Point", "coordinates": [-80.4103815119219, 25.6558138004756]}, "properties": {"source": "mdcps_charter", "loc_no": "3034", "name": "Bridgeprep Academy Of Village Green", "campus": "", "address": "13300 SW 120th St", "city": "Miami-Dade", "zip": "33186", "school_type": "Charter", "grades": "K-9", "capacity": 0, "enrollment": 159, "role": "charter"}}, {"type": "Feature", "id": 151, "geometry": {"type": "Point", "coordinates": [-80.4130278220864, 25.7129525598829]}, "properties": {"source": "mdcps_charter", "loc_no": "2002", "name": "Academir Preparatory Academy", "campus": "", "address": "5800 SW 135th Ave", "city": "Miami-Dade", "zip": "33183", "school_type": "Charter", "grades": "K-5", "capacity": 0, "enrollment": 0, "role": "charter"}}, {"type": "Feature", "id": 152, "geometry": {"type": "Point", "coordinates": [-80.193860158579, 25.7949430192575]}, "properties": {"source": "mdcps_charter", "loc_no": "6070", "name": "Aspira Arts Deco Charter", "campus": "", "address": "1911 NE Miami Ct", "city": "Miami", "zip": "33132", "school_type": "Charter", "grades": "6-8", "capacity": 0, "enrollment": 467, "role": "charter"}}, {"type": "Feature", "id": 153, "geometry": {"type": "Point", "coordinates": [-80.4130278220864, 25.7129525598829]}, "properties": {"source": "mdcps_charter", "loc_no": "6082", "name": "Academir Charter School Middle", "campus": "", "address": "5800 SW 135th Ave", "city": "Miami-Dade", "zip": "33183", "school_type": "Charter", "grades": "6-8", "capacity": 0, "enrollment": 0, "role": "charter"}}, {"type": "Feature", "id": 154, "geometry": {"type": "Point", "coordinates": [-80.4926163032847, 25.4465616730367]}, "properties": {"source": "mdcps_charter", "loc_no": "0102", "name": "Miami Community Charter Elementary School", "campus": "", "address": "101 S Redland Rd", "city": "Florida City", "zip": "33034", "school_type": "Charter", "grades": "K-5", "capacity": 0, "enrollment": 479, "role": "charter"}}, {"type": "Feature", "id": 155, "geometry": {"type": "Point", "coordinates": [-80.3423862583857, 25.930895846417]}, "properties": {"source": "mdcps_charter", "loc_no": "6997", "name": "Mater Academy Virtual Charter School", "campus": "", "address": "17300 NW 87th Ave", "city": "Hialeah", "zip": "33015", "school_type": "Charter", "grades": "K-12", "capacity": 0, "enrollment": 0, "role": "charter"}}, {"type": "Feature", "id": 156, "geometry": {"type": "Point", "coordinates": [-80.4335193459314, 25.4500991181836]}, "properties": {"source": "mdcps_charter", "loc_no": "3610", "name": "Keys Gate Charter School K-2", "campus": "South", "address": "2355 SE 28th Ave", "city": "Homestead", "zip": "33035", "school_type": "Charter", "grades": "K-2", "capacity": 0, "enrollment": 680, "role": "charter"}}, {"type": "Feature", "id": 157, "geometry": {"type": "Point", "coordinates": [-80.3684952405531, 25.6780239235753]}, "properties": {"source": "mdcps_charter", "loc_no": "3025", "name": "Advantage Academy Santa Fe", "campus": "", "address": "9790 SW 107th Ct", "city": "Miami-Dade", "zip": "33176", "school_type": "Charter", "grades": "K-5", "capacity": 0, "enrollment": 292, "role": "charter"}}, {"type": "Feature", "id": 158, "geometry": {"type": "Point", "coordinates": [-80.1943937318066, 25.8978349497321]}, "properties": {"source": "mdcps_charter", "loc_no": "6020", "name": "Aspira Raul Arnaldo Martinez Charter School", "campus": "", "address": "13300 Memorial Hwy", "city": "North Miami", "zip": "33161", "school_type": "Charter", "grades": "6-8", "capacity": 0, "enrollment": 601, "role": "charter"}}, {"type": "Feature", "id": 159, "geometry": {"type": "Point", "coordinates": [-80.1968950853253, 25.7993294341365]}, "properties": {"source": "mdcps_charter", "loc_no": "7059", "name": "Miami Arts Charter School", "campus": "Wynwood", "address": "95 NW 23rd St", "city": "Miami", "zip": "33127", "school_type": "Charter", "grades": "6-12", "capacity": 0, "enrollment": 467, "role": "charter"}}, {"type": "Feature", "id": 160, "geometry": {"type": "Point", "coordinates": [-80.4259251026055, 25.7292019700348]}, "properties": {"source": "mdcps_charter", "loc_no": "0600", "name": "Pinecrest Preparatory Academy", "campus": "", "address": "14301 SW 42nd St", "city": "Miami-Dade", "zip": "33175", "school_type": "Charter", "grades": "K-5", "capacity": 0, "enrollment": 634, "role": "charter"}}, {"type": "Feature", "id": 161, "geometry": {"type": "Point", "coordinates": [-80.3310582107005, 25.7030578698904]}, "properties": {"source": "mdcps_charter", "loc_no": "1002", "name": "True North Classical Academy South", "campus": "South", "address": "8445 SW 72nd St", "city": "Miami", "zip": "33143", "school_type": "Charter", "grades": "K-8", "capacity": 0, "enrollment": 0, "role": "charter"}}, {"type": "Feature", "id": 162, "geometry": {"type": "Point", "coordinates": [-80.3356224752007, 25.8913184920382]}, "properties": {"source": "mdcps_charter", "loc_no": "7262", "name": "City Of Hialeah Education Academy", "campus": "", "address": "2590 W 76th St", "city": "Hialeah", "zip": "33016", "school_type": "Charter", "grades": "6-12", "capacity": 0, "enrollment": 390, "role": "charter"}}, {"type": "Feature", "id": 163, "geometry": {"type": "Point", "coordinates": [-80.3534511140657, 25.7962293116875]}, "properties": {"source": "mdcps_charter", "loc_no": "6083", "name": "Just Arts And Management (Jam) Charter Middle", "campus": "", "address": "2450 NW 97th Ave", "city": "Doral", "zip": "33172", "school_type": "Charter", "grades": "6-8", "capacity": 0, "enrollment": 144, "role": "charter"}}, {"type": "Feature", "id": 164, "geometry": {"type": "Point", "coordinates": [-80.1679017017139, 25.9281928553903]}, "properties": {"source": "mdcps_charter", "loc_no": "6024", "name": "Sports Leadership And Management (Slam) Ms", "campus": "North Campus", "address": "16551 NE 16th  Ave", "city": "North Miami Beach", "zip": "33162", "school_type": "Charter", "grades": "6-8", "capacity": 0, "enrollment": 0, "role": "charter"}}, {"type": "Feature", "id": 165, "geometry": {"type": "Point", "coordinates": [-80.3777642588772, 25.5513553203816]}, "properties": {"source": "mdcps_charter", "loc_no": "7038", "name": "Somerset Achs (South Campus)", "campus": "South", "address": "23255 SW 115th Ave", "city": "Miami-Dade", "zip": "33032", "school_type": "Charter", "grades": "6-12", "capacity": 0, "enrollment": 17, "role": "charter"}}, {"type": "Feature", "id": 166, "geometry": {"type": "Point", "coordinates": [-80.3671341294042, 25.7306948277902]}, "properties": {"source": "mdcps_charter", "loc_no": "5049", "name": "Pinecrest Cove Preparatory Academy", "campus": "", "address": "4101 SW 107th Ave", "city": "Miami-Dade", "zip": "33165", "school_type": "Charter", "grades": "K-8", "capacity": 0, "enrollment": 432, "role": "charter"}}, {"type": "Feature", "id": 167, "geometry": {"type": "Point", "coordinates": [-80.3260621628743, 25.8221250710379]}, "properties": {"source": "mdcps_charter", "loc_no": "7044", "name": "Downtown Doral Charter Upper School", "campus": "", "address": "7905 NW 53rd St", "city": "Doral", "zip": "33166", "school_type": "Charter", "grades": "6-12", "capacity": 0, "enrollment": 0, "role": "charter"}}, {"type": "Feature", "id": 168, "geometry": {"type": "Point", "coordinates": [-80.4331442723508, 25.4621087524651]}, "properties": {"source": "mdcps_charter", "loc_no": "6046", "name": "Somerset Pams (Homestead)", "campus": "Homestead", "address": "3000 SE 9th St", "city": "Homestead", "zip": "33035", "school_type": "Charter", "grades": "6-8", "capacity": 0, "enrollment": 0, "role": "charter"}}, {"type": "Feature", "id": 169, "geometry": {"type": "Point", "coordinates": [-80.2111186025973, 25.7724682453021]}, "properties": {"source": "mdcps_charter", "loc_no": "6009", "name": "Mater Academy East Middle School", "campus": "", "address": "998 SW 1st St", "city": "Miami", "zip": "33130", "school_type": "Charter", "grades": "6-9", "capacity": 0, "enrollment": 327, "role": "charter"}}, {"type": "Feature", "id": 170, "geometry": {"type": "Point", "coordinates": [-80.3488575141817, 25.9356062690372]}, "properties": {"source": "mdcps_charter", "loc_no": "0312", "name": "Mater Gardens Academy", "campus": "", "address": "9010 NW 178th Ln", "city": "Miami-Dade", "zip": "33018", "school_type": "Charter", "grades": "K-5", "capacity": 0, "enrollment": 574, "role": "charter"}}, {"type": "Feature", "id": 171, "geometry": {"type": "Point", "coordinates": [-80.4673566988797, 25.4748713849952]}, "properties": {"source": "mdcps_charter", "loc_no": "7065", "name": "Chambers High School", "campus": "South", "address": "698 N Homestead Blvd", "city": "Homestead", "zip": "33030", "school_type": "Charter", "grades": "9-12", "capacity": 0, "enrollment": 338, "role": "charter"}}, {"type": "Feature", "id": 172, "geometry": {"type": "Point", "coordinates": [-80.3256000398477, 25.89325403905]}, "properties": {"source": "mdcps_charter", "loc_no": "7070", "name": "Youth Co-Op Preparatory High School", "campus": "", "address": "7700 W 20th Ave", "city": "Hialeah", "zip": "33016", "school_type": "Charter", "grades": "9-12", "capacity": 0, "enrollment": 0, "role": "charter"}}, {"type": "Feature", "id": 173, "geometry": {"type": "Point", "coordinates": [-80.3950192353985, 25.7015424599008]}, "properties": {"source": "mdcps_charter", "loc_no": "7265", "name": "Archimedean Upper Conservatory", "campus": "", "address": "12425 SW 72nd St", "city": "Miami-Dade", "zip": "33183", "school_type": "Charter", "grades": "9-12", "capacity": 0, "enrollment": 125, "role": "charter"}}, {"type": "Feature", "id": 174, "geometry": {"type": "Point", "coordinates": [-80.2525582684377, 25.7794124998486]}, "properties": {"source": "mdcps_charter", "loc_no": "7067", "name": "Green Springs High School", "campus": "Miami Campus", "address": "3555 NW 7th St", "city": "Miami", "zip": "33125", "school_type": "Charter", "grades": "9-12", "capacity": 0, "enrollment": 342, "role": "charter"}}, {"type": "Feature", "id": 175, "geometry": {"type": "Point", "coordinates": [-80.3259365325834, 25.8681286014403]}, "properties": {"source": "mdcps_charter", "loc_no": "6012", "name": "Mater Academy Charter Middle School", "campus": "", "address": "7901 NW 103rd St", "city": "Hialeah Gardens", "zip": "33016", "school_type": "Charter", "grades": "6-8", "capacity": 0, "enrollment": 1314, "role": "charter"}}, {"type": "Feature", "id": 176, "geometry": {"type": "Point", "coordinates": [-80.4284869055563, 25.7428122443203]}, "properties": {"source": "mdcps_charter", "loc_no": null, "name": "Academir Charter School West Plc", "campus": "", "address": "2636 SW 144th Ave", "city": "Miami", "zip": "33175", "school_type": "Charter", "grades": "", "capacity": null, "enrollment": null, "role": "charter"}}, {"type": "Feature", "id": 177, "geometry": {"type": "Point", "coordinates": [-80.4210610343624, 25.5965482252376]}, "properties": {"source": "mdcps_charter", "loc_no": "1015", "name": "Academir Charter School Preparatory Plc", "campus": "", "address": "14105 SW 184th St", "city": "Miami", "zip": "33177", "school_type": "Charter", "grades": "K-1", "capacity": 296, "enrollment": 291, "role": "charter"}}, {"type": "Feature", "id": 178, "geometry": {"type": "Point", "coordinates": [-80.4057208267507, 25.4987925379672]}, "properties": {"source": "mdcps_charter", "loc_no": null, "name": "Academir Middle School Of Math And Science", "campus": "", "address": "13330 SW 288th St", "city": "Homestead", "zip": "33033", "school_type": "Charter", "grades": "6-8", "capacity": null, "enrollment": null, "role": "charter"}}, {"type": "Feature", "id": 179, "geometry": {"type": "Point", "coordinates": [-80.3795539095357, 25.8111651829911]}, "properties": {"source": "mdcps_charter", "loc_no": null, "name": "Academir Charter School East Middle", "campus": "", "address": "11300 NW 41st St", "city": "Doral", "zip": "33178", "school_type": "Charter", "grades": "6-8", "capacity": null, "enrollment": null, "role": "charter"}}, {"type": "Feature", "id": 180, "geometry": {"type": "Point", "coordinates": [-80.3741235918466, 25.8009185581793]}, "properties": {"source": "mdcps_charter", "loc_no": null, "name": "Doral Academy North Charter Elementary", "campus": "", "address": "2900 NW 109th Ave", "city": "Doral", "zip": "33172", "school_type": "Charter", "grades": "", "capacity": null, "enrollment": null, "role": "charter"}}, {"type": "Feature", "id": 184, "geometry": {"type": "Point", "coordinates": [-80.1650194418534, 25.8940836215205]}, "properties": {"source": "mdcps_charter", "loc_no": null, "name": "Mater Academy Biscayne North Miami High School", "campus": "North", "address": "1701 NE 127th St", "city": "Miami", "zip": "33181", "school_type": "Charter", "grades": "9-12", "capacity": null, "enrollment": null, "role": "charter"}}, {"type": "Feature", "id": 185, "geometry": {"type": "Point", "coordinates": [-80.1650194418534, 25.8940836215205]}, "properties": {"source": "mdcps_charter", "loc_no": null, "name": "Mater Academy Biscayne North Miami Middle School", "campus": "North", "address": "1701 NE 127th St", "city": "Miami", "zip": "33181", "school_type": "Charter", "grades": "6-8", "capacity": null, "enrollment": null, "role": "charter"}}]}