{"type": "FeatureCollection", "crs": {"type": "name", "properties": {"name": "EPSG:4326"}}, "features": [{"type": "Feature", "id": 1, "geometry": {"type": "Polygon", "coordinates": [[[-80.4258874847547, 25.5216742351827], [-80.4228344821081, 25.5248492371397], [-80.4222424815561, 25.5254442369196], [-80.4168164784753, 25.5309372401627], [-80.4150144777783, 25.5327822408923], [-80.4144634781325, 25.5333432412329], [-80.4132114772564, 25.534619241264], [-80.4129834758541, 25.534857241277], [-80.4121954763819, 25.5356862423277], [-80.4121194780105, 25.5357702419726], [-80.4114444767195, 25.5364972432254], [-80.4082204734704, 25.5397182448361], [-80.4073784744698, 25.5405812449078], [-80.4073374744619, 25.5406182448791], [-80.4072954737308, 25.5406512456763], [-80.4069154737892, 25.5410492443825], [-80.4065354738476, 25.5414452462522], [-80.4046894727697, 25.5433632463249], [-80.4046324728683, 25.543409246184], [-80.4039674725213, 25.5440672471347], [-80.4023874715822, 25.5457192473498], [-80.4014274716824, 25.5466712488382], [-80.4008304711075, 25.5473062489189], [-80.3984584687015, 25.5497472507642], [-80.3969384689351, 25.5512772512535], [-80.3966024684761, 25.5511012508809], [-80.3964634685589, 25.5512472512727], [-80.3963234688168, 25.5513922505699], [-80.3963004692506, 25.5514162506882], [-80.3962564679714, 25.5514582510862], [-80.3961834681764, 25.5515282503662], [-80.3951024670046, 25.5525182515499], [-80.3940384673478, 25.5536082517603], [-80.3932894673352, 25.554353252483], [-80.3925744658612, 25.5550672535262], [-80.3924744654038, 25.5551672537571], [-80.3907624651185, 25.5569472537916], [-80.3907414652021, 25.556967254179], [-80.3900394650452, 25.5576632540732], [-80.3888374643979, 25.5588982552359], [-80.3878634633561, 25.5598602561247], [-80.3868894632127, 25.560866256169], [-80.3860114633287, 25.5617712563526], [-80.3852944622049, 25.5625432569232], [-80.3845324626719, 25.5633632576983], [-80.3836544618896, 25.5642072585199], [-80.3825604620955, 25.5653382581407], [-80.3815824599575, 25.5662652589926], [-80.3819134603936, 25.5662652589926], [-80.3783814589696, 25.5697932616879], [-80.3778164572835, 25.5704792621396], [-80.3777524586077, 25.5705322625602], [-80.377669458767, 25.570610262418], [-80.3764584578988, 25.5718322622], [-80.3766554575423, 25.5720102619671], [-80.3764004590708, 25.5722692632861], [-80.3745844572317, 25.5741212641191], [-80.3733284561577, 25.5754582634329], [-80.3727674564661, 25.5760052647371], [-80.3688424546817, 25.5800282666044], [-80.3684034542906, 25.5804602668141], [-80.3664654522528, 25.582459268415], [-80.3662154529059, 25.5827212685382], [-80.3657154524154, 25.5833172685128], [-80.3654644514469, 25.5837982682585], [-80.3651984522064, 25.5848022692906], [-80.3650504511701, 25.5852482692454], [-80.3648554511765, 25.5856432702298], [-80.3646094520275, 25.586011269986], [-80.3644384514249, 25.5862172702449], [-80.3641914515527, 25.5864942698727], [-80.3614524496239, 25.5891692726629], [-80.3607264491776, 25.5898842716981], [-80.3589774490823, 25.59157327321], [-80.3587584487992, 25.5918352744424], [-80.3583264480808, 25.5924942732553], [-80.3582884493443, 25.5926112738354], [-80.3582684483545, 25.592644273272], [-80.3582554497323, 25.5926692737967], [-80.3581694477219, 25.5928232734456], [-80.358100448125, 25.5929472736396], [-80.3577514472472, 25.5935732744469], [-80.3573164479523, 25.5943552748237], [-80.356994447737, 25.5950472755411], [-80.3571264479815, 25.5950482752828], [-80.3566814477426, 25.5960302760824], [-80.3566384471866, 25.596136274525], [-80.3564824466526, 25.5961352756025], [-80.355994446756, 25.5961192758282], [-80.3553484466756, 25.5960982749565], [-80.3541864462112, 25.5986002765855], [-80.3533244453225, 25.6004712781398], [-80.3531864443319, 25.6006742779081], [-80.3531764451845, 25.6008792783381], [-80.3525344444038, 25.60230627892], [-80.3519924449788, 25.603574279329], [-80.3515734446791, 25.6044222796045], [-80.3511854443416, 25.6052302803166], [-80.350794443631, 25.6060972808184], [-80.3504064450901, 25.6069172813127], [-80.3500344437478, 25.6077472814495], [-80.3496404435625, 25.608588283079], [-80.3483594432724, 25.6113872839421], [-80.3480544427756, 25.6120532839934], [-80.3475024433048, 25.6132292852242], [-80.3471784434397, 25.6139322855405], [-80.3479114435588, 25.6139202856735], [-80.3483384442543, 25.6139132845355], [-80.3491304430263, 25.6138762853408], [-80.3511764450191, 25.6138062836367], [-80.3531924459763, 25.6137032850355], [-80.3539994475118, 25.6136592846229], [-80.3548194467711, 25.6136272840917], [-80.3564874475738, 25.6135852852548], [-80.3572894481882, 25.6135642850207], [-80.3590094497677, 25.6134862856235], [-80.3613544497146, 25.6133802847409], [-80.362679451284, 25.6133202834966], [-80.3634464526365, 25.6133112831454], [-80.3641864533265, 25.6132672842086], [-80.3654824527869, 25.6132362839721], [-80.3675034546653, 25.6131312832684], [-80.3691974563056, 25.6130512835961], [-80.3696094560343, 25.6130312828597], [-80.3700904553599, 25.6130112837399], [-80.3716764561468, 25.6129452831378], [-80.3720194571768, 25.6129262835959], [-80.3736994576751, 25.6128312842212], [-80.3773504598231, 25.6126512828113], [-80.3783074620447, 25.612613283631], [-80.3785694610872, 25.6179402863021], [-80.3788344622994, 25.6218072879062], [-80.3790444614634, 25.6228012881961], [-80.3791364624232, 25.6232372890645], [-80.3794584617402, 25.6247672888849], [-80.3797074621605, 25.6257822893643], [-80.3799454618119, 25.6266082901591], [-80.3802424628111, 25.6274192899377], [-80.3806344633466, 25.6279832915587], [-80.3812304631982, 25.6286032911293], [-80.3817164634451, 25.628982291202], [-80.3821494639884, 25.62930829142], [-80.3822774640349, 25.6294042909171], [-80.3823224642408, 25.6294382909905], [-80.3824664641808, 25.6295372903628], [-80.3832864643385, 25.6300992911841], [-80.3841324653337, 25.6308612921694], [-80.3844674650695, 25.6314012918435], [-80.3847274653605, 25.6318842922144], [-80.3850904664819, 25.6327682928656], [-80.3852444664677, 25.6333352934069], [-80.385332465433, 25.6339262942636], [-80.3853144658896, 25.6341222939443], [-80.3849494660166, 25.6341582939333], [-80.3850754664133, 25.6354532941943], [-80.385118466071, 25.6365162938712], [-80.3851814658202, 25.6383002967787], [-80.3853364665292, 25.6418432971686], [-80.3850554672202, 25.6418442973287], [-80.3829594649986, 25.6418612976201], [-80.3828194643583, 25.6418682979299], [-80.3826604652479, 25.6418772977491], [-80.3808214638427, 25.6420142977035], [-80.380088464622, 25.6420712970175], [-80.3798094631661, 25.64208629858], [-80.3792614638933, 25.64211629846], [-80.379113462857, 25.6421302974296], [-80.3785154624572, 25.6421852988033], [-80.3779894629258, 25.6422232991044], [-80.3777294626347, 25.6422422988455], [-80.3771294616868, 25.6422882979504], [-80.3763474620623, 25.6424182987756], [-80.376239461209, 25.6424362983305], [-80.376159460843, 25.6424312975545], [-80.3758994614503, 25.6424132979989], [-80.3749304595331, 25.64248429848], [-80.374437460512, 25.6424942975976], [-80.3740244600601, 25.6425162985689], [-80.3735454585877, 25.6425392988806], [-80.3731854596359, 25.642561298224], [-80.3726924597164, 25.642571298145], [-80.3723054592038, 25.6425932991021], [-80.3718124583859, 25.6426152992453], [-80.3714134590761, 25.6426262985056], [-80.3709194584333, 25.6426482986427], [-80.3698804579926, 25.6427042983109], [-80.3689744576212, 25.642724298938], [-80.3685954566062, 25.6427262992435], [-80.3685744566898, 25.6427462982473], [-80.3669354553011, 25.6428362989866], [-80.365799454776, 25.6428902990737], [-80.3647984557667, 25.6429392991916], [-80.3637244542675, 25.6429432989855], [-80.3630014541942, 25.6429762991021], [-80.3627194541619, 25.6429762991021], [-80.3616754528, 25.643019299093], [-80.3611714530098, 25.6430172996022], [-80.3606404525571, 25.6430392988575], [-80.3595774527253, 25.6430952999619], [-80.3584884502592, 25.6431022985796], [-80.3575064506181, 25.6431462994842], [-80.35690844932, 25.6431672993765], [-80.3565104498351, 25.6432012995798], [-80.3559504499684, 25.6432192990166], [-80.3549234483249, 25.643247299125], [-80.3544194485347, 25.6432523006766], [-80.3538764474882, 25.643301299836], [-80.3528944478471, 25.6432923001241], [-80.351935446874, 25.6433482994901], [-80.3503494460871, 25.643444300656], [-80.3502804455918, 25.6415842991455], [-80.3502554472741, 25.639749297391], [-80.3502064450736, 25.6389312974539], [-80.3501704459869, 25.638121296682], [-80.350122445408, 25.6369972966367], [-80.3501164455603, 25.6360872959642], [-80.3490924451881, 25.6360942966126], [-80.3480824441613, 25.6361132973292], [-80.3470974441472, 25.6361332958211], [-80.3460474438358, 25.6361402964669], [-80.3449744421615, 25.6361742962421], [-80.3438494424054, 25.6361932969459], [-80.342943442034, 25.6362242960845], [-80.3420124424466, 25.636231295915], [-80.3391264393063, 25.6362992970236], [-80.3390764390776, 25.6363002964203], [-80.3381454394902, 25.6363432963864], [-80.3378494392142, 25.6363422961802], [-80.337627438558, 25.6363412975938], [-80.3363324371259, 25.6391372980354], [-80.335572438141, 25.640765299466], [-80.3353504374849, 25.6412362988469], [-80.3353314372183, 25.6412762997799], [-80.3353164371497, 25.6413092995475], [-80.3346564377239, 25.6427103000381], [-80.3341164361521, 25.6438603010366], [-80.3333794367335, 25.6454923017338], [-80.333323436657, 25.6456163015375], [-80.3328844371641, 25.6465803016775], [-80.3327254353588, 25.6468893028599], [-80.3326054357082, 25.6471383019804], [-80.3323924352729, 25.6476623023711], [-80.3315544364702, 25.6494573033274], [-80.330636435505, 25.6513833056716], [-80.3289064338796, 25.6551643067877], [-80.3284004335413, 25.6562463081838], [-80.3270744330454, 25.6589873086038], [-80.325175432264, 25.663099310142], [-80.3236324320331, 25.6664103121085], [-80.3227884306877, 25.668283313606], [-80.3217464307722, 25.670510314488], [-80.321568430497, 25.6709033138971], [-80.3215404318062, 25.6709653143716], [-80.3212744307691, 25.6715523154247], [-80.3211124312857, 25.6719123160571], [-80.3201904310208, 25.6738753169233], [-80.319267430931, 25.6757803177886], [-80.3189184291549, 25.6763613169549], [-80.3187284291841, 25.6768003184916], [-80.3182384296376, 25.6776263191422], [-80.3170554283585, 25.6794893200225], [-80.3162374278507, 25.6806523196712], [-80.315743427208, 25.6813563194272], [-80.3154274277388, 25.6818073207027], [-80.3148644274991, 25.6824993214715], [-80.3139074270741, 25.6837163219169], [-80.3127524262823, 25.684938322687], [-80.3112004258306, 25.6864823233351], [-80.3106104249284, 25.6869883239661], [-80.309993424262, 25.687565324424], [-80.3088514247874, 25.6885303244114], [-80.3083654236423, 25.6888783243276], [-80.3069514232828, 25.6900983252529], [-80.3069284237166, 25.690116324897], [-80.306873423465, 25.6901593256997], [-80.3068514237237, 25.6901763263893], [-80.3055644217892, 25.6911813266545], [-80.3050854221134, 25.6915673260689], [-80.3048424215408, 25.6917633257456], [-80.3047894227357, 25.6917023261204], [-80.3047254213649, 25.6916683259839], [-80.3045814214249, 25.6916783266441], [-80.3040214215582, 25.6916533266111], [-80.3037384208027, 25.6916313266101], [-80.3036444210914, 25.6916163264231], [-80.3033054211577, 25.6915793254141], [-80.3029814212926, 25.6915563264657], [-80.3026504208565, 25.6915193270571], [-80.3021884200008, 25.6914973270313], [-80.3014944211382, 25.6914313261201], [-80.3014114203992, 25.6914273263336], [-80.3010884194607, 25.6913903260754], [-80.3001184195152, 25.6912813263418], [-80.2994364194498, 25.691229326612], [-80.2991374188008, 25.6911903259903], [-80.2989624188986, 25.6911733262549], [-80.2983934188111, 25.6911033269858], [-80.2971574169302, 25.690995325928], [-80.2970274172338, 25.6909803256609], [-80.2968654177504, 25.6909613263992], [-80.2968304175903, 25.6909573257873], [-80.2967144172394, 25.6909463261278], [-80.2963894184477, 25.6909143268917], [-80.2959834167702, 25.6908743264179], [-80.2957454171188, 25.6908423255435], [-80.2955164158916, 25.6908123257784], [-80.2949604162229, 25.6907463269161], [-80.294147415738, 25.6907263254384], [-80.2941104159281, 25.690730326058], [-80.2933914151544, 25.690649326032], [-80.2932754157018, 25.6906323262195], [-80.2928824144431, 25.6906013266503], [-80.2917514139408, 25.6904733268551], [-80.2905614138873, 25.6903673271609], [-80.2894604135223, 25.6902393263047], [-80.2881774117857, 25.6901153259512], [-80.2877554129096, 25.6900653260333], [-80.2875884116067, 25.6900533265356], [-80.286924411983, 25.6899823260423], [-80.2866754115627, 25.689949325981], [-80.2863504109744, 25.6898973264792], [-80.2857604100722, 25.6898273256506], [-80.2855614098805, 25.6897843255375], [-80.285487411159, 25.6897603264843], [-80.2854064109681, 25.6897243254668], [-80.2852974102899, 25.6896603263294], [-80.2848614102718, 25.6896813269356], [-80.2848514111244, 25.6893233252702], [-80.2848484107513, 25.6890733254274], [-80.2847044108113, 25.6889503252442], [-80.2846964104154, 25.6887943253622], [-80.2846634099051, 25.6887523246429], [-80.2846474109099, 25.6886333256278], [-80.2846374099658, 25.6884543249737], [-80.2846104102016, 25.6879643245161], [-80.2845804100644, 25.6870183238848], [-80.2845614097978, 25.6865583248406], [-80.2845134092189, 25.6853583240414], [-80.2845094099193, 25.6850653237751], [-80.2844974093254, 25.6848503233644], [-80.284494410749, 25.6845763237509], [-80.2844864094548, 25.6844963225808], [-80.2844844107033, 25.6843793229687], [-80.2844654095384, 25.6841023236642], [-80.2844524100179, 25.6834853229073], [-80.284451410193, 25.6834443233657], [-80.284443409797, 25.6833843233398], [-80.2844254093554, 25.6827263223141], [-80.284408409637, 25.6823713218756], [-80.2844064099871, 25.6821753221267], [-80.284404409439, 25.6819043223104], [-80.2843954101165, 25.6817743216151], [-80.2844024088909, 25.6816613226828], [-80.2843764107482, 25.6810663209561], [-80.2843764098499, 25.6809763215383], [-80.2843784086014, 25.6806633219004], [-80.284375410025, 25.6806303216864], [-80.2843544101086, 25.6803923210739], [-80.2843374094918, 25.680034321448], [-80.2843364105652, 25.679704321202], [-80.2843254088979, 25.6796113204156], [-80.2843174094003, 25.6793753206971], [-80.2843294099942, 25.6793113208575], [-80.2843334101922, 25.6792063207933], [-80.2843294090959, 25.6789103204226], [-80.2843114095525, 25.6786823213643], [-80.2843034091566, 25.6785723198659], [-80.2842994089587, 25.678344320161], [-80.2843064095297, 25.6782423204287], [-80.2842944098341, 25.6776103197603], [-80.284285408715, 25.6774123197427], [-80.2842684089965, 25.6772243196505], [-80.2842624091488, 25.6769333193536], [-80.28424940873, 25.6768593195376], [-80.2842434088822, 25.6766893194361], [-80.2843954092182, 25.6766843192866], [-80.2843404098649, 25.6748623183549], [-80.2843294090959, 25.6743803185801], [-80.2842854096133, 25.6724563174148], [-80.2842144094682, 25.6707843164872], [-80.2841884095289, 25.6701813161311], [-80.2841204079602, 25.6685983148614], [-80.2841114086377, 25.6683763159447], [-80.2840964085691, 25.6675833157532], [-80.2840874092466, 25.6671113151772], [-80.2840824092237, 25.6668153147272], [-80.2840024088577, 25.665018313508], [-80.2839664079744, 25.6642983132439], [-80.2839394082102, 25.6637653124566], [-80.2839354089106, 25.6636773128844], [-80.2838934090778, 25.6623393125296], [-80.2838324080801, 25.6600543116471], [-80.2838114081637, 25.659186310898], [-80.2837534084374, 25.6568613089739], [-80.2837974070217, 25.6564003092954], [-80.2838214073112, 25.656143309748], [-80.2838494086969, 25.6558463087528], [-80.2837124075312, 25.6553073087767], [-80.2836984072875, 25.6547793093637], [-80.2836904077899, 25.6544983082678], [-80.2836684080486, 25.653766307743], [-80.2836454084824, 25.652649307336], [-80.2836084077742, 25.6514843072486], [-80.283606407226, 25.6504233066259], [-80.2835524076977, 25.6493553056058], [-80.2835364069058, 25.6485073044052], [-80.2834804068293, 25.6464093044452], [-80.283462407286, 25.6457343036866], [-80.2834514074153, 25.6453103031209], [-80.2844404076274, 25.6452893036057], [-80.2848804087418, 25.6452863040218], [-80.2853374086763, 25.6452833036279], [-80.286264408964, 25.6452523027927], [-80.2871644085893, 25.6452263042282], [-80.2890864107335, 25.6451243037], [-80.2891694105742, 25.6451093033292], [-80.289272409608, 25.6451063029309], [-80.2895324098991, 25.6451003037536], [-80.289590411422, 25.6450983026781], [-80.2899964113028, 25.6450873036457], [-80.2900444109834, 25.6450873036457], [-80.2900824115166, 25.6450863027029], [-80.2902754109621, 25.6450803027148], [-80.2904944112452, 25.6450743035363], [-80.2906364115354, 25.6450693036807], [-80.2906054115733, 25.6440223022643], [-80.2906034110252, 25.64396430212], [-80.2905914113296, 25.6435663022962], [-80.2901064109077, 25.6432863024754], [-80.2900484102831, 25.6432473015545], [-80.2891954105135, 25.6427453021439], [-80.2919484117877, 25.6386713002147], [-80.2963214150823, 25.6386352999667], [-80.296347413225, 25.6386363001537], [-80.296397414352, 25.6386353007766], [-80.2964534153268, 25.6385322992873], [-80.2967234138669, 25.6380332992507], [-80.2969844148812, 25.6374452990673], [-80.2969944149269, 25.6374452990673], [-80.2971434148898, 25.6374402980823], [-80.301305417399, 25.6373652986698], [-80.3012724168887, 25.6363502986396], [-80.3012374167286, 25.6355472980443], [-80.3012074174897, 25.6345392970663], [-80.3011984163706, 25.6342312973423], [-80.3010654163012, 25.6342322967563], [-80.2980304158929, 25.6343322972368], [-80.2980244151468, 25.6341712968513], [-80.2980144151011, 25.6337812969746], [-80.2978554141941, 25.6337842968477], [-80.2970324145617, 25.6338102970944], [-80.2947014130619, 25.6338752972815], [-80.2934384123152, 25.633916296858], [-80.2930454128531, 25.6339292981826], [-80.2930384113837, 25.6337582974052], [-80.293035411909, 25.6336832972995], [-80.2929334127001, 25.6314792957432], [-80.2928934116188, 25.6306112960979], [-80.292891411969, 25.6304322958128], [-80.2928894123191, 25.6302052950518], [-80.2927454123791, 25.6301872952727], [-80.2925054121796, 25.6302022967087], [-80.2917824121063, 25.6302222961906], [-80.2917434117483, 25.6302182959705], [-80.291681411824, 25.6302242967056], [-80.2916124104304, 25.6302242958956], [-80.2915854106662, 25.6302192954181], [-80.2910954102214, 25.6302292963729], [-80.2891074088533, 25.6302712958385], [-80.2890504089519, 25.6302702955814], [-80.2879834080237, 25.630288295348], [-80.2878814097131, 25.630288295348], [-80.2838794061392, 25.6303232962363], [-80.2829864061866, 25.6303422970613], [-80.2829784057907, 25.6302912953089], [-80.2828784053333, 25.6251912935622], [-80.2829554053261, 25.624525293029], [-80.283188405853, 25.6225282913417], [-80.278515403881, 25.6214462912761], [-80.2721043989894, 25.6199632909915], [-80.2497783868752, 25.6158002906465], [-80.2486523854975, 25.6155902904122], [-80.2263493720511, 25.6113352882627], [-80.2193363683585, 25.6099972884679], [-80.2189993680746, 25.6113312890303], [-80.2172593673018, 25.6182072931116], [-80.2155023659124, 25.6251502958501], [-80.2154503660338, 25.6253912958116], [-80.2134963658992, 25.6344053005394], [-80.2117823650657, 25.6423153054095], [-80.2109793646265, 25.6421163049388], [-80.2067763630078, 25.6549903119906], [-80.2059763629416, 25.6571893124714], [-80.2047923618376, 25.6571933125974], [-80.1557713336141, 25.6573403155139], [-80.1556033324863, 25.6573413147344], [-80.1394733224835, 25.6573893161759], [-80.1247723156038, 25.6573393171031], [-80.1001503012515, 25.6573233174278], [-80.1004552999517, 25.6562193168336], [-80.1011253003216, 25.6544293166637], [-80.1023353013649, 25.6516093138605], [-80.1031053030904, 25.6500493143427], [-80.1037353032773, 25.6488593130609], [-80.1040053027157, 25.6461393109165], [-80.1077753028927, 25.6066392912612], [-80.1070653023399, 25.6047392899392], [-80.1062253020908, 25.6020692886528], [-80.1056553012801, 25.5998592873842], [-80.1051352997998, 25.5972492861219], [-80.1047653008022, 25.5946192864672], [-80.1045652998874, 25.5921592840973], [-80.1044952995672, 25.5900692836139], [-80.1045152987603, 25.5879892818964], [-80.1046153001161, 25.5862792806683], [-80.1047852990971, 25.5843892799202], [-80.1049853000119, 25.5828892796094], [-80.1052752995418, 25.5811992788176], [-80.1047852990971, 25.5793692777309], [-80.1043052986981, 25.5771292752317], [-80.1038152982533, 25.5739492751017], [-80.1035452979166, 25.5707492734559], [-80.1035152986777, 25.5675292719466], [-80.1036552975214, 25.5648892707356], [-80.1040052991224, 25.5618792689673], [-80.1045052978163, 25.5590892666701], [-80.105075298627, 25.5566992654051], [-80.106025298481, 25.5536192640723], [-80.1073352999817, 25.550249262977], [-80.1085953003554, 25.547269261548], [-80.1095453011077, 25.5447992596785], [-80.1105553003379, 25.542539258722], [-80.1108053014814, 25.5420192587205], [-80.1116783013425, 25.5403102578043], [-80.1118753018843, 25.5392092567731], [-80.1122553018259, 25.5373592557174], [-80.1128153007943, 25.5351592554967], [-80.113865302004, 25.5319092533407], [-80.1146953031057, 25.5297892514882], [-80.1150953031388, 25.5285192504966], [-80.1155753026395, 25.5266692499209], [-80.1154153028059, 25.5251192491223], [-80.1151553016166, 25.5228792489865], [-80.1132353018171, 25.5214492485038], [-80.1103352993315, 25.519019247136], [-80.1080452978395, 25.5168392451895], [-80.1055052970006, 25.5140792450296], [-80.103085294914, 25.5109892423319], [-80.1008152935136, 25.507569240815], [-80.0989352921004, 25.5041992398633], [-80.0978752917433, 25.5019292375628], [-80.0969352910367, 25.4996192365242], [-80.0960052903759, 25.4969092358975], [-80.0955252908752, 25.495249235305], [-80.095065288771, 25.4933992336616], [-80.0943152880352, 25.489099232469], [-80.0940152875613, 25.485699229774], [-80.0939652882309, 25.4826692286659], [-80.0941452881559, 25.4792592275938], [-80.0945652873822, 25.4756792251738], [-80.0955252890786, 25.4710392229412], [-80.0970452897433, 25.4662992205556], [-80.0983852895846, 25.4630992177928], [-80.1006552900867, 25.4588192170982], [-80.1026552920488, 25.4556992150627], [-80.105415293894, 25.4521192131182], [-80.1089252955767, 25.4483492103522], [-80.1114352971767, 25.446059208689], [-80.114595299055, 25.4435592082533], [-80.1170952988126, 25.4418292070989], [-80.1205853013021, 25.4397392061046], [-80.1243753033673, 25.4377692051634], [-80.1273753045137, 25.4364492046953], [-80.131615307739, 25.4348992028224], [-80.1353753105653, 25.4338292023565], [-80.1391093116556, 25.4331102019404], [-80.1396953114615, 25.4306492000132], [-80.1408153129915, 25.4278191992319], [-80.1421353127413, 25.42503919722], [-80.1435353128571, 25.4225091957582], [-80.1448053150732, 25.4203491944929], [-80.1455153165243, 25.4192091945839], [-80.1463953151598, 25.4171291940042], [-80.1472653155461, 25.4152491914263], [-80.1481253158867, 25.4134591921453], [-80.1482153162984, 25.4118491901672], [-80.1485353159656, 25.4088391889304], [-80.1487053167432, 25.4077091873524], [-80.1489053167598, 25.406589186681], [-80.1491753161982, 25.4052891868446], [-80.1497753171461, 25.4028791861059], [-80.1505653180648, 25.4003291841848], [-80.1516453185135, 25.3974691832028], [-80.1529153189329, 25.3946691812265], [-80.1543653192774, 25.3919391797307], [-80.1553653193601, 25.390279179369], [-80.1562053196093, 25.3889491775824], [-80.1569053201163, 25.3877191781436], [-80.1581053211139, 25.3857391767159], [-80.1594053216706, 25.3837991760667], [-80.160935322381, 25.3817791738453], [-80.1624153237611, 25.3799491735069], [-80.1645553245669, 25.3776291717238], [-80.1669853249026, 25.3752991705413], [-80.1689453257834, 25.3736091698348], [-80.1718153272335, 25.371419168739], [-80.1724453283186, 25.3709291686594], [-80.1739453297902, 25.3693391674532], [-80.175825330305, 25.3675491666406], [-80.176565330995, 25.3668791657109], [-80.1777053308198, 25.3641091650754], [-80.1790853308441, 25.3604591629713], [-80.1803953332431, 25.357039161288], [-80.1818753328266, 25.3535191588761], [-80.1825453331964, 25.3519791581202], [-80.1836953339652, 25.3495391570014], [-80.1838763337152, 25.3481921559739], [-80.1839443334873, 25.3481771558274], [-80.187063336256, 25.3477031552722], [-80.1914293380814, 25.3471281549296], [-80.2295383607671, 25.3421041510143], [-80.2398613670242, 25.3407451504464], [-80.2415783673324, 25.3405191502032], [-80.2428633678205, 25.3403501500652], [-80.2444493686074, 25.3401411490828], [-80.2460513701862, 25.3399271489731], [-80.2465653700221, 25.3398601490848], [-80.2489653711189, 25.3395431494131], [-80.2496023718767, 25.3394601494644], [-80.2502303724138, 25.3393761492137], [-80.2512823732733, 25.3416761508657], [-80.2515883735951, 25.3423361504317], [-80.2517333733601, 25.3424141505558], [-80.2519933736511, 25.3425511505584], [-80.2524583730831, 25.3430131516753], [-80.2527713730776, 25.3433221511107], [-80.2530463734372, 25.3436031511864], [-80.2532443738039, 25.343948151707], [-80.2534283739269, 25.3442371511552], [-80.2537093750326, 25.3446181522604], [-80.2538923735341, 25.3449981519672], [-80.2540763745554, 25.3454241521505], [-80.2542443747849, 25.3457951524696], [-80.2543473747171, 25.3461121536198], [-80.2543963760192, 25.3462651524435], [-80.2545953753125, 25.3467181531428], [-80.2547013747194, 25.3469531523766], [-80.2548403746366, 25.3473011536231], [-80.2549313757715, 25.3476571536568], [-80.254980375277, 25.3479011534487], [-80.2551893755144, 25.3484231532869], [-80.2553803771067, 25.3489011533089], [-80.2556803757841, 25.3494011541976], [-80.2558803758006, 25.3498011534201], [-80.2561803771729, 25.3502001535997], [-80.2564803767486, 25.3507001548005], [-80.2572793769898, 25.3513021551042], [-80.2586073771356, 25.3519641551962], [-80.259079378037, 25.3522001557408], [-80.2594783782452, 25.3524991563198], [-80.2598803779281, 25.3528001556156], [-80.2608793799825, 25.3532001557724], [-80.2613793795747, 25.3535001556305], [-80.2623793805557, 25.3540001569871], [-80.2625263808688, 25.3540371558883], [-80.2627793805888, 25.3541001563609], [-80.2628793801479, 25.3541001555491], [-80.2630893811085, 25.3541531563851], [-80.2632793810793, 25.354200155652], [-80.2634793801975, 25.354200155652], [-80.2636373803813, 25.3542401564817], [-80.2638783804057, 25.3543001556721], [-80.2644553808891, 25.3543371561051], [-80.2647233806777, 25.3543281558253], [-80.2651383816777, 25.3543161568042], [-80.2654773816114, 25.354305155468], [-80.2668413826405, 25.3536391546954], [-80.2691243835614, 25.3526711553133], [-80.2696133850796, 25.3524621545126], [-80.2958353986659, 25.3416491488214], [-80.3290014172462, 25.3277281395575], [-80.3384734224852, 25.3237521384538], [-80.3415574241956, 25.3224581371001], [-80.3433224250827, 25.3217651364252], [-80.3625464368415, 25.3142151317771], [-80.3707514411358, 25.3107971289007], [-80.3721264420356, 25.3102241296074], [-80.3720134420577, 25.3072041279281], [-80.3719864413952, 25.3059371279044], [-80.3768774447237, 25.305874127535], [-80.3769984450975, 25.3058731262012], [-80.3771344446417, 25.3058751264325], [-80.3780054457513, 25.3058881267176], [-80.3790264457504, 25.3059041269415], [-80.3792014456526, 25.3016941248963], [-80.3794054458671, 25.2968381218151], [-80.3793034457598, 25.2951441214862], [-80.3793004462851, 25.2950821209906], [-80.379265446125, 25.2945101219182], [-80.3792364458127, 25.2940021208429], [-80.3792344452645, 25.2939701213114], [-80.3791334449822, 25.2923001196766], [-80.379110445416, 25.2919081199409], [-80.3791054453931, 25.2918231201812], [-80.3790974449972, 25.2916831193482], [-80.379084446375, 25.2914591197909], [-80.3790814451036, 25.2914141193767], [-80.3790634455603, 25.2911181193042], [-80.3791544448986, 25.28786811789], [-80.3795514454569, 25.2874791180315], [-80.3798034462503, 25.2872341168288], [-80.3798224456186, 25.2872161176625], [-80.395086452738, 25.2729461092238], [-80.3949384526, 25.2537981002471], [-80.3949364520519, 25.2535460991193], [-80.3980144539144, 25.2534860995862], [-80.398145454334, 25.2534840984909], [-80.3984274543663, 25.2534780992671], [-80.3987934549625, 25.2534360981924], [-80.3996994562322, 25.2534390986178], [-80.4104254619972, 25.2534730985596], [-80.4109604626478, 25.2534750988426], [-80.4129384630719, 25.250939096177], [-80.4133604628463, 25.2503980973057], [-80.4186544656826, 25.2447580938228], [-80.4188374650824, 25.2376290909204], [-80.4188754665139, 25.2363190900195], [-80.4243784695876, 25.2363830894078], [-80.4244624692532, 25.2363620899804], [-80.4245214688044, 25.2363650892023], [-80.4247294692169, 25.2363690895191], [-80.4257274705481, 25.2363950903558], [-80.4258234690109, 25.2363970892949], [-80.4268824713398, 25.2364210887493], [-80.4275924709943, 25.2362710894405], [-80.4281774718736, 25.2360900892535], [-80.4282624713641, 25.2360600896499], [-80.4282664706637, 25.236009089738], [-80.4282964716993, 25.2358600893947], [-80.4284354716164, 25.2357870887727], [-80.4287014708569, 25.2357170889699], [-80.4289684717189, 25.2358010887284], [-80.4290914708442, 25.2357460891833], [-80.4293114709523, 25.2356700884412], [-80.4293804732442, 25.2356910879882], [-80.4295784718143, 25.2357080888182], [-80.4296164723474, 25.2357190895453], [-80.4296544728806, 25.2357340889838], [-80.4298074721431, 25.2357550885196], [-80.4298834723111, 25.2357530887574], [-80.429921471946, 25.2357590888564], [-80.430108472442, 25.2358190890174], [-80.4301504722748, 25.2358260877747], [-80.430227473166, 25.2358200901168], [-80.430303473334, 25.2358200893042], [-80.4303414720705, 25.2358320886827], [-80.4305324727646, 25.2358640889155], [-80.4306844722022, 25.2359000894721], [-80.4307224727354, 25.2359060879386], [-80.4307614721951, 25.2359060887512], [-80.4307994718299, 25.2359190892198], [-80.4308374714648, 25.2359820877206], [-80.4308604728276, 25.2360110886833], [-80.4308834723938, 25.2360380890691], [-80.4309674729577, 25.2360840883583], [-80.4310894722582, 25.2361500892511], [-80.4311194732937, 25.2361670883918], [-80.4311504732559, 25.2361880886654], [-80.4311954725634, 25.2362470891439], [-80.4312184730279, 25.2362740894772], [-80.4312494720917, 25.2362980881434], [-80.4313404732267, 25.2363700889888], [-80.4313714722905, 25.2363890894756], [-80.431401473326, 25.2364190889981], [-80.4314404727858, 25.2364320894118], [-80.4315164729538, 25.2364730887698], [-80.4315774730531, 25.2365010893342], [-80.4316074731904, 25.2365240892996], [-80.4316384740508, 25.2365430897624], [-80.4316914737543, 25.2365620885971], [-80.4317454723843, 25.2365850893635], [-80.4319284726824, 25.2366370885013], [-80.4320124741446, 25.2366580895063], [-80.4320504737795, 25.2366630892808], [-80.4321264730491, 25.2366590897863], [-80.4321574730113, 25.2366790888826], [-80.4322334740776, 25.2367000890677], [-80.4323484737053, 25.2367340888181], [-80.4323864742384, 25.2367360893767], [-80.4325764733109, 25.236772089675], [-80.432691473837, 25.2367780897237], [-80.4328514736705, 25.2367740894204], [-80.4329274729402, 25.2367620893224], [-80.4331564741674, 25.236730089326], [-80.4332024732998, 25.2367280887673], [-80.4332174742668, 25.2366980893211], [-80.4332554739016, 25.2365510895715], [-80.4333244743969, 25.2365130878329], [-80.4334834753038, 25.236426089346], [-80.4340354747746, 25.2389490900652], [-80.4342874746697, 25.2401090908005], [-80.4353094762903, 25.2448680928572], [-80.4353264751104, 25.2449530938156], [-80.4353584757958, 25.2450960939366], [-80.4353714762146, 25.2451590925557], [-80.4353954756057, 25.2452720934793], [-80.4355214760024, 25.2458810941311], [-80.4356734763384, 25.2466210949806], [-80.4357514761562, 25.2470190951064], [-80.4357744748241, 25.2471100949113], [-80.4358034760347, 25.2472380944767], [-80.4359104761648, 25.2476960950039], [-80.4359314760813, 25.2477840953617], [-80.4359714762642, 25.2479600958859], [-80.436508477463, 25.2504360955149], [-80.4372094768966, 25.250396095347], [-80.4372584773004, 25.2510870965583], [-80.4373964773927, 25.2511590959539], [-80.4382304777941, 25.2549480984855], [-80.4382584782815, 25.2551220981241], [-80.4382674767057, 25.2551780979641], [-80.4382994782893, 25.2553750977328], [-80.4383394784723, 25.2555790988639], [-80.4384054776963, 25.2557750986721], [-80.4396594791205, 25.2609851006551], [-80.4418344809847, 25.2704121062261], [-80.441455480868, 25.2702281065301], [-80.4414784795359, 25.2709491061149], [-80.4419764812749, 25.2728411079108], [-80.4420004815644, 25.27320110658], [-80.442076480834, 25.2732911070959], [-80.4424984806084, 25.2752731096048], [-80.4427724811431, 25.2764651095716], [-80.4428214815469, 25.2769851087455], [-80.44349248264, 25.279619110919], [-80.4435184825793, 25.2799561107392], [-80.4436184812401, 25.2802271107857], [-80.4440394829862, 25.2825471127401], [-80.4441394825453, 25.2826821124314], [-80.4443874831407, 25.28387411271], [-80.4445374838268, 25.2842801124761], [-80.4446114834467, 25.2847971142424], [-80.4447114839041, 25.2849781133188], [-80.4451344835034, 25.2871631135134], [-80.4452524835042, 25.2877461140179], [-80.4452574835271, 25.2877701146961], [-80.4453584838094, 25.287904114402], [-80.4456064844048, 25.2891891157925], [-80.4456974837431, 25.2895921152917], [-80.4457384846493, 25.2896901153887], [-80.4458124842692, 25.2898641147691], [-80.4459134836532, 25.2901041155212], [-80.445976485199, 25.2904731159136], [-80.4468784844741, 25.295757118837], [-80.4472394850475, 25.2971931202082], [-80.4479404862777, 25.3008171211678], [-80.4480934864386, 25.3010921206983], [-80.4485614862437, 25.3036441235144], [-80.4486364856885, 25.3037121228684], [-80.4501654874724, 25.3110061261359], [-80.4501934870615, 25.3115531264408], [-80.4507094874455, 25.3135361277082], [-80.4511274879202, 25.3159301281035], [-80.4520044897759, 25.3197371305734], [-80.4525004900685, 25.3225641323683], [-80.4530664897829, 25.3246391324806], [-80.4532234892434, 25.3255951334228], [-80.4541834900415, 25.3302221358923], [-80.4542594911078, 25.3302901365651], [-80.4543884918775, 25.3308611360988], [-80.4545164919241, 25.3310421362049], [-80.4544184920148, 25.3310641358001], [-80.4543754914588, 25.3310711363717], [-80.4544254907892, 25.3313241366922], [-80.4544394901345, 25.3313871368149], [-80.4544754919162, 25.3315541366723], [-80.4544684913452, 25.331571137063], [-80.4544644911472, 25.3317121367725], [-80.4545734918255, 25.3322331379541], [-80.4546044917876, 25.3323561363115], [-80.4546924925495, 25.3328261365278], [-80.4547514912024, 25.3330441365821], [-80.4548554909595, 25.3335191380294], [-80.4549994917978, 25.3342431379807], [-80.4550434921787, 25.3343981377719], [-80.4551444924611, 25.3349031391193], [-80.4551864922939, 25.3350501382553], [-80.4554684923262, 25.3363551386969], [-80.4556994914065, 25.3375111399456], [-80.4557444925107, 25.3376721395411], [-80.4558584914152, 25.3382121410128], [-80.4558924926487, 25.338339139991], [-80.4559824921621, 25.3388001398925], [-80.4560284930912, 25.3389571400269], [-80.4561374928711, 25.3394871406308], [-80.4561764923308, 25.33962814086], [-80.45627649189, 25.3401881408046], [-80.4563184935194, 25.3403161403816], [-80.4564254936495, 25.3408491406021], [-80.4564694922338, 25.3410161420159], [-80.4566054917779, 25.3416711408052], [-80.4566444930343, 25.3418191424984], [-80.4567614923118, 25.3424611422066], [-80.456806493416, 25.3426041426539], [-80.4569304932646, 25.3431351429209], [-80.4571604934183, 25.3441671424836], [-80.4573474930161, 25.3450491434065], [-80.4575024937251, 25.3457241445072], [-80.4575244943647, 25.3458751434393], [-80.4576904931478, 25.3466751444], [-80.4578734943442, 25.3474421447449], [-80.4579234936746, 25.3476761448312], [-80.457944493591, 25.347734145303], [-80.4579764942763, 25.3477341444912], [-80.4580114935381, 25.3477701443221], [-80.4580324943528, 25.3478231446852], [-80.4580974946501, 25.3480651446078], [-80.4580744950839, 25.348091145047], [-80.4580604939419, 25.3481251444265], [-80.4580364945508, 25.3481481451474], [-80.4580274943299, 25.3481711450521], [-80.4580644941398, 25.348383145662], [-80.458121493143, 25.3485601448603], [-80.4581344953584, 25.3485741447904], [-80.4581654944222, 25.3485721444525], [-80.4581884939884, 25.3485911452252], [-80.4582024942321, 25.3486371448618], [-80.4582094939048, 25.3486921451808], [-80.4582084940799, 25.3487681441191], [-80.4581884939884, 25.3487761454573], [-80.4581714951683, 25.3487901453625], [-80.4581724940949, 25.3488311457131], [-80.458204493882, 25.3490381451527], [-80.4582594941335, 25.3492991457411], [-80.4583434937991, 25.3496281453134], [-80.4583534947432, 25.3497341460114], [-80.4583904945531, 25.3499351453951], [-80.4584784944167, 25.3502351460468], [-80.4585874941966, 25.3507641466088], [-80.4586234950799, 25.3509041457212], [-80.4586424944482, 25.3510231456105], [-80.4586454948213, 25.3510941472146], [-80.4587414941824, 25.3515351467659], [-80.4587944947842, 25.3516911464651], [-80.4588994943662, 25.3521261470612], [-80.4589164949829, 25.3522751474655], [-80.45894849477, 25.3524121468525], [-80.4589764943591, 25.3525661475839], [-80.4590044948465, 25.352654147334], [-80.4590274944127, 25.3527511474179], [-80.4590394950066, 25.3528351473105], [-80.4590774955397, 25.3530111471668], [-80.4591164949994, 25.3532361474818], [-80.4591474949616, 25.3533691476985], [-80.4591734949009, 25.3535771476158], [-80.459255495815, 25.3538941478515], [-80.4592894952518, 25.3540751484073], [-80.4593224948638, 25.3541781480868], [-80.4593744947423, 25.3543921489609], [-80.4593824951382, 25.3545421475043], [-80.4593964953819, 25.3545911476701], [-80.459431495542, 25.3546521484285], [-80.4594714966233, 25.3547021486679], [-80.4595274958015, 25.3547361486241], [-80.4595884959009, 25.3547621484409], [-80.4596114954671, 25.3547941481452], [-80.4596384952313, 25.3549041488401], [-80.4596424954292, 25.3550341484992], [-80.4596504958251, 25.3550991486822], [-80.4596664957186, 25.3551611476752], [-80.4596684953685, 25.3552181485021], [-80.4596894961832, 25.3552711488481], [-80.459713494676, 25.3552921487949], [-80.459720495247, 25.3553361489037], [-80.4597424949883, 25.3554101483125], [-80.4598224962526, 25.3558181488251], [-80.4598504949434, 25.3558791489645], [-80.4598524954915, 25.3559921489951], [-80.4597964945167, 25.3560141489241], [-80.4597554945088, 25.3560111486019], [-80.4596904960081, 25.355933148317], [-80.4596874956351, 25.3559671487388], [-80.4597114959245, 25.3562471493655], [-80.4597374949655, 25.3562931493369], [-80.4597734949505, 25.3563311500765], [-80.459800495613, 25.3564101493969], [-80.4599494955759, 25.3567411501192], [-80.4599614961698, 25.3567961491876], [-80.4599614961698, 25.3568341497692], [-80.4600024961777, 25.3569371495336], [-80.4600454958354, 25.3571411486032], [-80.4600834954702, 25.3572501495009], [-80.4601254944047, 25.3574351494741], [-80.4601224958283, 25.3574851501861], [-80.4601424959197, 25.3576771496434], [-80.4601964963464, 25.3578441497394], [-80.4602184960877, 25.3580091502348], [-80.4602434953037, 25.3580761506225], [-80.4602474955017, 25.3581741505049], [-80.4602434953037, 25.3581961500369], [-80.4602274954102, 25.3582181503766], [-80.4602374963543, 25.3583741503829], [-80.4602654950451, 25.3585411503278], [-80.4602804969103, 25.3585951501148], [-80.4603084964994, 25.358629149788], [-80.4603614953045, 25.3586611509041], [-80.4603714962486, 25.3587231505058], [-80.4603984969111, 25.3587871494328], [-80.4604184961043, 25.3588581505366], [-80.4604304957998, 25.3589411509738], [-80.4604824956784, 25.3591581501556], [-80.4604894971477, 25.3592461507901], [-80.4605814963109, 25.3596431504948], [-80.4606024962273, 25.3598421511137], [-80.460648496258, 25.359955150687], [-80.4606524955577, 25.3599871514521], [-80.4606734972707, 25.3601341509515], [-80.4607084974308, 25.3602721504348], [-80.4607454963424, 25.3605021513883], [-80.4607734977281, 25.3605811512301], [-80.4608044967919, 25.360759152123], [-80.4608304967312, 25.3608121508516], [-80.4608324972793, 25.3608911513025], [-80.4610324963976, 25.3614141511361], [-80.4609984969607, 25.3617441518968], [-80.4610044959102, 25.3618181522537], [-80.461027497273, 25.3618581529981], [-80.4610434971665, 25.3619141514206], [-80.4610704960324, 25.361931152415], [-80.4610774966034, 25.3619561522497], [-80.4610774966034, 25.3620371520681], [-80.4610994963447, 25.3621201519459], [-80.4611154962382, 25.3621581532891], [-80.461143497624, 25.3622711523208], [-80.461157496071, 25.3623681528062], [-80.4611964964291, 25.3624541518074], [-80.4612024971752, 25.3624871519648], [-80.4612014973503, 25.3625861531945], [-80.461237496437, 25.3626251528204], [-80.4612404959117, 25.3626591521718], [-80.4612314965892, 25.362691152221], [-80.4612154957974, 25.3627141517946], [-80.4612064973731, 25.3627421524342], [-80.4612094968479, 25.3627711523071], [-80.4612774975183, 25.3629801531447], [-80.4612854970159, 25.3630741529142], [-80.4612944972367, 25.3631101522366], [-80.4613144964299, 25.3631531526985], [-80.4613424978156, 25.3631911529051], [-80.4613914964228, 25.3632301523358], [-80.4613944958975, 25.3633821529938], [-80.4614204976334, 25.363518152737], [-80.4614944972533, 25.3636731523532], [-80.461494496355, 25.3637181527021], [-80.4614534972454, 25.3637641530774], [-80.4615324968881, 25.3640401533386], [-80.461577497094, 25.3641231526527], [-80.4616404968431, 25.3642821524607], [-80.461685497049, 25.3644211529281], [-80.4616984974678, 25.3645101538267], [-80.4617344965545, 25.3646351535279], [-80.4617594966688, 25.3648111532518], [-80.4617944977273, 25.3649591542232], [-80.4618074972477, 25.3653471535621], [-80.4618004966767, 25.3654461540726], [-80.4618024972249, 25.3655791538437], [-80.4618134970955, 25.3656591536416], [-80.4618754979181, 25.3657881530722], [-80.4618934974614, 25.3658451545701], [-80.4618984974843, 25.3658871540332], [-80.4619434967919, 25.36605215329], [-80.4619494975379, 25.3661171540423], [-80.4620704979118, 25.3666271545479], [-80.4621004962524, 25.3668031546175], [-80.4621204963439, 25.3668861544692], [-80.4621274978132, 25.3669411554152], [-80.4621264979883, 25.3670391546037], [-80.4621494975545, 25.3671531539574], [-80.4621904975624, 25.3672661548126], [-80.4622434972658, 25.3674851544955], [-80.4622764977761, 25.3676921544647], [-80.462353497769, 25.3680001549507], [-80.4623724971372, 25.3681041549481], [-80.4624264975639, 25.3683351556132], [-80.4624424983557, 25.368485155524], [-80.462490497138, 25.3686521552977], [-80.4625134976025, 25.3688421564946], [-80.4625604983565, 25.3689941549643], [-80.4626144978849, 25.3692311563514], [-80.4626214984559, 25.3692841554233], [-80.4626574984409, 25.3694301557939], [-80.4626604979156, 25.3694721564461], [-80.4627004980986, 25.3696201565792], [-80.4627224978399, 25.3696791562582], [-80.4627444975812, 25.3698751557966], [-80.4627874981372, 25.3700991563871], [-80.4628114984267, 25.3701911555092], [-80.4628194979243, 25.3702521565119], [-80.4628564986325, 25.370384155875], [-80.4628604979322, 25.3704641557386], [-80.4628884984196, 25.37053315569], [-80.4628934984424, 25.3706361567675], [-80.4629124978107, 25.3706951559504], [-80.4629214971332, 25.3707591566547], [-80.4629664982374, 25.3708851563698], [-80.4629724989835, 25.3709591568112], [-80.4630454978801, 25.3712591564251], [-80.4630714987177, 25.3713361557675], [-80.4630914979109, 25.3714891575726], [-80.4631284986191, 25.3716351560905], [-80.4631594985812, 25.3717221574028], [-80.4632034980638, 25.3719411571263], [-80.4632054977137, 25.3719921566824], [-80.4632274983533, 25.3721091561558], [-80.4632664987113, 25.3722511572792], [-80.4633084985441, 25.3724791574076], [-80.4633154982168, 25.3725551560021], [-80.463349498552, 25.3726581569791], [-80.4634234981719, 25.3729751574967], [-80.4634504997327, 25.3730651569313], [-80.4634734984006, 25.3732151574633], [-80.4634994992382, 25.3732971570045], [-80.4635254991774, 25.3734491579863], [-80.4635574989645, 25.3735921583082], [-80.4635774981576, 25.3736491593713], [-80.463584499627, 25.373715157621], [-80.4636214985386, 25.3738651581576], [-80.463653499224, 25.3740781591191], [-80.4637124978769, 25.3743111580145], [-80.4637094993004, 25.3743601582824], [-80.4637314981434, 25.3744131583509], [-80.463829498951, 25.3748171582168], [-80.4639214990125, 25.3751971587782], [-80.4647024997104, 25.375374159298], [-80.4633494994503, 25.3754261581633], [-80.4640014993785, 25.3784051600177], [-80.4648495000235, 25.3822761624192], [-80.4672775016078, 25.3929091676493], [-80.4681125036306, 25.3965441697376], [-80.4688405028285, 25.4001361716282], [-80.4696645040824, 25.4039561728208], [-80.4704715056179, 25.407528174659], [-80.4713125047936, 25.4112541767645], [-80.4720755050498, 25.414874178737], [-80.4728685063416, 25.4185821803433], [-80.4742065074314, 25.4251671839643], [-80.4743285076302, 25.4261001850753], [-80.4743665081633, 25.4271151849386], [-80.4743515080947, 25.4280311849648], [-80.4742335071956, 25.4308931862647], [-80.4741505073549, 25.4323331871235], [-80.4741605074007, 25.4332161877657], [-80.4741845067918, 25.43321418883], [-80.4742235080482, 25.4332181883239], [-80.4758165085078, 25.4331961878605], [-80.4791815104255, 25.4332041868495], [-80.4792385112253, 25.4332041876607], [-80.4801925112772, 25.4331931870226], [-80.4803285117197, 25.4331961878605], [-80.4812505119846, 25.4332161869545], [-80.4821745118993, 25.4332111879925], [-80.4832745133377, 25.4331921875545], [-80.4852345142185, 25.433189188339], [-80.4872495162492, 25.4331751868612], [-80.4888045161756, 25.4331771866088], [-80.4913125181258, 25.4331721876453], [-80.4913185179736, 25.4350061873383], [-80.4913235188948, 25.4368361897543], [-80.4913195177985, 25.437353189236], [-80.4913095186511, 25.4389511901251], [-80.4912975180572, 25.4405061904374], [-80.4933235190602, 25.4404941910586], [-80.493369519091, 25.4435301921004], [-80.4933955199285, 25.4461011932126], [-80.4934265189924, 25.4477941936686], [-80.4954655204141, 25.4477681944233], [-80.4971105234473, 25.4477481936896], [-80.4975145218817, 25.4477431937085], [-80.5015565247402, 25.4477021945042], [-80.5015485243443, 25.4494661940622], [-80.5015405248467, 25.4513451964036], [-80.5015415246716, 25.4531921966219], [-80.5015255247781, 25.4550181980772], [-80.501566524786, 25.4568781981664], [-80.5015675255092, 25.4587521988383], [-80.5015705258823, 25.4623692011391], [-80.5015705258823, 25.4623842016925], [-80.5055895282763, 25.4623512012836], [-80.5056315281091, 25.4623512004726], [-80.5056725272186, 25.4659202029221], [-80.5055845273551, 25.4659202021111], [-80.503570526946, 25.4659282029814], [-80.5015875256007, 25.465939202251], [-80.5016085255171, 25.4664972042108], [-80.5016265259588, 25.4669772037125], [-80.5016365251062, 25.4678832039498], [-80.5016355252813, 25.4685612057544], [-80.5016325267048, 25.4696282041927], [-80.5008845256189, 25.4696382055805], [-80.499695524492, 25.4696772054701], [-80.4996595236087, 25.4696782054463], [-80.4990235244723, 25.4696932058994], [-80.4976595234432, 25.4696942050645], [-80.497622522735, 25.4696942050645], [-80.497051523896, 25.4696952050405], [-80.4963335229473, 25.4696952050405], [-80.4959855218945, 25.4697042048248], [-80.4956415228362, 25.4697122054434], [-80.4955955219071, 25.4698432054617], [-80.495593521359, 25.4705082055399], [-80.495592521534, 25.470966206018], [-80.4955915226075, 25.4712312063145], [-80.4956125216255, 25.4715732062503], [-80.4936525207448, 25.4715922054974], [-80.4936235213308, 25.4720002064462], [-80.493653521468, 25.4726962068741], [-80.4936395212243, 25.4733922073292], [-80.4936695213615, 25.4738732076427], [-80.4936775217575, 25.4760492086929], [-80.4937165203189, 25.47706820968], [-80.4937145206691, 25.4774612087879], [-80.4937015211486, 25.4779902094612], [-80.4937085217196, 25.47889221067], [-80.4937285218111, 25.4793042107654], [-80.4937265221613, 25.4797942107888], [-80.4937245216131, 25.4807282109855], [-80.4937535210271, 25.4814532117041], [-80.4937315212858, 25.481630211116], [-80.4937395216817, 25.4821892123215], [-80.4937275219862, 25.4825412114118], [-80.4937455215295, 25.4834732116284], [-80.4937525221005, 25.4843852132192], [-80.4943535219751, 25.484351214127], [-80.4950735225736, 25.4843722134959], [-80.4957815225783, 25.4843662135608], [-80.49668352365, 25.4843692131229], [-80.4978475246625, 25.4843642130417], [-80.4989115252177, 25.4843522123594], [-80.4989405246317, 25.4843522123594], [-80.5000425248216, 25.484345212569], [-80.5011735262222, 25.4843382127782], [-80.5018105260818, 25.4843332126957], [-80.5018675259832, 25.4843332126957], [-80.5038145282418, 25.4843152120726], [-80.5048055272053, 25.4843032130072], [-80.505798529412, 25.4842602119539], [-80.5058525289403, 25.484259212099], [-80.5058475289174, 25.4843802123278], [-80.5058675281106, 25.4860952123513], [-80.5078405303085, 25.4860802131333], [-80.5078775301184, 25.4860802131333], [-80.507892530187, 25.4878832132505], [-80.5078915294638, 25.4880232145908], [-80.5079015304078, 25.4885832142667], [-80.5079265305222, 25.4902062152263], [-80.50793253037, 25.4906532158317], [-80.5079265305222, 25.4914572159357], [-80.5079265305222, 25.4914742156942], [-80.507928530172, 25.4915602166778], [-80.5078585298518, 25.491561216472], [-80.5076915303456, 25.4915632160604], [-80.5059205287124, 25.4915782162158], [-80.5039065283033, 25.4916042165349], [-80.503959528905, 25.4926532170742], [-80.5039245287449, 25.4952402179727], [-80.5039215283719, 25.4962162176147], [-80.5039825284712, 25.4988942197137], [-80.5027815285471, 25.4989012194675], [-80.5019525272703, 25.4989052192108], [-80.5002305269392, 25.4988962208017], [-80.4999145256734, 25.4988952202577], [-80.4979325259497, 25.4989512207085], [-80.4979005252643, 25.4954192184982], [-80.4978735246018, 25.494552217289], [-80.4978615249063, 25.4941142177926], [-80.4978605259796, 25.4940902183738], [-80.4978545252336, 25.493223217305], [-80.4978505241373, 25.4927472171107], [-80.4978445242895, 25.491658215932], [-80.4970245241319, 25.4916632165207], [-80.4970255239568, 25.4905712158415], [-80.4968975248086, 25.4905662160183], [-80.4938265217204, 25.4905672166316], [-80.4938285222685, 25.4905042160849], [-80.4938385223143, 25.4902252163942], [-80.493838521416, 25.4898242159455], [-80.4938395212409, 25.4896192152619], [-80.4938395221392, 25.4894592146832], [-80.4938175214996, 25.4889892155017], [-80.4907365201623, 25.4889802155391], [-80.4897245194857, 25.488977216092], [-80.4896465187696, 25.48898021635], [-80.4891825200607, 25.4889782159077], [-80.4886635202019, 25.4889862152439], [-80.4874645181309, 25.4889922157594], [-80.4855845167178, 25.4890152163809], [-80.4855915181871, 25.4899172159544], [-80.485589517639, 25.4903292171858], [-80.4855765172202, 25.4908382163159], [-80.4855945176619, 25.4917502163507], [-80.4846845170925, 25.4917262172707], [-80.4835545164152, 25.4917302180637], [-80.4835795165296, 25.4908472169502], [-80.4835835167275, 25.4899352165494], [-80.482643516021, 25.4899322155044], [-80.481596514286, 25.4899142165307], [-80.4805845145077, 25.4899222166155], [-80.4805755142868, 25.4903972168439], [-80.4805765141118, 25.4908262170909], [-80.4802655146654, 25.4908332165038], [-80.4802655137671, 25.4908792170378], [-80.4802655137671, 25.4917622171052], [-80.4795575137625, 25.4917642175012], [-80.4795615139604, 25.4908632178059], [-80.4795545142877, 25.4899312156966], [-80.4775665129196, 25.4899342159308], [-80.4775595132469, 25.4890222158993], [-80.4760605107019, 25.4890312150479], [-80.4760495126279, 25.488123216375], [-80.4758995110434, 25.4881242161978], [-80.4749895104741, 25.4881132157138], [-80.4738795098882, 25.4881652162238], [-80.4733505090854, 25.4881542157435], [-80.4733565098315, 25.4872402147077], [-80.4733605091311, 25.4863072154787], [-80.4733045108513, 25.4854242142555], [-80.4733265087959, 25.4845102143545], [-80.4733445092376, 25.4844132139908], [-80.4733375095649, 25.4838492141042], [-80.4733355090168, 25.483614213911], [-80.4733355099151, 25.4836002126221], [-80.4733025103031, 25.4836012124825], [-80.4732835100366, 25.4836022131538], [-80.4722565092913, 25.4836072132667], [-80.4722505094436, 25.4827672132747], [-80.4722495096186, 25.4826882131849], [-80.4711995093072, 25.4827002124115], [-80.4712065080816, 25.4817962116379], [-80.4711955091093, 25.4808672118557], [-80.4705485083057, 25.4808742118486], [-80.4695655079414, 25.4808902124101], [-80.4690715072986, 25.4808772114979], [-80.4690785069713, 25.4813392117387], [-80.4670845057554, 25.4813722126147], [-80.4670825061056, 25.4818502130089], [-80.4658445054732, 25.4818532134448], [-80.4651555048368, 25.4818592118835], [-80.4651935053699, 25.4827192131443], [-80.465113505004, 25.4831932127821], [-80.465152505362, 25.4836092137984], [-80.4651435051412, 25.4845812152399], [-80.4641405046854, 25.4846002148644], [-80.4623815027478, 25.4845922136144], [-80.4620715040247, 25.4845952139819], [-80.461935502684, 25.4845972144971], [-80.4617865027211, 25.4845992150123], [-80.4611545028844, 25.4845942149406], [-80.4610075034696, 25.4845932142775], [-80.4599695028538, 25.4857012156745], [-80.4569775003066, 25.4887112169771], [-80.4567115010662, 25.48897321764], [-80.4564445002042, 25.4892342162964], [-80.4555815003888, 25.4901482167637], [-80.453828498299, 25.4919872180567], [-80.4531074978755, 25.4927402194309], [-80.4525824990673, 25.4932732200982], [-80.4525544985799, 25.4933022193897], [-80.4525174978716, 25.4933402191218], [-80.45146949721, 25.4944042197148], [-80.448598495935, 25.4971242208128], [-80.4462524943666, 25.4993472228614], [-80.4450734941837, 25.500555222363], [-80.4449444943123, 25.5006562231657], [-80.4442014950458, 25.5014342246323], [-80.4438254935056, 25.5018292237556], [-80.4436294927887, 25.5020302234266], [-80.4435094931381, 25.5021532238217], [-80.4426514924473, 25.5030372242415], [-80.4410394917211, 25.5047212247799], [-80.4408004904481, 25.504935225219], [-80.4399324915082, 25.5058012255947], [-80.4390494916014, 25.5066992261393], [-80.440079490923, 25.5066762264709], [-80.4405964920303, 25.5066842262503], [-80.4396324910343, 25.5077552262597], [-80.4380264910541, 25.5093802285687], [-80.4361914898468, 25.5111492280177], [-80.4341214893612, 25.5132732301055], [-80.433282488937, 25.5140992306778], [-80.433452487918, 25.5142112311561], [-80.4308594864774, 25.5168982319689], [-80.4308294872384, 25.5169292328293], [-80.4307974865531, 25.5169612316432], [-80.4307324871541, 25.5170272324632], [-80.4296884866904, 25.5181022333521], [-80.4289854858103, 25.5187992330502], [-80.4289154854901, 25.5188692335592], [-80.4284304850682, 25.5193192340036], [-80.428317486887, 25.5192202334345], [-80.4271824852884, 25.5204732342451], [-80.4258874847547, 25.5216742351827]]]}, "properties": {"district": 9, "board_member": "Ms. Luisa Santos"}}, {"type": "Feature", "id": 2, "geometry": {"type": "Polygon", "coordinates": [[[-80.2227423792673, 25.7826553762823], [-80.2227613786355, 25.7828053756494], [-80.2227993791687, 25.7829783755089], [-80.2229093778752, 25.7837743767452], [-80.2229383790858, 25.7839423763153], [-80.2229523793296, 25.7841913775225], [-80.2229413794589, 25.784840376549], [-80.222937379261, 25.7850683775563], [-80.2229673793982, 25.7855223779234], [-80.2221653778856, 25.7851453772902], [-80.2197423772225, 25.7845103767201], [-80.2190963771422, 25.7842853771926], [-80.2188683766382, 25.7839913766169], [-80.2186393763094, 25.7839153767182], [-80.2176043760665, 25.7835743767542], [-80.2175513763631, 25.7835283764254], [-80.2170503751494, 25.7833853772414], [-80.2167773753379, 25.7832933756105], [-80.2146883736874, 25.7825713764244], [-80.2120083722081, 25.7816363763208], [-80.2103733719157, 25.7806073760434], [-80.209943370847, 25.7801753760778], [-80.2093063700892, 25.7795353741058], [-80.2088713707943, 25.7793103756572], [-80.2069203692361, 25.7782983740334], [-80.2064893692409, 25.7780653738318], [-80.2062823686533, 25.77798737453], [-80.2048063683695, 25.7774353749566], [-80.2033293673625, 25.7763653731557], [-80.2015203651962, 25.7745763724569], [-80.2012303656663, 25.774207372297], [-80.2008403656789, 25.7736943723976], [-80.200583365761, 25.7730483718562], [-80.199796364317, 25.7710763716975], [-80.1997903644692, 25.771058370554], [-80.199658365123, 25.7708133712574], [-80.1994993651144, 25.7706703713087], [-80.1993153640931, 25.7704753713216], [-80.1994473652358, 25.7702313707123], [-80.1995283645284, 25.7700763705487], [-80.1996233640646, 25.7698943698216], [-80.1998013643399, 25.7694553703996], [-80.1999193643406, 25.7691123703311], [-80.1999923650339, 25.7688753694712], [-80.2001323656743, 25.768377369389], [-80.2001883648525, 25.7681433692136], [-80.2002353647082, 25.7679183693878], [-80.200247365302, 25.7674763693868], [-80.200247365302, 25.7671753690005], [-80.2001803644566, 25.7666303687374], [-80.2001213649053, 25.7662013678166], [-80.2000983653391, 25.7660473679792], [-80.2000023641813, 25.765426368593], [-80.1999843637397, 25.7652523674789], [-80.1999053640969, 25.7645513680597], [-80.1998343648501, 25.7640363677956], [-80.1997293643698, 25.7633363676168], [-80.199684364164, 25.7629123658803], [-80.199651364552, 25.7625343670701], [-80.1996473643541, 25.7622913662748], [-80.1996503638288, 25.7619173661397], [-80.199652364377, 25.7616553655942], [-80.1996603638746, 25.7612593666245], [-80.1998243639061, 25.761157365965], [-80.1998803648809, 25.7611213655209], [-80.2006513646348, 25.7605633653326], [-80.201009364835, 25.7603013650353], [-80.2015133655235, 25.7599533653276], [-80.2023363660542, 25.7594263655627], [-80.2031373668436, 25.7588763645818], [-80.2039843667654, 25.7582863646395], [-80.2047933679508, 25.7577333640533], [-80.2056383673245, 25.7571843641309], [-80.2064763679238, 25.7566353632885], [-80.2072963689797, 25.7560243633206], [-80.2081933691303, 25.7553923623067], [-80.2090473696231, 25.7548013628331], [-80.209969369888, 25.7541953624587], [-80.2107983711648, 25.7535923607032], [-80.2116103700282, 25.7530183617817], [-80.2125273720669, 25.7524453609359], [-80.2131833712947, 25.7519703609279], [-80.2134403712127, 25.7517953602758], [-80.2141723724051, 25.7512923594994], [-80.2145553727197, 25.7510723603643], [-80.2157363734507, 25.7502203606045], [-80.2161083729964, 25.749973360256], [-80.2169383731998, 25.7493973590861], [-80.2182233745862, 25.7484913587077], [-80.2186963744142, 25.7481943582373], [-80.219185375034, 25.7478223575568], [-80.2195433752343, 25.7474373578728], [-80.2198353753124, 25.7469453582091], [-80.2202753755284, 25.7467943579366], [-80.2208103752807, 25.7466103577523], [-80.2217873766955, 25.7462303578418], [-80.2217883765204, 25.7460443574043], [-80.221789375447, 25.7460013573791], [-80.2217903761703, 25.7458323574118], [-80.2243593773215, 25.7448683577893], [-80.2258203793332, 25.7443463555554], [-80.2298753799157, 25.7428583551001], [-80.2318763826009, 25.7421263554837], [-80.2338473833523, 25.7414093541706], [-80.2353883839335, 25.7408483548224], [-80.2358543849871, 25.7406873543069], [-80.2367763843537, 25.7403353540133], [-80.2378473854798, 25.7399403528861], [-80.2411503874733, 25.7387333527617], [-80.2418703880718, 25.7384683531977], [-80.2429823883075, 25.7380623521791], [-80.2437953887924, 25.7377833528694], [-80.2459203904279, 25.7369823514993], [-80.2479453898094, 25.7362593512674], [-80.2507743921499, 25.7351813507605], [-80.2512553932722, 25.7348673494228], [-80.2519553928809, 25.734345351002], [-80.2527103945378, 25.7337533494021], [-80.2538973942183, 25.7326613491648], [-80.2546193944667, 25.7319783489751], [-80.2551043948886, 25.7316493488909], [-80.2558703955179, 25.7312983479448], [-80.2558473959516, 25.7309223477045], [-80.2558233965605, 25.7306253470227], [-80.2557813958294, 25.7300843482883], [-80.2557493960424, 25.7294053471797], [-80.255728396126, 25.7288043471478], [-80.2556963954406, 25.7281963464118], [-80.255677395174, 25.7275593466489], [-80.2576873971818, 25.7274923460626], [-80.2586703975461, 25.7274583464391], [-80.2585073955428, 25.7249923455395], [-80.2592963966366, 25.7249473446374], [-80.2594933971784, 25.7249353446098], [-80.2616203984638, 25.7248383440723], [-80.2615963990726, 25.7243603453741], [-80.2615573978162, 25.7236163441737], [-80.2615223976562, 25.7229153434743], [-80.2615043981128, 25.7226893442845], [-80.2614853978462, 25.7222213439451], [-80.261466398478, 25.7217803433563], [-80.2614543987824, 25.7214903429899], [-80.2614193986223, 25.7208013423453], [-80.2613753982414, 25.7199473426553], [-80.261347397754, 25.7190633417603], [-80.261311397769, 25.7182223411481], [-80.2612803978068, 25.7173433412535], [-80.2612683990096, 25.7170953402282], [-80.2612583980655, 25.7164943411141], [-80.2612163973344, 25.7156423403396], [-80.2612103974866, 25.7153933394626], [-80.2611903973951, 25.7149163403934], [-80.2611653972808, 25.7141543391495], [-80.2611393973415, 25.7133923395002], [-80.2611103979275, 25.7126803391711], [-80.261083397265, 25.7119213385108], [-80.2610613975237, 25.7111703369215], [-80.2610413974322, 25.7104013380645], [-80.2610263973636, 25.7097423369961], [-80.2610163973179, 25.7094923379388], [-80.261008396922, 25.7090513371073], [-80.2595693955498, 25.7090923367359], [-80.257104395054, 25.7091683367604], [-80.2570443947795, 25.7091543367595], [-80.2569353949996, 25.7091583367599], [-80.2567483954018, 25.709165337165], [-80.2566723943355, 25.709167337165], [-80.256212394028, 25.7091833371641], [-80.2535033922364, 25.7092753371172], [-80.2532293926, 25.7092853379172], [-80.2528143924983, 25.7093363374515], [-80.248459388747, 25.7095063378999], [-80.2477623895113, 25.7095303378293], [-80.2376923838725, 25.7095723376943], [-80.2376283834, 25.7095753372794], [-80.2222763746204, 25.7095883392577], [-80.1956313587399, 25.7098453400971], [-80.192997356393, 25.709870340357], [-80.1911753556045, 25.7098883394402], [-80.1860233539567, 25.728057350355], [-80.1856743539773, 25.7292873510096], [-80.1851733545602, 25.7305313509929], [-80.1824803526621, 25.7372193553189], [-80.1789193518241, 25.746066359481], [-80.1789663507814, 25.7460713591433], [-80.1790013527382, 25.7461043598219], [-80.1790133515354, 25.7461333593074], [-80.1790213519314, 25.7464893597801], [-80.1790263510559, 25.7467033595873], [-80.178960351832, 25.746774360217], [-80.1783803509755, 25.7467883590257], [-80.1776593505521, 25.7468143596984], [-80.1770463500837, 25.7467623591563], [-80.1766763501878, 25.7466813592468], [-80.1764623499276, 25.7465483602645], [-80.1760553502218, 25.7463483590386], [-80.1756193493054, 25.7462083598412], [-80.1752793495468, 25.7460083596612], [-80.1747773485081, 25.7457133596509], [-80.17434134849, 25.7452773585139], [-80.1740973489909, 25.7453513594877], [-80.1738193491565, 25.7455123585387], [-80.173760348707, 25.7457133588418], [-80.1738503482204, 25.745978359241], [-80.1744123477368, 25.7465793590125], [-80.1750153490578, 25.7470213591257], [-80.1755083498756, 25.7474573595264], [-80.1756933489253, 25.7475903599184], [-80.1758993496879, 25.7477243594327], [-80.1759893492012, 25.7479453599923], [-80.1754493503244, 25.7481673602173], [-80.1744743485594, 25.7472133593508], [-80.1732473477977, 25.7460903593145], [-80.1730473477811, 25.7454613591443], [-80.1729213482827, 25.7450693599911], [-80.1720403471274, 25.7442993585248], [-80.1717313473309, 25.7442863595322], [-80.1712053469011, 25.7442073589637], [-80.1710213458798, 25.7441223576788], [-80.1708903463585, 25.7439863587332], [-80.1705123460668, 25.7437103583001], [-80.1701643468105, 25.7433113582117], [-80.1700683456528, 25.7433403583789], [-80.169733345917, 25.743040358428], [-80.1694323456181, 25.7426783590216], [-80.1694843454966, 25.7426303579714], [-80.1693003453736, 25.7424773584392], [-80.1690533446031, 25.7423133573256], [-80.168874344503, 25.742152358795], [-80.1687353463824, 25.7420473575249], [-80.1685063451553, 25.7418403583327], [-80.1683883442562, 25.7417563579126], [-80.1682363439202, 25.7416143578959], [-80.1681533449779, 25.7415243573303], [-80.1677843440086, 25.7411953569659], [-80.1676803433532, 25.7410923575501], [-80.1676003438856, 25.7410313573197], [-80.1675483449053, 25.7409983584688], [-80.1674403431537, 25.7408993578151], [-80.1672843435181, 25.7407703569621], [-80.1672323436395, 25.7407443565851], [-80.1671953447279, 25.7407053576272], [-80.1670733445292, 25.7406083562007], [-80.1670453440418, 25.7405783568446], [-80.1669553445284, 25.7405113571226], [-80.1668463447485, 25.7404053566881], [-80.1667523441388, 25.7403333569649], [-80.1667213432784, 25.7402943562538], [-80.1665863435591, 25.7401843566689], [-80.1665273431096, 25.7401223566373], [-80.1663903446389, 25.7399993566224], [-80.1663153433975, 25.7399183577668], [-80.1663063431766, 25.7398663566342], [-80.166147343168, 25.7397233574481], [-80.1655593428139, 25.7391923563277], [-80.1636243420475, 25.7374453552125], [-80.1635823413164, 25.7374623556204], [-80.1634103426856, 25.7372383560963], [-80.1576973386513, 25.7396733565264], [-80.157668338339, 25.739686357642], [-80.1576703388871, 25.739553355685], [-80.1576753380117, 25.7394893574525], [-80.1576803389328, 25.7387903567863], [-80.1576813387578, 25.7386963558841], [-80.157686336984, 25.7381073570181], [-80.1576873377072, 25.7379923562161], [-80.1576903380803, 25.7379013559811], [-80.1576953390015, 25.7377293553289], [-80.1576973386513, 25.7376513554215], [-80.157700338126, 25.7374953554532], [-80.1577193383926, 25.7374513562135], [-80.1577953385606, 25.7372713559913], [-80.1579463381733, 25.7369723562648], [-80.1581223387988, 25.7366773556704], [-80.158368338846, 25.7363273559904], [-80.1587373398153, 25.7358893548512], [-80.1589183395653, 25.7356443550157], [-80.1590533392845, 25.7354293545294], [-80.1591873400771, 25.7351743551233], [-80.1592533384027, 25.7350273543984], [-80.1593173388751, 25.734861354765], [-80.1593593396063, 25.734729354072], [-80.1593783389745, 25.734583353797], [-80.1593773391496, 25.7345283546112], [-80.1593763393247, 25.7344533539886], [-80.159351338312, 25.7343083535678], [-80.1593063390045, 25.7341673537479], [-80.1592613387986, 25.7340863541546], [-80.1591973392245, 25.7339943531609], [-80.1591223388814, 25.7339063536918], [-80.1589913393602, 25.7337863535015], [-80.1586773395408, 25.7333233533383], [-80.156660336962, 25.7313273526618], [-80.1551673369598, 25.7303343526241], [-80.1545283356538, 25.7305273525204], [-80.152804335673, 25.7312013525981], [-80.1510273350903, 25.7320673533204], [-80.1490023330139, 25.7332533529661], [-80.1485813330644, 25.7336523536449], [-80.1481823337546, 25.7337423545074], [-80.146935332003, 25.7342113550125], [-80.1466343317041, 25.7343253544244], [-80.1459633315094, 25.7346283542889], [-80.14442233003, 25.7354313557063], [-80.1426743288613, 25.7367353559987], [-80.142374330184, 25.7367453561083], [-80.1415693291967, 25.7367723567235], [-80.1402113280153, 25.7373653564021], [-80.1390873271857, 25.7378943564582], [-80.1379973275897, 25.7384743565746], [-80.1374903256298, 25.7388693577194], [-80.1355463255409, 25.7404523584955], [-80.1350913261546, 25.741039358413], [-80.1333953239661, 25.7447393604361], [-80.1325433249198, 25.7485563626837], [-80.1313723233362, 25.7476863612282], [-80.1247723200954, 25.743223359977], [-80.1093113097392, 25.7333983546738], [-80.0917852989203, 25.7211193504848], [-80.0918452991947, 25.7198093502212], [-80.0919452987539, 25.7177893486236], [-80.0921052985874, 25.7154993484384], [-80.0923752989242, 25.7132393460467], [-80.0926452992609, 25.7111793452682], [-80.0928452992775, 25.7098693440052], [-80.0930352992483, 25.7087593437458], [-80.0931352997057, 25.7076293433983], [-80.0931452997515, 25.7059293432635], [-80.0932452984122, 25.7036493411187], [-80.0933952990984, 25.7019493407987], [-80.0935652980794, 25.7006393391218], [-80.093735298857, 25.6995093385828], [-80.0938952986906, 25.6985693387233], [-80.0941552989816, 25.6972693380898], [-80.0944152992726, 25.6961593377037], [-80.0947452998838, 25.6948593374704], [-80.0951653000083, 25.6933993359552], [-80.0955752991889, 25.692119335171], [-80.096165300091, 25.6904993341735], [-80.0965853002156, 25.6894293339888], [-80.0971952994127, 25.6880193330854], [-80.0978753007265, 25.6864493320188], [-80.09832530009, 25.6854193309635], [-80.0988653016618, 25.6842293313104], [-80.09870530093, 25.6829593313313], [-80.0985653011879, 25.6822293294998], [-80.0983453001815, 25.6809493293098], [-80.0981353010176, 25.6794693279891], [-80.0979953003772, 25.6781793287417], [-80.0977953003606, 25.6761193277561], [-80.0976952999032, 25.6742393270961], [-80.0976752998117, 25.6733093251344], [-80.0977253009388, 25.670679324294], [-80.0978752998283, 25.6684293239662], [-80.0981253000735, 25.6663693220767], [-80.0984353005932, 25.6643193207488], [-80.0988052995908, 25.6622693206137], [-80.0992553007509, 25.6602293184968], [-80.1001503012516, 25.6573233174278], [-80.1247723156039, 25.6573393171032], [-80.1394733224836, 25.6573893161759], [-80.1556033324864, 25.6573413147344], [-80.1557713336142, 25.6573403155139], [-80.2047923618377, 25.6571933125974], [-80.2059763629417, 25.6571893124715], [-80.2067763630079, 25.6549903119906], [-80.2109793646266, 25.6421163049388], [-80.2117823650659, 25.6423153054096], [-80.2134963658993, 25.6344053005394], [-80.215450366034, 25.6253912958116], [-80.2155023659125, 25.6251502958501], [-80.217259367302, 25.6182072931116], [-80.2189993680747, 25.6113312890303], [-80.2193363683586, 25.609997288468], [-80.2263493720513, 25.6113352882627], [-80.2486523854976, 25.6155902904122], [-80.2497783868753, 25.6158002906465], [-80.2721043989896, 25.6199632909915], [-80.2785154038811, 25.6214462912761], [-80.2831884058531, 25.6225282913417], [-80.2829554053263, 25.6245252930291], [-80.2828784053334, 25.6251912935623], [-80.2829784057908, 25.6302912953089], [-80.2829864061868, 25.6303422970613], [-80.2838794061394, 25.6303232962363], [-80.2878814097133, 25.6302882953481], [-80.2879834080239, 25.6302882953481], [-80.2890504089521, 25.6302702955815], [-80.2891074088535, 25.6302712958385], [-80.2910954102216, 25.630229296373], [-80.2915854106664, 25.6302192954181], [-80.2916124104306, 25.6302242958957], [-80.2916814118242, 25.6302242967056], [-80.2917434117485, 25.6302182959705], [-80.2917824121065, 25.6302222961906], [-80.2925054121798, 25.6302022967087], [-80.2927454123793, 25.6301872952728], [-80.2928894123194, 25.6302052950519], [-80.2928914119692, 25.6304322958129], [-80.292893411619, 25.630611296098], [-80.2929334127003, 25.6314792957432], [-80.2930354119093, 25.6336832972996], [-80.293038411384, 25.6337582974052], [-80.2930454128533, 25.6339292981826], [-80.2934384123154, 25.633916296858], [-80.2947014130622, 25.6338752972815], [-80.297032414562, 25.6338102970944], [-80.2978554141944, 25.6337842968477], [-80.2980144151013, 25.6337812969746], [-80.2980244151471, 25.6341712968513], [-80.2980304158932, 25.6343322972368], [-80.3010654163014, 25.6342322967563], [-80.3011984163708, 25.6342312973423], [-80.30120741749, 25.6345392970663], [-80.3012374167289, 25.6355472980443], [-80.301272416889, 25.6363502986397], [-80.3013054173993, 25.6373652986699], [-80.2971434148901, 25.6374402980824], [-80.2969944149272, 25.6374452990674], [-80.2969844148815, 25.6374452990674], [-80.2967234138672, 25.6380332992507], [-80.2964534153271, 25.6385322992873], [-80.2963974143523, 25.6386353007766], [-80.2963474132253, 25.6386363001538], [-80.2963214150826, 25.6386352999668], [-80.291948411788, 25.6386713002147], [-80.2891954105137, 25.6427453021439], [-80.2900484102833, 25.6432473015545], [-80.290106410908, 25.6432863024754], [-80.2905914113299, 25.6435663022962], [-80.2906034110254, 25.64396430212], [-80.2906054115736, 25.6440223022643], [-80.2906364115357, 25.6450693036808], [-80.2904944112455, 25.6450743035363], [-80.2902754109624, 25.6450803027149], [-80.2900824115168, 25.6450863027029], [-80.2900444109837, 25.6450873036457], [-80.2899964113031, 25.6450873036457], [-80.2895904114222, 25.6450983026782], [-80.2895324098993, 25.6451003037537], [-80.2892724096083, 25.6451063029309], [-80.2891694105744, 25.6451093033292], [-80.2890864107338, 25.6451243037], [-80.2871644085895, 25.6452263042282], [-80.2862644089643, 25.6452523027928], [-80.2853374086765, 25.6452833036279], [-80.284880408742, 25.6452863040218], [-80.2844404076277, 25.6452893036058], [-80.2834514074156, 25.645310303121], [-80.2834624072863, 25.6457343036866], [-80.2834804068296, 25.6464093044453], [-80.2835364069061, 25.6485073044052], [-80.2835524076979, 25.6493553056059], [-80.2836064072263, 25.650423306626], [-80.2836084077744, 25.6514843072487], [-80.2836454084827, 25.652649307336], [-80.2836684080489, 25.653766307743], [-80.2836904077902, 25.6544983082679], [-80.2836984072878, 25.6547793093638], [-80.2837124075315, 25.6553073087767], [-80.2838494086972, 25.6558463087528], [-80.2838214073114, 25.6561433097481], [-80.283797407022, 25.6564003092955], [-80.2837534084377, 25.656861308974], [-80.283811408164, 25.6591863108981], [-80.2838324080804, 25.6600543116472], [-80.2838934090781, 25.6623393125296], [-80.2839354089109, 25.6636773128844], [-80.2839394082105, 25.6637653124566], [-80.2839664079747, 25.6642983132439], [-80.284002408858, 25.665018313508], [-80.284082409224, 25.6668153147273], [-80.2840874092469, 25.6671113151773], [-80.2840964085694, 25.6675833157532], [-80.284111408638, 25.6683763159448], [-80.2841204079605, 25.6685983148614], [-80.2841884095292, 25.6701813161311], [-80.2842144094685, 25.6707843164873], [-80.2842854096136, 25.6724563174149], [-80.2843294090962, 25.6743803185802], [-80.2843404098652, 25.674862318355], [-80.2843954092184, 25.6766843192866], [-80.2842434088825, 25.6766893194362], [-80.2842494087303, 25.6768593195376], [-80.284262409149, 25.6769333193536], [-80.2842684089968, 25.6772243196505], [-80.2842854087152, 25.6774123197427], [-80.2842944098344, 25.6776103197603], [-80.2843064095299, 25.6782423204287], [-80.2842994089589, 25.678344320161], [-80.2843034091569, 25.6785723198659], [-80.2843114095528, 25.6786823213643], [-80.2843294090962, 25.6789103204226], [-80.2843334101924, 25.6792063207933], [-80.2843294099945, 25.6793113208576], [-80.2843174094006, 25.6793753206971], [-80.2843254088982, 25.6796113204156], [-80.2843364105655, 25.679704321202], [-80.2843374094921, 25.6800343214481], [-80.2843544101088, 25.680392321074], [-80.2843754100252, 25.6806303216864], [-80.2843784086016, 25.6806633219005], [-80.2843764098501, 25.6809763215383], [-80.2843764107485, 25.6810663209561], [-80.2844024088911, 25.6816613226829], [-80.2843954101167, 25.6817743216151], [-80.2844044094392, 25.6819043223104], [-80.2844064099874, 25.6821753221267], [-80.2844084096372, 25.6823713218756], [-80.2844254093556, 25.6827263223141], [-80.2844434097972, 25.6833843233398], [-80.2844514101932, 25.6834443233657], [-80.2844524100181, 25.6834853229073], [-80.2844654095386, 25.6841023236642], [-80.2844844107035, 25.6843793229687], [-80.284486409455, 25.6844963225808], [-80.2844944107492, 25.6845763237509], [-80.2844974093256, 25.6848503233644], [-80.2845094099195, 25.6850653237751], [-80.2845134092192, 25.6853583240415], [-80.2845614097981, 25.6865583248406], [-80.2845804100646, 25.6870183238848], [-80.2846104102019, 25.6879643245162], [-80.2846374099661, 25.6884543249737], [-80.2846474109101, 25.6886333256278], [-80.2846634099053, 25.6887523246429], [-80.2846964104156, 25.6887943253622], [-80.2847044108115, 25.6889503252442], [-80.2848484107515, 25.6890733254274], [-80.2848514111246, 25.6893233252702], [-80.284861410272, 25.6896813269356], [-80.2852974102901, 25.6896603263294], [-80.2854064109684, 25.6897243254668], [-80.2854874111592, 25.6897603264843], [-80.2855614098808, 25.6897843255375], [-80.2857604100724, 25.6898273256506], [-80.2863504109746, 25.6898973264792], [-80.286675411563, 25.689949325981], [-80.2869244119833, 25.6899823260423], [-80.287588411607, 25.6900533265356], [-80.2877554129099, 25.6900653260333], [-80.288177411786, 25.6901153259513], [-80.2894604135226, 25.6902393263047], [-80.2905614138876, 25.6903673271609], [-80.2917514139411, 25.6904733268551], [-80.2928824144434, 25.6906013266503], [-80.2932754157021, 25.6906323262195], [-80.2933914151547, 25.6906493260321], [-80.2941104159283, 25.690730326058], [-80.2941474157383, 25.6907263254384], [-80.2949604162232, 25.6907463269161], [-80.2955164158919, 25.6908123257784], [-80.2957454171191, 25.6908423255435], [-80.2959834167705, 25.6908743264179], [-80.296389418448, 25.6909143268918], [-80.2967144172397, 25.6909463261278], [-80.2968304175906, 25.6909573257874], [-80.2968654177507, 25.6909613263992], [-80.2970274172341, 25.6909803256609], [-80.2971574169304, 25.690995325928], [-80.2983934188113, 25.6911033269858], [-80.2989624188988, 25.691173326255], [-80.299137418801, 25.6911903259903], [-80.2994364194501, 25.6912293266121], [-80.3001184195155, 25.6912813263419], [-80.3010884194609, 25.6913903260754], [-80.3014114203994, 25.6914273263336], [-80.3014944211384, 25.6914313261202], [-80.3021884200011, 25.6914973270314], [-80.3026504208568, 25.6915193270571], [-80.3029814212929, 25.6915563264658], [-80.303305421158, 25.6915793254141], [-80.3036444210917, 25.6916163264231], [-80.303738420803, 25.6916313266101], [-80.3040214215585, 25.6916533266111], [-80.3045814214252, 25.6916783266441], [-80.3047254213652, 25.691668325984], [-80.304789422736, 25.6917023261204], [-80.3048424215411, 25.6917633257457], [-80.3050854221137, 25.6915673260689], [-80.3055644217895, 25.6911813266545], [-80.306851423724, 25.6901763263894], [-80.3068734234653, 25.6901593256998], [-80.3069284237169, 25.6901163248971], [-80.3069514232831, 25.690098325253], [-80.3083654236426, 25.6888783243277], [-80.3088514247877, 25.6885303244114], [-80.3099934242623, 25.6875653244241], [-80.3106104249287, 25.6869883239661], [-80.3112004258309, 25.6864823233352], [-80.3127524262827, 25.684938322687], [-80.3139074270744, 25.6837163219169], [-80.3148644274994, 25.6824993214715], [-80.315030428079, 25.6829773215297], [-80.3150854274323, 25.6831123224115], [-80.3152204271515, 25.6834443217466], [-80.3153144268629, 25.68359232044], [-80.3153714276626, 25.6836823219296], [-80.3154554282265, 25.6838153215867], [-80.3160334285348, 25.6848223224992], [-80.3163334272121, 25.6853223225031], [-80.3165464294441, 25.6858863224175], [-80.3166374287824, 25.6861563239117], [-80.3167074282043, 25.6864593225931], [-80.3168074286617, 25.6871133233078], [-80.3168684287611, 25.6881973240979], [-80.3168784288068, 25.6885273242961], [-80.3170294293179, 25.6885273234865], [-80.3171814296538, 25.6885283240647], [-80.3173934293659, 25.6885293246428], [-80.3186064307823, 25.6884943238317], [-80.3193994302774, 25.6884623239369], [-80.321372431577, 25.6884393235771], [-80.3214504322931, 25.6884373232288], [-80.3215834323625, 25.6884333233417], [-80.323438432763, 25.6883803242177], [-80.3254344336287, 25.6883033232947], [-80.3266304344283, 25.6882533242352], [-80.3275094350355, 25.6882303238351], [-80.3277814350221, 25.6882313236062], [-80.3295464359091, 25.6881713235626], [-80.3303874368815, 25.6881473241844], [-80.3314704377032, 25.6881253235358], [-80.3330304385509, 25.6880913231877], [-80.3335454382117, 25.6880863227072], [-80.3344464385602, 25.6880563230574], [-80.3355524398465, 25.6879993230545], [-80.3365214408653, 25.6879423222147], [-80.3375594405829, 25.6879123233382], [-80.3381084414772, 25.6878983224568], [-80.3384374413652, 25.6878893228722], [-80.3390184420466, 25.6878553232664], [-80.3390814417958, 25.6878513225502], [-80.3405964424376, 25.6878033228504], [-80.3416944433279, 25.6877803223633], [-80.3438984446061, 25.6877013231205], [-80.3447994449546, 25.6876643225143], [-80.3456624465666, 25.6876543231361], [-80.3476494472116, 25.6876113222386], [-80.3486884476523, 25.6875753230002], [-80.3497144476743, 25.6875213220983], [-80.3507744498281, 25.6874913231158], [-80.3511284498304, 25.6875033220621], [-80.350393448265, 25.6883483226732], [-80.3499734481404, 25.6888043230256], [-80.3498114477587, 25.6890043230697], [-80.3496974488542, 25.6891473233244], [-80.3496534484732, 25.6892003229166], [-80.349136447366, 25.6898433242015], [-80.3482424475885, 25.6907853244453], [-80.3472194470412, 25.6919103248868], [-80.3470664477787, 25.6920783248395], [-80.3471774463101, 25.6921163246225], [-80.3473564473086, 25.6921793243211], [-80.3474844464568, 25.6922353250147], [-80.3475734470435, 25.6922753250314], [-80.3476794464504, 25.6923123242052], [-80.3477334477754, 25.6923303243242], [-80.3478704471445, 25.6923983250189], [-80.3479594468329, 25.6924633248491], [-80.3480554479907, 25.6925723259294], [-80.3481454484024, 25.6926173245044], [-80.3482204478471, 25.6926683247038], [-80.3485224470726, 25.6928263254528], [-80.3488574477067, 25.6929663251625], [-80.3490614470229, 25.6930853255149], [-80.3491694487745, 25.6931343252445], [-80.3494844475205, 25.6933073245417], [-80.3496704481916, 25.6933913251812], [-80.3497904487405, 25.6934583255429], [-80.3499274490079, 25.693543324993], [-80.3498964490458, 25.6939273262097], [-80.3498944484976, 25.6945763261846], [-80.3499484489243, 25.6949983261715], [-80.3499704486656, 25.6956553260747], [-80.3499794479881, 25.6963243268863], [-80.3499784490615, 25.696543326437], [-80.3499934491302, 25.6968253268731], [-80.350005449724, 25.6970413280299], [-80.3500254489172, 25.6972243267021], [-80.3500334493131, 25.6981003280088], [-80.3500644492753, 25.6993573285787], [-80.3500884495647, 25.6996113281994], [-80.3500954483391, 25.7002353281023], [-80.3501354503187, 25.7014393298168], [-80.3501484489409, 25.7016393296859], [-80.3520884506284, 25.7015843290269], [-80.3521494507278, 25.701581328431], [-80.3530444503302, 25.7015503292838], [-80.3541544509161, 25.7015043287588], [-80.3557294527307, 25.7014733295916], [-80.3566714539854, 25.7014393290073], [-80.3569494529214, 25.7014233287766], [-80.3575144537092, 25.7013923295883], [-80.3581424542463, 25.7013553291887], [-80.3584154531594, 25.7013563296591], [-80.3586934538921, 25.70135732932], [-80.35887845384, 25.7013583289809], [-80.3612484556979, 25.701268328707], [-80.3619054565472, 25.7012433282592], [-80.3630944567758, 25.7012073282849], [-80.3642514572174, 25.7011723287716], [-80.3646834570375, 25.7011513293825], [-80.3648844577773, 25.7012863282816], [-80.3648994569476, 25.7013043286629], [-80.3651064584334, 25.701455327617], [-80.3654564573395, 25.7016133280383], [-80.3656664574018, 25.7016643292412], [-80.3658204573876, 25.7017193282444], [-80.3662114580981, 25.7019043287521], [-80.3662284587149, 25.7021593282588], [-80.3662664583497, 25.7028603298396], [-80.3662804585934, 25.7031083297751], [-80.3662894588142, 25.703393329781], [-80.3663024583347, 25.7038163297247], [-80.3663144589286, 25.7041303296713], [-80.3663294580989, 25.7045303297441], [-80.3663964589444, 25.7052233300475], [-80.3664144584877, 25.7057953306373], [-80.3664284587314, 25.7060493310905], [-80.3664484579246, 25.706480331489], [-80.3665304588386, 25.7079893321316], [-80.3665454589073, 25.7082783318116], [-80.3665754590445, 25.7090563326605], [-80.3666214590753, 25.7097573324712], [-80.3666534588623, 25.7100623325949], [-80.3666984590682, 25.7112463331907], [-80.3667284592054, 25.7119063335959], [-80.3667434601723, 25.7122873343375], [-80.3667664588402, 25.7126933351447], [-80.3668274589396, 25.713639334928], [-80.3669134600516, 25.7154513364143], [-80.3669194598994, 25.7155663363568], [-80.3669354597929, 25.7159093356304], [-80.3669684603032, 25.7163013354393], [-80.3669684594049, 25.7170213362323], [-80.3670144585374, 25.7177073375405], [-80.3670624600146, 25.7183853371313], [-80.3671124602433, 25.7190823373461], [-80.3671674595965, 25.7202363391883], [-80.367198460457, 25.7211253377424], [-80.367274460625, 25.7220753396407], [-80.3673044598639, 25.7223533399111], [-80.3673044598639, 25.7225713390222], [-80.3673014594908, 25.7227163399991], [-80.3673234601304, 25.7234953397878], [-80.3673994611967, 25.7248213410499], [-80.367443459781, 25.7257303405853], [-80.3674884599869, 25.726639341265], [-80.3675174611975, 25.7273403410534], [-80.3676074607109, 25.7289353420425], [-80.3676354611983, 25.7299483429898], [-80.36770746027, 25.73102934306], [-80.3677784604151, 25.732111344033], [-80.3677834613363, 25.7323173437755], [-80.3677784604151, 25.733179345268], [-80.3677734612905, 25.7341323453188], [-80.3677364605823, 25.7359463456741], [-80.3677544610239, 25.7377613468314], [-80.3677234610618, 25.7395813477195], [-80.3677364614806, 25.7404273484805], [-80.3677314614577, 25.7413813480018], [-80.3677294618079, 25.7424703494758], [-80.3677224621352, 25.7431903504066], [-80.3677184619372, 25.7439113495144], [-80.3677144617393, 25.7446323499113], [-80.3677394627519, 25.7449573508637], [-80.367710460643, 25.7453413503927], [-80.36770746027, 25.746001350906], [-80.3677164622874, 25.7467233516549], [-80.3665224611376, 25.7467433518104], [-80.3660784607236, 25.7467663522278], [-80.3655984603246, 25.7467853522879], [-80.3652324606267, 25.7468003511833], [-80.3651634601314, 25.7468043515358], [-80.3645124600282, 25.7468483521671], [-80.3638574606253, 25.7468903517983], [-80.3635044595495, 25.7468963523224], [-80.3632414597838, 25.7469013519498], [-80.3626744593461, 25.746918351814], [-80.3621944580488, 25.7469363517627], [-80.3616354589054, 25.746947352719], [-80.3614614579298, 25.7469533516219], [-80.3612864589259, 25.746958352056], [-80.3610204578888, 25.746969351392], [-80.3607514582753, 25.7469793522586], [-80.3606374575742, 25.7469843526916], [-80.3605314581672, 25.7469883514196], [-80.3596954563194, 25.7470173531166], [-80.3587294565719, 25.7470333512598], [-80.3577024558267, 25.7470663524804], [-80.3570394551296, 25.7470853516833], [-80.3562324544924, 25.7471083520346], [-80.3556554549073, 25.7471323516575], [-80.355323453748, 25.7471313523813], [-80.3536854539808, 25.747181351783], [-80.3530054526669, 25.7472023527553], [-80.3516334530386, 25.7472183524918], [-80.3511594524873, 25.7472343530353], [-80.3490604516894, 25.7473053533477], [-80.3485634506736, 25.7473223531541], [-80.3473074504979, 25.7473363527073], [-80.3460664485941, 25.7473983530204], [-80.3452184479491, 25.7473953527711], [-80.3436694469721, 25.7474243527505], [-80.3423614469178, 25.7474673530698], [-80.3416694459083, 25.7474893532647], [-80.3409804452719, 25.7475113526464], [-80.3396854447381, 25.7475423527614], [-80.3394644457035, 25.7475663539149], [-80.3377004446413, 25.747596353125], [-80.3356614432196, 25.7476423536251], [-80.3340144414349, 25.7476973540238], [-80.3315084409312, 25.7477803534004], [-80.3276614380663, 25.7479023541822], [-80.326639437344, 25.747920354791], [-80.3256664379238, 25.7479383537788], [-80.3246434373766, 25.7479903538062], [-80.3236454369437, 25.7479973543527], [-80.3231244356384, 25.7480243540296], [-80.3226484354374, 25.7480493535452], [-80.3221814345588, 25.7480773540967], [-80.3216404349588, 25.7480903542928], [-80.3211974343697, 25.748108354064], [-80.3210754350692, 25.7481133544494], [-80.3206614347925, 25.7481183548347], [-80.3203794347602, 25.748131353408], [-80.32018243332, 25.7481273531003], [-80.3200724337152, 25.7481253537555], [-80.319782433287, 25.7481233552197], [-80.3196674336592, 25.7481233544106], [-80.3195694328516, 25.7481233544106], [-80.3194904332089, 25.7481223543336], [-80.3194324334826, 25.7481223551428], [-80.3193544327665, 25.7481233544106], [-80.3184974327989, 25.7481253537555], [-80.3183174328738, 25.7481253537555], [-80.3182354328581, 25.7481253537555], [-80.3172434331713, 25.7481093549502], [-80.3166444320482, 25.7481103542182], [-80.3156154316532, 25.7481133544494], [-80.3122024291566, 25.7481013551422], [-80.311558428726, 25.7480993541787], [-80.3115014288246, 25.7480973540243], [-80.3106784282939, 25.7480713536323], [-80.3095374268476, 25.7480673549408], [-80.3091024275527, 25.7480633546309], [-80.3076714274748, 25.7480483550858], [-80.3070694259787, 25.7480403544646], [-80.3068884253304, 25.7480523545871], [-80.3060124259946, 25.7480393543869], [-80.3055544253369, 25.7480333547297], [-80.3035484244254, 25.7480273550722], [-80.3019814230067, 25.7480543547423], [-80.301494422935, 25.7480673557499], [-80.3014134227441, 25.7480693550957], [-80.2995084212167, 25.7481223551428], [-80.2974564202744, 25.748163355056], [-80.2964444204961, 25.7482223555182], [-80.2954614201319, 25.7482173551373], [-80.2944214189679, 25.7482503552199], [-80.2933914178496, 25.748268355776], [-80.2923964177898, 25.7483223558095], [-80.2914254171211, 25.7483203556589], [-80.2903814166574, 25.7483623547697], [-80.2893724154556, 25.7483883559071], [-80.2882784156615, 25.7484133561552], [-80.2872774148556, 25.7484343552915], [-80.2868714140764, 25.748480354658], [-80.2851874124819, 25.748515355624], [-80.2849654136224, 25.7485383565075], [-80.285013413303, 25.7495213559104], [-80.28504541309, 25.7503633568666], [-80.2850564147573, 25.7512263569698], [-80.285085413273, 25.7517233585549], [-80.2848944134773, 25.7523303570202], [-80.2845324139773, 25.7528653586367], [-80.284351413329, 25.7531083576858], [-80.2839784139585, 25.7533983585872], [-80.283135412438, 25.7538913582518], [-80.2823474120674, 25.7539473590214], [-80.2819444125596, 25.7539183590162], [-80.2793254111796, 25.7540193593941], [-80.2771784089045, 25.7540813602644], [-80.2752084088763, 25.754159359904], [-80.2752704079023, 25.7551873597025], [-80.2752744081002, 25.7561803599963], [-80.2753094082603, 25.7568183608848], [-80.2747394074496, 25.7568413609695], [-80.2745944067864, 25.7569283612495], [-80.2744864077296, 25.7571113600124], [-80.2730774064947, 25.7571833617031], [-80.2712364063379, 25.7572373609198], [-80.2712634061021, 25.7579323614871], [-80.2712804058206, 25.7586193613143], [-80.2713034053868, 25.7593063612119], [-80.2713284055012, 25.7600123623602], [-80.2713464068411, 25.7605363628429], [-80.2713544054404, 25.7606853635012], [-80.2713754053568, 25.7613123632126], [-80.2713914061486, 25.7620373638065], [-80.2714024060193, 25.7623633640154], [-80.2703784047488, 25.7624033639098], [-80.2704514054421, 25.7642143647951], [-80.2706534051085, 25.7642063652629], [-80.2708334050335, 25.7641993648628], [-80.2714694068648, 25.7641793644108], [-80.2715104068727, 25.7649483648831], [-80.2715504061573, 25.7663793664238], [-80.2715874068656, 25.7670943660248], [-80.271597406013, 25.7678213667246], [-80.2716204064775, 25.7685603666845], [-80.2716574071858, 25.7692623674052], [-80.2716704076045, 25.7700163672995], [-80.2716854067748, 25.7707053681611], [-80.2717024073916, 25.7714743676101], [-80.2703644063018, 25.7715103681502], [-80.2697094051022, 25.7715243672787], [-80.2692054053121, 25.7715473685591], [-80.268199403585, 25.7715813685093], [-80.267704404914, 25.7715903682327], [-80.2675714039462, 25.7715963683176], [-80.2671834045071, 25.7716143685706], [-80.2656924032563, 25.7716333686997], [-80.2636894018196, 25.77169036826], [-80.2628864013804, 25.7717113681337], [-80.2626134015689, 25.771709369186], [-80.262027401763, 25.7717183688997], [-80.2615974015927, 25.7717243681692], [-80.2612494005398, 25.7717303690563], [-80.260575399972, 25.7717443689678], [-80.2595883994098, 25.7717653688319], [-80.2589763987663, 25.7717893691343], [-80.2582303991268, 25.7717843689369], [-80.2570343974289, 25.7718123687455], [-80.2554623968857, 25.7718433681791], [-80.2548543955418, 25.7718443688653], [-80.2545653967351, 25.7718443688653], [-80.2541743969228, 25.7718623698895], [-80.2534483964765, 25.7718963697494], [-80.2524583955413, 25.7719273683522], [-80.2521873953796, 25.7719313686671], [-80.2513903947882, 25.7719453685549], [-80.2507933951116, 25.7719653693162], [-80.2498293941156, 25.7719973693948], [-80.249619393155, 25.7720083688384], [-80.2489533938815, 25.7720433693409], [-80.248186392529, 25.7720683694625], [-80.2476423925558, 25.7720653698365], [-80.2473063920968, 25.7720923697036], [-80.2467463922302, 25.7721023692634], [-80.2457443924977, 25.772134369305], [-80.2447303912729, 25.7721653694635], [-80.2440913908653, 25.7721923701168], [-80.2437153911216, 25.7722083697221], [-80.2413073896289, 25.7722603704468], [-80.2401333885706, 25.7723013701153], [-80.2391073876503, 25.7723473707526], [-80.2391853883664, 25.773883371171], [-80.2392153885037, 25.7755393713166], [-80.2392513884887, 25.7763433718396], [-80.2392873884737, 25.777097372042], [-80.2393103889382, 25.7778763720129], [-80.2393463880249, 25.7786553733401], [-80.2393443883751, 25.7794743742091], [-80.2383183874548, 25.7794493740301], [-80.237875387764, 25.7794833733339], [-80.2373903873421, 25.7795303742348], [-80.2370463873855, 25.7795423736013], [-80.2364123861024, 25.7795613732699], [-80.2357583865244, 25.7795763736873], [-80.2354163862177, 25.7795923739147], [-80.2346233849259, 25.7796103737635], [-80.2344273860056, 25.7796233737425], [-80.2336193855435, 25.7795863742341], [-80.2333543852296, 25.7795993734068], [-80.2327633845025, 25.7796293742301], [-80.2325353839986, 25.77964437383], [-80.231894383941, 25.7796713735903], [-80.2312153842487, 25.7797033732084], [-80.2303833843955, 25.7796983733445], [-80.2296183826928, 25.7797333740054], [-80.2292593835659, 25.7797183736079], [-80.2289013824673, 25.7797493734027], [-80.228095381655, 25.7797663734173], [-80.2272443806369, 25.779786374478], [-80.2266603804808, 25.779823373924], [-80.2264953815227, 25.7798223741141], [-80.2258593805897, 25.7798503752615], [-80.2255633803137, 25.7798783739755], [-80.2248903795708, 25.7798923753523], [-80.2243473794226, 25.7799193742473], [-80.2233733792792, 25.7799223744837], [-80.2229973786372, 25.7799453749451], [-80.2225243788092, 25.7799693752107], [-80.2225183789614, 25.7808283752528], [-80.2225863787335, 25.7815583761314], [-80.2226773789701, 25.7822573750038], [-80.222685379366, 25.7823463756454], [-80.2227173782548, 25.7825153762165], [-80.2227383790695, 25.7826233766516], [-80.2227423792673, 25.7826553762823]]]}, "properties": {"district": 6, "board_member": "Ms. Mari Tere Rojas"}}, {"type": "Feature", "id": 3, "geometry": {"type": "Polygon", "coordinates": [[[-80.1605443477217, 25.8999414385629], [-80.1605953486736, 25.8997744383973], [-80.1608743492312, 25.8988744374084], [-80.1609403484551, 25.8986714366954], [-80.1616513488328, 25.8963654366005], [-80.1624433502997, 25.8937514347865], [-80.1625213501175, 25.8934914342556], [-80.1627823502334, 25.8925944344522], [-80.1630323495803, 25.8916714330901], [-80.1632903493232, 25.8907364331825], [-80.1636233503074, 25.8897434325563], [-80.1637333499123, 25.8894174329954], [-80.1640173495944, 25.8884854313079], [-80.1643073491244, 25.8875634322771], [-80.1643143496954, 25.8875424319348], [-80.1645533509683, 25.8867464309458], [-80.1646063497734, 25.88655543103], [-80.1647003503831, 25.886217431687], [-80.1648363499272, 25.8858864302424], [-80.164888350704, 25.8857614301075], [-80.1650353501188, 25.8852454301733], [-80.1654113507608, 25.8841984291049], [-80.1655423493837, 25.8838564297132], [-80.1655483510281, 25.8838374298077], [-80.1655713505943, 25.8837824287455], [-80.1660523517166, 25.8826504287171], [-80.166488349938, 25.88165842773], [-80.1665483511108, 25.881510428651], [-80.1666313518498, 25.881307428788], [-80.1667393509065, 25.8810724280728], [-80.1667643510209, 25.8810184279112], [-80.1669963508245, 25.8804694278298], [-80.1670653513198, 25.8803074272519], [-80.1673683512685, 25.8796364278849], [-80.1674163518474, 25.8795314279775], [-80.16764135108, 25.8790194266142], [-80.1678873529239, 25.8785274268122], [-80.1679253525587, 25.8784544271401], [-80.168273351815, 25.8775914256701], [-80.1687413525184, 25.8767414249937], [-80.1689593520783, 25.8765124261284], [-80.1694913514576, 25.8758764251335], [-80.1702993537163, 25.8748244243638], [-80.1711553538589, 25.8737724247327], [-80.1719353538336, 25.8728314231187], [-80.1722843538131, 25.8723764230359], [-80.1725913548581, 25.8720034234711], [-80.1729973538406, 25.8715044222097], [-80.1731463547018, 25.8713224229291], [-80.1735313546663, 25.8708494237807], [-80.1737863540361, 25.8704654226283], [-80.1746953556789, 25.8694674219804], [-80.1754063551583, 25.8685844221417], [-80.1757403559674, 25.8681994218389], [-80.1759913560376, 25.867863421446], [-80.1762143565186, 25.8675894214046], [-80.1769803562496, 25.8666194199403], [-80.177297356442, 25.8662424196208], [-80.1776903568024, 25.8657484201689], [-80.1779553571163, 25.8654084204984], [-80.17822235708, 25.8650834191381], [-80.1783823569135, 25.8648934188491], [-80.1786483570524, 25.8645754186264], [-80.1789443582267, 25.8641704192621], [-80.1791023575121, 25.8639804199303], [-80.1788113581573, 25.8639944186407], [-80.1771913561368, 25.8640344189886], [-80.1771523557788, 25.8629964191162], [-80.1771273556644, 25.8626544181568], [-80.1770763556108, 25.861967417536], [-80.1770423561739, 25.861371418714], [-80.1770223560824, 25.861161417865], [-80.1770213562575, 25.8610224183721], [-80.1770133558616, 25.8605344169329], [-80.1769923559452, 25.8602594169355], [-80.1769613568814, 25.8595914175196], [-80.1769373556936, 25.85916341681], [-80.1769093561045, 25.8586594165335], [-80.1768503547567, 25.8578644164979], [-80.1768253555406, 25.8573064158512], [-80.1767633556164, 25.8561364153322], [-80.1767533546723, 25.8559364146443], [-80.1767303560044, 25.8554304152007], [-80.1768273560888, 25.855412414746], [-80.1772753567008, 25.8551814141921], [-80.1778203564988, 25.8548784142931], [-80.1784013562818, 25.8545584146373], [-80.1789283565365, 25.854241413278], [-80.1792093576422, 25.853971413156], [-80.1794603577124, 25.8537454146099], [-80.1796673582999, 25.8537474145989], [-80.1796653577518, 25.8536904132815], [-80.1796613575538, 25.8535554130727], [-80.1796583580791, 25.8533594136689], [-80.1796533571579, 25.8530514131409], [-80.1798933573574, 25.8530464131388], [-80.1801733577399, 25.8530884131496], [-80.1810223582098, 25.8523084137489], [-80.181750358306, 25.8516514123883], [-80.1833233586741, 25.8516174135844], [-80.1847743597419, 25.8515324116813], [-80.1847273607845, 25.8508574129453], [-80.184729359536, 25.8501584113791], [-80.184701359947, 25.8494234110355], [-80.1846623595889, 25.8486894110118], [-80.1846223603042, 25.8478474105796], [-80.1845963594666, 25.847362410688], [-80.184588359969, 25.8471184099205], [-80.1845863603192, 25.8466324094102], [-80.184585359596, 25.8465294093932], [-80.1845833590478, 25.8464274109599], [-80.1845493605093, 25.8458144103666], [-80.1845293604178, 25.844980408611], [-80.1844573595495, 25.8440954092308], [-80.1844613597474, 25.8435524078819], [-80.184430358887, 25.8432204081073], [-80.1844123602419, 25.8425064077633], [-80.1843943598003, 25.8421644073629], [-80.1843673600361, 25.8417024082166], [-80.184332359876, 25.8412144078903], [-80.1843313600511, 25.8409944074097], [-80.1843303593279, 25.8403194067443], [-80.1843003582923, 25.8396014070307], [-80.1842803590991, 25.8389324064131], [-80.1842663588554, 25.838768405253], [-80.1842503589619, 25.8381714057997], [-80.1842393590913, 25.8379494058725], [-80.1842173584516, 25.837326405291], [-80.1841953596087, 25.8369234042291], [-80.1841753595172, 25.8365424056846], [-80.1841473590298, 25.8358124047451], [-80.1841323589612, 25.8355924039221], [-80.1840953591512, 25.8350124039818], [-80.1841093593949, 25.8341664033933], [-80.1841023588239, 25.8340024029043], [-80.1840773587095, 25.8333464035269], [-80.1840553589683, 25.8329864026979], [-80.1840363596, 25.8326504024994], [-80.1840443581993, 25.8319614026726], [-80.1839333587695, 25.8319644015916], [-80.1829163589684, 25.8319904029997], [-80.1817373578872, 25.8320304028536], [-80.1814673557539, 25.8317234027591], [-80.1809183557579, 25.8305714024469], [-80.1808293569677, 25.8302074021058], [-80.1809113569835, 25.8293854010915], [-80.1809033565875, 25.828606401662], [-80.1807473569519, 25.8278384010723], [-80.1804713567674, 25.8269843999963], [-80.1820713568998, 25.8269574013105], [-80.1820373574629, 25.8260683996332], [-80.1820113575236, 25.8259223993371], [-80.1819713573407, 25.8258363997652], [-80.1818643572105, 25.8257754002472], [-80.1815213561805, 25.8257344004739], [-80.1815033575355, 25.825296399427], [-80.1814583573297, 25.8245613982656], [-80.1814353568651, 25.8238073983506], [-80.1813903566593, 25.8230853985215], [-80.1813733560425, 25.8223553970628], [-80.1846133582868, 25.8222723972988], [-80.1872393602377, 25.8221983974016], [-80.1873173600555, 25.8218073973303], [-80.1874463590286, 25.8211633966815], [-80.1878403601123, 25.819117396021], [-80.1881603606777, 25.8175823948192], [-80.1885753607794, 25.8158843937307], [-80.1890683615973, 25.8141803930112], [-80.1890853604174, 25.8140563925961], [-80.189183361225, 25.8133663933937], [-80.1892723609134, 25.8124533922267], [-80.1893483601831, 25.8116543924654], [-80.1893723613709, 25.811520393171], [-80.1893803608685, 25.8114733920126], [-80.1893883603661, 25.811382392315], [-80.1894503611887, 25.810643391506], [-80.1894813602525, 25.8101693919441], [-80.1895033608921, 25.8094323907761], [-80.1895053605419, 25.8090363911759], [-80.1895093607399, 25.8085893896815], [-80.18947236093, 25.807793390078], [-80.1894483615388, 25.8071143894022], [-80.1894233605262, 25.806457390273], [-80.1893993602367, 25.8058103890707], [-80.1894023597115, 25.8053873883185], [-80.1893623595285, 25.804273388481], [-80.1893193616674, 25.8035563881265], [-80.1892743596649, 25.8031763877691], [-80.189248360624, 25.8028653880021], [-80.1892043593447, 25.8022783873051], [-80.1891533601894, 25.8016273866175], [-80.189122359329, 25.8009103872379], [-80.1891323602731, 25.8002243868596], [-80.1891223602273, 25.7995633857334], [-80.1891093607068, 25.7991643857533], [-80.1890853595191, 25.7981403854181], [-80.1890613592296, 25.7971453842874], [-80.18905735993, 25.7962033849252], [-80.1890303601658, 25.7954513834131], [-80.1890373607368, 25.7951483842777], [-80.1890203601201, 25.794844383067], [-80.1890013589552, 25.7935953829617], [-80.1889693591682, 25.7923473823435], [-80.1890163599221, 25.7913753817911], [-80.189046359161, 25.7905343819157], [-80.1890683589023, 25.7902783814148], [-80.1890913593669, 25.7900053810077], [-80.1890833589709, 25.7895473810966], [-80.189086359344, 25.7895133806336], [-80.1890893597171, 25.7894733809803], [-80.1891193598543, 25.7890703804654], [-80.1891483601666, 25.7882593806767], [-80.1891413586973, 25.7875343793238], [-80.1891343590246, 25.7873723792758], [-80.1891113594584, 25.7870363790998], [-80.1890773582248, 25.7865823788666], [-80.1890783589481, 25.7861093798963], [-80.189086359344, 25.786060378852], [-80.1891123601816, 25.7859073786634], [-80.1891363595727, 25.7856443787449], [-80.1891323593748, 25.7856113793505], [-80.1891363595727, 25.7855773793767], [-80.1891383592225, 25.7853953789704], [-80.189191358926, 25.7849353778983], [-80.1892013589717, 25.7848443788552], [-80.1892923592083, 25.7843613776632], [-80.1893083600002, 25.7839253777081], [-80.189303359079, 25.7833163778449], [-80.1893073601753, 25.7829713786429], [-80.1893243598937, 25.7820103774084], [-80.1895503589512, 25.7820003770659], [-80.1905403598865, 25.7819553767277], [-80.1905133601223, 25.7809993767779], [-80.1904863594598, 25.780536376232], [-80.19048435981, 25.7805063756382], [-80.1904723601144, 25.7800323752783], [-80.190444359627, 25.7793863752708], [-80.1904313601065, 25.779085375973], [-80.1904293595584, 25.7789933742427], [-80.1903883586522, 25.778095375852], [-80.1903583594133, 25.777156374305], [-80.1920213610914, 25.7771153738872], [-80.1937713619099, 25.7770443744126], [-80.1952573622394, 25.7770053744325], [-80.1960663625264, 25.7769833748529], [-80.1960243635919, 25.7758603732443], [-80.1959943634547, 25.7750443728638], [-80.1959603631195, 25.7740913726147], [-80.1959223625863, 25.7735003723891], [-80.1959093621676, 25.7733323725926], [-80.1959033623198, 25.7732623723375], [-80.195868363058, 25.7728353716669], [-80.1958573613907, 25.772702372046], [-80.1958503635147, 25.7726163710622], [-80.1958453625935, 25.7725753723114], [-80.1958333628979, 25.7724793717085], [-80.1958303625249, 25.7724523719294], [-80.195828362875, 25.7724313721868], [-80.1958143626314, 25.7722973730487], [-80.1958033627607, 25.7721813723082], [-80.1957913621668, 25.7720623726373], [-80.1957733626235, 25.7718673725105], [-80.195749362334, 25.7714893722858], [-80.1957203620217, 25.7706983713801], [-80.1957163627221, 25.7705683706461], [-80.1956903627828, 25.7699253705652], [-80.1956523613513, 25.7689803704841], [-80.1956463615036, 25.768790370471], [-80.1956933631559, 25.768790370471], [-80.1962793629618, 25.7687163695405], [-80.1975133633962, 25.7688133698543], [-80.1976653637322, 25.7688673702532], [-80.1982553637361, 25.7694123707614], [-80.199032364236, 25.7701883705463], [-80.1993153640931, 25.7704753713216], [-80.1994993651144, 25.7706703713087], [-80.199658365123, 25.7708133712574], [-80.1997903644692, 25.771058370554], [-80.199796364317, 25.7710763716975], [-80.200583365761, 25.7730483718562], [-80.2008403656789, 25.7736943723976], [-80.2012303656663, 25.774207372297], [-80.2015203651962, 25.7745763724569], [-80.2033293673625, 25.7763653731557], [-80.2048063683695, 25.7774353749566], [-80.2062823686533, 25.77798737453], [-80.2064893692409, 25.7780653738318], [-80.2069203692361, 25.7782983740334], [-80.2088713707943, 25.7793103756572], [-80.2093063700892, 25.7795353741058], [-80.209943370847, 25.7801753760778], [-80.2103733719157, 25.7806073760434], [-80.2120083722081, 25.7816363763208], [-80.2146883736874, 25.7825713764244], [-80.2167773753379, 25.7832933756105], [-80.2170503751494, 25.7833853772414], [-80.2175513763631, 25.7835283764254], [-80.2176043760665, 25.7835743767542], [-80.2186393763094, 25.7839153767182], [-80.2188683766382, 25.7839913766169], [-80.2190963771422, 25.7842853771926], [-80.2197423772225, 25.7845103767201], [-80.2221653778856, 25.7851453772902], [-80.2229673793982, 25.7855223779234], [-80.223211377999, 25.7855663779556], [-80.223265379324, 25.7856133772551], [-80.2239383800669, 25.7861953775699], [-80.2249013803397, 25.786160377198], [-80.2250593805234, 25.7861543770408], [-80.225147380387, 25.7861733780769], [-80.2262783817876, 25.7864283771705], [-80.2285083821068, 25.7871643784703], [-80.2296003831493, 25.7875333779611], [-80.2300723840507, 25.7879703781439], [-80.2312073847509, 25.7887673787728], [-80.2313453839449, 25.7888053783868], [-80.2321203838967, 25.7891183789166], [-80.2330263851664, 25.7894853777232], [-80.2340013851348, 25.7898793793012], [-80.2342263852657, 25.7899703793338], [-80.2356523871173, 25.7902813797714], [-80.2358763874233, 25.790444378801], [-80.2363563860257, 25.7907553788042], [-80.2391253889901, 25.7923763802379], [-80.2396523901431, 25.7926563803779], [-80.2396593898158, 25.7928583798199], [-80.2396743889861, 25.7933483798632], [-80.2396803888339, 25.7934513808544], [-80.239693390151, 25.7935353810939], [-80.2397283894128, 25.7937013803908], [-80.2397683895958, 25.7938913809476], [-80.2397903893371, 25.7940093808677], [-80.239805390304, 25.7941343809222], [-80.2398243896722, 25.7942843811373], [-80.2402613904135, 25.7942793810792], [-80.2405483895704, 25.7943473808798], [-80.241339390314, 25.7948083815204], [-80.2418873904851, 25.7951303811256], [-80.2433433915757, 25.7959543814422], [-80.2439903923793, 25.796308381969], [-80.2439863921814, 25.7969613820862], [-80.2439833918083, 25.7974593818721], [-80.2440083919227, 25.7977783825797], [-80.2440113922957, 25.7978493825823], [-80.2440143917705, 25.7979173827614], [-80.2440283920142, 25.7983103825446], [-80.2439833918083, 25.7988063838333], [-80.2440193917934, 25.7997083832935], [-80.2440563916033, 25.8006243845235], [-80.2440503926538, 25.8015653839007], [-80.2441003928825, 25.8024933856149], [-80.2441363928675, 25.8034213849147], [-80.2441443923652, 25.8043753860369], [-80.2441953924188, 25.8052783863791], [-80.244225392556, 25.8061743875781], [-80.2442193927082, 25.8071093874593], [-80.2442753918864, 25.80804538843], [-80.2442783922595, 25.8083703879811], [-80.2442883932035, 25.8084933883102], [-80.2442973916277, 25.8085973878379], [-80.2443103938432, 25.8089773877934], [-80.2443243931885, 25.8093783886294], [-80.2462943932167, 25.8093133888583], [-80.2463483936434, 25.8093123892971], [-80.2483833948672, 25.8092453879399], [-80.2504093958702, 25.809181388467], [-80.2524403977944, 25.809120388457], [-80.2529983971129, 25.809104387362], [-80.2533563982115, 25.8090943884962], [-80.2536333991193, 25.8090863879472], [-80.2538333991358, 25.8090803881417], [-80.2540383991753, 25.8090743875271], [-80.254247397616, 25.809068387721], [-80.254449399079, 25.8090623879145], [-80.254738398784, 25.8090593876069], [-80.2549493995695, 25.8090523874277], [-80.2551003991822, 25.809047387184], [-80.2562433993801, 25.8090103879618], [-80.2563874002184, 25.8090053877163], [-80.2564954010718, 25.8090393882493], [-80.2565164009882, 25.8090463876205], [-80.2565173999148, 25.8090673881576], [-80.2565643997704, 25.8103663888463], [-80.2565683999684, 25.810483388986], [-80.2565713994431, 25.8105573889249], [-80.2565734008896, 25.8106263886405], [-80.2565764003643, 25.8107173881102], [-80.2574454009258, 25.8104943889034], [-80.2576214015512, 25.8104743889794], [-80.2578794003958, 25.8104393884977], [-80.2581874012656, 25.8104403880495], [-80.2583184007869, 25.81044138841], [-80.2585214011765, 25.8104153879304], [-80.2586474015732, 25.8106043888293], [-80.2587374019849, 25.8140743904471], [-80.2587654015739, 25.8151313914485], [-80.2587374019849, 25.8155183904583], [-80.2587344016118, 25.8156453911011], [-80.2587384027081, 25.8157923906371], [-80.2587434018326, 25.8159693913217], [-80.2587854016654, 25.8174523929238], [-80.2588264016733, 25.8187853931977], [-80.2588384022672, 25.8191983925717], [-80.2588474015897, 25.8197073933783], [-80.2588514017877, 25.8199243929648], [-80.2588524025109, 25.8200053930067], [-80.2588544021608, 25.8200453928672], [-80.2588934016205, 25.8210063930139], [-80.2589014020164, 25.8211653939868], [-80.2589144024352, 25.8214073935575], [-80.258916402085, 25.8214613934544], [-80.2589554015448, 25.8223833946319], [-80.2589654015906, 25.822738394889], [-80.2589814023824, 25.8233673953321], [-80.259043403205, 25.825547395885], [-80.2590444012333, 25.8256033967843], [-80.2590464017814, 25.8256553959207], [-80.2590834024897, 25.8271393977236], [-80.2591154022767, 25.8282863972378], [-80.2591174028249, 25.828367397219], [-80.2591414031143, 25.8292903981816], [-80.2591464022389, 25.8294583971051], [-80.259155403358, 25.8298043978236], [-80.2591754025512, 25.830497398843], [-80.2591804034724, 25.8306853990359], [-80.2591814032973, 25.830719398196], [-80.2591884020717, 25.8310543988388], [-80.2592484032444, 25.8333763996386], [-80.2592514027192, 25.8334694013626], [-80.2592214034803, 25.8338664002755], [-80.2592294020796, 25.8343364013727], [-80.2592314017294, 25.8343994000292], [-80.259210401813, 25.8344284013759], [-80.259210401813, 25.8348274006148], [-80.2592334022775, 25.835227401085], [-80.2592564036404, 25.8352554012694], [-80.2592584023919, 25.8353124009602], [-80.2592614027649, 25.8354674015267], [-80.259264403138, 25.8355434015112], [-80.2593064020725, 25.8369834027167], [-80.2593274028872, 25.8371934020348], [-80.2593534037248, 25.8373514021538], [-80.2593744027429, 25.8380814024925], [-80.2593804025907, 25.8383064017387], [-80.2594604038549, 25.8388554028254], [-80.2594864028959, 25.8390354025344], [-80.2595004040379, 25.8395524022375], [-80.2594914029187, 25.8400814042367], [-80.2594854030709, 25.8404014034482], [-80.2594974036648, 25.8408694034448], [-80.2595024036877, 25.8410774037473], [-80.2595164039314, 25.8416514049085], [-80.2595294025535, 25.8421454047964], [-80.2595304023785, 25.8421804039901], [-80.2595464031703, 25.8427804053046], [-80.2595714032847, 25.8436914044669], [-80.25960340397, 25.8448954059799], [-80.2596184040386, 25.8454484058533], [-80.2596194038636, 25.8454874067526], [-80.2596204036885, 25.8455074064211], [-80.259633403209, 25.8459614063935], [-80.2596104036427, 25.8461144066344], [-80.2596014043202, 25.8462774080631], [-80.2595994046704, 25.8464594062929], [-80.2596234040615, 25.8473134074929], [-80.2596484032775, 25.8482354077674], [-80.2596964029581, 25.8499684081204], [-80.2597004040544, 25.8500454085163], [-80.2596854039858, 25.8504204087089], [-80.2596674035441, 25.8508914087341], [-80.2596814037879, 25.8516104094545], [-80.2597094042753, 25.8528474104597], [-80.2597464049835, 25.8553914111133], [-80.2597564041309, 25.855533411507], [-80.259799404687, 25.8558664114539], [-80.2598164035071, 25.8566354119639], [-80.2598164053037, 25.8566774115082], [-80.2598334050221, 25.857931412161], [-80.2598494040173, 25.8586534119654], [-80.2598754048549, 25.8601634138199], [-80.2599594045205, 25.8649494156732], [-80.2599804053352, 25.8657584166734], [-80.2600094056475, 25.8674624175061], [-80.260022405168, 25.8682094173277], [-80.2600554047799, 25.868676418136], [-80.2600634051759, 25.8690254176994], [-80.2600834061657, 25.8700614190583], [-80.2600934053131, 25.8705794187562], [-80.2600954049629, 25.8706774187712], [-80.2600534051301, 25.8706784186225], [-80.2590574034488, 25.8707114193678], [-80.2590604047201, 25.8708084194232], [-80.2591854052919, 25.8729034207756], [-80.2592214052769, 25.8727814209481], [-80.2592384049953, 25.8743484211859], [-80.2593644062903, 25.8803634232361], [-80.2594364053621, 25.8820694238666], [-80.2594174050955, 25.8820664246019], [-80.2594184058187, 25.8821094245606], [-80.2594264053163, 25.8828924245275], [-80.2594304055143, 25.883296425432], [-80.2594704065956, 25.885521425889], [-80.2595354059946, 25.8856174261802], [-80.2595384054693, 25.8857164263735], [-80.2595944064441, 25.8874124269234], [-80.259603406665, 25.887693426616], [-80.2596434059496, 25.8888554282176], [-80.2596484068708, 25.8890524282441], [-80.2596624062162, 25.8891904281982], [-80.2596734051885, 25.8893634277604], [-80.2596774062848, 25.8894434282337], [-80.2596624062162, 25.8894444279261], [-80.2596624062162, 25.889458428468], [-80.2593994055522, 25.8894704288156], [-80.2577004047873, 25.8895444286427], [-80.2558914044176, 25.8896244281852], [-80.2556384037993, 25.8896354288252], [-80.2545584024523, 25.8896824288297], [-80.2535484023239, 25.8897274294356], [-80.2525574015637, 25.8897704282206], [-80.2516254003547, 25.8898114292277], [-80.2514784018383, 25.8898174281715], [-80.2513713999115, 25.8898214285447], [-80.2499834003896, 25.8898844291523], [-80.2494564001349, 25.8899084289516], [-80.2475443989347, 25.8899954284863], [-80.2474143992384, 25.8900194290712], [-80.2459793980642, 25.8900684299135], [-80.2454713980761, 25.8900854294423], [-80.2449753968852, 25.8901024289686], [-80.2443803986551, 25.890122429977], [-80.243337397118, 25.8901584300057], [-80.2434723968373, 25.8937084309866], [-80.2435223961676, 25.8945404322107], [-80.2435313963885, 25.8954654322394], [-80.2435783971425, 25.8962784328717], [-80.2436253969982, 25.8972784324699], [-80.2432073974217, 25.8972634340376], [-80.2430543963625, 25.897271432663], [-80.2429943960881, 25.8972744331575], [-80.2429363954634, 25.8972774328439], [-80.2428463968484, 25.8972824325903], [-80.2395603945734, 25.8973644334118], [-80.2354803911817, 25.8974554332221], [-80.2334533921504, 25.8975044342097], [-80.2314333891985, 25.8975494350659], [-80.2294003885228, 25.897593433049], [-80.2273773878929, 25.8976194329515], [-80.2253883858015, 25.8977174339622], [-80.2233683855446, 25.8978024349626], [-80.2213883845724, 25.8978744343645], [-80.2193213826632, 25.8979614344923], [-80.2173283821704, 25.8980374355082], [-80.2152963813197, 25.8981174349511], [-80.213296380256, 25.898205435326], [-80.2112833778751, 25.8982774352902], [-80.2112183775778, 25.897380434689], [-80.2111933774634, 25.8964564347567], [-80.2111563776535, 25.8955404336057], [-80.2111093777978, 25.8946484338782], [-80.209684378466, 25.89472043278], [-80.2096203770952, 25.8947194331323], [-80.2094803773532, 25.8947184334846], [-80.2094143763326, 25.8947174330287], [-80.2093353766899, 25.8947204335882], [-80.2092743765905, 25.894728433194], [-80.2090763771221, 25.8947434335648], [-80.2070673758376, 25.894814434378], [-80.2050473746823, 25.8948994334286], [-80.2030133732834, 25.8949874329708], [-80.2020053728048, 25.8950344340768], [-80.2009763724098, 25.8950924336793], [-80.1999413712687, 25.89514143484], [-80.1991323709817, 25.8951714346665], [-80.1988963700818, 25.8951694345706], [-80.1982163705646, 25.8952084344151], [-80.1979163709889, 25.8952254340117], [-80.1971273689968, 25.8952704341207], [-80.1954473693968, 25.8953634348301], [-80.1954173683612, 25.8946754332695], [-80.1953883689472, 25.8939884330091], [-80.1953593677366, 25.8933004331308], [-80.195318368627, 25.8926024325859], [-80.1953123687793, 25.8919144335183], [-80.195200367728, 25.8916884323881], [-80.1950993692423, 25.8915134320345], [-80.1949853676428, 25.8915084328518], [-80.1948423675277, 25.8914434321437], [-80.1947313680979, 25.8913694326989], [-80.1946503679071, 25.8912594319095], [-80.1946043687746, 25.8911284321214], [-80.1945843686832, 25.8907924323025], [-80.1945683687896, 25.8903464323115], [-80.1945923681807, 25.8899134314347], [-80.1944453678676, 25.8899214313664], [-80.1936193678622, 25.8899524322077], [-80.1934673675263, 25.8899604305205], [-80.1933433676777, 25.8899674315691], [-80.1932183671059, 25.8899734321213], [-80.1925123658527, 25.8900094313872], [-80.190512364789, 25.8900934317868], [-80.1905713652386, 25.8919004332677], [-80.1885623648523, 25.8919954335498], [-80.1885923649895, 25.8928084338406], [-80.188609364708, 25.8930534336762], [-80.1886353646472, 25.8938374342579], [-80.1866003643217, 25.893924432513], [-80.184593362687, 25.8940064340515], [-80.1835643613937, 25.8940514338171], [-80.1828103613583, 25.8949464337616], [-80.1826723621643, 25.8950504340536], [-80.1819913610255, 25.8959684350496], [-80.1812093596044, 25.896894435637], [-80.1807243600808, 25.8974714369112], [-80.1807313597535, 25.8978544362859], [-80.180354360185, 25.8978694354513], [-80.1796123598451, 25.8988204373086], [-80.1788143594288, 25.8997714371583], [-80.1785213595258, 25.9000694370347], [-80.1778653585014, 25.9007364374364], [-80.176955357932, 25.9016554374252], [-80.1759963569589, 25.902544438776], [-80.1749733564117, 25.9035744403352], [-80.174164357023, 25.9043854401063], [-80.1735193567675, 25.9050034408809], [-80.1730713561555, 25.9054524407141], [-80.1721233559514, 25.9064194412982], [-80.1716323556817, 25.906869440943], [-80.1711613546052, 25.9073634420994], [-80.1702173537007, 25.908264441699], [-80.1698383544823, 25.9086364427235], [-80.1693173549737, 25.9091494420097], [-80.1692703542197, 25.9091974418477], [-80.1682713539619, 25.910135441898], [-80.1673083536891, 25.9110684442146], [-80.1663463523429, 25.9119814442744], [-80.1654073514613, 25.9129154444088], [-80.1644443511885, 25.9138484449321], [-80.1641353522903, 25.9141354448287], [-80.1639813523046, 25.9142934446792], [-80.1634793503676, 25.9148134455969], [-80.161867351438, 25.9148754455036], [-80.1594033489705, 25.9149694455866], [-80.1586413485392, 25.915007445066], [-80.1577323477947, 25.9150444458656], [-80.1575613480905, 25.915049446475], [-80.1573603464524, 25.9150624453114], [-80.1568193468523, 25.9150814458456], [-80.1568023471339, 25.9148454458395], [-80.157086346816, 25.9133444445269], [-80.1569183465866, 25.9133454456328], [-80.1569383475764, 25.9132234447759], [-80.1571903474714, 25.9117234441376], [-80.1573923471378, 25.9104914431808], [-80.1577153480763, 25.9093854429103], [-80.1577213470258, 25.9093654427428], [-80.1579523479028, 25.9086264425766], [-80.1579623470502, 25.9085904425257], [-80.1580863468988, 25.9081434423923], [-80.1581563463207, 25.9078784427625], [-80.1581983479501, 25.9077214419356], [-80.1582083479959, 25.9076824421868], [-80.1582453469074, 25.9075654428628], [-80.1583393475171, 25.9072744409332], [-80.1583423478902, 25.9072634419374], [-80.158499348249, 25.906770441524], [-80.15859734726, 25.9064274417271], [-80.1587263480297, 25.9060414408195], [-80.1588623475738, 25.9055794409238], [-80.1592303487182, 25.9042724398198], [-80.1593553483916, 25.9039654398896], [-80.1597493485769, 25.902626438365], [-80.1599573480911, 25.9019474390648], [-80.1600863488608, 25.9015254382615], [-80.1603063489689, 25.9007814386761], [-80.1603903486344, 25.9005284378937], [-80.1605443477217, 25.8999414385629]]]}, "properties": {"district": 2, "board_member": "Dr. Dorothy Bendross-Mindingall"}}, {"type": "Feature", "id": 4, "geometry": {"type": "Polygon", "coordinates": [[[-80.499518334497, 25.6596050685719], [-80.5008533361121, 25.6595960684702], [-80.5028353376325, 25.6595690681613], [-80.5048413403406, 25.6595430694775], [-80.5068023419446, 25.6595550679988], [-80.5088363433435, 25.6595580688435], [-80.5128343485161, 25.6595210684068], [-80.5128433469403, 25.6598150683208], [-80.5128513482345, 25.6600930682063], [-80.5137113485752, 25.660096067418], [-80.514861349344, 25.6600970690446], [-80.5289213633528, 25.6601230684173], [-80.5449773791256, 25.6601230667979], [-80.5609843944946, 25.6601510669881], [-80.5770114117517, 25.6601640670741], [-80.5929624261459, 25.6601790663619], [-80.6089564419945, 25.6602060649133], [-80.6296024634919, 25.6602080649257], [-80.6453094774887, 25.660208064116], [-80.6571654884226, 25.6602210633861], [-80.6731045058162, 25.6602210633861], [-80.6735805051189, 25.6602210625764], [-80.6739805060503, 25.6602210633861], [-80.6739855060732, 25.6604200636218], [-80.6742405063413, 25.6654670657635], [-80.6742565062349, 25.6665460661354], [-80.7024455347476, 25.6665010641914], [-80.7023345335212, 25.6668080648814], [-80.7023095343052, 25.6678630658474], [-80.7025125346948, 25.6681150655395], [-80.7030655348888, 25.6681150663492], [-80.7031705353691, 25.6681150655395], [-80.703752534977, 25.6680460648092], [-80.7045115368319, 25.6676100656784], [-80.7060795380755, 25.666531066029], [-80.7061145382356, 25.6664950652803], [-80.7614475913794, 25.6664050629562], [-80.7666595977932, 25.6663960617484], [-80.8557426849447, 25.666252059335], [-80.856920686201, 25.6662490586588], [-80.8676996961609, 25.6662310586481], [-80.8720647008563, 25.6662250589138], [-80.8731587015487, 25.666237058382], [-80.8731537024241, 25.6688610604647], [-80.8731337023326, 25.6831480663663], [-80.8731297021347, 25.685511067557], [-80.8731237022869, 25.6894100689561], [-80.8731177033374, 25.6932750717579], [-80.873093703048, 25.7142030825443], [-80.8730697045552, 25.7350070925136], [-80.8730147061002, 25.7504371006124], [-80.8730857071437, 25.7602541049068], [-80.8730877067935, 25.7605151053357], [-80.8731287059031, 25.7605741053252], [-80.873129705728, 25.7609231048008], [-80.8731307064512, 25.7609421050233], [-80.8731327069994, 25.7614381064348], [-80.8731557065656, 25.7662911086021], [-80.8731817065048, 25.7710521099543], [-80.8731817065048, 25.7710941107328], [-80.8731657066113, 25.7769201135005], [-80.8731067088567, 25.8051851271707], [-80.8731017088339, 25.8054341274356], [-80.8731057090318, 25.8056631272498], [-80.873128708598, 25.8058211273933], [-80.8731927081721, 25.8062181276226], [-80.8731977090933, 25.8114211302932], [-80.8731717091541, 25.8145111318522], [-80.8732457096722, 25.842135145964], [-80.8732497107685, 25.8438921470202], [-80.8732707115832, 25.8450331470613], [-80.8732957099009, 25.8463511479435], [-80.8733637114696, 25.850112149913], [-80.8734167111731, 25.8516331502395], [-80.8733937107085, 25.8517541508679], [-80.873565711136, 25.8612971546885], [-80.8735777117299, 25.8619841551634], [-80.8735867119507, 25.8624731561962], [-80.8735617118364, 25.8683741592866], [-80.8735157127039, 25.8754311633161], [-80.8736057140139, 25.9083581787858], [-80.873460714249, 25.920565185069], [-80.8733217143318, 25.9322891911507], [-80.8732737155495, 25.9337811916683], [-80.8729977162633, 25.9506031994462], [-80.8729627170016, 25.9724232119577], [-80.8729377168872, 25.9794912142864], [-80.8361726807661, 25.9793492153248], [-80.8358276809846, 25.9793492153248], [-80.8354576801904, 25.97934721585], [-80.8353846803954, 25.97934721585], [-80.8092526537461, 25.9791612169021], [-80.8026016468584, 25.9791142170476], [-80.7813296271688, 25.9791302169143], [-80.7764896220972, 25.9790242178579], [-80.7497895951853, 25.9789232190262], [-80.6829825306991, 25.9788112213316], [-80.6800435269571, 25.9788062218142], [-80.6800435269571, 25.9787582212678], [-80.6800435269571, 25.9786862220266], [-80.6800435269571, 25.9784722211056], [-80.6800435269571, 25.9784012222422], [-80.6800415264089, 25.9772382210191], [-80.680040526584, 25.9754952202885], [-80.6800385260359, 25.9737502191892], [-80.680037526211, 25.9725882186045], [-80.680033526013, 25.9694532166761], [-80.6800305265383, 25.9654442146307], [-80.6800245257921, 25.9600482127872], [-80.6800215263174, 25.9569142110204], [-80.6543335000821, 25.9569512115835], [-80.6319184783979, 25.9569852131603], [-80.5838034316812, 25.9570572143765], [-80.5772724244441, 25.9570512148153], [-80.5517553997096, 25.9570312154681], [-80.5516704002192, 25.9570352159839], [-80.551585398932, 25.9570402148113], [-80.5515013983681, 25.9570522155499], [-80.5514373996924, 25.957051215623], [-80.5514203990756, 25.9570472159154], [-80.5509963987531, 25.9570672152599], [-80.5508493975417, 25.9570752154814], [-80.5464343935159, 25.9570672160676], [-80.5357243831529, 25.9570492165769], [-80.5331913810884, 25.9570402164267], [-80.5288713765989, 25.9570322162028], [-80.5287773768875, 25.9570272165674], [-80.5287213768111, 25.9570262166403], [-80.5286913757755, 25.9570262158326], [-80.5284363764057, 25.957026217448], [-80.5283513760169, 25.9570262166403], [-80.5270343748435, 25.9570202162699], [-80.5230843711481, 25.9570042166266], [-80.5217683697996, 25.9569992161823], [-80.5173703654922, 25.9569812166812], [-80.5082363567687, 25.9569442169352], [-80.5041793520449, 25.9569272173537], [-80.4997823466642, 25.9569092178416], [-80.4928953406733, 25.9568922174472], [-80.4722373212769, 25.9568442184586], [-80.4653513133143, 25.9568282195991], [-80.4634113116267, 25.9568232191474], [-80.457594306937, 25.9568102200719], [-80.4557293037958, 25.9568072194773], [-80.4556553050743, 25.9568072186696], [-80.4556253049371, 25.9568072194773], [-80.4555833051043, 25.9568072194773], [-80.4555383048985, 25.9568072186696], [-80.4555103035127, 25.9568082194063], [-80.4554633045554, 25.956808220214], [-80.4553223049884, 25.9568082194063], [-80.4552763040593, 25.9568092193352], [-80.4552503050184, 25.9568092193352], [-80.4545293036966, 25.9568112191931], [-80.4523873014443, 25.9568202185532], [-80.4516733006936, 25.9568242190762], [-80.451658300625, 25.9568242190762], [-80.4516393003584, 25.9568242190762], [-80.4515943010509, 25.9568242182685], [-80.4515793000839, 25.956825219005], [-80.4514973000682, 25.9568262189338], [-80.4513683010951, 25.9568262189338], [-80.451247299823, 25.9568272196703], [-80.4510812992433, 25.9568272196703], [-80.4502812982788, 25.9568272188626], [-80.4412592897083, 25.9569112201208], [-80.441194289411, 25.9569112201208], [-80.441129290012, 25.956913219977], [-80.4409332901934, 25.9569152198331], [-80.440616290001, 25.9569212185935], [-80.4404952896272, 25.9569182196172], [-80.4403232891997, 25.9569142190973], [-80.4395812888599, 25.9569122200489], [-80.4393942874655, 25.9569092194569], [-80.438681287438, 25.9569012184165], [-80.435795285196, 25.9569072196007], [-80.4357752842062, 25.956907218793], [-80.4336592827916, 25.9569632196004], [-80.431545281925, 25.9570202195006], [-80.4313642803784, 25.9570222201626], [-80.4311812800803, 25.9570222201626], [-80.4308222791568, 25.9570232200898], [-80.4304812795733, 25.9570232200898], [-80.4237602723654, 25.9570042198573], [-80.4087312582361, 25.9569602214329], [-80.4073872564001, 25.9569962204387], [-80.4073762565295, 25.9569962212464], [-80.4072272565666, 25.9569972211738], [-80.4071382559798, 25.9569972203661], [-80.4070392562456, 25.9569992210285], [-80.4039162532789, 25.957022221778], [-80.3935382431769, 25.9571002209152], [-80.3900862394239, 25.9570792216497], [-80.3871432363823, 25.9571272229655], [-80.378335228072, 25.957128222084], [-80.375400224528, 25.957129222818], [-80.3753162248624, 25.957129222818], [-80.3752162253033, 25.957129222818], [-80.3751452242599, 25.957129222818], [-80.3750722253632, 25.9571292220103], [-80.3749822249516, 25.9571302219365], [-80.3746982252694, 25.9571212226002], [-80.3738482240762, 25.9571142215005], [-80.3735652233207, 25.9571262230392], [-80.3729722220455, 25.9571102226027], [-80.3706482202183, 25.9570932214297], [-80.3700502198185, 25.9570892225312], [-80.3664712149456, 25.9571022223836], [-80.3618982116344, 25.95710322231], [-80.3590562088751, 25.9571042230442], [-80.3589822083569, 25.9571052229706], [-80.3575842069926, 25.9570882226046], [-80.3533912027247, 25.9570392221536], [-80.3520932018178, 25.9570252223671], [-80.3520552012847, 25.9570252223671], [-80.3513892020112, 25.9570202227314], [-80.3513722013944, 25.9568942237653], [-80.3513532020262, 25.9567992232761], [-80.3513542018511, 25.9567492227753], [-80.3513162022162, 25.9561522221817], [-80.351283201706, 25.9556242224494], [-80.3511812007004, 25.9528022201772], [-80.3510762011184, 25.9502462191813], [-80.3510211999685, 25.949136218816], [-80.3510112008211, 25.9489272190501], [-80.3505602007344, 25.9492952177749], [-80.3509912007296, 25.9485222183976], [-80.3509652007903, 25.9481492188598], [-80.3509352006531, 25.9474952178251], [-80.3508382005687, 25.9450252164269], [-80.3507932003629, 25.943561215701], [-80.3507412004843, 25.9424812152332], [-80.3507241989693, 25.9422642153527], [-80.3506692005143, 25.9411212144382], [-80.3504411991121, 25.9360502123911], [-80.3503981994543, 25.9351302113377], [-80.350069198668, 25.9279742085531], [-80.3507681993502, 25.9279722082055], [-80.3539042027357, 25.9279662079704], [-80.355226203932, 25.9278552080088], [-80.355750204712, 25.9278112075802], [-80.3576612069855, 25.9277772072745], [-80.3657902147051, 25.9277962081832], [-80.3698152187436, 25.9278132071227], [-80.3737412230478, 25.9278302076755], [-80.3751762233237, 25.9278422073514], [-80.3754932235161, 25.9278452070682], [-80.3757382246368, 25.927287206722], [-80.3758892251478, 25.9269262059563], [-80.376082223695, 25.9264002072522], [-80.3797202272209, 25.916468201055], [-80.3803972281617, 25.9147092009387], [-80.3810822294985, 25.9129721997928], [-80.3813882289219, 25.9120571995134], [-80.3825172297744, 25.9089331976655], [-80.3825722291276, 25.9087601977029], [-80.3826002314117, 25.9086721979282], [-80.3830722305164, 25.9074451975442], [-80.3849212328658, 25.9023251948868], [-80.3852992322592, 25.9013781937832], [-80.3855032324737, 25.9008671938327], [-80.3853092323049, 25.9007191937849], [-80.3852472323807, 25.9006711929214], [-80.3842402317269, 25.8999851932282], [-80.384120231178, 25.8999031926117], [-80.3834702308997, 25.8993891931055], [-80.3827382297073, 25.8988501921553], [-80.3824782294163, 25.8986611932751], [-80.3817422289242, 25.8981241930861], [-80.3802472265772, 25.8970341921361], [-80.3790412257319, 25.8961541912451], [-80.3746332222771, 25.8929071896038], [-80.3721242196037, 25.8910221881874], [-80.3715812176589, 25.8906231895027], [-80.3700392172529, 25.8894891885997], [-80.367803214391, 25.8878321878382], [-80.366322213186, 25.8867341870599], [-80.3630502102564, 25.8843081867416], [-80.3620162089402, 25.8835421861267], [-80.3622892087516, 25.8833151861971], [-80.3623412095285, 25.8832711853164], [-80.362394209232, 25.8832281857808], [-80.3615722085262, 25.8826481859474], [-80.361465208396, 25.8825451857948], [-80.3609122073038, 25.8821451853781], [-80.3608062069985, 25.8820501844436], [-80.3602062060506, 25.881637184682], [-80.3601062064915, 25.8815511860216], [-80.3594952065712, 25.8811181852174], [-80.3593872057179, 25.8810171848743], [-80.3588132056075, 25.8806191836655], [-80.3587042058275, 25.8805261842721], [-80.3581662048039, 25.8801351838485], [-80.3575202047235, 25.8796421840697], [-80.3573892043039, 25.879534183222], [-80.3566842028757, 25.8790461830697], [-80.3564992029278, 25.8789121833177], [-80.355756202763, 25.8783321833011], [-80.3556032017038, 25.8782171835517], [-80.3554952026471, 25.8781231832868], [-80.3549442012046, 25.877720183066], [-80.3546722021164, 25.8775211831358], [-80.3545472015446, 25.8774021826111], [-80.3537022003743, 25.8767951822126], [-80.3535752001526, 25.8766861821941], [-80.3526421991188, 25.8760181818786], [-80.3525341991637, 25.8759181826388], [-80.3516631980541, 25.8752781824281], [-80.351553197551, 25.8751751815057], [-80.3506111971946, 25.8745031814524], [-80.3505731975598, 25.8744551820528], [-80.3497201968918, 25.8738461822185], [-80.3479601951293, 25.872555180321], [-80.3478841949613, 25.8724821801911], [-80.3474651937633, 25.8721901808369], [-80.3472341928863, 25.8720161813326], [-80.3463991926601, 25.8713911802935], [-80.3463061927736, 25.8713281803274], [-80.3458101924811, 25.8709561797269], [-80.3454411924101, 25.8706701797508], [-80.3444361905079, 25.8699191798894], [-80.3442281900955, 25.8697641800212], [-80.3440361904749, 25.8696301794394], [-80.343893191258, 25.8695301788337], [-80.3433641895569, 25.8691241796116], [-80.3431271897304, 25.8689491797676], [-80.3428451896981, 25.8687401793186], [-80.3424521893378, 25.8684941792833], [-80.3423921890633, 25.8684431786401], [-80.3421901884986, 25.868293178618], [-80.3419561890452, 25.8681201789056], [-80.3416821885105, 25.8679221780362], [-80.3411981870152, 25.8675731784476], [-80.3410911877834, 25.8674951782735], [-80.3409691875846, 25.8674611783681], [-80.3409011878126, 25.8673491781824], [-80.3409101880334, 25.8673291789753], [-80.3408841871958, 25.8672741775007], [-80.3408661876525, 25.8672541782809], [-80.3408471882842, 25.86724017834], [-80.340662187438, 25.867104178366], [-80.3405911872929, 25.8670451788754], [-80.3403541874664, 25.8668901776621], [-80.3403211860578, 25.8668681786102], [-80.34026118758, 25.8668061785414], [-80.3395511852306, 25.8662801785524], [-80.3389091853481, 25.8658141770581], [-80.3386601840295, 25.8656501768027], [-80.3385981841052, 25.8655981766545], [-80.3383431838371, 25.8654101769848], [-80.338290185032, 25.8653641769169], [-80.3379571840477, 25.865142177919], [-80.3376501839011, 25.8649151765789], [-80.3375941838246, 25.864863177724], [-80.3373391835564, 25.8646891779381], [-80.3369961834248, 25.8644391771284], [-80.3366831834303, 25.8642001771823], [-80.3363491817228, 25.8639341759975], [-80.3360881825053, 25.8637571767312], [-80.3360261816826, 25.8637091770077], [-80.3356781824264, 25.8634791772204], [-80.3353811814272, 25.8632341758475], [-80.3351641816922, 25.8630981761134], [-80.3349131816221, 25.8629021763639], [-80.3348491811496, 25.8628441763097], [-80.3346481813082, 25.8627011758873], [-80.3345501805005, 25.8626461763006], [-80.334422180454, 25.8625571761802], [-80.3343221799966, 25.8624761769752], [-80.3340481794619, 25.8622771756189], [-80.3339881800858, 25.8622241756805], [-80.3330891793871, 25.861567176072], [-80.3327381779612, 25.8613201765333], [-80.3323331788035, 25.8610111766029], [-80.3317841788075, 25.8606161757066], [-80.3314441781506, 25.8603601755422], [-80.3313801776782, 25.8603041757354], [-80.3311131768161, 25.8601321747774], [-80.3310551779881, 25.8600731742313], [-80.3309251764952, 25.8599751743142], [-80.330764177735, 25.859871175468], [-80.3306921768667, 25.8598121756], [-80.3304881766522, 25.859672174576], [-80.3304331764006, 25.8596191758947], [-80.3302601770465, 25.859512174473], [-80.3300311758194, 25.8593291745595], [-80.3299271760623, 25.859253174499], [-80.3298081753383, 25.8591751744923], [-80.3295441757476, 25.8589651745918], [-80.3287661754228, 25.8584081742458], [-80.3285571751854, 25.8582481732403], [-80.3278721738487, 25.857723173927], [-80.3276921730253, 25.857593174091], [-80.3274441742265, 25.8573841745774], [-80.3270401730971, 25.8570941726097], [-80.3269091735759, 25.8569811739501], [-80.3266801723487, 25.8567961734146], [-80.3265111731926, 25.856660174357], [-80.3262071725207, 25.8564321737313], [-80.3260231714994, 25.8563061731756], [-80.3257121720531, 25.8560731728016], [-80.3256301720373, 25.8560201733151], [-80.3254231714498, 25.855864173026], [-80.3254051728047, 25.8558441726839], [-80.3252041720649, 25.8557051734057], [-80.3249941711044, 25.8555591733017], [-80.3245131717787, 25.8551791725178], [-80.3243421702779, 25.8550641728695], [-80.3238241693457, 25.8546811721517], [-80.3238051699774, 25.8546671715299], [-80.3235661713995, 25.8544831730206], [-80.3233901689774, 25.8543481712917], [-80.3230671689372, 25.8541181718835], [-80.3228041691715, 25.8538891720212], [-80.3227461685469, 25.8538471731033], [-80.3225661686218, 25.8537161722442], [-80.3222551682772, 25.8535021723614], [-80.3221871685051, 25.8534451725426], [-80.3215451677244, 25.8529691721746], [-80.3206181665383, 25.8522811718501], [-80.3200981659563, 25.8518861716961], [-80.3197461656038, 25.8515991716408], [-80.3193801659059, 25.8513471714122], [-80.3192011649074, 25.851217171033], [-80.3189891651953, 25.8510431705629], [-80.3187171652088, 25.8508561703995], [-80.3183911638972, 25.8506051702255], [-80.3180891637734, 25.8503981705315], [-80.3172031625952, 25.8497361705421], [-80.3167421633611, 25.8494121697803], [-80.3163211616149, 25.8490801702847], [-80.3159231612317, 25.8487891697411], [-80.3155801619983, 25.8485261703757], [-80.3153201617073, 25.8483431704353], [-80.3150421609747, 25.848114169899], [-80.3148411611332, 25.8479761696618], [-80.3146101602562, 25.8478051694081], [-80.3143461606656, 25.8476411700388], [-80.3141931596064, 25.8475071702472], [-80.3139381602366, 25.8472971690257], [-80.313735159847, 25.8471511698585], [-80.3131321594243, 25.8467171698746], [-80.3127941575189, 25.8464511689669], [-80.3118421571168, 25.8457421690321], [-80.311366157814, 25.8454071695493], [-80.3111541572036, 25.8452371680732], [-80.3106621553124, 25.8448811673197], [-80.3104161561634, 25.8447111683215], [-80.3102271560175, 25.8445621673627], [-80.3101241560853, 25.8444801678835], [-80.3097871558015, 25.8442381669793], [-80.3091511539702, 25.843767167946], [-80.3089431553544, 25.843601167668], [-80.3077391532605, 25.8427171669499], [-80.3065281523923, 25.8417981667973], [-80.3063401520713, 25.8416501655], [-80.306138152405, 25.8415061668351], [-80.3058541518245, 25.841313167165], [-80.3056841519452, 25.8411711666747], [-80.3054531510682, 25.8409941672881], [-80.3051311508529, 25.8407731662937], [-80.304867150364, 25.8405671664767], [-80.3046181499436, 25.840372165868], [-80.3042831502079, 25.8401401649325], [-80.3042541507939, 25.8401181649457], [-80.3042251504816, 25.8400961665717], [-80.3041491494153, 25.8400101651713], [-80.304094150062, 25.8400431663929], [-80.3039891495817, 25.8401071661634], [-80.3037461499075, 25.8402591657828], [-80.3036231498838, 25.840336165223], [-80.3034631500503, 25.8404261660065], [-80.303318149387, 25.8404981664224], [-80.3030931492561, 25.840595166206], [-80.3029381485471, 25.8406511664532], [-80.3027031492688, 25.8407211665229], [-80.3025361479659, 25.8407571670507], [-80.3024521491986, 25.8407781660061], [-80.3022831473476, 25.8408071657894], [-80.3021121485416, 25.8408281655444], [-80.3019401481142, 25.8408411668924], [-80.3011861471805, 25.8408661662466], [-80.2987771449645, 25.840944166203], [-80.2980831434069, 25.8409671661388], [-80.2972571434015, 25.8409891667763], [-80.2952551417896, 25.8410581673527], [-80.2945241404221, 25.8410781669615], [-80.2940481393228, 25.8410981673754], [-80.2935581397763, 25.8411131672794], [-80.2927391394436, 25.8411391674858], [-80.2918381381967, 25.8411671662712], [-80.2910001375974, 25.8411941673749], [-80.2901381367087, 25.8412211668554], [-80.2900381371496, 25.8412241663481], [-80.2899591357102, 25.8406401661036], [-80.2888321345076, 25.8406841666876], [-80.2880281342435, 25.8407061665692], [-80.2880281333451, 25.8406871670024], [-80.2880141348981, 25.839769165746], [-80.2879711334437, 25.8388661664491], [-80.2879481329792, 25.8379551648961], [-80.2879051333215, 25.8370351648092], [-80.2869981331252, 25.8370701647061], [-80.2859101313823, 25.8371131656741], [-80.2839061292223, 25.8371821644683], [-80.2819031277855, 25.8372571656431], [-80.2798941256027, 25.8373111655863], [-80.2778821239451, 25.8373651646964], [-80.2758761221352, 25.8374321663129], [-80.2738691196022, 25.8374891649551], [-80.2718571179446, 25.8375591660871], [-80.2698521159597, 25.8376091661772], [-80.269476116216, 25.8376151661543], [-80.2678311131829, 25.8376851655946], [-80.2676001141025, 25.837696166219], [-80.2673091138494, 25.8377851656473], [-80.26703211384, 25.8378451661235], [-80.2668861133518, 25.8378901662585], [-80.265876112325, 25.8379321659917], [-80.2658991118912, 25.8383831655568], [-80.2659041128124, 25.8384641667128], [-80.2659251118305, 25.8388541658131], [-80.2659431122722, 25.8397631666867], [-80.265988112478, 25.8407061673777], [-80.2660151122422, 25.8415311676658], [-80.2660131125924, 25.8419871677259], [-80.2660151122422, 25.8420241679621], [-80.2660601133463, 25.8425391673617], [-80.266125111847, 25.8434441687006], [-80.266140112814, 25.8443801694474], [-80.2661851121215, 25.8452581694672], [-80.2661861119464, 25.8452861688946], [-80.2641881105325, 25.845352170002], [-80.2621521085855, 25.8454301694258], [-80.2601171073616, 25.8454851697453], [-80.2598181067126, 25.8455351697195], [-80.2596191065209, 25.8455351705279], [-80.2596181057977, 25.8454961696444], [-80.2596031066274, 25.8449431699943], [-80.2595711050437, 25.8437391689674], [-80.259546106726, 25.8428281693645], [-80.2595301059342, 25.8422281674838], [-80.2595291070076, 25.8421931683042], [-80.2595161065888, 25.8416991669988], [-80.2595021054467, 25.8411251684948], [-80.2594971054238, 25.8409171674678], [-80.2594851066266, 25.8404491668516], [-80.2594911055761, 25.8401291669609], [-80.2595001066952, 25.8396001667922], [-80.2594861064515, 25.8390831672979], [-80.2594601056139, 25.838903166853], [-80.259380105248, 25.8383541667964], [-80.2593741054002, 25.838129166024], [-80.2593531054838, 25.83739916598], [-80.2593271055446, 25.8372411667333], [-80.2593061056282, 25.8370311658829], [-80.2592641057954, 25.8355911652587], [-80.2592611054223, 25.8355151644963], [-80.2592581050493, 25.8353601656095], [-80.2592561062978, 25.8353031651332], [-80.2592331049349, 25.83527516496], [-80.259210106267, 25.8348751646512], [-80.2592101053687, 25.8344761647649], [-80.2592311061834, 25.8344471642384], [-80.259229104737, 25.8343841647988], [-80.2592211061377, 25.8339141638913], [-80.2592511062749, 25.8335171635215], [-80.2592481059018, 25.8334241634522], [-80.2591881065257, 25.831102162781], [-80.2591811050564, 25.8307671630819], [-80.2591801043332, 25.830733163127], [-80.2591751052086, 25.8305451622014], [-80.2591551042188, 25.8298521622701], [-80.2591461057946, 25.8295061616913], [-80.2591411057717, 25.829338162027], [-80.2591171054823, 25.8284151622454], [-80.2591151049341, 25.8283341614883], [-80.2590831051471, 25.8271871608197], [-80.2590461053371, 25.8257031596156], [-80.259044104789, 25.8256511605002], [-80.2590431058624, 25.8255951612407], [-80.2589811041415, 25.8234151591415], [-80.2589651051463, 25.8227861597608], [-80.2589551042022, 25.8224311588382], [-80.2589161047425, 25.8215091580326], [-80.2589141041943, 25.8214551573489], [-80.2589011046739, 25.8212131570672], [-80.2588931042779, 25.8210541577757], [-80.2588541048182, 25.820093157208], [-80.25885210427, 25.820053156555], [-80.2588511044451, 25.8199721573544], [-80.2588471051455, 25.8197551570468], [-80.2588381049246, 25.8192461572541], [-80.258826105229, 25.818833157238], [-80.2587851043229, 25.8175001566932], [-80.2587431044901, 25.8160171548805], [-80.2587381035689, 25.815840155076], [-80.2587341042692, 25.8156931555992], [-80.258737103744, 25.8155661550076], [-80.2587651051297, 25.8151791545366], [-80.258737103744, 25.8141221547701], [-80.2586471042306, 25.8106521529341], [-80.2585211038339, 25.8104631529201], [-80.2583181034443, 25.8104891525805], [-80.258187103923, 25.8104881522205], [-80.2578791021548, 25.8104871526691], [-80.2576211033103, 25.8105221531366], [-80.2574451017865, 25.8105421530525], [-80.2565761021234, 25.8107651521694], [-80.256573100852, 25.8106741535451], [-80.2565711021005, 25.81060515224], [-80.2565681026258, 25.8105311531396], [-80.2565641015295, 25.810414153047], [-80.2565171016739, 25.8091151512647], [-80.2565161009506, 25.8090941515447], [-80.2564951010342, 25.8090871521764], [-80.2563871019775, 25.8090531508484], [-80.2562431011391, 25.8090581519006], [-80.255100100043, 25.8090951511079], [-80.2549491004303, 25.8091001521583], [-80.2547380996447, 25.8091071515259], [-80.2544491008381, 25.8091101518323], [-80.2542471002734, 25.8091161516364], [-80.2540380991377, 25.8091221522488], [-80.2538330999966, 25.8091281520522], [-80.2536330990817, 25.8091341510466], [-80.253356098174, 25.8091421515924], [-80.2529980979737, 25.8091521512629], [-80.2524400977568, 25.8091681523514], [-80.2504090958327, 25.8092291523368], [-80.2483830939314, 25.8092931517839], [-80.2463480918092, 25.8093601523053], [-80.2462940913825, 25.8093611518662], [-80.244324090456, 25.8094261532285], [-80.2443100902123, 25.8090251517454], [-80.2442970888952, 25.8086451511345], [-80.2442880895727, 25.8085411524574], [-80.2442780895269, 25.8084181521778], [-80.2442750909505, 25.8080931527578], [-80.2442190899757, 25.8071571513557], [-80.2442250889252, 25.8062221510427], [-80.2441950905846, 25.8053261502049], [-80.2441440896327, 25.8044231502267], [-80.2441360892368, 25.8034691486803], [-80.2441000892517, 25.8025411497544], [-80.2440500899213, 25.8016131484143], [-80.2440560888708, 25.8006721477988], [-80.2440190890609, 25.7997561477467], [-80.2439830890759, 25.7988541470324], [-80.2440280892817, 25.7983581467524], [-80.2440140899363, 25.7979651471276], [-80.2440110895633, 25.7978971469759], [-80.2440080891902, 25.7978261461931], [-80.2439830890759, 25.7975071472317], [-80.2439860885506, 25.7970091468376], [-80.2439900887485, 25.7963561453659], [-80.2433430879449, 25.7960021457906], [-80.2418870868543, 25.7951781449971], [-80.2413390866833, 25.7948561463305], [-80.2405480859396, 25.794395144258], [-80.2402610849861, 25.7943271452937], [-80.2398240851431, 25.7943321437321], [-80.2398050848766, 25.7941821443863], [-80.2397900848079, 25.7940571451909], [-80.2397680850666, 25.7939391453183], [-80.2397280848837, 25.7937491448381], [-80.2396930847236, 25.7935831447992], [-80.2396800843048, 25.7934991445936], [-80.239674084457, 25.7933961452616], [-80.2396590852867, 25.7929061446069], [-80.2396520847157, 25.7927041444375], [-80.2391250835627, 25.7924241444102], [-80.2363560814966, 25.7908031444383], [-80.2358760810976, 25.7904921429428], [-80.2356520807916, 25.7903291439788], [-80.23422607894, 25.7900181428577], [-80.234001078809, 25.7899271428618], [-80.2330260779424, 25.7895331430601], [-80.2321200766727, 25.7891661427837], [-80.2313450758226, 25.78885314238], [-80.2312070757303, 25.7888151427812], [-80.2300720759284, 25.7880181424734], [-80.2296000741286, 25.7875811416577], [-80.2285080730861, 25.7872121423155], [-80.226278070072, 25.7864761413122], [-80.225147070468, 25.7862211415124], [-80.2250590706045, 25.7862021412929], [-80.2249010695224, 25.7862081414477], [-80.2239380692496, 25.7862431409966], [-80.2232650685068, 25.7856611409162], [-80.2232110671818, 25.7856141416356], [-80.2229670676826, 25.7855701416211], [-80.2229370675454, 25.7851161414369], [-80.2229410677433, 25.7848881405214], [-80.222952067614, 25.7842391401385], [-80.2229380682686, 25.7839901398404], [-80.222909067058, 25.783822140338], [-80.2227990674531, 25.7830261394223], [-80.2227610687166, 25.7828531396324], [-80.22274206845, 25.7827031395168], [-80.2227380673538, 25.782671139899], [-80.2227170674374, 25.7825631395074], [-80.2226850676503, 25.7823941398132], [-80.2226770672544, 25.7823051392074], [-80.2225860670178, 25.7816061398076], [-80.2225180672457, 25.780876139223], [-80.2225240670935, 25.7800171387178], [-80.2229970678198, 25.7799931384619], [-80.2233730684618, 25.7799701380097], [-80.2243470695035, 25.7799671377746], [-80.2248900696517, 25.7799401380816], [-80.2255630703946, 25.7799261383282], [-80.2258590697723, 25.7798981380076], [-80.2264950707053, 25.7798701384893], [-80.22666007146, 25.7798711374899], [-80.2272440716161, 25.77983413725], [-80.2280950726342, 25.7798141386239], [-80.2289010734465, 25.7797971378073], [-80.2292590745451, 25.7797661388339], [-80.229618073672, 25.7797811384165], [-80.2303830753747, 25.7797461385786], [-80.2312150761262, 25.7797511376316], [-80.2318940758186, 25.7797191388352], [-80.2325350767744, 25.779692137468], [-80.2327630781767, 25.779677138683], [-80.2333540780055, 25.7796471386807], [-80.2336190783194, 25.7796341378955], [-80.2344270796798, 25.7796711381978], [-80.2346230803967, 25.7796581382241], [-80.2354160798918, 25.7796401375736], [-80.2357580801986, 25.7796241381616], [-80.2364120797766, 25.7796091377502], [-80.237046081958, 25.7795901372804], [-80.2373900819146, 25.7795781371098], [-80.2378750823365, 25.7795311370367], [-80.2383180820273, 25.7794971377466], [-80.2393440838459, 25.7795221379155], [-80.2393460834957, 25.7787031373763], [-80.239310084409, 25.7779241363627], [-80.2392870839445, 25.7771451358965], [-80.2392510839595, 25.7763911368066], [-80.2392150839745, 25.7755871366072], [-80.2391850829389, 25.7739311347015], [-80.2391070822228, 25.7723951332834], [-80.2401330840414, 25.7723491342826], [-80.241307085998, 25.7723081346305], [-80.243715088389, 25.7722561339268], [-80.2440910881327, 25.772240133519], [-80.2447300885404, 25.7722131344944], [-80.2457440906634, 25.7721821343484], [-80.2467460903959, 25.7721501343196], [-80.2473060911609, 25.772140133146], [-80.2476420916199, 25.7721131340987], [-80.2481860924914, 25.7721161329145], [-80.2489530929456, 25.772091134421], [-80.2496190931174, 25.7720561331235], [-80.249829094078, 25.7720451336844], [-80.250793095074, 25.7720131336187], [-80.2513900965472, 25.7719931336744], [-80.252187095342, 25.7719791329833], [-80.252458096402, 25.7719751334789], [-80.2534480973373, 25.7719441332707], [-80.2541740977836, 25.7719101334245], [-80.2545650975958, 25.7718921340254], [-80.2548540990975, 25.7718921332165], [-80.255462099543, 25.7718911341486], [-80.2570341018829, 25.7718601331095], [-80.2582301017842, 25.7718321333122], [-80.2589761041186, 25.7718371335076], [-80.2595881038638, 25.7718131332149], [-80.2605751035277, 25.7717921333592], [-80.2612491049938, 25.7717781334533], [-80.2615971051484, 25.7717721325687], [-80.2620271053187, 25.7717661333016], [-80.2626131069213, 25.7717571335915], [-80.2628861067327, 25.7717591341563], [-80.2636891071719, 25.7717381334821], [-80.2656921086087, 25.7716811323268], [-80.2671831107577, 25.7716621322053], [-80.2675711110952, 25.7716441319597], [-80.2677041111646, 25.7716381334951], [-80.2681991125306, 25.7716291321573], [-80.2692051124611, 25.7715951330298], [-80.2697091131495, 25.7715721317587], [-80.2703641134508, 25.7715581326358], [-80.2717021163372, 25.7715221329192], [-80.2727371156817, 25.7714811329814], [-80.2737521167313, 25.7714321331753], [-80.2742691178386, 25.771405132349], [-80.2747841183977, 25.771383133349], [-80.2752891198094, 25.771369131777], [-80.275846119303, 25.7713411326728], [-80.2765741202975, 25.7713141318258], [-80.2768751196981, 25.7713071318448], [-80.2776091214386, 25.771259132658], [-80.2778741217525, 25.7712601333491], [-80.2791371224993, 25.7712151321729], [-80.2799071224282, 25.7712001323164], [-80.2807511255702, 25.7711451322868], [-80.281967125563, 25.7710911321154], [-80.2831921266749, 25.7710371319193], [-80.2840121277309, 25.7710101318121], [-80.2842951284864, 25.770996131005], [-80.285549128114, 25.7709531311161], [-80.2860721299674, 25.7709421315747], [-80.2864491304343, 25.7709221314499], [-80.2872371308049, 25.7708871322346], [-80.2881251316329, 25.7708371306796], [-80.289008132438, 25.7708271326312], [-80.2898701333268, 25.7707961321231], [-80.2907651347258, 25.7707901319977], [-80.2916861342675, 25.7707711317335], [-80.2926501361618, 25.7707531305438], [-80.2935131368755, 25.7707351317782], [-80.2943891371096, 25.7707331311961], [-80.2952401381278, 25.7707031313592], [-80.2961731391616, 25.7706961313423], [-80.297165140645, 25.7706801315331], [-80.298155140682, 25.7706621311385], [-80.2991471421654, 25.7706431316628], [-80.3001651426898, 25.7706231306786], [-80.3012051447521, 25.7706051310843], [-80.302203145185, 25.7705911310385], [-80.3031951457701, 25.7705801306546], [-80.3042051467968, 25.7705551310285], [-80.3051451493, 25.7705111319003], [-80.3059371489702, 25.7704771308346], [-80.3062041489339, 25.7704681318357], [-80.306767150072, 25.770440130901], [-80.3076491510522, 25.7704071305132], [-80.3081791516799, 25.7703861312177], [-80.309691152847, 25.770327130442], [-80.3105831529747, 25.7702921310512], [-80.3114161544495, 25.7702481302076], [-80.3122581543484, 25.7702421300545], [-80.312912155723, 25.7702061307477], [-80.3130501558153, 25.7701981316193], [-80.3132131560219, 25.7701891309813], [-80.313321155977, 25.7701831308252], [-80.3144471573547, 25.7701521309579], [-80.3153591584722, 25.7701211294645], [-80.3158111592821, 25.7701011300103], [-80.3162791590873, 25.7700751303912], [-80.317206159375, 25.7700221304344], [-80.3175671608467, 25.770013130592], [-80.3181691614444, 25.7699951300963], [-80.3183921610272, 25.7699891307394], [-80.3188031618293, 25.7699751306208], [-80.318957161815, 25.769970130347], [-80.3192441618702, 25.769967129859], [-80.3197521618583, 25.7699471303788], [-80.3200741638702, 25.7699361299352], [-80.3202241636581, 25.7699371306375], [-80.3202821633844, 25.7699371306375], [-80.3203891635145, 25.7699381305307], [-80.3206431639577, 25.7699381305307], [-80.3206111632723, 25.7694491307488], [-80.320593163729, 25.7690171297963], [-80.3205821638584, 25.7687851306882], [-80.3205731627392, 25.7685671297949], [-80.3205621637669, 25.7683471303058], [-80.3205531626477, 25.7681151290791], [-80.3205421636754, 25.7678991292031], [-80.3205331625562, 25.7676741289143], [-80.3205241632337, 25.767454128579], [-80.3205161637361, 25.767224128675], [-80.3205061636903, 25.7670491286605], [-80.3204671633323, 25.7662191278056], [-80.3204571632865, 25.7658761280929], [-80.3204521623653, 25.7656511272053], [-80.3204521623653, 25.7654221277841], [-80.3204531621902, 25.7653031278079], [-80.3204551627384, 25.7651961285297], [-80.3204601627613, 25.7650811280638], [-80.3204651627841, 25.7649701272271], [-80.3204731631801, 25.7648481269894], [-80.3204811626777, 25.7647361276157], [-80.3204911627234, 25.7646281278884], [-80.3205051638654, 25.7645041274212], [-80.320517163561, 25.7643951275429], [-80.3205331625562, 25.7642871275053], [-80.3207611639585, 25.763004126045], [-80.3207941635705, 25.7628471270549], [-80.3208201626114, 25.7627311259775], [-80.3208521623985, 25.7625911258654], [-80.3208761635862, 25.7624551262224], [-80.3209011628023, 25.7624531263098], [-80.3210921634963, 25.7624431267461], [-80.3214731641611, 25.7624221260417], [-80.3219981638677, 25.7623851268332], [-80.3225691645033, 25.7623441261663], [-80.3237941656152, 25.7622841254806], [-80.3243651662508, 25.7623251261682], [-80.3263751691569, 25.7622771265852], [-80.3279411698524, 25.7622391249464], [-80.3315141739792, 25.7621321269516], [-80.3321091749043, 25.7621211257838], [-80.3328141754342, 25.7621071263553], [-80.3351101767739, 25.7620651256328], [-80.3360131776706, 25.762050126238], [-80.3361781784254, 25.7620471255498], [-80.3381691801666, 25.7620061255752], [-80.3390081814891, 25.7619911261729], [-80.3401721816034, 25.761977125111], [-80.342122184235, 25.7619381258426], [-80.3441671864029, 25.7619001257133], [-80.3445931872736, 25.761889125333], [-80.3463061882821, 25.7618431254967], [-80.3476421897221, 25.7618321259201], [-80.3477571902482, 25.7618311259585], [-80.3482501901677, 25.7618271244941], [-80.3497761906801, 25.7617791239007], [-80.3502161926928, 25.761765125241], [-80.3508671927961, 25.7617451251879], [-80.3519761935571, 25.7617501249992], [-80.3523791939632, 25.7617141255439], [-80.3541911956042, 25.7616831250828], [-80.3547781970317, 25.7616741254172], [-80.3571451985166, 25.761634125277], [-80.3580671996798, 25.7616181250554], [-80.3604022022759, 25.7616061246855], [-80.3628622045455, 25.7615311241664], [-80.3635662061488, 25.7615091249544], [-80.3647132065446, 25.7614761253197], [-80.3654112074018, 25.7614561244089], [-80.3673262098733, 25.7614051245791], [-80.3684132099947, 25.7613571246242], [-80.3705502122241, 25.7613141244795], [-80.3709852124173, 25.7613071239088], [-80.3724712136451, 25.7612861238124], [-80.3741532155898, 25.7612511241829], [-80.3746762165449, 25.7612441236085], [-80.3761962172095, 25.7612021241988], [-80.376401217249, 25.7611981243313], [-80.3783732196219, 25.7611701236369], [-80.3804692218434, 25.7611271234245], [-80.3806202214562, 25.761124123522], [-80.3821842234001, 25.7610871231], [-80.3833622246564, 25.7610821248788], [-80.3838752255657, 25.7610691236777], [-80.3844182257139, 25.7610551233161], [-80.3845532263314, 25.7610561249023], [-80.3846282266745, 25.7610571232523], [-80.3847602260207, 25.7610581240294], [-80.3849322264481, 25.7610591248065], [-80.3851752261224, 25.7610601231565], [-80.3854902257666, 25.7610611239336], [-80.3861862278724, 25.7610551241252], [-80.3871762279093, 25.7610461227939], [-80.3874162290071, 25.7610431236984], [-80.3885742301719, 25.7610481235393], [-80.3906602314494, 25.7610331232069], [-80.391715232682, 25.761037123889], [-80.3927722344628, 25.7610411237619], [-80.394723236021, 25.7610491235074], [-80.395019236297, 25.7610511234437], [-80.3953162363979, 25.7610521234118], [-80.396608237457, 25.7610451228257], [-80.3979932384025, 25.7610511226347], [-80.3980532395753, 25.7610501234755], [-80.3988412399459, 25.7610421221121], [-80.4007932404307, 25.7610261226197], [-80.4014122425435, 25.7610161237449], [-80.4030322436656, 25.7610311232703], [-80.4037262443249, 25.7610381238573], [-80.4060412477279, 25.7610471227621], [-80.4071722482301, 25.761037123889], [-80.4078982486764, 25.7610311224613], [-80.4087362492758, 25.761024122683], [-80.4088392492079, 25.7610231227146], [-80.4092152498499, 25.7610201220004], [-80.4098362507142, 25.761014122999], [-80.4119622521746, 25.7610231235237], [-80.4134152546888, 25.7610531233799], [-80.4141852555161, 25.7609861222612], [-80.4149132556122, 25.7610091223476], [-80.4156042558984, 25.760995122788], [-80.416778257855, 25.7609731234767], [-80.4169022586019, 25.7609851231016], [-80.417035257773, 25.7609971227252], [-80.417526258941, 25.7609941228194], [-80.4208922606836, 25.7609791216712], [-80.4248102654903, 25.7609491234143], [-80.4269462687931, 25.7609331231003], [-80.4328682739631, 25.760956121579], [-80.4334722742107, 25.7609581215168], [-80.4342432739645, 25.7609621222014], [-80.4359592762444, 25.7609641221392], [-80.4368842768824, 25.760965122108], [-80.4388552794304, 25.7609671212367], [-80.4389322803216, 25.7609671220457], [-80.4409932814847, 25.7609691227924], [-80.4439482842219, 25.7609731210496], [-80.4444972851162, 25.7609741210184], [-80.4469892871729, 25.7609771209247], [-80.4473642879899, 25.7609781208934], [-80.4480812891137, 25.7609791216712], [-80.4489732901397, 25.7609801208309], [-80.44916928906, 25.7609791216712], [-80.454986294648, 25.7609491209872], [-80.4642433042934, 25.7609221210123], [-80.4712253107189, 25.760886120497], [-80.4714053115423, 25.7608851213365], [-80.4730463134791, 25.7608911203445], [-80.4771483175105, 25.7609061206947], [-80.4813713219156, 25.760921119425], [-80.4812683210851, 25.7577671187704], [-80.4812083208107, 25.755943118106], [-80.481132321541, 25.7536091160749], [-80.4810673212437, 25.7523441156819], [-80.4809813201316, 25.7506821160677], [-80.4808863196971, 25.7486991141674], [-80.4807143210663, 25.745098112131], [-80.4804993191845, 25.7405981112362], [-80.4800393179786, 25.7274141031328], [-80.4800303186561, 25.7271511039289], [-80.4799743185796, 25.7254361019495], [-80.4795443166126, 25.7124280962469], [-80.4795413171379, 25.712343095712], [-80.4794293178832, 25.7089480945488], [-80.4794173172893, 25.7087430952065], [-80.4793563162917, 25.7077380942493], [-80.4791683159707, 25.7038040920227], [-80.4787943167752, 25.7010800902447], [-80.4786853160969, 25.6979900886505], [-80.4784473155473, 25.6912500857074], [-80.4783563153106, 25.6886770846843], [-80.4784063155394, 25.6864960831392], [-80.4784063155394, 25.6856790830121], [-80.4784983147026, 25.6849780830978], [-80.4786213156245, 25.6842180816856], [-80.4787283157547, 25.6834480821703], [-80.4790173154597, 25.6824560798899], [-80.4792313157199, 25.6816810811908], [-80.4795513162854, 25.6807930809333], [-80.4797193165149, 25.6803570798542], [-80.4798713168508, 25.6799190799268], [-80.4810283172924, 25.6761320775497], [-80.4812473166772, 25.6741830766743], [-80.4812363177048, 25.6705690749427], [-80.4811413181686, 25.668381073543], [-80.4810903172166, 25.6669810732561], [-80.4809103172916, 25.6619570702257], [-80.480877315883, 25.6610490704105], [-80.4812333173318, 25.6609860704477], [-80.4813333168909, 25.6609690696424], [-80.4823233187245, 25.6610100696277], [-80.496858332211, 25.6602000689245], [-80.4978963328269, 25.6600680688344], [-80.49818733308, 25.6596140694825], [-80.499518334497, 25.6596050685719]]]}, "properties": {"district": 5, "board_member": "Ms. Christi Fraga"}}, {"type": "Feature", "id": 5, "geometry": {"type": "Polygon", "coordinates": [[[-80.2730774064947, 25.7571833617031], [-80.2744864077296, 25.7571113600124], [-80.2745944067864, 25.7569283612495], [-80.2747394074496, 25.7568413609695], [-80.2753094082603, 25.7568183608848], [-80.2752744081002, 25.7561803599963], [-80.2752704079023, 25.7551873597025], [-80.2752084088763, 25.754159359904], [-80.2771784089045, 25.7540813602644], [-80.2793254111796, 25.7540193593941], [-80.2819444125596, 25.7539183590162], [-80.2823474120674, 25.7539473590214], [-80.283135412438, 25.7538913582518], [-80.2839784139585, 25.7533983585872], [-80.284351413329, 25.7531083576858], [-80.2845324139773, 25.7528653586367], [-80.2848944134773, 25.7523303570202], [-80.285085413273, 25.7517233585549], [-80.2850564147573, 25.7512263569698], [-80.28504541309, 25.7503633568666], [-80.285013413303, 25.7495213559104], [-80.2849654136224, 25.7485383565075], [-80.2851874124819, 25.748515355624], [-80.2868714140764, 25.748480354658], [-80.2872774148556, 25.7484343552915], [-80.2882784156615, 25.7484133561552], [-80.2893724154556, 25.7483883559071], [-80.2903814166574, 25.7483623547697], [-80.2914254171211, 25.7483203556589], [-80.2923964177898, 25.7483223558095], [-80.2933914178496, 25.748268355776], [-80.2944214189679, 25.7482503552199], [-80.2954614201319, 25.7482173551373], [-80.2964444204961, 25.7482223555182], [-80.2974564202744, 25.748163355056], [-80.2995084212167, 25.7481223551428], [-80.3014134227441, 25.7480693550957], [-80.301494422935, 25.7480673557499], [-80.3019814230067, 25.7480543547423], [-80.3035484244254, 25.7480273550722], [-80.3055544253369, 25.7480333547297], [-80.3060124259946, 25.7480393543869], [-80.3068884253304, 25.7480523545871], [-80.3070694259787, 25.7480403544646], [-80.3076714274748, 25.7480483550858], [-80.3091024275527, 25.7480633546309], [-80.3095374268476, 25.7480673549408], [-80.3106784282939, 25.7480713536323], [-80.3115014288246, 25.7480973540243], [-80.311558428726, 25.7480993541787], [-80.3122024291566, 25.7481013551422], [-80.3156154316532, 25.7481133544494], [-80.3166444320482, 25.7481103542182], [-80.3172434331713, 25.7481093549502], [-80.3182354328581, 25.7481253537555], [-80.3183174328738, 25.7481253537555], [-80.3184974327989, 25.7481253537555], [-80.3193544327665, 25.7481233544106], [-80.3194324334826, 25.7481223551428], [-80.3194904332089, 25.7481223543336], [-80.3195694328516, 25.7481233544106], [-80.3196674336592, 25.7481233544106], [-80.319782433287, 25.7481233552197], [-80.3200724337152, 25.7481253537555], [-80.32018243332, 25.7481273531003], [-80.3203794347602, 25.748131353408], [-80.3206614347925, 25.7481183548347], [-80.3210754350692, 25.7481133544494], [-80.3211974343697, 25.748108354064], [-80.3216404349588, 25.7480903542928], [-80.3221814345588, 25.7480773540967], [-80.3226484354374, 25.7480493535452], [-80.3231244356384, 25.7480243540296], [-80.3236454369437, 25.7479973543527], [-80.3246434373766, 25.7479903538062], [-80.3256664379238, 25.7479383537788], [-80.326639437344, 25.747920354791], [-80.3276614380663, 25.7479023541822], [-80.3315084409312, 25.7477803534004], [-80.3340144414349, 25.7476973540238], [-80.3356614432196, 25.7476423536251], [-80.3377004446413, 25.747596353125], [-80.3394644457035, 25.7475663539149], [-80.3396854447381, 25.7475423527614], [-80.3409804452719, 25.7475113526464], [-80.3416694459083, 25.7474893532647], [-80.3423614469178, 25.7474673530698], [-80.3436694469721, 25.7474243527505], [-80.3452184479491, 25.7473953527711], [-80.3460664485941, 25.7473983530204], [-80.3473074504979, 25.7473363527073], [-80.3485634506736, 25.7473223531541], [-80.3490604516894, 25.7473053533477], [-80.3511594524873, 25.7472343530353], [-80.3516334530386, 25.7472183524918], [-80.3530054526669, 25.7472023527553], [-80.3536854539808, 25.747181351783], [-80.355323453748, 25.7471313523813], [-80.3556554549073, 25.7471323516575], [-80.3562324544924, 25.7471083520346], [-80.3570394551296, 25.7470853516833], [-80.3577024558267, 25.7470663524804], [-80.3587294565719, 25.7470333512598], [-80.3596954563194, 25.7470173531166], [-80.3605314581672, 25.7469883514196], [-80.3606374575742, 25.7469843526916], [-80.3607514582753, 25.7469793522586], [-80.3610204578888, 25.746969351392], [-80.3612864589259, 25.746958352056], [-80.3614614579298, 25.7469533516219], [-80.3616354589054, 25.746947352719], [-80.3621944580488, 25.7469363517627], [-80.3626744593461, 25.746918351814], [-80.3632414597838, 25.7469013519498], [-80.3635044595495, 25.7468963523224], [-80.3638574606253, 25.7468903517983], [-80.3645124600282, 25.7468483521671], [-80.3651634601314, 25.7468043515358], [-80.3652324606267, 25.7468003511833], [-80.3655984603246, 25.7467853522879], [-80.3660784607236, 25.7467663522278], [-80.3665224611376, 25.7467433518104], [-80.3677164622874, 25.7467233516549], [-80.36770746027, 25.746001350906], [-80.367710460643, 25.7453413503927], [-80.3677394627519, 25.7449573508637], [-80.3677144617393, 25.7446323499113], [-80.3677184619372, 25.7439113495144], [-80.3677224621352, 25.7431903504066], [-80.3677294618079, 25.7424703494758], [-80.3677314614577, 25.7413813480018], [-80.3677364614806, 25.7404273484805], [-80.3677234610618, 25.7395813477195], [-80.3677544610239, 25.7377613468314], [-80.3677364605823, 25.7359463456741], [-80.3677734612905, 25.7341323453188], [-80.3677784604151, 25.733179345268], [-80.3677834613363, 25.7323173437755], [-80.3677784604151, 25.732111344033], [-80.36770746027, 25.73102934306], [-80.3676354611983, 25.7299483429898], [-80.3676074607109, 25.7289353420425], [-80.3675174611975, 25.7273403410534], [-80.3674884599869, 25.726639341265], [-80.367443459781, 25.7257303405853], [-80.3673994611967, 25.7248213410499], [-80.3673234601304, 25.7234953397878], [-80.3673014594908, 25.7227163399991], [-80.3673044598639, 25.7225713390222], [-80.3673044598639, 25.7223533399111], [-80.367274460625, 25.7220753396407], [-80.367198460457, 25.7211253377424], [-80.3671674595965, 25.7202363391883], [-80.3671124602433, 25.7190823373461], [-80.3670624600146, 25.7183853371313], [-80.3670144585374, 25.7177073375405], [-80.3669684594049, 25.7170213362323], [-80.3669684603032, 25.7163013354393], [-80.3669354597929, 25.7159093356304], [-80.3669194598994, 25.7155663363568], [-80.3669134600516, 25.7154513364143], [-80.3668274589396, 25.713639334928], [-80.3667664588402, 25.7126933351447], [-80.3667434601723, 25.7122873343375], [-80.3667284592054, 25.7119063335959], [-80.3666984590682, 25.7112463331907], [-80.3666534588623, 25.7100623325949], [-80.3666214590753, 25.7097573324712], [-80.3665754590445, 25.7090563326605], [-80.3665454589073, 25.7082783318116], [-80.3665304588386, 25.7079893321316], [-80.3664484579246, 25.706480331489], [-80.3664284587314, 25.7060493310905], [-80.3664144584877, 25.7057953306373], [-80.3663964589444, 25.7052233300475], [-80.3663294580989, 25.7045303297441], [-80.3663144589286, 25.7041303296713], [-80.3663024583347, 25.7038163297247], [-80.3662894588142, 25.703393329781], [-80.3662804585934, 25.7031083297751], [-80.3662664583497, 25.7028603298396], [-80.3662284587149, 25.7021593282588], [-80.3662114580981, 25.7019043287521], [-80.3658204573876, 25.7017193282444], [-80.3656664574018, 25.7016643292412], [-80.3654564573395, 25.7016133280383], [-80.3651064584334, 25.701455327617], [-80.3648994569476, 25.7013043286629], [-80.3648844577773, 25.7012863282816], [-80.3646834570375, 25.7011513293825], [-80.3650834579689, 25.7011313296525], [-80.3651314576495, 25.7011293278985], [-80.3655414577283, 25.7011313288431], [-80.3661604580445, 25.7011103286373], [-80.3680644588488, 25.7010343283241], [-80.3682724583629, 25.7010263277771], [-80.3691244601042, 25.7009973286227], [-80.3698814605127, 25.7009723281179], [-80.3704264612091, 25.7009653280404], [-80.3707814610363, 25.7009623274288], [-80.3712984612453, 25.7009333282589], [-80.3722144625607, 25.7008853273563], [-80.3739774637979, 25.7008313276332], [-80.375999464603, 25.7007713274623], [-80.3767904644483, 25.7007303282051], [-80.3790094648969, 25.7006603280784], [-80.3796704659442, 25.7006383281226], [-80.3809744675971, 25.7005963275334], [-80.3821274678407, 25.7007113280707], [-80.3828544672136, 25.700789327112], [-80.3835794687333, 25.7008613273025], [-80.3838064694123, 25.7008843276914], [-80.3838814688571, 25.7008913277737], [-80.384294469309, 25.700921327428], [-80.3858734704232, 25.7008693278606], [-80.3883254722969, 25.7008213269322], [-80.3903794719906, 25.7007253274458], [-80.3923824743257, 25.7006753271261], [-80.3938754743279, 25.7006243271184], [-80.3944314757932, 25.7006063274438], [-80.3964474758522, 25.7005383265797], [-80.3984794767029, 25.7004633263793], [-80.4000624789135, 25.7003993265378], [-80.4013244780387, 25.7003543260469], [-80.4030124789329, 25.7002883259976], [-80.4030724801056, 25.7002863266578], [-80.4034844807326, 25.7003013265621], [-80.4049784805597, 25.7002493259145], [-80.4065064816203, 25.7002053258468], [-80.4088204834017, 25.7001343265497], [-80.4109304849686, 25.7000743260276], [-80.4125744854819, 25.7000223252809], [-80.4145134873446, 25.6999603253571], [-80.4144904859817, 25.6994373254329], [-80.4144684862404, 25.698704324361], [-80.4144584861947, 25.6979713244426], [-80.4145004860275, 25.6972383240588], [-80.4146094867057, 25.6966073243039], [-80.4149234856268, 25.6957603237827], [-80.4152514865881, 25.6950003223621], [-80.4152844870984, 25.694904323039], [-80.4154234870156, 25.6945793237191], [-80.4156384871007, 25.6937663220811], [-80.4157164878169, 25.6930763214654], [-80.4157204871165, 25.6922713228447], [-80.4157384875581, 25.6919743220056], [-80.4157024866748, 25.6915053217426], [-80.4156754869106, 25.6904613217319], [-80.4156824865833, 25.6903623211093], [-80.4156844862332, 25.6903353204837], [-80.4158394860439, 25.6903463218186], [-80.4159194864098, 25.6903463210091], [-80.4159454872474, 25.690320320943], [-80.4159544874682, 25.6902843209042], [-80.4159754864863, 25.6902603211422], [-80.4160314874611, 25.6902403212019], [-80.4161034865328, 25.6902323207391], [-80.4161654873554, 25.6902413209561], [-80.4161764863277, 25.6902433204646], [-80.4162584872418, 25.6902713208651], [-80.4164884873956, 25.6903923209878], [-80.4165324868782, 25.6904223208587], [-80.4166194878151, 25.6904943200323], [-80.4167894876945, 25.6906503201163], [-80.4169984870335, 25.690878321366], [-80.4170174881984, 25.690885321227], [-80.4170774866762, 25.6908373219404], [-80.4172034879712, 25.6907543208683], [-80.4172254886109, 25.69077932109], [-80.4173964874168, 25.6909663210925], [-80.4180594881139, 25.6917163208882], [-80.4182804889452, 25.6919753217453], [-80.4189544886146, 25.692351322031], [-80.419831489572, 25.6924893212094], [-80.42041348918, 25.6924433220407], [-80.4209644897241, 25.6923113212303], [-80.4217374909244, 25.692094321469], [-80.424446492716, 25.6914153213066], [-80.4242794914131, 25.6909933207656], [-80.4241864915267, 25.6905563208374], [-80.424175491656, 25.6905033202295], [-80.4240934925386, 25.6901203206801], [-80.4241074909857, 25.689536320516], [-80.4241294916253, 25.6891913193828], [-80.4241734920062, 25.6889333195225], [-80.4242804921364, 25.6885503197817], [-80.4244244920764, 25.6881373191801], [-80.4246154918721, 25.6875863181138], [-80.4247784920788, 25.686995318389], [-80.4248664919423, 25.6866823183731], [-80.4248844914857, 25.6861293190945], [-80.4248894915085, 25.686010319078], [-80.4248964920796, 25.6858513184011], [-80.4248684906938, 25.6850373172936], [-80.4274014927583, 25.6850553177024], [-80.4275474941448, 25.6850563175002], [-80.4289534941084, 25.6850243183009], [-80.4296134944325, 25.68501031708], [-80.4299424943204, 25.6849793168572], [-80.4310264940687, 25.6849213172021], [-80.4323704959047, 25.6848783169371], [-80.4330844966554, 25.6848553175044], [-80.4330614970892, 25.6843223171585], [-80.433027496754, 25.6835263167679], [-80.4330074966625, 25.6830503161127], [-80.432987496571, 25.6825533157446], [-80.4329754968755, 25.6820463166927], [-80.4329464956649, 25.680818314786], [-80.4329304966696, 25.6806773147268], [-80.4329054965553, 25.6796853144748], [-80.4328944957863, 25.6795093152911], [-80.4328724969433, 25.6793583152278], [-80.4327584971405, 25.6792493141999], [-80.4326044962564, 25.6791603148761], [-80.4327434961736, 25.6787343136176], [-80.432803496448, 25.6782733143084], [-80.4327784963337, 25.6775253146083], [-80.4327044958155, 25.6764413130622], [-80.4326424967896, 25.6746853121637], [-80.4326134955789, 25.6734683117816], [-80.4326274958226, 25.6718483105906], [-80.4325894952895, 25.670686310768], [-80.4325754959441, 25.6702583101432], [-80.4343224963895, 25.6702083091792], [-80.4348154972073, 25.6701953093785], [-80.4358064970692, 25.6701523094673], [-80.4369684975337, 25.6701243091966], [-80.437961498842, 25.6701003110413], [-80.4381314996196, 25.670096309729], [-80.4381954991937, 25.6700953098057], [-80.438437499043, 25.6700893086466], [-80.4399094991289, 25.6700543097056], [-80.4411865001193, 25.6700213097926], [-80.4421775017778, 25.6699663091075], [-80.4432605025995, 25.6699263088877], [-80.4438765025427, 25.6699033106175], [-80.4438665015986, 25.668986308766], [-80.4436585020845, 25.6682283088805], [-80.4433735025774, 25.6676743082252], [-80.4431015025908, 25.6673563079284], [-80.4429945006641, 25.6672323080513], [-80.4423925018629, 25.6666463083499], [-80.4419785015861, 25.666228307353], [-80.4419435014261, 25.6661933080882], [-80.4417655011508, 25.6660133077745], [-80.4415414999465, 25.6658243075575], [-80.4414395007376, 25.6657073074273], [-80.4412175000814, 25.6654003071417], [-80.4411185012455, 25.6652463071254], [-80.4410325010318, 25.665112307023], [-80.4407425015019, 25.6645663070307], [-80.4406675002605, 25.6643553067703], [-80.4405045000538, 25.663901306736], [-80.4403055007605, 25.6633453054487], [-80.4401504991532, 25.6629113060995], [-80.4410735001413, 25.6626133057773], [-80.4416515004497, 25.6625443059117], [-80.4433335014961, 25.6624793059548], [-80.4448055033785, 25.6624373048676], [-80.4455925030259, 25.6624973057222], [-80.4462135029919, 25.6626613059067], [-80.4469015038034, 25.6629683059567], [-80.4475215039445, 25.6633993059699], [-80.4478565036802, 25.6636483054479], [-80.4483705044144, 25.6639033058768], [-80.4486515046218, 25.6640133063379], [-80.4492155046864, 25.6641263066177], [-80.4502115054695, 25.6641783052201], [-80.4511155052928, 25.6641573057872], [-80.4515225058969, 25.6641593065431], [-80.4519805065546, 25.664184305867], [-80.4522685064347, 25.6642453066246], [-80.4526745081122, 25.6643063065413], [-80.4532115075143, 25.6644033053888], [-80.4532635073928, 25.664428306281], [-80.4536935084615, 25.6644823063118], [-80.4541415081751, 25.6644783064303], [-80.4545045083983, 25.6644523063877], [-80.454915508302, 25.6643743062258], [-80.4554125084195, 25.6642173057764], [-80.455861507958, 25.6640563052246], [-80.456280509156, 25.6639513054869], [-80.4564775096978, 25.6639163063635], [-80.4568315097002, 25.6639173055289], [-80.4571545097403, 25.6639053058272], [-80.4571015091386, 25.662330305347], [-80.4570305098918, 25.6621033045251], [-80.4570955092908, 25.6621003045542], [-80.4577765095313, 25.6620763039741], [-80.4590745113364, 25.6620233044642], [-80.4653435132428, 25.6618353035835], [-80.4660475139478, 25.6617853039454], [-80.4674005151063, 25.661710304449], [-80.4737085191674, 25.6613943044333], [-80.4765185212413, 25.6612383032969], [-80.4768595208248, 25.6612273033233], [-80.4775525207609, 25.6611843034165], [-80.4784335219162, 25.6611373043105], [-80.4787115226488, 25.6611323026989], [-80.478728521469, 25.6611583034654], [-80.4787295221922, 25.6612493040792], [-80.4787525217584, 25.6612363041115], [-80.4787515219335, 25.6611963033921], [-80.4787685225502, 25.6611233027126], [-80.478843521995, 25.6611163035324], [-80.4790785212733, 25.6611033035502], [-80.4794095217094, 25.6610753027739], [-80.4806655218852, 25.6610113028255], [-80.4806945230958, 25.6610913027556], [-80.4806945239941, 25.6610373036184], [-80.4807005238419, 25.6610143036336], [-80.4808775242922, 25.6610013028305], [-80.4809105239042, 25.6619093030094], [-80.4810905238293, 25.666933306433], [-80.4811415238829, 25.6683333072807], [-80.4812365243175, 25.6705213079378], [-80.4812475241881, 25.6741353094984], [-80.481028523905, 25.6760843103454], [-80.4798715234634, 25.6798713126212], [-80.4797195240258, 25.6803093135338], [-80.4795515246946, 25.6807453131685], [-80.4792315232308, 25.6816333145915], [-80.4790175229706, 25.6824083136014], [-80.4787285232656, 25.6834003138508], [-80.4786215231354, 25.6841703152939], [-80.4784985231118, 25.6849303145822], [-80.4784065230503, 25.6856313163966], [-80.478406522152, 25.6864483160419], [-80.4783565237199, 25.6886293168425], [-80.4784475230582, 25.6912023197069], [-80.4786855245062, 25.6979423221157], [-80.4787945242861, 25.7010323233308], [-80.4791685243799, 25.703756324583], [-80.4793565247009, 25.707690327579], [-80.4794175248003, 25.7086953265113], [-80.4794295253942, 25.7089003275547], [-80.4795415246489, 25.7122953300807], [-80.4795445250219, 25.7123803298404], [-80.4799745260906, 25.7253883351012], [-80.480030526167, 25.7271033369604], [-80.4800395254896, 25.7273663362698], [-80.4804995266954, 25.7405503431974], [-80.4807145267806, 25.7450503450921], [-80.4808865281063, 25.7486513477671], [-80.4809815276426, 25.7506343496558], [-80.4810675287546, 25.7522963491292], [-80.4811325281536, 25.7535613492218], [-80.4812085283216, 25.7558953513827], [-80.4812685285961, 25.7577193519716], [-80.4813715276299, 25.7608733538951], [-80.477148526818, 25.7608583543497], [-80.473046523685, 25.7608433539934], [-80.4714055226465, 25.760837354174], [-80.4712255227214, 25.760838355762], [-80.4642435189909, 25.7608743546738], [-80.454986513837, 25.7609013554685], [-80.4491695091473, 25.7609313545465], [-80.448973510227, 25.7609323545157], [-80.4480815100993, 25.7609313545465], [-80.4473645089755, 25.7609303553864], [-80.4469895081585, 25.7609293562263], [-80.4444975070002, 25.7609263555098], [-80.4439485061059, 25.7609253555406], [-80.4409935051653, 25.7609213564728], [-80.4389325049005, 25.7609193557253], [-80.4388555040093, 25.7609193549162], [-80.4368845023595, 25.7609173557868], [-80.4359595026199, 25.7609163558175], [-80.4342435021366, 25.760914356688], [-80.4334725005861, 25.7609103568108], [-80.4328685003386, 25.7609083560631], [-80.4269464969652, 25.7608853559572], [-80.424810495459, 25.7609013554685], [-80.4208924942456, 25.7609313569736], [-80.4175264916047, 25.7609463565098], [-80.4170354904367, 25.7609493556078], [-80.4169024903673, 25.7609373567883], [-80.4167784914171, 25.7609253563496], [-80.4156044894604, 25.7609473564788], [-80.4149134900725, 25.7609613576621], [-80.4141854899764, 25.7609383567574], [-80.4134154891492, 25.7610053562851], [-80.4119624893299, 25.7609753564167], [-80.4098364860729, 25.7609663566974], [-80.4092154861069, 25.7609723573194], [-80.4088394854649, 25.7609753564167], [-80.4087364855327, 25.7609763580035], [-80.4078984858317, 25.7609833577847], [-80.4071724853854, 25.7609893559787], [-80.4060414848831, 25.7609993572828], [-80.4037264841751, 25.7609903559473], [-80.4030324835159, 25.7609833569756], [-80.4014124823937, 25.7609683582532], [-80.4007934820776, 25.760978357132], [-80.3988414815927, 25.7609943574399], [-80.3980534803238, 25.7610023579975], [-80.3979934800494, 25.7610033579661], [-80.3966084791039, 25.7609973573457], [-80.3953164780448, 25.7610043579346], [-80.3950194779439, 25.7610033579661], [-80.3947234776679, 25.761001358029], [-80.3927724770079, 25.7609933582803], [-80.3917154770238, 25.7609893584058], [-80.3906604757912, 25.7609853577221], [-80.3885744754121, 25.7610003572514], [-80.3874164742473, 25.7609953582175], [-80.3871764740478, 25.7609983573143], [-80.3861864731125, 25.7610073586492], [-80.3854904728035, 25.76101335846], [-80.3851754722609, 25.7610123576825], [-80.3849324716883, 25.7610113585231], [-80.3847604730575, 25.7610103577456], [-80.384628472813, 25.7610093577771], [-80.3845534724699, 25.7610083578086], [-80.3844184718524, 25.7610073578401], [-80.3838754717042, 25.7610213573983], [-80.3833624716932, 25.7610343586046], [-80.3821844704369, 25.7610393576369], [-80.3806204693913, 25.7610763588828], [-80.3804694697785, 25.7610793571684], [-80.3783734684553, 25.7611223582072], [-80.3764014669807, 25.7611503589128], [-80.3761964669413, 25.761154359591], [-80.3746764662766, 25.7611963582085], [-80.3741534662199, 25.7612033579767], [-80.3724714651734, 25.7612383592384], [-80.3709854648439, 25.7612593585342], [-80.3705504646508, 25.7612663591077], [-80.3684134633197, 25.7613093592696], [-80.3673264614017, 25.7613573592439], [-80.3654114607268, 25.7614083590942], [-80.3647134598696, 25.761428358395], [-80.3635664594738, 25.761461358852], [-80.3628624596671, 25.7614833588818], [-80.3604024573975, 25.7615583586221], [-80.3580674574963, 25.7615703598059], [-80.3571454554348, 25.7615863592249], [-80.3547784548483, 25.7616263593812], [-80.3541914543191, 25.7616353598595], [-80.3523794535764, 25.761666359524], [-80.3519764531703, 25.7617023589938], [-80.3508674524093, 25.7616973599895], [-80.3502164523061, 25.7617173600506], [-80.3497764529883, 25.7617313603341], [-80.3482504506792, 25.7617793593287], [-80.3477574507597, 25.7617833599857], [-80.3476424502336, 25.7617843591386], [-80.346306449692, 25.7617953603377], [-80.3445934495817, 25.7618413601925], [-80.3441674487111, 25.7618523605773], [-80.3421224474415, 25.7618903599128], [-80.3401724457082, 25.7619293600059], [-80.3390084464923, 25.7619433594554], [-80.3381694451697, 25.7619583604818], [-80.3361784443268, 25.7619993604728], [-80.3360134444704, 25.7620023611623], [-80.335110444472, 25.7620173605631], [-80.332814442234, 25.7620593613025], [-80.3321094417041, 25.7620733607366], [-80.3315144416773, 25.7620843602909], [-80.3279414393471, 25.7621913615648], [-80.3263754386517, 25.7622293607918], [-80.3243654366439, 25.7622773620122], [-80.3237944369066, 25.7622363613081], [-80.3225694357946, 25.7622963612089], [-80.3219984360573, 25.7623373610833], [-80.3214734354525, 25.7623743619247], [-80.321092435686, 25.7623953618285], [-80.320901434992, 25.7624053613962], [-80.3208764348776, 25.7624073613097], [-80.3208524345882, 25.7625433618163], [-80.3208204348011, 25.7626833611758], [-80.3207944357602, 25.7627993614909], [-80.3207614352499, 25.7629563621622], [-80.3205334356443, 25.7642393625207], [-80.3205174339541, 25.7643473626016], [-80.3205054342585, 25.7644563625238], [-80.3204914349132, 25.7645803622319], [-80.3204814348674, 25.7646883628117], [-80.3204734353698, 25.7648003622304], [-80.3204654349739, 25.7649223625172], [-80.3204604340527, 25.7650333625896], [-80.3204554349281, 25.7651483622928], [-80.32045343438, 25.765255363232], [-80.3204524345551, 25.7653743632561], [-80.3204524354534, 25.7656033635785], [-80.3204574354763, 25.7658283637477], [-80.3204674346237, 25.7661713627894], [-80.3205064349818, 25.7670013639782], [-80.3205164350275, 25.7671763640631], [-80.3205244345251, 25.7674063648686], [-80.3205334356443, 25.7676263636745], [-80.3205424349668, 25.7678513648629], [-80.3205534357357, 25.7680673640168], [-80.32056243416, 25.7682993645279], [-80.3205734358273, 25.7685193641055], [-80.3205824351498, 25.7687373642775], [-80.3205934350204, 25.768969364288], [-80.3206114354621, 25.7694013646054], [-80.3206434352491, 25.7698903662021], [-80.3203894357042, 25.7698903662021], [-80.3202824355741, 25.7698893654994], [-80.3202244358478, 25.7698893654994], [-80.3200744351616, 25.7698883656057], [-80.319752434048, 25.7698993644358], [-80.3192444349583, 25.769919364733], [-80.3189574340047, 25.7699223652222], [-80.3188034349173, 25.7699273654981], [-80.3183924341152, 25.7699413656223], [-80.3181694336342, 25.7699473657906], [-80.3175674339347, 25.7699653654846], [-80.3172064324631, 25.7699743653306], [-80.3162794330736, 25.7700273661177], [-80.3158114323701, 25.7700533649383], [-80.3153594315602, 25.7700733652095], [-80.314447431341, 25.7701043659064], [-80.3133214308616, 25.7701353649772], [-80.3132134309066, 25.7701413659447], [-80.3130504306999, 25.7701503649684], [-80.3129124306077, 25.7701583657179], [-80.3122584301314, 25.7701943658482], [-80.3114164293341, 25.7702003660037], [-80.3105834305543, 25.7702443660561], [-80.3096914295283, 25.770279365461], [-80.3081794283612, 25.7703383662604], [-80.3076494268351, 25.7703593663733], [-80.3067674267532, 25.7703923659654], [-80.3062044274118, 25.7704203669114], [-80.3059374265498, 25.7704293659139], [-80.3051454259813, 25.7704633661843], [-80.304205426173, 25.7705073661392], [-80.3031954251462, 25.7705323657753], [-80.3022034245611, 25.7705433661637], [-80.3012054241282, 25.7705573670241], [-80.3001654229642, 25.7705753666257], [-80.2991474224399, 25.7705953668089], [-80.2981554218548, 25.7706143662923], [-80.2971654227161, 25.7706323666941], [-80.2961734212327, 25.7706483657008], [-80.2952404201988, 25.7706553665295], [-80.2943894200791, 25.7706853671874], [-80.2935134198449, 25.7706873677703], [-80.2926504191312, 25.7707053665431], [-80.2916864190335, 25.7707233677402], [-80.2907654185936, 25.770742366394], [-80.2898704171945, 25.7707483673308], [-80.2890084172041, 25.7707793678514], [-80.2881254163989, 25.7707893667128], [-80.2872374155709, 25.7708393674789], [-80.2864494160986, 25.7708743667083], [-80.2860724156318, 25.7708943668412], [-80.2855494146767, 25.7709053671959], [-80.2842954141508, 25.7709483662932], [-80.2840124142936, 25.7709623679149], [-80.2831924123393, 25.770989366415], [-80.281967413024, 25.7710433682508], [-80.2807514130312, 25.771097367635], [-80.2799074125841, 25.7711523676867], [-80.2791374117569, 25.7711673675492], [-80.2778744092135, 25.7712123679346], [-80.2776094106962, 25.7712113680521], [-80.2768754089557, 25.7712593672582], [-80.2765744095551, 25.7712663672419], [-80.2758464094589, 25.7712933680998], [-80.2752894081687, 25.7713213680243], [-80.2747844085537, 25.771335367984], [-80.2742694079945, 25.7713573678018], [-80.2737524077856, 25.7713843670211], [-80.2727374076343, 25.7714333684648], [-80.2717024073916, 25.7714743676101], [-80.2716854067748, 25.7707053681611], [-80.2716704076045, 25.7700163672995], [-80.2716574071858, 25.7692623674052], [-80.2716204064775, 25.7685603666845], [-80.271597406013, 25.7678213667246], [-80.2715874068656, 25.7670943660248], [-80.2715504061573, 25.7663793664238], [-80.2715104068727, 25.7649483648831], [-80.2714694068648, 25.7641793644108], [-80.2708334050335, 25.7641993648628], [-80.2706534051085, 25.7642063652629], [-80.2704514054421, 25.7642143647951], [-80.2703784047488, 25.7624033639098], [-80.2714024060193, 25.7623633640154], [-80.2713914061486, 25.7620373638065], [-80.2713754053568, 25.7613123632126], [-80.2713544054404, 25.7606853635012], [-80.2713464068411, 25.7605363628429], [-80.2713284055012, 25.7600123623602], [-80.2713034053868, 25.7593063612119], [-80.2712804058206, 25.7586193613143], [-80.2712634061021, 25.7579323614871], [-80.2712364063379, 25.7572373609198], [-80.2730774064947, 25.7571833617031]]]}, "properties": {"district": 8, "board_member": "Dr. Marta P\u00e9rez"}}, {"type": "Feature", "id": 6, "geometry": {"type": "Polygon", "coordinates": [[[-80.3021124279179, 25.840780402294], [-80.3022834294188, 25.8407594025306], [-80.3024524276765, 25.840730401927], [-80.3025364282404, 25.8407094013462], [-80.302703428645, 25.8406734016123], [-80.3029384279233, 25.8406034023229], [-80.3030934295307, 25.840547402053], [-80.3033184296616, 25.8404504014218], [-80.3034634294265, 25.8403784017853], [-80.3036234283618, 25.8402884017739], [-80.3037464292837, 25.8402114023027], [-80.3039894298563, 25.840059402622], [-80.3040944285399, 25.8399954012086], [-80.3041494305882, 25.8399624015906], [-80.3042254298578, 25.8400484006003], [-80.3042544301701, 25.8400704014086], [-80.3042834295841, 25.8400924014044], [-80.3046184302182, 25.840324401625], [-80.3048674297402, 25.8405194023124], [-80.3051314302292, 25.8407254022126], [-80.3054534304445, 25.8409464016792], [-80.3056844304232, 25.8411234019458], [-80.3058544303025, 25.8412654016849], [-80.3061384299846, 25.841458401433], [-80.3063404305493, 25.8416024025814], [-80.3065284317686, 25.8417504023215], [-80.3077394317385, 25.8426694020367], [-80.308943432934, 25.8435534031118], [-80.3091514324481, 25.8437194026483], [-80.3097874333811, 25.8441904042973], [-80.3101244327667, 25.8444324036822], [-80.3102274335971, 25.8445144031945], [-80.3104164328447, 25.8446634042135], [-80.3106624337903, 25.8448334040888], [-80.3111544338849, 25.8451894033691], [-80.311366433597, 25.8453594032969], [-80.3118424337981, 25.845694404532], [-80.3127944342002, 25.846403404753], [-80.3131324352073, 25.8466694041512], [-80.31373543563, 25.8471034051189], [-80.3139384360196, 25.8472494051535], [-80.3141934353894, 25.8474594056514], [-80.3143464355503, 25.8475934046886], [-80.3146104360393, 25.847757405741], [-80.314841436018, 25.8479284052553], [-80.3150424367577, 25.8480664047398], [-80.3153204365921, 25.8482954045602], [-80.3155804359848, 25.8484784053829], [-80.3159234370147, 25.848741405663], [-80.316321437398, 25.8490324055156], [-80.3167424373475, 25.8493644059538], [-80.3172034374799, 25.8496884052296], [-80.3180894386582, 25.8503504062948], [-80.3183914378836, 25.8505574060725], [-80.3187174391952, 25.8508084063479], [-80.3189894382834, 25.8509954065868], [-80.3192014388939, 25.8511694063187], [-80.319380438994, 25.8512994067504], [-80.3197464386919, 25.8515514070808], [-80.3200984381461, 25.8518384072521], [-80.3206184387281, 25.8522334067572], [-80.3215454408125, 25.8529214073596], [-80.3221874406949, 25.8533974079199], [-80.3222554413653, 25.8534544077617], [-80.3225664408116, 25.853668407731], [-80.3227464398383, 25.8537994078346], [-80.3228044413613, 25.8538414067695], [-80.3230674402287, 25.8540704083411], [-80.3233904420655, 25.8543004078422], [-80.3235664408943, 25.8544354072004], [-80.3238054430655, 25.8546194082092], [-80.3238244424338, 25.8546334088366], [-80.3243424424676, 25.8550164080924], [-80.3245134430702, 25.8551314077872], [-80.3249944423958, 25.8555114087246], [-80.3252044415598, 25.855657409696], [-80.3254054422996, 25.8557964090303], [-80.3254234427412, 25.8558164093805], [-80.3256304433288, 25.8559724097326], [-80.3257124424462, 25.8560254092405], [-80.3260234436891, 25.856258408092], [-80.3262074438122, 25.8563844095069], [-80.3265114435858, 25.8566124086079], [-80.3266804427419, 25.8567484093373], [-80.326909443969, 25.8569334099475], [-80.3270404434903, 25.8570464086528], [-80.3274444437213, 25.8573364091209], [-80.3276924443168, 25.8575454095273], [-80.3278724442418, 25.8576754094158], [-80.3285574446802, 25.8582004097496], [-80.3287664449176, 25.858360409203], [-80.3295444452425, 25.8589174105824], [-80.3298084448331, 25.8591274097595], [-80.3299274455571, 25.8592054097976], [-80.3300314453142, 25.8592814106972], [-80.3302604456431, 25.8594644098763], [-80.3304334458954, 25.8595714113412], [-80.3304884452487, 25.859624410044], [-80.3306924463615, 25.8597644111245], [-80.3307644454332, 25.8598234110164], [-80.33092544599, 25.8599274107129], [-80.3310554465847, 25.8600254106696], [-80.331113446311, 25.8600844104312], [-80.3313804462747, 25.860256409842], [-80.3314444458488, 25.8603124104797], [-80.3317844465057, 25.8605684107476], [-80.3323334465017, 25.8609634118036], [-80.332738447456, 25.8612724102421], [-80.3330894479836, 25.8615194123057], [-80.3339884477839, 25.8621764113713], [-80.3340484489567, 25.8622294113311], [-80.3343224476948, 25.8624284111512], [-80.3344224490505, 25.8625094120056], [-80.3345504473004, 25.8625984105452], [-80.3346484481081, 25.8626534117709], [-80.3348494488478, 25.8627964114428], [-80.3349134484219, 25.8628544115204], [-80.3351644484921, 25.8630504121574], [-80.3353814491254, 25.8631864119465], [-80.3356784492263, 25.8634314118017], [-80.3360264484825, 25.8636614124904], [-80.3360884493051, 25.8637094122332], [-80.3363494503194, 25.8638864123794], [-80.3366834493319, 25.864152412055], [-80.3369964493263, 25.8643914129061], [-80.3373394503563, 25.8646414122002], [-80.3375944506245, 25.8648154128646], [-80.3376504498026, 25.864867412549], [-80.3379574499493, 25.8650944131724], [-80.3382904509335, 25.8653164122601], [-80.338343450637, 25.8653624123466], [-80.3385984500068, 25.8655504137089], [-80.3386604508294, 25.8656024122615], [-80.3389094512497, 25.8657664133914], [-80.3395514511321, 25.8662324134575], [-80.3402614516849, 25.8667584136591], [-80.3403214510611, 25.866820413753], [-80.340354453368, 25.866842413622], [-80.3405914522961, 25.8669974140897], [-80.3406624524412, 25.8670564136042], [-80.3408474532875, 25.8671924136331], [-80.3408664526557, 25.8672064135797], [-80.3408844521991, 25.8672264128076], [-80.3409104521383, 25.867281413496], [-80.3409014528158, 25.8673014135196], [-80.3409694516896, 25.8674134137505], [-80.3410914527866, 25.8674474136697], [-80.3411984529167, 25.8675254138753], [-80.3416824526154, 25.867874413605], [-80.3419564531501, 25.8680724137461], [-80.3421904526035, 25.8682454143367], [-80.3423924531682, 25.8683954152278], [-80.3424524534427, 25.868446414275], [-80.3428454538031, 25.8686924144097], [-80.3431274538354, 25.8689014149432], [-80.3433644536618, 25.8690764156663], [-80.3438934535663, 25.8694824142442], [-80.3440364545798, 25.869582414082], [-80.3442284533021, 25.869716414718], [-80.3444364546128, 25.8698714154572], [-80.3454414556167, 25.8706224148138], [-80.3458104556877, 25.8709084149056], [-80.3463064550819, 25.8712804156564], [-80.3463994558667, 25.8713434156481], [-80.3472344551946, 25.8719684161316], [-80.3474654569699, 25.8721424157062], [-80.3478844563713, 25.872434416795], [-80.3479604565392, 25.8725074161461], [-80.3497204583018, 25.8737984177573], [-80.3505734580714, 25.8744074178379], [-80.3506114586045, 25.8744554164486], [-80.3515534580626, 25.8751274167736], [-80.3516634594641, 25.8752304177377], [-80.3525344596754, 25.8758704182072], [-80.3526424596304, 25.8759704174875], [-80.3535754606643, 25.8766384180731], [-80.3537024599876, 25.8767474173274], [-80.3545474611579, 25.8773544179714], [-80.3546724599331, 25.8774734185441], [-80.3549444608179, 25.8776724177466], [-80.3554954622604, 25.8780754189387], [-80.3556034613171, 25.8781694184333], [-80.355756461478, 25.8782844182292], [-80.3564994616427, 25.8788644192886], [-80.3566844615907, 25.8789984190948], [-80.3573894630189, 25.8794864194445], [-80.3575204616418, 25.8795944187194], [-80.3581664635189, 25.8800874195058], [-80.3587044636442, 25.8804784200875], [-80.3588134634242, 25.8805714195185], [-80.3593874635345, 25.88096942008], [-80.3594954634896, 25.881070420464], [-80.3601064652065, 25.8815034206352], [-80.3602064647656, 25.8815894201386], [-80.3608064639169, 25.8820024200672], [-80.3609124651204, 25.8820974202319], [-80.3614654644161, 25.8824974208104], [-80.3615724645462, 25.8826004210047], [-80.362394465252, 25.8831804210727], [-80.3623414664469, 25.8832234206257], [-80.3622894665683, 25.8832674215242], [-80.3620164649602, 25.8834944207374], [-80.3630504662764, 25.8842604216621], [-80.3663224674094, 25.8866864229619], [-80.367803470411, 25.8877844233762], [-80.3700394714763, 25.8894414231918], [-80.371581470984, 25.8905754237455], [-80.3721244720305, 25.890974424208], [-80.3746334738056, 25.8928594247708], [-80.3790414754637, 25.8961064269181], [-80.3802474772073, 25.8969864273571], [-80.381742478656, 25.8980764279402], [-80.3824784782498, 25.8986134275385], [-80.3827384785408, 25.8988024273033], [-80.3834704788349, 25.8993414292797], [-80.3841204791132, 25.8998554281859], [-80.3842404796621, 25.8999374280276], [-80.3852474803159, 25.9006234279984], [-80.3853094802401, 25.9006714288813], [-80.3855034804089, 25.9008194289891], [-80.3852994801944, 25.9013304291464], [-80.3849214799026, 25.9022774298254], [-80.3830724793499, 25.9073974329397], [-80.3826004784485, 25.9086244330124], [-80.3825724797577, 25.9087124336308], [-80.3825174786078, 25.9088854336635], [-80.3813884777554, 25.9120094351605], [-80.3810824792303, 25.9129244350025], [-80.3803974778935, 25.914661435236], [-80.379720477851, 25.9164204376808], [-80.3760824761218, 25.9263524414388], [-80.3758894766762, 25.9268784419719], [-80.3757384761652, 25.927239442076], [-80.3754934750445, 25.9277974426484], [-80.3751764748521, 25.9277944437383], [-80.3737414745762, 25.9277824432496], [-80.3698154720686, 25.9277654426899], [-80.3657904698268, 25.9277484429356], [-80.3576614657005, 25.927729443635], [-80.3557504643252, 25.9277634439545], [-80.3552264644435, 25.927807443593], [-80.3539044632472, 25.9279184444075], [-80.3507684616583, 25.927924444645], [-80.3500694609762, 25.9279264449934], [-80.3503984617625, 25.9350824482551], [-80.3504414614202, 25.9360024488737], [-80.3506694610258, 25.9410734505536], [-80.3507244630741, 25.9422164519316], [-80.3507414627925, 25.9424334519], [-80.3507934617727, 25.943513451998], [-80.3508384619786, 25.9449774533177], [-80.3509354629612, 25.9474474532946], [-80.3509654622002, 25.9481014537868], [-80.3509914621394, 25.9484744550914], [-80.3505604621442, 25.9492474547823], [-80.3510114631292, 25.9488794542927], [-80.351021463175, 25.9490884549512], [-80.3510764634265, 25.9501984557667], [-80.3511814630085, 25.9527544561842], [-80.3512834631158, 25.955576457986], [-80.3513164627277, 25.9561044579326], [-80.3513544641592, 25.9567014587685], [-80.351353463436, 25.9567514584819], [-80.3513724628042, 25.9568464590096], [-80.351389463421, 25.9569724580269], [-80.3503444622341, 25.9570004592261], [-80.3493444612531, 25.9570194586514], [-80.3483394611475, 25.9570304594651], [-80.3470914604694, 25.9570454599856], [-80.3453134600618, 25.9570654593304], [-80.3441164594373, 25.95706245955], [-80.3435814587867, 25.9571214592548], [-80.3431144579082, 25.9571714587898], [-80.3430344584405, 25.9571734586415], [-80.3429814578388, 25.9571764592267], [-80.3429304577851, 25.9571804597377], [-80.342820457282, 25.9571794598119], [-80.3419414575731, 25.9571794598119], [-80.3416434576473, 25.95718045893], [-80.3412584567845, 25.9571784590784], [-80.341202456708, 25.9571764592267], [-80.3411464566315, 25.9571734586415], [-80.3408824570408, 25.9571624586489], [-80.3407314565298, 25.9571554591671], [-80.3402804564431, 25.957136458956], [-80.3401304566553, 25.9571304602065], [-80.3400484557412, 25.9571264605016], [-80.3399254566158, 25.9571214592548], [-80.3393104555993, 25.9570954587451], [-80.3391064553848, 25.9570874593327], [-80.3383144548162, 25.9570904591125], [-80.336009454154, 25.9570974594059], [-80.3332534525067, 25.957106458744], [-80.3317904526417, 25.9571114591837], [-80.3267274488857, 25.9571264605016], [-80.32671744884, 25.9571274596201], [-80.3244434472415, 25.9571354606452], [-80.3236214474341, 25.9571384604237], [-80.322372446931, 25.9571424593206], [-80.3186254445236, 25.9571544600488], [-80.3173774429471, 25.9571594612941], [-80.3166034437185, 25.9571614611461], [-80.3142834420894, 25.9571694597457], [-80.3135104408891, 25.9571724603311], [-80.3134034407589, 25.9571724603311], [-80.3130824412669, 25.9571744609905], [-80.3129764400633, 25.9571754609163], [-80.3127994405113, 25.9571754601086], [-80.3122704397085, 25.9571754601086], [-80.3120944399814, 25.9571764608421], [-80.312005440293, 25.9571764608421], [-80.3117394392559, 25.9571764600345], [-80.3116514393923, 25.957177460768], [-80.3115364406629, 25.9571774599603], [-80.3112774392985, 25.9571794614273], [-80.3111914399831, 25.9571794606196], [-80.311077439282, 25.9571794606196], [-80.3110304394263, 25.9571794606196], [-80.3109214396463, 25.9571794606196], [-80.3108914395091, 25.9571794606196], [-80.3108454394783, 25.9571794614273], [-80.310831440133, 25.9571794614273], [-80.3107904392268, 25.9571794606196], [-80.3107774397063, 25.9571794606196], [-80.3107464388459, 25.957177460768], [-80.310686440368, 25.9571764608421], [-80.3106534398577, 25.9571744609905], [-80.3106224389973, 25.9571744601828], [-80.3105984387079, 25.9568984609409], [-80.310589438487, 25.9565674600134], [-80.3105574395983, 25.9554174602412], [-80.3105544401236, 25.9552784595069], [-80.3104744397576, 25.954865459332], [-80.3101734385604, 25.9538084589238], [-80.3098364382765, 25.952993458501], [-80.3094094384792, 25.9522934584253], [-80.3084344385109, 25.9508664576537], [-80.3080674380898, 25.9502444574958], [-80.3079304378224, 25.9500134567614], [-80.3074994369289, 25.9490044569959], [-80.3073844373011, 25.94858445582], [-80.3073314375977, 25.9483914558908], [-80.3072774362727, 25.9480624560899], [-80.3072464372089, 25.947875456142], [-80.3071714377641, 25.9473044552276], [-80.3071434363784, 25.9468614549505], [-80.3071274364849, 25.9465144554275], [-80.3071184353657, 25.9463204561261], [-80.3071114374897, 25.9461534554181], [-80.3070994359975, 25.9458954541537], [-80.3070794368043, 25.945240455114], [-80.3070624361876, 25.944678453827], [-80.3069664359281, 25.942819453201], [-80.3069444370851, 25.9423914529797], [-80.3068444357294, 25.9407314520752], [-80.3068744358666, 25.9400554519016], [-80.3068384367799, 25.9394154522297], [-80.3068814355393, 25.938871451269], [-80.3070344365985, 25.9379554507935], [-80.3072534359833, 25.9372114500332], [-80.3072794359225, 25.9371234513003], [-80.3076304364502, 25.9363764498248], [-80.307639436671, 25.9363614490946], [-80.3079994365211, 25.9357234497648], [-80.308184436469, 25.9353764497397], [-80.3081984367127, 25.9353504492753], [-80.3083594372695, 25.9350634501371], [-80.3083884366835, 25.9350034497673], [-80.3086434360533, 25.9344854492893], [-80.3088144375542, 25.9341884484495], [-80.3090524372056, 25.933775447819], [-80.3091544373129, 25.9334824481213], [-80.309373437596, 25.9328474481395], [-80.3095114376882, 25.9321834480058], [-80.3096684371488, 25.9315294479905], [-80.3096644369508, 25.9302214475724], [-80.3096234369429, 25.929343445795], [-80.3096014372016, 25.9288634469545], [-80.3096124370723, 25.9287674471134], [-80.309669437872, 25.9282964466588], [-80.3096544378034, 25.9279814464827], [-80.3096434370344, 25.9279254456271], [-80.3096294367907, 25.9278544453554], [-80.3092854368341, 25.9278704457276], [-80.3092694369406, 25.9278554455302], [-80.305487434373, 25.9278714459022], [-80.3017064325287, 25.9278884472546], [-80.3012104322362, 25.9278904459878], [-80.3007624325225, 25.9278914461623], [-80.300117432267, 25.9278944466858], [-80.2993204316756, 25.9278984457678], [-80.2948544284945, 25.9279184452154], [-80.29365742787, 25.9278884472546], [-80.2935184270545, 25.9280024468977], [-80.293350426825, 25.9281394471661], [-80.2933424273274, 25.9278124460848], [-80.2933224281342, 25.9273884461852], [-80.2932314269993, 25.925442445795], [-80.2931724265498, 25.9251954449687], [-80.2931794271208, 25.9250334443909], [-80.2931284270672, 25.9246884447974], [-80.2930694275159, 25.9232594436334], [-80.2930124276145, 25.9215274427482], [-80.2930234265869, 25.9211924432863], [-80.2929454267691, 25.9197644419979], [-80.2929314265254, 25.9194854424183], [-80.2928534276059, 25.9177924422926], [-80.2928534267076, 25.917587441293], [-80.2928234274687, 25.9169724418115], [-80.2926564261657, 25.913492439239], [-80.292650426318, 25.9133734394273], [-80.2926484266682, 25.9133354386133], [-80.2926404262722, 25.9131614391527], [-80.2925394259899, 25.9104054372633], [-80.2925194258984, 25.9098734372216], [-80.2923754268567, 25.9057904350718], [-80.292176426665, 25.9024544335839], [-80.2920704263598, 25.8999684327029], [-80.2920454262455, 25.8993564322965], [-80.2920454253471, 25.8991814311914], [-80.2920224248826, 25.8988504321594], [-80.2920074257123, 25.8986254326121], [-80.2919444250648, 25.8974724308789], [-80.2919084250798, 25.8968244308565], [-80.2918804245924, 25.8963214308865], [-80.2918754254678, 25.8962244307759], [-80.2918354252848, 25.8954584307087], [-80.2917924256271, 25.8946114299135], [-80.2917924247288, 25.8945864298053], [-80.2916524249867, 25.8945834284343], [-80.2915574254505, 25.8945814291365], [-80.2898874249979, 25.8957964302604], [-80.2889244229285, 25.8958224305588], [-80.28880042308, 25.895827431175], [-80.288066423136, 25.8958584296571], [-80.2878634227464, 25.8958784296901], [-80.287651422136, 25.8907944284319], [-80.2876354222425, 25.8900114275299], [-80.2876154230493, 25.8899234267024], [-80.2873894212969, 25.8844614250615], [-80.2873584213347, 25.8836934251504], [-80.2872754214941, 25.8813314230569], [-80.2859544201227, 25.8813634226817], [-80.28517041995, 25.8813804242721], [-80.2843854208508, 25.8814104235545], [-80.283556419574, 25.8814334236997], [-80.2813284180063, 25.8814914235188], [-80.2791364164237, 25.881550423877], [-80.2770654161132, 25.8815864240947], [-80.2750324145392, 25.8816464241638], [-80.2743124139406, 25.8816764241869], [-80.2730914130267, 25.8817054236362], [-80.2711874122224, 25.8817574239687], [-80.2691994117526, 25.8818034249277], [-80.2672024092653, 25.8818494234441], [-80.2641904075249, 25.8819324242357], [-80.2630564075479, 25.8820304245306], [-80.2622064081514, 25.8820314242858], [-80.2605324057043, 25.8820374244331], [-80.2604664064803, 25.8820384241882], [-80.2604254055741, 25.8820394239433], [-80.2603804062666, 25.8820414250699], [-80.2594364053621, 25.8820694238666], [-80.2593644062903, 25.8803634232361], [-80.2592384049953, 25.8743484211859], [-80.2592214052769, 25.8727814209481], [-80.2591854052919, 25.8729034207756], [-80.2590604047201, 25.8708084194232], [-80.2590574034488, 25.8707114193678], [-80.2600534051301, 25.8706784186225], [-80.2600954049629, 25.8706774187712], [-80.2600934053131, 25.8705794187562], [-80.2600834061657, 25.8700614190583], [-80.2600634051759, 25.8690254176994], [-80.2600554047799, 25.868676418136], [-80.260022405168, 25.8682094173277], [-80.2600094056475, 25.8674624175061], [-80.2599804053352, 25.8657584166734], [-80.2599594045205, 25.8649494156732], [-80.2598754048549, 25.8601634138199], [-80.2598494040173, 25.8586534119654], [-80.2598334050221, 25.857931412161], [-80.2598164053037, 25.8566774115082], [-80.2598164035071, 25.8566354119639], [-80.259799404687, 25.8558664114539], [-80.2597564041309, 25.855533411507], [-80.2597464049835, 25.8553914111133], [-80.2597094042753, 25.8528474104597], [-80.2596814037879, 25.8516104094545], [-80.2596674035441, 25.8508914087341], [-80.2596854039858, 25.8504204087089], [-80.2597004040544, 25.8500454085163], [-80.2596964029581, 25.8499684081204], [-80.2596484032775, 25.8482354077674], [-80.2596234040615, 25.8473134074929], [-80.2595994046704, 25.8464594062929], [-80.2596014043202, 25.8462774080631], [-80.2596104036427, 25.8461144066344], [-80.259633403209, 25.8459614063935], [-80.2596204036885, 25.8455074064211], [-80.2596194038636, 25.8454874067526], [-80.2598184040552, 25.8454874059442], [-80.2601174038059, 25.8454374059498], [-80.2621524059281, 25.8453824056081], [-80.2641884060785, 25.8453044061528], [-80.2661864065941, 25.8452384058272], [-80.2661854067692, 25.84521040558], [-80.2661404065633, 25.8443324068227], [-80.2661254064947, 25.843396404081], [-80.2660604070957, 25.8424914048021], [-80.2660154068898, 25.8419764043861], [-80.26601340724, 25.8419394041349], [-80.2660154068898, 25.8414834038907], [-80.2659884071256, 25.840658404078], [-80.2659434060215, 25.8397154030063], [-80.2659254064781, 25.8388064025742], [-80.2659044065617, 25.838416402508], [-80.2658994065389, 25.8383354013193], [-80.2658764069727, 25.8378844023807], [-80.2668864079994, 25.837842401822], [-80.2670324075893, 25.8377974024773], [-80.267309408497, 25.8377374019769], [-80.2676004087502, 25.8376484008957], [-80.2678314078305, 25.8376374018839], [-80.269476409067, 25.8375674007982], [-80.269852409709, 25.8375614016273], [-80.2718574107956, 25.8375114015169], [-80.2738694106565, 25.8374414019738], [-80.2758764122913, 25.8373844016915], [-80.2778824141011, 25.837317401665], [-80.2798944139621, 25.8372634009161], [-80.2819034161449, 25.8372094009511], [-80.2839064175817, 25.8371344013631], [-80.2859104188434, 25.8370654009239], [-80.2869984187897, 25.8370224007471], [-80.2879054189859, 25.836987400836], [-80.2879484186437, 25.8379074012944], [-80.2879714209048, 25.8388184007896], [-80.2880144205625, 25.8397214020681], [-80.2880284190096, 25.8406394020781], [-80.2880284208062, 25.8406584016525], [-80.2888324201721, 25.8406364025705], [-80.2899594204764, 25.8405924027772], [-80.2900384219157, 25.8411764032576], [-80.2901384214748, 25.8411734029551], [-80.2910004223636, 25.8411464018467], [-80.2918384229629, 25.8411194023492], [-80.2927394233114, 25.8410914019355], [-80.2935584227458, 25.8410654025271], [-80.2940484231906, 25.841050402617], [-80.2945244233916, 25.841030402195], [-80.2952554247591, 25.8410104025781], [-80.2972574254727, 25.8409414019739], [-80.2980834254781, 25.840919402136], [-80.2987774261374, 25.8408964021909], [-80.301186427455, 25.8408184022031], [-80.3019404283887, 25.8407934020302], [-80.3021124279179, 25.840780402294]]]}, "properties": {"district": 4, "board_member": "Ms. Perla Tabares Hantman, Chair"}}, {"type": "Feature", "id": 7, "geometry": {"type": "Polygon", "coordinates": [[[-80.1843313600511, 25.8409944074097], [-80.184332359876, 25.8412144078903], [-80.1843673600361, 25.8417024082166], [-80.1843943598003, 25.8421644073629], [-80.1844123602419, 25.8425064077633], [-80.184430358887, 25.8432204081073], [-80.1844613597474, 25.8435524078819], [-80.1844573595495, 25.8440954092308], [-80.1845293604178, 25.844980408611], [-80.1845493605093, 25.8458144103666], [-80.1845833590478, 25.8464274109599], [-80.184585359596, 25.8465294093932], [-80.1845863603192, 25.8466324094102], [-80.184588359969, 25.8471184099205], [-80.1845963594666, 25.847362410688], [-80.1846223603042, 25.8478474105796], [-80.1846623595889, 25.8486894110118], [-80.184701359947, 25.8494234110355], [-80.184729359536, 25.8501584113791], [-80.1847273607845, 25.8508574129453], [-80.1847743597419, 25.8515324116813], [-80.1833233586741, 25.8516174135844], [-80.181750358306, 25.8516514123883], [-80.1810223582098, 25.8523084137489], [-80.1801733577399, 25.8530884131496], [-80.1798933573574, 25.8530464131388], [-80.1796533571579, 25.8530514131409], [-80.1796583580791, 25.8533594136689], [-80.1796613575538, 25.8535554130727], [-80.1796653577518, 25.8536904132815], [-80.1796673582999, 25.8537474145989], [-80.1794603577124, 25.8537454146099], [-80.1792093576422, 25.853971413156], [-80.1789283565365, 25.854241413278], [-80.1784013562818, 25.8545584146373], [-80.1778203564988, 25.8548784142931], [-80.1772753567008, 25.8551814141921], [-80.1768273560888, 25.855412414746], [-80.1767303560044, 25.8554304152007], [-80.1767533546723, 25.8559364146443], [-80.1767633556164, 25.8561364153322], [-80.1768253555406, 25.8573064158512], [-80.1768503547567, 25.8578644164979], [-80.1769093561045, 25.8586594165335], [-80.1769373556936, 25.85916341681], [-80.1769613568814, 25.8595914175196], [-80.1769923559452, 25.8602594169355], [-80.1770133558616, 25.8605344169329], [-80.1770213562575, 25.8610224183721], [-80.1770223560824, 25.861161417865], [-80.1770423561739, 25.861371418714], [-80.1770763556108, 25.861967417536], [-80.1771273556644, 25.8626544181568], [-80.1771523557788, 25.8629964191162], [-80.1771913561368, 25.8640344189886], [-80.1788113581573, 25.8639944186407], [-80.1791023575121, 25.8639804199303], [-80.1789443582267, 25.8641704192621], [-80.1786483570524, 25.8645754186264], [-80.1783823569135, 25.8648934188491], [-80.17822235708, 25.8650834191381], [-80.1779553571163, 25.8654084204984], [-80.1776903568024, 25.8657484201689], [-80.177297356442, 25.8662424196208], [-80.1769803562496, 25.8666194199403], [-80.1762143565186, 25.8675894214046], [-80.1759913560376, 25.867863421446], [-80.1757403559674, 25.8681994218389], [-80.1754063551583, 25.8685844221417], [-80.1746953556789, 25.8694674219804], [-80.1737863540361, 25.8704654226283], [-80.1735313546663, 25.8708494237807], [-80.1731463547018, 25.8713224229291], [-80.1729973538406, 25.8715044222097], [-80.1725913548581, 25.8720034234711], [-80.1722843538131, 25.8723764230359], [-80.1719353538336, 25.8728314231187], [-80.1711553538589, 25.8737724247327], [-80.1702993537163, 25.8748244243638], [-80.1694913514576, 25.8758764251335], [-80.1689593520783, 25.8765124261284], [-80.1687413525184, 25.8767414249937], [-80.168273351815, 25.8775914256701], [-80.1679253525587, 25.8784544271401], [-80.1678873529239, 25.8785274268122], [-80.16764135108, 25.8790194266142], [-80.1674163518474, 25.8795314279775], [-80.1673683512685, 25.8796364278849], [-80.1670653513198, 25.8803074272519], [-80.1669963508245, 25.8804694278298], [-80.1667643510209, 25.8810184279112], [-80.1667393509065, 25.8810724280728], [-80.1666313518498, 25.881307428788], [-80.1665483511108, 25.881510428651], [-80.166488349938, 25.88165842773], [-80.1660523517166, 25.8826504287171], [-80.1655713505943, 25.8837824287455], [-80.1655483510281, 25.8838374298077], [-80.1655423493837, 25.8838564297132], [-80.1654113507608, 25.8841984291049], [-80.1650353501188, 25.8852454301733], [-80.164888350704, 25.8857614301075], [-80.1648363499272, 25.8858864302424], [-80.1647003503831, 25.886217431687], [-80.1646063497734, 25.88655543103], [-80.1645533509683, 25.8867464309458], [-80.1643143496954, 25.8875424319348], [-80.1643073491244, 25.8875634322771], [-80.1640173495944, 25.8884854313079], [-80.1637333499123, 25.8894174329954], [-80.1636233503074, 25.8897434325563], [-80.1632903493232, 25.8907364331825], [-80.1630323495803, 25.8916714330901], [-80.1627823502334, 25.8925944344522], [-80.1625213501175, 25.8934914342556], [-80.1624433502997, 25.8937514347865], [-80.1616513488328, 25.8963654366005], [-80.1609403484551, 25.8986714366954], [-80.1608743492312, 25.8988744374084], [-80.1605953486736, 25.8997744383973], [-80.1605443477217, 25.8999414385629], [-80.1603903486344, 25.9005284378937], [-80.1603063489689, 25.9007814386761], [-80.1600863488608, 25.9015254382615], [-80.1599573480911, 25.9019474390648], [-80.1597493485769, 25.902626438365], [-80.1593553483916, 25.9039654398896], [-80.1592303487182, 25.9042724398198], [-80.1588623475738, 25.9055794409238], [-80.1587263480297, 25.9060414408195], [-80.15859734726, 25.9064274417271], [-80.158499348249, 25.906770441524], [-80.1583423478902, 25.9072634419374], [-80.1583393475171, 25.9072744409332], [-80.1582453469074, 25.9075654428628], [-80.1582083479959, 25.9076824421868], [-80.1581983479501, 25.9077214419356], [-80.1581563463207, 25.9078784427625], [-80.1580863468988, 25.9081434423923], [-80.1579623470502, 25.9085904425257], [-80.1579523479028, 25.9086264425766], [-80.1577213470258, 25.9093654427428], [-80.1577153480763, 25.9093854429103], [-80.1573923471378, 25.9104914431808], [-80.1571903474714, 25.9117234441376], [-80.1569383475764, 25.9132234447759], [-80.1569183465866, 25.9133454456328], [-80.157086346816, 25.9133444445269], [-80.1568023471339, 25.9148454458395], [-80.1568193468523, 25.9150814458456], [-80.1573603464524, 25.9150624453114], [-80.1575613480905, 25.915049446475], [-80.1577323477947, 25.9150444458656], [-80.1576623474745, 25.9152864455463], [-80.1576053484714, 25.9154674470629], [-80.1574343469706, 25.9160084461632], [-80.1572453468247, 25.916611446623], [-80.1570373482089, 25.9166174466281], [-80.1566733463642, 25.9177974476332], [-80.1565183474518, 25.9183014475883], [-80.1563983460046, 25.9186924476067], [-80.1561093471979, 25.9195574479765], [-80.1561013468019, 25.9195744481042], [-80.1560123471135, 25.9199494489191], [-80.1559353471206, 25.9201944489472], [-80.1557903473557, 25.9206564489539], [-80.1558853468919, 25.9206544484821], [-80.1559773469534, 25.9206524480103], [-80.1557993466782, 25.9212224486069], [-80.1548273461846, 25.9243134509788], [-80.1545463468755, 25.9252074513761], [-80.1542553466224, 25.9261334518661], [-80.153905346818, 25.9272504529427], [-80.1534313462668, 25.9287574535212], [-80.1532413453976, 25.9287954525957], [-80.1528213461714, 25.9288354527988], [-80.1527613449986, 25.9290134532148], [-80.1527003448992, 25.9291904531985], [-80.1531333454426, 25.9291824526983], [-80.1531503451611, 25.9291714533225], [-80.153190345344, 25.9291274533854], [-80.1532523461666, 25.9290824532674], [-80.1533093451697, 25.9290724532389], [-80.1533283454363, 25.9290854537605], [-80.1530523452518, 25.9299594544089], [-80.1525163456746, 25.9316644543759], [-80.1515843444656, 25.9346294557673], [-80.1515373446099, 25.9347744557226], [-80.15195234561, 25.9347464565084], [-80.1515123453939, 25.9356794571213], [-80.1514923453024, 25.935739456339], [-80.1509903451621, 25.93726645769], [-80.1508633449405, 25.9377304580039], [-80.1511253457796, 25.9377024578766], [-80.1513113446541, 25.9376914568727], [-80.1515003448, 25.9376824576662], [-80.1519713458765, 25.9376514580604], [-80.1543423475593, 25.9375094578856], [-80.156256347511, 25.9373404566125], [-80.1564553477027, 25.9412174586717], [-80.1564953478856, 25.9418464592455], [-80.1565153479771, 25.9427314594655], [-80.1565543483352, 25.943600460456], [-80.1565713489519, 25.9440524604125], [-80.1565893484953, 25.9444844603864], [-80.1566883482295, 25.9462904620431], [-80.1567033491964, 25.9467564615694], [-80.1567313487855, 25.9471664618878], [-80.1567603490978, 25.9476674630301], [-80.1567773497145, 25.9479824614572], [-80.156797349806, 25.9483444631299], [-80.1568103493265, 25.9486734629505], [-80.1568213500955, 25.9489374629496], [-80.1569693493351, 25.9510844634684], [-80.1569933487263, 25.9514284649461], [-80.1569693493351, 25.9517674647521], [-80.1569683486119, 25.9517864642144], [-80.1569613498375, 25.9519954653664], [-80.1569823497539, 25.9526194650871], [-80.157090349709, 25.9542074659166], [-80.1571003497547, 25.9543534659491], [-80.1571133501735, 25.9545254652681], [-80.1571213487728, 25.9546274664174], [-80.1571213487728, 25.9546384658392], [-80.1571393501127, 25.9553704662463], [-80.1571663498769, 25.9559354663839], [-80.1572373500221, 25.9574084676367], [-80.1573463507003, 25.9594324681603], [-80.1578353504219, 25.9594194677577], [-80.1582843499605, 25.959408467975], [-80.1595003508515, 25.9593804681564], [-80.1603323516031, 25.9593594676823], [-80.1611693514792, 25.959337467297], [-80.1612683521117, 25.961078468589], [-80.1613063517465, 25.9611944698126], [-80.1613793524398, 25.961457468494], [-80.161629352685, 25.9618914689852], [-80.1618883531511, 25.9622654700896], [-80.1620363523908, 25.9626394700053], [-80.1620423531369, 25.9630714696161], [-80.1626603536282, 25.9631004692396], [-80.163301354584, 25.963227469512], [-80.1639413539183, 25.9634214708336], [-80.1643413539514, 25.9635644695131], [-80.1647303541138, 25.9637224709188], [-80.1656433559545, 25.9640044703242], [-80.1658803548827, 25.9640514713708], [-80.1662353547099, 25.9641624703314], [-80.1666143548266, 25.9642534702597], [-80.1668143548431, 25.9643014702645], [-80.1677253552374, 25.9644574709526], [-80.1683063559187, 25.9645414708026], [-80.1688613566608, 25.9645684695302], [-80.1701423569509, 25.9646294700427], [-80.1706353568704, 25.9646544698331], [-80.1711153581678, 25.9646654699331], [-80.1725133586338, 25.9647024696744], [-80.1733433597355, 25.9647894705482], [-80.174175360487, 25.9649074710642], [-80.1742903601147, 25.9649084709244], [-80.1743043594601, 25.9656824707666], [-80.1743283606479, 25.9664654706004], [-80.1743433598182, 25.9666994716931], [-80.1743423599933, 25.966809471542], [-80.1743413601684, 25.9668934721356], [-80.1743023607086, 25.9669804713892], [-80.1742693601983, 25.967024470913], [-80.1742243590942, 25.9670474713183], [-80.1741263600832, 25.9670544710194], [-80.1738223603096, 25.9670544710194], [-80.1737493596163, 25.9670604708782], [-80.1736903609634, 25.9670824714348], [-80.1736603590296, 25.9671044719873], [-80.1736383592883, 25.9671454711337], [-80.1736273594176, 25.9671774716986], [-80.1736363596385, 25.9672194714677], [-80.1736793592962, 25.9673054714481], [-80.1737423590454, 25.9673974720149], [-80.1738683612387, 25.9675314721675], [-80.1740223612245, 25.9676554721848], [-80.1741023606921, 25.9677004712925], [-80.1741703595658, 25.9677244714019], [-80.1742413606093, 25.9677314710627], [-80.1743673601076, 25.9677314718703], [-80.1744423595524, 25.9699264729155], [-80.1745393614334, 25.9726914744325], [-80.1745393614334, 25.9732544741964], [-80.1746233602007, 25.9733964748646], [-80.1747113609625, 25.9734194748315], [-80.1786373625718, 25.9733454751675], [-80.1786533624653, 25.9734794741975], [-80.1745353612354, 25.9735554749656], [-80.1745033596517, 25.973573474354], [-80.1744933614026, 25.9735754747346], [-80.1744703600398, 25.9735784749015], [-80.174435360778, 25.9735784749015], [-80.1744133610367, 25.9735784749015], [-80.1743973611432, 25.9735784757091], [-80.1743503603892, 25.9735784757091], [-80.1743353603206, 25.9735784749015], [-80.1742893602898, 25.9735784749015], [-80.1741543596723, 25.9735784749015], [-80.1741093603647, 25.9735784749015], [-80.1740353598466, 25.9735784749015], [-80.1739733599223, 25.9735784757091], [-80.173875360013, 25.9735794754955], [-80.1731763593309, 25.9735864748079], [-80.1729433597024, 25.973589474167], [-80.1716503588184, 25.9735884751882], [-80.1677713570648, 25.9735884751882], [-80.1664793560057, 25.9735884743806], [-80.166328356393, 25.9736284747115], [-80.1662323561335, 25.9736554745839], [-80.1659863551879, 25.9737224755565], [-80.1659463550049, 25.9737334756161], [-80.1659153550428, 25.973742475297], [-80.1657293561682, 25.9737924758449], [-80.1655943555507, 25.9738344756748], [-80.1653973550089, 25.9738964760117], [-80.1651813550988, 25.9738944756367], [-80.1650413553568, 25.9738944756367], [-80.1644933542874, 25.973910475406], [-80.1628493537741, 25.9739584755084], [-80.1623023534279, 25.9739754758596], [-80.1618963535471, 25.9739864758956], [-80.1606793528311, 25.974021474755], [-80.1602743527751, 25.9740334753768], [-80.1598653516229, 25.9740434764325], [-80.1586393515844, 25.9740744753385], [-80.1582313520537, 25.9740854753652], [-80.1581223504771, 25.9740884755192], [-80.1577983515103, 25.9740964761985], [-80.157690350657, 25.9741004761341], [-80.1575893503746, 25.9741034754801], [-80.1574393505868, 25.9741074754155], [-80.1573373504796, 25.9741094749794], [-80.1565833495458, 25.9741294754617], [-80.156332350374, 25.9741374769458], [-80.1563093490112, 25.9741374761382], [-80.1562403503125, 25.9741394765092], [-80.1562183496729, 25.9741404762908], [-80.1560323499, 25.9741454760066], [-80.155476349333, 25.9741604751527], [-80.1552913484868, 25.9741664762642], [-80.1550763493, 25.9741724757603], [-80.1544313490445, 25.9741904758619], [-80.1542163489593, 25.9741964761643], [-80.1541243488978, 25.974200475289], [-80.1538513490864, 25.9742114761115], [-80.1537603488498, 25.9742164766318], [-80.1535413476684, 25.9742254762758], [-80.1528863482655, 25.9742544763801], [-80.1526683478073, 25.9742644758018], [-80.1525823466952, 25.9742654763899], [-80.1523273473254, 25.9742684757317], [-80.1522423478349, 25.974270476908], [-80.1521823475605, 25.974271475881], [-80.1521423482758, 25.9742714766885], [-80.1521223481843, 25.9742724764691], [-80.1519333462418, 25.9742754766183], [-80.1518433476268, 25.9742764763988], [-80.1517443469942, 25.9742784767673], [-80.1514413461472, 25.9742914763357], [-80.1505333470243, 25.9743294760598], [-80.1502313469005, 25.97434347621], [-80.1502113459107, 25.97434347621], [-80.1501543460093, 25.9743454757699], [-80.1501353457427, 25.9743464763574], [-80.1497213454659, 25.9743604756981], [-80.1484813442854, 25.9744014755458], [-80.1480683456302, 25.9744164770819], [-80.1480253459725, 25.9744054762786], [-80.1479083448983, 25.9744164762743], [-80.1478693436419, 25.9744174768612], [-80.1478293461539, 25.974415476495], [-80.1477823453999, 25.9744134769364], [-80.1476433445844, 25.974407476645], [-80.1475973445536, 25.974406476058], [-80.1475753448124, 25.9744054762786], [-80.1469213452344, 25.9744344763386], [-80.1462603432887, 25.9744654767567], [-80.1461203453433, 25.9744714762376], [-80.1459963445964, 25.9744764767468], [-80.1459543438653, 25.9744784763044], [-80.1456273436272, 25.9744794760832], [-80.1447283438268, 25.9744814756408], [-80.1444783435815, 25.974503475617], [-80.1438543432425, 25.9745064757603], [-80.1436803422669, 25.9745134758251], [-80.1435063430879, 25.9745204758894], [-80.1421303423632, 25.9746854763636], [-80.1340543361437, 25.9748754774548], [-80.1339873370949, 25.974877476198], [-80.1338723374672, 25.9748774770056], [-80.133867336546, 25.9741194768361], [-80.1331583367164, 25.9741294762693], [-80.1304163353128, 25.9742364770959], [-80.1280803337901, 25.9743284778949], [-80.1238793309229, 25.9744934770232], [-80.123835330542, 25.9745614772965], [-80.1237943305341, 25.9746254784204], [-80.1237933307091, 25.974636477588], [-80.1237713300695, 25.9748994777153], [-80.1237563308992, 25.9750904782344], [-80.1234863314608, 25.9751014773585], [-80.1233143310334, 25.9751124780967], [-80.1229543311832, 25.9751154782245], [-80.1228283298882, 25.9751184775445], [-80.1225643293993, 25.9751254775729], [-80.1222153312165, 25.9751354785357], [-80.1214933300698, 25.9751544782629], [-80.1212483298474, 25.9751614774815], [-80.1208503294641, 25.975173477987], [-80.1198343285896, 25.9752014780849], [-80.1195733284736, 25.9752064777556], [-80.1194703294398, 25.9752094786885], [-80.1190053282111, 25.975221477574], [-80.1180863283192, 25.9752514788201], [-80.1161503268296, 25.9753134792175], [-80.1160183265851, 25.9753234785491], [-80.1152993258115, 25.9753274784431], [-80.1137863257178, 25.9753704783037], [-80.1127103245688, 25.9754114786068], [-80.0639522961111, 25.9767884812746], [-80.0628982956017, 25.9768184805058], [-80.0629952956861, 25.9762794808234], [-80.0630552950622, 25.9758994804479], [-80.0631652946671, 25.9753394813543], [-80.0632332962358, 25.9749804796689], [-80.0633552964345, 25.9744094802417], [-80.063325295399, 25.9742194800127], [-80.0631752956111, 25.9730994801188], [-80.0631052952909, 25.9725394789989], [-80.063035295869, 25.971789479134], [-80.062985294742, 25.9712294782376], [-80.0629752955946, 25.9710394785247], [-80.062945294559, 25.9704794772881], [-80.0628952952286, 25.9699094776323], [-80.0628652941931, 25.9689694765165], [-80.0628452941016, 25.9680294767731], [-80.0628452949999, 25.9674694765518], [-80.0628552950457, 25.9667094766028], [-80.0629952947877, 25.9638894749701], [-80.0631052952909, 25.9627694744485], [-80.0630352949707, 25.9605294737306], [-80.0630752942554, 25.9567594708403], [-80.0631352936315, 25.9535694703775], [-80.0632352949873, 25.9511394678766], [-80.063415294014, 25.949079467924], [-80.0636952943965, 25.9470194666623], [-80.063895294413, 25.945909464957], [-80.0640352941551, 25.9451594658063], [-80.0640752934398, 25.9437894640409], [-80.0641252945668, 25.9421194637248], [-80.0641852948412, 25.9411894626045], [-80.0642152949785, 25.940819463461], [-80.0640952944295, 25.9400694625919], [-80.0638552933317, 25.9389494616231], [-80.0634952934816, 25.936879460712], [-80.0631652928704, 25.934239460267], [-80.0630152939809, 25.9319594588745], [-80.0629752937979, 25.9294794572697], [-80.0630352940724, 25.9275794559378], [-80.0631952930076, 25.9254894549638], [-80.0634852934359, 25.9232194544646], [-80.0638772930731, 25.9210234525445], [-80.0639952930738, 25.9204094526417], [-80.0642552933648, 25.9192894522459], [-80.0645452919964, 25.9181794502431], [-80.0646952935809, 25.9176194504783], [-80.0648552943128, 25.9170694515254], [-80.0650752926242, 25.9163394503776], [-80.0652182936376, 25.9159004511216], [-80.0653512928087, 25.9154954500493], [-80.0654352933726, 25.9152394492764], [-80.0651722936069, 25.9142454493393], [-80.0649152927906, 25.913219448428], [-80.0646052931692, 25.9117394483153], [-80.0643152918426, 25.9100594478674], [-80.0641252927702, 25.9087494461018], [-80.0640352923585, 25.9080094465813], [-80.0638852916724, 25.906309444841], [-80.0637852921133, 25.9046094452668], [-80.0637652929201, 25.9032894445968], [-80.0637852921133, 25.9015894427161], [-80.0638852925707, 25.8997094422417], [-80.0640352914602, 25.8980094404986], [-80.0642352923751, 25.8964894404202], [-80.0644052931527, 25.895379439611], [-80.0646452915556, 25.894079438655], [-80.0648852926534, 25.892959438757], [-80.065095293614, 25.8921224385457], [-80.0652952927322, 25.8912994375715], [-80.0654452925201, 25.8907494371223], [-80.0654952927488, 25.8905694369624], [-80.0656052923536, 25.890199436535], [-80.0655752922164, 25.8898294365642], [-80.0655052918962, 25.8888994367152], [-80.065485292703, 25.8883394361485], [-80.0654452925201, 25.8872194351279], [-80.065435291576, 25.8866594362904], [-80.0654352924743, 25.8859094351731], [-80.0654552925658, 25.8851594341407], [-80.0654752926573, 25.8844194345844], [-80.0655052918962, 25.8838594337815], [-80.0655352920334, 25.8832994343637], [-80.0655952923078, 25.8825494329173], [-80.0656452916382, 25.8819894329445], [-80.0656952927653, 25.8814394327677], [-80.0657252920042, 25.8812494321113], [-80.0656752917754, 25.880889432454], [-80.0655352920334, 25.879809431747], [-80.0653852913472, 25.8790694318019], [-80.0652452925035, 25.8783294312615], [-80.0650852917716, 25.8773994305498], [-80.0649552902786, 25.876469430598], [-80.0648352915263, 25.8755394297899], [-80.0647352910689, 25.8745894293393], [-80.064655290703, 25.8736594290871], [-80.0645952913268, 25.8727194288318], [-80.0645552911439, 25.8719594288839], [-80.0645452901998, 25.8712094281732], [-80.0645252910066, 25.8706494269736], [-80.0645452910981, 25.8695194268924], [-80.0645552902455, 25.8687594265676], [-80.064575290337, 25.8681994266887], [-80.0646052913725, 25.8676394257725], [-80.0645852912811, 25.8672594258334], [-80.0644552906864, 25.8665194248699], [-80.0643452901832, 25.8657694243864], [-80.0642252905326, 25.8648394250332], [-80.0641152909278, 25.863899424934], [-80.0640352905618, 25.8629694229905], [-80.0639852894348, 25.8622094225744], [-80.0639452901502, 25.8618294229588], [-80.0639452901502, 25.8614494229298], [-80.0639152900129, 25.8608794230208], [-80.063795289464, 25.8603294223748], [-80.0636752898134, 25.8597694221595], [-80.063535289173, 25.859019421685], [-80.0634652897511, 25.8586494210454], [-80.063315289065, 25.8577094202201], [-80.0632752897803, 25.8574274211827], [-80.063235288699, 25.8571494205272], [-80.0631552892314, 25.8565894197984], [-80.0630752897638, 25.8560294204588], [-80.0630052894436, 25.8552694198842], [-80.0629552892149, 25.8546994192786], [-80.0628852888947, 25.8537594193828], [-80.0628252886202, 25.8526294170729], [-80.0627952893813, 25.8518694180876], [-80.0627952893813, 25.8507294177268], [-80.062805289427, 25.8495994163734], [-80.0628552878591, 25.848279416036], [-80.0628952880421, 25.8477094156902], [-80.0629652892606, 25.8467694152041], [-80.063055288774, 25.8458194155252], [-80.0631252890942, 25.8452594144972], [-80.063275288882, 25.8441294150479], [-80.0633952894309, 25.8433794131954], [-80.0635552892645, 25.8424494123466], [-80.0636552888236, 25.8418894131511], [-80.0637852885199, 25.8413294129216], [-80.0639052890689, 25.8407694124668], [-80.0640352878669, 25.8402194128761], [-80.0641652893598, 25.8396594128267], [-80.064265288919, 25.8392994117995], [-80.0642552888732, 25.8389194113235], [-80.0642052886445, 25.8381794100431], [-80.064185288553, 25.8372294109127], [-80.064185288553, 25.8364894087651], [-80.0641952894971, 25.8355594095444], [-80.0642052886445, 25.8349994084616], [-80.0642552888732, 25.8342494101802], [-80.0642852881121, 25.8335094079935], [-80.0644152887068, 25.8320194073624], [-80.0645152882659, 25.8310894077816], [-80.064655288008, 25.8293994063228], [-80.0647752876586, 25.8278894054826], [-80.0648952891058, 25.8267694048996], [-80.0649552893802, 25.8256394051456], [-80.0649352892888, 25.8246994047889], [-80.0649452884362, 25.8237594034376], [-80.0649952895632, 25.8220694032618], [-80.0651252883613, 25.820379401606], [-80.0652352879661, 25.8192594011386], [-80.0653752886065, 25.8180394001134], [-80.0654652890182, 25.8165293999461], [-80.065565287679, 25.8153893995546], [-80.0657652876955, 25.8136993971848], [-80.0659452885189, 25.8125793982395], [-80.0661452885355, 25.811469397075], [-80.0663252893588, 25.810529396647], [-80.0664952892381, 25.809789395812], [-80.066525288477, 25.808649396059], [-80.0665552886143, 25.8071293952298], [-80.0666152888887, 25.8058093943322], [-80.0667552886308, 25.804099393399], [-80.0669652886931, 25.8023993931013], [-80.0672352890298, 25.8007093922542], [-80.0674852892751, 25.7993993915088], [-80.0678252890337, 25.7979293907816], [-80.0681552887466, 25.7966193892361], [-80.0685252895408, 25.7953393894738], [-80.0689952889958, 25.7938793878857], [-80.0694452901559, 25.792609387914], [-80.0695852889996, 25.7922593872947], [-80.0698652902804, 25.7915393863075], [-80.0700852894901, 25.7908093870102], [-80.0702952904507, 25.7898893862589], [-80.0704752912741, 25.7891593857005], [-80.0706252901636, 25.7886093858237], [-80.0707252897227, 25.7882393858978], [-80.0709252906376, 25.7875093848879], [-80.0712052892234, 25.7866093843274], [-80.0715652908702, 25.7855293843454], [-80.0717452916935, 25.7844093828736], [-80.0719552908575, 25.7832893821498], [-80.0721252898385, 25.7825493827303], [-80.0723352916974, 25.7816293818022], [-80.0723952901752, 25.7810793817871], [-80.072455291348, 25.7805393804973], [-80.0725552909071, 25.7798193811553], [-80.0726252912273, 25.779289380364], [-80.0725552900088, 25.7785793797295], [-80.0722752896263, 25.7778793795812], [-80.0717652899884, 25.7764893790268], [-80.0712452894064, 25.7748593777738], [-80.0709152887952, 25.7737593779463], [-80.0704852895232, 25.7720993777278], [-80.0701252887747, 25.7704193759208], [-80.0697952881635, 25.7685493758201], [-80.0695852881013, 25.7670393738005], [-80.0694352883135, 25.7657193739843], [-80.0693352887543, 25.7643893730339], [-80.0692852885256, 25.7634393720154], [-80.0692452874443, 25.7617293725447], [-80.0692752875816, 25.7598293713043], [-80.0693352887543, 25.7585093706065], [-80.0694352883135, 25.7573693697791], [-80.0696252882843, 25.7556693687838], [-80.0699052877684, 25.7537893674448], [-80.070115288729, 25.7526593670045], [-80.0702882889814, 25.7518113666756], [-80.0706152883212, 25.7504293663486], [-80.0711152879134, 25.7485893650995], [-80.0719452881168, 25.746039364214], [-80.0724852896886, 25.7445993625793], [-80.0731552900584, 25.7429993624109], [-80.0738852889061, 25.7414193619786], [-80.0746652897791, 25.7398693603103], [-80.075515290074, 25.7383393602254], [-80.0761052900778, 25.7373393585169], [-80.0771452912418, 25.7356893575336], [-80.0779252912165, 25.7345593581132], [-80.0787252930793, 25.7334493576266], [-80.0798052926297, 25.7320493559749], [-80.0808152927581, 25.730829355369], [-80.0815952927328, 25.7299393546771], [-80.0828052946744, 25.7286293544594], [-80.0844952952184, 25.7269493544124], [-80.0864152950179, 25.7251993522213], [-80.0882652971921, 25.723669351079], [-80.0917852989203, 25.7211193504848], [-80.1093113097392, 25.7333983546738], [-80.1247723200954, 25.743223359977], [-80.1313723233362, 25.7476863612282], [-80.1325433249198, 25.7485563626837], [-80.1333953239661, 25.7447393604361], [-80.1350913261546, 25.741039358413], [-80.1355463255409, 25.7404523584955], [-80.1374903256298, 25.7388693577194], [-80.1379973275897, 25.7384743565746], [-80.1390873271857, 25.7378943564582], [-80.1402113280153, 25.7373653564021], [-80.1415693291967, 25.7367723567235], [-80.142374330184, 25.7367453561083], [-80.1426743288613, 25.7367353559987], [-80.14442233003, 25.7354313557063], [-80.1459633315094, 25.7346283542889], [-80.1466343317041, 25.7343253544244], [-80.146935332003, 25.7342113550125], [-80.1481823337546, 25.7337423545074], [-80.1485813330644, 25.7336523536449], [-80.1490023330139, 25.7332533529661], [-80.1510273350903, 25.7320673533204], [-80.152804335673, 25.7312013525981], [-80.1545283356538, 25.7305273525204], [-80.1551673369598, 25.7303343526241], [-80.156660336962, 25.7313273526618], [-80.1586773395408, 25.7333233533383], [-80.1589913393602, 25.7337863535015], [-80.1591223388814, 25.7339063536918], [-80.1591973392245, 25.7339943531609], [-80.1592613387986, 25.7340863541546], [-80.1593063390045, 25.7341673537479], [-80.159351338312, 25.7343083535678], [-80.1593763393247, 25.7344533539886], [-80.1593773391496, 25.7345283546112], [-80.1593783389745, 25.734583353797], [-80.1593593396063, 25.734729354072], [-80.1593173388751, 25.734861354765], [-80.1592533384027, 25.7350273543984], [-80.1591873400771, 25.7351743551233], [-80.1590533392845, 25.7354293545294], [-80.1589183395653, 25.7356443550157], [-80.1587373398153, 25.7358893548512], [-80.158368338846, 25.7363273559904], [-80.1581223387988, 25.7366773556704], [-80.1579463381733, 25.7369723562648], [-80.1577953385606, 25.7372713559913], [-80.1577193383926, 25.7374513562135], [-80.157700338126, 25.7374953554532], [-80.1576973386513, 25.7376513554215], [-80.1576953390015, 25.7377293553289], [-80.1576903380803, 25.7379013559811], [-80.1576873377072, 25.7379923562161], [-80.157686336984, 25.7381073570181], [-80.1576813387578, 25.7386963558841], [-80.1576803389328, 25.7387903567863], [-80.1576753380117, 25.7394893574525], [-80.1576703388871, 25.739553355685], [-80.157668338339, 25.739686357642], [-80.1576973386513, 25.7396733565264], [-80.1634103426856, 25.7372383560963], [-80.1635823413164, 25.7374623556204], [-80.1636243420475, 25.7374453552125], [-80.1655593428139, 25.7391923563277], [-80.166147343168, 25.7397233574481], [-80.1663063431766, 25.7398663566342], [-80.1663153433975, 25.7399183577668], [-80.1663903446389, 25.7399993566224], [-80.1665273431096, 25.7401223566373], [-80.1665863435591, 25.7401843566689], [-80.1667213432784, 25.7402943562538], [-80.1667523441388, 25.7403333569649], [-80.1668463447485, 25.7404053566881], [-80.1669553445284, 25.7405113571226], [-80.1670453440418, 25.7405783568446], [-80.1670733445292, 25.7406083562007], [-80.1671953447279, 25.7407053576272], [-80.1672323436395, 25.7407443565851], [-80.1672843435181, 25.7407703569621], [-80.1674403431537, 25.7408993578151], [-80.1675483449053, 25.7409983584688], [-80.1676003438856, 25.7410313573197], [-80.1676803433532, 25.7410923575501], [-80.1677843440086, 25.7411953569659], [-80.1681533449779, 25.7415243573303], [-80.1682363439202, 25.7416143578959], [-80.1683883442562, 25.7417563579126], [-80.1685063451553, 25.7418403583327], [-80.1687353463824, 25.7420473575249], [-80.168874344503, 25.742152358795], [-80.1690533446031, 25.7423133573256], [-80.1693003453736, 25.7424773584392], [-80.1694843454966, 25.7426303579714], [-80.1694323456181, 25.7426783590216], [-80.169733345917, 25.743040358428], [-80.1700683456528, 25.7433403583789], [-80.1701643468105, 25.7433113582117], [-80.1705123460668, 25.7437103583001], [-80.1708903463585, 25.7439863587332], [-80.1710213458798, 25.7441223576788], [-80.1712053469011, 25.7442073589637], [-80.1717313473309, 25.7442863595322], [-80.1720403471274, 25.7442993585248], [-80.1729213482827, 25.7450693599911], [-80.1730473477811, 25.7454613591443], [-80.1732473477977, 25.7460903593145], [-80.1744743485594, 25.7472133593508], [-80.1754493503244, 25.7481673602173], [-80.1759893492012, 25.7479453599923], [-80.1758993496879, 25.7477243594327], [-80.1756933489253, 25.7475903599184], [-80.1755083498756, 25.7474573595264], [-80.1750153490578, 25.7470213591257], [-80.1744123477368, 25.7465793590125], [-80.1738503482204, 25.745978359241], [-80.173760348707, 25.7457133588418], [-80.1738193491565, 25.7455123585387], [-80.1740973489909, 25.7453513594877], [-80.17434134849, 25.7452773585139], [-80.1747773485081, 25.7457133596509], [-80.1752793495468, 25.7460083596612], [-80.1756193493054, 25.7462083598412], [-80.1760553502218, 25.7463483590386], [-80.1764623499276, 25.7465483602645], [-80.1766763501878, 25.7466813592468], [-80.1770463500837, 25.7467623591563], [-80.1776593505521, 25.7468143596984], [-80.1783803509755, 25.7467883590257], [-80.178960351832, 25.746774360217], [-80.1790263510559, 25.7467033595873], [-80.1790213519314, 25.7464893597801], [-80.1790133515354, 25.7461333593074], [-80.1790013527382, 25.7461043598219], [-80.1789663507814, 25.7460713591433], [-80.1789193518241, 25.746066359481], [-80.1824803526621, 25.7372193553189], [-80.1851733545602, 25.7305313509929], [-80.1856743539773, 25.7292873510096], [-80.1860233539567, 25.728057350355], [-80.1911753556045, 25.7098883394402], [-80.192997356393, 25.709870340357], [-80.1956313587399, 25.7098453400971], [-80.2222763746204, 25.7095883392577], [-80.2376283834, 25.7095753372794], [-80.2376923838725, 25.7095723376943], [-80.2477623895113, 25.7095303378293], [-80.248459388747, 25.7095063378999], [-80.2528143924983, 25.7093363374515], [-80.2532293926, 25.7092853379172], [-80.2535033922364, 25.7092753371172], [-80.256212394028, 25.7091833371641], [-80.2566723943355, 25.709167337165], [-80.2567483954018, 25.709165337165], [-80.2569353949996, 25.7091583367599], [-80.2570443947795, 25.7091543367595], [-80.257104395054, 25.7091683367604], [-80.2595693955498, 25.7090923367359], [-80.261008396922, 25.7090513371073], [-80.2610163973179, 25.7094923379388], [-80.2610263973636, 25.7097423369961], [-80.2610413974322, 25.7104013380645], [-80.2610613975237, 25.7111703369215], [-80.261083397265, 25.7119213385108], [-80.2611103979275, 25.7126803391711], [-80.2611393973415, 25.7133923395002], [-80.2611653972808, 25.7141543391495], [-80.2611903973951, 25.7149163403934], [-80.2612103974866, 25.7153933394626], [-80.2612163973344, 25.7156423403396], [-80.2612583980655, 25.7164943411141], [-80.2612683990096, 25.7170953402282], [-80.2612803978068, 25.7173433412535], [-80.261311397769, 25.7182223411481], [-80.261347397754, 25.7190633417603], [-80.2613753982414, 25.7199473426553], [-80.2614193986223, 25.7208013423453], [-80.2614543987824, 25.7214903429899], [-80.261466398478, 25.7217803433563], [-80.2614853978462, 25.7222213439451], [-80.2615043981128, 25.7226893442845], [-80.2615223976562, 25.7229153434743], [-80.2615573978162, 25.7236163441737], [-80.2615963990726, 25.7243603453741], [-80.2616203984638, 25.7248383440723], [-80.2594933971784, 25.7249353446098], [-80.2592963966366, 25.7249473446374], [-80.2585073955428, 25.7249923455395], [-80.2586703975461, 25.7274583464391], [-80.2576873971818, 25.7274923460626], [-80.255677395174, 25.7275593466489], [-80.2556963954406, 25.7281963464118], [-80.255728396126, 25.7288043471478], [-80.2557493960424, 25.7294053471797], [-80.2557813958294, 25.7300843482883], [-80.2558233965605, 25.7306253470227], [-80.2558473959516, 25.7309223477045], [-80.2558703955179, 25.7312983479448], [-80.2551043948886, 25.7316493488909], [-80.2546193944667, 25.7319783489751], [-80.2538973942183, 25.7326613491648], [-80.2527103945378, 25.7337533494021], [-80.2519553928809, 25.734345351002], [-80.2512553932722, 25.7348673494228], [-80.2507743921499, 25.7351813507605], [-80.2479453898094, 25.7362593512674], [-80.2459203904279, 25.7369823514993], [-80.2437953887924, 25.7377833528694], [-80.2429823883075, 25.7380623521791], [-80.2418703880718, 25.7384683531977], [-80.2411503874733, 25.7387333527617], [-80.2378473854798, 25.7399403528861], [-80.2367763843537, 25.7403353540133], [-80.2358543849871, 25.7406873543069], [-80.2353883839335, 25.7408483548224], [-80.2338473833523, 25.7414093541706], [-80.2318763826009, 25.7421263554837], [-80.2298753799157, 25.7428583551001], [-80.2258203793332, 25.7443463555554], [-80.2243593773215, 25.7448683577893], [-80.2217903761703, 25.7458323574118], [-80.221789375447, 25.7460013573791], [-80.2217883765204, 25.7460443574043], [-80.2217873766955, 25.7462303578418], [-80.2208103752807, 25.7466103577523], [-80.2202753755284, 25.7467943579366], [-80.2198353753124, 25.7469453582091], [-80.2195433752343, 25.7474373578728], [-80.219185375034, 25.7478223575568], [-80.2186963744142, 25.7481943582373], [-80.2182233745862, 25.7484913587077], [-80.2169383731998, 25.7493973590861], [-80.2161083729964, 25.749973360256], [-80.2157363734507, 25.7502203606045], [-80.2145553727197, 25.7510723603643], [-80.2141723724051, 25.7512923594994], [-80.2134403712127, 25.7517953602758], [-80.2131833712947, 25.7519703609279], [-80.2125273720669, 25.7524453609359], [-80.2116103700282, 25.7530183617817], [-80.2107983711648, 25.7535923607032], [-80.209969369888, 25.7541953624587], [-80.2090473696231, 25.7548013628331], [-80.2081933691303, 25.7553923623067], [-80.2072963689797, 25.7560243633206], [-80.2064763679238, 25.7566353632885], [-80.2056383673245, 25.7571843641309], [-80.2047933679508, 25.7577333640533], [-80.2039843667654, 25.7582863646395], [-80.2031373668436, 25.7588763645818], [-80.2023363660542, 25.7594263655627], [-80.2015133655235, 25.7599533653276], [-80.201009364835, 25.7603013650353], [-80.2006513646348, 25.7605633653326], [-80.1998803648809, 25.7611213655209], [-80.1998243639061, 25.761157365965], [-80.1996603638746, 25.7612593666245], [-80.199652364377, 25.7616553655942], [-80.1996503638288, 25.7619173661397], [-80.1996473643541, 25.7622913662748], [-80.199651364552, 25.7625343670701], [-80.199684364164, 25.7629123658803], [-80.1997293643698, 25.7633363676168], [-80.1998343648501, 25.7640363677956], [-80.1999053640969, 25.7645513680597], [-80.1999843637397, 25.7652523674789], [-80.2000023641813, 25.765426368593], [-80.2000983653391, 25.7660473679792], [-80.2001213649053, 25.7662013678166], [-80.2001803644566, 25.7666303687374], [-80.200247365302, 25.7671753690005], [-80.200247365302, 25.7674763693868], [-80.2002353647082, 25.7679183693878], [-80.2001883648525, 25.7681433692136], [-80.2001323656743, 25.768377369389], [-80.1999923650339, 25.7688753694712], [-80.1999193643406, 25.7691123703311], [-80.1998013643399, 25.7694553703996], [-80.1996233640646, 25.7698943698216], [-80.1995283645284, 25.7700763705487], [-80.1994473652358, 25.7702313707123], [-80.1993153640931, 25.7704753713216], [-80.199032364236, 25.7701883705463], [-80.1982553637361, 25.7694123707614], [-80.1976653637322, 25.7688673702532], [-80.1975133633962, 25.7688133698543], [-80.1962793629618, 25.7687163695405], [-80.1956933631559, 25.768790370471], [-80.1956463615036, 25.768790370471], [-80.1956523613513, 25.7689803704841], [-80.1956903627828, 25.7699253705652], [-80.1957163627221, 25.7705683706461], [-80.1957203620217, 25.7706983713801], [-80.195749362334, 25.7714893722858], [-80.1957733626235, 25.7718673725105], [-80.1957913621668, 25.7720623726373], [-80.1958033627607, 25.7721813723082], [-80.1958143626314, 25.7722973730487], [-80.195828362875, 25.7724313721868], [-80.1958303625249, 25.7724523719294], [-80.1958333628979, 25.7724793717085], [-80.1958453625935, 25.7725753723114], [-80.1958503635147, 25.7726163710622], [-80.1958573613907, 25.772702372046], [-80.195868363058, 25.7728353716669], [-80.1959033623198, 25.7732623723375], [-80.1959093621676, 25.7733323725926], [-80.1959223625863, 25.7735003723891], [-80.1959603631195, 25.7740913726147], [-80.1959943634547, 25.7750443728638], [-80.1960243635919, 25.7758603732443], [-80.1960663625264, 25.7769833748529], [-80.1952573622394, 25.7770053744325], [-80.1937713619099, 25.7770443744126], [-80.1920213610914, 25.7771153738872], [-80.1903583594133, 25.777156374305], [-80.1903883586522, 25.778095375852], [-80.1904293595584, 25.7789933742427], [-80.1904313601065, 25.779085375973], [-80.190444359627, 25.7793863752708], [-80.1904723601144, 25.7800323752783], [-80.19048435981, 25.7805063756382], [-80.1904863594598, 25.780536376232], [-80.1905133601223, 25.7809993767779], [-80.1905403598865, 25.7819553767277], [-80.1895503589512, 25.7820003770659], [-80.1893243598937, 25.7820103774084], [-80.1893073601753, 25.7829713786429], [-80.189303359079, 25.7833163778449], [-80.1893083600002, 25.7839253777081], [-80.1892923592083, 25.7843613776632], [-80.1892013589717, 25.7848443788552], [-80.189191358926, 25.7849353778983], [-80.1891383592225, 25.7853953789704], [-80.1891363595727, 25.7855773793767], [-80.1891323593748, 25.7856113793505], [-80.1891363595727, 25.7856443787449], [-80.1891123601816, 25.7859073786634], [-80.189086359344, 25.786060378852], [-80.1890783589481, 25.7861093798963], [-80.1890773582248, 25.7865823788666], [-80.1891113594584, 25.7870363790998], [-80.1891343590246, 25.7873723792758], [-80.1891413586973, 25.7875343793238], [-80.1891483601666, 25.7882593806767], [-80.1891193598543, 25.7890703804654], [-80.1890893597171, 25.7894733809803], [-80.189086359344, 25.7895133806336], [-80.1890833589709, 25.7895473810966], [-80.1890913593669, 25.7900053810077], [-80.1890683589023, 25.7902783814148], [-80.189046359161, 25.7905343819157], [-80.1890163599221, 25.7913753817911], [-80.1889693591682, 25.7923473823435], [-80.1890013589552, 25.7935953829617], [-80.1890203601201, 25.794844383067], [-80.1890373607368, 25.7951483842777], [-80.1890303601658, 25.7954513834131], [-80.18905735993, 25.7962033849252], [-80.1890613592296, 25.7971453842874], [-80.1890853595191, 25.7981403854181], [-80.1891093607068, 25.7991643857533], [-80.1891223602273, 25.7995633857334], [-80.1891323602731, 25.8002243868596], [-80.189122359329, 25.8009103872379], [-80.1891533601894, 25.8016273866175], [-80.1892043593447, 25.8022783873051], [-80.189248360624, 25.8028653880021], [-80.1892743596649, 25.8031763877691], [-80.1893193616674, 25.8035563881265], [-80.1893623595285, 25.804273388481], [-80.1894023597115, 25.8053873883185], [-80.1893993602367, 25.8058103890707], [-80.1894233605262, 25.806457390273], [-80.1894483615388, 25.8071143894022], [-80.18947236093, 25.807793390078], [-80.1895093607399, 25.8085893896815], [-80.1895053605419, 25.8090363911759], [-80.1895033608921, 25.8094323907761], [-80.1894813602525, 25.8101693919441], [-80.1894503611887, 25.810643391506], [-80.1893883603661, 25.811382392315], [-80.1893803608685, 25.8114733920126], [-80.1893723613709, 25.811520393171], [-80.1893483601831, 25.8116543924654], [-80.1892723609134, 25.8124533922267], [-80.189183361225, 25.8133663933937], [-80.1890853604174, 25.8140563925961], [-80.1890683615973, 25.8141803930112], [-80.1885753607794, 25.8158843937307], [-80.1881603606777, 25.8175823948192], [-80.1878403601123, 25.819117396021], [-80.1874463590286, 25.8211633966815], [-80.1873173600555, 25.8218073973303], [-80.1872393602377, 25.8221983974016], [-80.1846133582868, 25.8222723972988], [-80.1813733560425, 25.8223553970628], [-80.1813903566593, 25.8230853985215], [-80.1814353568651, 25.8238073983506], [-80.1814583573297, 25.8245613982656], [-80.1815033575355, 25.825296399427], [-80.1815213561805, 25.8257344004739], [-80.1818643572105, 25.8257754002472], [-80.1819713573407, 25.8258363997652], [-80.1820113575236, 25.8259223993371], [-80.1820373574629, 25.8260683996332], [-80.1820713568998, 25.8269574013105], [-80.1804713567674, 25.8269843999963], [-80.1807473569519, 25.8278384010723], [-80.1809033565875, 25.828606401662], [-80.1809113569835, 25.8293854010915], [-80.1808293569677, 25.8302074021058], [-80.1809183557579, 25.8305714024469], [-80.1814673557539, 25.8317234027591], [-80.1817373578872, 25.8320304028536], [-80.1829163589684, 25.8319904029997], [-80.1839333587695, 25.8319644015916], [-80.1840443581993, 25.8319614026726], [-80.1840363596, 25.8326504024994], [-80.1840553589683, 25.8329864026979], [-80.1840773587095, 25.8333464035269], [-80.1841023588239, 25.8340024029043], [-80.1841093593949, 25.8341664033933], [-80.1840953591512, 25.8350124039818], [-80.1841323589612, 25.8355924039221], [-80.1841473590298, 25.8358124047451], [-80.1841753595172, 25.8365424056846], [-80.1841953596087, 25.8369234042291], [-80.1842173584516, 25.837326405291], [-80.1842393590913, 25.8379494058725], [-80.1842503589619, 25.8381714057997], [-80.1842663588554, 25.838768405253], [-80.1842803590991, 25.8389324064131], [-80.1843003582923, 25.8396014070307], [-80.1843303593279, 25.8403194067443], [-80.1843313600511, 25.8409944074097]]]}, "properties": {"district": 3, "board_member": "Ms. Lucia Baez-Geller"}}, {"type": "Feature", "id": 8, "geometry": {"type": "Polygon", "coordinates": [[[-80.3501354503184, 25.7014393298167], [-80.3500954483388, 25.7002353281023], [-80.3500884495644, 25.6996113281994], [-80.350064449275, 25.6993573285787], [-80.3500334493128, 25.6981003280087], [-80.3500254489169, 25.6972243267021], [-80.3500054497237, 25.6970413280299], [-80.3499934491299, 25.6968253268731], [-80.3499784490612, 25.696543326437], [-80.3499794479878, 25.6963243268863], [-80.3499704486653, 25.6956553260747], [-80.349948448924, 25.6949983261714], [-80.3498944484974, 25.6945763261846], [-80.3498964490455, 25.6939273262096], [-80.3499274490076, 25.693543324993], [-80.3497904487403, 25.6934583255429], [-80.3496704481914, 25.6933913251812], [-80.3494844475202, 25.6933073245416], [-80.3491694487742, 25.6931343252445], [-80.3490614470226, 25.6930853255149], [-80.3488574477064, 25.6929663251625], [-80.3485224470723, 25.6928263254528], [-80.3482204478469, 25.6926683247038], [-80.3481454484021, 25.6926173245044], [-80.3480554479904, 25.6925723259293], [-80.3479594468326, 25.6924633248491], [-80.3478704471442, 25.6923983250189], [-80.3477334477751, 25.6923303243241], [-80.3476794464501, 25.6923123242052], [-80.3475734470432, 25.6922753250314], [-80.3474844464565, 25.6922353250147], [-80.3473564473083, 25.6921793243211], [-80.3471774463098, 25.6921163246224], [-80.3470664477783, 25.6920783248395], [-80.3472194470409, 25.6919103248868], [-80.3482424475881, 25.6907853244452], [-80.3491364473656, 25.6898433242015], [-80.3496534484729, 25.6892003229166], [-80.3496974488538, 25.6891473233243], [-80.3498114477583, 25.6890043230696], [-80.34997344814, 25.6888043230256], [-80.3503934482646, 25.6883483226731], [-80.3511284498301, 25.687503322062], [-80.3507744498278, 25.6874913231158], [-80.349714447674, 25.6875213220982], [-80.348688447652, 25.6875753230001], [-80.3476494472112, 25.6876113222386], [-80.3456624465663, 25.6876543231361], [-80.3447994449543, 25.6876643225143], [-80.3438984446058, 25.6877013231204], [-80.3416944433276, 25.6877803223633], [-80.3405964424372, 25.6878033228503], [-80.3390814417954, 25.6878513225501], [-80.3390184420462, 25.6878553232663], [-80.3384374413649, 25.6878893228722], [-80.3381084414769, 25.6878983224567], [-80.3375594405826, 25.6879123233382], [-80.3365214408651, 25.6879423222147], [-80.3355524398462, 25.6879993230544], [-80.3344464385599, 25.6880563230574], [-80.3335454382114, 25.6880863227071], [-80.3330304385506, 25.6880913231877], [-80.3314704377029, 25.6881253235357], [-80.3303874368812, 25.6881473241844], [-80.3295464359089, 25.6881713235626], [-80.3277814350218, 25.6882313236061], [-80.3275094350352, 25.688230323835], [-80.326630434428, 25.6882533242352], [-80.3254344336284, 25.6883033232947], [-80.3234384327627, 25.6883803242177], [-80.3215834323622, 25.6884333233416], [-80.3214504322928, 25.6884373232288], [-80.3213724315767, 25.688439323577], [-80.3193994302771, 25.6884623239368], [-80.318606430782, 25.6884943238316], [-80.3173934293656, 25.6885293246428], [-80.3171814296535, 25.6885283240646], [-80.3170294293176, 25.6885273234865], [-80.3168784288065, 25.688527324296], [-80.3168684287608, 25.6881973240979], [-80.3168074286614, 25.6871133233077], [-80.316707428204, 25.686459322593], [-80.3166374287821, 25.6861563239116], [-80.3165464294438, 25.6858863224174], [-80.3163334272118, 25.685322322503], [-80.3160334285345, 25.6848223224991], [-80.3154554282262, 25.6838153215866], [-80.3153714276623, 25.6836823219295], [-80.3153144268625, 25.68359232044], [-80.3152204271512, 25.6834443217465], [-80.315085427432, 25.6831123224115], [-80.3150304280787, 25.6829773215297], [-80.3148644274991, 25.6824993214715], [-80.3154274277388, 25.6818073207027], [-80.315743427208, 25.6813563194272], [-80.3162374278507, 25.6806523196712], [-80.3170554283585, 25.6794893200225], [-80.3182384296376, 25.6776263191422], [-80.3187284291841, 25.6768003184916], [-80.3189184291549, 25.6763613169549], [-80.319267430931, 25.6757803177886], [-80.3201904310208, 25.6738753169233], [-80.3211124312857, 25.6719123160571], [-80.3212744307691, 25.6715523154247], [-80.3215404318062, 25.6709653143716], [-80.321568430497, 25.6709033138971], [-80.3217464307722, 25.670510314488], [-80.3227884306877, 25.668283313606], [-80.3236324320331, 25.6664103121085], [-80.325175432264, 25.663099310142], [-80.3270744330454, 25.6589873086038], [-80.3284004335413, 25.6562463081838], [-80.3289064338796, 25.6551643067877], [-80.330636435505, 25.6513833056716], [-80.3315544364702, 25.6494573033274], [-80.3323924352729, 25.6476623023711], [-80.3326054357082, 25.6471383019804], [-80.3327254353588, 25.6468893028599], [-80.3328844371641, 25.6465803016775], [-80.333323436657, 25.6456163015375], [-80.3333794367335, 25.6454923017338], [-80.3341164361521, 25.6438603010366], [-80.3346564377239, 25.6427103000381], [-80.3353164371497, 25.6413092995475], [-80.3353314372183, 25.6412762997799], [-80.3353504374849, 25.6412362988469], [-80.335572438141, 25.640765299466], [-80.3363324371259, 25.6391372980354], [-80.337627438558, 25.6363412975938], [-80.3378494392142, 25.6363422961802], [-80.3381454394902, 25.6363432963864], [-80.3390764390776, 25.6363002964203], [-80.3391264393063, 25.6362992970236], [-80.3420124424466, 25.636231295915], [-80.342943442034, 25.6362242960845], [-80.3438494424054, 25.6361932969459], [-80.3449744421615, 25.6361742962421], [-80.3460474438358, 25.6361402964669], [-80.3470974441472, 25.6361332958211], [-80.3480824441613, 25.6361132973292], [-80.3490924451881, 25.6360942966126], [-80.3501164455603, 25.6360872959642], [-80.350122445408, 25.6369972966367], [-80.3501704459869, 25.638121296682], [-80.3502064450736, 25.6389312974539], [-80.3502554472741, 25.639749297391], [-80.3502804455918, 25.6415842991455], [-80.3503494460871, 25.643444300656], [-80.351935446874, 25.6433482994901], [-80.3528944478471, 25.6432923001241], [-80.3538764474882, 25.643301299836], [-80.3544194485347, 25.6432523006766], [-80.3549234483249, 25.643247299125], [-80.3559504499684, 25.6432192990166], [-80.3565104498351, 25.6432012995798], [-80.35690844932, 25.6431672993765], [-80.3575064506181, 25.6431462994842], [-80.3584884502592, 25.6431022985796], [-80.3595774527253, 25.6430952999619], [-80.3606404525571, 25.6430392988575], [-80.3611714530098, 25.6430172996022], [-80.3616754528, 25.643019299093], [-80.3627194541619, 25.6429762991021], [-80.3630014541942, 25.6429762991021], [-80.3637244542675, 25.6429432989855], [-80.3647984557667, 25.6429392991916], [-80.365799454776, 25.6428902990737], [-80.3669354553011, 25.6428362989866], [-80.3685744566898, 25.6427462982473], [-80.3685954566062, 25.6427262992435], [-80.3689744576212, 25.642724298938], [-80.3698804579926, 25.6427042983109], [-80.3709194584333, 25.6426482986427], [-80.3714134590761, 25.6426262985056], [-80.3718124583859, 25.6426152992453], [-80.3723054592038, 25.6425932991021], [-80.3726924597164, 25.642571298145], [-80.3731854596359, 25.642561298224], [-80.3735454585877, 25.6425392988806], [-80.3740244600601, 25.6425162985689], [-80.374437460512, 25.6424942975976], [-80.3749304595331, 25.64248429848], [-80.3758994614503, 25.6424132979989], [-80.376159460843, 25.6424312975545], [-80.376239461209, 25.6424362983305], [-80.3763474620623, 25.6424182987756], [-80.3771294616868, 25.6422882979504], [-80.3777294626347, 25.6422422988455], [-80.3779894629258, 25.6422232991044], [-80.3785154624572, 25.6421852988033], [-80.379113462857, 25.6421302974296], [-80.3792614638933, 25.64211629846], [-80.3798094631661, 25.64208629858], [-80.380088464622, 25.6420712970175], [-80.3808214638427, 25.6420142977035], [-80.3826604652479, 25.6418772977491], [-80.3828194643583, 25.6418682979299], [-80.3829594649986, 25.6418612976201], [-80.3850554672202, 25.6418442973287], [-80.3853364665292, 25.6418432971686], [-80.3851814658202, 25.6383002967787], [-80.385118466071, 25.6365162938712], [-80.3850754664133, 25.6354532941943], [-80.3849494660166, 25.6341582939333], [-80.3853144658896, 25.6341222939443], [-80.385332465433, 25.6339262942636], [-80.3852444664677, 25.6333352934069], [-80.3850904664819, 25.6327682928656], [-80.3847274653605, 25.6318842922144], [-80.3844674650695, 25.6314012918435], [-80.3841324653337, 25.6308612921694], [-80.3832864643385, 25.6300992911841], [-80.3824664641808, 25.6295372903628], [-80.3823224642408, 25.6294382909905], [-80.3822774640349, 25.6294042909171], [-80.3821494639884, 25.62930829142], [-80.3817164634451, 25.628982291202], [-80.3812304631982, 25.6286032911293], [-80.3806344633466, 25.6279832915587], [-80.3802424628111, 25.6274192899377], [-80.3799454618119, 25.6266082901591], [-80.3797074621605, 25.6257822893643], [-80.3794584617402, 25.6247672888849], [-80.3791364624232, 25.6232372890645], [-80.3790444614634, 25.6228012881961], [-80.3788344622994, 25.6218072879062], [-80.3785694610872, 25.6179402863021], [-80.3783074620447, 25.612613283631], [-80.3773504598231, 25.6126512828113], [-80.3736994576751, 25.6128312842212], [-80.3720194571768, 25.6129262835959], [-80.3716764561468, 25.6129452831378], [-80.3700904553599, 25.6130112837399], [-80.3696094560343, 25.6130312828597], [-80.3691974563056, 25.6130512835961], [-80.3675034546653, 25.6131312832684], [-80.3654824527869, 25.6132362839721], [-80.3641864533265, 25.6132672842086], [-80.3634464526365, 25.6133112831454], [-80.362679451284, 25.6133202834966], [-80.3613544497146, 25.6133802847409], [-80.3590094497677, 25.6134862856235], [-80.3572894481882, 25.6135642850207], [-80.3564874475738, 25.6135852852548], [-80.3548194467711, 25.6136272840917], [-80.3539994475118, 25.6136592846229], [-80.3531924459763, 25.6137032850355], [-80.3511764450191, 25.6138062836367], [-80.3491304430263, 25.6138762853408], [-80.3483384442543, 25.6139132845355], [-80.3479114435588, 25.6139202856735], [-80.3471784434397, 25.6139322855405], [-80.3475024433048, 25.6132292852242], [-80.3480544427756, 25.6120532839934], [-80.3483594432724, 25.6113872839421], [-80.3496404435625, 25.608588283079], [-80.3500344437478, 25.6077472814495], [-80.3504064450901, 25.6069172813127], [-80.350794443631, 25.6060972808184], [-80.3511854443416, 25.6052302803166], [-80.3515734446791, 25.6044222796045], [-80.3519924449788, 25.603574279329], [-80.3525344444038, 25.60230627892], [-80.3531764451845, 25.6008792783381], [-80.3531864443319, 25.6006742779081], [-80.3533244453225, 25.6004712781398], [-80.3541864462112, 25.5986002765855], [-80.3553484466756, 25.5960982749565], [-80.355994446756, 25.5961192758282], [-80.3564824466526, 25.5961352756025], [-80.3566384471866, 25.596136274525], [-80.3566814477426, 25.5960302760824], [-80.3571264479815, 25.5950482752828], [-80.356994447737, 25.5950472755411], [-80.3573164479523, 25.5943552748237], [-80.3577514472472, 25.5935732744469], [-80.358100448125, 25.5929472736396], [-80.3581694477219, 25.5928232734456], [-80.3582554497323, 25.5926692737967], [-80.3582684483545, 25.592644273272], [-80.3582884493443, 25.5926112738354], [-80.3583264480808, 25.5924942732553], [-80.3587584487992, 25.5918352744424], [-80.3589774490823, 25.59157327321], [-80.3607264491776, 25.5898842716981], [-80.3614524496239, 25.5891692726629], [-80.3641914515527, 25.5864942698727], [-80.3644384514249, 25.5862172702449], [-80.3646094520275, 25.586011269986], [-80.3648554511765, 25.5856432702298], [-80.3650504511701, 25.5852482692454], [-80.3651984522064, 25.5848022692906], [-80.3654644514469, 25.5837982682585], [-80.3657154524154, 25.5833172685128], [-80.3662154529059, 25.5827212685382], [-80.3664654522528, 25.582459268415], [-80.3684034542906, 25.5804602668141], [-80.3688424546817, 25.5800282666044], [-80.3727674564661, 25.5760052647371], [-80.3733284561577, 25.5754582634329], [-80.3745844572317, 25.5741212641191], [-80.3764004590708, 25.5722692632861], [-80.3766554575423, 25.5720102619671], [-80.3764584578988, 25.5718322622], [-80.377669458767, 25.570610262418], [-80.3777524586077, 25.5705322625602], [-80.3778164572835, 25.5704792621396], [-80.3783814589696, 25.5697932616879], [-80.3819134603936, 25.5662652589926], [-80.3815824599575, 25.5662652589926], [-80.3825604620955, 25.5653382581407], [-80.3836544618896, 25.5642072585199], [-80.3845324626719, 25.5633632576983], [-80.3852944622049, 25.5625432569232], [-80.3860114633287, 25.5617712563526], [-80.3868894632127, 25.560866256169], [-80.3878634633561, 25.5598602561247], [-80.3888374643979, 25.5588982552359], [-80.3900394650452, 25.5576632540732], [-80.3907414652021, 25.556967254179], [-80.3907624651185, 25.5569472537916], [-80.3924744654038, 25.5551672537571], [-80.3925744658612, 25.5550672535262], [-80.3932894673352, 25.554353252483], [-80.3940384673478, 25.5536082517603], [-80.3951024670046, 25.5525182515499], [-80.3961834681764, 25.5515282503662], [-80.3962564679714, 25.5514582510862], [-80.3963004692506, 25.5514162506882], [-80.3963234688168, 25.5513922505699], [-80.3964634685589, 25.5512472512727], [-80.3966024684761, 25.5511012508809], [-80.3969384689351, 25.5512772512535], [-80.3984584687015, 25.5497472507642], [-80.4008304711075, 25.5473062489189], [-80.4014274716824, 25.5466712488382], [-80.4023874715822, 25.5457192473498], [-80.4039674725213, 25.5440672471347], [-80.4046324728683, 25.543409246184], [-80.4046894727697, 25.5433632463249], [-80.4065354738476, 25.5414452462522], [-80.4069154737892, 25.5410492443825], [-80.4072954737308, 25.5406512456763], [-80.4073374744619, 25.5406182448791], [-80.4073784744698, 25.5405812449078], [-80.4082204734704, 25.5397182448361], [-80.4114444767195, 25.5364972432254], [-80.4121194780105, 25.5357702419726], [-80.4121954763819, 25.5356862423277], [-80.4129834758541, 25.534857241277], [-80.4132114772564, 25.534619241264], [-80.4144634781325, 25.5333432412329], [-80.4150144777783, 25.5327822408923], [-80.4168164784753, 25.5309372401627], [-80.4222424815561, 25.5254442369196], [-80.4228344821081, 25.5248492371397], [-80.4258874847547, 25.5216742351827], [-80.4271824852884, 25.5204732342451], [-80.428317486887, 25.5192202334345], [-80.4284304850682, 25.5193192340036], [-80.4289154854901, 25.5188692335592], [-80.4289854858103, 25.5187992330502], [-80.4296884866904, 25.5181022333521], [-80.4307324871541, 25.5170272324632], [-80.4307974865531, 25.5169612316432], [-80.4308294872384, 25.5169292328293], [-80.4308594864774, 25.5168982319689], [-80.433452487918, 25.5142112311561], [-80.433282488937, 25.5140992306778], [-80.4341214893612, 25.5132732301055], [-80.4361914898468, 25.5111492280177], [-80.4380264910541, 25.5093802285687], [-80.4396324910343, 25.5077552262597], [-80.4405964920303, 25.5066842262503], [-80.440079490923, 25.5066762264709], [-80.4390494916014, 25.5066992261393], [-80.4399324915082, 25.5058012255947], [-80.4408004904481, 25.504935225219], [-80.4410394917211, 25.5047212247799], [-80.4426514924473, 25.5030372242415], [-80.4435094931381, 25.5021532238217], [-80.4436294927887, 25.5020302234266], [-80.4438254935056, 25.5018292237556], [-80.4442014950458, 25.5014342246323], [-80.4449444943123, 25.5006562231657], [-80.4450734941837, 25.500555222363], [-80.4462524943666, 25.4993472228614], [-80.448598495935, 25.4971242208128], [-80.45146949721, 25.4944042197148], [-80.4525174978716, 25.4933402191218], [-80.4525544985799, 25.4933022193897], [-80.4525824990673, 25.4932732200982], [-80.4531074978755, 25.4927402194309], [-80.453828498299, 25.4919872180567], [-80.4555815003888, 25.4901482167637], [-80.4564445002042, 25.4892342162964], [-80.4567115010662, 25.48897321764], [-80.4569775003066, 25.4887112169771], [-80.4599695028538, 25.4857012156745], [-80.4610075034696, 25.4845932142775], [-80.4611545028844, 25.4845942149406], [-80.4617865027211, 25.4845992150123], [-80.461935502684, 25.4845972144971], [-80.4620715040247, 25.4845952139819], [-80.4623815027478, 25.4845922136144], [-80.4641405046854, 25.4846002148644], [-80.4651435051412, 25.4845812152399], [-80.465152505362, 25.4836092137984], [-80.465113505004, 25.4831932127821], [-80.4651935053699, 25.4827192131443], [-80.4651555048368, 25.4818592118835], [-80.4658445054732, 25.4818532134448], [-80.4670825061056, 25.4818502130089], [-80.4670845057554, 25.4813722126147], [-80.4690785069713, 25.4813392117387], [-80.4690715072986, 25.4808772114979], [-80.4695655079414, 25.4808902124101], [-80.4705485083057, 25.4808742118486], [-80.4711955091093, 25.4808672118557], [-80.4712065080816, 25.4817962116379], [-80.4711995093072, 25.4827002124115], [-80.4722495096186, 25.4826882131849], [-80.4722505094436, 25.4827672132747], [-80.4722565092913, 25.4836072132667], [-80.4732835100366, 25.4836022131538], [-80.4733025103031, 25.4836012124825], [-80.4733355099151, 25.4836002126221], [-80.4733355090168, 25.483614213911], [-80.4733375095649, 25.4838492141042], [-80.4733445092376, 25.4844132139908], [-80.4733265087959, 25.4845102143545], [-80.4733045108513, 25.4854242142555], [-80.4733605091311, 25.4863072154787], [-80.4733565098315, 25.4872402147077], [-80.4733505090854, 25.4881542157435], [-80.4738795098882, 25.4881652162238], [-80.4749895104741, 25.4881132157138], [-80.4758995110434, 25.4881242161978], [-80.4760495126279, 25.488123216375], [-80.4760605107019, 25.4890312150479], [-80.4775595132469, 25.4890222158993], [-80.4775665129196, 25.4899342159308], [-80.4795545142877, 25.4899312156966], [-80.4795615139604, 25.4908632178059], [-80.4795575137625, 25.4917642175012], [-80.4802655137671, 25.4917622171052], [-80.4802655137671, 25.4908792170378], [-80.4802655146654, 25.4908332165038], [-80.4805765141118, 25.4908262170909], [-80.4805755142868, 25.4903972168439], [-80.4805845145077, 25.4899222166155], [-80.481596514286, 25.4899142165307], [-80.482643516021, 25.4899322155044], [-80.4835835167275, 25.4899352165494], [-80.4835795165296, 25.4908472169502], [-80.4835545164152, 25.4917302180637], [-80.4846845170925, 25.4917262172707], [-80.4855945176619, 25.4917502163507], [-80.4855765172202, 25.4908382163159], [-80.485589517639, 25.4903292171858], [-80.4855915181871, 25.4899172159544], [-80.4855845167178, 25.4890152163809], [-80.4874645181309, 25.4889922157594], [-80.4886635202019, 25.4889862152439], [-80.4891825200607, 25.4889782159077], [-80.4896465187696, 25.48898021635], [-80.4897245194857, 25.488977216092], [-80.4907365201623, 25.4889802155391], [-80.4938175214996, 25.4889892155017], [-80.4938395221392, 25.4894592146832], [-80.4938395212409, 25.4896192152619], [-80.493838521416, 25.4898242159455], [-80.4938385223143, 25.4902252163942], [-80.4938285222685, 25.4905042160849], [-80.4938265217204, 25.4905672166316], [-80.4968975248086, 25.4905662160183], [-80.4970255239568, 25.4905712158415], [-80.4970245241319, 25.4916632165207], [-80.4978445242895, 25.491658215932], [-80.4978505241373, 25.4927472171107], [-80.4978545252336, 25.493223217305], [-80.4978605259796, 25.4940902183738], [-80.4978615249063, 25.4941142177926], [-80.4978735246018, 25.494552217289], [-80.4979005252643, 25.4954192184982], [-80.4979325259497, 25.4989512207085], [-80.4999145256734, 25.4988952202577], [-80.5002305269392, 25.4988962208017], [-80.5019525272703, 25.4989052192108], [-80.5027815285471, 25.4989012194675], [-80.5039825284712, 25.4988942197137], [-80.5039215283719, 25.4962162176147], [-80.5039245287449, 25.4952402179727], [-80.503959528905, 25.4926532170742], [-80.5039065283033, 25.4916042165349], [-80.5059205287124, 25.4915782162158], [-80.5076915303456, 25.4915632160604], [-80.5078585298518, 25.491561216472], [-80.507928530172, 25.4915602166778], [-80.5079265305222, 25.4914742156942], [-80.5079265305222, 25.4914572159357], [-80.50793253037, 25.4906532158317], [-80.5079265305222, 25.4902062152263], [-80.5079015304078, 25.4885832142667], [-80.5078915294638, 25.4880232145908], [-80.507892530187, 25.4878832132505], [-80.5078775301184, 25.4860802131333], [-80.5078405303085, 25.4860802131333], [-80.5058675281106, 25.4860952123513], [-80.5058475289174, 25.4843802123278], [-80.5058525289403, 25.484259212099], [-80.505798529412, 25.4842602119539], [-80.5048055272053, 25.4843032130072], [-80.5038145282418, 25.4843152120726], [-80.5018675259832, 25.4843332126957], [-80.5018105260818, 25.4843332126957], [-80.5011735262222, 25.4843382127782], [-80.5000425248216, 25.484345212569], [-80.4989405246317, 25.4843522123594], [-80.4989115252177, 25.4843522123594], [-80.4978475246625, 25.4843642130417], [-80.49668352365, 25.4843692131229], [-80.4957815225783, 25.4843662135608], [-80.4950735225736, 25.4843722134959], [-80.4943535219751, 25.484351214127], [-80.4937525221005, 25.4843852132192], [-80.4937455215295, 25.4834732116284], [-80.4937275219862, 25.4825412114118], [-80.4937395216817, 25.4821892123215], [-80.4937315212858, 25.481630211116], [-80.4937535210271, 25.4814532117041], [-80.4937245216131, 25.4807282109855], [-80.4937265221613, 25.4797942107888], [-80.4937285218111, 25.4793042107654], [-80.4937085217196, 25.47889221067], [-80.4937015211486, 25.4779902094612], [-80.4937145206691, 25.4774612087879], [-80.4937165203189, 25.47706820968], [-80.4936775217575, 25.4760492086929], [-80.4936695213615, 25.4738732076427], [-80.4936395212243, 25.4733922073292], [-80.493653521468, 25.4726962068741], [-80.4936235213308, 25.4720002064462], [-80.4936525207448, 25.4715922054974], [-80.4956125216255, 25.4715732062503], [-80.4955915226075, 25.4712312063145], [-80.495592521534, 25.470966206018], [-80.495593521359, 25.4705082055399], [-80.4955955219071, 25.4698432054617], [-80.4956415228362, 25.4697122054434], [-80.4959855218945, 25.4697042048248], [-80.4963335229473, 25.4696952050405], [-80.497051523896, 25.4696952050405], [-80.497622522735, 25.4696942050645], [-80.4976595234432, 25.4696942050645], [-80.4990235244723, 25.4696932058994], [-80.4996595236087, 25.4696782054463], [-80.499695524492, 25.4696772054701], [-80.5008845256189, 25.4696382055805], [-80.5016325267048, 25.4696282041927], [-80.5016355252813, 25.4685612057544], [-80.5016365251062, 25.4678832039498], [-80.5016265259588, 25.4669772037125], [-80.5016085255171, 25.4664972042108], [-80.5015875256007, 25.465939202251], [-80.503570526946, 25.4659282029814], [-80.5055845273551, 25.4659202021111], [-80.5056725272186, 25.4659202029221], [-80.5056315281091, 25.4623512004726], [-80.5055895282763, 25.4623512012836], [-80.5015705258823, 25.4623842016925], [-80.5015705258823, 25.4623692011391], [-80.5015675255092, 25.4587521988383], [-80.501566524786, 25.4568781981664], [-80.5015255247781, 25.4550181980772], [-80.5015415246716, 25.4531921966219], [-80.5015405248467, 25.4513451964036], [-80.5015485243443, 25.4494661940622], [-80.5015565247402, 25.4477021945042], [-80.4975145218817, 25.4477431937085], [-80.4971105234473, 25.4477481936896], [-80.4954655204141, 25.4477681944233], [-80.4934265189924, 25.4477941936686], [-80.4933955199285, 25.4461011932126], [-80.493369519091, 25.4435301921004], [-80.4933235190602, 25.4404941910586], [-80.4912975180572, 25.4405061904374], [-80.4913095186511, 25.4389511901251], [-80.4913195177985, 25.437353189236], [-80.4913235188948, 25.4368361897543], [-80.4913185179736, 25.4350061873383], [-80.4913125181258, 25.4331721876453], [-80.4888045161756, 25.4331771866088], [-80.4872495162492, 25.4331751868612], [-80.4852345142185, 25.433189188339], [-80.4832745133377, 25.4331921875545], [-80.4821745118993, 25.4332111879925], [-80.4812505119846, 25.4332161869545], [-80.4803285117197, 25.4331961878605], [-80.4801925112772, 25.4331931870226], [-80.4792385112253, 25.4332041876607], [-80.4791815104255, 25.4332041868495], [-80.4758165085078, 25.4331961878605], [-80.4742235080482, 25.4332181883239], [-80.4741845067918, 25.43321418883], [-80.4741605074007, 25.4332161877657], [-80.4741505073549, 25.4323331871235], [-80.4742335071956, 25.4308931862647], [-80.4743515080947, 25.4280311849648], [-80.4743665081633, 25.4271151849386], [-80.4743285076302, 25.4261001850753], [-80.4742065074314, 25.4251671839643], [-80.4728685063416, 25.4185821803433], [-80.4720755050498, 25.414874178737], [-80.4713125047936, 25.4112541767645], [-80.4704715056179, 25.407528174659], [-80.4696645040824, 25.4039561728208], [-80.4688405028285, 25.4001361716282], [-80.4681125036306, 25.3965441697376], [-80.4672775016078, 25.3929091676493], [-80.4648495000235, 25.3822761624192], [-80.4640014993785, 25.3784051600177], [-80.4633494994503, 25.3754261581633], [-80.4647024997104, 25.375374159298], [-80.4639214990125, 25.3751971587782], [-80.463829498951, 25.3748171582168], [-80.4637314981434, 25.3744131583509], [-80.4637094993004, 25.3743601582824], [-80.4637124978769, 25.3743111580145], [-80.463653499224, 25.3740781591191], [-80.4636214985386, 25.3738651581576], [-80.463584499627, 25.373715157621], [-80.4635774981576, 25.3736491593713], [-80.4635574989645, 25.3735921583082], [-80.4635254991774, 25.3734491579863], [-80.4634994992382, 25.3732971570045], [-80.4634734984006, 25.3732151574633], [-80.4634504997327, 25.3730651569313], [-80.4634234981719, 25.3729751574967], [-80.463349498552, 25.3726581569791], [-80.4633154982168, 25.3725551560021], [-80.4633084985441, 25.3724791574076], [-80.4632664987113, 25.3722511572792], [-80.4632274983533, 25.3721091561558], [-80.4632054977137, 25.3719921566824], [-80.4632034980638, 25.3719411571263], [-80.4631594985812, 25.3717221574028], [-80.4631284986191, 25.3716351560905], [-80.4630914979109, 25.3714891575726], [-80.4630714987177, 25.3713361557675], [-80.4630454978801, 25.3712591564251], [-80.4629724989835, 25.3709591568112], [-80.4629664982374, 25.3708851563698], [-80.4629214971332, 25.3707591566547], [-80.4629124978107, 25.3706951559504], [-80.4628934984424, 25.3706361567675], [-80.4628884984196, 25.37053315569], [-80.4628604979322, 25.3704641557386], [-80.4628564986325, 25.370384155875], [-80.4628194979243, 25.3702521565119], [-80.4628114984267, 25.3701911555092], [-80.4627874981372, 25.3700991563871], [-80.4627444975812, 25.3698751557966], [-80.4627224978399, 25.3696791562582], [-80.4627004980986, 25.3696201565792], [-80.4626604979156, 25.3694721564461], [-80.4626574984409, 25.3694301557939], [-80.4626214984559, 25.3692841554233], [-80.4626144978849, 25.3692311563514], [-80.4625604983565, 25.3689941549643], [-80.4625134976025, 25.3688421564946], [-80.462490497138, 25.3686521552977], [-80.4624424983557, 25.368485155524], [-80.4624264975639, 25.3683351556132], [-80.4623724971372, 25.3681041549481], [-80.462353497769, 25.3680001549507], [-80.4622764977761, 25.3676921544647], [-80.4622434972658, 25.3674851544955], [-80.4621904975624, 25.3672661548126], [-80.4621494975545, 25.3671531539574], [-80.4621264979883, 25.3670391546037], [-80.4621274978132, 25.3669411554152], [-80.4621204963439, 25.3668861544692], [-80.4621004962524, 25.3668031546175], [-80.4620704979118, 25.3666271545479], [-80.4619494975379, 25.3661171540423], [-80.4619434967919, 25.36605215329], [-80.4618984974843, 25.3658871540332], [-80.4618934974614, 25.3658451545701], [-80.4618754979181, 25.3657881530722], [-80.4618134970955, 25.3656591536416], [-80.4618024972249, 25.3655791538437], [-80.4618004966767, 25.3654461540726], [-80.4618074972477, 25.3653471535621], [-80.4617944977273, 25.3649591542232], [-80.4617594966688, 25.3648111532518], [-80.4617344965545, 25.3646351535279], [-80.4616984974678, 25.3645101538267], [-80.461685497049, 25.3644211529281], [-80.4616404968431, 25.3642821524607], [-80.461577497094, 25.3641231526527], [-80.4615324968881, 25.3640401533386], [-80.4614534972454, 25.3637641530774], [-80.461494496355, 25.3637181527021], [-80.4614944972533, 25.3636731523532], [-80.4614204976334, 25.363518152737], [-80.4613944958975, 25.3633821529938], [-80.4613914964228, 25.3632301523358], [-80.4613424978156, 25.3631911529051], [-80.4613144964299, 25.3631531526985], [-80.4612944972367, 25.3631101522366], [-80.4612854970159, 25.3630741529142], [-80.4612774975183, 25.3629801531447], [-80.4612094968479, 25.3627711523071], [-80.4612064973731, 25.3627421524342], [-80.4612154957974, 25.3627141517946], [-80.4612314965892, 25.362691152221], [-80.4612404959117, 25.3626591521718], [-80.461237496437, 25.3626251528204], [-80.4612014973503, 25.3625861531945], [-80.4612024971752, 25.3624871519648], [-80.4611964964291, 25.3624541518074], [-80.461157496071, 25.3623681528062], [-80.461143497624, 25.3622711523208], [-80.4611154962382, 25.3621581532891], [-80.4610994963447, 25.3621201519459], [-80.4610774966034, 25.3620371520681], [-80.4610774966034, 25.3619561522497], [-80.4610704960324, 25.361931152415], [-80.4610434971665, 25.3619141514206], [-80.461027497273, 25.3618581529981], [-80.4610044959102, 25.3618181522537], [-80.4609984969607, 25.3617441518968], [-80.4610324963976, 25.3614141511361], [-80.4608324972793, 25.3608911513025], [-80.4608304967312, 25.3608121508516], [-80.4608044967919, 25.360759152123], [-80.4607734977281, 25.3605811512301], [-80.4607454963424, 25.3605021513883], [-80.4607084974308, 25.3602721504348], [-80.4606734972707, 25.3601341509515], [-80.4606524955577, 25.3599871514521], [-80.460648496258, 25.359955150687], [-80.4606024962273, 25.3598421511137], [-80.4605814963109, 25.3596431504948], [-80.4604894971477, 25.3592461507901], [-80.4604824956784, 25.3591581501556], [-80.4604304957998, 25.3589411509738], [-80.4604184961043, 25.3588581505366], [-80.4603984969111, 25.3587871494328], [-80.4603714962486, 25.3587231505058], [-80.4603614953045, 25.3586611509041], [-80.4603084964994, 25.358629149788], [-80.4602804969103, 25.3585951501148], [-80.4602654950451, 25.3585411503278], [-80.4602374963543, 25.3583741503829], [-80.4602274954102, 25.3582181503766], [-80.4602434953037, 25.3581961500369], [-80.4602474955017, 25.3581741505049], [-80.4602434953037, 25.3580761506225], [-80.4602184960877, 25.3580091502348], [-80.4601964963464, 25.3578441497394], [-80.4601424959197, 25.3576771496434], [-80.4601224958283, 25.3574851501861], [-80.4601254944047, 25.3574351494741], [-80.4600834954702, 25.3572501495009], [-80.4600454958354, 25.3571411486032], [-80.4600024961777, 25.3569371495336], [-80.4599614961698, 25.3568341497692], [-80.4599614961698, 25.3567961491876], [-80.4599494955759, 25.3567411501192], [-80.459800495613, 25.3564101493969], [-80.4597734949505, 25.3563311500765], [-80.4597374949655, 25.3562931493369], [-80.4597114959245, 25.3562471493655], [-80.4596874956351, 25.3559671487388], [-80.4596904960081, 25.355933148317], [-80.4597554945088, 25.3560111486019], [-80.4597964945167, 25.3560141489241], [-80.4598524954915, 25.3559921489951], [-80.4598504949434, 25.3558791489645], [-80.4598224962526, 25.3558181488251], [-80.4597424949883, 25.3554101483125], [-80.459720495247, 25.3553361489037], [-80.459713494676, 25.3552921487949], [-80.4596894961832, 25.3552711488481], [-80.4596684953685, 25.3552181485021], [-80.4596664957186, 25.3551611476752], [-80.4596504958251, 25.3550991486822], [-80.4596424954292, 25.3550341484992], [-80.4596384952313, 25.3549041488401], [-80.4596114954671, 25.3547941481452], [-80.4595884959009, 25.3547621484409], [-80.4595274958015, 25.3547361486241], [-80.4594714966233, 25.3547021486679], [-80.459431495542, 25.3546521484285], [-80.4593964953819, 25.3545911476701], [-80.4593824951382, 25.3545421475043], [-80.4593744947423, 25.3543921489609], [-80.4593224948638, 25.3541781480868], [-80.4592894952518, 25.3540751484073], [-80.459255495815, 25.3538941478515], [-80.4591734949009, 25.3535771476158], [-80.4591474949616, 25.3533691476985], [-80.4591164949994, 25.3532361474818], [-80.4590774955397, 25.3530111471668], [-80.4590394950066, 25.3528351473105], [-80.4590274944127, 25.3527511474179], [-80.4590044948465, 25.352654147334], [-80.4589764943591, 25.3525661475839], [-80.45894849477, 25.3524121468525], [-80.4589164949829, 25.3522751474655], [-80.4588994943662, 25.3521261470612], [-80.4587944947842, 25.3516911464651], [-80.4587414941824, 25.3515351467659], [-80.4586454948213, 25.3510941472146], [-80.4586424944482, 25.3510231456105], [-80.4586234950799, 25.3509041457212], [-80.4585874941966, 25.3507641466088], [-80.4584784944167, 25.3502351460468], [-80.4583904945531, 25.3499351453951], [-80.4583534947432, 25.3497341460114], [-80.4583434937991, 25.3496281453134], [-80.4582594941335, 25.3492991457411], [-80.458204493882, 25.3490381451527], [-80.4581724940949, 25.3488311457131], [-80.4581714951683, 25.3487901453625], [-80.4581884939884, 25.3487761454573], [-80.4582084940799, 25.3487681441191], [-80.4582094939048, 25.3486921451808], [-80.4582024942321, 25.3486371448618], [-80.4581884939884, 25.3485911452252], [-80.4581654944222, 25.3485721444525], [-80.4581344953584, 25.3485741447904], [-80.458121493143, 25.3485601448603], [-80.4580644941398, 25.348383145662], [-80.4580274943299, 25.3481711450521], [-80.4580364945508, 25.3481481451474], [-80.4580604939419, 25.3481251444265], [-80.4580744950839, 25.348091145047], [-80.4580974946501, 25.3480651446078], [-80.4580324943528, 25.3478231446852], [-80.4580114935381, 25.3477701443221], [-80.4579764942763, 25.3477341444912], [-80.457944493591, 25.347734145303], [-80.4579234936746, 25.3476761448312], [-80.4578734943442, 25.3474421447449], [-80.4576904931478, 25.3466751444], [-80.4575244943647, 25.3458751434393], [-80.4575024937251, 25.3457241445072], [-80.4573474930161, 25.3450491434065], [-80.4571604934183, 25.3441671424836], [-80.4569304932646, 25.3431351429209], [-80.456806493416, 25.3426041426539], [-80.4567614923118, 25.3424611422066], [-80.4566444930343, 25.3418191424984], [-80.4566054917779, 25.3416711408052], [-80.4564694922338, 25.3410161420159], [-80.4564254936495, 25.3408491406021], [-80.4563184935194, 25.3403161403816], [-80.45627649189, 25.3401881408046], [-80.4561764923308, 25.33962814086], [-80.4561374928711, 25.3394871406308], [-80.4560284930912, 25.3389571400269], [-80.4559824921621, 25.3388001398925], [-80.4558924926487, 25.338339139991], [-80.4558584914152, 25.3382121410128], [-80.4557444925107, 25.3376721395411], [-80.4556994914065, 25.3375111399456], [-80.4554684923262, 25.3363551386969], [-80.4551864922939, 25.3350501382553], [-80.4551444924611, 25.3349031391193], [-80.4550434921787, 25.3343981377719], [-80.4549994917978, 25.3342431379807], [-80.4548554909595, 25.3335191380294], [-80.4547514912024, 25.3330441365821], [-80.4546924925495, 25.3328261365278], [-80.4546044917876, 25.3323561363115], [-80.4545734918255, 25.3322331379541], [-80.4544644911472, 25.3317121367725], [-80.4544684913452, 25.331571137063], [-80.4544754919162, 25.3315541366723], [-80.4544394901345, 25.3313871368149], [-80.4544254907892, 25.3313241366922], [-80.4543754914588, 25.3310711363717], [-80.4544184920148, 25.3310641358001], [-80.4545164919241, 25.3310421362049], [-80.4543884918775, 25.3308611360988], [-80.4542594911078, 25.3302901365651], [-80.4541834900415, 25.3302221358923], [-80.4532234892434, 25.3255951334228], [-80.4530664897829, 25.3246391324806], [-80.4525004900685, 25.3225641323683], [-80.4520044897759, 25.3197371305734], [-80.4511274879202, 25.3159301281035], [-80.4507094874455, 25.3135361277082], [-80.4501934870615, 25.3115531264408], [-80.4501654874724, 25.3110061261359], [-80.4486364856885, 25.3037121228684], [-80.4485614862437, 25.3036441235144], [-80.4480934864386, 25.3010921206983], [-80.4479404862777, 25.3008171211678], [-80.4472394850475, 25.2971931202082], [-80.4468784844741, 25.295757118837], [-80.445976485199, 25.2904731159136], [-80.4459134836532, 25.2901041155212], [-80.4458124842692, 25.2898641147691], [-80.4457384846493, 25.2896901153887], [-80.4456974837431, 25.2895921152917], [-80.4456064844048, 25.2891891157925], [-80.4453584838094, 25.287904114402], [-80.4452574835271, 25.2877701146961], [-80.4452524835042, 25.2877461140179], [-80.4451344835034, 25.2871631135134], [-80.4447114839041, 25.2849781133188], [-80.4446114834467, 25.2847971142424], [-80.4445374838268, 25.2842801124761], [-80.4443874831407, 25.28387411271], [-80.4441394825453, 25.2826821124314], [-80.4440394829862, 25.2825471127401], [-80.4436184812401, 25.2802271107857], [-80.4435184825793, 25.2799561107392], [-80.44349248264, 25.279619110919], [-80.4428214815469, 25.2769851087455], [-80.4427724811431, 25.2764651095716], [-80.4424984806084, 25.2752731096048], [-80.442076480834, 25.2732911070959], [-80.4420004815644, 25.27320110658], [-80.4419764812749, 25.2728411079108], [-80.4414784795359, 25.2709491061149], [-80.441455480868, 25.2702281065301], [-80.4418344809847, 25.2704121062261], [-80.4396594791205, 25.2609851006551], [-80.4384054776963, 25.2557750986721], [-80.4383394784723, 25.2555790988639], [-80.4382994782893, 25.2553750977328], [-80.4382674767057, 25.2551780979641], [-80.4382584782815, 25.2551220981241], [-80.4382304777941, 25.2549480984855], [-80.4373964773927, 25.2511590959539], [-80.4372584773004, 25.2510870965583], [-80.4372094768966, 25.250396095347], [-80.436508477463, 25.2504360955149], [-80.4359714762642, 25.2479600958859], [-80.4359314760813, 25.2477840953617], [-80.4359104761648, 25.2476960950039], [-80.4358034760347, 25.2472380944767], [-80.4357744748241, 25.2471100949113], [-80.4357514761562, 25.2470190951064], [-80.4356734763384, 25.2466210949806], [-80.4355214760024, 25.2458810941311], [-80.4353954756057, 25.2452720934793], [-80.4353714762146, 25.2451590925557], [-80.4353584757958, 25.2450960939366], [-80.4353264751104, 25.2449530938156], [-80.4353094762903, 25.2448680928572], [-80.4342874746697, 25.2401090908005], [-80.4340354747746, 25.2389490900652], [-80.4334834753038, 25.236426089346], [-80.4335334746342, 25.2363990890464], [-80.4335604743984, 25.23638408969], [-80.4337624740648, 25.2362730891941], [-80.433872474568, 25.2362130892573], [-80.4338894742864, 25.2362030888586], [-80.43394047434, 25.2361740895668], [-80.4340184741578, 25.2361300892552], [-80.4342244740222, 25.2360130884413], [-80.4342674745782, 25.2359580898046], [-80.4347484748021, 25.2359340886336], [-80.4348474745363, 25.235904088179], [-80.4349904755498, 25.2359120888427], [-80.4354034760016, 25.2358540884882], [-80.4359624751451, 25.2358210887785], [-80.4362774756876, 25.2357710882409], [-80.4364714758564, 25.2359030878928], [-80.4364704760315, 25.2359280885433], [-80.4364684763817, 25.2359570887064], [-80.4364564757878, 25.2361570888019], [-80.4364594761608, 25.2361900884204], [-80.4364664767319, 25.2362370879355], [-80.4359984760284, 25.2367370888434], [-80.4356974748312, 25.2370730895853], [-80.4354914749669, 25.2373050893234], [-80.4356714748919, 25.2378060893591], [-80.4356474755008, 25.2382000896591], [-80.4354464756593, 25.2383840899392], [-80.4353644756436, 25.2383840899392], [-80.4347364751065, 25.2383840907517], [-80.4347434747792, 25.2384210900148], [-80.4347944757312, 25.2386030910577], [-80.4349294745521, 25.2388340900511], [-80.4352384743486, 25.2392410903823], [-80.4353194754377, 25.2399320908402], [-80.4353864762832, 25.2405060908803], [-80.4353064750189, 25.2405690910665], [-80.4352394759701, 25.240641091007], [-80.4353364751562, 25.24066709093], [-80.4354264764662, 25.2406910911664], [-80.4354734763218, 25.2407030916891], [-80.4369494757073, 25.2406550912162], [-80.4373934770196, 25.24047709099], [-80.4381024777475, 25.2397860903805], [-80.4391424771149, 25.2395540905026], [-80.4396814779634, 25.2393230904399], [-80.4400114785746, 25.2394440907209], [-80.4399284778357, 25.2398430902302], [-80.4390954781575, 25.2409380909205], [-80.438996477525, 25.2412300921468], [-80.4390704780432, 25.2421150921069], [-80.4393114789659, 25.2425180918996], [-80.4398084790834, 25.2429900922822], [-80.4411354794042, 25.2436780926963], [-80.4414364797031, 25.2439500926926], [-80.4430824807645, 25.2443220926816], [-80.4442104808937, 25.2442080922818], [-80.4445054804465, 25.2440780923368], [-80.4454884817091, 25.2429270909135], [-80.4456034813368, 25.2427380922992], [-80.4456134813826, 25.242493091792], [-80.4456324816491, 25.2414830914344], [-80.4455154814733, 25.2411730896974], [-80.4452724809007, 25.2409370906758], [-80.4450034803889, 25.2408210898593], [-80.44490148118, 25.2407460909116], [-80.4447914815751, 25.2406360913963], [-80.4446024805309, 25.240408090887], [-80.4445244816114, 25.2402850902529], [-80.444464481337, 25.2401650902476], [-80.4444364808495, 25.2400770908727], [-80.4444604802407, 25.2399090907071], [-80.4447124819324, 25.2398170909436], [-80.4455194816712, 25.2402060899716], [-80.4465534820891, 25.2402980910657], [-80.4475844830323, 25.2407310904665], [-80.4488234834896, 25.2407530910104], [-80.4489754829273, 25.2407560909365], [-80.4497574843484, 25.240457090081], [-80.4506644845447, 25.2402500904329], [-80.4516964853128, 25.2395630903695], [-80.4520764852544, 25.2389410896014], [-80.4527824847109, 25.2387110894492], [-80.4534124848977, 25.2383680897492], [-80.4536644856911, 25.2384140889692], [-80.4542704873852, 25.2389630896568], [-80.4545074863133, 25.2390030895256], [-80.4552284876351, 25.2391250895723], [-80.4554434868219, 25.2391000903919], [-80.4558334868093, 25.2390550892541], [-80.4565394871641, 25.2388250893176], [-80.4569684875095, 25.2383430879754], [-80.4573724877405, 25.237619087388], [-80.457446489157, 25.2368530878696], [-80.4573454879764, 25.2363690878939], [-80.456966488758, 25.2358670881497], [-80.4564364872319, 25.2354540877835], [-80.4563364876728, 25.2352000870307], [-80.4568654875774, 25.2351100875387], [-80.4581264886743, 25.2359790876766], [-80.4590604895331, 25.236529088267], [-80.4599684886559, 25.236805088314], [-80.4608004903058, 25.2368270879434], [-80.4616834902126, 25.2364590872663], [-80.4629944924366, 25.2362290872932], [-80.4638254915666, 25.2359070882248], [-80.4646834931557, 25.2348990873581], [-80.4650934923362, 25.2348490864414], [-80.4652624932889, 25.2348290862314], [-80.4657924930183, 25.2350580877478], [-80.4664734932588, 25.2349890861937], [-80.4671544943976, 25.2347360863902], [-80.467424493836, 25.2344900873322], [-80.4677084944165, 25.2342310871287], [-80.4682124942066, 25.2336110873149], [-80.4682254946254, 25.2334350855124], [-80.4682374952193, 25.2332670867307], [-80.4682784943288, 25.2331930858683], [-80.4683134944889, 25.2331300859223], [-80.4683774949614, 25.2318580852513], [-80.4684374934392, 25.2301940851549], [-80.4686394949022, 25.2300570849469], [-80.4698994961742, 25.2304680851078], [-80.4704794943357, 25.2305360840218], [-80.4708584953507, 25.2304220845064], [-80.4714374972805, 25.2298710843938], [-80.4720924966835, 25.2288140832488], [-80.4722694971338, 25.2286770831112], [-80.4726724975399, 25.2285640838247], [-80.4735304973324, 25.2293880837782], [-80.4736574966557, 25.2297550843941], [-80.4744894974072, 25.2306270847914], [-80.4752214985996, 25.2309230836538], [-80.4758774996241, 25.2308080849857], [-80.4762044998622, 25.2306710838443], [-80.4768094990364, 25.2301200840475], [-80.4771875002265, 25.2295910835051], [-80.4775904997343, 25.2293850835715], [-80.4782464998604, 25.2292020838269], [-80.4790275005583, 25.2286970835206], [-80.4804135013287, 25.2282370822128], [-80.4808165017348, 25.2278000824061], [-80.4813455025377, 25.2267450818605], [-80.4814205019824, 25.2261250820689], [-80.4821255025123, 25.2252080813195], [-80.4824785026898, 25.2248870810709], [-80.4828315028672, 25.2247950813168], [-80.4843195037448, 25.225230081422], [-80.4850015029119, 25.2255280811621], [-80.4852035043749, 25.2257790815084], [-80.4852435036596, 25.2260910826023], [-80.4852795036446, 25.2263750824438], [-80.4854055040413, 25.2267190822106], [-80.4857345039293, 25.227131082635], [-80.486112504221, 25.2273850831795], [-80.48659250462, 25.2278880825418], [-80.4866425057471, 25.2281630831649], [-80.4867245057628, 25.228260082929], [-80.4869955050262, 25.2285760831067], [-80.4873235059876, 25.2287370835167], [-80.4891655059692, 25.2288270828505], [-80.4896945058737, 25.2285510817571], [-80.4900975071782, 25.2281840823832], [-80.490171506798, 25.2280900827971], [-80.4904245074163, 25.2277700823822], [-80.4904495066324, 25.2274270810684], [-80.4907015065275, 25.2272880819048], [-80.4915595072182, 25.2274490815821], [-80.4918415081489, 25.2274360826458], [-80.4936515092418, 25.2273550814279], [-80.4941815089712, 25.2271260824686], [-80.4951385093962, 25.2260710809517], [-80.4955415098024, 25.2254040805408], [-80.4960445106659, 25.224006080754], [-80.4960435099427, 25.2227440787922], [-80.4955385094293, 25.2222840801605], [-80.4949585094711, 25.2218960786408], [-80.4947195090965, 25.2216250784642], [-80.4944535089578, 25.2213230789147], [-80.4944535089578, 25.2211480784262], [-80.4944535098561, 25.2210470794833], [-80.4949825097606, 25.220198077651], [-80.4950565093805, 25.2193490780203], [-80.4946775092638, 25.2183410772439], [-80.4947275094925, 25.2179510769086], [-80.4949795093876, 25.2175140775295], [-80.4950035078804, 25.2162990763908], [-80.4948775092803, 25.2160230761266], [-80.4940195085895, 25.2156120767283], [-80.4938685080785, 25.2154280761247], [-80.4937205079405, 25.2150590752504], [-80.4936345086251, 25.2148460759345], [-80.4935645083049, 25.2146710758817], [-80.4933835085549, 25.2145060753228], [-80.4929625077071, 25.214111074184], [-80.4918235068089, 25.2134800755297], [-80.4915085062663, 25.2133590754202], [-80.4907395070606, 25.2130660750599], [-80.4902345056489, 25.2130220745149], [-80.4896795067035, 25.2133200749026], [-80.4892015059543, 25.2134360759471], [-80.4890485057934, 25.2133200749026], [-80.4890405053975, 25.2132510740186], [-80.4889625046814, 25.2127680748629], [-80.4887475054945, 25.2124950753401], [-80.4883435052635, 25.2123820748375], [-80.4873605040009, 25.2125650746926], [-80.487221504982, 25.2124190746971], [-80.4871445040908, 25.2123160748621], [-80.4870395036105, 25.2123150735692], [-80.4870895047376, 25.2122430747369], [-80.4874645046563, 25.2117130739843], [-80.4878385047501, 25.2110460744982], [-80.4881655049882, 25.2102020736378], [-80.4881875056278, 25.209576073483], [-80.4881885045544, 25.2095430731453], [-80.4880115050024, 25.209154072751], [-80.4879945043857, 25.208590072069], [-80.4879515056263, 25.2082580719039], [-80.4872765043353, 25.2074590718703], [-80.4872205042588, 25.2071350719896], [-80.4874125038794, 25.2071330717568], [-80.4876695046957, 25.2069660721209], [-80.4875605040174, 25.2068420712745], [-80.4876185037437, 25.2067620723132], [-80.4877035041326, 25.206691071535], [-80.488168504463, 25.2067180719274], [-80.4887575046419, 25.2072510716145], [-80.4896585067871, 25.2073280711293], [-80.4905345061229, 25.2078310721448], [-80.4908715064068, 25.2078280722192], [-80.491483506152, 25.2075590710071], [-80.4921865070321, 25.2075080721484], [-80.4923475075889, 25.2074240715434], [-80.4922465073065, 25.2067130717348], [-80.4921455070242, 25.2065750721891], [-80.4921445080976, 25.2059790709764], [-80.49237150698, 25.2056810704949], [-80.4927745073861, 25.2055880711253], [-80.4936065081377, 25.2058860710217], [-80.4938595069593, 25.2060700697971], [-80.4938345077433, 25.2063680717646], [-80.4935575086322, 25.2065270712504], [-80.4935575077339, 25.2070560713059], [-80.4936335079018, 25.2071940719317], [-80.4940115081936, 25.2074010709516], [-80.4942645088119, 25.2076050721267], [-80.4945915090501, 25.2075830712753], [-80.4946925084341, 25.2074910722532], [-80.4947935087164, 25.2066420717407], [-80.4949185083899, 25.2064580713917], [-80.4952715094656, 25.2064110717483], [-80.4957005089127, 25.2066410712139], [-80.4958015091951, 25.2068240715738], [-80.4957765090807, 25.2071220716954], [-80.4955245091856, 25.2073990723488], [-80.4955755083409, 25.2078570709547], [-80.4957015087376, 25.2083160724142], [-80.4958535090736, 25.2085450718329], [-80.4962065101493, 25.2087060719328], [-80.4966355095964, 25.2087050722358], [-80.4967865092092, 25.2084060722265], [-80.4969625098346, 25.2083610719223], [-80.497051509523, 25.2085220722656], [-80.4971645095009, 25.2087270720715], [-80.4973385095782, 25.2087750721427], [-80.497824509825, 25.2089280727512], [-80.4979215108077, 25.2091190729116], [-80.4979565100695, 25.2096350714292], [-80.4983505102548, 25.2101230725065], [-80.4984775104764, 25.2107460732451], [-80.4988815116057, 25.2111110730468], [-80.499788511802, 25.2113150736927], [-80.5004585112735, 25.2113360733812], [-80.5006095126829, 25.2112000743666], [-80.5012405117964, 25.210146072584], [-80.5013425119036, 25.2096170721414], [-80.5006105125078, 25.2084990710685], [-80.5005365119897, 25.2084000707781], [-80.4997815121293, 25.2081260715083], [-80.4986995111326, 25.2081370722918], [-80.4986095107209, 25.2080790716961], [-80.4974395098606, 25.2073290716505], [-80.4968605106256, 25.2068010716814], [-80.4968845100168, 25.206320071557], [-80.4967325096808, 25.2060890701407], [-80.4958995091044, 25.2057230709997], [-80.4955735086911, 25.2053320703263], [-80.4954955088733, 25.2048960708758], [-80.4960255086027, 25.2037750686802], [-80.4960745099048, 25.2028550693083], [-80.4959475087849, 25.2026020685061], [-80.4956965096131, 25.2020530686932], [-80.4956195096202, 25.2009050695304], [-80.4957195091793, 25.200356068568], [-80.4956435090113, 25.2000560677912], [-80.4954465075712, 25.1998610673369], [-80.4953995086139, 25.1998170677081], [-80.49531550805, 25.1997370673816], [-80.4953405081643, 25.1995080676502], [-80.4956795089963, 25.1995680669967], [-80.4959255099419, 25.1996040677285], [-80.4979885098565, 25.1999410683947], [-80.4986445090843, 25.2002170677391], [-80.4993005110071, 25.2008130687127], [-80.4997885109037, 25.2014960683548], [-80.5002175112491, 25.2018410691275], [-80.5004935105353, 25.2022520687012], [-80.5004935114336, 25.2027130688425], [-80.5000635112633, 25.2038810700765], [-80.5001125116671, 25.2047080705936], [-80.5002635112799, 25.2048230711768], [-80.5007935119076, 25.2045700704005], [-80.5015765122553, 25.2036760694244], [-80.5022575124958, 25.2035390694266], [-80.5025845127339, 25.2034020692746], [-80.5028125123395, 25.203195069144], [-80.5031145133617, 25.2031510690944], [-80.5032395121368, 25.2040450690492], [-80.5034415135998, 25.2043890701811], [-80.5036415136163, 25.2052610703396], [-80.5037925141274, 25.2056500709839], [-80.5048755140508, 25.2065930703012], [-80.5056075152432, 25.2069610719385], [-80.5061615161604, 25.2070530705485], [-80.507422516359, 25.2068930704123], [-80.5078005166508, 25.2064810705362], [-80.5079195164765, 25.2064400700086], [-80.5080025172154, 25.2064110709355], [-80.5081365162114, 25.2065140700785], [-80.5081425169575, 25.2065340700677], [-80.5081215170411, 25.2067340714045], [-80.5081025167746, 25.2068460709368], [-80.5074725165877, 25.2073490715058], [-80.506891515008, 25.2085640726029], [-80.5069145145742, 25.2086880725077], [-80.507191515482, 25.2101250726901], [-80.5075945167864, 25.2108350723936], [-80.5084765168684, 25.2117770725048], [-80.5095345175757, 25.2122820731615], [-80.5096605179724, 25.2129940742337], [-80.5100885175946, 25.2135210736856], [-80.5103145175504, 25.2140950740513], [-80.5103385178398, 25.2155630756496], [-80.5106405188619, 25.2160670755864], [-80.5114215177632, 25.2167110763506], [-80.5129085197143, 25.2170100754596], [-80.5134635204564, 25.2173550753314], [-80.5140175204752, 25.2179520765297], [-80.5145975213317, 25.2178380765966], [-80.514724520655, 25.2177230769337], [-80.514875521166, 25.2173330762427], [-80.5151525211755, 25.2172440753451], [-80.5154055208955, 25.2174030752502], [-80.5154805203402, 25.2177010762862], [-80.5152785206738, 25.2180680755963], [-80.514546521278, 25.2185720765341], [-80.514546521278, 25.2191910778314], [-80.5146465208372, 25.2195570771023], [-80.5152265207953, 25.2201780766567], [-80.5156545213158, 25.220408077734], [-80.5165625222353, 25.2204790778232], [-80.5171425221935, 25.2206620776905], [-80.5178225217107, 25.2212350772795], [-80.5179225221681, 25.2214200776328], [-80.5189545238345, 25.2223160782702], [-80.5191815245136, 25.2223840784917], [-80.5206445234802, 25.2222940776406], [-80.5218055250181, 25.2216290776406], [-80.5240495264793, 25.221287077293], [-80.5243015272726, 25.2211730772344], [-80.524579527107, 25.2208960778657], [-80.524731527443, 25.2198870772995], [-80.524832526827, 25.2195890759293], [-80.5265745281478, 25.2178930753016], [-80.52700252777, 25.217686075436], [-80.5280625290255, 25.2173890748017], [-80.5285915298283, 25.2169530754714], [-80.5287175293267, 25.216565074828], [-80.5287935294947, 25.2165410755184], [-80.5289725286965, 25.2152340739325], [-80.5290165281792, 25.2151500754092], [-80.5291105296871, 25.2149710747732], [-80.5291995284773, 25.2147990730285], [-80.5291995293756, 25.2147730740762], [-80.5292005283022, 25.2140880740433], [-80.5289735285215, 25.2136960737669], [-80.5290745279055, 25.2135140736446], [-80.5294275289812, 25.2136980738917], [-80.5306115291869, 25.2146840737441], [-80.5309145309323, 25.2148450738497], [-80.5315695303352, 25.2147070737722], [-80.532196530149, 25.2142350741262], [-80.5326295306923, 25.2139080738161], [-80.5328985303059, 25.213951073574], [-80.5330585310378, 25.2139770735148], [-80.5332295316403, 25.2142210733132], [-80.5336635320086, 25.2142440734289], [-80.5361595324665, 25.2139550738153], [-80.5383025345437, 25.2143000742223], [-80.5393115357456, 25.2137960726553], [-80.5396395358086, 25.2135210728729], [-80.5399675349734, 25.2127660722845], [-80.5404975347028, 25.2118940722528], [-80.5406245349244, 25.2114580719256], [-80.5405495354796, 25.2109750713426], [-80.5405755354189, 25.2095300706701], [-80.5406765357013, 25.2086590699064], [-80.5405765352438, 25.2083830701947], [-80.5403245353487, 25.2080390697839], [-80.5395675349403, 25.2077190702678], [-80.5393155341469, 25.2074430700501], [-80.5392915356541, 25.2068690700079], [-80.5389395335049, 25.2062040686065], [-80.5380565326998, 25.2058130694781], [-80.5380565335981, 25.205560068321], [-80.5381025336289, 25.2055010692124], [-80.5386095337921, 25.2048440687343], [-80.5386545339979, 25.2041060675204], [-80.5383225337369, 25.2034380680598], [-80.5378135339239, 25.2031890682515], [-80.5372795330982, 25.2027070679262], [-80.5370225331802, 25.2020410667954], [-80.5368185329658, 25.2017210669553], [-80.5358515333933, 25.2012440669253], [-80.5357145322277, 25.2010420668026], [-80.5357665321062, 25.1996880664141], [-80.5357575318854, 25.1996190651176], [-80.5357385325171, 25.1994430661572], [-80.5356955319611, 25.1990320652295], [-80.5356935332096, 25.1990190665085], [-80.5358425322742, 25.198932065591], [-80.5360535321614, 25.1990760659548], [-80.5360835322986, 25.1990700656721], [-80.5360985323672, 25.1990820654244], [-80.5362475314318, 25.1996770656799], [-80.5365715321953, 25.2007300673145], [-80.5369985319925, 25.2011430677186], [-80.5378525333837, 25.2014430658171], [-80.5381775330737, 25.2022220680673], [-80.5390315344648, 25.2031870671411], [-80.5394555347874, 25.2039440681023], [-80.5400085349813, 25.2046100693889], [-80.5411635348747, 25.2057110694636], [-80.5417155361421, 25.2060350690708], [-80.5422425363968, 25.2062180687162], [-80.5435025367705, 25.2062000689232], [-80.5441565372468, 25.2060180689699], [-80.5446365376458, 25.2057690695621], [-80.5453175387846, 25.2050820689757], [-80.5453535378713, 25.2050740679096], [-80.5456465386725, 25.2049920683312], [-80.5465025388152, 25.2054980684167], [-80.5479395387409, 25.2061870685292], [-80.5480905401503, 25.2068280687983], [-80.5483925402741, 25.2071950692029], [-80.5493005402953, 25.2079990702968], [-80.549602540419, 25.2086410696616], [-80.5495765413781, 25.209260070276], [-80.5491475401344, 25.2100620705486], [-80.5490465407503, 25.2105900718136], [-80.5487935410303, 25.2112100711321], [-80.5482135401739, 25.2121050717086], [-80.548288540517, 25.2126540716982], [-80.548439541028, 25.2131600732524], [-80.5485905397424, 25.2134360726962], [-80.5491955407133, 25.2140540728378], [-80.5497245415161, 25.2141930724952], [-80.5506075423212, 25.2141010735934], [-80.5517675422375, 25.2136420728213], [-80.5522215426973, 25.2136660727027], [-80.5533815435119, 25.2140100718374], [-80.5538345432484, 25.2139890726103], [-80.5544395442192, 25.2138060724584], [-80.5545855438091, 25.2136730727349], [-80.5548685436663, 25.2134140712735], [-80.5550965441702, 25.2128190723302], [-80.5553485449636, 25.2125440719653], [-80.557088544838, 25.2120170715332], [-80.5572265458286, 25.2119600716443], [-80.5579705449199, 25.2116510707122], [-80.5581025460627, 25.2116670703537], [-80.5585265454869, 25.2117180707206], [-80.5596355471462, 25.2120650711196], [-80.5611985465703, 25.2123410706086], [-80.5619545471539, 25.2122030709423], [-80.5621055485632, 25.2120870719734], [-80.5622825481152, 25.2119510713599], [-80.5623445480395, 25.2117450708105], [-80.5623585482832, 25.2116980707705], [-80.5623585482832, 25.2114890707702], [-80.5623585473849, 25.2109420705715], [-80.5623375474685, 25.2108520710091], [-80.5622675480466, 25.2105450706914], [-80.5622585478258, 25.2105060708974], [-80.5621435481981, 25.2103570701939], [-80.5614775471279, 25.2094970695072], [-80.5613265475151, 25.2090130695746], [-80.560847546941, 25.2081650696266], [-80.5607975476106, 25.2076140686686], [-80.5605205467029, 25.2069720695762], [-80.5601425464111, 25.2063520689883], [-80.5600675469663, 25.2058490683632], [-80.5594375467795, 25.2047920673834], [-80.5593875465508, 25.2044940672472], [-80.5593115454845, 25.2044490679351], [-80.5592365451414, 25.2041730676181], [-80.5592115459254, 25.2026830675094], [-80.559085546427, 25.2022000662431], [-80.5589605449569, 25.2009390662811], [-80.5588595446745, 25.2005260659978], [-80.5585695451446, 25.1999280648939], [-80.5585515456013, 25.1993120649185], [-80.5586515460587, 25.1991220645902], [-80.5587255456786, 25.1991040645608], [-80.5594905455846, 25.1989200641983], [-80.559970546882, 25.1985310639965], [-80.5603485462754, 25.198508064163], [-80.5605685463834, 25.1984640648581], [-80.5609745462643, 25.1980740650409], [-80.5623515468139, 25.1977780651045], [-80.5639285482783, 25.1970260637877], [-80.5655265496591, 25.1951170619885], [-80.5652425490786, 25.1930050616938], [-80.5652255493602, 25.1929420612599], [-80.5651795493295, 25.1927820612758], [-80.565271549391, 25.1927220602116], [-80.5653925479682, 25.1926600618987], [-80.5661175494879, 25.1927530613883], [-80.5677285503892, 25.1929580609216], [-80.5684695509041, 25.193052061635], [-80.5687965520406, 25.1931680616717], [-80.5696875505467, 25.1940790619104], [-80.5708385529371, 25.1952560621363], [-80.571467553299, 25.1960120630214], [-80.572753553612, 25.1971600627972], [-80.5733335535702, 25.1974570640253], [-80.5745685547278, 25.1978040628101], [-80.5749715542356, 25.1979860644759], [-80.5752305547017, 25.1982360641413], [-80.5758025560606, 25.1987900646139], [-80.5761795556291, 25.1993860636314], [-80.5762695551425, 25.1994880640683], [-80.5769105569966, 25.2002130646079], [-80.577213556047, 25.20076106564], [-80.5772165564201, 25.2008340645234], [-80.5772385570597, 25.202230064444], [-80.577061555711, 25.2031940661505], [-80.576707556607, 25.2036300660073], [-80.5764305556993, 25.2035850663758], [-80.5760625563516, 25.2031970661903], [-80.5760015553539, 25.2031240662853], [-80.5758495550179, 25.2023480658032], [-80.5755905554501, 25.2010270655247], [-80.5753995547561, 25.2000510640737], [-80.5751725549754, 25.199431064002], [-80.5746185540582, 25.1986760646141], [-80.5737865551033, 25.1983080631303], [-80.5732565544756, 25.1981930637087], [-80.5718955520229, 25.198284063472], [-80.5712655527343, 25.1985350647447], [-80.5704325530562, 25.1993160640153], [-80.5700545527644, 25.1997960652196], [-80.5695745514671, 25.20071306566], [-80.5692975514576, 25.2014710655044], [-80.5692215503913, 25.2020670660292], [-80.5692205514647, 25.2038800662759], [-80.5690185526967, 25.2041770665553], [-80.5677585514247, 25.2042680675358], [-80.5669515507875, 25.2041310673914], [-80.5650855487198, 25.2041520675066], [-80.5646065499423, 25.204291067094], [-80.5641015494289, 25.2047020673373], [-80.5640265490858, 25.2048070673846], [-80.5638475489857, 25.2050600676684], [-80.5638245476228, 25.2050920678692], [-80.5637605480487, 25.2052880677981], [-80.5636975482995, 25.2054820687771], [-80.5635975487404, 25.2064230691515], [-80.5635205487475, 25.2065380689273], [-80.5635455488619, 25.2071800686832], [-80.5640495486521, 25.2078450688164], [-80.5647055496765, 25.2082830701094], [-80.5654855496512, 25.2095900699539], [-80.5660155502789, 25.2101400695959], [-80.567451551278, 25.2111960707838], [-80.5681575516329, 25.2115170713977], [-80.568325550964, 25.2115470705535], [-80.5684095515279, 25.2115630718341], [-80.5692675513204, 25.2114020706371], [-80.5696705526249, 25.2111730700921], [-80.5703765529797, 25.2104620710523], [-80.570730552982, 25.2103030702049], [-80.5712845530009, 25.2103950703525], [-80.5718895539717, 25.2106920701777], [-80.5722935542027, 25.210786070204], [-80.5728485540465, 25.210647069906], [-80.573453554119, 25.2102340692358], [-80.5738575543501, 25.2100520688124], [-80.5745635547049, 25.210075069716], [-80.5748905558414, 25.2102360694176], [-80.5754955559139, 25.2108540703679], [-80.5755715551835, 25.2110170700206], [-80.5764025570085, 25.2117960695193], [-80.5771085573633, 25.2120930708018], [-80.5780165573845, 25.2120490715305], [-80.5798575593379, 25.2117290711794], [-80.5805125587408, 25.2114080703119], [-80.5809915593149, 25.2110860705458], [-80.5823795597351, 25.2105600691709], [-80.5828585603092, 25.209963069904], [-80.5829845589093, 25.2096200687719], [-80.5828075593573, 25.2087480689556], [-80.5824045589512, 25.2083340686433], [-80.5824555599031, 25.2081280676609], [-80.5827075597982, 25.2079890675783], [-80.5831615602579, 25.2081280676609], [-80.5837415611144, 25.2079440687454], [-80.5841445606222, 25.2074630682612], [-80.5841455613455, 25.2067510681544], [-80.5837425609393, 25.2059490663844], [-80.5833635599243, 25.2054440662719], [-80.5832885604796, 25.205239067439], [-80.5833645606476, 25.2041600670076], [-80.5836925598123, 25.2034950662502], [-80.583717560825, 25.2033300651698], [-80.583743559866, 25.203152065586], [-80.5836175612659, 25.2020490648096], [-80.5835165609835, 25.2018210643033], [-80.5834165605261, 25.2012000653578], [-80.5837215601247, 25.2007470649027], [-80.5838415597753, 25.2005660646892], [-80.584295560235, 25.200521064738], [-80.5847745608091, 25.2007030647812], [-80.5852545612082, 25.2007480654779], [-80.5864905612924, 25.2005620648206], [-80.5876255619927, 25.20070006468], [-80.5890125634863, 25.2000100646318], [-80.5895295636952, 25.1997930634703], [-80.5896685636124, 25.1997340640054], [-80.5908035643126, 25.1996420639285], [-80.5915855648355, 25.1992540641823], [-80.592594565139, 25.1983580628097], [-80.5927955649804, 25.1980610629663], [-80.5928465641358, 25.1972350626092], [-80.5935005655104, 25.1965210616157], [-80.5938765661523, 25.195881061343], [-80.5941785662761, 25.1951680611606], [-80.5942025656672, 25.1947800609776], [-80.5941525663368, 25.1945960605845], [-80.5943515656301, 25.1935860608177], [-80.5943005655765, 25.1926700593736], [-80.5940975660853, 25.1924880603305], [-80.594021565019, 25.1922570594963], [-80.594021565019, 25.1914800598305], [-80.5942975652035, 25.1908600592054], [-80.5946245663399, 25.1903770590043], [-80.595252566877, 25.1898260580234], [-80.5958075667208, 25.189596058498], [-80.5972435668216, 25.1893630581578], [-80.5980495676338, 25.1893400582187], [-80.5986535678814, 25.1892250576451], [-80.5999375694429, 25.1884670588031], [-80.6010205693663, 25.1882130583207], [-80.6019015696233, 25.1878200569626], [-80.6034625711942, 25.1875900569014], [-80.6046465722982, 25.1870380572592], [-80.6056035718249, 25.1867390576958], [-80.6064095726372, 25.1863930565321], [-80.6071635735709, 25.1856590568529], [-80.6078165724257, 25.1843960549189], [-80.6080165733405, 25.1836390552008], [-80.608444573861, 25.183226054785], [-80.6089475738263, 25.1829050543769], [-80.6092485741251, 25.1826070543376], [-80.6098015743191, 25.1815510539733], [-80.6100025741605, 25.1807930537267], [-80.6102275733931, 25.180313053241], [-80.6106805749263, 25.1798540527306], [-80.6110095757126, 25.1796140537202], [-80.6110535742969, 25.1796280528219], [-80.6120095757953, 25.1789310525071], [-80.6121595755831, 25.1786830521312], [-80.6121135755523, 25.1779030514093], [-80.612391576285, 25.1776290518137], [-80.6129715753448, 25.1773330517898], [-80.6133505754615, 25.1769470508161], [-80.6134525764671, 25.1767390504796], [-80.6135275759118, 25.1767180505158], [-80.6135545765743, 25.176558051176], [-80.6141355772557, 25.1759650509327], [-80.614453577273, 25.175788050349], [-80.6144695771665, 25.1757850496342], [-80.6149645776341, 25.1758040506374], [-80.6160715787453, 25.1762590511], [-80.6172535775045, 25.176346050325], [-80.6183105792853, 25.1768700507915], [-80.6190165787418, 25.1773690509632], [-80.6190935805313, 25.1774660513703], [-80.619205579786, 25.1776130517648], [-80.6192695802584, 25.1776950518912], [-80.6192435794209, 25.1780180512874], [-80.6184625796213, 25.1790020523973], [-80.6182355780439, 25.1796900528889], [-80.618216579574, 25.1797250522441], [-80.6181035795961, 25.1799300525626], [-80.6178355798075, 25.1804170540622], [-80.6178065794951, 25.1804700535554], [-80.6178575795488, 25.1806080534162], [-80.6193325791093, 25.1817790534039], [-80.6195945790501, 25.1819860533518], [-80.6196215806109, 25.18200805395], [-80.6204535804642, 25.181780053322], [-80.6212855803174, 25.1811590529994], [-80.6214365808284, 25.18094605291], [-80.6215125809964, 25.1808400526886], [-80.6216185804033, 25.1804540530666], [-80.6218465809073, 25.180321051869], [-80.6221685811226, 25.1804610525694], [-80.6231255824459, 25.1812050527103], [-80.6240825828709, 25.1813660531876], [-80.624409583109, 25.1815960528036], [-80.6247365833472, 25.181922053806], [-80.6250655823368, 25.1822370548788], [-80.6251925834567, 25.1825590537067], [-80.6250155830064, 25.1827870536901], [-80.6248165837131, 25.1828280540519], [-80.6247895830506, 25.1828340543218], [-80.6234785826233, 25.1825820533], [-80.6226965829988, 25.1826950530065], [-80.6222185813513, 25.1828790543043], [-80.6217395816755, 25.1835210544119], [-80.6214615809428, 25.1836130544719], [-80.6212505810556, 25.1835330540702], [-80.6199555805218, 25.1830390542879], [-80.619722579995, 25.1829500543331], [-80.6169575790252, 25.1827400538532], [-80.6166725786199, 25.1827180542001], [-80.6158905771987, 25.1826030538793], [-80.6142775775459, 25.1825580546079], [-80.6129665762203, 25.1820310536474], [-80.6119075765864, 25.1820530542375], [-80.6115055751068, 25.1821470544231], [-80.6111265758885, 25.1822360541515], [-80.6109555752859, 25.1823050547274], [-80.6104865747576, 25.1824940545496], [-80.6097925758949, 25.1827730541384], [-80.6095885738838, 25.1828550548576], [-80.6092865728617, 25.1832000547809], [-80.6090595739793, 25.1836580557925], [-80.609084574992, 25.1842540548791], [-80.6093915742403, 25.1846330553953], [-80.609513574439, 25.1847830557673], [-80.6097725749051, 25.1852660553854], [-80.6098155745628, 25.1853550552744], [-80.6097395743949, 25.1859290559289], [-80.6092095737671, 25.1864800566517], [-80.6080505736758, 25.1872830564578], [-80.6074705737176, 25.1878330576917], [-80.6066385729661, 25.1882010574975], [-80.6049245730309, 25.1885210570964], [-80.6044205732408, 25.1886820576615], [-80.6040925713811, 25.188887057543], [-80.6037145719876, 25.1893920580395], [-80.6032605706295, 25.1905850596354], [-80.6033355718709, 25.1912960593293], [-80.6034865714836, 25.1917100582373], [-80.603764571318, 25.1920990590922], [-80.6041165707722, 25.1931540592486], [-80.6055285723802, 25.1944630601934], [-80.6055785735072, 25.1946460601621], [-80.6057295731199, 25.194806060136], [-80.6058805727326, 25.1961140622203], [-80.6057295731199, 25.1967320625204], [-80.6052755717618, 25.1980180624719], [-80.6041405719599, 25.199783062516], [-80.6039415717683, 25.20093606456], [-80.6039495721642, 25.2010500640695], [-80.6040035716926, 25.2015190643727], [-80.6040145724615, 25.2016180637569], [-80.6043395730499, 25.2021180647289], [-80.6044925723124, 25.2023530637367], [-80.6049215717595, 25.2027420655453], [-80.6068125739416, 25.2031110647499], [-80.6078715744739, 25.2030190647864], [-80.6085275746, 25.2027430636658], [-80.6090065751741, 25.2023060649468], [-80.6094605747355, 25.2017340637622], [-80.6096115743483, 25.2006780642063], [-80.6097125755289, 25.2004730630378], [-80.6099385763831, 25.2002650630377], [-80.6103425757158, 25.2003570634567], [-80.6107045770123, 25.2005330635344], [-80.6110985762993, 25.2007250636247], [-80.6120815766636, 25.2005870629808], [-80.6128135769577, 25.2006570634919], [-80.6141745776137, 25.200931063317], [-80.6149055789813, 25.2007260633873], [-80.6160655779992, 25.1997170630245], [-80.6167465800363, 25.1994190634713], [-80.6182845802444, 25.1989600626044], [-80.6189655804848, 25.1984780626066], [-80.6191415811102, 25.1982710614198], [-80.6192675797103, 25.1976980609999], [-80.6194645811504, 25.197630062428], [-80.61959558157, 25.1975840607906], [-80.6200745812458, 25.1977900617328], [-80.6207045814326, 25.1985010624458], [-80.6209065819973, 25.1988900627434], [-80.6212595821748, 25.1992110624835], [-80.6216115825273, 25.1993720619231], [-80.6219905835423, 25.1993730625097], [-80.6225445817645, 25.1991900615161], [-80.6231505825602, 25.1987980620288], [-80.6235785830807, 25.1983860607679], [-80.6240075843244, 25.197789061946], [-80.6241845847748, 25.1971480612298], [-80.6241585830388, 25.1963450606161], [-80.6240835835941, 25.1962290611668], [-80.6242095830925, 25.1954730608158], [-80.624788584124, 25.195289059844], [-80.6253185838534, 25.195013059897], [-80.6256475837414, 25.195145059879], [-80.6257215842596, 25.1951740600098], [-80.6259235848242, 25.1955180601939], [-80.6270075854708, 25.1963450606161], [-80.6282435855551, 25.1974900611366], [-80.6286715860756, 25.1976740612214], [-80.6294525867735, 25.1977220607737], [-80.6299505867159, 25.1975200604979], [-80.6303605867947, 25.1973540612839], [-80.6307635863025, 25.1969870596625], [-80.6309475873239, 25.1965490608091], [-80.6309655868672, 25.1965060605936], [-80.6309905878799, 25.1955200589918], [-80.6311165864799, 25.1953350607226], [-80.6317725875044, 25.1950360595778], [-80.6332085894018, 25.1946020594619], [-80.6336875890776, 25.1941650591628], [-80.6340415890799, 25.193592058932], [-80.6340415881816, 25.1925610584831], [-80.6342425889214, 25.1923760573451], [-80.6351505898409, 25.1923530587877], [-80.6356795897454, 25.1924420583765], [-80.6365115895986, 25.1925820581552], [-80.6369915917943, 25.1924210586803], [-80.6376215919811, 25.1920090577929], [-80.6378985919906, 25.1914820578818], [-80.6382005912161, 25.1911820571916], [-80.6388555915173, 25.1908860575748], [-80.6391715918847, 25.1908750568585], [-80.6394265921529, 25.1908660566411], [-80.6420105933727, 25.1907760576822], [-80.6442005962039, 25.1907000572994], [-80.6454115961738, 25.1904250573681], [-80.6460405956374, 25.1901490569666], [-80.6466775963952, 25.1897280562218], [-80.6466965957635, 25.1897150565077], [-80.647124596284, 25.189531055779], [-80.6473265968487, 25.189692056635], [-80.6472765966199, 25.1908380569541], [-80.647503597299, 25.1914350573348], [-80.6478305975371, 25.1918470577251], [-80.6482845979969, 25.1921680581466], [-80.6490915977357, 25.1923980585057], [-80.6512845991433, 25.1926050574822], [-80.6516385991456, 25.192488057079], [-80.6521925991645, 25.1920990582793], [-80.6524445999579, 25.1914560572009], [-80.6524945992883, 25.1904470564425], [-80.6527466000817, 25.1896210564706], [-80.6531506003127, 25.1891390560919], [-80.6539066008963, 25.1886570562447], [-80.6543346005185, 25.1882230561606], [-80.6544606009152, 25.1876250548005], [-80.6545106002456, 25.1867310554245], [-80.6541826010808, 25.1856080536996], [-80.6542836004648, 25.1848040535285], [-80.6545356003599, 25.1845520533292], [-80.6551906006611, 25.184506053256], [-80.656350602374, 25.1850100541365], [-80.6585686020993, 25.1849410534665], [-80.6593756027365, 25.1847800528352], [-80.6599046035393, 25.1844360540301], [-80.6601566043327, 25.1838860529067], [-80.6603326040598, 25.1829920512965], [-80.6605596038405, 25.182417052339], [-80.6608626037892, 25.1819820520602], [-80.6615926044335, 25.1812920516566], [-80.6629286049752, 25.1804670513299], [-80.6637856058411, 25.1798010505306], [-80.6639876055075, 25.1795030502175], [-80.6643146057456, 25.1779890495116], [-80.6642646055169, 25.1774150496657], [-80.6640876059649, 25.1772090492261], [-80.663869606405, 25.1768490500373], [-80.6631036048774, 25.1755820479727], [-80.6624486045762, 25.1749840488028], [-80.6619186039484, 25.1747550480665], [-80.6609106043681, 25.1744820470633], [-80.6598516029376, 25.1744340481102], [-80.6591966035347, 25.1747560480423], [-80.6587936031285, 25.1751470493133], [-80.6582646023257, 25.1761780491586], [-80.6582646023257, 25.1767060493735], [-80.6583146025544, 25.1774400509503], [-80.6579606025521, 25.1775080502236], [-80.6571826013289, 25.1769150489113], [-80.6557936019821, 25.1758580480384], [-80.6553876012029, 25.1757350488198], [-80.6549626001572, 25.1756060488515], [-80.6536126002701, 25.1756500490955], [-80.6534405989443, 25.1756350495685], [-80.6516595981637, 25.1753540491437], [-80.6509545985321, 25.1754000486066], [-80.6472745969701, 25.1765250492079], [-80.6445775948741, 25.1772140498171], [-80.6437955943513, 25.1775800508953], [-80.6432915945611, 25.1780160513895], [-80.6430645938821, 25.1781090506759], [-80.6407205928618, 25.1781320511091], [-80.6399125923997, 25.1782640506838], [-80.6394325911023, 25.1783430513463], [-80.6380725911695, 25.1785650514211], [-80.6355265886862, 25.1784060511999], [-80.6352005891713, 25.1782220512781], [-80.6347215885972, 25.1775120500362], [-80.6340435878314, 25.1768810511464], [-80.6339205878078, 25.1767670493418], [-80.6336115889096, 25.1764790501696], [-80.6336375879506, 25.1763430504369], [-80.6337145888418, 25.1763220504048], [-80.6345695882612, 25.1760440490204], [-80.6354775891807, 25.1759520505633], [-80.6356775900956, 25.1760890498841], [-80.6365345900631, 25.1763420504741], [-80.6378465903154, 25.1762260490509], [-80.6393575916576, 25.1766150497505], [-80.6402905917931, 25.1766640502438], [-80.6416515924492, 25.1759280497526], [-80.642584593483, 25.1755620502176], [-80.6443495943701, 25.1751480492858], [-80.6450795941161, 25.1747130482647], [-80.6458685943116, 25.1739570477308], [-80.6475225966672, 25.1715120469789], [-80.6492515975693, 25.1686570458534], [-80.6499025967742, 25.1673580444827], [-80.651280598047, 25.1639760426963], [-80.6517805985376, 25.1621280426589], [-80.6517545985983, 25.1605060406393], [-80.651678597532, 25.1604610421551], [-80.6514285972867, 25.1597990406002], [-80.6510755971093, 25.15934304122], [-80.6510005976645, 25.1590460406054], [-80.6509495976109, 25.1574490395768], [-80.6513245975296, 25.1568790394717], [-80.6516245980036, 25.1567610396137], [-80.6516775977071, 25.1567410395851], [-80.653036597815, 25.1565360393062], [-80.6541205984616, 25.1562860386586], [-80.6553306004032, 25.1557600389146], [-80.655986599631, 25.1551410396843], [-80.6564155999764, 25.1542960376121], [-80.656441600814, 25.1526300367618], [-80.6564515999614, 25.1525040364078], [-80.6563175991688, 25.1515220372826], [-80.6562406000742, 25.1502360362468], [-80.6559385990521, 25.1493870344379], [-80.6556115997123, 25.1489950349599], [-80.6552985997178, 25.1487700357819], [-80.65505859862, 25.1486870355322], [-80.6546615989599, 25.1485530352746], [-80.6536445982605, 25.1481960350169], [-80.6524595982299, 25.1473240347325], [-80.6522075974365, 25.1469780339321], [-80.6522825968812, 25.1465890346553], [-80.6524935976667, 25.1463900340212], [-80.6528135982322, 25.1460860345552], [-80.6548295991894, 25.1456710341875], [-80.654978598254, 25.1456100341164], [-80.6566686005947, 25.1449370333214], [-80.6571476002705, 25.1450050336404], [-80.6573996010639, 25.1452590330616], [-80.6570725999274, 25.1459240344502], [-80.6571226010545, 25.1462900334779], [-80.6575516013999, 25.1467040339748], [-80.6579796001237, 25.1466100333017], [-80.6585086009265, 25.1455800333637], [-80.6586346013233, 25.1452350335294], [-80.6585586002569, 25.1447080330929], [-80.6583066012602, 25.1442250322037], [-80.6583316004762, 25.1434230320519], [-80.6586086004856, 25.1430110322836], [-80.6591636012278, 25.1426420316523], [-80.659717602145, 25.1424350324164], [-80.6612546025281, 25.142321030943], [-80.6640516041833, 25.1414500312237], [-80.6653876047249, 25.1416310305817], [-80.6660676051405, 25.1419300309731], [-80.6677556060347, 25.142295031976], [-80.669066606462, 25.1421360316354], [-80.6697216076615, 25.1418820314084], [-80.6702256065534, 25.1414930305294], [-80.6710566083783, 25.1404150295606], [-80.6712836072607, 25.1400480297354], [-80.6720896089713, 25.1394740302432], [-80.6724176081361, 25.1389690295635], [-80.6730976094499, 25.1386030297301], [-80.6737016096975, 25.1384860295519], [-80.6739156090595, 25.1385430296527], [-80.674050609677, 25.1385860299822], [-80.6745086103347, 25.1388300294849], [-80.6749856103607, 25.1399680300303], [-80.6751136104072, 25.1402750300565], [-80.6750626112519, 25.1411010300955], [-80.6745856103276, 25.1422500316551], [-80.6740806107125, 25.1427070309078], [-80.6724406086006, 25.1433280318714], [-80.6713756082206, 25.1438340318267], [-80.6709296081568, 25.1441540315836], [-80.6708766084533, 25.1442080324255], [-80.6703776077877, 25.1447040322045], [-80.6698996070385, 25.1455540334644], [-80.6696976073721, 25.1461270326201], [-80.669294606966, 25.1465860340352], [-80.668568607418, 25.1470650329025], [-80.6675566067414, 25.1477340341856], [-80.6671786064496, 25.148399034287], [-80.6658686049489, 25.1496610356901], [-80.6657556058693, 25.1499110352751], [-80.6656926052218, 25.1500510351118], [-80.6656426058914, 25.1508770356762], [-80.665498605053, 25.1509640367461], [-80.6652636048764, 25.151106035714], [-80.6642056041691, 25.1513820358809], [-80.6635506047662, 25.1521400368224], [-80.6633746041408, 25.1523440361966], [-80.662151603577, 25.1537460379353], [-80.6619126023041, 25.1540200375313], [-80.6612326036851, 25.1544090375151], [-80.6590906023312, 25.1550750379693], [-80.6588896024897, 25.1550290381573], [-80.6573766005994, 25.1557640386275], [-80.6566206000159, 25.1562910384814], [-80.6560916010096, 25.1569580393542], [-80.6555125999781, 25.1578980395475], [-80.6552355999687, 25.1589540407063], [-80.6549585999592, 25.1595490409478], [-80.6538495991983, 25.1610410418541], [-80.6531695987827, 25.1623940423259], [-80.653068597602, 25.1628750418893], [-80.6531195976557, 25.1638390427732], [-80.6535735990138, 25.1646640426178], [-80.6546575996604, 25.1657430432576], [-80.6556916000782, 25.1665230437308], [-80.6563216002651, 25.1669350437891], [-80.6567496016839, 25.1675320441921], [-80.6570016006807, 25.168404044762], [-80.657329601642, 25.1688860450357], [-80.6575226019859, 25.168987046594], [-80.6578086022162, 25.1691370458964], [-80.6581076010686, 25.1691730458641], [-80.6581866016096, 25.169183046079], [-80.6589176020788, 25.16902304498], [-80.6602786036332, 25.1683100445473], [-80.6609586031504, 25.1677830445879], [-80.6619166034003, 25.1673920440903], [-80.663479604621, 25.1675070441277], [-80.6645136059372, 25.1673690448829], [-80.6656476059142, 25.166796043856], [-80.6662016059331, 25.1666800439191], [-80.6674116069764, 25.1669330437093], [-80.6686966083628, 25.1667490443574], [-80.6693776086033, 25.1668400440274], [-80.6698306083398, 25.1670470441406], [-80.6699826086758, 25.1672530438651], [-80.6699066085078, 25.1676430439612], [-80.6696546086127, 25.1679880446638], [-80.6689996074132, 25.1684920455546], [-80.668394608239, 25.1692270445761], [-80.6680166079472, 25.1699600456411], [-80.6679926076578, 25.1708310450993], [-80.6681436081688, 25.171222045138], [-80.6686736078983, 25.1717950465038], [-80.6696566082625, 25.1724830470246], [-80.6705896092964, 25.1735150474363], [-80.6709426094738, 25.1740890469488], [-80.6712706104352, 25.1743850475335], [-80.6716996098823, 25.1745920478448], [-80.6723796102979, 25.1745010482697], [-80.6727826116023, 25.1743390468746], [-80.6732616112781, 25.1739040478444], [-80.6734886119571, 25.1734220462708], [-80.6734876112339, 25.1723900466978], [-80.6733866109516, 25.1720240462964], [-80.6733876107765, 25.1719780463726], [-80.6733936106243, 25.1717760465017], [-80.673399610472, 25.1715680462848], [-80.6734116110659, 25.1711280454698], [-80.6740666113671, 25.1700280450218], [-80.6740156113135, 25.1688580451765], [-80.6737636114184, 25.1685820447105], [-80.6725786104895, 25.1680550451136], [-80.6723516107087, 25.1678020452122], [-80.6723266105944, 25.167504044022], [-80.6725286102608, 25.167344044785], [-80.6737376114792, 25.1672290437809], [-80.6747966111131, 25.1670220431636], [-80.6752246125319, 25.1667920436917], [-80.6757286114238, 25.1663100432712], [-80.6771146130925, 25.1645430419817], [-80.6776436138953, 25.1641540426038], [-80.6780716126191, 25.1639470416453], [-80.6796596139542, 25.1640390418437], [-80.6802566145291, 25.1645430419817], [-80.6803916151466, 25.164657042208], [-80.680441614477, 25.1647940420252], [-80.680366614134, 25.1656660418479], [-80.6801146142389, 25.1661480423748], [-80.6800136139565, 25.1665610437431], [-80.6781246132209, 25.1689710445979], [-80.6779986146208, 25.1693610448903], [-80.6777976129827, 25.1708060457112], [-80.6775206129733, 25.1720440462579], [-80.6775206129733, 25.1728710466696], [-80.6777226126397, 25.1733750468874], [-80.6777486143756, 25.1736490471026], [-80.6778496137596, 25.1737430472659], [-80.677874613874, 25.1739480470768], [-80.6784546147304, 25.1746130473619], [-80.6793366148124, 25.1744980475231], [-80.6802436150086, 25.1745680475793], [-80.6810506156458, 25.1743820467841], [-80.6812016161569, 25.174222046817], [-80.6814276152144, 25.1734890477995], [-80.6820076160708, 25.1728240454478], [-80.6825116167593, 25.1726170461993], [-80.6837976179706, 25.1723400461169], [-80.6842256175927, 25.1720180463073], [-80.6843006170375, 25.1718360464983], [-80.6846536172149, 25.1710330457229], [-80.685056617621, 25.1707350451122], [-80.6863166188931, 25.1704580448189], [-80.6867956194672, 25.1701840455621], [-80.687425619654, 25.1693340435344], [-80.6881056200696, 25.1688750447724], [-80.6890126202659, 25.168576043739], [-80.6902726206396, 25.1685290424874], [-80.6907766213281, 25.1683700438104], [-80.6913566212862, 25.1680260434066], [-80.6931716233003, 25.1672910420238], [-80.6936996233799, 25.1668770422745], [-80.6940276225447, 25.1663040430009], [-80.6942286232844, 25.1657290425615], [-80.6946566229066, 25.1653390420353], [-80.6956146240548, 25.1647430415237], [-80.6961436239593, 25.1638480417343], [-80.6964956243118, 25.1635280407743], [-80.6978566258662, 25.1629530402553], [-80.6983096247044, 25.1624700400335], [-80.6985196247667, 25.1620420398731], [-80.6986126246531, 25.1618520407833], [-80.6986126246531, 25.1617020406509], [-80.698610624105, 25.1590530388979], [-80.6983836243242, 25.1586170388926], [-80.6980556251595, 25.1574710380981], [-80.6979276242147, 25.1554980375127], [-80.6975996241516, 25.1549240374964], [-80.6975996250499, 25.1544430358536], [-80.6977506246626, 25.1543050356509], [-80.6991866247635, 25.1538910357327], [-80.7002706254101, 25.1533620349674], [-80.702412626764, 25.1532020358813], [-80.7029416284651, 25.153088034707], [-80.7035216266267, 25.1527430349552], [-80.7040506283278, 25.1520530349647], [-80.7046796277914, 25.1509300341856], [-80.7048806285312, 25.1504930350637], [-80.7051326284263, 25.1495770334248], [-80.7053846283213, 25.1490260326204], [-80.7053326293411, 25.1483380339529], [-80.7052326288837, 25.1482000325382], [-80.704853628767, 25.1467540320541], [-80.7046756284918, 25.1451260308853], [-80.7042216271337, 25.1447140311726], [-80.7033906271054, 25.1442310311203], [-80.7032136266551, 25.1438430306369], [-80.7032226268759, 25.1429190300532], [-80.7032246274241, 25.1426700310231], [-80.7032366271196, 25.1414560302767], [-80.7037156276937, 25.1406760289333], [-80.7040676271479, 25.1404240286228], [-80.7062996280152, 25.1398240289653], [-80.7064606294703, 25.1397860287576], [-80.706977628781, 25.1400500294427], [-80.7073426295523, 25.140559028302], [-80.7079996295033, 25.1413160295267], [-80.7080256294426, 25.1417980302949], [-80.7078486298906, 25.1422570292845], [-80.7079756292139, 25.1428990301956], [-80.7086066301239, 25.1438170303676], [-80.7086106294236, 25.145701031665], [-80.7086076299488, 25.146041032379], [-80.7087586304599, 25.1468440326112], [-80.7090366302942, 25.1474400319329], [-80.7102216303249, 25.1489300333606], [-80.7105256309968, 25.1498940338494], [-80.7106276320023, 25.1507890335588], [-80.7109046311135, 25.1513850347568], [-80.7115766320314, 25.1519550345082], [-80.7118586320637, 25.1520170348227], [-80.7123416337341, 25.1518430341224], [-80.7123716329731, 25.1518210337732], [-80.7125676327916, 25.1516820345058], [-80.712618631947, 25.1516650349531], [-80.7129726328476, 25.1515450345992], [-80.7136016332095, 25.1517270346019], [-80.7139036333333, 25.1519100344962], [-80.7143326336787, 25.1527130343297], [-80.7148626334081, 25.1533780349458], [-80.7160986343907, 25.1544570354058], [-80.7173346353733, 25.1553960352196], [-80.7178886353922, 25.1556700359888], [-80.7187196372171, 25.1555550361742], [-80.7195766371847, 25.1551880363377], [-80.7216186380812, 25.1548650350099], [-80.7228026400836, 25.1544510345525], [-80.7237096393815, 25.154015035176], [-80.7248836404398, 25.153226035473], [-80.7256236411298, 25.15272903358], [-80.7261776411487, 25.1525680335062], [-80.7267326409925, 25.1526140342459], [-80.7268986406739, 25.1526770343824], [-80.7270356418395, 25.1527280334237], [-80.7272116415666, 25.1528880339445], [-80.7272616417953, 25.1531410338825], [-80.727337641065, 25.1531860350667], [-80.7272626416203, 25.1537370349765], [-80.7265826412047, 25.1546320349587], [-80.7264066414776, 25.1552050353996], [-80.7263316411345, 25.155964036302], [-80.7259296405533, 25.1566740353592], [-80.7247706395636, 25.1576840377321], [-80.7237636398082, 25.1588330376578], [-80.7230076383264, 25.1593380374568], [-80.7228066393832, 25.1599560388743], [-80.722957638996, 25.160552038386], [-80.7230856399408, 25.1615620395478], [-80.723614638947, 25.1624110387575], [-80.7240946402443, 25.1634190390233], [-80.7244236401323, 25.1642460402069], [-80.7247766403097, 25.1648630410915], [-80.7249526400368, 25.1652990407225], [-80.7255326408933, 25.1657810418869], [-80.7264916418664, 25.1660790407834], [-80.7279036425761, 25.1667430408566], [-80.728760643442, 25.1670400406154], [-80.7302726428124, 25.1671080416246], [-80.7317096445348, 25.1674520413661], [-80.7320376454961, 25.1673600413034], [-80.7319866445442, 25.1672000418774], [-80.7313056452021, 25.1665350409973], [-80.7310286442943, 25.1660310409613], [-80.7305996439489, 25.1655260404169], [-80.7299936431532, 25.1651370401092], [-80.7296406429758, 25.1646080401411], [-80.7292616437574, 25.1636230398638], [-80.7291856435894, 25.1631420391851], [-80.7294116426469, 25.1621780384835], [-80.7295366432187, 25.1602050384106], [-80.7299136427872, 25.1597680375456], [-80.7301916435199, 25.1596310369614], [-80.7306956451066, 25.1596540376281], [-80.7327876444353, 25.1605700376057], [-80.7341996451449, 25.1609810381721], [-80.7351826464075, 25.1608430380473], [-80.7356866461977, 25.1605910379115], [-80.7369956478735, 25.1591670369378], [-80.7372726478829, 25.1590740370257], [-80.737524647778, 25.1591900368789], [-80.737827648625, 25.1594640372579], [-80.7379286480091, 25.1604510371594], [-80.7381566476147, 25.1610020375941], [-80.7388376487535, 25.1616190386283], [-80.7393166484293, 25.1618480380177], [-80.7398216489427, 25.1619680388078], [-80.7404766501422, 25.1621240390893], [-80.7410806494914, 25.1623750384198], [-80.7417376512391, 25.1632930384294], [-80.7419696501444, 25.1635330386742], [-80.7424436506956, 25.1640260393895], [-80.7427986514212, 25.1641320395964], [-80.7428746506909, 25.1641400392861], [-80.7429706509503, 25.1641960395386], [-80.7454446525653, 25.1653310391721], [-80.7459236531394, 25.1654000411867], [-80.7472846537954, 25.1648240396798], [-80.7472796546709, 25.1644740394822], [-80.7472576540313, 25.162898038692], [-80.7474806527157, 25.1601690366086], [-80.7474046525477, 25.1592050359897], [-80.7472026528813, 25.1587240357765], [-80.7455676525889, 25.1570280356565], [-80.7445286512498, 25.1559490351665], [-80.7443266515835, 25.1555600344008], [-80.7442746517049, 25.1553500347156], [-80.7440226509115, 25.1543450340641], [-80.7437446510772, 25.153909035122], [-80.7430396505473, 25.1534040339915], [-80.7414766502249, 25.1527400328602], [-80.7395956489868, 25.1512220333855], [-80.7394326487802, 25.1510900321851], [-80.7389536482061, 25.1508840328111], [-80.738474647632, 25.150816032515], [-80.7379456486258, 25.151000033133], [-80.7369136469594, 25.1518040334267], [-80.7362086464295, 25.1521260337518], [-80.7340666450755, 25.1524240351087], [-80.7314206439314, 25.1530220335078], [-80.7309916426877, 25.1529310349126], [-80.7302856423329, 25.1524740340972], [-80.7296296431051, 25.1517860337269], [-80.7290496413503, 25.1507960331382], [-80.7290226424844, 25.150751033512], [-80.7285766415223, 25.1502840325264], [-80.7280286413512, 25.1500520336638], [-80.727041640789, 25.1499650327568], [-80.7263766395437, 25.149830032096], [-80.7231256392254, 25.1480510320789], [-80.722367638992, 25.1475240324164], [-80.7215106372278, 25.1467680308621], [-80.7214526375015, 25.1465340314069], [-80.7212546380331, 25.1462230308319], [-80.7212936374928, 25.1460010312441], [-80.7213336376758, 25.1457590310502], [-80.721403637996, 25.1456810306369], [-80.7215606383548, 25.1455050310431], [-80.721959638563, 25.1453460308177], [-80.7220646390433, 25.1452980309698], [-80.726206641461, 25.1451860309802], [-80.7263986410816, 25.1451810307023], [-80.7277336417984, 25.1449060297433], [-80.7283636419853, 25.1445160309581], [-80.7297986431595, 25.1433900284366], [-80.7306306430127, 25.143069028881], [-80.7319406436151, 25.1430440286826], [-80.734133645921, 25.1434090287943], [-80.7349156446472, 25.1436610294487], [-80.736805646106, 25.1435000296101], [-80.7371706468773, 25.1434250284511], [-80.7381446479191, 25.1432170286822], [-80.7390556483133, 25.1430730290099], [-80.7398136476484, 25.1426760283897], [-80.7404036476523, 25.1425290289858], [-80.7405736484299, 25.1424870286589], [-80.7415356488778, 25.1424350291636], [-80.7423156497508, 25.1425340285591], [-80.7429356498919, 25.1426630285381], [-80.7435576514795, 25.1429890279028], [-80.7441636513769, 25.1436550288777], [-80.7446436508776, 25.1445020286391], [-80.7457526525369, 25.1460610300956], [-80.7461566518696, 25.1464280305469], [-80.7476696528616, 25.1470480302671], [-80.7487536535082, 25.1481010312327], [-80.7490576541801, 25.1488130308827], [-80.7497896535759, 25.1495010309382], [-80.7499126553962, 25.1496410312452], [-80.7514586560001, 25.1514010333682], [-80.7523386555339, 25.1518400320052], [-80.7527136554527, 25.1519080325438], [-80.7535666561206, 25.1517290333048], [-80.7545636567286, 25.1513600313829], [-80.754959657462, 25.1515650330401], [-80.75528865735, 25.1519570323942], [-80.7558166583279, 25.1524160322112], [-80.756320658118, 25.1527150330164], [-80.756320658118, 25.1529910336097], [-80.755663658167, 25.1541360340588], [-80.7551076584983, 25.155741034788], [-80.754955657264, 25.1565210349886], [-80.7550806587341, 25.1584920358865], [-80.7553896576323, 25.1591660360211], [-80.7563906593365, 25.1599030377809], [-80.7574686592371, 25.1604100374024], [-80.7593746596911, 25.1609000374638], [-80.7610286620468, 25.1615930364549], [-80.7619066610324, 25.1618240376829], [-80.7619856624718, 25.1618260370334], [-80.7636966638305, 25.1618510374494], [-80.7637386636633, 25.1618590372888], [-80.7649126638233, 25.1620850376147], [-80.7659646646828, 25.1622880381693], [-80.7660046639675, 25.1622810376231], [-80.7669976652758, 25.1621040375007], [-80.7683596657568, 25.1615330371098], [-80.7703256673836, 25.1612810375865], [-80.7705556675374, 25.1611940365557], [-80.7711076679065, 25.160984036812], [-80.7712096671154, 25.1608950370168], [-80.7716566670041, 25.1605020362034], [-80.7718896684293, 25.1602970365531], [-80.7721916667564, 25.1598140355707], [-80.772217667594, 25.1595390358774], [-80.772293667762, 25.1594940354103], [-80.7724706682123, 25.1585750351584], [-80.7723716684781, 25.1565110337353], [-80.7721956678527, 25.156053034003], [-80.7713946670633, 25.1552920341967], [-80.7710366668631, 25.1549520340495], [-80.7705336659995, 25.1539420326402], [-80.770358665199, 25.1521760320493], [-80.7701576671542, 25.1515320316264], [-80.7691256654878, 25.1506590322369], [-80.7690086644136, 25.150518031297], [-80.7688986666054, 25.150385031599], [-80.7687986652496, 25.150087031768], [-80.768873666491, 25.1488850306069], [-80.7690026654641, 25.1468300297461], [-80.7690816651069, 25.1465680286867], [-80.7696096651865, 25.1448100280562], [-80.770593666274, 25.1430460283408], [-80.771073666673, 25.1416010272247], [-80.7710726668481, 25.1413930259743], [-80.7711736671304, 25.1412340268986], [-80.7712496672984, 25.1407760267568], [-80.7714776660057, 25.1404530263196], [-80.7726376677186, 25.1398810260019], [-80.7736966682509, 25.1389190258559], [-80.7758016697949, 25.1379140248984], [-80.7766706685597, 25.1374990252133], [-80.7770986699785, 25.1374290242162], [-80.7776706686424, 25.1375980245452], [-80.7780236706164, 25.1377130250154], [-80.7782736708617, 25.1380100255026], [-80.7784096713041, 25.1381650252344], [-80.7784086705809, 25.1386460243459], [-80.7780556713018, 25.1391970256522], [-80.7773276703073, 25.1398990250177], [-80.7755336682096, 25.1416270263395], [-80.774171668627, 25.143370027843], [-80.7735406677169, 25.1443100278065], [-80.7729086669819, 25.1463730288523], [-80.772579667094, 25.1483000307034], [-80.7726286683961, 25.1498360315503], [-80.7727546678945, 25.1505950308847], [-80.7729056684055, 25.1508700312226], [-80.7729556677359, 25.1513740312889], [-80.7733106684615, 25.1524060322478], [-80.7733576683171, 25.1525440321588], [-80.7741126690758, 25.1542430332464], [-80.7744816691467, 25.1547230330983], [-80.7756476698091, 25.156239034297], [-80.7758496703738, 25.1566520350679], [-80.7765776713682, 25.1597710362154], [-80.7769296708224, 25.1607360365174], [-80.7780626718728, 25.1625480370324], [-80.7802286735162, 25.1647280382156], [-80.7820086735736, 25.1652240391404], [-80.7822186736359, 25.165282038189], [-80.7851436753376, 25.1650540379852], [-80.7872356773611, 25.1644360380064], [-80.7884196766685, 25.1644580377068], [-80.7901846784539, 25.1647130389709], [-80.7914946790564, 25.1646200384091], [-80.7924276800902, 25.1644610378874], [-80.7936126819175, 25.1639340367421], [-80.794646681437, 25.1631770367866], [-80.7958066822516, 25.1621220364914], [-80.7968916827232, 25.1605640354269], [-80.7972956829542, 25.1598080357939], [-80.7980526824643, 25.1579730334381], [-80.798406683365, 25.1563660333599], [-80.7985456823838, 25.1528120310806], [-80.7985856825668, 25.1517790301386], [-80.7984096819414, 25.1507470311953], [-80.7981346815818, 25.1482250284279], [-80.7980586823121, 25.1481770288991], [-80.7979076818011, 25.1474660289909], [-80.7979386826615, 25.1470170280383], [-80.7979586818547, 25.1467320283479], [-80.7982526824809, 25.146104027777], [-80.7988926827135, 25.1447370273326], [-80.7997396835336, 25.1435630263195], [-80.7998936826211, 25.1433390263064], [-80.8000866829649, 25.1431910266531], [-80.8002796842071, 25.1430630266544], [-80.8005316841022, 25.142994026644], [-80.8010606840067, 25.1435680274768], [-80.8009836840138, 25.1448300259743], [-80.8006806831668, 25.1461370282189], [-80.8005536838435, 25.1473290284172], [-80.8006636834483, 25.1482980278786], [-80.8007046843545, 25.148662029166], [-80.8007696846519, 25.1488680290382], [-80.8011576849894, 25.1501070296346], [-80.8014546850903, 25.1506300304594], [-80.8019126848497, 25.1514380297931], [-80.8025526859806, 25.1522810310093], [-80.8025926852653, 25.1523330311888], [-80.802566685326, 25.1528800310775], [-80.8025516852574, 25.1529160309648], [-80.8015826842385, 25.1551050331353], [-80.8011286855754, 25.1566200327153], [-80.8008996843482, 25.1588910348669], [-80.8006416855036, 25.1604960348342], [-80.8005396844981, 25.1607880355325], [-80.8002936844508, 25.1614600358205], [-80.8002886844279, 25.161518035846], [-80.8001406851882, 25.1632030361831], [-80.8000946833608, 25.1633140374533], [-80.7999136836109, 25.1637530363156], [-80.7994096838207, 25.1644190369786], [-80.7992826844974, 25.1648770378218], [-80.7982996832348, 25.1657270383966], [-80.7977696835054, 25.166597037967], [-80.7975926830551, 25.1671710383409], [-80.7974156817064, 25.1682500395634], [-80.7971376827704, 25.1690510391101], [-80.7957506812768, 25.1715280413244], [-80.7953456821192, 25.1726740417385], [-80.7951436824528, 25.1740060427886], [-80.7948156823897, 25.175015042298], [-80.7943106827747, 25.1758630429939], [-80.7939066816453, 25.1762530440025], [-80.7940076819277, 25.1765740432336], [-80.7942846819371, 25.1769170439495], [-80.7952906827659, 25.1794650444836], [-80.7959456821688, 25.1802230464866], [-80.7962236829015, 25.1804290450837], [-80.7978616835669, 25.1812320457462], [-80.7992476843373, 25.1815770453868], [-80.8016926865383, 25.1817160455386], [-80.802927687696, 25.1820130462147], [-80.8037846867652, 25.1824050460673], [-80.8055486878274, 25.1835520465492], [-80.8067076897154, 25.1840120460374], [-80.8076406907492, 25.1840360476949], [-80.8081946907681, 25.1842190470696], [-80.8085736899865, 25.1840600469089], [-80.8085986901008, 25.1838070468952], [-80.8081456903643, 25.1830720463628], [-80.8081716903036, 25.1820180457956], [-80.8083736890716, 25.1815580452836], [-80.8085996899258, 25.1812830458535], [-80.811474692297, 25.1799090442061], [-80.8114956913151, 25.1799140446863], [-80.8116896923822, 25.1799590449341], [-80.8119526921479, 25.1800220447653], [-80.8120526926053, 25.1805960445274], [-80.8118266917512, 25.1808940454197], [-80.8110436914035, 25.1814910465645], [-80.8105646917277, 25.1819720455787], [-80.8100696912601, 25.1827010467794], [-80.8098906911599, 25.1829680461816], [-80.8098376914565, 25.1830530464926], [-80.8098156917152, 25.1830620456614], [-80.8093996917886, 25.1833580464034], [-80.8093796907988, 25.1833710467958], [-80.8093926912176, 25.1835440465073], [-80.8094116905858, 25.1837000468214], [-80.8095816904651, 25.1838750466806], [-80.8100086911607, 25.1838530464195], [-80.8104846913618, 25.1837390470719], [-80.8115516913916, 25.1834840465835], [-80.8117736920478, 25.1834390460116], [-80.8123036917772, 25.1833040458218], [-80.8126066926242, 25.1831440461861], [-80.8128466928238, 25.1828300465545], [-80.8129366923371, 25.1827010459665], [-80.8130106928553, 25.1825920450986], [-80.813237692636, 25.1825240462231], [-80.8133126929791, 25.1825070460918], [-80.8133596928348, 25.1825580464785], [-80.8134886945028, 25.1826830459492], [-80.8135276930642, 25.1828210457428], [-80.8135656926991, 25.1829820457109], [-80.8144216937401, 25.182752046272], [-80.8145276949436, 25.1826130456761], [-80.814389693953, 25.1824700460848], [-80.8142226935484, 25.1823040450583], [-80.8136906923726, 25.1817440456962], [-80.8136396941156, 25.1811390455911], [-80.8136036941306, 25.1807420452848], [-80.8135906928134, 25.1805730453721], [-80.8135226930414, 25.1804280451545], [-80.8133386938167, 25.1800470438892], [-80.8133396927433, 25.1791530450072], [-80.813238692461, 25.1787400440211], [-80.8130376926195, 25.1783490437073], [-80.8128866921084, 25.177086043241], [-80.8130886935715, 25.1764910423915], [-80.8130766920793, 25.1763570425974], [-80.8130396922693, 25.176076043024], [-80.8122766911148, 25.1757500426437], [-80.8117426911874, 25.1755580422112], [-80.8113996919541, 25.1754330427494], [-80.810442691529, 25.1745850423141], [-80.8104306909352, 25.174499042623], [-80.8104176914147, 25.1744480421159], [-80.810222691421, 25.1742710417684], [-80.8100906902782, 25.1741490417421], [-80.8100096900874, 25.1739940421923], [-80.8096626897577, 25.1733230410445], [-80.8092606909732, 25.1722010401504], [-80.8092606900749, 25.1704100402164], [-80.8095646898485, 25.1690570400582], [-80.8099676902546, 25.1682990393538], [-80.8103966914983, 25.1678640382856], [-80.8120096911511, 25.1667430392305], [-80.8141686931218, 25.1654270377224], [-80.8161986934244, 25.1645160371197], [-80.8162766941406, 25.1644950366766], [-80.8163716936768, 25.1644570368336], [-80.8168556942738, 25.1642890371715], [-80.8213626974628, 25.1628690365716], [-80.8244886981076, 25.1611260346882], [-80.8257446991816, 25.1605570347817], [-80.826531698829, 25.1605090335993], [-80.8270106994031, 25.160737034982], [-80.8271697003101, 25.160915033112], [-80.8271867000285, 25.1620450352347], [-80.8273376996413, 25.1624120355822], [-80.8275637004954, 25.1626410342958], [-80.8282527020301, 25.1637050355779], [-80.8287467017745, 25.1661290374275], [-80.8292767015039, 25.1670450375583], [-80.8300307015393, 25.1681230382395], [-80.8311217036553, 25.1691890372644], [-80.831745703096, 25.1697990382281], [-80.832081703555, 25.170274038591], [-80.8326527041907, 25.1710830395227], [-80.8327197041378, 25.1711640399716], [-80.8333577047206, 25.1719100399494], [-80.833930705006, 25.172432039983], [-80.8342147046882, 25.1726910408023], [-80.8347557060848, 25.1729520394265], [-80.8365907063938, 25.1738370408529], [-80.8368357075145, 25.1739530404846], [-80.8382217064883, 25.1748010404386], [-80.839759708493, 25.1755590413674], [-80.8402997082681, 25.1757480418955], [-80.8418007086663, 25.1762710409046], [-80.8453037115746, 25.1763630415599], [-80.8459357114113, 25.1766160415813], [-80.8462337113371, 25.1769060427849], [-80.8464127123355, 25.1770750420916], [-80.8503627151326, 25.1773500420742], [-80.8514637145993, 25.1773320420795], [-80.8516817150576, 25.1773290422156], [-80.8535467164021, 25.1768930417029], [-80.8548077166007, 25.1767310402348], [-80.8577307186525, 25.176622041344], [-80.8581727194167, 25.1766160415813], [-80.8582027186556, 25.1856290456282], [-80.8582257191202, 25.1921560495843], [-80.8582257191202, 25.1923100497749], [-80.8581717204901, 25.2012710538952], [-80.8581127209389, 25.2111470581737], [-80.8581097214641, 25.2121190597612], [-80.8581057203679, 25.2130910592741], [-80.8579947218364, 25.2430090738586], [-80.8609907236832, 25.2430080744434], [-80.8614567229402, 25.2430070742157], [-80.8618967240546, 25.2430060748006], [-80.8619967254103, 25.2429070757821], [-80.8619757254939, 25.2459520760959], [-80.8619537248543, 25.2493750783158], [-80.8619527250294, 25.2495260778747], [-80.8619467242833, 25.2504070784949], [-80.8619487248314, 25.2510780788579], [-80.8619507244812, 25.2518040791918], [-80.8619517252044, 25.2519350791492], [-80.8619537248543, 25.2526770791689], [-80.8619537248543, 25.2527200798413], [-80.8619597256004, 25.2548230814365], [-80.8619597256004, 25.2549070809874], [-80.861971725296, 25.2561570815217], [-80.8619697247478, 25.2573910820676], [-80.8619647256233, 25.2585110822845], [-80.8619747247707, 25.2596210826373], [-80.8619787249686, 25.2610180837816], [-80.8619827260649, 25.2624150851015], [-80.8619827260649, 25.2624950848191], [-80.8620047258062, 25.2698980886726], [-80.8620047258062, 25.2699830883609], [-80.8620297259206, 25.2784840927851], [-80.8620307257455, 25.2789130927818], [-80.8620377263165, 25.2810410942109], [-80.8620377254182, 25.2811480931289], [-80.8620467265374, 25.2841930954092], [-80.8620467265374, 25.2844560966477], [-80.8620957269412, 25.3011051052536], [-80.8621967299185, 25.3642021371404], [-80.8719217357758, 25.3640231355947], [-80.8719567359359, 25.3640221355535], [-80.8731957363932, 25.3640021355411], [-80.873218737756, 25.3689561379136], [-80.8732187368577, 25.3690441379078], [-80.8732457375202, 25.3754031415299], [-80.8732157382813, 25.379833144203], [-80.8731967380147, 25.3827031447393], [-80.8732017371393, 25.3835351464569], [-80.8732027369642, 25.3836941458772], [-80.8732247376038, 25.3873461477468], [-80.8732967384721, 25.3991021538971], [-80.8733967389296, 25.4179021632305], [-80.8733967407262, 25.4253181671444], [-80.8733967398279, 25.4253821672816], [-80.8733957409013, 25.4333681716857], [-80.8733957409013, 25.4334251712849], [-80.8733957417996, 25.4359011730953], [-80.8734137404446, 25.4400361752055], [-80.873459742272, 25.4512331803307], [-80.8734637406733, 25.4521761811319], [-80.8734947415338, 25.4596751833461], [-80.8734957431553, 25.4598041852551], [-80.873495742257, 25.4598201837532], [-80.8734957431553, 25.4654491879512], [-80.8734957431553, 25.4655471874023], [-80.873495742257, 25.4840991970868], [-80.873249743108, 25.4963302034694], [-80.8731677430922, 25.5003902053112], [-80.8731677430922, 25.5004442048136], [-80.8732067443486, 25.5124772116468], [-80.8733117457272, 25.5416342267704], [-80.8733207468464, 25.5440892265014], [-80.8733297470672, 25.5465452279787], [-80.8733777467478, 25.5597562345421], [-80.8732397475538, 25.584305247919], [-80.8732147492361, 25.6043732580143], [-80.8731507505603, 25.6150552624968], [-80.8731157504002, 25.6207732658881], [-80.8730997496084, 25.6234702668844], [-80.8732117506597, 25.6246932688573], [-80.8732757511321, 25.6253942683568], [-80.8732497520912, 25.6482032796036], [-80.8731747517481, 25.6625182876338], [-80.8731607524027, 25.665237288017], [-80.8731587518546, 25.6661892896414], [-80.8720647520605, 25.6661772893587], [-80.8676997491618, 25.6661832890954], [-80.8569207427951, 25.6662012907327], [-80.8557427424371, 25.6662042889811], [-80.7666596903199, 25.6663482938812], [-80.7614476874993, 25.6663572934732], [-80.7061146550168, 25.6664472966431], [-80.7060796548567, 25.6664832974062], [-80.7045116545114, 25.6675622974879], [-80.7037526535548, 25.6679982976031], [-80.7031706521502, 25.6680672975513], [-80.7030656534666, 25.6680672975513], [-80.7025126532726, 25.6680672975513], [-80.7023106374366, 25.6678165195502], [-80.702309652883, 25.6678152977582], [-80.702334652099, 25.6667602963695], [-80.7024283706377, 25.6665010949591], [-80.7024456533254, 25.6664532963662], [-80.6742566355924, 25.6664982983282], [-80.6742406356989, 25.6654192975241], [-80.6739856363291, 25.6603722941703], [-80.6739806354079, 25.660173293855], [-80.6735806353748, 25.660173293855], [-80.6731046360721, 25.660173293855], [-80.6571656249667, 25.6601732954744], [-80.6453096185244, 25.6601602961991], [-80.6296026108159, 25.6601602970088], [-80.6089565983016, 25.6601582978053], [-80.5929625896395, 25.6601312984334], [-80.5770115797369, 25.6601162975201], [-80.5609845696663, 25.660103299858], [-80.5449775605855, 25.6600753004664], [-80.5289215511009, 25.6600753004664], [-80.514861542482, 25.6600493010832], [-80.5137115435098, 25.6600483018854], [-80.5128515413725, 25.660045301053], [-80.5128435418749, 25.6597673018659], [-80.5128345416541, 25.6594733010245], [-80.5088365400748, 25.6595103014759], [-80.5068025386758, 25.65950730063], [-80.5048415379702, 25.659495302104], [-80.5028355361603, 25.6595213024177], [-80.50085353464, 25.6595483011179], [-80.4995185339232, 25.6595573020329], [-80.4981875334044, 25.6595663021374], [-80.4981895285626, 25.6596140549075], [-80.4981873330801, 25.6596140694825], [-80.4978982686964, 25.6600650501886], [-80.4978965331513, 25.6600203016711], [-80.4968585325354, 25.6601523026238], [-80.482323525337, 25.6609623028418], [-80.4813335235035, 25.66092130284], [-80.4812335239443, 25.6609383028424], [-80.4808775242922, 25.6610013028304], [-80.4807005238419, 25.6610143036335], [-80.4806945239941, 25.6610373036183], [-80.4806945230958, 25.6610913027555], [-80.4806655218851, 25.6610113028255], [-80.4794095217094, 25.6610753027738], [-80.4790785212733, 25.6611033035501], [-80.478843521995, 25.6611163035324], [-80.4787685225502, 25.6611233027125], [-80.4787515219335, 25.661196303392], [-80.4787525217584, 25.6612363041114], [-80.4787295221922, 25.6612493040792], [-80.4787285214689, 25.6611583034654], [-80.4787115226488, 25.6611323026989], [-80.4784335219162, 25.6611373043104], [-80.4775525207608, 25.6611843034165], [-80.4768595208248, 25.6612273033232], [-80.4765185212412, 25.6612383032968], [-80.4737085191673, 25.6613943044333], [-80.4674005151062, 25.661710304449], [-80.4660475139478, 25.6617853039454], [-80.4653435132428, 25.6618353035834], [-80.4590745113364, 25.6620233044641], [-80.4577765095312, 25.6620763039741], [-80.4570955092908, 25.6621003045541], [-80.4570305098918, 25.662103304525], [-80.4571015091385, 25.662330305347], [-80.4571545097403, 25.6639053058271], [-80.4568315097001, 25.6639173055288], [-80.4564775096978, 25.6639163063634], [-80.456280509156, 25.6639513054868], [-80.455861507958, 25.6640563052245], [-80.4554125084195, 25.6642173057763], [-80.454915508302, 25.6643743062257], [-80.4545045083983, 25.6644523063876], [-80.4541415081751, 25.6644783064302], [-80.4536935084614, 25.6644823063117], [-80.4532635073928, 25.6644283062809], [-80.4532115075143, 25.6644033053888], [-80.4526745081122, 25.6643063065412], [-80.4522685064347, 25.6642453066246], [-80.4519805065546, 25.664184305867], [-80.4515225058969, 25.664159306543], [-80.4511155052928, 25.6641573057872], [-80.4502115054695, 25.66417830522], [-80.4492155046865, 25.6641263066177], [-80.4486515046219, 25.6640133063379], [-80.4483705044145, 25.6639033058767], [-80.4478565036803, 25.6636483054479], [-80.4475215039445, 25.6633993059699], [-80.4469015038034, 25.6629683059567], [-80.4462135029919, 25.6626613059066], [-80.4455925030259, 25.6624973057221], [-80.4448055033785, 25.6624373048676], [-80.4433335014961, 25.6624793059548], [-80.4416515004497, 25.6625443059116], [-80.4410735001414, 25.6626133057772], [-80.4401504991532, 25.6629113060994], [-80.4403055007606, 25.6633453054486], [-80.4405045000539, 25.663901306736], [-80.4406675002605, 25.6643553067703], [-80.4407425015019, 25.6645663070307], [-80.4410325010318, 25.665112307023], [-80.4411185012455, 25.6652463071254], [-80.4412175000814, 25.6654003071417], [-80.4414395007376, 25.6657073074272], [-80.4415414999465, 25.6658243075575], [-80.4417655011508, 25.6660133077745], [-80.441943501426, 25.6661933080882], [-80.4419785015861, 25.6662283073529], [-80.4423925018629, 25.6666463083499], [-80.442994500664, 25.6672323080513], [-80.4431015025908, 25.6673563079283], [-80.4433735025773, 25.6676743082251], [-80.4436585020844, 25.6682283088804], [-80.4438665015985, 25.6689863087659], [-80.4438765025426, 25.6699033106175], [-80.4432605025994, 25.6699263088877], [-80.4421775017777, 25.6699663091074], [-80.4411865001192, 25.6700213097925], [-80.4399094991288, 25.6700543097056], [-80.438437499043, 25.6700893086466], [-80.4381954991936, 25.6700953098057], [-80.4381314996195, 25.670096309729], [-80.4379614988419, 25.6701003110413], [-80.4369684975336, 25.6701243091966], [-80.4358064970691, 25.6701523094672], [-80.4348154972073, 25.6701953093785], [-80.4343224963894, 25.6702083091792], [-80.432575495944, 25.6702583101431], [-80.4325894952894, 25.670686310768], [-80.4326274958226, 25.6718483105905], [-80.4326134955789, 25.6734683117815], [-80.4326424967895, 25.6746853121636], [-80.4327044958154, 25.6764413130621], [-80.4327784963336, 25.6775253146083], [-80.432803496448, 25.6782733143084], [-80.4327434961735, 25.6787343136175], [-80.4326044962563, 25.6791603148761], [-80.4327584971405, 25.6792493141998], [-80.4328724969433, 25.6793583152277], [-80.4328944957863, 25.6795093152911], [-80.4329054965552, 25.6796853144748], [-80.4329304966696, 25.6806773147268], [-80.4329464956648, 25.6808183147859], [-80.4329754968754, 25.6820463166927], [-80.432987496571, 25.6825533157446], [-80.4330074966625, 25.6830503161127], [-80.4330274967539, 25.6835263167678], [-80.4330614970891, 25.6843223171585], [-80.4330844966553, 25.6848553175044], [-80.4323704959046, 25.6848783169371], [-80.4310264940687, 25.684921317202], [-80.4299424943204, 25.6849793168571], [-80.4296134944324, 25.6850103170799], [-80.4289534941083, 25.6850243183008], [-80.4275474941448, 25.6850563175001], [-80.4274014927583, 25.6850553177024], [-80.4248684906938, 25.6850373172935], [-80.4248964920795, 25.6858513184011], [-80.4248894915085, 25.686010319078], [-80.4248844914856, 25.6861293190944], [-80.4248664919422, 25.686682318373], [-80.4247784920787, 25.686995318389], [-80.4246154918721, 25.6875863181137], [-80.4244244920764, 25.68813731918], [-80.4242804921363, 25.6885503197817], [-80.4241734920062, 25.6889333195224], [-80.4241294916253, 25.6891913193828], [-80.4241074909857, 25.689536320516], [-80.4240934925386, 25.69012032068], [-80.424175491656, 25.6905033202295], [-80.4241864915267, 25.6905563208373], [-80.4242794914131, 25.6909933207656], [-80.424446492716, 25.6914153213066], [-80.4217374909244, 25.6920943214689], [-80.4209644897241, 25.6923113212303], [-80.42041348918, 25.6924433220407], [-80.419831489572, 25.6924893212094], [-80.4189544886146, 25.692351322031], [-80.4182804889452, 25.6919753217453], [-80.4180594881139, 25.6917163208881], [-80.4173964874168, 25.6909663210925], [-80.4172254886109, 25.69077932109], [-80.4172034879713, 25.6907543208683], [-80.4170774866762, 25.6908373219403], [-80.4170174881984, 25.690885321227], [-80.4169984870336, 25.690878321366], [-80.4167894876945, 25.6906503201163], [-80.4166194878152, 25.6904943200323], [-80.4165324868782, 25.6904223208586], [-80.4164884873956, 25.6903923209877], [-80.4162584872418, 25.6902713208651], [-80.4161764863278, 25.6902433204646], [-80.4161654873554, 25.6902413209561], [-80.4161034865328, 25.6902323207391], [-80.4160314874611, 25.6902403212019], [-80.4159754864863, 25.6902603211422], [-80.4159544874682, 25.6902843209042], [-80.4159454872474, 25.6903203209429], [-80.4159194864098, 25.6903463210091], [-80.4158394860439, 25.6903463218186], [-80.4156844862332, 25.6903353204836], [-80.4156824865833, 25.6903623211093], [-80.4156754869106, 25.6904613217319], [-80.4157024866748, 25.6915053217426], [-80.4157384875581, 25.6919743220056], [-80.4157204871165, 25.6922713228447], [-80.4157164878169, 25.6930763214653], [-80.4156384871007, 25.6937663220811], [-80.4154234870156, 25.6945793237191], [-80.4152844870984, 25.694904323039], [-80.4152514865881, 25.6950003223621], [-80.4149234856267, 25.6957603237827], [-80.4146094867057, 25.6966073243039], [-80.4145004860274, 25.6972383240588], [-80.4144584861946, 25.6979713244426], [-80.4144684862404, 25.698704324361], [-80.4144904859817, 25.6994373254328], [-80.4145134873445, 25.699960325357], [-80.4125744854819, 25.7000223252808], [-80.4109304849686, 25.7000743260276], [-80.4088204834017, 25.7001343265497], [-80.4065064816203, 25.7002053258468], [-80.4049784805597, 25.7002493259144], [-80.4034844807326, 25.700301326562], [-80.4030724801056, 25.7002863266577], [-80.4030124789329, 25.7002883259975], [-80.4013244780386, 25.7003543260468], [-80.4000624789134, 25.7003993265377], [-80.3984794767029, 25.7004633263792], [-80.3964474758521, 25.7005383265797], [-80.3944314757932, 25.7006063274437], [-80.3938754743279, 25.7006243271184], [-80.3923824743257, 25.7006753271261], [-80.3903794719906, 25.7007253274458], [-80.3883254722968, 25.7008213269322], [-80.3858734704231, 25.7008693278606], [-80.3842944693089, 25.7009213274279], [-80.383881468857, 25.7008913277737], [-80.3838064694123, 25.7008843276914], [-80.3835794687332, 25.7008613273025], [-80.3828544672135, 25.700789327112], [-80.3821274678406, 25.7007113280707], [-80.380974467597, 25.7005963275334], [-80.379670465944, 25.7006383281226], [-80.3790094648967, 25.7006603280784], [-80.3767904644482, 25.7007303282051], [-80.3759994646029, 25.7007713274623], [-80.3739774637978, 25.7008313276331], [-80.3722144625606, 25.7008853273563], [-80.3712984612451, 25.7009333282588], [-80.3707814610362, 25.7009623274288], [-80.370426461209, 25.7009653280403], [-80.3698814605126, 25.7009723281179], [-80.3691244601041, 25.7009973286227], [-80.3682724583628, 25.7010263277771], [-80.3680644588487, 25.7010343283241], [-80.3661604580444, 25.7011103286372], [-80.3655414577282, 25.701131328843], [-80.3651314576494, 25.7011293278985], [-80.3650834579688, 25.7011313296525], [-80.3646834570374, 25.7011513293825], [-80.3642514572173, 25.7011723287716], [-80.3630944567757, 25.7012073282848], [-80.3619054565471, 25.7012433282591], [-80.3612484556978, 25.701268328707], [-80.3588784538399, 25.7013583289809], [-80.358693453892, 25.70135732932], [-80.3584154531593, 25.701356329659], [-80.3581424542462, 25.7013553291887], [-80.3575144537091, 25.7013923295883], [-80.3569494529213, 25.7014233287766], [-80.3566714539853, 25.7014393290073], [-80.3557294527306, 25.7014733295915], [-80.354154450916, 25.7015043287588], [-80.3530444503301, 25.7015503292837], [-80.3521494507277, 25.7015813284309], [-80.3520884506283, 25.7015843290268], [-80.3501484489408, 25.7016393296859], [-80.3501354503184, 25.7014393298167]]]}, "properties": {"district": 7, "board_member": "Dr. Lubby Navarro"}}, {"type": "Feature", "id": 9, "geometry": {"type": "Polygon", "coordinates": [[[-80.1954473693968, 25.8953634348301], [-80.1971273689968, 25.8952704341207], [-80.1979163709889, 25.8952254340117], [-80.1982163705646, 25.8952084344151], [-80.1988963700818, 25.8951694345706], [-80.1991323709817, 25.8951714346665], [-80.1999413712687, 25.89514143484], [-80.2009763724098, 25.8950924336793], [-80.2020053728048, 25.8950344340768], [-80.2030133732834, 25.8949874329708], [-80.2050473746823, 25.8948994334286], [-80.2070673758376, 25.894814434378], [-80.2090763771221, 25.8947434335648], [-80.2092743765905, 25.894728433194], [-80.2093353766899, 25.8947204335882], [-80.2094143763326, 25.8947174330287], [-80.2094803773532, 25.8947184334846], [-80.2096203770952, 25.8947194331323], [-80.209684378466, 25.89472043278], [-80.2111093777978, 25.8946484338782], [-80.2111563776535, 25.8955404336057], [-80.2111933774634, 25.8964564347567], [-80.2112183775778, 25.897380434689], [-80.2112833778751, 25.8982774352902], [-80.213296380256, 25.898205435326], [-80.2152963813197, 25.8981174349511], [-80.2173283821704, 25.8980374355082], [-80.2193213826632, 25.8979614344923], [-80.2213883845724, 25.8978744343645], [-80.2233683855446, 25.8978024349626], [-80.2253883858015, 25.8977174339622], [-80.2273773878929, 25.8976194329515], [-80.2294003885228, 25.897593433049], [-80.2314333891985, 25.8975494350659], [-80.2334533921504, 25.8975044342097], [-80.2354803911817, 25.8974554332221], [-80.2395603945734, 25.8973644334118], [-80.2428463968484, 25.8972824325903], [-80.2429363954634, 25.8972774328439], [-80.2429943960881, 25.8972744331575], [-80.2430543963625, 25.897271432663], [-80.2432073974217, 25.8972634340376], [-80.2436253969982, 25.8972784324699], [-80.2435783971425, 25.8962784328717], [-80.2435313963885, 25.8954654322394], [-80.2435223961676, 25.8945404322107], [-80.2434723968373, 25.8937084309866], [-80.243337397118, 25.8901584300057], [-80.2443803986551, 25.890122429977], [-80.2449753968852, 25.8901024289686], [-80.2454713980761, 25.8900854294423], [-80.2459793980642, 25.8900684299135], [-80.2474143992384, 25.8900194290712], [-80.2475443989347, 25.8899954284863], [-80.2494564001349, 25.8899084289516], [-80.2499834003896, 25.8898844291523], [-80.2513713999115, 25.8898214285447], [-80.2514784018383, 25.8898174281715], [-80.2516254003547, 25.8898114292277], [-80.2525574015637, 25.8897704282206], [-80.2535484023239, 25.8897274294356], [-80.2545584024523, 25.8896824288297], [-80.2556384037993, 25.8896354288252], [-80.2558914044176, 25.8896244281852], [-80.2577004047873, 25.8895444286427], [-80.2593994055522, 25.8894704288156], [-80.2596624062162, 25.889458428468], [-80.2596624062162, 25.8894444279261], [-80.2596774062848, 25.8894434282337], [-80.2596734051885, 25.8893634277604], [-80.2596624062162, 25.8891904281982], [-80.2596484068708, 25.8890524282441], [-80.2596434059496, 25.8888554282176], [-80.259603406665, 25.887693426616], [-80.2595944064441, 25.8874124269234], [-80.2595384054693, 25.8857164263735], [-80.2595354059946, 25.8856174261802], [-80.2594704065956, 25.885521425889], [-80.2594304055143, 25.883296425432], [-80.2594264053163, 25.8828924245275], [-80.2594184058187, 25.8821094245606], [-80.2594174050955, 25.8820664246019], [-80.2594364053621, 25.8820694238666], [-80.2603804062666, 25.8820414250699], [-80.2604254055741, 25.8820394239433], [-80.2604664064803, 25.8820384241882], [-80.2605324057043, 25.8820374244331], [-80.2622064081514, 25.8820314242858], [-80.2630564075479, 25.8820304245306], [-80.2641904075249, 25.8819324242357], [-80.2672024092653, 25.8818494234441], [-80.2691994117526, 25.8818034249277], [-80.2711874122224, 25.8817574239687], [-80.2730914130267, 25.8817054236362], [-80.2743124139406, 25.8816764241869], [-80.2750324145392, 25.8816464241638], [-80.2770654161132, 25.8815864240947], [-80.2791364164237, 25.881550423877], [-80.2813284180063, 25.8814914235188], [-80.283556419574, 25.8814334236997], [-80.2843854208508, 25.8814104235545], [-80.28517041995, 25.8813804242721], [-80.2859544201227, 25.8813634226817], [-80.2872754214941, 25.8813314230569], [-80.2873584213347, 25.8836934251504], [-80.2873894212969, 25.8844614250615], [-80.2876154230493, 25.8899234267024], [-80.2876354222425, 25.8900114275299], [-80.287651422136, 25.8907944284319], [-80.2878634227464, 25.8958784296901], [-80.288066423136, 25.8958584296571], [-80.28880042308, 25.895827431175], [-80.2889244229285, 25.8958224305588], [-80.2898874249979, 25.8957964302604], [-80.2915574254505, 25.8945814291365], [-80.2916524249867, 25.8945834284343], [-80.2917924247288, 25.8945864298053], [-80.2917924256271, 25.8946114299135], [-80.2918354252848, 25.8954584307087], [-80.2918754254678, 25.8962244307759], [-80.2918804245924, 25.8963214308865], [-80.2919084250798, 25.8968244308565], [-80.2919444250648, 25.8974724308789], [-80.2920074257123, 25.8986254326121], [-80.2920224248826, 25.8988504321594], [-80.2920454253471, 25.8991814311914], [-80.2920454262455, 25.8993564322965], [-80.2920704263598, 25.8999684327029], [-80.292176426665, 25.9024544335839], [-80.2923754268567, 25.9057904350718], [-80.2925194258984, 25.9098734372216], [-80.2925394259899, 25.9104054372633], [-80.2926404262722, 25.9131614391527], [-80.2926484266682, 25.9133354386133], [-80.292650426318, 25.9133734394273], [-80.2926564261657, 25.913492439239], [-80.2928234274687, 25.9169724418115], [-80.2928534267076, 25.917587441293], [-80.2928534276059, 25.9177924422926], [-80.2929314265254, 25.9194854424183], [-80.2929454267691, 25.9197644419979], [-80.2930234265869, 25.9211924432863], [-80.2930124276145, 25.9215274427482], [-80.2930694275159, 25.9232594436334], [-80.2931284270672, 25.9246884447974], [-80.2931794271208, 25.9250334443909], [-80.2931724265498, 25.9251954449687], [-80.2932314269993, 25.925442445795], [-80.2933224281342, 25.9273884461852], [-80.2933424273274, 25.9278124460848], [-80.293350426825, 25.9281394471661], [-80.2935184270545, 25.9280024468977], [-80.29365742787, 25.9278884472546], [-80.2948544284945, 25.9279184452154], [-80.2993204316756, 25.9278984457678], [-80.300117432267, 25.9278944466858], [-80.3007624325225, 25.9278914461623], [-80.3012104322362, 25.9278904459878], [-80.3017064325287, 25.9278884472546], [-80.305487434373, 25.9278714459022], [-80.3092694369406, 25.9278554455302], [-80.3092854368341, 25.9278704457276], [-80.3096294367907, 25.9278544453554], [-80.3096434370344, 25.9279254456271], [-80.3096544378034, 25.9279814464827], [-80.309669437872, 25.9282964466588], [-80.3096124370723, 25.9287674471134], [-80.3096014372016, 25.9288634469545], [-80.3096234369429, 25.929343445795], [-80.3096644369508, 25.9302214475724], [-80.3096684371488, 25.9315294479905], [-80.3095114376882, 25.9321834480058], [-80.309373437596, 25.9328474481395], [-80.3091544373129, 25.9334824481213], [-80.3090524372056, 25.933775447819], [-80.3088144375542, 25.9341884484495], [-80.3086434360533, 25.9344854492893], [-80.3083884366835, 25.9350034497673], [-80.3083594372695, 25.9350634501371], [-80.3081984367127, 25.9353504492753], [-80.308184436469, 25.9353764497397], [-80.3079994365211, 25.9357234497648], [-80.307639436671, 25.9363614490946], [-80.3076304364502, 25.9363764498248], [-80.3072794359225, 25.9371234513003], [-80.3072534359833, 25.9372114500332], [-80.3070344365985, 25.9379554507935], [-80.3068814355393, 25.938871451269], [-80.3068384367799, 25.9394154522297], [-80.3068744358666, 25.9400554519016], [-80.3068444357294, 25.9407314520752], [-80.3069444370851, 25.9423914529797], [-80.3069664359281, 25.942819453201], [-80.3070624361876, 25.944678453827], [-80.3070794368043, 25.945240455114], [-80.3070994359975, 25.9458954541537], [-80.3071114374897, 25.9461534554181], [-80.3071184353657, 25.9463204561261], [-80.3071274364849, 25.9465144554275], [-80.3071434363784, 25.9468614549505], [-80.3071714377641, 25.9473044552276], [-80.3072464372089, 25.947875456142], [-80.3072774362727, 25.9480624560899], [-80.3073314375977, 25.9483914558908], [-80.3073844373011, 25.94858445582], [-80.3074994369289, 25.9490044569959], [-80.3079304378224, 25.9500134567614], [-80.3080674380898, 25.9502444574958], [-80.3084344385109, 25.9508664576537], [-80.3094094384792, 25.9522934584253], [-80.3098364382765, 25.952993458501], [-80.3101734385604, 25.9538084589238], [-80.3104744397576, 25.954865459332], [-80.3105544401236, 25.9552784595069], [-80.3105574395983, 25.9554174602412], [-80.310589438487, 25.9565674600134], [-80.3105984387079, 25.9568984609409], [-80.3106224389973, 25.9571744601828], [-80.3105554399485, 25.9571724611388], [-80.3103584385083, 25.9571694613611], [-80.3102924392844, 25.9571684606275], [-80.3102564392994, 25.9571674598939], [-80.310148438446, 25.9571644609239], [-80.3101134391842, 25.9571644609239], [-80.3022334345799, 25.9569794607504], [-80.3019064334435, 25.9569804606779], [-80.3017074350485, 25.9569814606054], [-80.2989844330132, 25.9569044613176], [-80.2988274326543, 25.9569014607255], [-80.2986724319453, 25.9568964602768], [-80.2952834315348, 25.9567804612783], [-80.2950604301554, 25.9567794613491], [-80.2949774294164, 25.9567794613491], [-80.2949804297895, 25.956915462142], [-80.2949814296144, 25.9569384604848], [-80.2949814296144, 25.9569524610893], [-80.2950724307493, 25.960515463052], [-80.2950774307722, 25.9635644654749], [-80.2950804302469, 25.9642454648727], [-80.2950814309701, 25.9645784649294], [-80.295090431191, 25.9650544657581], [-80.2950944304906, 25.9652634659632], [-80.2951204304299, 25.9666914664725], [-80.2951534318385, 25.9685034664031], [-80.2951594316863, 25.9688084673317], [-80.2951924303999, 25.9705794682151], [-80.2951094305592, 25.9705814686466], [-80.2950024313274, 25.9705844688899], [-80.2948814309536, 25.9705874675179], [-80.2947994318362, 25.9705894679493], [-80.2915934290288, 25.9706674677844], [-80.2863804263833, 25.970794468772], [-80.2819754233016, 25.9708994689762], [-80.2791694205273, 25.9709674680971], [-80.2788164203498, 25.9709754689887], [-80.2787694222908, 25.9709774686058], [-80.2787434223515, 25.9709784700295], [-80.2787054218184, 25.9709784684143], [-80.2786714214832, 25.9709794690305], [-80.27856142098, 25.9709824692636], [-80.2785134212995, 25.9709824692636], [-80.2784504215503, 25.9709844696882], [-80.2753444200986, 25.9710464691047], [-80.2660254132238, 25.9712344691936], [-80.2629204115971, 25.9712974698993], [-80.2628334124568, 25.9712994703186], [-80.2625734121658, 25.9713054707685], [-80.2624874119521, 25.9713084693782], [-80.2624304120506, 25.9713094699915], [-80.2623454125602, 25.9713114704105], [-80.2622594114481, 25.9713134692143], [-80.2622034122699, 25.9713154696333], [-80.2617954118409, 25.971326469918], [-80.2605714114522, 25.9713624701819], [-80.2604924109112, 25.9713654704053], [-80.2601644117464, 25.9713774696829], [-80.257883409577, 25.9714634706615], [-80.2510434052384, 25.9717234695941], [-80.2487634037922, 25.9718114707302], [-80.2486404046668, 25.9718154707436], [-80.2482704038727, 25.9718294703855], [-80.2481484036739, 25.9718344710071], [-80.2478724034894, 25.971844469827], [-80.2470444029359, 25.9718754709278], [-80.2469764031638, 25.9718784703305], [-80.2469294033081, 25.971879470939], [-80.2467684027513, 25.9718834709501], [-80.2467204030708, 25.9718844707509], [-80.2466444029028, 25.9718854705518], [-80.2466014032451, 25.9718854705518], [-80.2465394024225, 25.9718864703526], [-80.2464734023003, 25.971887470961], [-80.2464314024675, 25.9718884707618], [-80.2435664001419, 25.9719394718982], [-80.2380623981416, 25.9720374716762], [-80.2350543957009, 25.97209147053], [-80.234215396175, 25.9721074713522], [-80.2334543955686, 25.972121471767], [-80.2321093948061, 25.9721454717819], [-80.2314083935758, 25.97218447119], [-80.2306883938756, 25.9722254717963], [-80.2301683932936, 25.9722344715926], [-80.2300813932549, 25.9722354713905], [-80.2299823935207, 25.9722364711883], [-80.2299203926982, 25.9722374717937], [-80.2297643930626, 25.9722444719936], [-80.2296903925444, 25.9722424715904], [-80.2295913919119, 25.9722414717926], [-80.2295003925736, 25.9722434713882], [-80.2286483926289, 25.9722644711779], [-80.2278153920525, 25.972282472379], [-80.2269773923515, 25.972291472171], [-80.2255633910937, 25.9723074713507], [-80.2250053899785, 25.9723134725569], [-80.2246343902577, 25.9723264715348], [-80.2244853902948, 25.9723324711248], [-80.2239773903067, 25.9723324719324], [-80.2231273891135, 25.972335472131], [-80.2228253880914, 25.9723254725453], [-80.2195413881612, 25.9722504715877], [-80.21720738539, 25.9722934725733], [-80.2148513846741, 25.9723444735341], [-80.2142613837719, 25.9724054724373], [-80.2140343839912, 25.9724344721828], [-80.2138253837538, 25.9724494723547], [-80.2134813828989, 25.9724494723547], [-80.212938383649, 25.9724164726201], [-80.2125513831364, 25.9723944722535], [-80.2119903816482, 25.9724054724373], [-80.2103253812185, 25.9724544729499], [-80.2101633808368, 25.9724614731369], [-80.2072853798891, 25.9725624726727], [-80.2062243797071, 25.9726564727546], [-80.2060153794697, 25.9726894724218], [-80.2056003784697, 25.9727324724393], [-80.2044843789343, 25.9727804738301], [-80.2039903782916, 25.9728524734568], [-80.2032343768097, 25.9728764741301], [-80.2028783780559, 25.9728894722383], [-80.2024483778856, 25.9729034733676], [-80.2022953768264, 25.972908473136], [-80.2020883771372, 25.9729144735038], [-80.2018373761687, 25.9729224734554], [-80.2016853758327, 25.9729284738225], [-80.2009543753635, 25.9729494726823], [-80.1997113747083, 25.972988473439], [-80.1987633745041, 25.9730194734307], [-80.198034374583, 25.9730424734714], [-80.194427372816, 25.973178474849], [-80.1910163699692, 25.9732304736003], [-80.19084437044, 25.9732374745486], [-80.1903943701782, 25.9732414737059], [-80.1867253684869, 25.9733344734565], [-80.1864043671982, 25.9733434739756], [-80.1862833677227, 25.9733464741484], [-80.1862133674025, 25.9733484745328], [-80.1856413678403, 25.9733624747999], [-80.1854513678695, 25.973368474337], [-80.1853583670847, 25.9733694741252], [-80.1850803663521, 25.9733714737016], [-80.1849883662906, 25.9733734740856], [-80.1848603671424, 25.9733744746813], [-80.184478367551, 25.9733794752373], [-80.1843513664311, 25.9733814740059], [-80.1842853663088, 25.9733824737941], [-80.1840893664902, 25.973386473754], [-80.1840243661929, 25.9733884741377], [-80.1837753657726, 25.9733944736735], [-80.1830293661331, 25.9734154740652], [-80.1827813664359, 25.9734234739827], [-80.1827653647458, 25.973424474578], [-80.1826953653239, 25.973430474112], [-80.1826283653767, 25.9734364744532], [-80.1821713654422, 25.973477474623], [-80.1820193651063, 25.9734914740671], [-80.1818963650826, 25.9734934736414], [-80.1815293646615, 25.9735014743612], [-80.1814073653611, 25.9735044737225], [-80.1812263656112, 25.9734944742362], [-80.1810903642704, 25.973493474449], [-80.1809963636607, 25.9734924746619], [-80.1806833654629, 25.9734844739415], [-80.1805033646395, 25.9734794750052], [-80.1801253643478, 25.9734794741976], [-80.1789913634724, 25.9734794750052], [-80.1786533624653, 25.9734794741975], [-80.1786373625718, 25.9733454751675], [-80.1747113609625, 25.9734194748315], [-80.1746233602007, 25.9733964748646], [-80.1745393614334, 25.9732544741964], [-80.1745393614334, 25.9726914744325], [-80.1744423595524, 25.9699264729155], [-80.1743673601076, 25.9677314718703], [-80.1742413606093, 25.9677314710627], [-80.1741703595658, 25.9677244714019], [-80.1741023606921, 25.9677004712925], [-80.1740223612245, 25.9676554721848], [-80.1738683612387, 25.9675314721675], [-80.1737423590454, 25.9673974720149], [-80.1736793592962, 25.9673054714481], [-80.1736363596385, 25.9672194714677], [-80.1736273594176, 25.9671774716986], [-80.1736383592883, 25.9671454711337], [-80.1736603590296, 25.9671044719873], [-80.1736903609634, 25.9670824714348], [-80.1737493596163, 25.9670604708782], [-80.1738223603096, 25.9670544710194], [-80.1741263600832, 25.9670544710194], [-80.1742243590942, 25.9670474713183], [-80.1742693601983, 25.967024470913], [-80.1743023607086, 25.9669804713892], [-80.1743413601684, 25.9668934721356], [-80.1743423599933, 25.966809471542], [-80.1743433598182, 25.9666994716931], [-80.1743283606479, 25.9664654706004], [-80.1743043594601, 25.9656824707666], [-80.1742903601147, 25.9649084709244], [-80.174175360487, 25.9649074710642], [-80.1733433597355, 25.9647894705482], [-80.1725133586338, 25.9647024696744], [-80.1711153581678, 25.9646654699331], [-80.1706353568704, 25.9646544698331], [-80.1701423569509, 25.9646294700427], [-80.1688613566608, 25.9645684695302], [-80.1683063559187, 25.9645414708026], [-80.1677253552374, 25.9644574709526], [-80.1668143548431, 25.9643014702645], [-80.1666143548266, 25.9642534702597], [-80.1662353547099, 25.9641624703314], [-80.1658803548827, 25.9640514713708], [-80.1656433559545, 25.9640044703242], [-80.1647303541138, 25.9637224709188], [-80.1643413539514, 25.9635644695131], [-80.1639413539183, 25.9634214708336], [-80.163301354584, 25.963227469512], [-80.1626603536282, 25.9631004692396], [-80.1620423531369, 25.9630714696161], [-80.1620363523908, 25.9626394700053], [-80.1618883531511, 25.9622654700896], [-80.161629352685, 25.9618914689852], [-80.1613793524398, 25.961457468494], [-80.1613063517465, 25.9611944698126], [-80.1612683521117, 25.961078468589], [-80.1611693514792, 25.959337467297], [-80.1603323516031, 25.9593594676823], [-80.1595003508515, 25.9593804681564], [-80.1582843499605, 25.959408467975], [-80.1578353504219, 25.9594194677577], [-80.1573463507003, 25.9594324681603], [-80.1572373500221, 25.9574084676367], [-80.1571663498769, 25.9559354663839], [-80.1571393501127, 25.9553704662463], [-80.1571213487728, 25.9546384658392], [-80.1571213487728, 25.9546274664174], [-80.1571133501735, 25.9545254652681], [-80.1571003497547, 25.9543534659491], [-80.157090349709, 25.9542074659166], [-80.1569823497539, 25.9526194650871], [-80.1569613498375, 25.9519954653664], [-80.1569683486119, 25.9517864642144], [-80.1569693493351, 25.9517674647521], [-80.1569933487263, 25.9514284649461], [-80.1569693493351, 25.9510844634684], [-80.1568213500955, 25.9489374629496], [-80.1568103493265, 25.9486734629505], [-80.156797349806, 25.9483444631299], [-80.1567773497145, 25.9479824614572], [-80.1567603490978, 25.9476674630301], [-80.1567313487855, 25.9471664618878], [-80.1567033491964, 25.9467564615694], [-80.1566883482295, 25.9462904620431], [-80.1565893484953, 25.9444844603864], [-80.1565713489519, 25.9440524604125], [-80.1565543483352, 25.943600460456], [-80.1565153479771, 25.9427314594655], [-80.1564953478856, 25.9418464592455], [-80.1564553477027, 25.9412174586717], [-80.156256347511, 25.9373404566125], [-80.1543423475593, 25.9375094578856], [-80.1519713458765, 25.9376514580604], [-80.1515003448, 25.9376824576662], [-80.1513113446541, 25.9376914568727], [-80.1511253457796, 25.9377024578766], [-80.1508633449405, 25.9377304580039], [-80.1509903451621, 25.93726645769], [-80.1514923453024, 25.935739456339], [-80.1515123453939, 25.9356794571213], [-80.15195234561, 25.9347464565084], [-80.1515373446099, 25.9347744557226], [-80.1515843444656, 25.9346294557673], [-80.1525163456746, 25.9316644543759], [-80.1530523452518, 25.9299594544089], [-80.1533283454363, 25.9290854537605], [-80.1533093451697, 25.9290724532389], [-80.1532523461666, 25.9290824532674], [-80.153190345344, 25.9291274533854], [-80.1531503451611, 25.9291714533225], [-80.1531333454426, 25.9291824526983], [-80.1527003448992, 25.9291904531985], [-80.1527613449986, 25.9290134532148], [-80.1528213461714, 25.9288354527988], [-80.1532413453976, 25.9287954525957], [-80.1534313462668, 25.9287574535212], [-80.153905346818, 25.9272504529427], [-80.1542553466224, 25.9261334518661], [-80.1545463468755, 25.9252074513761], [-80.1548273461846, 25.9243134509788], [-80.1557993466782, 25.9212224486069], [-80.1559773469534, 25.9206524480103], [-80.1558853468919, 25.9206544484821], [-80.1557903473557, 25.9206564489539], [-80.1559353471206, 25.9201944489472], [-80.1560123471135, 25.9199494489191], [-80.1561013468019, 25.9195744481042], [-80.1561093471979, 25.9195574479765], [-80.1563983460046, 25.9186924476067], [-80.1565183474518, 25.9183014475883], [-80.1566733463642, 25.9177974476332], [-80.1570373482089, 25.9166174466281], [-80.1572453468247, 25.916611446623], [-80.1574343469706, 25.9160084461632], [-80.1576053484714, 25.9154674470629], [-80.1576623474745, 25.9152864455463], [-80.1577323477947, 25.9150444458656], [-80.1586413485392, 25.915007445066], [-80.1594033489705, 25.9149694455866], [-80.161867351438, 25.9148754455036], [-80.1634793503676, 25.9148134455969], [-80.1639813523046, 25.9142934446792], [-80.1641353522903, 25.9141354448287], [-80.1644443511885, 25.9138484449321], [-80.1654073514613, 25.9129154444088], [-80.1663463523429, 25.9119814442744], [-80.1673083536891, 25.9110684442146], [-80.1682713539619, 25.910135441898], [-80.1692703542197, 25.9091974418477], [-80.1693173549737, 25.9091494420097], [-80.1698383544823, 25.9086364427235], [-80.1702173537007, 25.908264441699], [-80.1711613546052, 25.9073634420994], [-80.1716323556817, 25.906869440943], [-80.1721233559514, 25.9064194412982], [-80.1730713561555, 25.9054524407141], [-80.1735193567675, 25.9050034408809], [-80.174164357023, 25.9043854401063], [-80.1749733564117, 25.9035744403352], [-80.1759963569589, 25.902544438776], [-80.176955357932, 25.9016554374252], [-80.1778653585014, 25.9007364374364], [-80.1785213595258, 25.9000694370347], [-80.1788143594288, 25.8997714371583], [-80.1796123598451, 25.8988204373086], [-80.180354360185, 25.8978694354513], [-80.1807313597535, 25.8978544362859], [-80.1807243600808, 25.8974714369112], [-80.1812093596044, 25.896894435637], [-80.1819913610255, 25.8959684350496], [-80.1826723621643, 25.8950504340536], [-80.1828103613583, 25.8949464337616], [-80.1835643613937, 25.8940514338171], [-80.184593362687, 25.8940064340515], [-80.1866003643217, 25.893924432513], [-80.1886353646472, 25.8938374342579], [-80.188609364708, 25.8930534336762], [-80.1885923649895, 25.8928084338406], [-80.1885623648523, 25.8919954335498], [-80.1905713652386, 25.8919004332677], [-80.190512364789, 25.8900934317868], [-80.1925123658527, 25.8900094313872], [-80.1932183671059, 25.8899734321213], [-80.1933433676777, 25.8899674315691], [-80.1934673675263, 25.8899604305205], [-80.1936193678622, 25.8899524322077], [-80.1944453678676, 25.8899214313664], [-80.1945923681807, 25.8899134314347], [-80.1945683687896, 25.8903464323115], [-80.1945843686832, 25.8907924323025], [-80.1946043687746, 25.8911284321214], [-80.1946503679071, 25.8912594319095], [-80.1947313680979, 25.8913694326989], [-80.1948423675277, 25.8914434321437], [-80.1949853676428, 25.8915084328518], [-80.1950993692423, 25.8915134320345], [-80.195200367728, 25.8916884323881], [-80.1953123687793, 25.8919144335183], [-80.195318368627, 25.8926024325859], [-80.1953593677366, 25.8933004331308], [-80.1953883689472, 25.8939884330091], [-80.1954173683612, 25.8946754332695], [-80.1954473693968, 25.8953634348301]]]}, "properties": {"district": 1, "board_member": "Dr. Steve Gallon Iii, Vice-Chair"}}]}