{"type": "FeatureCollection", "features": [{"type": "Feature", "properties": {"name": "Aventura", "geoid": "1202681", "county": "miamidade"}, "geometry": {"type": "Polygon", "coordinates": [[[-80.15034099975533, 25.938556999601904], [-80.1505990003965, 25.9377340003293], [-80.1499370004226, 25.937769000276056], [-80.14983000029248, 25.937758000086173], [-80.14975400012449, 25.937750000167767], [-80.1496500003674, 25.93808500022465], [-80.14961199983428, 25.93820600030516], [-80.1495869997199, 25.93818999972083], [-80.14907299988401, 25.937844999870723], [-80.14904899959457, 25.93782900004517], [-80.1490219998304, 25.937830000135296], [-80.14867399967585, 25.937852999782677], [-80.14822400031235, 25.937881999963917], [-80.14821500009153, 25.937655000388183], [-80.14820599987071, 25.93745699985303], [-80.14818699960414, 25.93701599988855], [-80.14815099961912, 25.936078999746556], [-80.14813800009864, 25.93576899990993], [-80.14813200025087, 25.935616999608587], [-80.14808200002214, 25.93441000009708], [-80.14806000028084, 25.93387100006804], [-80.14803500016647, 25.933267999845448], [-80.14802599994563, 25.933042999719373], [-80.14802400029582, 25.932980999673735], [-80.14801800044803, 25.932829999947312], [-80.14796499984628, 25.93155100035638], [-80.14795499980053, 25.931297000003717], [-80.14795200032582, 25.931222000370585], [-80.14731000044338, 25.93183799997194], [-80.14317600021826, 25.93580499973996], [-80.14077299964671, 25.938109999997756], [-80.14056400030765, 25.938120000067084], [-80.14032800030613, 25.938134999765598], [-80.14016500009949, 25.93814299965786], [-80.13999299967203, 25.938151999637007], [-80.13968800007352, 25.938167000139238], [-80.13943500035352, 25.938179000378096], [-80.13932200037561, 25.93818199983175], [-80.13722699977566, 25.93823200013933], [-80.13688100016924, 25.938236999765024], [-80.13660099978676, 25.938240000025015], [-80.13647799976312, 25.938250000083322], [-80.13378100036202, 25.938341999933563], [-80.13301300008291, 25.938367999737718], [-80.13226999991814, 25.93828800013553], [-80.13208300032039, 25.938278000080494], [-80.13168400011222, 25.938253000343007], [-80.13129400012488, 25.93961499966989], [-80.12967399990107, 25.941562000314146], [-80.12917000011093, 25.942776999630613], [-80.12786899972933, 25.94451500018179], [-80.1274090003201, 25.947030999919193], [-80.12750300003144, 25.947232999748064], [-80.12831499979316, 25.94898199991149], [-80.12801600004244, 25.95061699967707], [-80.12651100034465, 25.951936000262748], [-80.12641300043538, 25.952387999723168], [-80.12587500031002, 25.954125999763104], [-80.12549199999538, 25.95561300019304], [-80.12532799996384, 25.956253999803476], [-80.12513799999304, 25.957027000105036], [-80.12504799958135, 25.957396000087805], [-80.12495700024309, 25.957764999721363], [-80.12427500017769, 25.958433999777593], [-80.12417999974313, 25.958960000006638], [-80.12410500029837, 25.959377999888055], [-80.12385599987803, 25.961236999931423], [-80.12376600036465, 25.961908000213352], [-80.12369000019669, 25.962481000318935], [-80.1239870002976, 25.96317399964054], [-80.1237830000831, 25.964309999809682], [-80.12372299980865, 25.964640999958952], [-80.12349000018014, 25.96593999980847], [-80.12361999987648, 25.96635399973287], [-80.12353700003581, 25.967241000341293], [-80.12355999960204, 25.96749999988484], [-80.12363199957204, 25.96831499999181], [-80.12372199998373, 25.969339000339193], [-80.1236709999301, 25.96970900029777], [-80.12360800018092, 25.970175999797586], [-80.12330699988203, 25.975015999923997], [-80.12330799970695, 25.97502999999256], [-80.12330900043017, 25.975102999630725], [-80.1234809999593, 25.975091999699217], [-80.12375100029605, 25.97508099976665], [-80.12376600036465, 25.974890000039743], [-80.12378800010598, 25.974626999891214], [-80.12378899993088, 25.974615999915162], [-80.12382999993876, 25.974552000401257], [-80.1238740003197, 25.974484000122473], [-80.12807499959366, 25.974319000173256], [-80.13041100021805, 25.974227000174455], [-80.13315299982499, 25.974120000146794], [-80.13386199965454, 25.974109999905263], [-80.13386699967742, 25.974868000135846], [-80.13398200020346, 25.974868000135846], [-80.13404900015061, 25.974865999777276], [-80.14212500008192, 25.974676000285886], [-80.14350099990826, 25.974510999798454], [-80.14367499998554, 25.974503999733518], [-80.14384900006281, 25.974496999668123], [-80.14447300040189, 25.9744940003322], [-80.14472299974882, 25.974472000354222], [-80.1456220004475, 25.974469999988923], [-80.14594899978734, 25.974469000210068], [-80.14599099962012, 25.974466999844754], [-80.146115000367, 25.974462000142626], [-80.1462550001091, 25.974455999853745], [-80.14691600025809, 25.97442500024062], [-80.14756999983607, 25.974396000178356], [-80.14759199957736, 25.974396999957833], [-80.14763799960812, 25.974397999737324], [-80.14777700042362, 25.974404000029182], [-80.14782400027929, 25.974406000395575], [-80.14786399956395, 25.974407999954366], [-80.14750299988893, 25.96373300024624], [-80.14749700004114, 25.96357800008431], [-80.14746899955372, 25.962767999668337], [-80.14728600015393, 25.95733300001504], [-80.14726600006246, 25.95626499988101], [-80.14726000021469, 25.9557710001591], [-80.14720999998595, 25.955073000333535], [-80.14711100025175, 25.95217600017089], [-80.14705699982507, 25.950513999916883], [-80.14705699982507, 25.950342000390858], [-80.14705799964999, 25.95004399996921], [-80.14706600004591, 25.9498500000212], [-80.14709500035822, 25.949483999781798], [-80.14710100020599, 25.94943000024606], [-80.1471149995514, 25.949310000381267], [-80.14717900002381, 25.948921000174], [-80.14727899958292, 25.948475000325423], [-80.14740199960657, 25.94805199967418], [-80.14742599989602, 25.947969000175807], [-80.14758200042994, 25.947464000283283], [-80.1476769999662, 25.947156999749136], [-80.147754999784, 25.946877999598243], [-80.14781400023355, 25.94663800019894], [-80.14787699998273, 25.946389000153683], [-80.14802099992278, 25.945933000194753], [-80.14837199955207, 25.944822000333957], [-80.14902000018057, 25.942757000281862], [-80.14915099970182, 25.942341999700215], [-80.14926700005277, 25.941973000193293], [-80.14938599987845, 25.941595999873112], [-80.14970700026882, 25.940577000016088], [-80.15029999974746, 25.938688000026556], [-80.15034099975533, 25.938556999601904]]]}}, {"type": "Feature", "properties": {"name": "Bal Harbour", "geoid": "1203275", "county": "miamidade"}, "geometry": {"type": "Polygon", "coordinates": [[[-80.13106700034417, 25.899072000115478], [-80.13176500030308, 25.898326000371707], [-80.13071099979369, 25.895072000360596], [-80.12965600035773, 25.891688000031298], [-80.12814499991386, 25.886859999998695], [-80.1276760002838, 25.88687600027534], [-80.1270150001348, 25.886899999878068], [-80.12618900012939, 25.886933000132007], [-80.12540599978165, 25.88697599993482], [-80.12454299996628, 25.887003999985893], [-80.1237139995878, 25.887040999870077], [-80.12274000034269, 25.887076000317744], [-80.12176000035147, 25.88712400024519], [-80.1212349997466, 25.88716499974683], [-80.12092599995012, 25.887217000099568], [-80.11878799969244, 25.88704600005013], [-80.1160539995831, 25.887099999879826], [-80.11883999957098, 25.895557000003887], [-80.11910200041011, 25.899231000358885], [-80.11938600009223, 25.89954599976632], [-80.11953599988007, 25.89971199984168], [-80.12115899957863, 25.899646999611203], [-80.12119399973871, 25.899646000005195], [-80.12150799955808, 25.89951299980625], [-80.1224740002039, 25.89947500018366], [-80.12251699986162, 25.899444999834966], [-80.12368500017381, 25.89937600021622], [-80.1245000003086, 25.899351000309245], [-80.12456999973047, 25.899347999867544], [-80.12594800010494, 25.89929600001045], [-80.1269859998225, 25.899246999766717], [-80.12993900021495, 25.899161999806914], [-80.13102100031342, 25.899132000186757], [-80.13106700034417, 25.899072000115478]]]}}, {"type": "Feature", "properties": {"name": "Bay Harbor Islands", "geoid": "1203975", "county": "miamidade"}, "geometry": {"type": "Polygon", "coordinates": [[[-80.13940199984326, 25.887667000237222], [-80.13939299962242, 25.8873780003782], [-80.13936099983536, 25.8870820002087], [-80.1393149998046, 25.88685300038208], [-80.13929800008617, 25.886792999725895], [-80.13928300001757, 25.886706999971373], [-80.13926700012404, 25.88665099972163], [-80.13925399970525, 25.886616999672516], [-80.13924700003255, 25.88659800021128], [-80.1392360001619, 25.886561999905076], [-80.13922500029123, 25.88652799983034], [-80.13919500015403, 25.886452000293396], [-80.13916800038983, 25.886384999789065], [-80.13914599975021, 25.886344999735204], [-80.13911399996316, 25.886257999934983], [-80.13889499968003, 25.885846000066095], [-80.13865200000579, 25.885499000351967], [-80.13857099981495, 25.88539999997637], [-80.13822699985836, 25.885043999768417], [-80.1380889997661, 25.884925000358564], [-80.13766199996884, 25.884622999681056], [-80.13745199990655, 25.884502000378394], [-80.13729799992078, 25.88442499980246], [-80.13697999990345, 25.88428699993562], [-80.1366879998254, 25.884188000160226], [-80.13553899977977, 25.883876000202566], [-80.13550399961967, 25.88386600038197], [-80.1353859996189, 25.88383699984681], [-80.13473100021601, 25.88364500033226], [-80.1346039999944, 25.88360699964203], [-80.13396999960959, 25.88335099999067], [-80.13369900034624, 25.883233000236014], [-80.13366699966087, 25.883215999720544], [-80.13264200036214, 25.88265700023408], [-80.13254299972962, 25.88259699987024], [-80.1322230000625, 25.882394000258625], [-80.13190599987009, 25.882182000088655], [-80.13161799998998, 25.881975999688542], [-80.1312749998583, 25.88170500013319], [-80.1309009997645, 25.881421999599713], [-80.13038100008083, 25.88101600002892], [-80.13024200016365, 25.880914999598396], [-80.1301629996226, 25.88087500011617], [-80.13008700035296, 25.880847999993332], [-80.13000199996414, 25.880833000281612], [-80.12984700015343, 25.880827000073083], [-80.12976299958953, 25.880841000020315], [-80.129710999711, 25.880854999965894], [-80.12968399994682, 25.88086199993805], [-80.12955800044844, 25.880919000273234], [-80.12945499961796, 25.88101100040175], [-80.12938500019607, 25.88109700026375], [-80.12851800018275, 25.882502000107376], [-80.12844100018987, 25.882660000291864], [-80.12840100000689, 25.88276300034434], [-80.12836199964885, 25.882864000002563], [-80.1282949997017, 25.883093000291947], [-80.12827999963308, 25.88317999999959], [-80.12826399973953, 25.883310999717203], [-80.12825799989176, 25.883442000097634], [-80.12825600024193, 25.8835689997478], [-80.12826499956445, 25.88372899960264], [-80.1282820001812, 25.883911999711323], [-80.12838900031133, 25.88500400006848], [-80.12850399993906, 25.88617799972769], [-80.12852200038073, 25.886430999753408], [-80.12865600027502, 25.886843000005435], [-80.12884000039803, 25.88743599970194], [-80.12891099964483, 25.887637000119753], [-80.12888600042879, 25.887651000067777], [-80.12904799991219, 25.888104000086997], [-80.129161999715, 25.888397000206687], [-80.12928300008883, 25.888648999818958], [-80.12946700021183, 25.889003000270698], [-80.12965600035773, 25.889302000361813], [-80.12979299972676, 25.88949599975904], [-80.13009599967546, 25.889894999829238], [-80.13023700014077, 25.8901639998021], [-80.13029300021726, 25.890294000167128], [-80.13035500014155, 25.89047999965717], [-80.13039000030165, 25.890608999991674], [-80.13042799993649, 25.89082100038553], [-80.13044100035528, 25.890968999916385], [-80.13041100021805, 25.890968999916385], [-80.13042000043887, 25.89109900020306], [-80.13040399964704, 25.89156900004496], [-80.13041600024093, 25.891747999815905], [-80.13044700020306, 25.891747999815905], [-80.13044499965491, 25.891797999613157], [-80.1304780001652, 25.89205200019553], [-80.13055900035606, 25.89236200022295], [-80.13063799999877, 25.89257399989287], [-80.13076400039546, 25.89283899995496], [-80.13085300008393, 25.89298999998348], [-80.13101100026766, 25.893238000039297], [-80.13109800030631, 25.893342000220425], [-80.13135600004917, 25.893621000222623], [-80.13145300013355, 25.893727000186733], [-80.13163300005861, 25.893873999651557], [-80.13181999965636, 25.894003999971307], [-80.13201100035039, 25.89413400014786], [-80.13217899968156, 25.894232000012234], [-80.13252099998832, 25.894380000114978], [-80.1328010003708, 25.894447999772346], [-80.1329419999378, 25.894465999936507], [-80.13320200022879, 25.894465999936507], [-80.13335200001661, 25.894451000338663], [-80.13351600004813, 25.894421999979286], [-80.13377499961592, 25.894340000345768], [-80.13384699958593, 25.894306000086825], [-80.13396100028707, 25.894225000024623], [-80.13397700018061, 25.894236999887703], [-80.13458300007801, 25.89394799995059], [-80.13586199981997, 25.893306000354578], [-80.13603800044538, 25.893204999931562], [-80.1363639999603, 25.893006000237417], [-80.1364280004327, 25.89297399972736], [-80.13661599985538, 25.89286500009675], [-80.13699199959902, 25.892593999674357], [-80.13717099969915, 25.892426999617108], [-80.13748799989156, 25.8920559996849], [-80.13764000022753, 25.89184699971714], [-80.13776200042626, 25.891638000187456], [-80.13798199963598, 25.8912190003406], [-80.13802500019199, 25.89112299975542], [-80.1380960003371, 25.89099899999524], [-80.1381950000713, 25.890771999855644], [-80.13868399979285, 25.88981999972452], [-80.1388079996414, 25.889550999775935], [-80.13902399955147, 25.88914299967244], [-80.13919500015403, 25.88877499982747], [-80.13923799981171, 25.888653000231795], [-80.13926700012404, 25.888519000066907], [-80.13932599967526, 25.88829599962417], [-80.13935300033776, 25.88814700027146], [-80.13939099997259, 25.88784900019367], [-80.13940199984326, 25.887667000237222]]]}}, {"type": "Feature", "properties": {"name": "Biscayne Park", "geoid": "1206600", "county": "miamidade"}, "geometry": {"type": "Polygon", "coordinates": [[[-80.19111799997023, 25.886238999607794], [-80.191095000404, 25.886144000350523], [-80.19104400035037, 25.88609699974541], [-80.19101500003806, 25.886032000098613], [-80.19090200006016, 25.885869000155534], [-80.19086500025023, 25.8857799997495], [-80.19067100008148, 25.885446000324468], [-80.18968100004453, 25.883969000190717], [-80.18967400037182, 25.88394299970605], [-80.18916899985845, 25.883157999940256], [-80.1891239996526, 25.883094999784287], [-80.18894499955245, 25.882806000049342], [-80.18886900028279, 25.882705000341556], [-80.18883699959743, 25.882679000386794], [-80.18873200001543, 25.88251400035388], [-80.18865800039558, 25.88237699962237], [-80.18859200027335, 25.88229000013131], [-80.18855799993817, 25.882231999896202], [-80.18834799987587, 25.88194499998565], [-80.18796000043668, 25.881349000100297], [-80.18792799975131, 25.881306999626077], [-80.18798200017798, 25.88127199989299], [-80.18799499969846, 25.881254000141688], [-80.18798600037596, 25.881237000149547], [-80.1879620000865, 25.881217000060552], [-80.18794199999502, 25.881221999678996], [-80.18790299963695, 25.8812430003372], [-80.18616799978541, 25.878744000053587], [-80.18614699986901, 25.87870499961945], [-80.18608300029491, 25.878631000273106], [-80.18604800013482, 25.878564000180543], [-80.18592299956303, 25.87839500010396], [-80.18587499988246, 25.878353999981947], [-80.1858000004377, 25.87825599986926], [-80.18578799984382, 25.8782400000411], [-80.18575600005676, 25.878217000082202], [-80.18573299959222, 25.878178000282297], [-80.18569400013249, 25.87806499996028], [-80.18555799969005, 25.877857999862496], [-80.18542700016879, 25.877632999906986], [-80.18533500010729, 25.87752300006011], [-80.1851879997942, 25.877275000132357], [-80.18510900015148, 25.877167000353065], [-80.1850460004023, 25.877105000031012], [-80.18498899960257, 25.877022999685458], [-80.18480700002769, 25.87681600018624], [-80.18474199973036, 25.876708999787457], [-80.18459100011762, 25.876489999688847], [-80.18451900014759, 25.876406999921805], [-80.18424600033612, 25.875987000371936], [-80.1842179998487, 25.875955000098703], [-80.18420000030537, 25.87591700016705], [-80.18404799996942, 25.875770000167574], [-80.18393199961845, 25.875686000085732], [-80.1838510003259, 25.875605000181157], [-80.1837159997084, 25.875492999632883], [-80.18358099998918, 25.875349000157527], [-80.18296599987093, 25.87474000008161], [-80.18290300012174, 25.874684999632183], [-80.18274400011309, 25.874530000358682], [-80.18266100027242, 25.874463000364678], [-80.18244399963912, 25.87423000022236], [-80.18239699978344, 25.874167999975253], [-80.18222699990413, 25.873982999670282], [-80.18209700020779, 25.873861999973816], [-80.18200799962104, 25.87379600023408], [-80.18179199971097, 25.873803999641165], [-80.1815769996258, 25.873812999680705], [-80.18123600004226, 25.873830999757757], [-80.1807160003586, 25.87385799986818], [-80.17977599965202, 25.873890999725337], [-80.17862900015453, 25.873929000308685], [-80.17808099998345, 25.875111000269353], [-80.17797999970112, 25.875328000067814], [-80.17796200015776, 25.875387000271857], [-80.17782900008837, 25.875682000041834], [-80.1778170003928, 25.875699000025325], [-80.17778499970744, 25.875775999824732], [-80.17767900030054, 25.876009999956775], [-80.17728199974219, 25.876881000056347], [-80.176922999717, 25.877663999933482], [-80.1753810002093, 25.880991000274474], [-80.17487400004609, 25.88208199960193], [-80.17403299997206, 25.883882999995638], [-80.17387899998626, 25.884204999727544], [-80.17372900019843, 25.884531999676028], [-80.17297599998794, 25.886131999664734], [-80.17291099969061, 25.886269999799765], [-80.17260299971903, 25.886924000284104], [-80.17248499971825, 25.887172000153118], [-80.17261600013782, 25.887166000266703], [-80.17328800015747, 25.887136999733908], [-80.17423100033878, 25.887097999647118], [-80.1747829998095, 25.887073000372148], [-80.17574299970923, 25.887034000264222], [-80.17627599981171, 25.887020999955975], [-80.17828000017509, 25.886967999803545], [-80.18025299967799, 25.886880999654185], [-80.18226999956184, 25.886806999773963], [-80.18428499979588, 25.88673500008625], [-80.18631099990054, 25.886647000049148], [-80.18742099958811, 25.886607000084066], [-80.18770900036651, 25.886599999644282], [-80.18908400036794, 25.886550999786895], [-80.190242999561, 25.886498999948987], [-80.1906090001572, 25.886506000394764], [-80.19082400024236, 25.886510999789284], [-80.1910030003425, 25.886515000274574], [-80.19107199993948, 25.886444000126613], [-80.19109399968077, 25.886419999623012], [-80.19093100037247, 25.886426000355506], [-80.19090999955777, 25.886427999791422], [-80.19092499962638, 25.886413999698405], [-80.19098099970287, 25.88636199980017], [-80.19111799997023, 25.886238999607794]]]}}, {"type": "Feature", "properties": {"name": "Coral Gables", "geoid": "1214250", "county": "miamidade"}, "geometry": {"type": "Polygon", "coordinates": [[[-80.30129999965955, 25.637355999665914], [-80.30126700004759, 25.63634100036652], [-80.30123199988749, 25.635537999708635], [-80.30120199975026, 25.634530000271933], [-80.30119300042773, 25.634221999714065], [-80.30106000035836, 25.634222999938057], [-80.29802499995013, 25.634322999616415], [-80.29801900010234, 25.634162000028308], [-80.29800900005661, 25.63377200012123], [-80.29785000004794, 25.633774999994515], [-80.29702700041557, 25.6338010002433], [-80.29469599981405, 25.633865999625563], [-80.29343299996562, 25.633907000015164], [-80.29303999960521, 25.633919999720923], [-80.29303299993254, 25.63374899974012], [-80.29302999955948, 25.633673999628645], [-80.29292800035056, 25.63147000033044], [-80.29288800016758, 25.630601999807688], [-80.29288599961944, 25.63042300031858], [-80.29288399996962, 25.630196000349844], [-80.29274000002957, 25.63017799975942], [-80.29249999983006, 25.630193000386612], [-80.29177699975678, 25.63021299987008], [-80.29173800029704, 25.630208999649675], [-80.29167600037275, 25.630215000385196], [-80.29160699987747, 25.630215000385196], [-80.29158000011329, 25.63020999990728], [-80.29108999966854, 25.630220000052976], [-80.28910200009699, 25.630262000331747], [-80.28904500019559, 25.630261000074576], [-80.28797800016574, 25.63027899984254], [-80.28787600005849, 25.63027899984254], [-80.28387400007784, 25.63031399992362], [-80.28298100012526, 25.63033299994017], [-80.28297299972932, 25.630281999803625], [-80.28287300017021, 25.62518200008996], [-80.2829500001631, 25.62451600031493], [-80.2831829997916, 25.622519000092204], [-80.27850999961623, 25.621436999942397], [-80.27209900011458, 25.619954000352486], [-80.24977299967844, 25.61579099968381], [-80.24864700009736, 25.61558100024324], [-80.22634400012578, 25.611326000193095], [-80.21933100002637, 25.60998800029438], [-80.21899399974247, 25.611322000150334], [-80.21725399986806, 25.61819799990599], [-80.2154970002752, 25.62514099994474], [-80.21544500039668, 25.62538199992497], [-80.21349100026201, 25.63439599968511], [-80.21177700032688, 25.642306000312473], [-80.20861999971991, 25.656870999993803], [-80.2085400002523, 25.657197000162824], [-80.19562600028915, 25.709835999801843], [-80.22227100000002, 25.709578999751617], [-80.23762299979649, 25.709566000200418], [-80.23768700026889, 25.709562999805698], [-80.24775699961953, 25.709520999937475], [-80.24845399975352, 25.70949700000613], [-80.25280899991158, 25.709327000353845], [-80.25322400001329, 25.709276000006096], [-80.25349799964967, 25.709266000014733], [-80.25620699964465, 25.709174000054446], [-80.2566669999522, 25.709158000054103], [-80.25674300012017, 25.709156000053916], [-80.25692999971791, 25.709148999648267], [-80.25703900039618, 25.70914499964755], [-80.25709899977232, 25.709158999649503], [-80.25956400026814, 25.70908299961909], [-80.26100299984367, 25.709041999987235], [-80.26101100023959, 25.70948300004395], [-80.26102100028533, 25.709732999930246], [-80.26103600035395, 25.710392000241036], [-80.26105600044544, 25.711160999967674], [-80.26107800018674, 25.71191199999717], [-80.26110499995092, 25.712670999907743], [-80.26113400026324, 25.713383000292684], [-80.26116000020251, 25.714145000001864], [-80.26118500031686, 25.714906999686836], [-80.26120500040835, 25.71538399960283], [-80.26121100025614, 25.71563299969001], [-80.26125300008893, 25.71648499972204], [-80.26126300013466, 25.71708599969269], [-80.26127499983023, 25.717333999928165], [-80.26130599979237, 25.718212999891783], [-80.26134199977739, 25.719053999760696], [-80.26137000026479, 25.719937999915793], [-80.26141399974742, 25.720791999672905], [-80.2614489999075, 25.72148100037162], [-80.26146099960309, 25.72177099995145], [-80.26147999986965, 25.722211999765626], [-80.26149900013621, 25.72268000014183], [-80.26151699967957, 25.722906000158662], [-80.26155199983965, 25.723607000103815], [-80.26159100019774, 25.7243509997441], [-80.26161499958886, 25.724829000098456], [-80.25948800010015, 25.724925999834294], [-80.25929099955835, 25.724937999862878], [-80.25850200026116, 25.7249829999592], [-80.25866499956945, 25.727449000243265], [-80.25768200010351, 25.72748299986943], [-80.25567199989234, 25.727549999651725], [-80.25569100015893, 25.728187000274044], [-80.25572299994597, 25.72879500024859], [-80.25574399986236, 25.729396000327668], [-80.25577599964942, 25.730074999871167], [-80.25581800038053, 25.730616000266654], [-80.25584199977166, 25.730913000162552], [-80.2558650002362, 25.731288999623153], [-80.25586799971093, 25.731884000379512], [-80.25587000025907, 25.732010999932267], [-80.2558729997338, 25.732220999882706], [-80.25689799993086, 25.73220999999083], [-80.25791800010505, 25.732180000133464], [-80.2579709998085, 25.733090000261754], [-80.25803000025805, 25.734921999680545], [-80.25810399987789, 25.736776999919183], [-80.25816800035031, 25.738628999867306], [-80.25720099987957, 25.738667000159204], [-80.25617599968251, 25.73870300012638], [-80.25618800027638, 25.739050999786524], [-80.25622099988836, 25.739811999954757], [-80.25620699964465, 25.74054500021238], [-80.25620300034501, 25.741316000248656], [-80.25622900028426, 25.742006999596743], [-80.25624699982762, 25.7423919998851], [-80.2548659999784, 25.74245499966641], [-80.25443800035623, 25.742474999731286], [-80.25431299978443, 25.74246899979308], [-80.25432200000527, 25.74255200039466], [-80.25432700002814, 25.74275599959903], [-80.25433200005101, 25.742985999963796], [-80.25436899986096, 25.743813000228442], [-80.25438499975446, 25.744213999661245], [-80.25439899999817, 25.74456499968647], [-80.25440800021899, 25.74484600027562], [-80.2544149998917, 25.745028999852753], [-80.25443199961013, 25.745367000214245], [-80.25444800040196, 25.74580699979003], [-80.25446199974735, 25.746135000237878], [-80.25448100001394, 25.74657099984581], [-80.25450100010542, 25.747072000214473], [-80.25451199997607, 25.74733900017778], [-80.25453999956517, 25.748057999846907], [-80.25457300007545, 25.748905000200015], [-80.25456899987748, 25.74986199980534], [-80.25460200038776, 25.751584000026376], [-80.25463599982464, 25.752467000162014], [-80.25473799993189, 25.75332300012133], [-80.25471100016772, 25.754037999869993], [-80.25475800002336, 25.755224000306168], [-80.25479999985616, 25.756034000152468], [-80.25479700038143, 25.756580999718235], [-80.25481199955173, 25.756729999676548], [-80.25483199964322, 25.757249000080684], [-80.25490199996342, 25.758047999941496], [-80.25491200000916, 25.758348000016788], [-80.25492999955249, 25.758838000208794], [-80.25493999959825, 25.75912800006341], [-80.2549510003672, 25.759616000312338], [-80.25496899991057, 25.759897000084564], [-80.2549780001314, 25.760324000377082], [-80.25499499984983, 25.76065200037935], [-80.25500499989558, 25.761024999677907], [-80.25501999996419, 25.761420000273368], [-80.25504599990346, 25.762186000136502], [-80.2550769998656, 25.76300099998249], [-80.25513999961478, 25.764686999628253], [-80.25516999975203, 25.7655639998311], [-80.2551820003459, 25.766092999708835], [-80.25522099980564, 25.766913999750297], [-80.25525199976778, 25.767472999935467], [-80.25525500014085, 25.7676709997387], [-80.25528500027806, 25.768200999841977], [-80.25531100021733, 25.76886799964153], [-80.25532000043816, 25.76916600008096], [-80.25533399978355, 25.76953399984086], [-80.25536499974568, 25.770025999759728], [-80.25519300021655, 25.77006800009239], [-80.25441099969375, 25.770077999822693], [-80.25444800040196, 25.771033999596543], [-80.25444599985384, 25.771135999859027], [-80.25445199970162, 25.77138800008405], [-80.25414999957783, 25.771402999916873], [-80.25415100030105, 25.771440000359245], [-80.2541689998444, 25.771852999682043], [-80.25455999965665, 25.771835000274308], [-80.25484900025997, 25.771835000274308], [-80.25483199964322, 25.771376999774013], [-80.25544699976145, 25.77135599984117], [-80.25543900026385, 25.77099500006784], [-80.25540699957847, 25.770640000138645], [-80.258463999728, 25.77055699975133], [-80.258463999728, 25.77022799972114], [-80.25841799969724, 25.769123000337906], [-80.25840699982659, 25.768154000116194], [-80.25940600008438, 25.768126000253496], [-80.25939000019088, 25.767808999700403], [-80.2592169999385, 25.76457300022562], [-80.2596100002989, 25.764552999836557], [-80.26085200023094, 25.764510000040403], [-80.26126300013466, 25.76449600008458], [-80.26115600000455, 25.762242000230486], [-80.26110900014888, 25.76123700006051], [-80.26100399966857, 25.75899699961699], [-80.26097199988153, 25.758234000190722], [-80.26097400042967, 25.758147000058205], [-80.2609760000795, 25.758065999821735], [-80.26094500011736, 25.757184000053012], [-80.26089900008658, 25.756228000390326], [-80.26294600010768, 25.75620200015999], [-80.26295500032852, 25.756417000275594], [-80.26297799989473, 25.757158000031954], [-80.26501999989293, 25.75708599994399], [-80.26709600022633, 25.757021999829146], [-80.2692219998901, 25.756948999656053], [-80.27083500044124, 25.756894000305063], [-80.27121899968249, 25.75687600024713], [-80.27123100027636, 25.75722800007564], [-80.27125800004053, 25.757922999888674], [-80.27127499975897, 25.75860999976997], [-80.2712980002235, 25.759296999721748], [-80.27132300033786, 25.76000300011665], [-80.27134099988122, 25.760526999831697], [-80.27134900027714, 25.760675999692733], [-80.27137000019353, 25.76130300026265], [-80.27138600008705, 25.762028000104607], [-80.2713969999577, 25.762354000339194], [-80.27037299958556, 25.76239400023685], [-80.27044600027881, 25.764204999646918], [-80.27064799994518, 25.764197000114113], [-80.27082799987024, 25.764189999713448], [-80.27146399990485, 25.76417000006888], [-80.27259799988185, 25.764116999902313], [-80.27331500010736, 25.764093999608974], [-80.27351299957576, 25.764095000360467], [-80.27406199957177, 25.76407100012018], [-80.27480800010956, 25.764033999807623], [-80.27561499984841, 25.76401100030721], [-80.27628699986806, 25.763987000049912], [-80.27704799957615, 25.763949999711176], [-80.27776499980166, 25.763927000194478], [-80.27828799985838, 25.76392900008229], [-80.27925899962878, 25.763888999892824], [-80.27966200003492, 25.763869000197545], [-80.28066499959235, 25.76382099962068], [-80.28085999958603, 25.763809000282468], [-80.28175099988877, 25.763787999819616], [-80.28227999979329, 25.76376600021682], [-80.28307300018677, 25.763731999645877], [-80.28379700008495, 25.76371000003271], [-80.28562300017308, 25.763647000198524], [-80.28582499983945, 25.76364400035965], [-80.28672100016507, 25.76359800039424], [-80.28785199976903, 25.76356299982823], [-80.28782800037789, 25.762777000071118], [-80.28779800024068, 25.762112999902126], [-80.28777399995123, 25.76134900030825], [-80.28775700023279, 25.76102399970953], [-80.287743999814, 25.76063400008207], [-80.28771000037713, 25.75995299964008], [-80.28768500026277, 25.759233999972977], [-80.28766400034638, 25.75869500039638], [-80.28764000005692, 25.757888000076864], [-80.28760900009479, 25.75717100004319], [-80.28758499980533, 25.75662199994803], [-80.28757300010977, 25.756292000124038], [-80.28751600020837, 25.754871000180934], [-80.28747600002539, 25.753798999603497], [-80.28747199982743, 25.753693999727034], [-80.28742300032194, 25.75230600001819], [-80.28738099959084, 25.751151999604698], [-80.28738200031407, 25.750415999882517], [-80.28727199981088, 25.74842500022646], [-80.28717200025177, 25.74658099993683], [-80.28712899969577, 25.745678000219314], [-80.28707199979436, 25.744707000222743], [-80.28702400011377, 25.743860999991707], [-80.28699300015164, 25.743108000004696], [-80.28695700016662, 25.742376999624007], [-80.28693799990006, 25.742113000220893], [-80.28692200000653, 25.741621999679275], [-80.28690100009013, 25.741269000401175], [-80.28687299960274, 25.740872999811728], [-80.28684400018871, 25.740135000047008], [-80.28682599974705, 25.73989999990657], [-80.28679099958696, 25.739285999987445], [-80.28677399986853, 25.73899000012669], [-80.28675700015009, 25.738637000313087], [-80.28675299995213, 25.738555000371363], [-80.28674700010436, 25.738433999860582], [-80.2867310002108, 25.7380999998444], [-80.28668299963192, 25.737229000149803], [-80.28665000001996, 25.736395999945422], [-80.28660900001208, 25.735777999812118], [-80.2865899997455, 25.735487999597748], [-80.28655799995846, 25.73482100006102], [-80.28653899969189, 25.734439000099066], [-80.28652000032362, 25.734039999633012], [-80.28646400024714, 25.7333839998477], [-80.28644499998056, 25.733150000318872], [-80.28641800021637, 25.732405999897765], [-80.28641800021637, 25.732385000356725], [-80.28641400001841, 25.732157000129785], [-80.28640599962249, 25.73163400011165], [-80.28639700029998, 25.73121999989087], [-80.28638999972897, 25.73085900031022], [-80.28637200018561, 25.73009299994335], [-80.28633799985045, 25.72937599968047], [-80.28629699984255, 25.728637999746343], [-80.28626599988041, 25.727973999741923], [-80.28625300035993, 25.727262000102456], [-80.28621999984965, 25.72648299990021], [-80.2861749996438, 25.725744999814125], [-80.28615200007758, 25.724994999982005], [-80.28613899965879, 25.72475099981966], [-80.28612000029054, 25.724380999958267], [-80.2861169999175, 25.724225999849185], [-80.28611100006971, 25.723693999629827], [-80.28610199984887, 25.72350899981732], [-80.286068000412, 25.72303000034355], [-80.28604900014543, 25.722750999745763], [-80.28604900014543, 25.722722999701862], [-80.28605599981813, 25.722250999934744], [-80.28604300029764, 25.722011000185265], [-80.28600700031262, 25.721258000174753], [-80.28599399989385, 25.720842999940107], [-80.2859839998481, 25.720534000318743], [-80.28594799986308, 25.719775999901117], [-80.28591699990095, 25.71893399995831], [-80.28588699976373, 25.718162999635297], [-80.28586900022037, 25.717468999894503], [-80.28583800025824, 25.716733000401078], [-80.28580200027322, 25.71601899994565], [-80.28579200022747, 25.715315999897975], [-80.28576799993803, 25.71461400010187], [-80.28573600015099, 25.713899999878837], [-80.28570500018884, 25.71315699998866], [-80.28569099994515, 25.712570000004835], [-80.28567000002874, 25.711737999834554], [-80.28564699956421, 25.71095600039059], [-80.28561599960207, 25.709912000160756], [-80.2855689997464, 25.709331000348467], [-80.28555299985288, 25.708600000314952], [-80.28553699995935, 25.708277999959634], [-80.28554500035527, 25.708059999747302], [-80.28553699995935, 25.707917999958553], [-80.28553399958632, 25.70785200005609], [-80.28551500021806, 25.70751100024667], [-80.28547500003508, 25.706570999629562], [-80.28545300029376, 25.705935000236416], [-80.28543099965415, 25.70523900033525], [-80.28539800004219, 25.704444999799662], [-80.28444700036327, 25.70447999996954], [-80.28358500037284, 25.70451599976349], [-80.28269099969702, 25.70455500006758], [-80.28214400024918, 25.704588999761924], [-80.28176000010961, 25.704597999703207], [-80.28107600039439, 25.704623999889463], [-80.28079199981396, 25.704639000056588], [-80.27990200023442, 25.704674999802453], [-80.27922799966663, 25.70469699982166], [-80.27923799971238, 25.704925000075608], [-80.27925500032913, 25.70532200021389], [-80.27926100017693, 25.7054579996754], [-80.27904500026686, 25.70546599992457], [-80.27721499998074, 25.70553599965352], [-80.27721300033093, 25.70538999996408], [-80.27720999995788, 25.70500300040303], [-80.27720800030805, 25.70478000007828], [-80.2764020003941, 25.70481100000324], [-80.27559300010712, 25.70484499962444], [-80.2748049997365, 25.704881999748732], [-80.2740089998683, 25.70490900031344], [-80.27310400022016, 25.70495100019044], [-80.27217899958221, 25.70498800028178], [-80.27205300008382, 25.704991999612798], [-80.27200899970289, 25.703108000337014], [-80.27104499960521, 25.703133000393294], [-80.27107899994039, 25.704879000045338], [-80.27103399973454, 25.705030999760947], [-80.27060299973932, 25.70504599987679], [-80.27004700007063, 25.705071999965188], [-80.2698189995667, 25.70508099986992], [-80.26902699989644, 25.70511500022343], [-80.2682209999825, 25.705139000229032], [-80.2674469998556, 25.705154999960286], [-80.2669559995859, 25.70518100002488], [-80.26689799985961, 25.703561000283592], [-80.26690600025552, 25.703480999725087], [-80.26691499957803, 25.703385999599107], [-80.26688299979098, 25.702372000244793], [-80.26831100039419, 25.70231499980915], [-80.26834900002902, 25.703439000138825], [-80.26839300040994, 25.704539999889867], [-80.26900599998004, 25.704517000207286], [-80.26895900012438, 25.703218999866948], [-80.26889999967484, 25.701732000020133], [-80.26889300000214, 25.70139499993673], [-80.26889100035231, 25.7008830002012], [-80.26884000029871, 25.700221999703423], [-80.26883100007787, 25.699484999899497], [-80.26877500000137, 25.697637000335853], [-80.26873700036654, 25.696791000362698], [-80.26868499958968, 25.695717000400702], [-80.26867200006922, 25.694980999947564], [-80.26864699995485, 25.69429600011411], [-80.26859400025141, 25.69316300008643], [-80.26859300042649, 25.692433000072192], [-80.26939299959433, 25.690952999751236], [-80.26976500003833, 25.69039099985668], [-80.26992499987189, 25.690150000050227], [-80.27259000038426, 25.690060999964828], [-80.27339700012313, 25.690031999758904], [-80.27577700023012, 25.68995000031085], [-80.27598499974428, 25.689941999828584], [-80.2766550001141, 25.689917000240648], [-80.27867399964776, 25.68983799998631], [-80.27974900007354, 25.689797000202553], [-80.2802660002825, 25.68978300035216], [-80.28084299986757, 25.689760000247382], [-80.28421700020952, 25.68968600030257], [-80.28447499995238, 25.689680000129993], [-80.28485599971889, 25.689671999629585], [-80.28484599967314, 25.68931400036476], [-80.28484300019839, 25.68906399969288], [-80.28469900025836, 25.68894100030951], [-80.28469099986243, 25.688784999605772], [-80.28465800025046, 25.688742999692742], [-80.28464200035695, 25.68862399985874], [-80.2846320003112, 25.688445000000204], [-80.28460499964872, 25.687955000313817], [-80.2845750004098, 25.687008999608445], [-80.28455600014321, 25.68654899971871], [-80.28450799956434, 25.685348999635163], [-80.28450400026469, 25.685056000155424], [-80.2844919996708, 25.684840999727886], [-80.28448900019607, 25.684567000092947], [-80.28448099980017, 25.684486999726115], [-80.28447900015033, 25.684370000104852], [-80.28445999988377, 25.684092999969156], [-80.28444700036327, 25.68347599997352], [-80.28444599964006, 25.683434999619173], [-80.28443800014244, 25.683375000398108], [-80.28441999970079, 25.682717000130502], [-80.28440299998235, 25.682361999664202], [-80.28440100033252, 25.682165999899986], [-80.28439899978439, 25.68189500006247], [-80.28438999956356, 25.681765000166596], [-80.28439700013458, 25.68165199960635], [-80.28437100019529, 25.681057000261784], [-80.28437100019529, 25.68096700002739], [-80.28437299984512, 25.680654000365035], [-80.28437000037039, 25.68062100014837], [-80.28434899955568, 25.680383000326916], [-80.28433199983724, 25.68002499986339], [-80.28433100001232, 25.679695000401153], [-80.28432000014166, 25.679601999607478], [-80.28431199974575, 25.67936599987052], [-80.28432400033964, 25.679302000025945], [-80.28432799963927, 25.679196999953486], [-80.28432400033964, 25.678901000369223], [-80.28430599989797, 25.67867299967393], [-80.28429800040037, 25.678562999786124], [-80.28429400020241, 25.678335000063356], [-80.2843009998751, 25.678233000323107], [-80.28428900017953, 25.67760099960524], [-80.28427999995868, 25.677403000381783], [-80.28426300024027, 25.677215000274888], [-80.28425700039247, 25.67692399995525], [-80.2842439999737, 25.67685000013345], [-80.28423800012592, 25.67668000001871], [-80.28422200023238, 25.67620799983848], [-80.28421700020952, 25.675732999780227], [-80.28422600043034, 25.67549200027783], [-80.28420899981359, 25.675420000133723], [-80.28418799989718, 25.675228999686915], [-80.2841820000494, 25.674851999720907], [-80.2841810002245, 25.674782999651704], [-80.28417399965349, 25.674686000343446], [-80.28416399960776, 25.674555999869654], [-80.28416399960776, 25.67440400011992], [-80.28414299969135, 25.67400900032722], [-80.28415000026234, 25.673735000073055], [-80.28413900039172, 25.673662999677198], [-80.28413900039172, 25.67343700008624], [-80.28411699975209, 25.672769000180097], [-80.28412400032309, 25.672597000107242], [-80.28410199968346, 25.672543999606425], [-80.28405499982782, 25.671370000328263], [-80.28405999985067, 25.67064699980262], [-80.28403100043667, 25.67047399998636], [-80.2840120001701, 25.67039200003257], [-80.2839979999264, 25.670296000311204], [-80.2839900004288, 25.67011900029333], [-80.2839560000936, 25.670031999666733], [-80.28390500003998, 25.669870999679862], [-80.2838849999485, 25.669827999651602], [-80.28387800027579, 25.66978900012092], [-80.28387800027579, 25.669696999620513], [-80.28379100023716, 25.6696489998945], [-80.28377000032077, 25.6695609998068], [-80.28380999960541, 25.669516999738576], [-80.28383499971979, 25.66950000014951], [-80.28382800004708, 25.669481999819936], [-80.28377299979549, 25.669443000176106], [-80.28370500002345, 25.669301999613403], [-80.28363800007627, 25.66912199994473], [-80.28356500028134, 25.66902699994256], [-80.28355900043357, 25.668985000352126], [-80.28353699979395, 25.668967999877534], [-80.28352500009836, 25.66891500019217], [-80.28348999993827, 25.668893999974248], [-80.28343999970957, 25.66883299997571], [-80.28343399986178, 25.66879899979039], [-80.28345899997613, 25.668775999683344], [-80.28345800015121, 25.66873999961253], [-80.2834499997553, 25.66870900001513], [-80.28337799978527, 25.668682000150273], [-80.28328599972377, 25.668637999757657], [-80.28309800030111, 25.66853000019719], [-80.28286399994938, 25.668365000050105], [-80.28270699959054, 25.66824600010649], [-80.28269200042024, 25.668222999892766], [-80.28265399988709, 25.668159999671875], [-80.28253900025938, 25.668120999595555], [-80.28242100025861, 25.66804899985713], [-80.2822510003793, 25.66793400017346], [-80.28194099985957, 25.66771299996305], [-80.28188599960798, 25.667684999929126], [-80.28140399955913, 25.667356000252582], [-80.28090399996695, 25.66699199982818], [-80.28071099962311, 25.666827999932263], [-80.28064100020123, 25.666777000007478], [-80.28044100018467, 25.66665099962358], [-80.28021600005378, 25.666464000324893], [-80.27993900004435, 25.66628600033031], [-80.27992300015082, 25.666270000235922], [-80.2799159995798, 25.666253000183847], [-80.2798860003409, 25.666219000072495], [-80.27977300036301, 25.666146000038736], [-80.27978699970838, 25.66609299990858], [-80.2798439996098, 25.665916000128167], [-80.27992399997574, 25.66572099999726], [-80.28002600008298, 25.66551000016072], [-80.28008600035743, 25.66541299978442], [-80.28019400031246, 25.66523000001991], [-80.28034099972726, 25.66502899978233], [-80.28050499975878, 25.66483699972237], [-80.28068600040707, 25.66465699979021], [-80.28087499965463, 25.66449199995108], [-80.28108700026505, 25.664339000352623], [-80.28118000015147, 25.66428100036883], [-80.2814429999172, 25.66411899992968], [-80.28151900008518, 25.66408200009837], [-80.28176400030756, 25.66398500017978], [-80.28201600020265, 25.66390299981145], [-80.28218100005908, 25.663860000059824], [-80.2823440002657, 25.663826000075794], [-80.28260500038162, 25.663784000272646], [-80.28286800014736, 25.663759000055045], [-80.28393400035228, 25.66375600012576], [-80.28396100011648, 25.664289000144926], [-80.29006000034691, 25.66413900020573], [-80.29004199990524, 25.66360700030347], [-80.29002199981376, 25.662619999610648], [-80.29001500014107, 25.661898000266], [-80.29001500014107, 25.66187099966851], [-80.28870600026188, 25.661902000234033], [-80.28870500043695, 25.661788000282666], [-80.2886800003226, 25.660932000007815], [-80.28807000022724, 25.660926000006913], [-80.28807000022724, 25.659962999997518], [-80.28657899987485, 25.65999700027323], [-80.28535299983635, 25.66001799962892], [-80.28382700022216, 25.660044999836195], [-80.28380600030577, 25.659176999829036], [-80.28374799968114, 25.656852000152707], [-80.28379200006206, 25.65639099962846], [-80.28381600035152, 25.656134000061], [-80.2838439999406, 25.655836999852315], [-80.28402600041382, 25.655314999828356], [-80.28426900008806, 25.65469599976367], [-80.28457200003675, 25.65414400032739], [-80.28493000023705, 25.653568000093603], [-80.28557100029454, 25.652613000351487], [-80.2836399997261, 25.65263999980562], [-80.28360299991617, 25.65147499962738], [-80.28360100026636, 25.65041399973168], [-80.28354699983969, 25.649346000247895], [-80.28353099994615, 25.648497999790894], [-80.28347499986967, 25.646399999667373], [-80.28345700032632, 25.6457249996659], [-80.28344599955734, 25.645300999877005], [-80.2844349997694, 25.645280000360174], [-80.28487499998545, 25.645276999966153], [-80.28533199991995, 25.645274000381868], [-80.2862590002077, 25.6452430003541], [-80.28715899983298, 25.645217000167882], [-80.28908100018059, 25.645114999631787], [-80.28916400002127, 25.645100000069586], [-80.28926699995344, 25.64509699967104], [-80.28952700024443, 25.645090999683497], [-80.28958499997076, 25.645089000227475], [-80.28999099985161, 25.645078000384363], [-80.29003900043051, 25.645078000384363], [-80.29007700006534, 25.64507700025136], [-80.2902700004092, 25.64507100026281], [-80.290488999794, 25.645065000273995], [-80.2906310000842, 25.645059999608222], [-80.29060000012207, 25.644012999729803], [-80.29059799957393, 25.643955000390772], [-80.29058599987837, 25.643556999726155], [-80.29010100035478, 25.643276999883515], [-80.29004299973016, 25.64323799976946], [-80.28918999996054, 25.642736000319722], [-80.29194300033646, 25.63866199969278], [-80.29631600003786, 25.638626000251858], [-80.29634199997712, 25.638626999629057], [-80.29639200020584, 25.638626000251858], [-80.29644800028234, 25.638523000374256], [-80.29671799972077, 25.6380240002988], [-80.29697899983668, 25.637436000069663], [-80.29698899988242, 25.637436000069663], [-80.29713799984533, 25.63743099989413], [-80.30129999965955, 25.637355999665914]]]}}, {"type": "Feature", "properties": {"name": "Cutler Bay", "geoid": "1215968", "county": "miamidade"}, "geometry": {"type": "Polygon", "coordinates": [[[-80.37276200009912, 25.575995999853216], [-80.37242700036336, 25.57568700008705], [-80.37235700004315, 25.57340699985541], [-80.372290000096, 25.571167000050107], [-80.37228500007313, 25.570046999829287], [-80.37228400024821, 25.569977000024767], [-80.37189099988782, 25.569921000313748], [-80.37106200040766, 25.569822000196222], [-80.36857000014766, 25.569498999710216], [-80.36777099990641, 25.5693299998714], [-80.36592399990188, 25.56893999995647], [-80.3647780002293, 25.568697999703105], [-80.36445699983892, 25.568629999845275], [-80.36375999970493, 25.56842300014759], [-80.3634760000228, 25.568435999681103], [-80.3634760000228, 25.568564999837818], [-80.3634769998477, 25.56859099968295], [-80.36315100033279, 25.568591999645705], [-80.36280900002603, 25.568592999608484], [-80.3626039999866, 25.56859400038155], [-80.36243499993222, 25.568595000344306], [-80.36243699958204, 25.568690000007848], [-80.36246300041962, 25.569910999986377], [-80.36258499972004, 25.570787999834916], [-80.36261999988015, 25.571181999978375], [-80.36267699978156, 25.571802999896484], [-80.36290100008753, 25.572530999671546], [-80.36294100027051, 25.572661000207436], [-80.36305300042349, 25.57305699971086], [-80.36307699981462, 25.573196999729404], [-80.36314299993687, 25.57339499997392], [-80.36329899957249, 25.57386499997162], [-80.36332600023498, 25.5739330000978], [-80.36318899996763, 25.573957999669744], [-80.36295799998895, 25.573993999951735], [-80.36251399957493, 25.574059000253357], [-80.3623279998021, 25.574104999672603], [-80.36204099974692, 25.574137000244633], [-80.3620390000971, 25.57412700026935], [-80.36203700044727, 25.574118000209864], [-80.36201300015783, 25.57397799964765], [-80.36186599984472, 25.573146000337772], [-80.36185099977612, 25.57306000029755], [-80.36210000019646, 25.572580000276567], [-80.36211799973981, 25.570766000245246], [-80.3620469995947, 25.570598999655623], [-80.3619610002793, 25.570592999979457], [-80.36183900008055, 25.570595999817577], [-80.3610330001666, 25.570598999655623], [-80.36004999980234, 25.570603000249868], [-80.36004999980234, 25.570586000356897], [-80.35998799987804, 25.570586000356897], [-80.35998799987804, 25.570547999967715], [-80.35991300043331, 25.57055099980697], [-80.35991300043331, 25.570243999661496], [-80.35991500008312, 25.57012000025329], [-80.35947900006504, 25.570123000103255], [-80.3587660000375, 25.57013099970278], [-80.35859000031041, 25.570132999602574], [-80.35791999994058, 25.570141000011777], [-80.35768300011414, 25.570143999861234], [-80.35751499988463, 25.57014499981101], [-80.35749899999112, 25.569442999775667], [-80.35749899999112, 25.569404999834116], [-80.35758699985466, 25.569398000142105], [-80.35757900035705, 25.56744399961876], [-80.35752999995324, 25.567436999812124], [-80.35752999995324, 25.56737599985921], [-80.35752999995324, 25.566947000176267], [-80.35752999995324, 25.566858999781264], [-80.35752900012832, 25.56681999985256], [-80.35752900012832, 25.566620000122548], [-80.35603199992816, 25.566623000060194], [-80.35335300007041, 25.5666530002428], [-80.35239900001845, 25.56667999967145], [-80.35195100030481, 25.566652000263865], [-80.35177399985447, 25.56659799976718], [-80.35184300034977, 25.566529000357676], [-80.35248299968406, 25.565897999979313], [-80.35315600042694, 25.56523199984455], [-80.35366500023996, 25.56472900016694], [-80.35402900028801, 25.564368999799953], [-80.35457400008606, 25.56373800019751], [-80.35502299962464, 25.563148000045857], [-80.35524100008283, 25.562788999800627], [-80.35580699979727, 25.561846000103706], [-80.35593599966869, 25.56172700020486], [-80.35610200024836, 25.56135600028575], [-80.35624299981535, 25.561190000375824], [-80.35665899974198, 25.560468999948014], [-80.35641699989263, 25.560241000052745], [-80.35626999957954, 25.560037999770184], [-80.35606200006539, 25.559753000226152], [-80.35584199995736, 25.559544999735692], [-80.35547299988643, 25.559362999922037], [-80.35485399957022, 25.559210000216524], [-80.35361500001125, 25.559254999625832], [-80.35315899990165, 25.559253000354794], [-80.35188699983237, 25.559247000110265], [-80.35188600000748, 25.559170000187144], [-80.3518600000682, 25.554543999666222], [-80.34790599976814, 25.554564999724217], [-80.34781799990459, 25.554564999724217], [-80.34774000008679, 25.55456100021514], [-80.34780299983599, 25.551790999758822], [-80.34763999962937, 25.551776999936788], [-80.34099800014901, 25.551839999933424], [-80.33964300023908, 25.551851000251077], [-80.33565200012909, 25.55190299989697], [-80.33335999988563, 25.551925999811097], [-80.33157300015557, 25.551950999924156], [-80.33154999969102, 25.551950999924156], [-80.33149799981248, 25.55195200002582], [-80.33132899975809, 25.552010000235143], [-80.32771400029004, 25.552057000118666], [-80.32325799984964, 25.552100000392578], [-80.32230299997279, 25.552109999775553], [-80.3213670003625, 25.552118999867886], [-80.32048000025769, 25.552109999775553], [-80.3166089997983, 25.55216200011955], [-80.31501700006189, 25.55217599989656], [-80.31385799997052, 25.552187000183373], [-80.31180199972863, 25.557876000379782], [-80.31173700032961, 25.558070999869184], [-80.31122599996844, 25.55949000004825], [-80.31114700032572, 25.559879999938943], [-80.3108490003999, 25.561366999729753], [-80.31050399972007, 25.563075000234377], [-80.31036300015309, 25.566943000270218], [-80.31031999959706, 25.567012000251573], [-80.30963300040713, 25.56813399961887], [-80.30709000009351, 25.572286000397245], [-80.30702999981902, 25.57238400016713], [-80.30692000021419, 25.576801000043048], [-80.30896899988508, 25.581290000048035], [-80.30907699984013, 25.58152699988338], [-80.30925299956722, 25.581626999898763], [-80.30925400029042, 25.583369999920997], [-80.30930399962082, 25.583369999920997], [-80.30934200015398, 25.585078000131332], [-80.30934899982668, 25.585363999990573], [-80.30955800006404, 25.585359999889608], [-80.31075300014044, 25.586437999982287], [-80.31076200036127, 25.58696299986755], [-80.31082099991248, 25.59080900028778], [-80.31086500029342, 25.593654000104735], [-80.31087500033917, 25.594253999707732], [-80.31078900012545, 25.594253999707732], [-80.30913899976439, 25.594263999621603], [-80.30898099958064, 25.594262000125013], [-80.30863499997423, 25.594258000321517], [-80.30863699962406, 25.59426699967664], [-80.3085909995933, 25.59426699967664], [-80.30860499983703, 25.59441999995216], [-80.3087799997392, 25.59626800016572], [-80.30881800027234, 25.5966730001267], [-80.30882499994505, 25.596754999681806], [-80.30887699982357, 25.597304000303577], [-80.3090900002589, 25.599553999698244], [-80.30909500028177, 25.599607000205268], [-80.30910600015243, 25.599727999929584], [-80.30977700034717, 25.59971199982577], [-80.31000300030297, 25.59970699969161], [-80.31006600005216, 25.599705000286022], [-80.31015499974062, 25.59970399977306], [-80.3101949999236, 25.599703000070246], [-80.3102090001673, 25.599702000367383], [-80.31020099977138, 25.599776999930416], [-80.31097900009624, 25.59974900016386], [-80.31282299972771, 25.599683000340995], [-80.31349999977024, 25.599657999662103], [-80.31617000030548, 25.599561999760997], [-80.31731599997805, 25.599531000021223], [-80.31794899963963, 25.59951799981432], [-80.31933700005985, 25.599487999767753], [-80.32030100015754, 25.59950099997791], [-80.3217060002962, 25.59945499978887], [-80.32242299962338, 25.59943500001817], [-80.32278900021959, 25.59942400002132], [-80.32388100036381, 25.599387000392802], [-80.32591099976813, 25.59932400029832], [-80.32595099995109, 25.59932299978219], [-80.32669599976568, 25.599321000370136], [-80.32712400028616, 25.599306999624165], [-80.32845900010463, 25.59926400010034], [-80.3293239995698, 25.59926900025299], [-80.33046799959256, 25.5992310000596], [-80.33112000041902, 25.599206000096345], [-80.33138400000968, 25.599209000027404], [-80.33206699989998, 25.59917800019609], [-80.33297999994404, 25.599162000018705], [-80.3338369999116, 25.599165999658176], [-80.33468200018362, 25.599145000131664], [-80.3355619997174, 25.599070000172283], [-80.33644700017238, 25.59906799994587], [-80.33713599991046, 25.599028999980167], [-80.33766700036311, 25.59902699975308], [-80.33769599977713, 25.599026000044567], [-80.33772300043961, 25.599026000044567], [-80.33948099985737, 25.599003999974673], [-80.34038300003078, 25.599003999974673], [-80.3414609999313, 25.598959999822686], [-80.34409700013134, 25.598873999699855], [-80.34447700007294, 25.598867999820857], [-80.34572400002786, 25.598817999737342], [-80.34656900029987, 25.598811999855545], [-80.34678199983688, 25.598811000145265], [-80.34811800037856, 25.59878099992135], [-80.35016399967643, 25.598749000268285], [-80.35418099972567, 25.598590999678635], [-80.35534300019008, 25.596089000286064], [-80.35598900027045, 25.59611000034916], [-80.35647700016709, 25.59612600012475], [-80.3566329998027, 25.59612699985746], [-80.35667600035873, 25.596020999786333], [-80.35712099969933, 25.59503899972072], [-80.35698900035317, 25.595037999978903], [-80.35731099967013, 25.594346000018085], [-80.35774599986331, 25.593564000390835], [-80.35809499984276, 25.592938000345168], [-80.35816400033806, 25.59281400014154], [-80.35824999965347, 25.592659999670488], [-80.35826300007226, 25.592634999954083], [-80.35828300016375, 25.592601999704737], [-80.35832099979858, 25.592484999925706], [-80.3587529996187, 25.591826000251586], [-80.35897199990181, 25.59156399980904], [-80.36072099999707, 25.589874999786634], [-80.36144700044339, 25.589159999885815], [-80.36418599967728, 25.586485000129173], [-80.3644330004478, 25.586207999669632], [-80.36460400015203, 25.58600200020497], [-80.36485000019933, 25.585633999610074], [-80.36504500019299, 25.58523900021553], [-80.36519300033099, 25.584793000226234], [-80.36545899957147, 25.583788999926536], [-80.36570999964164, 25.58330800014367], [-80.36621000013214, 25.582712000122868], [-80.3664600003774, 25.58244999997938], [-80.36839799972022, 25.580450999844203], [-80.36883700011137, 25.58001899960108], [-80.37276200009912, 25.575995999853216]]]}}, {"type": "Feature", "properties": {"name": "Doral", "geoid": "1217935", "county": "miamidade"}, "geometry": {"type": "Polygon", "coordinates": [[[-80.38724199985937, 25.85523300017559], [-80.38721199972215, 25.852503000174746], [-80.38720400022453, 25.85181999961723], [-80.38706100010941, 25.847857000333978], [-80.38704199984284, 25.84653499984102], [-80.38703400034522, 25.845999999661796], [-80.38702799959913, 25.845802999800735], [-80.38688799985705, 25.841178000023188], [-80.3868779998113, 25.84070999963032], [-80.38686199991777, 25.8406250003986], [-80.38686199991777, 25.840524000214298], [-80.38685799971981, 25.84021899973484], [-80.38685699989492, 25.84016699972045], [-80.38685100004713, 25.83960399988922], [-80.3868350001536, 25.839081999819182], [-80.38679699962044, 25.838011999967275], [-80.38670299990912, 25.835401000342817], [-80.38666399955106, 25.834315000240295], [-80.38656800018991, 25.830754999912426], [-80.38658900010631, 25.830700000022457], [-80.38659800032713, 25.82994699978179], [-80.38662099989334, 25.828017000099873], [-80.38657900006055, 25.826781000041642], [-80.3865740000377, 25.826132999659094], [-80.38628299978454, 25.818830999782367], [-80.38629899967809, 25.818194999862175], [-80.38628000030982, 25.81801099961951], [-80.38627600011186, 25.81757400022228], [-80.3862650002412, 25.81701800018301], [-80.38621300036267, 25.816382000230277], [-80.38613200017181, 25.81513900019443], [-80.38600900014816, 25.81409700016259], [-80.38588500029961, 25.813598999941355], [-80.38580099973571, 25.81274200027087], [-80.3857299995906, 25.81210499965417], [-80.38576700029883, 25.81168699967327], [-80.38575700025308, 25.81154500003286], [-80.38574899985716, 25.811430000028476], [-80.38573100031384, 25.811190000187153], [-80.38561499996287, 25.80793099965264], [-80.38563300040452, 25.80717200028598], [-80.385722000093, 25.805219000211224], [-80.38575399988004, 25.805115000144315], [-80.38586699985795, 25.804073999701906], [-80.3858719998808, 25.803873999985914], [-80.38581699962923, 25.80170400033348], [-80.38578200036744, 25.799455000384242], [-80.3857170000701, 25.797070999885378], [-80.38570700002437, 25.796969999752378], [-80.38571799989504, 25.79681900003369], [-80.38547900041875, 25.796826000126668], [-80.38519700038644, 25.796833999885816], [-80.38520200040931, 25.796964000142175], [-80.3852080002571, 25.797024999939584], [-80.38522599980044, 25.797128000162655], [-80.38497499973028, 25.797109999737536], [-80.38479599963011, 25.797104999798684], [-80.38451399959781, 25.79710600027175], [-80.38050300029465, 25.797113000347768], [-80.37710399983837, 25.79711800028629], [-80.37703600006631, 25.79711800028629], [-80.37064599958273, 25.797130999963667], [-80.36936900038891, 25.7971339997646], [-80.36931499996224, 25.7971339997646], [-80.36909499985423, 25.7971339997646], [-80.3690930002044, 25.797048999983865], [-80.36909200037948, 25.797012000250554], [-80.36908800018152, 25.796910000401404], [-80.36906700026512, 25.796069000155352], [-80.36905899986921, 25.795280999622904], [-80.36899899959475, 25.794378999633356], [-80.36899399957187, 25.793479999953583], [-80.36892999999776, 25.792035999897976], [-80.3689119995561, 25.79163300000447], [-80.36882700006561, 25.78973400007893], [-80.3687779996618, 25.787952999953472], [-80.3687690003393, 25.787109999764787], [-80.3687629995932, 25.786170000258966], [-80.3686429999426, 25.784222000020268], [-80.36867599955455, 25.78300599977935], [-80.36872499995836, 25.78254400038175], [-80.3686930001713, 25.78254299978581], [-80.36864499959242, 25.78254400038175], [-80.36848800013189, 25.78254299978581], [-80.36520500002658, 25.78254800033874], [-80.35847200030963, 25.782572000077813], [-80.35774699968822, 25.782567000334808], [-80.35689300009369, 25.782560000208882], [-80.35298200034964, 25.782564999952204], [-80.35266099995928, 25.782567000334808], [-80.35153899967784, 25.782568999908495], [-80.33971900040707, 25.782606000104295], [-80.3393350002675, 25.78260699989083], [-80.3390110004024, 25.782747999633777], [-80.33873100001993, 25.78290000006962], [-80.33781600032604, 25.78344100009902], [-80.33772699973926, 25.783442999657925], [-80.33758199997429, 25.783429000318], [-80.33738899963045, 25.783459000172705], [-80.33705100041998, 25.783474999876404], [-80.33678899958083, 25.783500000015785], [-80.33665499968653, 25.78350200038261], [-80.33657199984586, 25.783503999940535], [-80.3363569997607, 25.783482999727443], [-80.3349969998279, 25.78342500039073], [-80.33462699993203, 25.78337000036592], [-80.3332850004409, 25.783116999923244], [-80.33213899987, 25.78287199964212], [-80.33125199976517, 25.78272499971582], [-80.3303789999041, 25.78259999976727], [-80.32859200017401, 25.78260699989083], [-80.32637000025075, 25.78261300022751], [-80.32523000042596, 25.78261499980041], [-80.3240780000073, 25.782617999968572], [-80.32374300027153, 25.782618999755005], [-80.3226150001423, 25.782621999923066], [-80.32226899963759, 25.78262599987741], [-80.3218329996195, 25.78263200021316], [-80.32152899984588, 25.78262400030473], [-80.32141199967, 25.782621000136693], [-80.3211289998128, 25.78261300022751], [-80.32105600001786, 25.78261300022751], [-80.32085699982623, 25.78261300022751], [-80.32090899970478, 25.783787999914853], [-80.32090899970478, 25.784292000279926], [-80.32095100043588, 25.784856999707777], [-80.32096599960619, 25.785393999847415], [-80.32097499982702, 25.78566999963747], [-80.32103900029944, 25.787141000054415], [-80.32105699984278, 25.787852999883572], [-80.32106900043665, 25.78830700010558], [-80.32108500033019, 25.793192999833952], [-80.32109000035305, 25.794385000183183], [-80.32107000026159, 25.7970109997767], [-80.32109500037593, 25.797351999922697], [-80.32097700037515, 25.79966700003531], [-80.32090200003209, 25.80062799970678], [-80.32093499964404, 25.802775000387676], [-80.32105299964482, 25.805721000059258], [-80.32109000035305, 25.806782999914073], [-80.32111600029234, 25.807078999741496], [-80.3212619998822, 25.80897999992291], [-80.32126899955489, 25.809214000399102], [-80.32127299975285, 25.80932399989649], [-80.32127500030099, 25.80949199965225], [-80.32127799977572, 25.8097400002041], [-80.32127699995081, 25.810273999760376], [-80.3212910001945, 25.810693999782938], [-80.32132299998156, 25.81167000019228], [-80.32133100037748, 25.811904000207303], [-80.32133899987508, 25.812142999873373], [-80.32135099957067, 25.81231300036422], [-80.32135999979148, 25.812449000257775], [-80.32139900014955, 25.813011999856556], [-80.32147699996735, 25.81607300017244], [-80.3214870000131, 25.816481999681148], [-80.3215449997394, 25.8187449999115], [-80.32154899993736, 25.818925000284402], [-80.32156200035617, 25.819427000274196], [-80.32157099967868, 25.81975399988974], [-80.32158400009749, 25.820299999675928], [-80.32154599956432, 25.823506000001075], [-80.32155099958719, 25.823630000225158], [-80.32156900002886, 25.824115999799254], [-80.32157300022682, 25.824379000056293], [-80.32159099977015, 25.82542800020055], [-80.32162799958007, 25.826208999977425], [-80.32174200028122, 25.826207999750125], [-80.3219029999397, 25.826208999977425], [-80.32200800041998, 25.82621000020472], [-80.32289999964935, 25.826217000178314], [-80.32399000014375, 25.82622500037867], [-80.32445399975093, 25.82622500037867], [-80.32576400035335, 25.826227000024378], [-80.32978999972512, 25.82621199985067], [-80.3314069995759, 25.82621199985067], [-80.3338229996679, 25.82618500018007], [-80.3356599996267, 25.826221999697154], [-80.33782399982364, 25.826264999755185], [-80.3395879999875, 25.82626400033693], [-80.34052100012306, 25.82626400033693], [-80.34070699989589, 25.82626400033693], [-80.34176399988, 25.826199000129822], [-80.34187400038317, 25.826192000155164], [-80.34582699996001, 25.826196999675044], [-80.35093000030571, 25.82615400040092], [-80.35392600035587, 25.826129000364485], [-80.35395800014291, 25.82719399982725], [-80.35398200043235, 25.827938000304286], [-80.35400400017366, 25.82879300036619], [-80.3540069996484, 25.828887999632467], [-80.35405799970204, 25.829833000055874], [-80.35406799974777, 25.830334999884453], [-80.35408500036452, 25.831172999696463], [-80.35413200022018, 25.83344800007337], [-80.35414300009083, 25.834169999764992], [-80.35416999985502, 25.835883999663388], [-80.35420800038817, 25.837028999865197], [-80.35434999978007, 25.840694000378832], [-80.3543930003361, 25.841814000160063], [-80.35440099983369, 25.841997999785715], [-80.35436700039682, 25.842135999721403], [-80.35442199975009, 25.844022000225014], [-80.3544579997351, 25.845217000199053], [-80.35450299994093, 25.847062999668623], [-80.3545549998195, 25.848883000123323], [-80.35462400031477, 25.85133599986391], [-80.35474200031555, 25.85189799962596], [-80.35481400028557, 25.85429999960056], [-80.35481000008761, 25.854652000347933], [-80.35481000008761, 25.855184000241934], [-80.35500900027924, 25.855181000294824], [-80.35801700002497, 25.855169999679735], [-80.3627150003147, 25.85515299997644], [-80.36282699956938, 25.85515299997644], [-80.36621699980483, 25.855115999805395], [-80.36697400021329, 25.855107999941694], [-80.3677840003252, 25.85511399983951], [-80.36889200036293, 25.855122999685694], [-80.36893500002064, 25.855134000305185], [-80.37014799964037, 25.85512399966856], [-80.3707269997736, 25.85509800011128], [-80.370791000246, 25.8550890002632], [-80.37077299980434, 25.855194000065058], [-80.37089099980513, 25.85524000004897], [-80.37101899985166, 25.855245999940117], [-80.37141499968676, 25.855254999776253], [-80.37172100000852, 25.85525299981272], [-80.37190500013152, 25.85525299981272], [-80.37338399989002, 25.855246999921942], [-80.37351600013452, 25.855245999940117], [-80.37477099958701, 25.855241000030844], [-80.37482300036389, 25.855241000030844], [-80.3748660000216, 25.855241000030844], [-80.3751899998867, 25.85524000004897], [-80.37612899987003, 25.855237000103294], [-80.37706200000557, 25.85523400015753], [-80.37728399976342, 25.85523300017559], [-80.37831499980827, 25.855230000229724], [-80.37851300017499, 25.85522900024775], [-80.37870700034374, 25.855202999905153], [-80.37881299975065, 25.85510300002657], [-80.37901500031533, 25.855109999907683], [-80.38192400032685, 25.855110999890666], [-80.38278299994425, 25.855107999941694], [-80.38287599983065, 25.85521299972667], [-80.38668299981764, 25.85520099994074], [-80.38679199959758, 25.85520699983387], [-80.38705100006365, 25.855222000373722], [-80.38724199985937, 25.85523300017559]]]}}, {"type": "Feature", "properties": {"name": "El Portal", "geoid": "1220650", "county": "miamidade"}, "geometry": {"type": "Polygon", "coordinates": [[[-80.20709499993066, 25.854495999870437], [-80.20709499993066, 25.854485999988267], [-80.2070919995576, 25.854260999990686], [-80.20701799993776, 25.854258000020153], [-80.20700799989203, 25.85423600023399], [-80.20695600001349, 25.854233000262816], [-80.20683399981475, 25.854237000224348], [-80.20670699959315, 25.85421699960696], [-80.206499000079, 25.85418499990554], [-80.20554599985196, 25.85408299999105], [-80.20544100026997, 25.85408199999938], [-80.20540199991191, 25.854075000057442], [-80.20533999998763, 25.85402499965171], [-80.20531499987328, 25.854013999737465], [-80.2052739998654, 25.85401199975294], [-80.2052460002763, 25.85404400030959], [-80.2051969998725, 25.854043000317585], [-80.20515800041275, 25.854022999667365], [-80.20506399980312, 25.854020999683005], [-80.2049430003276, 25.85399699986799], [-80.20486700015964, 25.853999999845104], [-80.20449600043887, 25.853962000128977], [-80.20444000036235, 25.853962000128977], [-80.20432599966122, 25.85391099968234], [-80.20429499969907, 25.853907999702926], [-80.20426200008713, 25.853930000358538], [-80.2040629998955, 25.85391899962703], [-80.20402899956031, 25.85390899969607], [-80.20388600034349, 25.853901999743904], [-80.20385799985608, 25.85388999982491], [-80.20382100004616, 25.853860000022113], [-80.20377699966522, 25.85386100001567], [-80.20376800034272, 25.853877999904697], [-80.20357499999885, 25.85386599998327], [-80.20331800008091, 25.8538290002179], [-80.20327100022524, 25.853828000224066], [-80.20248600022771, 25.853737999937245], [-80.2024369998239, 25.853737999937245], [-80.20189700004873, 25.853669000290726], [-80.20177499984999, 25.853667000300348], [-80.20159699957476, 25.853630999659796], [-80.20149100016788, 25.853628999668796], [-80.20089799979094, 25.85353900003891], [-80.20049500028311, 25.8535080001505], [-80.19956200014757, 25.853403999657207], [-80.19949000017755, 25.853403999657207], [-80.19839300001046, 25.853263999936924], [-80.19821399991032, 25.853229999979842], [-80.19813299971946, 25.853226999983136], [-80.19774399955705, 25.853181000024456], [-80.1971000000248, 25.853125000050618], [-80.19709800037498, 25.853025000031383], [-80.19658100016602, 25.853038000038687], [-80.19548099962589, 25.853066000049495], [-80.19507700029317, 25.85307600005176], [-80.19443500041075, 25.85324299996459], [-80.19396199968442, 25.853386999700014], [-80.19380199985085, 25.85343500038125], [-80.19302000022634, 25.85351900011182], [-80.19271899992746, 25.853562999946895], [-80.19227500041177, 25.8535839998624], [-80.19210999965702, 25.85359199982924], [-80.19146799977459, 25.853512000136575], [-80.19087500029597, 25.85337399973108], [-80.19016899994114, 25.85310500005353], [-80.18972000040257, 25.85292299992461], [-80.18916700020861, 25.85298099999612], [-80.18880599963529, 25.852951999963935], [-80.18862200041056, 25.85255699962564], [-80.1884120003483, 25.852396000396556], [-80.1883770001882, 25.852380000300503], [-80.18829099997446, 25.852340000050937], [-80.18797200013225, 25.852345000082863], [-80.18792799975131, 25.85226300034084], [-80.18789400031443, 25.852229000095917], [-80.18785499995637, 25.852140000216934], [-80.18781099957545, 25.851924999896834], [-80.18780700027581, 25.851852999969218], [-80.1878080001007, 25.851825999681896], [-80.18781999979629, 25.851537000262553], [-80.18757899977186, 25.851542000328422], [-80.18744099967958, 25.851546000380992], [-80.18731600000613, 25.851454999960175], [-80.1853710000923, 25.851505999849312], [-80.18529999994719, 25.851507999876215], [-80.18530099977208, 25.85158200003953], [-80.18531699966563, 25.851707999970717], [-80.18534699980285, 25.852424999756703], [-80.1853579996735, 25.852717000249115], [-80.18536699989434, 25.85291899991865], [-80.18538100013804, 25.853269999928322], [-80.18540000040461, 25.85372799999097], [-80.18541100027527, 25.85399299989832], [-80.1854620003289, 25.855171999644643], [-80.18633099999202, 25.855154999941654], [-80.18691799962288, 25.855135000287962], [-80.18697399969936, 25.8551320003396], [-80.1871090003169, 25.855127999599954], [-80.1871510001497, 25.855125999634282], [-80.18732600005187, 25.855121999702853], [-80.187870000025, 25.855102000043527], [-80.1874480002506, 25.85606899990733], [-80.18700800003455, 25.857010999967414], [-80.18708099982948, 25.857937999603635], [-80.18709900027113, 25.858411000311218], [-80.18912299982769, 25.85832999988169], [-80.19118099971942, 25.858264000358943], [-80.1926159999953, 25.8582160000215], [-80.19267399972162, 25.85815500022133], [-80.19268499959229, 25.85815100039235], [-80.19307600030285, 25.858130999628724], [-80.19313700040222, 25.858130999628724], [-80.19320199980122, 25.858125999841455], [-80.19322500026577, 25.858122999969023], [-80.19330700028151, 25.85811700022389], [-80.19369700026887, 25.858101000093665], [-80.19377199971362, 25.858184999742686], [-80.19525899986803, 25.85814299992563], [-80.19687200041915, 25.85809800022057], [-80.19691900027483, 25.85816699970744], [-80.19717500036788, 25.85816099996453], [-80.19728599979763, 25.8582720000091], [-80.19728999999559, 25.858524000029245], [-80.19869799960898, 25.858490999922452], [-80.19939599956788, 25.858459999715745], [-80.20138800023571, 25.85840199990695], [-80.20257599974109, 25.858368999766085], [-80.20340000009668, 25.85832899992596], [-80.20446499957839, 25.85828400029171], [-80.20546800003414, 25.858240999744968], [-80.20541299978257, 25.857320999809737], [-80.2054089995846, 25.856652999956925], [-80.20537599997265, 25.8559789997096], [-80.2053590002542, 25.85546999970007], [-80.2053580004293, 25.85528699999646], [-80.20532699956884, 25.85454500008922], [-80.20641000039053, 25.854506999739847], [-80.2067099999662, 25.854495999870437], [-80.20709499993066, 25.854495999870437]]]}}, {"type": "Feature", "properties": {"name": "Florida City", "geoid": "1222975", "county": "miamidade"}, "geometry": {"type": "Polygon", "coordinates": [[[-80.5015619999718, 25.45874300033032], [-80.50156100014686, 25.456869000326254], [-80.50152000013898, 25.455009000094936], [-80.50153600003252, 25.45318300012236], [-80.5015350002076, 25.45133599976303], [-80.50154299970521, 25.44945699971142], [-80.50155100010113, 25.447693000018734], [-80.49750899993751, 25.44773400003732], [-80.49710499970647, 25.44773900001884], [-80.4954600002666, 25.44775899994289], [-80.49342099974315, 25.4477850000014], [-80.49338999978102, 25.44609200022723], [-80.49336399984173, 25.44352099973001], [-80.49331799981098, 25.44048500007887], [-80.49332399965876, 25.439650999697214], [-80.49332299983384, 25.438822000382334], [-80.49322400009966, 25.438831000041517], [-80.49130400030019, 25.438836000392683], [-80.49131400034592, 25.437343999639097], [-80.49131799964557, 25.4368270001179], [-80.49131299962269, 25.434996999996002], [-80.4913069997749, 25.433163000163184], [-80.4887989996214, 25.433167999938377], [-80.48724399969491, 25.433166000190575], [-80.48522900035918, 25.43318000004697], [-80.48326900037677, 25.433183000073953], [-80.48327000020167, 25.434013999799614], [-80.48326400035388, 25.43480500019923], [-80.48434200025439, 25.434793999707257], [-80.48521900031345, 25.434803999933294], [-80.48522900035918, 25.43552299997596], [-80.48523199983393, 25.435609999846942], [-80.48524799972745, 25.436371000030835], [-80.48530999965173, 25.43688399970322], [-80.48530100032922, 25.437171000151448], [-80.48530499962885, 25.437590000400554], [-80.48529700013125, 25.43772600008487], [-80.48529100028347, 25.43795399980766], [-80.48529700013125, 25.43874599971833], [-80.48531600039783, 25.439525000398], [-80.48532600044356, 25.43977300039958], [-80.48533099956813, 25.44058200016856], [-80.48509999958945, 25.44061699967998], [-80.48406199987191, 25.440626000016234], [-80.48327799969927, 25.440641000034386], [-80.48317099956915, 25.440511000085486], [-80.48201499985083, 25.44051600036691], [-80.48134899967897, 25.440497000269826], [-80.48038399975637, 25.44051299971136], [-80.48030400028874, 25.440513999929905], [-80.48028300037234, 25.43880000013102], [-80.4802809998242, 25.438648999772496], [-80.47919000040321, 25.43865199966325], [-80.47919000040321, 25.43869200009263], [-80.47918600020526, 25.440515000148388], [-80.47844999971319, 25.440519000211214], [-80.47784499964071, 25.440519000211214], [-80.47771400011945, 25.4399109996887], [-80.47716900032141, 25.439492000212113], [-80.47712199956742, 25.439222999686958], [-80.47581100003842, 25.433187000380194], [-80.47421799957877, 25.433209000034108], [-80.47417900011904, 25.433204999728556], [-80.47415499982958, 25.43320700028698], [-80.47412499969236, 25.433209000034108], [-80.47343599995426, 25.43321000031325], [-80.47294899988255, 25.433212000060326], [-80.47298999989044, 25.433277000340155], [-80.47032799975112, 25.433312000351513], [-80.46883499974892, 25.433332000237552], [-80.46486899975328, 25.43337500002184], [-80.46404399957278, 25.43333700000571], [-80.46062200044858, 25.433332999704444], [-80.4606659999312, 25.432607000017022], [-80.46070500028925, 25.431604999914246], [-80.46069400041858, 25.43058600015558], [-80.46068699984758, 25.42994200013709], [-80.46068199982471, 25.42951699982576], [-80.46064300036498, 25.428690999875332], [-80.46057800006764, 25.427283999595428], [-80.46051100012049, 25.425854999745205], [-80.46057999971748, 25.424224999637186], [-80.46065699971037, 25.42238699989407], [-80.46060599965672, 25.418687000047527], [-80.45625800006968, 25.418620000022987], [-80.45251999967968, 25.41858200022259], [-80.45245199990762, 25.41858200022259], [-80.45204799967658, 25.418586000202147], [-80.45189899971366, 25.418588000191875], [-80.44824200041282, 25.41862500040149], [-80.44798799996961, 25.4186089996763], [-80.44422000034069, 25.41862500040149], [-80.4422000000838, 25.41861400005529], [-80.44219800043398, 25.418724000226764], [-80.44218199964214, 25.422274999891055], [-80.44019099969755, 25.422267999735297], [-80.44019099969755, 25.422458999667224], [-80.44018900004772, 25.424107000025025], [-80.4402080003143, 25.42588099966387], [-80.43620100031079, 25.425887000081158], [-80.43601200016491, 25.426043999806318], [-80.43600899979187, 25.427207999765997], [-80.43600200011917, 25.429689999757326], [-80.43599200007341, 25.433245000344076], [-80.43611000007421, 25.434672999907942], [-80.43207499958328, 25.4346819998771], [-80.43207499958328, 25.434811000172143], [-80.43206500043586, 25.43544199998369], [-80.43206799991059, 25.436987000123622], [-80.43207100028363, 25.43906099975638], [-80.43207399975836, 25.440578000107887], [-80.43207399975836, 25.44067399990549], [-80.4360049995939, 25.440643999875547], [-80.43613500018856, 25.440642999658095], [-80.4401920004208, 25.44064699971662], [-80.44422100016561, 25.440641000034386], [-80.44803700037342, 25.440620000332945], [-80.44817399974245, 25.440619000115287], [-80.4520419998288, 25.440597000192195], [-80.45245799975541, 25.44059499975649], [-80.45677899957826, 25.440572999829033], [-80.46064099981685, 25.440553000333914], [-80.46068900039573, 25.447794999960017], [-80.46075299996983, 25.447797000276083], [-80.46106900033733, 25.447797999622942], [-80.46274599956422, 25.4477850000014], [-80.46481100002697, 25.4477700000619], [-80.46685700022313, 25.44776899990367], [-80.46685800004803, 25.447880999732032], [-80.46685800004803, 25.44799599992538], [-80.46686300007092, 25.44881000036156], [-80.46686999974362, 25.449728999703858], [-80.4668759995914, 25.450661000266315], [-80.46688200033749, 25.451551999776036], [-80.46688200033749, 25.45208400037835], [-80.46688499981221, 25.45362999964398], [-80.46688700036037, 25.454259999706135], [-80.46688900001018, 25.454867999966343], [-80.46689099966001, 25.45530500038559], [-80.46726300010398, 25.455297999715736], [-80.46758299977114, 25.455293000048147], [-80.46900399980332, 25.4552700002768], [-80.46901899987193, 25.457268000204273], [-80.46901499967397, 25.457617999890413], [-80.46901200019924, 25.45787499979515], [-80.46901399984907, 25.457956000108993], [-80.46901800004703, 25.458070999599784], [-80.46902999974259, 25.458435000359888], [-80.46902899991768, 25.45868499966931], [-80.46901300002415, 25.46245399986362], [-80.47009199974957, 25.462458000008528], [-80.47118399989378, 25.462459000044753], [-80.47180700040795, 25.462468000370325], [-80.47200900007431, 25.46246600029803], [-80.47243900024462, 25.462463000189537], [-80.47309600019565, 25.46246600029803], [-80.47515099971434, 25.462479999992294], [-80.4761059995912, 25.462478999956247], [-80.47728700032219, 25.462487000244337], [-80.47827200033626, 25.462487000244337], [-80.47866300014853, 25.462483000100356], [-80.47929099978724, 25.462485000172382], [-80.47979399975249, 25.46248100002834], [-80.481316000067, 25.462475999848085], [-80.482197000324, 25.46246600029803], [-80.48222999993598, 25.46246600029803], [-80.48237899989891, 25.462465000261883], [-80.48298899999426, 25.462467000334176], [-80.48332100025529, 25.462468000370325], [-80.48431999961477, 25.462449999718533], [-80.48536300025349, 25.462459000044753], [-80.48591499972422, 25.46245399986362], [-80.48738500016022, 25.46244400031172], [-80.48792199956233, 25.46244500034806], [-80.48817000015777, 25.462433999947965], [-80.48844299996924, 25.46243600002077], [-80.48892599984299, 25.462428999765752], [-80.4891080003162, 25.46243900012994], [-80.4894609995953, 25.462428999765752], [-80.48959000036504, 25.462428999765752], [-80.4902489999659, 25.462431999875097], [-80.49104999985697, 25.46242999980223], [-80.4914399998443, 25.462423000357894], [-80.49257700019436, 25.462419000211792], [-80.4934950002613, 25.46241199995579], [-80.49451700008531, 25.462417000138707], [-80.49554899995508, 25.4624109999192], [-80.49736400017255, 25.462399000290322], [-80.49746399973166, 25.46239800025363], [-80.49746000043203, 25.462283000031423], [-80.4974520000361, 25.461939000368055], [-80.4973950001347, 25.45875899978059], [-80.4973950001347, 25.458745999720488], [-80.49746100025693, 25.458746999787554], [-80.49751200031056, 25.458746999787554], [-80.5015619999718, 25.45874300033032]]]}}, {"type": "Feature", "properties": {"name": "Golden Beach", "geoid": "1226250", "county": "miamidade"}, "geometry": {"type": "Polygon", "coordinates": [[[-80.12504799958135, 25.957396000087805], [-80.12513799999304, 25.957027000105036], [-80.1247270000893, 25.957042999745227], [-80.12455499966185, 25.957049000114548], [-80.12430199994188, 25.957059000190934], [-80.12208300039165, 25.957108999752457], [-80.12172600001628, 25.957103000193882], [-80.1210439999509, 25.95713600018531], [-80.12063300004716, 25.957130999746642], [-80.11991699964658, 25.957120999676377], [-80.1186930001562, 25.957144000402117], [-80.1186859995852, 25.957367999790375], [-80.11867700026268, 25.957642999624674], [-80.11865299997322, 25.958216000304922], [-80.11860699994247, 25.959041000012697], [-80.11858600002607, 25.95996499963621], [-80.1186370000797, 25.960656000252154], [-80.11864399975241, 25.96111799988042], [-80.1186370000797, 25.9618779996024], [-80.11861100014043, 25.963066000182575], [-80.11860399956943, 25.96372600034752], [-80.11861399961516, 25.964023000183154], [-80.11861199996535, 25.964188000037094], [-80.1185879996759, 25.964351999794797], [-80.11856400028478, 25.96484599984067], [-80.11852099972874, 25.965207999724736], [-80.11848899994172, 25.96553600020626], [-80.11844299991094, 25.965796999977975], [-80.11840500027611, 25.966224999906807], [-80.11834699965148, 25.96658400004845], [-80.11829399994802, 25.96704400013832], [-80.11824799991727, 25.967669999699332], [-80.11816300042678, 25.96820099979923], [-80.11816199970355, 25.96855299995279], [-80.11820500025958, 25.969035999628606], [-80.11824899974218, 25.969451999607465], [-80.11825100029033, 25.969759999956317], [-80.11827399985654, 25.970132999653096], [-80.11826499963571, 25.970331000150452], [-80.11826499963571, 25.970616999921514], [-80.11822500035105, 25.971143999604244], [-80.11815400020593, 25.971691000245585], [-80.11811300019806, 25.971952999890945], [-80.11817699977216, 25.972429999750354], [-80.11813300028955, 25.97302300015766], [-80.11817000009948, 25.973688999706162], [-80.11817500012233, 25.974162999641308], [-80.11817699977216, 25.974378999887918], [-80.11818400034318, 25.9749100003893], [-80.11808100041101, 25.97524200036522], [-80.11900000030288, 25.975211999924312], [-80.11946499973496, 25.975200000230352], [-80.11956799966713, 25.975197000104757], [-80.11982899978304, 25.97519199962609], [-80.12084499975927, 25.9751640003335], [-80.12124300014251, 25.975151999827055], [-80.1214880003649, 25.97514499980026], [-80.12220999971494, 25.975126000071526], [-80.12255899969442, 25.975115999915538], [-80.12282300018337, 25.97510899988658], [-80.12294899968175, 25.975105999758682], [-80.12330900043017, 25.975102999630725], [-80.12330799970695, 25.97502999999256], [-80.12330699988203, 25.975015999923997], [-80.12360800018092, 25.970175999797586], [-80.1236709999301, 25.96970900029777], [-80.12372199998373, 25.969339000339193], [-80.12363199957204, 25.96831499999181], [-80.12355999960204, 25.96749999988484], [-80.12353700003581, 25.967241000341293], [-80.12361999987648, 25.96635399973287], [-80.12349000018014, 25.96593999980847], [-80.12372299980865, 25.964640999958952], [-80.1237830000831, 25.964309999809682], [-80.1239870002976, 25.96317399964054], [-80.12369000019669, 25.962481000318935], [-80.12376600036465, 25.961908000213352], [-80.12385599987803, 25.961236999931423], [-80.12410500029837, 25.959377999888055], [-80.12417999974313, 25.958960000006638], [-80.12427500017769, 25.958433999777593], [-80.12495700024309, 25.957764999721363], [-80.12504799958135, 25.957396000087805]]]}}, {"type": "Feature", "properties": {"name": "Hialeah", "geoid": "1230000", "county": "miamidade"}, "geometry": {"type": "Polygon", "coordinates": [[[-80.37373600024254, 25.927772999751166], [-80.37363800033324, 25.925074000100306], [-80.37358100043186, 25.924107999995663], [-80.3734099998293, 25.92052699993733], [-80.3733599996006, 25.919457000044954], [-80.37330400042241, 25.91765800013617], [-80.3732550000186, 25.91698099983181], [-80.37317100035303, 25.915171000244374], [-80.37308199976624, 25.913269000385093], [-80.37308000011642, 25.913209000231934], [-80.37284099974181, 25.906921000312998], [-80.37281599962746, 25.905712999917405], [-80.37280099955885, 25.905478999670816], [-80.37272299974104, 25.90421499986497], [-80.3726840002813, 25.903573000368638], [-80.37266099981676, 25.903205999841095], [-80.37262599965666, 25.902648000055194], [-80.37261099958806, 25.90241099982986], [-80.37259399986961, 25.902121999708697], [-80.3725289995723, 25.900574999620243], [-80.37245400012753, 25.898776000179254], [-80.37246300034835, 25.89866100014025], [-80.37202899998009, 25.89866100014025], [-80.36909800022727, 25.89866399979137], [-80.36684399961862, 25.89866300017704], [-80.36640699977563, 25.898661999754594], [-80.36445199981607, 25.89866100014025], [-80.36365699977276, 25.89866900028715], [-80.36180100044572, 25.89868899984387], [-80.35693499992648, 25.89874099996845], [-80.35641699989263, 25.89874700007459], [-80.3564140004179, 25.89867899966188], [-80.35631399996046, 25.89784599970912], [-80.35623699996758, 25.896552000281222], [-80.35621600005118, 25.896416000119366], [-80.35620500018052, 25.896070000403384], [-80.35620299963239, 25.895991000017688], [-80.35619500013479, 25.89574500017601], [-80.356181999716, 25.895556000363236], [-80.35616699964737, 25.89523800026455], [-80.35616699964737, 25.895154999937706], [-80.35606000041557, 25.893056999971726], [-80.35604199997391, 25.892605000037594], [-80.35599599994315, 25.89150100034524], [-80.35607799995893, 25.890953000194493], [-80.35603899960086, 25.890325000102482], [-80.35595900013324, 25.889751999825442], [-80.35593400001888, 25.88947499976052], [-80.35588700016321, 25.889086000074606], [-80.35585399965295, 25.888795000252586], [-80.35584100013246, 25.88867599977438], [-80.35582000021606, 25.888486000256236], [-80.35580199977439, 25.888178999665577], [-80.35578300040613, 25.88785299982544], [-80.35577199963717, 25.887250999975905], [-80.35576999998736, 25.887197000215277], [-80.35576499996448, 25.88690500006406], [-80.35576199959142, 25.886740999994576], [-80.35575200044399, 25.886212999622995], [-80.35574800024604, 25.886047999679274], [-80.3557459996979, 25.885887999734074], [-80.35574400004808, 25.885829999649875], [-80.3557380002003, 25.885641999849952], [-80.35572399995661, 25.885257000185277], [-80.35569100034463, 25.88428699993562], [-80.35568499959854, 25.88411799996686], [-80.35379300028647, 25.884170999782242], [-80.35204400019123, 25.884080999974923], [-80.3508459997418, 25.884084999734334], [-80.35018100029316, 25.884087000018074], [-80.35010599995009, 25.884087999755835], [-80.34774400028475, 25.884096000082266], [-80.34572300020294, 25.88410299986233], [-80.34507799994749, 25.884105000145762], [-80.34495699957365, 25.88410599988338], [-80.34486500041046, 25.88410599988338], [-80.34479300044043, 25.88410599988338], [-80.34372499968737, 25.884109999641957], [-80.3405730000016, 25.88418599987819], [-80.33981999979109, 25.88416900030811], [-80.3397000001405, 25.88417300006457], [-80.33958600033766, 25.88417300006457], [-80.3395040003219, 25.881638000168117], [-80.33950199977376, 25.88156999959774], [-80.33941300008532, 25.87969400022707], [-80.33941100043549, 25.879212000217734], [-80.33931400035111, 25.87882100029266], [-80.33929699973436, 25.87874199967934], [-80.33927300034324, 25.878285999945405], [-80.33925800027461, 25.87783300024783], [-80.33924300020601, 25.87736299987952], [-80.33921800009165, 25.87701700009163], [-80.33915799981719, 25.875225999809913], [-80.33912500020523, 25.87327200030628], [-80.3391169998093, 25.87277699969574], [-80.33908099982429, 25.872229999781414], [-80.33907900017446, 25.87219700026858], [-80.33906999995364, 25.871889000329436], [-80.33904099964133, 25.871552000077095], [-80.33904200036456, 25.87129000027683], [-80.33896100017368, 25.87004600009007], [-80.33895199995285, 25.869802999924648], [-80.33712000001695, 25.869815999703334], [-80.3370329999783, 25.86981700037021], [-80.33580699993979, 25.869825999905174], [-80.33528499970797, 25.869830000147356], [-80.33503500036102, 25.869831999864207], [-80.33428100032562, 25.869800000348604], [-80.3339909998974, 25.86981800022877], [-80.33330899983201, 25.86983299972265], [-80.33279900019407, 25.869802999924648], [-80.3323010002517, 25.869819999945822], [-80.3310400000531, 25.869827999622125], [-80.32987500011394, 25.869825999905174], [-80.32802599956126, 25.869825000046678], [-80.32719100023331, 25.869809999743488], [-80.32698299982086, 25.869806000308962], [-80.32560899964433, 25.86977999993966], [-80.32462199998042, 25.869762000053708], [-80.32351399994269, 25.86975699995018], [-80.32342799972896, 25.86975699995018], [-80.32336099978181, 25.869757999809245], [-80.32332999981966, 25.869757999809245], [-80.32327100026842, 25.8697589996683], [-80.32313700037412, 25.869760000335624], [-80.32290200019749, 25.869762000053708], [-80.3229039998473, 25.86965499973205], [-80.32290100037258, 25.869593000317163], [-80.32290100037258, 25.86950299990925], [-80.32289399980156, 25.869312000397095], [-80.32285100014388, 25.86767500021018], [-80.32284899959573, 25.866932999658285], [-80.32284899959573, 25.866634000324865], [-80.322733999968, 25.863260999736728], [-80.32272999977005, 25.862991999922656], [-80.32264699992936, 25.857808999964078], [-80.3226340004089, 25.857300999714052], [-80.32262600001297, 25.85708699985273], [-80.32258400018017, 25.855838999804757], [-80.32255300021804, 25.854914999831916], [-80.32256800028667, 25.854168000060632], [-80.32257300030952, 25.85390599971663], [-80.32256900011156, 25.853835000180624], [-80.32256099971565, 25.853659000338613], [-80.32225000026934, 25.853445000352295], [-80.32218199959895, 25.85338799969756], [-80.32153999971653, 25.852911999907835], [-80.32061300032707, 25.852224000059067], [-80.32009299974509, 25.851828999714133], [-80.31974100029089, 25.851542000328422], [-80.31937499969467, 25.85128999997802], [-80.31919599959454, 25.851160000344365], [-80.31898399988243, 25.85098599979021], [-80.31871199989587, 25.850799000344836], [-80.31838600038095, 25.85054800004945], [-80.31808400025716, 25.850341000255316], [-80.31719799997727, 25.849678999945915], [-80.31673699984482, 25.849354999835924], [-80.31631599989534, 25.84902300017979], [-80.31591800041039, 25.84873200030398], [-80.31557500027873, 25.848469000003025], [-80.3153149999877, 25.8482859999742], [-80.31503700015338, 25.8480570001356], [-80.31483600031193, 25.84791899983167], [-80.31460500033324, 25.84774800030374], [-80.31434099984429, 25.847584000046698], [-80.31418799968341, 25.847450000190427], [-80.3139330003136, 25.847239999675846], [-80.313729999924, 25.847093999629635], [-80.31312700039965, 25.846660000244373], [-80.31278900029085, 25.846394000016538], [-80.31183699988873, 25.8456849997391], [-80.31136099968766, 25.84535000009429], [-80.31114899997556, 25.84518000015298], [-80.31065699988096, 25.84482400003594], [-80.31041099983366, 25.84465400014711], [-80.31022199968777, 25.844504999924734], [-80.3101189997556, 25.844422999597473], [-80.30978200037005, 25.844181000193263], [-80.3091460003354, 25.843710000123796], [-80.30893799992295, 25.843543999765632], [-80.30773399962574, 25.84266000023726], [-80.30652299965584, 25.841740999640518], [-80.30633500023319, 25.841592999888675], [-80.3061329996685, 25.84144900034574], [-80.30584899998637, 25.841255999773914], [-80.30567900010705, 25.841114000023445], [-80.30544800012838, 25.840936999742844], [-80.3051259999131, 25.840716000258656], [-80.30486200032246, 25.84051000034204], [-80.3046129999021, 25.84031499963919], [-80.30427800016635, 25.840083000208597], [-80.30424899985405, 25.84006100021112], [-80.30422000044004, 25.840039000209533], [-80.30414400027206, 25.839953000384554], [-80.30408900002047, 25.839986000005144], [-80.30394000005755, 25.839873999662956], [-80.30385399984382, 25.839808999653957], [-80.30379100009463, 25.83976200002324], [-80.30365399982728, 25.839658000378364], [-80.3010439995665, 25.837690999822716], [-80.300774999953, 25.837485999622306], [-80.30073800014307, 25.837455000377478], [-80.30053300010366, 25.837284000276384], [-80.30030299994989, 25.83711199979301], [-80.3001289998726, 25.83699700036452], [-80.29974300008324, 25.836712000033636], [-80.29926299968422, 25.83637300028661], [-80.29901300033727, 25.83617599975613], [-80.29887500024502, 25.8360859997822], [-80.29847199983888, 25.835772000289424], [-80.29829299973875, 25.83565299977729], [-80.29810299976795, 25.83551699985398], [-80.29803099979792, 25.835471000284457], [-80.29774200009291, 25.835240000400702], [-80.29763400013789, 25.83513499986345], [-80.29765300040447, 25.835115000058554], [-80.29755499959685, 25.835037999646264], [-80.2975300003808, 25.83505700012018], [-80.29751199993915, 25.835048999708228], [-80.29725300037137, 25.834864999786706], [-80.29712899962449, 25.834795000295102], [-80.29668699975863, 25.834464000359556], [-80.29647099984857, 25.834319000066866], [-80.29628800044877, 25.83418099990765], [-80.29610400032576, 25.83401899976152], [-80.29575600017122, 25.83375499973694], [-80.29572900040704, 25.83374400036325], [-80.2953390004197, 25.83346499966208], [-80.29527300029744, 25.833417999937115], [-80.29471799955535, 25.833007999738438], [-80.29469599981405, 25.833026999729736], [-80.29431400022263, 25.832734999952315], [-80.29410599981017, 25.832563000133906], [-80.29381600028024, 25.83232300027038], [-80.29327499978186, 25.831976999637533], [-80.29306800009263, 25.831817000068476], [-80.29304299997827, 25.83180999961747], [-80.29247499971571, 25.831365999734988], [-80.29242899968494, 25.83134899984479], [-80.29189300010773, 25.83093700018942], [-80.29149899992245, 25.83064500010692], [-80.29121600006523, 25.830481000398155], [-80.29101400039886, 25.830301999998163], [-80.29087200010864, 25.83020499986254], [-80.29039300043284, 25.829847999770738], [-80.29025600016548, 25.829756999638565], [-80.29018900021833, 25.829702000093395], [-80.29008399973803, 25.829616000033017], [-80.28992899992734, 25.829508000376396], [-80.28971399984219, 25.829358999677652], [-80.28957599974991, 25.829255999985833], [-80.2895459996127, 25.829224000000515], [-80.28950100030517, 25.82918599960245], [-80.2894259999621, 25.829121000191222], [-80.28908299983041, 25.828864999774563], [-80.28867199992668, 25.828572000033205], [-80.28860300032972, 25.82852900000461], [-80.28842099985653, 25.82837800008134], [-80.28788699992913, 25.827999999728686], [-80.28727299963582, 25.827579999628124], [-80.28711799982511, 25.82746300020688], [-80.28673200003573, 25.827148999668008], [-80.28670600009646, 25.82711800014128], [-80.28666300043876, 25.827097999790258], [-80.28595100023614, 25.8265769997647], [-80.28555799987573, 25.82627199972553], [-80.28551900041602, 25.82624900016792], [-80.28478700012191, 25.825672999840336], [-80.28439700013458, 25.825397000223198], [-80.28425800021739, 25.82527799979128], [-80.28401700019297, 25.82509599970798], [-80.28384700031366, 25.824968000068278], [-80.28378100019141, 25.82491999996556], [-80.28349699961099, 25.824716999956053], [-80.28341600031843, 25.824635999902924], [-80.28262499957478, 25.82403900031751], [-80.28223200011271, 25.823722999903676], [-80.28215599994473, 25.823675000104817], [-80.28184299995029, 25.823455000171172], [-80.28164899978152, 25.82329599984707], [-80.28146100035886, 25.823141999766907], [-80.28107800004423, 25.82285100011877], [-80.28100500024928, 25.822804999669902], [-80.2806329998053, 25.822531000352537], [-80.2805979996452, 25.822494999940616], [-80.2805419995687, 25.822403999816405], [-80.28048399984239, 25.82236200023312], [-80.28033400005454, 25.822294999788873], [-80.28019500013738, 25.822179999710368], [-80.28009499967995, 25.822114999686896], [-80.27966799988269, 25.8217580002654], [-80.27959400026285, 25.821703000238454], [-80.27949999965321, 25.821672000094377], [-80.27943500025418, 25.821636000229905], [-80.2793389999947, 25.82152400031203], [-80.27908999957437, 25.82134000039022], [-80.27853899992856, 25.820948999910264], [-80.27818400010132, 25.820724000012568], [-80.27773700021257, 25.820390000332022], [-80.27667900040353, 25.819557000001986], [-80.27585900024589, 25.81896799975796], [-80.27577800005504, 25.818903999877627], [-80.27523699955665, 25.818513000249222], [-80.27439100035804, 25.81790100010261], [-80.27435500037302, 25.817866999687233], [-80.27330800043467, 25.817106999794632], [-80.27319499955844, 25.81701199997056], [-80.27314400040312, 25.816955999859783], [-80.27307200043312, 25.81689300000677], [-80.2729729998006, 25.816804000234335], [-80.27286200037082, 25.81676400008768], [-80.27277199995913, 25.816702999939075], [-80.27145399985912, 25.81572699975806], [-80.27106100039705, 25.815425000220284], [-80.2696019998317, 25.814302999953718], [-80.26773399991077, 25.812923999933407], [-80.26764100002435, 25.812828999988906], [-80.26715099957961, 25.81245899964916], [-80.26567099999619, 25.81136400022167], [-80.26497300003726, 25.810804999880943], [-80.26494000042528, 25.810793999992423], [-80.2646669997155, 25.810594999848206], [-80.26446800042218, 25.810443000146808], [-80.26430600004049, 25.810318000310073], [-80.26395200003815, 25.810046999881166], [-80.26331799965334, 25.809573000359148], [-80.26300100035927, 25.809344000014704], [-80.26245200036325, 25.80891699987123], [-80.2621379996456, 25.808661000253753], [-80.26187200040513, 25.808467999598303], [-80.26178299981835, 25.808360000062276], [-80.2615819999769, 25.808205999969545], [-80.26128700042413, 25.80804399986597], [-80.26121200008104, 25.807958999822887], [-80.26075000012368, 25.807664000151696], [-80.26063600032087, 25.80762299976917], [-80.26065700023726, 25.807599000248754], [-80.26036900035717, 25.807400999976274], [-80.26033099982402, 25.807368999745965], [-80.26013500000545, 25.80723400006921], [-80.25990999987455, 25.80705700008029], [-80.25989599963084, 25.807028000116322], [-80.2598019999195, 25.806949000066822], [-80.25965899980437, 25.80685200021042], [-80.25925600029657, 25.806561000164752], [-80.2587800000955, 25.80618099973783], [-80.25873200041491, 25.806131000123013], [-80.25868399983602, 25.80611399984479], [-80.25866299991964, 25.806093999990075], [-80.25856300036052, 25.806046999913836], [-80.25846899975089, 25.80597700036797], [-80.25842600009317, 25.80595899966937], [-80.25843000029113, 25.80608000008976], [-80.25843500031401, 25.806182999722], [-80.25845000038262, 25.80718800002445], [-80.25846899975089, 25.80765299997153], [-80.25850399991097, 25.808543999931647], [-80.25850399991097, 25.80900299959964], [-80.25850499973589, 25.8094129996283], [-80.25850599956081, 25.809632000210176], [-80.25850700028403, 25.809722000077166], [-80.25851599960654, 25.81040599974306], [-80.25831300011527, 25.8104320002247], [-80.2581819996957, 25.810430999864124], [-80.25787399972411, 25.810430000312248], [-80.25761599998127, 25.810464999987982], [-80.25744000025416, 25.810484999913545], [-80.25657099969271, 25.81070799994673], [-80.25657999991354, 25.81097400031857], [-80.25662400029448, 25.81229200040243], [-80.25664400038598, 25.81278799977655], [-80.25666000027948, 25.813190000181333], [-80.25669799991434, 25.814134999742755], [-80.25671600035598, 25.81462199979477], [-80.25675599964065, 25.815991999866874], [-80.25678599977788, 25.816769000005642], [-80.25681699974001, 25.817483999851937], [-80.25682599996084, 25.817779999626474], [-80.25682799961066, 25.81784499960356], [-80.25583900029693, 25.81787599994085], [-80.2557940000911, 25.817877999727557], [-80.25580699961155, 25.81817799969793], [-80.25580900015969, 25.818241999970642], [-80.25584000012185, 25.818998000321724], [-80.25586699988602, 25.81966900016311], [-80.25587100008399, 25.819747999815903], [-80.25485500010775, 25.819787000290418], [-80.25489100009277, 25.82064399992794], [-80.25492399970472, 25.82157200017431], [-80.25492700007777, 25.821652999897733], [-80.25576999980164, 25.821620000017088], [-80.25584000012185, 25.821617000027484], [-80.25592999963521, 25.8216140000378], [-80.25600800035133, 25.823474000078654], [-80.25586900043416, 25.823478999713355], [-80.25553399980011, 25.82349100029122], [-80.2549220000549, 25.823513000134543], [-80.25389199983496, 25.823539000164672], [-80.25298100033903, 25.823566999879727], [-80.25298399981376, 25.823914999713185], [-80.25300399990525, 25.824264000384705], [-80.25313399960159, 25.827207000247416], [-80.25316499956375, 25.82762000016395], [-80.2531830000054, 25.82813099995762], [-80.25720900027548, 25.828013000060317], [-80.25723000019188, 25.828144000274875], [-80.25723600003965, 25.828899000266052], [-80.25730800000969, 25.829761999816466], [-80.25737199958378, 25.83078300034645], [-80.25744299972891, 25.831158000149493], [-80.25761299960823, 25.834447000105808], [-80.25767100023285, 25.83548499994441], [-80.25775599972334, 25.837058999894516], [-80.25780299957901, 25.837908000401164], [-80.25781400034798, 25.838117000377167], [-80.25784299976198, 25.838991999630082], [-80.25787899974699, 25.839968999736257], [-80.25792300012793, 25.84085700038332], [-80.25792499977776, 25.840948000064923], [-80.25793099962553, 25.84133300018223], [-80.25797500000647, 25.842143000370008], [-80.25797800037952, 25.842187000395054], [-80.25798000002935, 25.84222200038494], [-80.2579919997249, 25.842518999836056], [-80.25801099999148, 25.84297500013079], [-80.25802100003722, 25.84321500021816], [-80.25803899958058, 25.84356100032928], [-80.25807499956557, 25.84456999977895], [-80.25810899990077, 25.845478000326402], [-80.25810999972569, 25.845504000381872], [-80.25810999972569, 25.845529000367648], [-80.25815400010661, 25.846435999964644], [-80.25819000009163, 25.847356999754474], [-80.25821100000802, 25.84809400009014], [-80.25820599998514, 25.84816799996447], [-80.25822600007663, 25.848263999885372], [-80.25952999993295, 25.848238999669263], [-80.25964299991085, 25.848225999942855], [-80.25968800011671, 25.848223999860434], [-80.25972900012458, 25.848222999819207], [-80.2598639998438, 25.848219999695498], [-80.25986899986665, 25.848316000382635], [-80.25988300011036, 25.848666000274175], [-80.25993800036196, 25.850067000017408], [-80.25988200028546, 25.85006800004305], [-80.25989700035406, 25.850584000011807], [-80.25996199975309, 25.852828999748315], [-80.25996500012613, 25.85294899996018], [-80.259998999563, 25.854404000114187], [-80.26013099980747, 25.860014999799805], [-80.26013400018053, 25.86013100023124], [-80.26007300008116, 25.8601290003502], [-80.26016299959453, 25.863790999868716], [-80.2602019999526, 25.86552500005362], [-80.26021100017341, 25.86588700024399], [-80.26023999958743, 25.86722300011924], [-80.26024499961031, 25.867453999773712], [-80.26024999963319, 25.867748000077], [-80.26028499979327, 25.870057000128966], [-80.26029300018918, 25.870569999777114], [-80.26029300018918, 25.87061799994693], [-80.26029300018918, 25.87066299973481], [-80.26021799984612, 25.870665000245886], [-80.26017699983824, 25.870665000245886], [-80.26014199967814, 25.870666000097266], [-80.2600899997996, 25.870667999799995], [-80.26004799996682, 25.870668999651354], [-80.25905200008206, 25.870702000399255], [-80.2590549995568, 25.87079899965413], [-80.2591800001286, 25.872894000365243], [-80.2592160001136, 25.87277199971982], [-80.25923299983202, 25.874339000082504], [-80.25935900022873, 25.880354000187875], [-80.25943100019875, 25.882060000146176], [-80.26037500020496, 25.882031999730888], [-80.2604200004108, 25.882030000220517], [-80.26046100041867, 25.882028999657138], [-80.26052699964261, 25.882027999901933], [-80.2622010002931, 25.88202199975413], [-80.26305099968967, 25.882020999998886], [-80.26418499966667, 25.881922999696183], [-80.26719699961035, 25.88183999970611], [-80.26919400030103, 25.881794000377862], [-80.27118199987255, 25.88174800022345], [-80.2730859997785, 25.88169599988678], [-80.27430699979415, 25.8816669996269], [-80.27502700039268, 25.881636999601415], [-80.27706000017005, 25.881577000335746], [-80.27913099958226, 25.881541000115153], [-80.2813230002666, 25.881481999752324], [-80.28355100003765, 25.88142399992855], [-80.28438000041612, 25.88140099978157], [-80.28516500041368, 25.881370999688453], [-80.285948999688, 25.881353999713156], [-80.28727000016106, 25.881322000085788], [-80.28735300000176, 25.883683999943212], [-80.28738399996388, 25.88445199991564], [-80.2876099999197, 25.88991400037618], [-80.28763000001119, 25.890002000402596], [-80.28764599990471, 25.89078499975084], [-80.28785799961682, 25.89586899979893], [-80.2880610000064, 25.895848999764286], [-80.28879499995034, 25.895817999663503], [-80.28891899979888, 25.895812999855018], [-80.28988200007166, 25.89578700036266], [-80.29155199962587, 25.89457199994988], [-80.29164700006044, 25.894574000055925], [-80.29178699980253, 25.89457699981091], [-80.29178699980253, 25.894601999921104], [-80.29183000035854, 25.89544899997585], [-80.2918699996432, 25.896215000104206], [-80.29187499966606, 25.896312000222615], [-80.29190300015348, 25.89681500023277], [-80.2919390001385, 25.897463000307], [-80.29200199988769, 25.898615999708003], [-80.2920169999563, 25.89884100008146], [-80.29215000002569, 25.898834999980068], [-80.29224100026228, 25.898834000367213], [-80.2922980001637, 25.898839999660517], [-80.29238600002724, 25.898839999660517], [-80.29257900037108, 25.898839999660517], [-80.29267899993019, 25.898826999844456], [-80.2928899998174, 25.898834000367213], [-80.29296400033557, 25.898845000148842], [-80.29309300020698, 25.89884799979528], [-80.29313099984182, 25.89884100008146], [-80.29319100011627, 25.898830999912345], [-80.29342399974477, 25.898834999980068], [-80.29421100029046, 25.898828999878393], [-80.29507699958054, 25.898834999980068], [-80.29518299988577, 25.89884599976162], [-80.29537299985655, 25.89884100008146], [-80.29541800006241, 25.898832000333325], [-80.29634500035019, 25.898834000367213], [-80.29801400007949, 25.898820000129394], [-80.29804900023959, 25.898830000299427], [-80.29824699970798, 25.898828000265464], [-80.29843000000608, 25.898828000265464], [-80.29852700009046, 25.89882200016346], [-80.29942699971575, 25.898820999742387], [-80.29958900009746, 25.898830000299427], [-80.30018800032217, 25.898822999776428], [-80.30155300027785, 25.8988090003454], [-80.30160400033148, 25.89881800009529], [-80.30217199969574, 25.89881800009529], [-80.30235699964368, 25.89881800009529], [-80.30240900042052, 25.898828000265464], [-80.30281600012628, 25.89881800009529], [-80.30531900025694, 25.898818999708297], [-80.30537100013548, 25.8988090003454], [-80.30537399961023, 25.89877899982742], [-80.30541100031844, 25.898774999757777], [-80.3054149996181, 25.89880399985556], [-80.30543700025773, 25.898814999640013], [-80.3056260004036, 25.898820000129394], [-80.30592699980417, 25.898807999924223], [-80.30633900043114, 25.898820000129394], [-80.30651000013536, 25.898849000216106], [-80.30671500017476, 25.898853999895973], [-80.30681200025914, 25.89884599976162], [-80.30703599966682, 25.898778000214058], [-80.30717200010926, 25.89876800003961], [-80.30722300016288, 25.89877699979263], [-80.30723800023151, 25.898797000139123], [-80.3082020003292, 25.898793999683313], [-80.30821300019984, 25.898793999683313], [-80.30989600017284, 25.898807999924223], [-80.31218599986818, 25.89880399985556], [-80.31303899963778, 25.898807999924223], [-80.31623100040484, 25.898799999786753], [-80.31753299971302, 25.898791000035526], [-80.3183050001901, 25.898784999931628], [-80.3219029999397, 25.898763000356144], [-80.3231909999025, 25.898755999829174], [-80.32412599968787, 25.89875100014515], [-80.32426799997809, 25.898749999723492], [-80.32430499978803, 25.898749999723492], [-80.32447499966734, 25.89875100014515], [-80.32452599972095, 25.89875100014515], [-80.32458099997253, 25.898749999723492], [-80.32459900041421, 25.898749999723492], [-80.32463600022413, 25.898749999723492], [-80.32624399985404, 25.898743999617505], [-80.32704899994309, 25.89875100014515], [-80.32744999980109, 25.89875100014515], [-80.32784099961333, 25.89875100014515], [-80.32928500011006, 25.89875100014515], [-80.33176599960109, 25.89875100014515], [-80.33338699964982, 25.89875100014515], [-80.33360500010802, 25.898759999899468], [-80.33369499962139, 25.89876899965306], [-80.3337380001774, 25.898753000180424], [-80.33431899996046, 25.89876199993454], [-80.33516699970718, 25.898753000180424], [-80.3389269998385, 25.898847000182514], [-80.33979700022488, 25.898895000171887], [-80.34004099972401, 25.898909000400778], [-80.34036600031237, 25.898926999884583], [-80.34098499973022, 25.899066000025865], [-80.3414049998548, 25.899159999778586], [-80.34187799968282, 25.89920099994817], [-80.34287699994061, 25.899419999942637], [-80.34369100025047, 25.899691999650273], [-80.34435900007216, 25.89996400034709], [-80.34441799962339, 25.89997999965552], [-80.34455499989075, 25.90002300036199], [-80.34505299983313, 25.90014599992842], [-80.34540799966035, 25.90017899971146], [-80.3456210000957, 25.900184000143042], [-80.34565299988276, 25.900188000164928], [-80.34579799964769, 25.90018000012102], [-80.3459380002881, 25.900178000109968], [-80.34605999958852, 25.90018000012102], [-80.34622399962005, 25.900166999644505], [-80.3465790003456, 25.900131000244393], [-80.3468110001492, 25.900111000123974], [-80.3469810000285, 25.900255999708037], [-80.34724700016729, 25.90047999977962], [-80.34756600000952, 25.90087400029512], [-80.34783299997322, 25.9012989997802], [-80.34803999966243, 25.9017360000673], [-80.34818899962536, 25.902179999868093], [-80.34827800021215, 25.902636999820018], [-80.34811599983043, 25.902926999874], [-80.3479309998825, 25.90337499995503], [-80.34785700026265, 25.903558000312216], [-80.34775599998031, 25.904010000313612], [-80.347726999668, 25.90418499991345], [-80.34768200036048, 25.904451000133324], [-80.34767999981233, 25.90446200019936], [-80.34775599998031, 25.9047250002977], [-80.3477679996759, 25.904749999874056], [-80.34800600022557, 25.905587000215245], [-80.34807200034781, 25.906085999651296], [-80.34823600037934, 25.90642800008439], [-80.34836900044873, 25.906754999876057], [-80.34849800032018, 25.90705099999556], [-80.34850800036591, 25.907088999602223], [-80.34867300022235, 25.907745999690707], [-80.34870800038244, 25.908420000279676], [-80.34873199977356, 25.909133999865208], [-80.3487760001545, 25.910032999832392], [-80.34883399988081, 25.910588000082505], [-80.34887900008667, 25.911474000240442], [-80.34889699963, 25.912053999817864], [-80.3489100000488, 25.91285599997864], [-80.34908300030118, 25.913380999835173], [-80.34909699964656, 25.913614000269284], [-80.34919200008112, 25.91526200005488], [-80.34920600032481, 25.915624999931982], [-80.34923499973881, 25.91633099977129], [-80.34923899993677, 25.91644099980965], [-80.34940200014341, 25.92055299963261], [-80.3494659997175, 25.922154999628727], [-80.3495080004486, 25.92321599976694], [-80.34968400017569, 25.927297000079783], [-80.34968500000062, 25.927329000165503], [-80.34968599982552, 25.927354999976263], [-80.34970699974191, 25.927827999696234], [-80.34971099993987, 25.927919000239335], [-80.3500640001173, 25.92791699989079], [-80.35076299990112, 25.927915000350094], [-80.35365600001911, 25.92790900011205], [-80.35389899969336, 25.92790900011205], [-80.35427100013736, 25.927915000350094], [-80.35439199961286, 25.927897999809495], [-80.35446299975798, 25.927832999763414], [-80.35449899974297, 25.927703999739723], [-80.35494800017986, 25.927740999786025], [-80.355744999873, 25.92775399964668], [-80.35771200042643, 25.927720000132382], [-80.3657849999847, 25.92773900024234], [-80.36981000042988, 25.927755999997988], [-80.37373600024254, 25.927772999751166]], [[-80.30218599993944, 25.876313999636384], [-80.30222299974935, 25.87704199987901], [-80.30002400029063, 25.87702699968391], [-80.29916599959982, 25.87704900007715], [-80.29597100025636, 25.8770480002798], [-80.29521100037319, 25.877058999666733], [-80.29446800020841, 25.877054999669365], [-80.2944880002999, 25.87776400011999], [-80.2945729997904, 25.879795000085387], [-80.29451300041424, 25.880179999777404], [-80.294375000322, 25.88051200001339], [-80.29152200038698, 25.880494999914422], [-80.29142699995242, 25.880477000044703], [-80.29138400029471, 25.88046900028129], [-80.29131399997452, 25.880456000058487], [-80.29130399992877, 25.880283000376494], [-80.29129999973081, 25.88004300037931], [-80.29127999963933, 25.87977099984679], [-80.29127499961645, 25.879530999617387], [-80.29123100013382, 25.878478000090485], [-80.29121500024031, 25.878298999598826], [-80.2912200002632, 25.87817999985784], [-80.29119599997372, 25.877488000013862], [-80.29118299955493, 25.877342000147873], [-80.29118099990512, 25.87725999996687], [-80.29118000008022, 25.877180000129652], [-80.29118500010307, 25.877044000282048], [-80.29118599992799, 25.876937000089825], [-80.29116400018667, 25.87690599987252], [-80.29113499987437, 25.876259999723864], [-80.29111300013307, 25.87542399975463], [-80.29110499973714, 25.87538800008328], [-80.29109100039175, 25.874955999938308], [-80.29108399982074, 25.874336999633655], [-80.29106299990436, 25.874039000269402], [-80.29105899970638, 25.87380299981635], [-80.29104299981286, 25.873537999869075], [-80.29103799978998, 25.873452999988825], [-80.2910880000187, 25.873452000161016], [-80.29121100004235, 25.873448999869336], [-80.29503300009793, 25.87343400002622], [-80.29580999969957, 25.87342999990609], [-80.29907100006359, 25.873439999802024], [-80.29983799961948, 25.873435999682115], [-80.3006140002945, 25.873424999957813], [-80.30136300030705, 25.87341699971681], [-80.30206100026597, 25.87341000011168], [-80.30211099959637, 25.87412700000256], [-80.30213599971073, 25.874859999871124], [-80.30214599975646, 25.87519800019918], [-80.3021759998937, 25.875554000182827], [-80.30218599993944, 25.876313999636384]]]}}, {"type": "Feature", "properties": {"name": "Hialeah Gardens", "geoid": "1230025", "county": "miamidade"}, "geometry": {"type": "Polygon", "coordinates": [[[-80.385497999787, 25.900810000300893], [-80.38530399961824, 25.900662000181242], [-80.38524199969397, 25.900614000102568], [-80.38423499993856, 25.899928000076944], [-80.38411500028796, 25.899846000228738], [-80.38346500000964, 25.899331999665314], [-80.38273299971553, 25.89879300007009], [-80.38247300032283, 25.8986040002902], [-80.38173699983078, 25.89806699984089], [-80.38024200017877, 25.896976999978815], [-80.37903600023171, 25.896097000277603], [-80.37462800037021, 25.892850000295386], [-80.37211900039178, 25.89096500039018], [-80.37157600024356, 25.89056599989585], [-80.37003399983755, 25.88943200005978], [-80.36779799967059, 25.887775000112004], [-80.36631700026227, 25.88667699960997], [-80.36304500002757, 25.88425099973302], [-80.36201099960968, 25.88348500036358], [-80.36228400031948, 25.88325800032401], [-80.36233600019801, 25.883214000230225], [-80.36238899990146, 25.883170999865616], [-80.36247299956706, 25.88310799971658], [-80.36261400003237, 25.88300299966296], [-80.35984800013597, 25.88094700014423], [-80.35949400013365, 25.880684000401565], [-80.35810800026155, 25.879648000062925], [-80.35807999977416, 25.87962699992932], [-80.35804899981201, 25.87960400024053], [-80.3568920002688, 25.87876399975314], [-80.35608899982958, 25.87816000005942], [-80.35567100025315, 25.877845000160498], [-80.35555499990218, 25.877760000146488], [-80.35547600025949, 25.877702000111324], [-80.34842799999996, 25.872522999681088], [-80.34723999959628, 25.871660000140306], [-80.34461599999011, 25.86975400037294], [-80.34416900010137, 25.869430000318353], [-80.34330299991296, 25.868700000312312], [-80.3423830001962, 25.86800999964842], [-80.34182699962919, 25.867593999662933], [-80.34131100014348, 25.86720699960508], [-80.34111399960167, 25.867059000202428], [-80.34103900015691, 25.8671929996586], [-80.34099899997393, 25.867303000232656], [-80.34087900032334, 25.86721700002773], [-80.34086099988168, 25.86719699998989], [-80.34084199961511, 25.86718300004221], [-80.34065699966717, 25.86704700000244], [-80.34058600042039, 25.86698799967495], [-80.3403489996956, 25.866833000003272], [-80.34031600008363, 25.86681100013247], [-80.34025599980919, 25.866749000033664], [-80.3395460001547, 25.866222999790168], [-80.33890400027228, 25.86575699968693], [-80.33865499985194, 25.86559300016055], [-80.33859299992767, 25.865540999987186], [-80.33833799965953, 25.865353000226573], [-80.33828499995609, 25.865307000136408], [-80.33795199987016, 25.865085000222713], [-80.33764499972348, 25.86485800038952], [-80.337588999647, 25.86480599989274], [-80.33733400027718, 25.86463200002271], [-80.3369910001455, 25.864381999900377], [-80.33667800015105, 25.864142999838645], [-80.33634400024023, 25.86387700014186], [-80.33608300012432, 25.86369999998151], [-80.33602100020002, 25.863652000234858], [-80.33567300004549, 25.863422000336236], [-80.33537599994457, 25.86317699965319], [-80.33515900020959, 25.863040999853244], [-80.33490800013944, 25.862845000008967], [-80.334843999667, 25.86278699992673], [-80.33464299982556, 25.862644000243456], [-80.33454499991628, 25.862588999821778], [-80.33441699986975, 25.862499999658404], [-80.33431700031063, 25.862418999605843], [-80.33404299977593, 25.862219999769923], [-80.3339830003998, 25.862166999805872], [-80.3330839997011, 25.861509999879594], [-80.33273300007184, 25.861263000221445], [-80.33232800001589, 25.86095400014157], [-80.33177900001988, 25.8605589998625], [-80.33143900026124, 25.860303000382643], [-80.33137499978885, 25.860246999740433], [-80.33110799982514, 25.86007500031593], [-80.33105000009883, 25.860015999741286], [-80.33092000040249, 25.859917999776762], [-80.33075899984568, 25.85981400007194], [-80.33068699987568, 25.859755000175433], [-80.33048299966116, 25.859614999892077], [-80.33042800030789, 25.85956200037671], [-80.33025500005554, 25.859454999711676], [-80.33002599972667, 25.85927199970971], [-80.3299219999696, 25.85919599961236], [-80.32980300014391, 25.85911800037638], [-80.32953899965496, 25.858908000374264], [-80.32876100022841, 25.858350999758862], [-80.32855199999103, 25.85819100029274], [-80.32786699955261, 25.857665999917156], [-80.32768699962756, 25.857536000018303], [-80.32743899993044, 25.857327000403647], [-80.32703499969938, 25.857036999912427], [-80.32690400017813, 25.856924000389753], [-80.32667499984927, 25.856738999764843], [-80.32650599979488, 25.85660299983307], [-80.32620200002125, 25.856374999905498], [-80.32601799989824, 25.856249000097296], [-80.32570699955362, 25.856015999610563], [-80.32562500043619, 25.85596300009843], [-80.32541799984863, 25.855806999733918], [-80.32540000030528, 25.855787000190517], [-80.3251989995655, 25.855648000036755], [-80.32498900040154, 25.8555019998621], [-80.3245080001776, 25.855121999702853], [-80.32433699957505, 25.855006999998928], [-80.32381900043951, 25.854623999904273], [-80.32380000017294, 25.85461000008415], [-80.32356099979835, 25.854425999869104], [-80.32338500007124, 25.85429099969173], [-80.32306200003107, 25.854061000172305], [-80.32279900026532, 25.853832000199276], [-80.3227409996407, 25.853789999644242], [-80.32256099971565, 25.853659000338613], [-80.32256900011156, 25.853835000180624], [-80.32257300030952, 25.85390599971663], [-80.32256800028667, 25.854168000060632], [-80.32255300021804, 25.854914999831916], [-80.32258400018017, 25.855838999804757], [-80.32262600001297, 25.85708699985273], [-80.3226340004089, 25.857300999714052], [-80.32264699992936, 25.857808999964078], [-80.32272999977005, 25.862991999922656], [-80.322733999968, 25.863260999736728], [-80.32284899959573, 25.866634000324865], [-80.32284899959573, 25.866932999658285], [-80.32285100014388, 25.86767500021018], [-80.32289399980156, 25.869312000397095], [-80.32290100037258, 25.86950299990925], [-80.32290100037258, 25.869593000317163], [-80.3229039998473, 25.86965499973205], [-80.32290200019749, 25.869762000053708], [-80.32313700037412, 25.869760000335624], [-80.32327100026842, 25.8697589996683], [-80.32332999981966, 25.869757999809245], [-80.32336099978181, 25.869757999809245], [-80.32342799972896, 25.86975699995018], [-80.32351399994269, 25.86975699995018], [-80.32462199998042, 25.869762000053708], [-80.32560899964433, 25.86977999993966], [-80.32698299982086, 25.869806000308962], [-80.32719100023331, 25.869809999743488], [-80.32802599956126, 25.869825000046678], [-80.32987500011394, 25.869825999905174], [-80.3310400000531, 25.869827999622125], [-80.3323010002517, 25.869819999945822], [-80.33279900019407, 25.869802999924648], [-80.33330899983201, 25.86983299972265], [-80.3339909998974, 25.86981800022877], [-80.33428100032562, 25.869800000348604], [-80.33503500036102, 25.869831999864207], [-80.33528499970797, 25.869830000147356], [-80.33580699993979, 25.869825999905174], [-80.3370329999783, 25.86981700037021], [-80.33712000001695, 25.869815999703334], [-80.33895199995285, 25.869802999924648], [-80.33896100017368, 25.87004600009007], [-80.33904200036456, 25.87129000027683], [-80.33904099964133, 25.871552000077095], [-80.33906999995364, 25.871889000329436], [-80.33907900017446, 25.87219700026858], [-80.33908099982429, 25.872229999781414], [-80.3391169998093, 25.87277699969574], [-80.33912500020523, 25.87327200030628], [-80.33915799981719, 25.875225999809913], [-80.33921800009165, 25.87701700009163], [-80.33924300020601, 25.87736299987952], [-80.33925800027461, 25.87783300024783], [-80.33927300034324, 25.878285999945405], [-80.33929699973436, 25.87874199967934], [-80.33931400035111, 25.87882100029266], [-80.33941100043549, 25.879212000217734], [-80.33941300008532, 25.87969400022707], [-80.33950199977376, 25.88156999959774], [-80.3395040003219, 25.881638000168117], [-80.33958600033766, 25.88417300006457], [-80.3397000001405, 25.88417300006457], [-80.33981999979109, 25.88416900030811], [-80.3405730000016, 25.88418599987819], [-80.34372499968737, 25.884109999641957], [-80.34479300044043, 25.88410599988338], [-80.34486500041046, 25.88410599988338], [-80.34495699957365, 25.88410599988338], [-80.34507799994749, 25.884105000145762], [-80.34572300020294, 25.88410299986233], [-80.34774400028475, 25.884096000082266], [-80.35010599995009, 25.884087999755835], [-80.35018100029316, 25.884087000018074], [-80.3508459997418, 25.884084999734334], [-80.35204400019123, 25.884080999974923], [-80.35379300028647, 25.884170999782242], [-80.35568499959854, 25.88411799996686], [-80.35569100034463, 25.88428699993562], [-80.35572399995661, 25.885257000185277], [-80.3557380002003, 25.885641999849952], [-80.35574400004808, 25.885829999649875], [-80.3557459996979, 25.885887999734074], [-80.35574800024604, 25.886047999679274], [-80.35575200044399, 25.886212999622995], [-80.35576199959142, 25.886740999994576], [-80.35576499996448, 25.88690500006406], [-80.35576999998736, 25.887197000215277], [-80.35577199963717, 25.887250999975905], [-80.35578300040613, 25.88785299982544], [-80.35580199977439, 25.888178999665577], [-80.35582000021606, 25.888486000256236], [-80.35584100013246, 25.88867599977438], [-80.35585399965295, 25.888795000252586], [-80.35588700016321, 25.889086000074606], [-80.35593400001888, 25.88947499976052], [-80.35595900013324, 25.889751999825442], [-80.35603899960086, 25.890325000102482], [-80.35607799995893, 25.890953000194493], [-80.35599599994315, 25.89150100034524], [-80.35604199997391, 25.892605000037594], [-80.35606000041557, 25.893056999971726], [-80.35616699964737, 25.895154999937706], [-80.35616699964737, 25.89523800026455], [-80.356181999716, 25.895556000363236], [-80.35619500013479, 25.89574500017601], [-80.35620299963239, 25.895991000017688], [-80.35620500018052, 25.896070000403384], [-80.35621600005118, 25.896416000119366], [-80.35623699996758, 25.896552000281222], [-80.35631399996046, 25.89784599970912], [-80.3564140004179, 25.89867899966188], [-80.35641699989263, 25.89874700007459], [-80.35693499992648, 25.89874099996845], [-80.36180100044572, 25.89868899984387], [-80.36365699977276, 25.89866900028715], [-80.36445199981607, 25.89866100014025], [-80.36640699977563, 25.898661999754594], [-80.36684399961862, 25.89866300017704], [-80.36909800022727, 25.89866399979137], [-80.37202899998009, 25.89866100014025], [-80.37246300034835, 25.89866100014025], [-80.37245400012753, 25.898776000179254], [-80.3725289995723, 25.900574999620243], [-80.37259399986961, 25.902121999708697], [-80.37261099958806, 25.90241099982986], [-80.37262599965666, 25.902648000055194], [-80.37266099981676, 25.903205999841095], [-80.3726840002813, 25.903573000368638], [-80.37272299974104, 25.90421499986497], [-80.37280099955885, 25.905478999670816], [-80.37281599962746, 25.905712999917405], [-80.37284099974181, 25.906921000312998], [-80.37308000011642, 25.913209000231934], [-80.37308199976624, 25.913269000385093], [-80.37317100035303, 25.915171000244374], [-80.3732550000186, 25.91698099983181], [-80.37330400042241, 25.91765800013617], [-80.3733599996006, 25.919457000044954], [-80.3734099998293, 25.92052699993733], [-80.37358100043186, 25.924107999995663], [-80.37363800033324, 25.925074000100306], [-80.37373600024254, 25.927772999751166], [-80.37517099962011, 25.927785000240803], [-80.37548799981252, 25.927787999959083], [-80.37573300003491, 25.92723000014991], [-80.37588399964764, 25.926869000016907], [-80.3760769999915, 25.926343000249517], [-80.37971499992406, 25.91641099973591], [-80.38039199996658, 25.91465200038232], [-80.38107700040501, 25.91291500000981], [-80.38138299982845, 25.91200000009465], [-80.3825119997826, 25.9088759999637], [-80.38256700003419, 25.908702999917246], [-80.38259499962327, 25.90861500009983], [-80.38306699962637, 25.907387999928954], [-80.38491600017903, 25.90226799963752], [-80.3852939995725, 25.901320999690977], [-80.385497999787, 25.900810000300893]]]}}, {"type": "Feature", "properties": {"name": "Homestead", "geoid": "1232275", "county": "miamidade"}, "geometry": {"type": "Polygon", "coordinates": [[[-80.507927000341, 25.490644000302577], [-80.5079209995949, 25.49019699966293], [-80.50789600037886, 25.488574000200632], [-80.50788600033312, 25.48801399967089], [-80.50788700015804, 25.487873999941637], [-80.5078720000894, 25.486070999686298], [-80.50783500027948, 25.486070999686298], [-80.50586199987825, 25.48608599971632], [-80.50584199978678, 25.48437100037225], [-80.50584699980963, 25.48425000013417], [-80.50579300028129, 25.484250999989218], [-80.50479999987127, 25.484294000234865], [-80.5038090000094, 25.484306000112053], [-80.50186200044575, 25.484323999925653], [-80.50180499964603, 25.484323999925653], [-80.50116799978647, 25.484329000008536], [-80.50003700018252, 25.484335999799878], [-80.49893499999257, 25.484343000401708], [-80.49890599968025, 25.484343000401708], [-80.49784200002344, 25.484355000274046], [-80.4966779999092, 25.484360000355643], [-80.4957759997358, 25.484356999982325], [-80.49506799973113, 25.484362999917945], [-80.49434800003091, 25.484341999736547], [-80.49374700015636, 25.484375999642282], [-80.49373999958537, 25.483463999603398], [-80.49372200004201, 25.482532000126323], [-80.49373399973759, 25.482180000198095], [-80.49372600023997, 25.481620999760672], [-80.4937479999813, 25.481444000335195], [-80.49371899966897, 25.48071900037197], [-80.49372100021712, 25.479785000103718], [-80.49372299986693, 25.479295000042814], [-80.49370299977544, 25.478882999915832], [-80.49369600010276, 25.477981000259824], [-80.49370899962322, 25.47745200035707], [-80.49371100017137, 25.477058999597105], [-80.49367199981332, 25.47604000015386], [-80.4936640003157, 25.473863999748], [-80.49363400017846, 25.473383000208756], [-80.49364800042217, 25.472686999700347], [-80.49361800028495, 25.47199100003014], [-80.49364699969895, 25.47158299986109], [-80.4956069996814, 25.471563999801578], [-80.49558599976498, 25.47122199983955], [-80.49558699958989, 25.47095700033379], [-80.49558800031313, 25.470498999820624], [-80.49558999996295, 25.469833999691588], [-80.49563599999371, 25.46970299966322], [-80.4959799999503, 25.469694999854976], [-80.49632800010484, 25.46968600007005], [-80.49704600015524, 25.46968600007005], [-80.49761699989254, 25.46968500009392], [-80.49765399970246, 25.46968500009392], [-80.49901799983324, 25.46968400011776], [-80.49965399986787, 25.469668999663465], [-80.49968999985289, 25.469667999687204], [-80.50087900008148, 25.469628999794615], [-80.50162700026911, 25.46961900002809], [-80.50162999974384, 25.46855199988619], [-80.50163099956876, 25.467873999651736], [-80.50162100042134, 25.46696800015604], [-80.50160299997967, 25.46648799980658], [-80.50158200006327, 25.465930000237236], [-80.50356499961192, 25.465919000155758], [-80.50557900002103, 25.465911000095858], [-80.50566699988458, 25.465911000095858], [-80.50562599987671, 25.46234199980651], [-80.50558400004391, 25.46234199980651], [-80.50156500034483, 25.46237500021799], [-80.50156500034483, 25.46235999966341], [-80.5015619999718, 25.45874300033032], [-80.49751200031056, 25.458746999787554], [-80.49746100025693, 25.458746999787554], [-80.4973950001347, 25.458745999720488], [-80.4973950001347, 25.45875899978059], [-80.4974520000361, 25.461939000368055], [-80.49746000043203, 25.462283000031423], [-80.49746399973166, 25.46239800025363], [-80.49736400017255, 25.462399000290322], [-80.49554899995508, 25.4624109999192], [-80.49451700008531, 25.462417000138707], [-80.4934950002613, 25.46241199995579], [-80.49257700019436, 25.462419000211792], [-80.4914399998443, 25.462423000357894], [-80.49104999985697, 25.46242999980223], [-80.4902489999659, 25.462431999875097], [-80.48959000036504, 25.462428999765752], [-80.4894609995953, 25.462428999765752], [-80.4891080003162, 25.46243900012994], [-80.48892599984299, 25.462428999765752], [-80.48844299996924, 25.46243600002077], [-80.48817000015777, 25.462433999947965], [-80.48792199956233, 25.46244500034806], [-80.48738500016022, 25.46244400031172], [-80.48591499972422, 25.46245399986362], [-80.48536300025349, 25.462459000044753], [-80.48431999961477, 25.462449999718533], [-80.48332100025529, 25.462468000370325], [-80.48298899999426, 25.462467000334176], [-80.48237899989891, 25.462465000261883], [-80.48222999993598, 25.46246600029803], [-80.482197000324, 25.46246600029803], [-80.481316000067, 25.462475999848085], [-80.47979399975249, 25.46248100002834], [-80.47929099978724, 25.462485000172382], [-80.47866300014853, 25.462483000100356], [-80.47827200033626, 25.462487000244337], [-80.47728700032219, 25.462487000244337], [-80.4761059995912, 25.462478999956247], [-80.47515099971434, 25.462479999992294], [-80.47309600019565, 25.46246600029803], [-80.47243900024462, 25.462463000189537], [-80.47200900007431, 25.46246600029803], [-80.47180700040795, 25.462468000370325], [-80.47118399989378, 25.462459000044753], [-80.47009199974957, 25.462458000008528], [-80.46901300002415, 25.46245399986362], [-80.46902899991768, 25.45868499966931], [-80.46902999974259, 25.458435000359888], [-80.46901800004703, 25.458070999599784], [-80.46901399984907, 25.457956000108993], [-80.46901200019924, 25.45787499979515], [-80.46901499967397, 25.457617999890413], [-80.46901899987193, 25.457268000204273], [-80.46900399980332, 25.4552700002768], [-80.46758299977114, 25.455293000048147], [-80.46726300010398, 25.455297999715736], [-80.46689099966001, 25.45530500038559], [-80.46688900001018, 25.454867999966343], [-80.46688700036037, 25.454259999706135], [-80.46688499981221, 25.45362999964398], [-80.46688200033749, 25.45208400037835], [-80.46688200033749, 25.451551999776036], [-80.4668759995914, 25.450661000266315], [-80.46686999974362, 25.449728999703858], [-80.46686300007092, 25.44881000036156], [-80.46685800004803, 25.44799599992538], [-80.46685800004803, 25.447880999732032], [-80.46685700022313, 25.44776899990367], [-80.46481100002697, 25.4477700000619], [-80.46274599956422, 25.4477850000014], [-80.46106900033733, 25.447797999622942], [-80.46075299996983, 25.447797000276083], [-80.46068900039573, 25.447794999960017], [-80.46064099981685, 25.440553000333914], [-80.45677899957826, 25.440572999829033], [-80.45245799975541, 25.44059499975649], [-80.4520419998288, 25.440597000192195], [-80.44817399974245, 25.440619000115287], [-80.44803700037342, 25.440620000332945], [-80.44422100016561, 25.440641000034386], [-80.4401920004208, 25.44064699971662], [-80.43613500018856, 25.440642999658095], [-80.4360049995939, 25.440643999875547], [-80.43207399975836, 25.44067399990549], [-80.43207499958328, 25.44088699974089], [-80.42840700041178, 25.44090000010714], [-80.42803199959477, 25.44090100032245], [-80.4279289996626, 25.440776000113594], [-80.4239879997813, 25.440785999843058], [-80.42005699994579, 25.440796000382875], [-80.41996300023446, 25.4407920003293], [-80.4198810002187, 25.440785999843058], [-80.41800099970386, 25.44078499962679], [-80.41597799997224, 25.44078499962679], [-80.41239100009331, 25.440784000221715], [-80.41202600022032, 25.440783000005418], [-80.41189300015093, 25.440784000221715], [-80.4077949999108, 25.440803000273544], [-80.40410199972665, 25.440819999890415], [-80.40393500022039, 25.440821000106368], [-80.40385300020462, 25.440818000269644], [-80.40384300015887, 25.440977999841387], [-80.4037750003868, 25.447902999946805], [-80.4037750003868, 25.4480400003089], [-80.4037750003868, 25.448087000332087], [-80.4037750003868, 25.448151999885184], [-80.4037750003868, 25.44828799981], [-80.40377799986156, 25.451537000305883], [-80.40377600021172, 25.455535000267776], [-80.40377899968645, 25.455861000377634], [-80.40378899973221, 25.462744000294574], [-80.40378299988441, 25.462903999925526], [-80.40377600021172, 25.463018000333708], [-80.4038089998237, 25.467916000085896], [-80.40382999974008, 25.46969599983105], [-80.40383300011314, 25.470227999703322], [-80.40383399993804, 25.470361999882524], [-80.4038459996336, 25.471577000098705], [-80.4037529997472, 25.471909000286182], [-80.4037539995721, 25.47203299983777], [-80.40375500029533, 25.472177999949217], [-80.4037600003182, 25.472548999869108], [-80.40376100014312, 25.472740000345638], [-80.40376799981581, 25.473546000119747], [-80.40377600021172, 25.47384100028255], [-80.40377799986156, 25.474009000084862], [-80.40379700012812, 25.475600999769718], [-80.40390599990808, 25.475717000161854], [-80.40390699973297, 25.475828000005876], [-80.40391000010602, 25.47597700010301], [-80.40391099993093, 25.47605299996716], [-80.40393699987021, 25.477817999872553], [-80.40462300013355, 25.477810999701703], [-80.40469900030155, 25.47780999979311], [-80.40481800012722, 25.477808999884527], [-80.40486300033307, 25.480369999663033], [-80.40964199991534, 25.480321000309598], [-80.41193300033389, 25.48029900034513], [-80.41206700022819, 25.480292000318755], [-80.41207300007598, 25.480479000304587], [-80.41208999979442, 25.481291000195764], [-80.41209300016746, 25.48146299964459], [-80.41216900033545, 25.48512400000085], [-80.41217500018324, 25.485404000026232], [-80.41217600000815, 25.48545699993156], [-80.41218900042693, 25.486104999913866], [-80.41220299977232, 25.486760999941602], [-80.41221100016823, 25.48711700037638], [-80.41221399964297, 25.487789000200237], [-80.41223999958225, 25.492184999678667], [-80.41224100030546, 25.492348000045546], [-80.41225399982595, 25.494386000050653], [-80.41230099968162, 25.497603000193216], [-80.41230300022976, 25.497721999663426], [-80.412321999598, 25.49897899997765], [-80.41232999999393, 25.49958200012771], [-80.41275299959322, 25.499576999868626], [-80.41323399981717, 25.499570000154225], [-80.41412500011991, 25.499558999907233], [-80.41417899964827, 25.499558999907233], [-80.41476799982725, 25.499552000191763], [-80.41509300041558, 25.49934300016006], [-80.41509199969234, 25.499248999608245], [-80.41509099986745, 25.49917200008477], [-80.41508900021762, 25.49908599968462], [-80.41508300036985, 25.498808999928922], [-80.4150959998903, 25.49865500026853], [-80.41513600007328, 25.49845699983593], [-80.41516899968525, 25.49835300040349], [-80.41523800018054, 25.49819000007493], [-80.41536799987688, 25.49796899997266], [-80.41554899962684, 25.497754000352547], [-80.41570299961262, 25.497616000107023], [-80.4159260000937, 25.497419999885377], [-80.41633000032475, 25.497063999972173], [-80.41650199985388, 25.496898000266977], [-80.41661300018195, 25.496772999854006], [-80.41673000035783, 25.49662400039836], [-80.41678999973396, 25.496539000359462], [-80.41688500016853, 25.49639200012165], [-80.4170020003444, 25.496180000190034], [-80.4170940004059, 25.49597199972528], [-80.41711699997212, 25.495919000403028], [-80.41747900037038, 25.494932000108445], [-80.41761800028753, 25.494540000318175], [-80.41778800016685, 25.494180000079215], [-80.41788899955087, 25.49399800000739], [-80.41792600025913, 25.493915999867134], [-80.4179460003506, 25.493871000270683], [-80.41795200019838, 25.4938610000878], [-80.41798999983321, 25.493811999747184], [-80.41810299981111, 25.493658000168317], [-80.41839900008713, 25.49310899984243], [-80.4184109997827, 25.49308800037832], [-80.41842699967623, 25.493060000005983], [-80.4184380004452, 25.49305100034829], [-80.41845799963836, 25.49302299996734], [-80.41884099995299, 25.492470999812884], [-80.41884500015097, 25.492457000366514], [-80.41896499980156, 25.49227900008138], [-80.41909200002317, 25.492091999803055], [-80.41988200004359, 25.491223999925865], [-80.42049200013898, 25.49064599990624], [-80.42129999970273, 25.489984000345984], [-80.42145399968852, 25.489854999993643], [-80.4219309997145, 25.489457000177456], [-80.4223740003036, 25.489048000266525], [-80.42283500043605, 25.488642000040944], [-80.42296900033035, 25.488525999956277], [-80.42446900000525, 25.48727500035909], [-80.42585599970225, 25.48613599980295], [-80.4271400003654, 25.484986999695792], [-80.42728900032832, 25.48485500010649], [-80.42746300040558, 25.48472799962763], [-80.42792199998989, 25.484323000071218], [-80.42843400017597, 25.483912999861246], [-80.42965600001654, 25.483088999842046], [-80.43036999986896, 25.48264699963991], [-80.43037499989184, 25.48266800011742], [-80.43078099977271, 25.482424000405366], [-80.43162100002183, 25.481906999894306], [-80.4322310001172, 25.481533999896925], [-80.43251099960138, 25.481360999859703], [-80.43271499981587, 25.48123700019545], [-80.43273800028041, 25.48123700019545], [-80.43374500003581, 25.480616999955867], [-80.43394800042539, 25.480839000226], [-80.43415799958936, 25.481067000186304], [-80.43430999992533, 25.48123199998396], [-80.43623200027292, 25.48121000018621], [-80.43637200001503, 25.481207999614615], [-80.43659499959777, 25.48120499997359], [-80.43686900013249, 25.481200999641164], [-80.44271599956953, 25.481123999906107], [-80.44394099978312, 25.481102000088583], [-80.44475000007013, 25.481082999911223], [-80.44489599965999, 25.48108200002983], [-80.44740399981353, 25.481067000186304], [-80.44746900011084, 25.481067000186304], [-80.44753199986003, 25.48106600030482], [-80.44759600033245, 25.48106600030482], [-80.44768900021887, 25.48106600030482], [-80.4477340004247, 25.48106600030482], [-80.44829199974322, 25.48106000020466], [-80.45046199978795, 25.48103900025717], [-80.4507759996073, 25.481035999800977], [-80.45283500022227, 25.481016999613175], [-80.45487300002252, 25.481011000321473], [-80.45489099956585, 25.481919000009807], [-80.45490399998465, 25.482826000271665], [-80.4569200000436, 25.482823999726968], [-80.45690199960193, 25.481895999652235], [-80.45689499992923, 25.480998000233296], [-80.4589069997902, 25.480974999699505], [-80.45892699988168, 25.481469999602815], [-80.45893600010251, 25.481882999659714], [-80.45895299982097, 25.48279700007414], [-80.45896399969162, 25.48463700017252], [-80.45913500029414, 25.48463700017252], [-80.45946599983195, 25.484627999884058], [-80.46100200039018, 25.484583999905627], [-80.46114899980493, 25.4845849997579], [-80.46178099964162, 25.48458999982993], [-80.46192999960454, 25.48458800012551], [-80.46206600004697, 25.48458599961015], [-80.46237599966838, 25.48458300005339], [-80.46413499980935, 25.484590999682126], [-80.46513800026511, 25.48457200005616], [-80.46514699958763, 25.48360000016198], [-80.46510800012788, 25.483183999924684], [-80.46518799959551, 25.48271000025056], [-80.46514999996067, 25.481849999734834], [-80.46583899969876, 25.48184399967378], [-80.46707700033116, 25.481841000048632], [-80.46707899998097, 25.481362999617787], [-80.46907300029862, 25.48133000036109], [-80.4690659997276, 25.480868000084886], [-80.46956000037034, 25.48088100018716], [-80.47054299983628, 25.480864999624455], [-80.47118999974158, 25.480857999631006], [-80.47120099961222, 25.481787000295355], [-80.47119399993954, 25.48269100032729], [-80.47224400025094, 25.482679000288883], [-80.47224500007586, 25.482758000384713], [-80.47225099992365, 25.483597999630174], [-80.47327799977052, 25.483593000327815], [-80.4732970000371, 25.48359199965637], [-80.47332999964908, 25.48359099979589], [-80.47332999964908, 25.483605000274977], [-80.4733320001972, 25.483839999675226], [-80.4733389998699, 25.484403999605128], [-80.47332100032655, 25.48450099997625], [-80.47329899968692, 25.485414999947295], [-80.47335499976343, 25.486297999616347], [-80.47335099956547, 25.48723099972783], [-80.47334499971767, 25.488145000022822], [-80.47387399962219, 25.488155999693042], [-80.47498400020807, 25.488103999989924], [-80.47589399987909, 25.488114999663885], [-80.47604399966691, 25.488113999841037], [-80.47605500043589, 25.489022000205278], [-80.47755400028588, 25.489013000245166], [-80.47756099995857, 25.489925000346577], [-80.47954900042842, 25.489922000112223], [-80.47955600010111, 25.49085399986036], [-80.47955199990315, 25.491754999624693], [-80.4802599999078, 25.49175300003949], [-80.4802599999078, 25.4908699999043], [-80.4802599999078, 25.490824000177657], [-80.48057100025243, 25.490816999953314], [-80.4805700004275, 25.49038799967347], [-80.48057899975004, 25.489913000219474], [-80.48159100042662, 25.489905000134065], [-80.48263800036497, 25.489922999920047], [-80.48357800017322, 25.4899260001544], [-80.48357399997526, 25.490837999814293], [-80.48354899986093, 25.491721000184615], [-80.48467899963995, 25.49171700020217], [-80.48558900020932, 25.491741000094926], [-80.48557099976765, 25.490828999990164], [-80.48558400018644, 25.490320000010186], [-80.48558599983625, 25.489908000368878], [-80.48557900016355, 25.489005999915324], [-80.48745899978006, 25.488983000102902], [-80.48865800005439, 25.488977000397906], [-80.48917699991317, 25.488969000250183], [-80.48964100041864, 25.48897099988174], [-80.48971900023646, 25.488967999623533], [-80.49073100001473, 25.48897099988174], [-80.49381199955539, 25.48897999984502], [-80.49383400019502, 25.48944999987347], [-80.49383400019502, 25.489609999653574], [-80.4938330003701, 25.489815000352873], [-80.4938330003701, 25.49021600002143], [-80.49382300032435, 25.490494999733524], [-80.49382099977622, 25.4905580002851], [-80.49689200016944, 25.49055699967167], [-80.49702000021595, 25.49056200030615], [-80.49701900039105, 25.491654000258215], [-80.49783899965038, 25.49164899966917], [-80.49784500039648, 25.492738000120497], [-80.49784899969613, 25.493214000351315], [-80.49785500044221, 25.49408099986495], [-80.49785600026713, 25.494105000096372], [-80.49786799996271, 25.494542999626415], [-80.49789499972688, 25.495410000091304], [-80.49792700041225, 25.49894200014014], [-80.499909000136, 25.498885999685115], [-80.50022499960518, 25.49888700022917], [-80.50194699993624, 25.498896000260554], [-80.50277600031473, 25.498891999706142], [-80.50397700023889, 25.49888499995183], [-80.50391600013953, 25.496207000079725], [-80.50391899961426, 25.495231000362853], [-80.50395399977435, 25.49264400007683], [-80.50390100007091, 25.491595000267854], [-80.5059149995817, 25.491568999946807], [-80.50768600031657, 25.491553999790213], [-80.50785299982283, 25.491552000201644], [-80.50792300014304, 25.491550999596495], [-80.5079209995949, 25.491465000228093], [-80.5079209995949, 25.49144799965737], [-80.507927000341, 25.490644000302577]]]}}, {"type": "Feature", "properties": {"name": "Indian Creek", "geoid": "1233425", "county": "miamidade"}, "geometry": {"type": "Polygon", "coordinates": [[[-80.14253599998567, 25.8757629998936], [-80.14253900035872, 25.875408000351086], [-80.14238600019785, 25.875409999973563], [-80.14239000039579, 25.875098000265016], [-80.14238700002275, 25.874743000340505], [-80.14237600015208, 25.87457799972785], [-80.14233799961895, 25.874317999813233], [-80.14230099980902, 25.874163000058196], [-80.14222200016631, 25.873938000338708], [-80.14208700044709, 25.873649999846123], [-80.14190900017185, 25.87337999960542], [-80.14176500023181, 25.873196000321194], [-80.14156299966714, 25.872997999875185], [-80.14144899986432, 25.872906999803824], [-80.14119000029655, 25.872723999616845], [-80.14110400008283, 25.87267499966001], [-80.14104999965615, 25.872637000289824], [-80.14086499970823, 25.872547999611303], [-80.14073300036208, 25.87249699990973], [-80.14068999980604, 25.87247399964088], [-80.14046700022328, 25.872403999779124], [-80.14043999956078, 25.872402999942448], [-80.14034300037471, 25.872372000151834], [-80.14016900029743, 25.872333000038633], [-80.1401299999394, 25.872318000053852], [-80.1398279998156, 25.872288999916197], [-80.13978799963262, 25.872280999598274], [-80.13937099988112, 25.872286000403268], [-80.13906200008462, 25.87230200022965], [-80.13891800014459, 25.872318000053852], [-80.13860900034808, 25.872338000033132], [-80.13830200020142, 25.872372999988766], [-80.13792999975743, 25.872430000379246], [-80.13743099999014, 25.872527999667547], [-80.13699800034512, 25.87263099966495], [-80.13651299992321, 25.87276599991007], [-80.13645900039486, 25.872789000122072], [-80.1361670003168, 25.872889000394277], [-80.1356390002372, 25.87308899987646], [-80.1354359998476, 25.873175999678875], [-80.13489900044549, 25.873425999785823], [-80.13449500021446, 25.873639000141733], [-80.13410000020424, 25.873880000043375], [-80.13372199991247, 25.874131999921143], [-80.13334699999375, 25.87440299987938], [-80.13295199998353, 25.874727000036458], [-80.13272000017994, 25.87493700021746], [-80.1324280001019, 25.875238999800157], [-80.13227199956798, 25.87541800007958], [-80.13219100027544, 25.87551200007255], [-80.13203899993947, 25.875699000025325], [-80.13191699974072, 25.875872999763022], [-80.13178700004438, 25.87608300033144], [-80.13153500014933, 25.876528000244384], [-80.13145300013355, 25.876707999987232], [-80.13137600014065, 25.876893000065746], [-80.13132400026211, 25.87701700009163], [-80.13124999974394, 25.877216999859044], [-80.13123700022348, 25.877258000375715], [-80.13113299956808, 25.877601999872322], [-80.13112400024556, 25.877632999906986], [-80.1310899999104, 25.87767000030269], [-80.13107099964381, 25.877679000047685], [-80.1310480000776, 25.87774800022515], [-80.1310070000697, 25.877869999772635], [-80.13058799977006, 25.877831999648862], [-80.13015199975196, 25.877792999721784], [-80.13002899972831, 25.877768999884623], [-80.13006800008637, 25.87742800025685], [-80.130111999569, 25.877224000046827], [-80.12950700039481, 25.877247999994733], [-80.12946899986166, 25.877511999908133], [-80.12942799985379, 25.877752000199088], [-80.12939299969366, 25.877980000104596], [-80.12936900030255, 25.87819499990651], [-80.12989999985689, 25.878187999776284], [-80.12997000017708, 25.877876999921714], [-80.13054400028743, 25.8779819996835], [-80.13102899981102, 25.878069999712167], [-80.1310279999861, 25.878113000317686], [-80.13099399965091, 25.878286999732275], [-80.13098600015331, 25.878313999632383], [-80.13089900011468, 25.87861899963204], [-80.13079000033474, 25.878892000174755], [-80.1306470002196, 25.879187999860665], [-80.1304780001652, 25.87947500000555], [-80.13038299973064, 25.87960999970294], [-80.13021600022437, 25.87982300022285], [-80.13007499975906, 25.880109999632833], [-80.13059699999089, 25.880515999893678], [-80.1310480000776, 25.880785999987147], [-80.13126999983545, 25.88095400011096], [-80.13159899972341, 25.88119099977816], [-80.13269099986762, 25.881965999707052], [-80.13397200015773, 25.882654999926103], [-80.13492000036189, 25.882998999866892], [-80.13545500011419, 25.88317999999959], [-80.13654200023554, 25.88342200038211], [-80.13674200025207, 25.88346700014138], [-80.1380689996746, 25.88389200007538], [-80.14001000028878, 25.884463000229427], [-80.14087599957887, 25.884725999637634], [-80.140982999709, 25.88434400023398], [-80.14100000032575, 25.884317000096093], [-80.14104600035651, 25.884213000046028], [-80.1410670002729, 25.88410299986233], [-80.14112099980127, 25.883936999655585], [-80.14124499964981, 25.883473000215766], [-80.14135299960485, 25.883141000222164], [-80.14136900039668, 25.88302400000443], [-80.14154699977362, 25.882336999827178], [-80.14156299966714, 25.882247000238426], [-80.14162600031464, 25.88202000024362], [-80.14163600036039, 25.881944000229733], [-80.14175900038404, 25.881372000257446], [-80.141940000134, 25.880477999812996], [-80.14194500015687, 25.88038699984663], [-80.14207200037848, 25.87964899983828], [-80.14207599967811, 25.879568000226726], [-80.14213699977749, 25.87918600030216], [-80.14214699982324, 25.8790500003397], [-80.14220899974752, 25.878524999686956], [-80.14221999961818, 25.87848999993764], [-80.14224899993049, 25.878220000252817], [-80.14234500018995, 25.87690199986996], [-80.14236399955821, 25.876431000035726], [-80.14238199999988, 25.875762000085356], [-80.14253599998567, 25.8757629998936]]]}}, {"type": "Feature", "properties": {"name": "Key Biscayne", "geoid": "1236300", "county": "miamidade"}, "geometry": {"type": "Polygon", "coordinates": [[[-80.18021699969297, 25.68496700031167], [-80.18060500003051, 25.684270000282122], [-80.17515899955313, 25.682628999976686], [-80.17118000003703, 25.68143599968437], [-80.1697489999591, 25.681580999772624], [-80.16911799994735, 25.681645000012285], [-80.16909299983297, 25.681646999665052], [-80.16801800030552, 25.681756000118753], [-80.16787400036546, 25.681770999928283], [-80.166059000148, 25.681955000028843], [-80.16530500011258, 25.68203200019778], [-80.16506999993594, 25.682033000020905], [-80.1649469999123, 25.682042000047822], [-80.16451099989419, 25.682104000394812], [-80.16433699981692, 25.68212199962772], [-80.16377100010249, 25.68215600006032], [-80.16370400015533, 25.682168000353553], [-80.16336699987146, 25.682203999606838], [-80.16328200038095, 25.682209000334353], [-80.16302000044013, 25.682238999837452], [-80.16254599988889, 25.682259000311575], [-80.1624620002233, 25.68228700016015], [-80.16241799984236, 25.68229600016788], [-80.16198000017445, 25.682324999828417], [-80.16171099966263, 25.68236300029416], [-80.161182999583, 25.682413000206765], [-80.16074300026528, 25.68244199983884], [-80.16045899968483, 25.682468999824913], [-80.16010100038287, 25.682544999842836], [-80.15985100013759, 25.68256000036262], [-80.15953599959502, 25.68254999974646], [-80.15944799973148, 25.682530999949698], [-80.15933599957849, 25.68253699967281], [-80.15926199995863, 25.682557999915595], [-80.15913700028518, 25.682566999902892], [-80.15909600027729, 25.682552000193574], [-80.15905299972128, 25.682508999882984], [-80.15897900010143, 25.682464999737395], [-80.15890299993343, 25.682431000202524], [-80.15886799977335, 25.682422000204994], [-80.1587799999098, 25.682418999935795], [-80.15823799958649, 25.682499000072124], [-80.15817300018747, 25.682520000321638], [-80.15814100040042, 25.68253699967281], [-80.15810100021746, 25.68256900034973], [-80.15776099956051, 25.682609000374267], [-80.15787600008656, 25.682810000112003], [-80.15665900026887, 25.68290899972528], [-80.1556039999346, 25.683037000362688], [-80.15544400010101, 25.6830309998552], [-80.15533299977294, 25.683026999786563], [-80.15394000022816, 25.683187999812006], [-80.15403800013743, 25.683608999860933], [-80.15410500008458, 25.68400299959941], [-80.15415699996313, 25.684461999802846], [-80.15425800024546, 25.684921999655867], [-80.15446999995757, 25.685548000020276], [-80.15455799982112, 25.68596599964503], [-80.15463399998912, 25.686320999896314], [-80.15467499999698, 25.686517999896303], [-80.15487900021148, 25.687139000258494], [-80.15492100004428, 25.68740000010145], [-80.1549579998542, 25.688226999899612], [-80.15489199973196, 25.688568999664014], [-80.15483499983056, 25.689195000291722], [-80.15488599988419, 25.69026400039901], [-80.15488199968622, 25.69038199965099], [-80.1549729999228, 25.691565000350725], [-80.15499499966413, 25.691708999701415], [-80.15506800035737, 25.692162999853704], [-80.15496299987707, 25.69266400034886], [-80.15495600020438, 25.692793999683747], [-80.15493799976271, 25.692952000265983], [-80.15493799976271, 25.693064000090605], [-80.15487900021148, 25.693378000063728], [-80.15481399991415, 25.693639999722194], [-80.15475100016496, 25.693923000281398], [-80.15457399971466, 25.69496699989705], [-80.15450000009481, 25.695592000374965], [-80.15449500007193, 25.695807000014188], [-80.15459600035427, 25.696760999667717], [-80.15456700004196, 25.69716700001356], [-80.15443399997255, 25.69787900006065], [-80.15440399983535, 25.69801299974352], [-80.15435000030698, 25.698251999643205], [-80.15419600032119, 25.69893299984893], [-80.15388199960351, 25.700407000109713], [-80.15510299961916, 25.70040200014627], [-80.15661599971286, 25.700417999704772], [-80.15809600019459, 25.700436000217344], [-80.15934099960135, 25.700451000102777], [-80.16158500016424, 25.700397000182623], [-80.16133099972102, 25.70067099982415], [-80.16117199971237, 25.70111999987034], [-80.16060699982283, 25.702171000333653], [-80.16056300034023, 25.702326999690133], [-80.16071899997584, 25.702328999805072], [-80.16136699970603, 25.702326000037367], [-80.1618560003259, 25.70232500038458], [-80.16199100004509, 25.702323999922363], [-80.16280799982971, 25.70232199980731], [-80.16281200002767, 25.702242000035], [-80.16280899965463, 25.70160600017506], [-80.16280399963175, 25.701332999918343], [-80.16280399963175, 25.700399000329995], [-80.16296400036364, 25.700399000329995], [-80.16441399980982, 25.700394000366206], [-80.16605699959985, 25.70038000014271], [-80.16777700028109, 25.700368999734703], [-80.16820499990327, 25.700480999867967], [-80.17163199994864, 25.700387999923716], [-80.17188600039186, 25.699976000384883], [-80.18021699969297, 25.68496700031167]]]}}, {"type": "Feature", "properties": {"name": "Medley", "geoid": "1243900", "county": "miamidade"}, "geometry": {"type": "Polygon", "coordinates": [[[-80.38895999999248, 25.889660000042298], [-80.38894200044913, 25.88896900009076], [-80.38887399977875, 25.88807700000076], [-80.38879900033399, 25.885907999840104], [-80.38871300012028, 25.88443600011871], [-80.38870499972435, 25.884157000229795], [-80.3884479998064, 25.88414800017028], [-80.38840900034666, 25.884145999887547], [-80.388138000185, 25.88415799996697], [-80.38789100031279, 25.8841619997238], [-80.38788899976466, 25.884132000332123], [-80.3878989998104, 25.88374500030358], [-80.38790700020633, 25.8834200000871], [-80.3878979999855, 25.88320500009881], [-80.38784600010695, 25.882793000083794], [-80.38784199990899, 25.882726999677097], [-80.38784500028206, 25.882309000285765], [-80.38783199986325, 25.882182000088655], [-80.38783400041139, 25.88197800000803], [-80.38780400027416, 25.8815119998172], [-80.38780599992397, 25.88109300040313], [-80.38779599987824, 25.880889000057717], [-80.38775499987037, 25.880480000157863], [-80.38775300022054, 25.88019300003059], [-80.38773999980174, 25.879916999943088], [-80.38773200030415, 25.87929200029507], [-80.38771800006043, 25.878952999777514], [-80.38767700005255, 25.878424000359054], [-80.38766100015904, 25.878103999797542], [-80.38759699968661, 25.877574999809458], [-80.38759300038697, 25.8775389999854], [-80.38756999992243, 25.877447000385267], [-80.38756300024973, 25.87735099991788], [-80.38754900000603, 25.877121999809674], [-80.38754099961012, 25.8769410000912], [-80.3875399997852, 25.876913000078726], [-80.38753499976235, 25.876807000375486], [-80.38753099956439, 25.87672499982304], [-80.38754599963298, 25.876558999752653], [-80.38753599958724, 25.876533000061333], [-80.38751200019612, 25.87608599974797], [-80.38750399980019, 25.875498000301903], [-80.38749399975445, 25.87524500029253], [-80.38748200005888, 25.875073000066195], [-80.38747299983805, 25.874938000032675], [-80.38745199992165, 25.874347000261068], [-80.38744199987592, 25.874223999678385], [-80.387441000051, 25.87410199959824], [-80.387405000066, 25.873475000239452], [-80.38739599984517, 25.873113999686872], [-80.38735999986015, 25.872769000219115], [-80.3873280000731, 25.871819999962675], [-80.38729100026318, 25.871020000300504], [-80.38728799989012, 25.87065900032914], [-80.3872789996693, 25.870644999983384], [-80.38724799970716, 25.87050600032865], [-80.38723799966142, 25.870289999610275], [-80.38722799961566, 25.870047999803308], [-80.38721900029316, 25.8698709999947], [-80.38674599956683, 25.869875000235343], [-80.38627799976169, 25.869819999945822], [-80.38471100013965, 25.86972200002789], [-80.38256299983621, 25.86971699992268], [-80.38193699984733, 25.869697000307983], [-80.38185900002951, 25.869744000165007], [-80.3817460000516, 25.869771000401187], [-80.38088200041135, 25.869761000194664], [-80.37955300044067, 25.8697469997425], [-80.3791399999888, 25.86974900026908], [-80.37830399993761, 25.86977999993966], [-80.37784600017822, 25.869783000324546], [-80.37774099969792, 25.86977700036302], [-80.3770419999141, 25.869780999798536], [-80.37515499972659, 25.869774999836896], [-80.37360700037111, 25.869783000324546], [-80.37306199967476, 25.86977399997798], [-80.37261599961091, 25.869781999657388], [-80.3711779998603, 25.869783000324546], [-80.37114199987529, 25.869779000080772], [-80.37113199982954, 25.86971199981726], [-80.37114199987529, 25.86945699981798], [-80.37094000020893, 25.862231999651705], [-80.37092799961505, 25.861786000127356], [-80.37075899956064, 25.855768999790154], [-80.37074299966712, 25.855194000065058], [-80.37077299980434, 25.855194000065058], [-80.370791000246, 25.8550890002632], [-80.3707269997736, 25.85509800011128], [-80.37014799964037, 25.85512399966856], [-80.36893500002064, 25.855134000305185], [-80.36889200036293, 25.855122999685694], [-80.3677840003252, 25.85511399983951], [-80.36697400021329, 25.855107999941694], [-80.36621699980483, 25.855115999805395], [-80.36282699956938, 25.85515299997644], [-80.3627150003147, 25.85515299997644], [-80.35801700002497, 25.855169999679735], [-80.35500900027924, 25.855181000294824], [-80.35481000008761, 25.855184000241934], [-80.35481000008761, 25.854652000347933], [-80.35481400028557, 25.85429999960056], [-80.35474200031555, 25.85189799962596], [-80.35462400031477, 25.85133599986391], [-80.3545549998195, 25.848883000123323], [-80.35450299994093, 25.847062999668623], [-80.3544579997351, 25.845217000199053], [-80.35442199975009, 25.844022000225014], [-80.35436700039682, 25.842135999721403], [-80.35440099983369, 25.841997999785715], [-80.3543930003361, 25.841814000160063], [-80.35434999978007, 25.840694000378832], [-80.35116299993419, 25.840753000083975], [-80.35023800019458, 25.840777000161193], [-80.34657500014764, 25.84077299974441], [-80.34629399994024, 25.84077299974441], [-80.34236599957944, 25.840766999927485], [-80.34227100004321, 25.84076599982321], [-80.33819999956728, 25.840732999611685], [-80.33815000023688, 25.83973699962719], [-80.33815500025975, 25.838936000214545], [-80.33813400034335, 25.8370680003061], [-80.33803100041118, 25.83524099974317], [-80.33803600043406, 25.834316999749312], [-80.33801600034258, 25.83348300022273], [-80.33801899981731, 25.832719999794755], [-80.3379769999845, 25.831614999939756], [-80.336574000394, 25.83164700008719], [-80.33557000011332, 25.831670000213094], [-80.3339420003919, 25.831706999632853], [-80.3299579999546, 25.831644000351677], [-80.32229200010212, 25.831672999947973], [-80.32235599967623, 25.833473000181126], [-80.32232600043731, 25.834394999980365], [-80.32231499966834, 25.835694000157492], [-80.32234399998066, 25.836277999751623], [-80.32243000019439, 25.838017999923903], [-80.32244799973775, 25.838376999874537], [-80.32250800001219, 25.83875899990952], [-80.3225990002488, 25.838978999695943], [-80.32281900035682, 25.839279999670786], [-80.32312599960518, 25.83984799998703], [-80.3229099996951, 25.83984300023527], [-80.32279900026532, 25.83983999989905], [-80.32229999959974, 25.839845999762982], [-80.32201000006982, 25.839823999721396], [-80.3220929999105, 25.84073599992531], [-80.32104099994925, 25.840741999743802], [-80.32043000002898, 25.840719999868853], [-80.3197560003595, 25.840726999792736], [-80.31967099997068, 25.84071099973508], [-80.31816100025004, 25.840422999943808], [-80.31693900040949, 25.840120000231938], [-80.31583800004445, 25.839976999815548], [-80.31502999958236, 25.839944000192425], [-80.31500899966596, 25.839944000192425], [-80.31437799965421, 25.839960999656416], [-80.31409099959903, 25.839968999736257], [-80.31412900013218, 25.840719999868853], [-80.31214099966233, 25.84072300018277], [-80.31051399976583, 25.840717999659514], [-80.31013600037237, 25.840717000363313], [-80.30784699960364, 25.840718999764196], [-80.3074909999515, 25.84076000000594], [-80.30724599972909, 25.840718999764196], [-80.30699300000911, 25.840716000258656], [-80.30678799996971, 25.840716000258656], [-80.30609500003366, 25.84072200007814], [-80.30598899972844, 25.84072300018277], [-80.30589800039017, 25.840738000134333], [-80.30580299995562, 25.840776000057005], [-80.30527999989887, 25.840398999794786], [-80.30507400003457, 25.84045400002797], [-80.30495699985869, 25.840483999997407], [-80.30486200032246, 25.84051000034204], [-80.3051259999131, 25.840716000258656], [-80.30544800012838, 25.840936999742844], [-80.30567900010705, 25.841114000023445], [-80.30584899998637, 25.841255999773914], [-80.3061329996685, 25.84144900034574], [-80.30633500023319, 25.841592999888675], [-80.30652299965584, 25.841740999640518], [-80.30773399962574, 25.84266000023726], [-80.30893799992295, 25.843543999765632], [-80.3091460003354, 25.843710000123796], [-80.30978200037005, 25.844181000193263], [-80.3101189997556, 25.844422999597473], [-80.31022199968777, 25.844504999924734], [-80.31041099983366, 25.84465400014711], [-80.31065699988096, 25.84482400003594], [-80.31114899997556, 25.84518000015298], [-80.31136099968766, 25.84535000009429], [-80.31183699988873, 25.8456849997391], [-80.31278900029085, 25.846394000016538], [-80.31312700039965, 25.846660000244373], [-80.313729999924, 25.847093999629635], [-80.3139330003136, 25.847239999675846], [-80.31418799968341, 25.847450000190427], [-80.31434099984429, 25.847584000046698], [-80.31460500033324, 25.84774800030374], [-80.31483600031193, 25.84791899983167], [-80.31503700015338, 25.8480570001356], [-80.3153149999877, 25.8482859999742], [-80.31557500027873, 25.848469000003025], [-80.31591800041039, 25.84873200030398], [-80.31631599989534, 25.84902300017979], [-80.31673699984482, 25.849354999835924], [-80.31719799997727, 25.849678999945915], [-80.31808400025716, 25.850341000255316], [-80.31838600038095, 25.85054800004945], [-80.31871199989587, 25.850799000344836], [-80.31898399988243, 25.85098599979021], [-80.31919599959454, 25.851160000344365], [-80.31937499969467, 25.85128999997802], [-80.31974100029089, 25.851542000328422], [-80.32009299974509, 25.851828999714133], [-80.32061300032707, 25.852224000059067], [-80.32153999971653, 25.852911999907835], [-80.32218199959895, 25.85338799969756], [-80.32225000026934, 25.853445000352295], [-80.32256099971565, 25.853659000338613], [-80.3227409996407, 25.853789999644242], [-80.32279900026532, 25.853832000199276], [-80.32306200003107, 25.854061000172305], [-80.32338500007124, 25.85429099969173], [-80.32356099979835, 25.854425999869104], [-80.32380000017294, 25.85461000008415], [-80.32381900043951, 25.854623999904273], [-80.32433699957505, 25.855006999998928], [-80.3245080001776, 25.855121999702853], [-80.32498900040154, 25.8555019998621], [-80.3251989995655, 25.855648000036755], [-80.32540000030528, 25.855787000190517], [-80.32541799984863, 25.855806999733918], [-80.32562500043619, 25.85596300009843], [-80.32570699955362, 25.856015999610563], [-80.32601799989824, 25.856249000097296], [-80.32620200002125, 25.856374999905498], [-80.32650599979488, 25.85660299983307], [-80.32667499984927, 25.856738999764843], [-80.32690400017813, 25.856924000389753], [-80.32703499969938, 25.857036999912427], [-80.32743899993044, 25.857327000403647], [-80.32768699962756, 25.857536000018303], [-80.32786699955261, 25.857665999917156], [-80.32855199999103, 25.85819100029274], [-80.32876100022841, 25.858350999758862], [-80.32953899965496, 25.858908000374264], [-80.32980300014391, 25.85911800037638], [-80.3299219999696, 25.85919599961236], [-80.33002599972667, 25.85927199970971], [-80.33025500005554, 25.859454999711676], [-80.33042800030789, 25.85956200037671], [-80.33048299966116, 25.859614999892077], [-80.33068699987568, 25.859755000175433], [-80.33075899984568, 25.85981400007194], [-80.33092000040249, 25.859917999776762], [-80.33105000009883, 25.860015999741286], [-80.33110799982514, 25.86007500031593], [-80.33137499978885, 25.860246999740433], [-80.33143900026124, 25.860303000382643], [-80.33177900001988, 25.8605589998625], [-80.33232800001589, 25.86095400014157], [-80.33273300007184, 25.861263000221445], [-80.3330839997011, 25.861509999879594], [-80.3339830003998, 25.862166999805872], [-80.33404299977593, 25.862219999769923], [-80.33431700031063, 25.862418999605843], [-80.33441699986975, 25.862499999658404], [-80.33454499991628, 25.862588999821778], [-80.33464299982556, 25.862644000243456], [-80.334843999667, 25.86278699992673], [-80.33490800013944, 25.862845000008967], [-80.33515900020959, 25.863040999853244], [-80.33537599994457, 25.86317699965319], [-80.33567300004549, 25.863422000336236], [-80.33602100020002, 25.863652000234858], [-80.33608300012432, 25.86369999998151], [-80.33634400024023, 25.86387700014186], [-80.33667800015105, 25.864142999838645], [-80.3369910001455, 25.864381999900377], [-80.33733400027718, 25.86463200002271], [-80.337588999647, 25.86480599989274], [-80.33764499972348, 25.86485800038952], [-80.33795199987016, 25.865085000222713], [-80.33828499995609, 25.865307000136408], [-80.33833799965953, 25.865353000226573], [-80.33859299992767, 25.865540999987186], [-80.33865499985194, 25.86559300016055], [-80.33890400027228, 25.86575699968693], [-80.3395460001547, 25.866222999790168], [-80.34025599980919, 25.866749000033664], [-80.34031600008363, 25.86681100013247], [-80.3403489996956, 25.866833000003272], [-80.34058600042039, 25.86698799967495], [-80.34065699966717, 25.86704700000244], [-80.34084199961511, 25.86718300004221], [-80.34086099988168, 25.86719699998989], [-80.34087900032334, 25.86721700002773], [-80.34099899997393, 25.867303000232656], [-80.34103900015691, 25.8671929996586], [-80.34111399960167, 25.867059000202428], [-80.34131100014348, 25.86720699960508], [-80.34182699962919, 25.867593999662933], [-80.3423830001962, 25.86800999964842], [-80.34330299991296, 25.868700000312312], [-80.34416900010137, 25.869430000318353], [-80.34461599999011, 25.86975400037294], [-80.34723999959628, 25.871660000140306], [-80.34842799999996, 25.872522999681088], [-80.35547600025949, 25.877702000111324], [-80.35555499990218, 25.877760000146488], [-80.35567100025315, 25.877845000160498], [-80.35608899982958, 25.87816000005942], [-80.3568920002688, 25.87876399975314], [-80.35804899981201, 25.87960400024053], [-80.35807999977416, 25.87962699992932], [-80.35810800026155, 25.879648000062925], [-80.35949400013365, 25.880684000401565], [-80.35984800013597, 25.88094700014423], [-80.36261400003237, 25.88300299966296], [-80.36247299956706, 25.88310799971658], [-80.36238899990146, 25.883170999865616], [-80.36233600019801, 25.883214000230225], [-80.36228400031948, 25.88325800032401], [-80.36201099960968, 25.88348500036358], [-80.36304500002757, 25.88425099973302], [-80.36631700026227, 25.88667699960997], [-80.36779799967059, 25.887775000112004], [-80.37003399983755, 25.88943200005978], [-80.37157600024356, 25.89056599989585], [-80.37211900039178, 25.89096500039018], [-80.37462800037021, 25.892850000295386], [-80.37903600023171, 25.896097000277603], [-80.38024200017877, 25.896976999978815], [-80.38173699983078, 25.89806699984089], [-80.38247300032283, 25.8986040002902], [-80.38273299971553, 25.89879300007009], [-80.38346500000964, 25.899331999665314], [-80.38411500028796, 25.899846000228738], [-80.38423499993856, 25.899928000076944], [-80.38524199969397, 25.900614000102568], [-80.38530399961824, 25.900662000181242], [-80.385497999787, 25.900810000300893], [-80.38560300026731, 25.900533999928072], [-80.38564000007722, 25.90046199972464], [-80.38568299973493, 25.900340999687863], [-80.38664400035789, 25.897781000066967], [-80.38808299993342, 25.89380700012709], [-80.38811300007065, 25.893730999619336], [-80.38820400030725, 25.893491000289156], [-80.38823699991922, 25.89340900000885], [-80.3886090003632, 25.892050999717043], [-80.3886589996936, 25.891863000126005], [-80.3888560002354, 25.890801000303657], [-80.38895999999248, 25.889660000042298]]]}}, {"type": "Feature", "properties": {"name": "Miami", "geoid": "1245000", "county": "miamidade"}, "geometry": {"type": "Polygon", "coordinates": [[[-80.31855000041249, 25.762916000011696], [-80.3186080001388, 25.76288100005363], [-80.31854299984147, 25.76282600021427], [-80.31846500002366, 25.762784999699623], [-80.31835100022084, 25.762735000394645], [-80.31824300026582, 25.76271099987939], [-80.31808699973189, 25.76268300035085], [-80.31777399973744, 25.76263999987735], [-80.31767699965307, 25.762643999696266], [-80.3174259995829, 25.762655000006667], [-80.31661100034644, 25.762689000077017], [-80.31573199973924, 25.762716999604166], [-80.31468499980087, 25.76276399986465], [-80.31382299981043, 25.762782999792563], [-80.31186000035325, 25.762830000026916], [-80.3110269997768, 25.762853999709108], [-80.31021099981712, 25.762898000057668], [-80.30981400015709, 25.76289600015249], [-80.30937999978882, 25.762914000106825], [-80.30854700011069, 25.762948000103027], [-80.30800599961229, 25.762963000193427], [-80.30743400005008, 25.76297900023382], [-80.30667099979384, 25.76302099982396], [-80.30586800025294, 25.763029000245062], [-80.3039009996995, 25.763099000063587], [-80.30286999965465, 25.763131000105584], [-80.30190300008222, 25.763159000337506], [-80.3008889997558, 25.763193000263534], [-80.2999000004421, 25.76320499966402], [-80.29963599995311, 25.763220999671795], [-80.29804199966857, 25.763258000237748], [-80.297881999835, 25.763258000237748], [-80.29690199984378, 25.763306000233204], [-80.29587800036995, 25.763310999978806], [-80.29499000044022, 25.763343999912475], [-80.29469199961609, 25.76335400020926], [-80.29425999979595, 25.763369000248364], [-80.29410800035829, 25.763380999631092], [-80.2938890000752, 25.76337899973406], [-80.29362399976132, 25.763387000130983], [-80.29332900020854, 25.76339699961515], [-80.29322399972824, 25.763403000114256], [-80.29264999961788, 25.763419000095347], [-80.2919049998033, 25.763440999762445], [-80.29126999959358, 25.76346999986903], [-80.29052899997696, 25.76348499989348], [-80.28996300026253, 25.763488999683922], [-80.28785199976903, 25.76356299982823], [-80.28672100016507, 25.76359800039424], [-80.28582499983945, 25.76364400035965], [-80.28562300017308, 25.763647000198524], [-80.28379700008495, 25.76371000003271], [-80.28307300018677, 25.763731999645877], [-80.28227999979329, 25.76376600021682], [-80.28175099988877, 25.763787999819616], [-80.28085999958603, 25.763809000282468], [-80.28066499959235, 25.76382099962068], [-80.27966200003492, 25.763869000197545], [-80.27925899962878, 25.763888999892824], [-80.27828799985838, 25.76392900008229], [-80.27776499980166, 25.763927000194478], [-80.27704799957615, 25.763949999711176], [-80.27628699986806, 25.763987000049912], [-80.27561499984841, 25.76401100030721], [-80.27480800010956, 25.764033999807623], [-80.27406199957177, 25.76407100012018], [-80.27351299957576, 25.764095000360467], [-80.27331500010736, 25.764093999608974], [-80.27259799988185, 25.764116999902313], [-80.27146399990485, 25.76417000006888], [-80.27082799987024, 25.764189999713448], [-80.27064799994518, 25.764197000114113], [-80.27044600027881, 25.764204999646918], [-80.26982100011483, 25.764228999860137], [-80.26944199999814, 25.7642319996842], [-80.2692419999816, 25.76422500009459], [-80.26758099974991, 25.764284999799408], [-80.26737800025862, 25.764281999976692], [-80.26700499998972, 25.76430500023363], [-80.26531600016894, 25.76435900025653], [-80.26330900033084, 25.764424000401373], [-80.26157399958097, 25.764489999640745], [-80.26130999999035, 25.764494000206362], [-80.26126300013466, 25.76449600008458], [-80.26085200023094, 25.764510000040403], [-80.2596100002989, 25.764552999836557], [-80.2592169999385, 25.76457300022562], [-80.25939000019088, 25.767808999700403], [-80.25940600008438, 25.768126000253496], [-80.25840699982659, 25.768154000116194], [-80.25841799969724, 25.769123000337906], [-80.258463999728, 25.77022799972114], [-80.258463999728, 25.77055699975133], [-80.25540699957847, 25.770640000138645], [-80.25543900026385, 25.77099500006784], [-80.25544699976145, 25.77135599984117], [-80.25483199964322, 25.771376999774013], [-80.25484900025997, 25.771835000274308], [-80.25455999965665, 25.771835000274308], [-80.2541689998444, 25.771852999682043], [-80.25415100030105, 25.771440000359245], [-80.25414999957783, 25.771402999916873], [-80.25445199970162, 25.77138800008405], [-80.25444599985384, 25.771135999859027], [-80.25444800040196, 25.771033999596543], [-80.25441099969375, 25.770077999822693], [-80.25519300021655, 25.77006800009239], [-80.25536499974568, 25.770025999759728], [-80.25533399978355, 25.76953399984086], [-80.25532000043816, 25.76916600008096], [-80.25531100021733, 25.76886799964153], [-80.25528500027806, 25.768200999841977], [-80.25525500014085, 25.7676709997387], [-80.25525199976778, 25.767472999935467], [-80.25522099980564, 25.766913999750297], [-80.2551820003459, 25.766092999708835], [-80.25516999975203, 25.7655639998311], [-80.25513999961478, 25.764686999628253], [-80.2550769998656, 25.76300099998249], [-80.25504599990346, 25.762186000136502], [-80.25501999996419, 25.761420000273368], [-80.25500499989558, 25.761024999677907], [-80.25499499984983, 25.76065200037935], [-80.2549780001314, 25.760324000377082], [-80.25496899991057, 25.759897000084564], [-80.2549510003672, 25.759616000312338], [-80.25493999959825, 25.75912800006341], [-80.25492999955249, 25.758838000208794], [-80.25491200000916, 25.758348000016788], [-80.25490199996342, 25.758047999941496], [-80.25483199964322, 25.757249000080684], [-80.25481199955173, 25.756729999676548], [-80.25479700038143, 25.756580999718235], [-80.25479999985616, 25.756034000152468], [-80.25475800002336, 25.755224000306168], [-80.25471100016772, 25.754037999869993], [-80.25473799993189, 25.75332300012133], [-80.25463599982464, 25.752467000162014], [-80.25460200038776, 25.751584000026376], [-80.25456899987748, 25.74986199980534], [-80.25457300007545, 25.748905000200015], [-80.25453999956517, 25.748057999846907], [-80.25451199997607, 25.74733900017778], [-80.25450100010542, 25.747072000214473], [-80.25448100001394, 25.74657099984581], [-80.25446199974735, 25.746135000237878], [-80.25444800040196, 25.74580699979003], [-80.25443199961013, 25.745367000214245], [-80.2544149998917, 25.745028999852753], [-80.25440800021899, 25.74484600027562], [-80.25439899999817, 25.74456499968647], [-80.25438499975446, 25.744213999661245], [-80.25436899986096, 25.743813000228442], [-80.25433200005101, 25.742985999963796], [-80.25432700002814, 25.74275599959903], [-80.25432200000527, 25.74255200039466], [-80.25431299978443, 25.74246899979308], [-80.25443800035623, 25.742474999731286], [-80.2548659999784, 25.74245499966641], [-80.25624699982762, 25.7423919998851], [-80.25622900028426, 25.742006999596743], [-80.25620300034501, 25.741316000248656], [-80.25620699964465, 25.74054500021238], [-80.25622099988836, 25.739811999954757], [-80.25618800027638, 25.739050999786524], [-80.25617599968251, 25.73870300012638], [-80.25720099987957, 25.738667000159204], [-80.25816800035031, 25.738628999867306], [-80.25810399987789, 25.736776999919183], [-80.25803000025805, 25.734921999680545], [-80.2579709998085, 25.733090000261754], [-80.25791800010505, 25.732180000133464], [-80.25689799993086, 25.73220999999083], [-80.2558729997338, 25.732220999882706], [-80.25587000025907, 25.732010999932267], [-80.25586799971093, 25.731884000379512], [-80.2558650002362, 25.731288999623153], [-80.25584199977166, 25.730913000162552], [-80.25581800038053, 25.730616000266654], [-80.25577599964942, 25.730074999871167], [-80.25574399986236, 25.729396000327668], [-80.25572299994597, 25.72879500024859], [-80.25569100015893, 25.728187000274044], [-80.25567199989234, 25.727549999651725], [-80.25768200010351, 25.72748299986943], [-80.25866499956945, 25.727449000243265], [-80.25850200026116, 25.7249829999592], [-80.25929099955835, 25.724937999862878], [-80.25948800010015, 25.724925999834294], [-80.26161499958886, 25.724829000098456], [-80.26159100019774, 25.7243509997441], [-80.26155199983965, 25.723607000103815], [-80.26151699967957, 25.722906000158662], [-80.26149900013621, 25.72268000014183], [-80.26147999986965, 25.722211999765626], [-80.26146099960309, 25.72177099995145], [-80.2614489999075, 25.72148100037162], [-80.26141399974742, 25.720791999672905], [-80.26137000026479, 25.719937999915793], [-80.26134199977739, 25.719053999760696], [-80.26130599979237, 25.718212999891783], [-80.26127499983023, 25.717333999928165], [-80.26126300013466, 25.71708599969269], [-80.26125300008893, 25.71648499972204], [-80.26121100025614, 25.71563299969001], [-80.26120500040835, 25.71538399960283], [-80.26118500031686, 25.714906999686836], [-80.26116000020251, 25.714145000001864], [-80.26113400026324, 25.713383000292684], [-80.26110499995092, 25.712670999907743], [-80.26107800018674, 25.71191199999717], [-80.26105600044544, 25.711160999967674], [-80.26103600035395, 25.710392000241036], [-80.26102100028533, 25.709732999930246], [-80.26101100023959, 25.70948300004395], [-80.26100299984367, 25.709041999987235], [-80.25956400026814, 25.70908299961909], [-80.25709899977232, 25.709158999649503], [-80.25703900039618, 25.70914499964755], [-80.25692999971791, 25.709148999648267], [-80.25674300012017, 25.709156000053916], [-80.2566669999522, 25.709158000054103], [-80.25620699964465, 25.709174000054446], [-80.25349799964967, 25.709266000014733], [-80.25322400001329, 25.709276000006096], [-80.25280899991158, 25.709327000353845], [-80.24845399975352, 25.70949700000613], [-80.24775699961953, 25.709520999937475], [-80.23768700026889, 25.709562999805698], [-80.23762299979649, 25.709566000200418], [-80.22227100000002, 25.709578999751617], [-80.19562600028915, 25.709835999801843], [-80.19299199973895, 25.709861000063714], [-80.19116999984877, 25.709878999957606], [-80.1860179999976, 25.728048000159987], [-80.18566900001812, 25.72927800010208], [-80.18516799970271, 25.73052200018318], [-80.18073599955176, 25.73050899968368], [-80.17473699977873, 25.73048200007347], [-80.1737259998254, 25.730477999980838], [-80.17371400012982, 25.73384199959816], [-80.17372800037352, 25.737176000098945], [-80.17374199971891, 25.740493000163166], [-80.17371599977965, 25.74220999961001], [-80.17369999988613, 25.743295000301785], [-80.17371099975676, 25.743876000065505], [-80.17288099955337, 25.743149000030122], [-80.17257599995484, 25.742874000200633], [-80.17121400037222, 25.74164899999581], [-80.16796399987885, 25.73875500014968], [-80.16578499961328, 25.736779999627423], [-80.164849000003, 25.7367759997467], [-80.167489000401, 25.739145999751518], [-80.16791000035047, 25.739521999873052], [-80.16797700029763, 25.739583000068986], [-80.16699300010845, 25.740482000227626], [-80.16678700024414, 25.74029599969248], [-80.1664189999981, 25.73996400034551], [-80.16630099999732, 25.739857000085387], [-80.16614199998867, 25.73971400007884], [-80.16555399963461, 25.739182999725877], [-80.16361899976651, 25.737436000091513], [-80.16357699993372, 25.73745299969152], [-80.16340500040461, 25.737229000149803], [-80.15769199996353, 25.739663999962413], [-80.15766299965122, 25.739677000269847], [-80.15766500019936, 25.739543999920798], [-80.15767000022223, 25.739480000064837], [-80.1576750002451, 25.73878100015276], [-80.15767600007001, 25.738687000052405], [-80.1576810000929, 25.73809800033088], [-80.1576819999178, 25.737983000329024], [-80.15768500029085, 25.737892000086827], [-80.15769000031372, 25.737720000230215], [-80.15769199996353, 25.737642000316722], [-80.15769500033659, 25.73748600033612], [-80.15771399970485, 25.737442000283835], [-80.15778999987285, 25.73726200004739], [-80.1579410003839, 25.736963000297397], [-80.15811700011099, 25.736667999679725], [-80.15836300015827, 25.73631799997221], [-80.15873200022922, 25.735879999607693], [-80.15891299997918, 25.73563499975298], [-80.1590479996984, 25.73542000005895], [-80.15918199959269, 25.7351649998236], [-80.15924799971494, 25.735017999896336], [-80.15931200018736, 25.734852000249827], [-80.15935400002014, 25.7347200003557], [-80.15937300028672, 25.73457400006914], [-80.1593719995635, 25.734519000069866], [-80.15937099973858, 25.73444400025057], [-80.15934599962424, 25.73429899981833], [-80.1593010003167, 25.73415799998737], [-80.15925600011086, 25.73407700038765], [-80.15919199963844, 25.733985000195904], [-80.15911700019367, 25.733896999910645], [-80.15898599977413, 25.733776999710976], [-80.15867199995475, 25.7333140003205], [-80.15665500007091, 25.73131800029621], [-80.1551620000687, 25.73032500018038], [-80.15452299966103, 25.73051800009188], [-80.15279899968014, 25.731192000222634], [-80.1510219999958, 25.732058000203857], [-80.14899699971605, 25.733243999942868], [-80.14857599976655, 25.73364299984384], [-80.14817699955837, 25.73373299990413], [-80.14692999960347, 25.734201999636923], [-80.14662900020289, 25.734315999866997], [-80.14595800000816, 25.734618999755334], [-80.14441700032539, 25.735421999617536], [-80.14266900005505, 25.736726000012627], [-80.14236899958108, 25.736736000122942], [-80.14156400039036, 25.736762999931162], [-80.14020600010738, 25.737355999656415], [-80.1390820001761, 25.73788499975409], [-80.13799199968172, 25.73846499991624], [-80.13748500041683, 25.738860000282926], [-80.1355410003279, 25.740443000374476], [-80.13508600004324, 25.74103000033816], [-80.13338999965144, 25.74473000022526], [-80.13253799970674, 25.748547000346253], [-80.13217899968156, 25.749924999671215], [-80.1357160002301, 25.75253599969448], [-80.13834700040728, 25.754546999674226], [-80.13979199983058, 25.755651999616827], [-80.13996699973278, 25.755785999745534], [-80.14030999986446, 25.7560759997721], [-80.14035000004742, 25.756092999941398], [-80.1403989995529, 25.756122000224593], [-80.14123999962695, 25.756740999725785], [-80.14128099963483, 25.75676699983815], [-80.14132400019085, 25.756792999944775], [-80.14202799999755, 25.757313000073214], [-80.14205499976173, 25.75733800006091], [-80.14231800042577, 25.757557999725723], [-80.1426859997735, 25.757852000259614], [-80.14291900030031, 25.75801900012865], [-80.14418899982144, 25.75896100013599], [-80.14452399955721, 25.759200999705985], [-80.14509699984262, 25.75962800007434], [-80.14882099998894, 25.762374000289707], [-80.14908799995263, 25.763903999864322], [-80.14908700012772, 25.763958000069618], [-80.14907700008199, 25.764001000065754], [-80.14905899964032, 25.764040000274516], [-80.14900000008909, 25.764107999612186], [-80.1489520004085, 25.764140000191198], [-80.14889700015692, 25.764154000188988], [-80.14847799985726, 25.764172999894416], [-80.14804799968695, 25.764191999596818], [-80.1444259996479, 25.76429999972088], [-80.14408400023945, 25.764308999996466], [-80.14170199958431, 25.76437799992917], [-80.14118199990062, 25.764399000287625], [-80.1400110001137, 25.764424000401373], [-80.13995300038738, 25.764413000254883], [-80.13967899985268, 25.7644270002205], [-80.13942100010982, 25.76444000024485], [-80.13917099986456, 25.764454000207248], [-80.13867600029523, 25.764467000228674], [-80.13863000026448, 25.76446900010736], [-80.13860099995217, 25.76452899968885], [-80.13861400037096, 25.76474899978255], [-80.13758699962577, 25.764765000391257], [-80.13773499976377, 25.76486099995313], [-80.13822699985836, 25.765163999603168], [-80.13690200008564, 25.765163999603168], [-80.13811399988046, 25.765826999768315], [-80.13840099993563, 25.76593300016886], [-80.13907999962797, 25.766186999965], [-80.14140799985645, 25.76705700017996], [-80.14447000002883, 25.7686489998053], [-80.15207599960686, 25.771920000329857], [-80.16220100010739, 25.776274000283042], [-80.16314799958833, 25.77667900026832], [-80.16790500032762, 25.778718000386597], [-80.16905000017528, 25.779208999621364], [-80.16900699961926, 25.779493999984805], [-80.16896899998443, 25.779700000059623], [-80.16892100030384, 25.77990199973065], [-80.16846500019426, 25.78185600011124], [-80.16695999959818, 25.786213000294836], [-80.16615399968423, 25.788886999866605], [-80.16584599971266, 25.790036000386475], [-80.16575500037438, 25.790238000248614], [-80.16573699993272, 25.79041800025224], [-80.1657150001914, 25.790494999747942], [-80.16568500005418, 25.790600999948825], [-80.16565400009205, 25.790718000190274], [-80.16498899974508, 25.793158999607463], [-80.16496600017885, 25.79324300005413], [-80.16412799957955, 25.796316000011704], [-80.16386499981381, 25.797191000011576], [-80.16325300006864, 25.79936900019639], [-80.16263600030057, 25.80157099992602], [-80.16173999997494, 25.804779000113037], [-80.16112599968162, 25.80696499983542], [-80.16057500003578, 25.808784999846914], [-80.16021099998773, 25.81007599991492], [-80.16008999961389, 25.810502999924545], [-80.16004299975823, 25.810670999625753], [-80.15994800022199, 25.8110100001892], [-80.15939699967785, 25.81296699996836], [-80.15946799982297, 25.816197000093595], [-80.15957999997596, 25.818989000153397], [-80.15959599986948, 25.819630999932585], [-80.15979000003824, 25.8220980000854], [-80.15990300001616, 25.824193000039553], [-80.16006100019989, 25.826913999636506], [-80.16023199990413, 25.828310999807382], [-80.160497000218, 25.83333200015122], [-80.16067299994509, 25.836767000363714], [-80.16080500018957, 25.839805000012966], [-80.16093499988591, 25.842782999710323], [-80.16110700031336, 25.8484320001658], [-80.16127100034488, 25.853814000309697], [-80.16138000012482, 25.855786000213246], [-80.16176799956403, 25.855772999699727], [-80.16346800015378, 25.85567300030327], [-80.17127499957326, 25.85560800008434], [-80.17165200004013, 25.855590999635652], [-80.17560100031734, 25.85546099988027], [-80.17594299972579, 25.8554530000399], [-80.1767250002486, 25.855420999864627], [-80.17751899956865, 25.85539500037264], [-80.17904300043132, 25.85536200020081], [-80.17909399958663, 25.85535500033463], [-80.17974200021514, 25.855335999887433], [-80.1808300001614, 25.855299999755044], [-80.18431400010819, 25.85520099994074], [-80.18443999960658, 25.855197999994086], [-80.1849059997619, 25.85518700018896], [-80.1854620003289, 25.855171999644643], [-80.18541100027527, 25.85399299989832], [-80.18540000040461, 25.85372799999097], [-80.18538100013804, 25.853269999928322], [-80.18536699989434, 25.85291899991865], [-80.1853579996735, 25.852717000249115], [-80.18534699980285, 25.852424999756703], [-80.18531699966563, 25.851707999970717], [-80.18530099977208, 25.85158200003953], [-80.18529999994719, 25.851507999876215], [-80.1853710000923, 25.851505999849312], [-80.18731600000613, 25.851454999960175], [-80.18744099967958, 25.851546000380992], [-80.18757899977186, 25.851542000328422], [-80.18781999979629, 25.851537000262553], [-80.1878080001007, 25.851825999681896], [-80.18780700027581, 25.851852999969218], [-80.18781099957545, 25.851924999896834], [-80.18785499995637, 25.852140000216934], [-80.18789400031443, 25.852229000095917], [-80.18792799975131, 25.85226300034084], [-80.18797200013225, 25.852345000082863], [-80.18829099997446, 25.852340000050937], [-80.1883770001882, 25.852380000300503], [-80.1884120003483, 25.852396000396556], [-80.18862200041056, 25.85255699962564], [-80.18880599963529, 25.852951999963935], [-80.18916700020861, 25.85298099999612], [-80.18972000040257, 25.85292299992461], [-80.19016899994114, 25.85310500005353], [-80.19087500029597, 25.85337399973108], [-80.19146799977459, 25.853512000136575], [-80.19210999965702, 25.85359199982924], [-80.19227500041177, 25.8535839998624], [-80.19271899992746, 25.853562999946895], [-80.19302000022634, 25.85351900011182], [-80.19380199985085, 25.85343500038125], [-80.19396199968442, 25.853386999700014], [-80.19443500041075, 25.85324299996459], [-80.19507700029317, 25.85307600005176], [-80.19548099962589, 25.853066000049495], [-80.19658100016602, 25.853038000038687], [-80.19709800037498, 25.853025000031383], [-80.19709599982683, 25.852927999931904], [-80.19708699960601, 25.852546000383228], [-80.1970799999333, 25.85231499988807], [-80.19706700041283, 25.852027000056076], [-80.1970590000169, 25.85181999961723], [-80.19703300007765, 25.851252000199377], [-80.19702800005477, 25.851129999848947], [-80.19701200016125, 25.85060899973221], [-80.1969800003742, 25.84969100029221], [-80.19695199988679, 25.848591999903018], [-80.19692799959735, 25.847902999938345], [-80.1979300002282, 25.847878999690053], [-80.19834100013192, 25.847869000056733], [-80.1984099997289, 25.847868000012518], [-80.19840800007907, 25.847836000209867], [-80.19861099957035, 25.847829999942753], [-80.19884499992209, 25.847822999630736], [-80.19884599974698, 25.84785800037829], [-80.19894100018153, 25.847856000289664], [-80.19893899963341, 25.84781900026069], [-80.1990009995577, 25.847816000126723], [-80.19922800023672, 25.847807999769145], [-80.1995510002769, 25.84779700008501], [-80.19997700024926, 25.847783000265075], [-80.19997700024926, 25.847755999856954], [-80.20047500019164, 25.84775199967618], [-80.20054700016166, 25.84775099963096], [-80.20100499992105, 25.847739999941556], [-80.20100699957088, 25.847803000353828], [-80.20118599967103, 25.84779700008501], [-80.20147500027433, 25.847784000310014], [-80.20169000035949, 25.84777800004024], [-80.20168699998644, 25.847693000228105], [-80.20168699998644, 25.847661999615624], [-80.2017179999486, 25.847661999615624], [-80.20349700018107, 25.847604000169117], [-80.2050489997345, 25.847550000073433], [-80.20507499967376, 25.847569000154806], [-80.2051399999711, 25.847618000010243], [-80.20520299972027, 25.847664999753494], [-80.20547700025499, 25.847656000148138], [-80.20615900032037, 25.84763499998833], [-80.20714099996141, 25.847624000288135], [-80.20755299969005, 25.847609000401302], [-80.20762800003314, 25.847606000262022], [-80.20773699981308, 25.84760300012265], [-80.207821000377, 25.847599999983203], [-80.20815299973967, 25.84758900027974], [-80.20821300001415, 25.847591000372912], [-80.2090120002554, 25.84757499962673], [-80.2090120002554, 25.847612999778452], [-80.20914600014969, 25.847612999778452], [-80.20955500040361, 25.84760700030846], [-80.20955100020565, 25.847502000237156], [-80.2096890002979, 25.847498000047796], [-80.20968599992486, 25.847130999885422], [-80.2096959999706, 25.847024000097296], [-80.20969799962043, 25.846908999793936], [-80.20969199977266, 25.846281000024398], [-80.20967099985626, 25.845539000198798], [-80.20965699961256, 25.844821999895988], [-80.2096170003279, 25.844079999811097], [-80.20958200016779, 25.84343100028471], [-80.20957299994696, 25.843357999954495], [-80.20956700009918, 25.84328200013877], [-80.20955200003057, 25.84269800035102], [-80.20954799983261, 25.842633000276656], [-80.20953699996194, 25.842561999632174], [-80.20951400039573, 25.841942000176], [-80.20952299971823, 25.84187699968623], [-80.20950500017489, 25.841518999943332], [-80.20891699982083, 25.841537000087254], [-80.20891199979798, 25.841402999848448], [-80.20891000014815, 25.84136799961628], [-80.20891099997306, 25.841343000368067], [-80.20890799960002, 25.841281999948897], [-80.20947599986259, 25.841262000374503], [-80.20945599977108, 25.840836999928626], [-80.209456999596, 25.840756000397082], [-80.20946099979396, 25.840687999749427], [-80.20941499976321, 25.83976500036147], [-80.20940100041783, 25.83965899968348], [-80.21089500024495, 25.839608000345496], [-80.21293899989297, 25.83953600019641], [-80.2149549999519, 25.83947300023213], [-80.21699500030027, 25.839403000232487], [-80.21719699996665, 25.839396000230245], [-80.21905099964387, 25.839329999842224], [-80.2211079997107, 25.839266999768263], [-80.22278700038407, 25.839211999791786], [-80.22318700041714, 25.83919699964674], [-80.22358200042736, 25.839185999970365], [-80.22432499969379, 25.839154000244555], [-80.22525199998157, 25.839123999937893], [-80.22556699962584, 25.839114999682703], [-80.22555699958009, 25.838447999796575], [-80.22552399996812, 25.837851000343637], [-80.22549200018106, 25.837166999937153], [-80.22546700006671, 25.83659100018768], [-80.22544299977727, 25.836000999654143], [-80.22544100012746, 25.835959000043953], [-80.22542299968579, 25.83537599983383], [-80.22540299959431, 25.834781999899864], [-80.22536199958641, 25.834173000245038], [-80.22533700037037, 25.83357600024587], [-80.22531100043112, 25.8329649997043], [-80.22530499968501, 25.83291399990684], [-80.22528299994372, 25.832444999803627], [-80.22528600031677, 25.832380999931626], [-80.22527299989797, 25.83206700031078], [-80.22526799987509, 25.83196100001378], [-80.2252629998522, 25.83183899998162], [-80.22528899979149, 25.83173099992772], [-80.2252960003625, 25.831698999803006], [-80.22532899997447, 25.831560999822944], [-80.22532700032464, 25.8314930003595], [-80.22531999975362, 25.83130200008804], [-80.22530100038536, 25.830791999618217], [-80.22576499999255, 25.83078099996914], [-80.22571200028909, 25.829976999989334], [-80.22573700040347, 25.829913999787323], [-80.2252129996235, 25.82993499985838], [-80.22518400020951, 25.82950400038723], [-80.22517199961563, 25.829077000159014], [-80.22515999992007, 25.828971999813902], [-80.22513099960774, 25.828162000027625], [-80.22513599963061, 25.828091999805856], [-80.22678199979369, 25.828026000390523], [-80.22877199991336, 25.827946999792356], [-80.228746999799, 25.827249999947636], [-80.22872199968465, 25.826540000358566], [-80.22869400009556, 25.825811000216213], [-80.2286689999812, 25.825074000158782], [-80.22862299995045, 25.82429900001533], [-80.22859399963814, 25.823503000059254], [-80.22856500022414, 25.822820999722598], [-80.2285359999118, 25.822099999800812], [-80.22850800032272, 25.82136499982068], [-80.22849599972884, 25.82064399992794], [-80.22845100042132, 25.81987799999992], [-80.22843899982745, 25.819105000383697], [-80.22840600021547, 25.81840399987453], [-80.22838100010111, 25.817660999625748], [-80.22835000013897, 25.8169109998527], [-80.22831800035192, 25.816187999712387], [-80.22826999977302, 25.81543899982492], [-80.22823799998596, 25.814683000206497], [-80.2281629996429, 25.8139430002496], [-80.22812800038113, 25.813193999912947], [-80.22814599992446, 25.813034000029297], [-80.22812300035825, 25.812538000067907], [-80.22811900016029, 25.812447999914248], [-80.22811199958927, 25.81230300015182], [-80.22810400009166, 25.812135000339], [-80.22808900002305, 25.811890999724405], [-80.22808200035038, 25.811784999963674], [-80.2280560004111, 25.81132099960484], [-80.22905099957262, 25.811293000229174], [-80.22972199976735, 25.811277000236363], [-80.23095799985161, 25.81121899994109], [-80.23213200001159, 25.811197000239925], [-80.23316200023153, 25.81116500022625], [-80.23415100044357, 25.811137000005], [-80.23518499996314, 25.811108999777137], [-80.236216000008, 25.811076999739683], [-80.23727399981703, 25.8110470004043], [-80.23826399985398, 25.811012999638812], [-80.24030300037745, 25.81095899983008], [-80.24026700039244, 25.810015000365514], [-80.24024999977568, 25.809538999979296], [-80.24229500014695, 25.809478000153437], [-80.2433830000932, 25.80945400020007], [-80.24338100044338, 25.809388000101112], [-80.2443189997035, 25.809369000359855], [-80.24628899973168, 25.80930399977491], [-80.24634300015833, 25.809303000213543], [-80.24837799958554, 25.809235999659787], [-80.25040399969022, 25.809172000181793], [-80.25243499981778, 25.80911100016696], [-80.2529930000346, 25.809094999879452], [-80.25335100023489, 25.80908500020413], [-80.25362800024432, 25.809076999654526], [-80.25382800026087, 25.80907099984852], [-80.25403300030028, 25.809065000042178], [-80.25424199963932, 25.80905900023558], [-80.254444000204, 25.80905299961993], [-80.25473299990901, 25.809050000120727], [-80.25494399979621, 25.809042999941063], [-80.25509500030726, 25.80903799969693], [-80.25623799960678, 25.809000999663095], [-80.25638200044514, 25.808996000225918], [-80.25649000040019, 25.80902999995288], [-80.25651100031658, 25.80903700013331], [-80.25657400006577, 25.809055999927782], [-80.25673499972424, 25.80905200005645], [-80.25752100044504, 25.809031000325263], [-80.25850399991097, 25.80900299959964], [-80.25850399991097, 25.808543999931647], [-80.25846899975089, 25.80765299997153], [-80.25845000038262, 25.80718800002445], [-80.25780299957901, 25.806691999848564], [-80.25644400036943, 25.806745000401783], [-80.25647600015648, 25.807649000052837], [-80.25648600020223, 25.80813000022808], [-80.25452899969451, 25.808192999889524], [-80.25442300028762, 25.808200999690094], [-80.25432799985306, 25.808209000298834], [-80.2524299997949, 25.808254000376998], [-80.25146900007026, 25.808286999938225], [-80.25039899966734, 25.808322999816717], [-80.24835599984424, 25.808378000396154], [-80.24630999964808, 25.808437999602283], [-80.24620599989099, 25.808437000033585], [-80.24574599958346, 25.808437000033585], [-80.24438099962777, 25.80848000007981], [-80.24428299971848, 25.80848399997049], [-80.24223200039776, 25.80854900019662], [-80.24022700020947, 25.808618000273224], [-80.24021499961559, 25.808139999984043], [-80.24017699998076, 25.807230999715227], [-80.24015900043742, 25.806313999823722], [-80.24014799966844, 25.805794000146822], [-80.24013599997289, 25.805349000166487], [-80.24010900020869, 25.80446100005799], [-80.24007599969842, 25.803533999613183], [-80.24005800015507, 25.802600000252752], [-80.24002499964479, 25.801683000108813], [-80.24000200007856, 25.800664999928827], [-80.23998399963692, 25.799832999642366], [-80.23994600000208, 25.79891199971255], [-80.23991699968977, 25.798009999853228], [-80.23991400021502, 25.79791999998742], [-80.23991400021502, 25.797756000253916], [-80.23989999997133, 25.79739200015304], [-80.23989999997133, 25.79707200035874], [-80.23986800018426, 25.796111000163954], [-80.23984399989484, 25.7952279996044], [-80.23981899978048, 25.79427499975999], [-80.24025599962347, 25.794269999701562], [-80.24187199964933, 25.79422900034685], [-80.24205800032048, 25.794224999975064], [-80.24241700034567, 25.794216000351224], [-80.24270500022577, 25.794206999917897], [-80.24294299987716, 25.794204000042917], [-80.24387199981474, 25.794172999982237], [-80.24502099986036, 25.79414400010077], [-80.24537400003778, 25.794133000283303], [-80.2454879998406, 25.794129999597626], [-80.24768899984747, 25.794068000238266], [-80.24780799967314, 25.794065000359776], [-80.24797699972754, 25.79406099998243], [-80.24825899975986, 25.79405300003619], [-80.24977400040169, 25.79401499967746], [-80.25007099960429, 25.79400800022729], [-80.25162999972872, 25.79396999985415], [-80.25196899966247, 25.793959999711355], [-80.25357200016782, 25.793912999675978], [-80.25388299961412, 25.793904999719736], [-80.25408199980578, 25.79389999964571], [-80.25414399973005, 25.793898000263074], [-80.25570100020467, 25.79386200004677], [-80.25614899991832, 25.793851000203134], [-80.25688700006022, 25.79382299993485], [-80.25805299982427, 25.79378199961676], [-80.25846200007818, 25.793767999879684], [-80.26142999964092, 25.793664000279147], [-80.26262700026545, 25.793620000016297], [-80.26293000021414, 25.79360900015023], [-80.26373299975505, 25.7935640001728], [-80.2638349998623, 25.793558000390213], [-80.2638929995886, 25.793524000268427], [-80.26394700001529, 25.793506000104824], [-80.2640180001604, 25.793482999846894], [-80.26404800029763, 25.79345899988948], [-80.26407800043485, 25.79343499992722], [-80.26416100027554, 25.793365999907536], [-80.26437800001051, 25.793187999729902], [-80.26440200029995, 25.79316800012037], [-80.26443499991193, 25.79322100025102], [-80.26462400005781, 25.793219000048143], [-80.26465500001994, 25.793218000351082], [-80.26509199986296, 25.792967000096244], [-80.26517100040398, 25.7929210001756], [-80.26545900028408, 25.79266299976242], [-80.2660800002501, 25.79210400017644], [-80.26621400014439, 25.79210299966116], [-80.26665900038333, 25.791646999993635], [-80.26811100037764, 25.79021800014148], [-80.2686290004115, 25.78971000017148], [-80.26920400034678, 25.789122999844295], [-80.26982399958956, 25.78848500033116], [-80.27025999960766, 25.788012999793168], [-80.27085999965729, 25.787358000237102], [-80.2708680000532, 25.787349000092057], [-80.27096099993962, 25.787247999765448], [-80.27116699980392, 25.78702299976975], [-80.27122500042857, 25.787070000109694], [-80.27126700026137, 25.78710399965562], [-80.27137000019353, 25.78697600022002], [-80.27144800001135, 25.78687799963618], [-80.27161700006573, 25.78668599966066], [-80.27208499987088, 25.78606499989886], [-80.27235299965949, 25.785739000091265], [-80.27272500010348, 25.78534800022438], [-80.27314100003008, 25.784910000317748], [-80.27384200036205, 25.784180999617867], [-80.27404700040147, 25.783968000002204], [-80.27409699973187, 25.78389800036021], [-80.27416000037937, 25.78376299983618], [-80.27417600027289, 25.78372800036427], [-80.27421399990772, 25.783646999790445], [-80.27422499977837, 25.783624000046807], [-80.27423599964904, 25.783599999711736], [-80.27425400009069, 25.78356100026903], [-80.27427400018217, 25.783517000301668], [-80.27434299977915, 25.78336799999684], [-80.27472199989583, 25.782929000274333], [-80.27507300042343, 25.78252099961536], [-80.27539200026567, 25.78217599971762], [-80.27582900010866, 25.78174600019883], [-80.27587900033738, 25.78169400039592], [-80.27621099970008, 25.781351999910843], [-80.27639900002106, 25.781158000290077], [-80.27672399971107, 25.780822000304727], [-80.27695399986483, 25.78059899985881], [-80.27731100024022, 25.780317999755553], [-80.27751799992944, 25.780188999660833], [-80.27764400032613, 25.78011100013747], [-80.27812300000194, 25.779884999735533], [-80.27838599976769, 25.779790999813834], [-80.27858900015727, 25.779717999892117], [-80.2786689996249, 25.779688999711297], [-80.27874499979289, 25.779661999954925], [-80.27894999983229, 25.779588000141864], [-80.27905100011463, 25.77955199962585], [-80.27906399963511, 25.779549000188997], [-80.27951200024708, 25.77951599990777], [-80.27966299985982, 25.779502999917046], [-80.2798439996098, 25.779489000112072], [-80.27995900013583, 25.779480999991662], [-80.28076500004977, 25.779498999857374], [-80.28091200036287, 25.77950200010435], [-80.28139900043459, 25.779511999848545], [-80.28165600035253, 25.779529999709563], [-80.28170700040617, 25.779532999955748], [-80.28171900010172, 25.779535000389497], [-80.28220100015056, 25.779594999634273], [-80.28221100019633, 25.779596000255047], [-80.28227999979329, 25.779605000179536], [-80.28234599991552, 25.779614000103305], [-80.28279500035241, 25.77968300003559], [-80.28341399977029, 25.779857000214133], [-80.28391300043589, 25.779930000050356], [-80.28491900036639, 25.780078000012548], [-80.28557299994436, 25.780224000176936], [-80.28567900024957, 25.780237999895167], [-80.28596499958152, 25.78031399972336], [-80.28658600044585, 25.780478999927823], [-80.28798700038656, 25.78085200000987], [-80.28802800039445, 25.78085200000987], [-80.28828100011444, 25.78083599995235], [-80.2884200000316, 25.78083400034948], [-80.28853300000951, 25.78083199993763], [-80.28860099978158, 25.78083900016554], [-80.28867500029975, 25.780861999640276], [-80.28873499967588, 25.780864999852813], [-80.28884500017904, 25.78085299981119], [-80.28890200008045, 25.78082700012128], [-80.28898999994401, 25.780815000075815], [-80.28912700021134, 25.78082700012128], [-80.28926899960327, 25.78080700004484], [-80.28935300016717, 25.780782999948656], [-80.2896090002602, 25.7807559996324], [-80.28964900044318, 25.780745000190876], [-80.28976300024598, 25.780729999921274], [-80.28996499991234, 25.780688999929634], [-80.290384000212, 25.78062700001398], [-80.29065299982553, 25.780553999797807], [-80.29079299956761, 25.780508999719707], [-80.29090899991856, 25.780462999819992], [-80.29105600023165, 25.780416999902414], [-80.2911440000952, 25.78037699960789], [-80.29121900043828, 25.780333999882927], [-80.29128200018746, 25.780309999691045], [-80.29133900008887, 25.780300999820074], [-80.29138400029471, 25.780261000295347], [-80.29140600003602, 25.78025999968016], [-80.29163399964165, 25.780166999862676], [-80.2919829996211, 25.779977999774104], [-80.29216099989634, 25.77992400038685], [-80.29216199972126, 25.77990400015815], [-80.29224399973702, 25.779873000403693], [-80.29226600037664, 25.779873000403693], [-80.29230900003435, 25.779853999976115], [-80.29239199987501, 25.779828000067308], [-80.29255699973146, 25.779743000014403], [-80.29275799957293, 25.779623000026394], [-80.29281500037266, 25.779579000216113], [-80.29298100005398, 25.779479000365928], [-80.29309099965886, 25.779424999942627], [-80.2932560004136, 25.779320000082752], [-80.29367300016513, 25.779110000084223], [-80.29393500010595, 25.778941000323893], [-80.29400500042613, 25.778901000340593], [-80.29407800022108, 25.778875000222897], [-80.2942210003362, 25.77879000029611], [-80.29436899957591, 25.778711999852902], [-80.29459000040715, 25.778562999983745], [-80.2946570003543, 25.778535999971144], [-80.29469599981405, 25.778526000144662], [-80.29473400034719, 25.778499999944756], [-80.29476100011136, 25.77849500003013], [-80.29477899965471, 25.778485000200185], [-80.2948539999978, 25.7784649997289], [-80.29501300000645, 25.778390999978104], [-80.29516399961919, 25.778278999633436], [-80.29550099990308, 25.778070000043652], [-80.29557500042125, 25.778045000377727], [-80.295685999851, 25.777976000301667], [-80.29598399977684, 25.77780599990788], [-80.29614000031077, 25.777716999904335], [-80.29637399976417, 25.77762600017707], [-80.29660300009303, 25.77749800022034], [-80.2966909999566, 25.7774650001775], [-80.29678800004096, 25.777410999646364], [-80.29681999982802, 25.777388000311504], [-80.2968969998209, 25.777356999899602], [-80.29700300012611, 25.777285999760714], [-80.29765000003141, 25.776970999885343], [-80.29820800024824, 25.776699000231773], [-80.29895399988771, 25.776360000233726], [-80.2994159998451, 25.776149999849334], [-80.30000000000119, 25.775886000294804], [-80.30007600016918, 25.77584600009043], [-80.300374000095, 25.77571500029746], [-80.30059000000507, 25.775605000353423], [-80.30110300001606, 25.77538799970147], [-80.30128700013908, 25.775294000261383], [-80.30129999965955, 25.775288000363428], [-80.30137500000262, 25.77526399995967], [-80.30144600014773, 25.7752250002033], [-80.30147799993479, 25.775215000097756], [-80.30149499965322, 25.775205999840246], [-80.30164299979123, 25.775138000389386], [-80.30183500031015, 25.775047000301957], [-80.30264299987392, 25.77466600012921], [-80.30278799963888, 25.774606999863565], [-80.30433199969471, 25.773985999963397], [-80.30441700008353, 25.77394799964645], [-80.30603800013226, 25.773217999667875], [-80.30755799989865, 25.772530000322487], [-80.30790600005318, 25.772373000179773], [-80.30821499984967, 25.772233999988288], [-80.30836700018564, 25.77217799975455], [-80.30847199976762, 25.7766919997596], [-80.30848099998846, 25.77711000019027], [-80.30848600001131, 25.77730999975544], [-80.30855200013356, 25.777127999606773], [-80.30860900003498, 25.776980000008972], [-80.30863900017219, 25.776897999846238], [-80.30934800000176, 25.774973000037168], [-80.30944099988818, 25.7746810003566], [-80.30951299985821, 25.77436600003678], [-80.309554999691, 25.77406500013636], [-80.30957200030775, 25.7737290002862], [-80.30954100034562, 25.772176999880163], [-80.30952999957664, 25.771644000098608], [-80.30967799971464, 25.771532999736657], [-80.30972200009558, 25.771499999652786], [-80.30987400043155, 25.771384999631902], [-80.31004299958762, 25.77129300002033], [-80.3101749998321, 25.77121999972384], [-80.31033700021382, 25.771154000181756], [-80.31040599981078, 25.771125000334603], [-80.31050799991804, 25.77109200013725], [-80.31064199981235, 25.771039999709593], [-80.31073100039912, 25.770995999952223], [-80.31083699980601, 25.770952000178518], [-80.31090399975317, 25.770915000392968], [-80.31101199970819, 25.770878999672266], [-80.31117400008989, 25.770805000044124], [-80.31126699997633, 25.770725000241153], [-80.31135599966478, 25.770662999972494], [-80.31146699999287, 25.770638000363896], [-80.31161199975782, 25.770605000031118], [-80.31166000033672, 25.770576000049783], [-80.3118219998201, 25.770566000361438], [-80.3118710002239, 25.770577999825562], [-80.31192300010244, 25.770611000165847], [-80.31201299961582, 25.77068699968891], [-80.31209100033193, 25.770717000338777], [-80.31223400044706, 25.770740000157755], [-80.31233800020414, 25.770756999845236], [-80.31243500028852, 25.770757999731593], [-80.31247399974826, 25.770751999604283], [-80.31254700044153, 25.770728999787647], [-80.31259900032005, 25.770648999933446], [-80.31264700000062, 25.770605000031118], [-80.3126939998563, 25.770578999713457], [-80.31277599987206, 25.77048399981108], [-80.31304500038388, 25.770141000288536], [-80.31311999982864, 25.77000899996753], [-80.3134610003105, 25.769714999607498], [-80.31404399974336, 25.769438999910964], [-80.3146730001053, 25.769020000062305], [-80.31524700021566, 25.768582999642437], [-80.31577399957204, 25.768089000395914], [-80.31681499966261, 25.766760000028384], [-80.31711299958845, 25.766253999766494], [-80.31736799985659, 25.765664000081973], [-80.31768400022406, 25.764832000186352], [-80.31795299983759, 25.763935999689302], [-80.31814000033366, 25.76345899963415], [-80.31819899988488, 25.76330700018236], [-80.31828500009861, 25.763165999989948], [-80.31833500032732, 25.76310299986706], [-80.31838999968059, 25.76304400032522], [-80.31841099959699, 25.763023999678545], [-80.31845099977997, 25.76298899975235], [-80.31855000041249, 25.762916000011696]]]}}, {"type": "Feature", "properties": {"name": "Miami Beach", "geoid": "1245025", "county": "miamidade"}, "geometry": {"type": "Polygon", "coordinates": [[[-80.16905000017528, 25.779208999621364], [-80.16790500032762, 25.778718000386597], [-80.16314799958833, 25.77667900026832], [-80.16220100010739, 25.776274000283042], [-80.15207599960686, 25.771920000329857], [-80.14447000002883, 25.7686489998053], [-80.14140799985645, 25.76705700017996], [-80.13907999962797, 25.766186999965], [-80.13840099993563, 25.76593300016886], [-80.13811399988046, 25.765826999768315], [-80.13690200008564, 25.765163999603168], [-80.13822699985836, 25.765163999603168], [-80.13773499976377, 25.76486099995313], [-80.13758699962577, 25.764765000391257], [-80.13861400037096, 25.76474899978255], [-80.13860099995217, 25.76452899968885], [-80.13863000026448, 25.76446900010736], [-80.13867600029523, 25.764467000228674], [-80.13901400040405, 25.763754000064], [-80.13914099972735, 25.763487999736334], [-80.13898699974155, 25.763427999628696], [-80.1387010004096, 25.76331699967323], [-80.13869899986146, 25.763295999932375], [-80.1386949996635, 25.763056999691997], [-80.13923399961375, 25.763038999759342], [-80.14036599994094, 25.763041999613506], [-80.14319499958651, 25.762913000154388], [-80.1431929999367, 25.76288799972246], [-80.14321300002817, 25.76288699976981], [-80.1431999996094, 25.762735000394645], [-80.14319100028688, 25.762612000332034], [-80.14317299984522, 25.76238999960047], [-80.14316299979946, 25.762266999989436], [-80.1431589996015, 25.762209999948894], [-80.14314299970799, 25.76201299989607], [-80.14313900040834, 25.76196400022641], [-80.14306499989017, 25.759916999639913], [-80.14298500042256, 25.75992100035961], [-80.14292900034606, 25.759105999597075], [-80.14135000013012, 25.759165000286842], [-80.13798400018412, 25.759293999773003], [-80.13785299976455, 25.759299999670425], [-80.13789600032057, 25.760249999831988], [-80.1380190003442, 25.762957999624128], [-80.13805899962887, 25.762967999953467], [-80.13800699975033, 25.76300299988586], [-80.13789600032057, 25.763006999692575], [-80.13754899999093, 25.762843000226194], [-80.13747500037108, 25.762809000199905], [-80.13725299971493, 25.762642999741555], [-80.13698499992633, 25.76258200006064], [-80.13650799990035, 25.762362999953265], [-80.13630700005889, 25.762299000255673], [-80.13619400008099, 25.762278000334735], [-80.1359210002695, 25.762160000401735], [-80.13577300013151, 25.762088000110747], [-80.13565599995563, 25.76216300027806], [-80.1353229998697, 25.762088000110747], [-80.13518999980032, 25.761879000322203], [-80.1346530003982, 25.7616450002811], [-80.13440200032804, 25.761872999746053], [-80.13433299983275, 25.761922000262324], [-80.134174999649, 25.7619080000013], [-80.13360599956151, 25.76233400038531], [-80.13330299961282, 25.762211999865595], [-80.13261499969965, 25.761885000089002], [-80.13199700010667, 25.761642000391646], [-80.13078500031186, 25.761140000027826], [-80.13066300011312, 25.761119999869447], [-80.13056100000588, 25.761051999629363], [-80.12945399979304, 25.760598000288336], [-80.12814499991386, 25.76003800011413], [-80.1281059995558, 25.76002800034706], [-80.12804199998169, 25.760020999700576], [-80.12755300026014, 25.759766999656446], [-80.12632999969637, 25.760699999810356], [-80.12566799972248, 25.76120600028387], [-80.12493299995363, 25.761765999803288], [-80.1249229999079, 25.761808999784336], [-80.12496999976356, 25.761862000172243], [-80.12588500035575, 25.762242000230486], [-80.12595700032578, 25.76223099988184], [-80.12604699983915, 25.76224600006285], [-80.1261349997027, 25.762264000115717], [-80.12621000004577, 25.762308999831465], [-80.12630600030525, 25.762373000332694], [-80.12643299962853, 25.7624419997726], [-80.12658699961432, 25.762504000290374], [-80.12730200018999, 25.762742000072098], [-80.12730800003777, 25.762782999792563], [-80.12732200028148, 25.762795999996946], [-80.1273940002515, 25.762831999933212], [-80.1274799995669, 25.76286000023564], [-80.12941199996025, 25.76371099997844], [-80.12989599965893, 25.76392900008229], [-80.12998199987265, 25.76393499974548], [-80.13004799999489, 25.763971000145368], [-80.13061000040966, 25.764224000153213], [-80.13063200015098, 25.764226999977378], [-80.13067800018173, 25.76424599967115], [-80.13069700044832, 25.764268999935037], [-80.1307190001896, 25.764321000093165], [-80.13076900041834, 25.764441000184423], [-80.13078699996167, 25.764519000300073], [-80.13080399968013, 25.765070000154928], [-80.13080799987807, 25.765207999904565], [-80.13083999966514, 25.765377999739062], [-80.13088300022115, 25.765549000069356], [-80.13090499996247, 25.765782999696363], [-80.1309069996123, 25.766734999597663], [-80.13090900016043, 25.767286999598802], [-80.13090900016043, 25.76733199983747], [-80.13090999998532, 25.767557999879216], [-80.13088499987097, 25.76811600035872], [-80.13088099967301, 25.76841600007152], [-80.13087900002319, 25.768529999828303], [-80.13085399990882, 25.768814999954614], [-80.13082700014465, 25.76897199995044], [-80.13078799978659, 25.76981399970276], [-80.13070400012101, 25.770363000276653], [-80.13067700035681, 25.770503000121234], [-80.13056100000588, 25.771115999766877], [-80.13055799963281, 25.77120100033746], [-80.13056500020383, 25.771750000157844], [-80.13055699980792, 25.771804999907037], [-80.13051499997513, 25.77196399974467], [-80.13051199960206, 25.7719920003198], [-80.13029200039236, 25.772763999938398], [-80.13026399990494, 25.77291000020478], [-80.13024299998854, 25.773205999661748], [-80.13022500044521, 25.77334600019713], [-80.13005300001775, 25.773800999987497], [-80.12989499983401, 25.774218000229546], [-80.12981100016842, 25.774499000219894], [-80.12979399955167, 25.77473200014485], [-80.12978900042712, 25.774809000116644], [-80.12971599973386, 25.77509299987485], [-80.12970999988607, 25.775185999625137], [-80.12963500044133, 25.775435999645005], [-80.12954800040269, 25.77565099970999], [-80.12944600029543, 25.77592499983393], [-80.12938600002099, 25.77605299986984], [-80.12933599979227, 25.776180999767668], [-80.12929800015743, 25.776317999701227], [-80.12929899998234, 25.776357999746473], [-80.12912200043034, 25.77694699982204], [-80.12911099966136, 25.776961999761074], [-80.12886499961408, 25.77794900015547], [-80.12868399986411, 25.77875000026188], [-80.12850899996194, 25.77952700027219], [-80.12849700026635, 25.779654999657602], [-80.12846299993117, 25.779870999975675], [-80.12842600012124, 25.780019000011475], [-80.128359999999, 25.780386000282025], [-80.12832999986178, 25.78048600017652], [-80.12830700029556, 25.780843000180017], [-80.12830100044779, 25.780880000105334], [-80.12821900043201, 25.78143999981767], [-80.12817300040126, 25.78201200004742], [-80.128035000309, 25.78271100029114], [-80.12794900009527, 25.783634000252412], [-80.12792599963075, 25.783892000088514], [-80.12789800004165, 25.784029000014783], [-80.1277969997593, 25.78437000028948], [-80.12767499956057, 25.784942000140376], [-80.12756499995572, 25.78554500036602], [-80.12751899992496, 25.78610400013591], [-80.1274999996584, 25.78625499975053], [-80.12744199993206, 25.786701999737907], [-80.12739099987846, 25.787228999710425], [-80.12736800031223, 25.787339000199697], [-80.12735400006852, 25.787384000113086], [-80.12729200014425, 25.787587000193135], [-80.12727299987768, 25.78770499991659], [-80.12725100013635, 25.7882130003876], [-80.12723900044078, 25.788507999940933], [-80.1272329996947, 25.78866700004017], [-80.12720699975543, 25.788816999892575], [-80.12715700042503, 25.78900700018814], [-80.12712399991476, 25.789130000391697], [-80.12698900019554, 25.78973400007893], [-80.12691200020265, 25.790081999808752], [-80.12686000032411, 25.790389999982025], [-80.12684400043058, 25.790485999840985], [-80.12672800007964, 25.79089000011438], [-80.12668000039906, 25.791273000177597], [-80.12653499973578, 25.791697000056985], [-80.12647100016167, 25.791883999848153], [-80.12641900028315, 25.792107999810987], [-80.12598800028792, 25.79340299996997], [-80.12594300008209, 25.793538999728646], [-80.12582000005843, 25.793974999925222], [-80.12572799999693, 25.79437000002122], [-80.125691000187, 25.794555999954632], [-80.12547000025407, 25.79613699973818], [-80.1254319997209, 25.79684700040314], [-80.12533700018467, 25.797445000012832], [-80.12533100033689, 25.797537000369395], [-80.12522099983372, 25.79830700021967], [-80.12514499966574, 25.798723000383102], [-80.12507500024387, 25.79901900012362], [-80.12469500030225, 25.8003789998573], [-80.1239379998938, 25.80204099980987], [-80.12370000024242, 25.802670000175993], [-80.1233610003087, 25.80359599968252], [-80.12319700027719, 25.804075000116146], [-80.12299700026064, 25.80428700039907], [-80.12258100033402, 25.804781000120883], [-80.12256500044052, 25.804817000255817], [-80.12230699979933, 25.805407000100523], [-80.12225699957062, 25.805512999906608], [-80.12223599965422, 25.806272000195808], [-80.12171000012275, 25.80695899992244], [-80.12163399995478, 25.807132999701306], [-80.1216430001756, 25.807174999832725], [-80.12164400000053, 25.807245999867014], [-80.12159100029707, 25.807519999771266], [-80.12158600027419, 25.807590000022987], [-80.12154899956596, 25.807829999878837], [-80.12154799974105, 25.807983000079094], [-80.12156600018271, 25.808077000294418], [-80.12156700000762, 25.80809600024284], [-80.12155799978679, 25.80811700013975], [-80.1215030004335, 25.808190999939296], [-80.12149900023556, 25.808211000248754], [-80.1215300001977, 25.808384000237265], [-80.1215300001977, 25.80860399986242], [-80.12152699982465, 25.808642999962878], [-80.12146400007548, 25.809231999794523], [-80.1214170002198, 25.809680999598115], [-80.12139799995322, 25.80993000011913], [-80.12138100023478, 25.810141999630595], [-80.12137399966376, 25.810517999662032], [-80.12135799977025, 25.81060199993617], [-80.1213259999832, 25.810933999820428], [-80.1212699999067, 25.811081999897713], [-80.12126800025688, 25.811112000032903], [-80.12123300009678, 25.811325999752576], [-80.12129699967088, 25.811587000217575], [-80.12131799958728, 25.8117449997394], [-80.12130900026474, 25.81193299978644], [-80.1211999995865, 25.812545000041027], [-80.12119399973871, 25.812612999874137], [-80.12118100021824, 25.812676000386343], [-80.1210580001946, 25.812961999889882], [-80.12102200020958, 25.81311300006457], [-80.12100799996588, 25.813198999981655], [-80.12100700014096, 25.81339499959696], [-80.12106800024034, 25.813877999748367], [-80.12105300017171, 25.814311999669474], [-80.12088900014021, 25.814938000235216], [-80.12079999955343, 25.815387999755355], [-80.12078100018516, 25.81578299964127], [-80.12076399956841, 25.815885000226924], [-80.12067599970486, 25.816127000075788], [-80.12072299956054, 25.816615999831875], [-80.12065599961339, 25.817183999740855], [-80.12053599996278, 25.817796000358154], [-80.12052900029008, 25.818199000233427], [-80.12046099961971, 25.818691999875337], [-80.12040899974116, 25.819088000350092], [-80.12032000005271, 25.819333999647373], [-80.12033500012133, 25.81964000005212], [-80.12033500012133, 25.81991699962299], [-80.1203269997254, 25.820140999966892], [-80.12031199965679, 25.820469000312478], [-80.12033500012133, 25.821052000360492], [-80.12024499970964, 25.821358000368814], [-80.12027499984686, 25.821573999898604], [-80.12022999964103, 25.822067000044747], [-80.12021499957243, 25.822244000245988], [-80.12014099995255, 25.822940999644537], [-80.1200740000054, 25.82348100021406], [-80.11999100016475, 25.82391899989121], [-80.1199240002176, 25.82445700036761], [-80.11983800000387, 25.824611000354516], [-80.11968099964503, 25.824900000051763], [-80.11966700029964, 25.825033000142643], [-80.11963799998732, 25.825442000239814], [-80.11961500042109, 25.825781999992376], [-80.11960600020026, 25.825923000121772], [-80.11954400027601, 25.826514000178904], [-80.11953800042821, 25.82663499981578], [-80.11953000003227, 25.826792000062436], [-80.11951900016165, 25.82705900010676], [-80.11951599978859, 25.827141000338667], [-80.11950599974284, 25.827173000078485], [-80.11948700037459, 25.827200999742676], [-80.1194809996285, 25.8273000003504], [-80.11949099967424, 25.827696000336203], [-80.11948499982644, 25.827827000093002], [-80.11947800015375, 25.827926000177182], [-80.11945899988719, 25.828023999966625], [-80.1194749997807, 25.82822000011069], [-80.1194749997807, 25.82831899986623], [-80.11953199968211, 25.82880000018705], [-80.11942399972709, 25.829402000213324], [-80.11937400039669, 25.82976400021099], [-80.11938100006937, 25.830346999767354], [-80.11939100011512, 25.830417999655857], [-80.11940199998577, 25.83057700011721], [-80.11940199998577, 25.83062599973323], [-80.11940199998577, 25.83099199996925], [-80.11934300043455, 25.831155999778517], [-80.11934099988639, 25.83228699960203], [-80.1193479995591, 25.832337000302736], [-80.11930900009935, 25.833072000079902], [-80.11930400007648, 25.833174000325258], [-80.1193059997263, 25.833500999972085], [-80.11931300029731, 25.834260000387616], [-80.11930400007648, 25.834438999652647], [-80.11927399993924, 25.83466099969747], [-80.11922399971053, 25.834847000244803], [-80.11917799967978, 25.835026000239022], [-80.11915400028866, 25.83603700000121], [-80.11915199974052, 25.836108999853916], [-80.11914000004495, 25.83667399961421], [-80.11914099986987, 25.837697999925833], [-80.11914300041799, 25.83840299987371], [-80.11913900022004, 25.838483000084082], [-80.11912300032651, 25.838557000311354], [-80.11906499970188, 25.838682000251467], [-80.11904499961038, 25.83873699966584], [-80.1190029997776, 25.8389459997945], [-80.11899500028, 25.8390549998505], [-80.11898900043221, 25.83914700022758], [-80.11898000021138, 25.83950299964182], [-80.11897799966324, 25.839594999670542], [-80.11894599987619, 25.839727000114078], [-80.11892699960961, 25.839859999713777], [-80.11891099971609, 25.83989400028047], [-80.11889700037071, 25.84004800039442], [-80.11889499982256, 25.840296000009612], [-80.1189040000434, 25.84041800021636], [-80.11894199967823, 25.840640999659385], [-80.11896299959463, 25.840764999718946], [-80.11897699983832, 25.8410579999953], [-80.1189819998612, 25.84133300018223], [-80.11896900034073, 25.841431000188432], [-80.11896099994482, 25.841596000180484], [-80.11895099989906, 25.84165400014752], [-80.11893699965536, 25.84222399976035], [-80.11894099985331, 25.84240199982281], [-80.11894199967823, 25.8424359996589], [-80.11895400027211, 25.84249800038117], [-80.11897900038647, 25.842627999834093], [-80.11899100008203, 25.843063000354103], [-80.11898500023425, 25.84328599966221], [-80.11894699970111, 25.843563999762683], [-80.11892599978471, 25.843722000267274], [-80.11889599964748, 25.84395399983776], [-80.11885800001265, 25.84414499989883], [-80.11883999957098, 25.844443000254373], [-80.1188260002256, 25.844552000096517], [-80.11881700000475, 25.84484700002593], [-80.11879299971531, 25.845660999849216], [-80.11877599999688, 25.84626499990948], [-80.11877400034706, 25.84634200029112], [-80.11875699973031, 25.84710200003552], [-80.11875300043067, 25.84729700006026], [-80.11875400025556, 25.848520999601703], [-80.11876699977606, 25.848585999674263], [-80.11879699991327, 25.848728000156218], [-80.11880299976107, 25.84898599970746], [-80.11878900041569, 25.8492410002149], [-80.11876500012622, 25.84938299991042], [-80.11875500008048, 25.84966600037776], [-80.11875400025556, 25.849964999784444], [-80.11881899965458, 25.850277000362794], [-80.11882200002763, 25.85037400021163], [-80.11888499977682, 25.850612999816317], [-80.11885299998977, 25.85130500020641], [-80.11881100015698, 25.852256000291195], [-80.11881000033208, 25.85436299975162], [-80.1187910000655, 25.85447500011691], [-80.11878400039281, 25.854642999657486], [-80.11879400043854, 25.85503800030269], [-80.1188119999819, 25.85513800023623], [-80.11885600036284, 25.85527200027325], [-80.1189049998683, 25.855510999678742], [-80.11892099976184, 25.855801999848413], [-80.11890999989117, 25.855933999989247], [-80.11890599969321, 25.85614199966713], [-80.11889200034783, 25.856801000264333], [-80.11887700027923, 25.85725099986424], [-80.11886200021061, 25.85773599961692], [-80.11882299985254, 25.857961000276568], [-80.11877699982179, 25.858120000096488], [-80.11874400020983, 25.858449000214133], [-80.11874500003475, 25.85881200020287], [-80.11876099992826, 25.85897600024642], [-80.1187919998904, 25.859139000113572], [-80.11884600031706, 25.860062000274034], [-80.11887200025635, 25.860191999820085], [-80.11892999998265, 25.860383000330188], [-80.11894699970111, 25.86064599999845], [-80.11895400027211, 25.86136600033798], [-80.11895900029498, 25.861801999758782], [-80.11894599987619, 25.86207999998112], [-80.11894599987619, 25.86209800022884], [-80.11894599987619, 25.862279999975065], [-80.11894800042433, 25.863294000128537], [-80.11894800042433, 25.863418999789857], [-80.11896400031786, 25.86419699963104], [-80.11897199981546, 25.864574000009124], [-80.11898500023425, 25.86470600005448], [-80.11902000039434, 25.864868000202595], [-80.11902700006705, 25.86516500016685], [-80.11901600019638, 25.865858000144566], [-80.11902899971686, 25.8670730001648], [-80.11903000044009, 25.867210999935903], [-80.11904600033363, 25.8673090003198], [-80.1191650001593, 25.86775799964557], [-80.11918199987774, 25.867856000384112], [-80.11918900044876, 25.868219999644417], [-80.11921700003785, 25.86868100039367], [-80.11926600044164, 25.868940999781028], [-80.11928700035804, 25.869088000194967], [-80.1193059997263, 25.8696649999475], [-80.11929499985564, 25.870048999659907], [-80.11930300025158, 25.870391000234825], [-80.11933699968843, 25.8706529996038], [-80.11941200003152, 25.870980999741004], [-80.11948400000152, 25.871298999699594], [-80.11957000021525, 25.871552000077095], [-80.11961200004805, 25.871773999965228], [-80.11961200004805, 25.871855999913087], [-80.11961399969788, 25.872174999779936], [-80.11961500042109, 25.872334999713154], [-80.11962499956853, 25.872620999700533], [-80.12014900034848, 25.872584999983268], [-80.12018799980824, 25.872581999669528], [-80.12049199958184, 25.87256099989622], [-80.12099000042254, 25.872559000225525], [-80.12153100002261, 25.872527999667547], [-80.12225999994367, 25.872486999933965], [-80.12309299962179, 25.872516999858703], [-80.12393200004601, 25.872488999605878], [-80.1244309998133, 25.872466999979903], [-80.12722299964895, 25.87234499970178], [-80.1274799995669, 25.872333999875906], [-80.12932499992162, 25.872253999935715], [-80.12982000038924, 25.87223599961839], [-80.13018000023936, 25.87222300010597], [-80.13063100032606, 25.87219700026858], [-80.13082999961938, 25.872194999783463], [-80.13085999975662, 25.872192000268118], [-80.13088499987097, 25.872185999620662], [-80.13118399962171, 25.87217800010402], [-80.13141999962326, 25.872183000105085], [-80.13148300027076, 25.87219099962138], [-80.13316100022091, 25.87209300005351], [-80.13357999962224, 25.872074999711668], [-80.13396100028707, 25.87205999969413], [-80.13414700005993, 25.872053000008606], [-80.13580599974348, 25.872003999773458], [-80.13810100035997, 25.871895000183713], [-80.14577100041042, 25.87165099993674], [-80.14746799972882, 25.861573000230162], [-80.14781599988336, 25.859480999927513], [-80.14889200013405, 25.853023000030127], [-80.14896800030205, 25.852572999697724], [-80.1485079999945, 25.852173999679035], [-80.14508000012421, 25.84926000002464], [-80.14466199964946, 25.84882899980317], [-80.14345200040279, 25.847583000000107], [-80.14322399989884, 25.844214000251434], [-80.14316799982234, 25.843373999654187], [-80.15063399965828, 25.84303100005997], [-80.15525699960494, 25.82710199986074], [-80.1554490001239, 25.826443999791223], [-80.15652899967422, 25.82275799975534], [-80.15879400015349, 25.815024999957693], [-80.15939699967785, 25.81296699996836], [-80.15994800022199, 25.8110100001892], [-80.16004299975823, 25.810670999625753], [-80.16008999961389, 25.810502999924545], [-80.16021099998773, 25.81007599991492], [-80.16057500003578, 25.808784999846914], [-80.16112599968162, 25.80696499983542], [-80.16173999997494, 25.804779000113037], [-80.16263600030057, 25.80157099992602], [-80.16325300006864, 25.79936900019639], [-80.16386499981381, 25.797191000011576], [-80.16412799957955, 25.796316000011704], [-80.16496600017885, 25.79324300005413], [-80.16498899974508, 25.793158999607463], [-80.16565400009205, 25.790718000190274], [-80.16568500005418, 25.790600999948825], [-80.1657150001914, 25.790494999747942], [-80.16573699993272, 25.79041800025224], [-80.16575500037438, 25.790238000248614], [-80.16584599971266, 25.790036000386475], [-80.16615399968423, 25.788886999866605], [-80.16695999959818, 25.786213000294836], [-80.16846500019426, 25.78185600011124], [-80.16892100030384, 25.77990199973065], [-80.16896899998443, 25.779700000059623], [-80.16900699961926, 25.779493999984805], [-80.16905000017528, 25.779208999621364]], [[-80.13909300004676, 25.761794000357146], [-80.13817199960677, 25.761843000096967], [-80.1381669995839, 25.76170399970915], [-80.1390880000239, 25.761654999911954], [-80.13909300004676, 25.761794000357146]], [[-80.14017799961997, 25.76145499985311], [-80.13929700026125, 25.76149500005362], [-80.13928999969025, 25.761350000273893], [-80.13928300001757, 25.76119099997148], [-80.13928399984246, 25.761179000367434], [-80.13929899991109, 25.761146999799287], [-80.13934199956879, 25.761120999836983], [-80.13971900003565, 25.761099999707692], [-80.14008800010659, 25.76108100031948], [-80.14013499996227, 25.761099999707692], [-80.14016199972646, 25.761151999635814], [-80.14017799961997, 25.76145499985311]], [[-80.14014900020597, 25.760824000205808], [-80.14014699965783, 25.760846000353805], [-80.14013800033531, 25.7608639998099], [-80.14012900011447, 25.76087300034596], [-80.14012099971856, 25.760881000102756], [-80.1401099998479, 25.760886999919986], [-80.14009099958132, 25.760893999706358], [-80.14007600041104, 25.76089599964526], [-80.13970999981483, 25.760909000056277], [-80.13969999976908, 25.760648999655785], [-80.13926100027625, 25.760667999922134], [-80.13925100023052, 25.76040299993508], [-80.14012300026668, 25.7603650001235], [-80.140145000008, 25.760751999913637], [-80.14014900020597, 25.760824000205808]], [[-80.1390820001761, 25.761519000005688], [-80.13816300028425, 25.76156699989521], [-80.13815400006342, 25.76127600036824], [-80.13815400006342, 25.761235000127346], [-80.13815700043646, 25.76122299971874], [-80.13816999995696, 25.7612009996406], [-80.13819300042148, 25.761184000202615], [-80.1382150001628, 25.761174999690116], [-80.1382290004065, 25.761172999755917], [-80.13900000016035, 25.761140000027826], [-80.13902399955147, 25.76114599983198], [-80.13903699997026, 25.76115299960311], [-80.13904500036618, 25.76115900021562], [-80.1390539996887, 25.76116699995313], [-80.1390610002597, 25.761176999624286], [-80.13906600028258, 25.761187000103607], [-80.13906999958223, 25.76119999967374], [-80.13907100030546, 25.761212000084715], [-80.13907200013035, 25.761235000127346], [-80.1390820001761, 25.761519000005688]], [[-80.14010900002299, 25.760093999603157], [-80.13924100018477, 25.760131000334628], [-80.13922600011617, 25.759722999765604], [-80.13966499960897, 25.759704000157058], [-80.13965999958612, 25.759568999614682], [-80.14007899988576, 25.759550999962247], [-80.14010900002299, 25.760093999603157]], [[-80.13911899998604, 25.762482999596678], [-80.13866299987644, 25.762507000158024], [-80.13867200009729, 25.76278800036919], [-80.13860699979996, 25.76279100022967], [-80.13850700024084, 25.76278800036919], [-80.13843000024795, 25.762780999885454], [-80.13834300020932, 25.762765999772054], [-80.13826299984338, 25.762746999841454], [-80.13823799972903, 25.762736000348607], [-80.13821699981263, 25.762716999604166], [-80.1382029995689, 25.76269499980288], [-80.13819800044436, 25.762669000179567], [-80.1381940002464, 25.762530999905493], [-80.13818099982761, 25.76212100038438], [-80.13910300009249, 25.76207199995028], [-80.13910899994029, 25.762211999865595], [-80.13865399965562, 25.762235999672683], [-80.13865899967848, 25.762372000375702], [-80.13911399996316, 25.762347999787064], [-80.13911899998604, 25.762482999596678]], [[-80.14135799962774, 25.76261800006179], [-80.14135199977993, 25.762637999967826], [-80.14133699971134, 25.762658999825074], [-80.14132800038881, 25.762668000225073], [-80.14131699961985, 25.76267399995199], [-80.14130099972633, 25.762682000396445], [-80.14125600041878, 25.76268500025959], [-80.14090900008917, 25.762696999711437], [-80.14052699959943, 25.76271099987939], [-80.14049099961441, 25.762704000200138], [-80.14045899982736, 25.762672000043047], [-80.14044799995669, 25.762547999959644], [-80.1404260002154, 25.76213499981125], [-80.1413340002366, 25.762092999907644], [-80.14135799962774, 25.76261800006179]], [[-80.14131999999289, 25.76181900021043], [-80.14041199997168, 25.76186100021094], [-80.14037400033686, 25.761138000093048], [-80.14038100000955, 25.761109000225865], [-80.140397999728, 25.76108600015878], [-80.14041500034475, 25.761075999670958], [-80.14044399975874, 25.761067999927292], [-80.14082600024848, 25.761049999693093], [-80.1412010001672, 25.761032000265192], [-80.14123499960407, 25.76103700010654], [-80.14125899989354, 25.76105099966124], [-80.14127599961196, 25.76106899989531], [-80.14128599965771, 25.76110099967542], [-80.1412999999014, 25.761403000057683], [-80.14084499961675, 25.76142400013339], [-80.14085899986044, 25.761700999821223], [-80.14131400014512, 25.761679999794513], [-80.14131999999289, 25.76181900021043]], [[-80.14023799989442, 25.762554999648092], [-80.13934400011694, 25.76259300037678], [-80.13930899995682, 25.761770999613745], [-80.14019299968858, 25.76173100031523], [-80.1402000002596, 25.761864000094835], [-80.14020799975721, 25.762002000335222], [-80.13975800039371, 25.762023000304975], [-80.13976400024148, 25.762166000154348], [-80.14021600015312, 25.762145000209863], [-80.14023799989442, 25.762554999648092]], [[-80.13905700006174, 25.760878000194026], [-80.13905500041193, 25.76089699961472], [-80.13904799984093, 25.76091000002562], [-80.13904199999314, 25.76091999971838], [-80.13903100012249, 25.760930000219382], [-80.13902199990164, 25.76093700000322], [-80.13900699983304, 25.76094399978668], [-80.13899400031255, 25.760947999662744], [-80.13898000006886, 25.76094999960073], [-80.13861099999792, 25.760968999818928], [-80.13860199977708, 25.76070299972359], [-80.1381239999262, 25.760725999864835], [-80.138089999591, 25.759772000360144], [-80.13901100003099, 25.759728999641347], [-80.13905700006174, 25.760878000194026]], [[-80.14126700028945, 25.760764000369893], [-80.14126700028945, 25.76079700020251], [-80.14124200017508, 25.760830000025926], [-80.14122299990852, 25.760839999725455], [-80.1412010001672, 25.760843999605004], [-80.14081600020273, 25.76085500008218], [-80.14043100023827, 25.7608659997493], [-80.14042000036761, 25.7608659997493], [-80.14040799977373, 25.760862999840185], [-80.14039600007817, 25.760858999961247], [-80.14037900035973, 25.760847000323658], [-80.1403709999638, 25.760835999845728], [-80.14036500011603, 25.760823000235778], [-80.14036199974298, 25.760808999845164], [-80.14035800044334, 25.760749000001653], [-80.1403550000703, 25.76069699989702], [-80.14034300037471, 25.76048800008694], [-80.14079899958598, 25.760469999764805], [-80.1407939995631, 25.7603449998346], [-80.14033499997879, 25.76036200020174], [-80.14031800026036, 25.760090999674546], [-80.14028099955213, 25.759470999855928], [-80.1402849997501, 25.759446000317304], [-80.14029399997092, 25.759427999837197], [-80.14032400010814, 25.75940400027155], [-80.14035599989519, 25.759395999606188], [-80.14111999997635, 25.759365000157942], [-80.14113300039514, 25.759365000157942], [-80.14115799961118, 25.759373000016325], [-80.14117799970268, 25.75938599978506], [-80.14119100012147, 25.75940400027155], [-80.14119799979416, 25.759428999819008], [-80.14120199999212, 25.75951099991582], [-80.14126599956622, 25.760714000213795], [-80.14126700028945, 25.760764000369893]], [[-80.14281299999509, 25.762547000004105], [-80.14281299999509, 25.762559000278912], [-80.1428060003224, 25.762580000150145], [-80.14279299990362, 25.76259600024218], [-80.14278100020803, 25.762604999837915], [-80.1427700003374, 25.762611000377056], [-80.14274500022304, 25.76261600015189], [-80.14219799987687, 25.762647000369412], [-80.14211300038637, 25.762652000142733], [-80.14193000008827, 25.762662999643354], [-80.1417009997594, 25.76267299999754], [-80.14165200025391, 25.76267399995199], [-80.1416380000102, 25.76267399995199], [-80.1416170000938, 25.762668000225073], [-80.14160700004807, 25.762662999643354], [-80.14159700000233, 25.76265599996128], [-80.1415889996064, 25.76264900027876], [-80.14157699991084, 25.762630000329423], [-80.14157199988797, 25.762607999703008], [-80.14152900023026, 25.76163799972992], [-80.14173000007172, 25.761630000024166], [-80.1421300001048, 25.761612999838558], [-80.14210400016553, 25.761189000037575], [-80.14188499988241, 25.761203000383343], [-80.14161100024603, 25.76121400001822], [-80.14150900013878, 25.7612179998852], [-80.14149900009303, 25.76098900000274], [-80.14149099969711, 25.760809999815322], [-80.14207999987607, 25.760780999868018], [-80.14207099965526, 25.760636000025315], [-80.14150800031386, 25.760664000036645], [-80.14148499984934, 25.760665000008025], [-80.14145300006228, 25.75998499972098], [-80.14202999964736, 25.759949999707903], [-80.14201399975386, 25.75968199979749], [-80.14144100036671, 25.759715999910167], [-80.14142799994792, 25.759431999764352], [-80.14143200014588, 25.759411000145352], [-80.14144300001655, 25.759391999677835], [-80.14145999973498, 25.759377999927544], [-80.14148099965138, 25.759369000087208], [-80.14254000018363, 25.759310000307874], [-80.14255500025223, 25.75931100029065], [-80.14256899959761, 25.75931300025622], [-80.14258299984134, 25.75931800016997], [-80.14259399971198, 25.759325000048857], [-80.14260700013078, 25.759334999875136], [-80.14261499962836, 25.759343999718052], [-80.14262200019938, 25.759356000316604], [-80.14262600039734, 25.75936800010489], [-80.14262800004717, 25.75938099987417], [-80.14270800041311, 25.760749999972344], [-80.14207999987607, 25.760780999868018], [-80.14209599976962, 25.761047999756787], [-80.14263399989495, 25.761024999677907], [-80.14272400030666, 25.761019999836037], [-80.14281299999509, 25.762547000004105]]]}}, {"type": "Feature", "properties": {"name": "Miami Gardens", "geoid": "1245060", "county": "miamidade"}, "geometry": {"type": "Polygon", "coordinates": [[[-80.29317400039784, 25.92502399986431], [-80.29312300034421, 25.92467900024319], [-80.29306399989467, 25.923249999772583], [-80.29300699999325, 25.92151800036443], [-80.29301799986392, 25.92118300006782], [-80.2929400000461, 25.919755000280908], [-80.2929259998024, 25.919475999871], [-80.2928479999846, 25.9177829996097], [-80.2928479999846, 25.917578000209655], [-80.29281799984737, 25.9169629998709], [-80.29265100034111, 25.913483000251794], [-80.29264499959501, 25.913363999622465], [-80.29235000004222, 25.91336800000546], [-80.2922139995998, 25.913360000047383], [-80.2921519996755, 25.913372000388286], [-80.29204500044371, 25.913372000388286], [-80.29194599981119, 25.913385000217556], [-80.29185600029781, 25.91338599970713], [-80.29155400017403, 25.913372000388286], [-80.2915249998617, 25.91338899979182], [-80.29145600026473, 25.913410000382445], [-80.29133800026396, 25.913429999864118], [-80.29130099955573, 25.913429999864118], [-80.29121600006523, 25.91341500025318], [-80.29117599988226, 25.913418999826405], [-80.29111899998084, 25.913432999947688], [-80.29085600021511, 25.913447000067297], [-80.29077900022222, 25.913459999888293], [-80.29064299977978, 25.91346499975692], [-80.29027299988392, 25.913491000201525], [-80.29010100035478, 25.913491000201525], [-80.28997499995809, 25.913475999790332], [-80.28991399985871, 25.913478000383947], [-80.28983299966788, 25.91350599980278], [-80.28973999978145, 25.91350599980278], [-80.28971200019235, 25.91349799985407], [-80.2896179995827, 25.913489999904826], [-80.28949399973415, 25.913519999913735], [-80.28940400022078, 25.91352400029141], [-80.2893699998856, 25.913532000238362], [-80.2888910002098, 25.913573000260968], [-80.28873399985098, 25.913575000044915], [-80.28842500005447, 25.913590999931355], [-80.28821400016727, 25.913587999851803], [-80.28813999964912, 25.91360899959898], [-80.28791000039367, 25.9136390003856], [-80.28769600013342, 25.913639999873027], [-80.28750399961449, 25.913655000263365], [-80.28745900030695, 25.913668000061463], [-80.28734299995601, 25.9136719996261], [-80.28703199961139, 25.91369800002507], [-80.28543999987498, 25.91377899964632], [-80.28531600002641, 25.91379400001899], [-80.28475299978672, 25.9138160000234], [-80.28459700015111, 25.913817999803225], [-80.28455699996813, 25.913817999803225], [-80.28449699969367, 25.913831999877132], [-80.28395199989565, 25.913864000386095], [-80.28361399978684, 25.913874000088867], [-80.28323499967016, 25.913902999706895], [-80.28237400040294, 25.913954000104464], [-80.2821180003099, 25.913963999799627], [-80.28196599997392, 25.913976000079057], [-80.28191300027049, 25.913974999786465], [-80.28182100020898, 25.91398700006481], [-80.28156799959068, 25.913982000218336], [-80.28148200027526, 25.913993999687932], [-80.28128300008363, 25.9139990003419], [-80.28120600009075, 25.914007999740935], [-80.28099100000557, 25.914015000170824], [-80.28092499988335, 25.914023000084445], [-80.28063100015547, 25.914027999929203], [-80.28054900013971, 25.91402499986077], [-80.28033200040473, 25.914035999841946], [-80.2801759998708, 25.91402699963707], [-80.28013900006088, 25.914051999665848], [-80.27994200041739, 25.91406599971197], [-80.27942500020845, 25.914084000115107], [-80.27940400029205, 25.914090999732462], [-80.27938500002548, 25.91410400029047], [-80.27933599962167, 25.914113999972876], [-80.27863600001294, 25.914151000244843], [-80.27827799981264, 25.914184999632848], [-80.27776399997676, 25.914215999755474], [-80.27669699994689, 25.914268999789893], [-80.27654299996111, 25.914257000348236], [-80.27641800028763, 25.91423599990846], [-80.27636499968587, 25.914231000072533], [-80.2760700001331, 25.914210999918705], [-80.27590899957629, 25.914209000145547], [-80.27446900017586, 25.91427199985212], [-80.27158899957833, 25.914377999846746], [-80.27113300036707, 25.914402999801084], [-80.27067899990732, 25.914411999977297], [-80.27020899955403, 25.914430000327613], [-80.26940699983804, 25.91446999974961], [-80.26929600040826, 25.91446999974961], [-80.26909800004157, 25.914480000208957], [-80.26898400023875, 25.91462399961957], [-80.26876900015358, 25.914634000065895], [-80.26822299963233, 25.914637999597797], [-80.26785100008665, 25.914640999650633], [-80.2678129995535, 25.91463700011882], [-80.26707500030993, 25.914658999965983], [-80.26664500013962, 25.914657000200382], [-80.26596999974691, 25.914711000322907], [-80.26482400007436, 25.914722000240104], [-80.264109000397, 25.91479000029303], [-80.26367599985365, 25.914793000341998], [-80.26359200018805, 25.914799999917268], [-80.26268900018971, 25.91482799983022], [-80.26214600004151, 25.91483800025924], [-80.26131800038625, 25.914863000116085], [-80.26056900037372, 25.91490099962975], [-80.26017299964028, 25.914912999813826], [-80.26000899960876, 25.914917999620876], [-80.25951200038962, 25.91494500002944], [-80.25912200040226, 25.9149749996682], [-80.2582660002596, 25.91502899964509], [-80.25827299993229, 25.91493400013306], [-80.25828600035109, 25.914787000244], [-80.25821400038106, 25.91351600034392], [-80.25816499997727, 25.91320400035247], [-80.25813900003799, 25.912969000122057], [-80.25813700038817, 25.91294399986367], [-80.25811200027381, 25.912431999612], [-80.25808399978641, 25.911294999689], [-80.25797699965628, 25.911297999826886], [-80.25767200005777, 25.91133399985938], [-80.25636099963043, 25.911361999787292], [-80.25511799987348, 25.911412000161448], [-80.25437399988381, 25.911438000250694], [-80.25210099990693, 25.911521999940387], [-80.25099100021936, 25.91155700039943], [-80.24988099963349, 25.911606999882927], [-80.24815800037582, 25.91167899974833], [-80.24615099963941, 25.911755000007414], [-80.24553100039661, 25.911768000014934], [-80.2441639998928, 25.91182499996885], [-80.2438890004315, 25.91182499996885], [-80.24255200006489, 25.91185799971694], [-80.24215200003182, 25.911872000023536], [-80.24037199997443, 25.911928999927163], [-80.24009900016296, 25.911938000292174], [-80.23811099969312, 25.911988999923558], [-80.23612200029667, 25.912027000363363], [-80.23553999979039, 25.91205000019832], [-80.23439999996562, 25.912082000382828], [-80.23408799979606, 25.912097999663807], [-80.23360999994519, 25.91210200008974], [-80.23277600044216, 25.91212600021835], [-80.2320059996149, 25.91216000019018], [-80.23165099978766, 25.91214200030139], [-80.23112100005822, 25.912170000037438], [-80.22999100027918, 25.912189000229706], [-80.22945800017672, 25.912202000189378], [-80.22846399994178, 25.912236999638633], [-80.22807399995446, 25.912244999672875], [-80.22797299967212, 25.912247999786597], [-80.22797600004516, 25.912307000121984], [-80.22798100006803, 25.91248799974779], [-80.22672300024247, 25.913521000210167], [-80.22391999963784, 25.915821999704637], [-80.2236779997885, 25.916020999698617], [-80.22362400026016, 25.91606599995521], [-80.22340199960396, 25.91625300029888], [-80.22334100040294, 25.916303999680057], [-80.22296700030913, 25.91661800008936], [-80.22121300019101, 25.91808899967486], [-80.2207050002029, 25.91851499959964], [-80.22000300004599, 25.91910500016236], [-80.21384600008926, 25.924270000229512], [-80.2124479996233, 25.925441999827406], [-80.21225299962961, 25.925606000231387], [-80.21211899973532, 25.92571800008056], [-80.21182300035763, 25.92596999995799], [-80.2117299995729, 25.926048000272523], [-80.21124000002644, 25.92646300008367], [-80.21089900044291, 25.926749999972433], [-80.2103920002797, 25.927163000181935], [-80.20989400033733, 25.927579999652785], [-80.20951500022065, 25.927896999635056], [-80.20930500015835, 25.928073000314726], [-80.20900899988234, 25.928323999833243], [-80.20892900041473, 25.92839099994905], [-80.20878799994942, 25.928509999952343], [-80.20860300000149, 25.92866500023127], [-80.20844399999282, 25.928799000037085], [-80.20844099961977, 25.928873000238337], [-80.20846499990922, 25.929243999902692], [-80.20844999984061, 25.929460000177567], [-80.20850699974201, 25.93052499979473], [-80.20854699992499, 25.931183000316274], [-80.20857899971203, 25.931414000014726], [-80.20655199978245, 25.93150299992456], [-80.2061819998866, 25.931528000286544], [-80.20593199964134, 25.931545000303455], [-80.20513400012331, 25.931577000043525], [-80.20507999969664, 25.93162200001671], [-80.2050119999246, 25.931680000208154], [-80.20483000034969, 25.93183199993366], [-80.20450800013442, 25.932102999877316], [-80.20448300002006, 25.93212300022704], [-80.2031349997828, 25.93325900030106], [-80.20312200026234, 25.933280999904238], [-80.20309100030019, 25.933334000253318], [-80.20303900042165, 25.93345300011196], [-80.2030140003073, 25.93353100032067], [-80.2030009998885, 25.93357600035544], [-80.20297599977415, 25.933702000038238], [-80.20297999997211, 25.93327299968181], [-80.20297999997211, 25.933228999660503], [-80.20298099979703, 25.93317200036122], [-80.20298099979703, 25.932945999920218], [-80.20298199962194, 25.93289300020445], [-80.20294099961406, 25.932930000237192], [-80.20032000038094, 25.93514499976132], [-80.19956299997249, 25.935770000017538], [-80.19899399988499, 25.936218999822334], [-80.19854600017133, 25.93656799999091], [-80.19818700014615, 25.93683700015366], [-80.19767900015803, 25.93712600001043], [-80.19737000036153, 25.93730600020862], [-80.1968110003198, 25.937575000301802], [-80.19359299961347, 25.93875299973915], [-80.19345200004648, 25.93880099964063], [-80.1929039998754, 25.939080000346785], [-80.19230600037392, 25.93943900007469], [-80.19171800001986, 25.939856999794596], [-80.18988799973376, 25.94143099985471], [-80.19014600037492, 25.941417999887484], [-80.19067199990639, 25.94136399988405], [-80.19141699972097, 25.941353000029917], [-80.19183000017284, 25.941333999691942], [-80.1922429997264, 25.94134300023506], [-80.19284199995111, 25.941470999806945], [-80.1930090003557, 25.941546000185674], [-80.19305100018848, 25.94156499968166], [-80.19309100037144, 25.941582999924112], [-80.19317099983908, 25.941619000400753], [-80.19318900028075, 25.941627000056396], [-80.19352200036667, 25.9418110000643], [-80.19380100002593, 25.942008999742942], [-80.19428100042495, 25.94242199978011], [-80.19470999987205, 25.942703000084542], [-80.19514400024032, 25.94288299983816], [-80.19594099993343, 25.942912999635706], [-80.19657000029537, 25.942885999979822], [-80.19693400034345, 25.942871000078565], [-80.19772900038674, 25.942840000222713], [-80.19776799984648, 25.9428410002703], [-80.19801899991666, 25.942830999794], [-80.19902400002223, 25.942787000111526], [-80.20000300018853, 25.94273399997645], [-80.20108600011191, 25.942696999791856], [-80.20111299987609, 25.943491000328667], [-80.20113700016553, 25.944101000177447], [-80.20115200023415, 25.944193000304168], [-80.2011699997775, 25.94491099980743], [-80.20121499998334, 25.945621000395853], [-80.20123199970178, 25.94634000009574], [-80.20127400043289, 25.947076999654765], [-80.20130600021994, 25.947780000068168], [-80.20136099957321, 25.948535000294758], [-80.20139400008348, 25.949237000087326], [-80.20140300030432, 25.94998199998726], [-80.20143599991627, 25.95149700034601], [-80.20144799961184, 25.952229000094754], [-80.20145299963472, 25.952915000278427], [-80.20147600009925, 25.953625000257265], [-80.20148500032009, 25.953945000281177], [-80.20149700001565, 25.954357999647094], [-80.20149199999278, 25.955050000010807], [-80.2015289998027, 25.955748999910714], [-80.20155899993993, 25.95736400009349], [-80.20050199995582, 25.957442999735484], [-80.20001200040937, 25.95746499966724], [-80.19965300038417, 25.957481000055584], [-80.19932299977296, 25.95749699963406], [-80.19839899985824, 25.95753899962779], [-80.19767499996007, 25.957542000203684], [-80.19799200015245, 25.958444999651345], [-80.19802800013747, 25.958524000183115], [-80.198444999889, 25.959432999613142], [-80.19848900026993, 25.95964800034777], [-80.19856399971468, 25.959916000382886], [-80.1985999996997, 25.960217999642936], [-80.1986139999434, 25.96052400014059], [-80.19853000027781, 25.96101999989054], [-80.19851199983616, 25.96112699971878], [-80.19849299956958, 25.961181000350003], [-80.19828900025338, 25.961748999714864], [-80.19816500040483, 25.96223299974603], [-80.19814000029046, 25.96281600027918], [-80.1981360000925, 25.962918999773866], [-80.19812600004677, 25.963160999651212], [-80.19813000024473, 25.96424000033962], [-80.1981550003591, 25.964532000368887], [-80.19818200012327, 25.9656590000501], [-80.19824999989532, 25.967482000374673], [-80.198268000337, 25.968079000023334], [-80.19827800038273, 25.96886299988571], [-80.19829799957591, 25.96953900019939], [-80.19833100008618, 25.97024400014428], [-80.1983679998961, 25.97093299972965], [-80.19829199972811, 25.971528000023802], [-80.19828900025338, 25.97154899994119], [-80.19827099981171, 25.971689999635487], [-80.19812000019898, 25.97224000036153], [-80.19807099979519, 25.97236599985449], [-80.19805400007675, 25.97241299998331], [-80.19802800013747, 25.97259300033729], [-80.19802099956648, 25.97299500034869], [-80.19802899996239, 25.97303299968404], [-80.19875799988344, 25.97300999964148], [-80.19970600008762, 25.97297899964726], [-80.20094899984456, 25.972939999695008], [-80.20168000031376, 25.972919000025957], [-80.20183199975139, 25.972912999658373], [-80.20208299982157, 25.97290499970614], [-80.20229000040912, 25.972899000145414], [-80.20244299967167, 25.972894000376634], [-80.20287299984199, 25.972880000053816], [-80.20322900039244, 25.97286700032943], [-80.20398500007768, 25.97284299965414], [-80.20447899982211, 25.97277100002167], [-80.20559500025577, 25.972723000242183], [-80.20601000035747, 25.97268000022124], [-80.2062189996965, 25.97264699974372], [-80.2072799998786, 25.97255299965432], [-80.21015799992797, 25.97245200011029], [-80.2103200003097, 25.9724449999228], [-80.21198499984102, 25.97239600021379], [-80.2125460004309, 25.972385000029085], [-80.21293300004518, 25.97240700039748], [-80.2134760001934, 25.97244000013472], [-80.21382000014998, 25.97244000013472], [-80.21402900038737, 25.97242499996164], [-80.21425600016809, 25.97239600021379], [-80.21484600017195, 25.972334999690517], [-80.21720199998953, 25.972284000340814], [-80.21953600006577, 25.972241000159325], [-80.22281999999602, 25.972316000315406], [-80.22312200011982, 25.97232599990186], [-80.22397200041469, 25.972322999703], [-80.2244800004028, 25.972322999703], [-80.22462900036572, 25.972317000112568], [-80.2250000000865, 25.972304000325956], [-80.22555800030332, 25.972297999926965], [-80.22697199976449, 25.972281999938325], [-80.22781000036382, 25.972273000145623], [-80.22864300004193, 25.972254999750618], [-80.22949499998663, 25.97223399995928], [-80.22958600022322, 25.97223200036352], [-80.22968499995744, 25.97223300016142], [-80.22975899957726, 25.972234999757152], [-80.22991500011119, 25.972228000364318], [-80.22997700003549, 25.972226999758803], [-80.23007599976968, 25.97222599996089], [-80.23016299980831, 25.972225000162926], [-80.23068300039031, 25.9722160003659], [-80.23140300009054, 25.97217499975632], [-80.2321040004225, 25.972136000345074], [-80.2334490002867, 25.972112000328213], [-80.2342099999948, 25.972097999912318], [-80.23504900041902, 25.972081999896467], [-80.23805700016476, 25.972028000230644], [-80.24356100036843, 25.971929999637197], [-80.24642599999903, 25.97187900011188], [-80.24646799983182, 25.971878000311005], [-80.24653399995405, 25.97187699970251], [-80.24659599987835, 25.971875999901606], [-80.24663900043434, 25.971875999901606], [-80.24671499970403, 25.97187500010068], [-80.24676300028291, 25.971874000299767], [-80.2469239999414, 25.971870000288366], [-80.24697099979706, 25.971868999679806], [-80.24703899956911, 25.971866000276872], [-80.2478670001227, 25.971834999981123], [-80.24814300030721, 25.97182500035289], [-80.24826499960764, 25.97181999973087], [-80.2486350004018, 25.971806000087813], [-80.24875800042545, 25.971802000074106], [-80.25103800007503, 25.97171399973845], [-80.25787799992207, 25.971453999977353], [-80.26015900029489, 25.971367999799437], [-80.26048700035795, 25.97135599971326], [-80.26056600000067, 25.97135300029721], [-80.26179000038937, 25.97131700003045], [-80.26219799992003, 25.971305999744843], [-80.26225399999655, 25.97130400013331], [-80.26234000021027, 25.97130199971414], [-80.26242499970077, 25.971300000102527], [-80.26248199960217, 25.971299000296728], [-80.2625679998159, 25.971296000071636], [-80.2628280001069, 25.971289999621234], [-80.26291500014554, 25.97128800000943], [-80.26601999997564, 25.97122500010624], [-80.2753389996639, 25.971037000002216], [-80.27844500021723, 25.97097499977315], [-80.27850799996642, 25.970973000155993], [-80.278555999647, 25.970973000155993], [-80.27866600015015, 25.97096999992259], [-80.27869999958705, 25.970969000113953], [-80.27873800012019, 25.970969000113953], [-80.27876400005945, 25.970968000305344], [-80.27843599999639, 25.970834000029328], [-80.2783949999885, 25.968146000134368], [-80.27827000031503, 25.96484300025862], [-80.27826600011707, 25.964571999741143], [-80.2782610000942, 25.96419400004209], [-80.27825600007134, 25.96372999982819], [-80.27844699986704, 25.96218100017189], [-80.2784219997527, 25.961390000166357], [-80.27839599981343, 25.961175000191346], [-80.27843199979843, 25.960947000397244], [-80.27833100041441, 25.958444999651345], [-80.27831200014784, 25.95775800027535], [-80.27831999964543, 25.956475000282555], [-80.27821699971327, 25.954330000242408], [-80.27820900021568, 25.954171999957506], [-80.27820599984261, 25.953924999598424], [-80.27812300000194, 25.952603000403208], [-80.27809399968963, 25.95191500007583], [-80.27811100030638, 25.951627000135005], [-80.27809100021489, 25.951277000189638], [-80.2780629997275, 25.950833000340268], [-80.27804799965888, 25.9505729996729], [-80.27799099975746, 25.94988099964714], [-80.27787399958162, 25.94879299981437], [-80.27785699986316, 25.948366000302958], [-80.27782699972593, 25.9476760002428], [-80.27779199956585, 25.946961999878233], [-80.2777670003498, 25.946592000291872], [-80.27775399993101, 25.946013000258617], [-80.27773399983951, 25.945474000009927], [-80.27770200005247, 25.94487300027645], [-80.2776760001132, 25.94437000010001], [-80.27767199991524, 25.94428100021767], [-80.27764599997596, 25.943701000090293], [-80.27762199968653, 25.94312799984609], [-80.27760900016605, 25.9428299997463], [-80.27758599970151, 25.942303000095926], [-80.2775849998766, 25.94195099978995], [-80.27754600041685, 25.941594999814928], [-80.27752999962502, 25.941184000232308], [-80.2775279999752, 25.941132000245805], [-80.27751799992944, 25.940972999958227], [-80.27748100011954, 25.940370999805317], [-80.27744699978433, 25.93968800027395], [-80.27740599977646, 25.939105999988044], [-80.27735999974571, 25.938554000157815], [-80.2773520002481, 25.938209999845068], [-80.2773239997607, 25.937857000142387], [-80.2772879997757, 25.93712399981819], [-80.27729299979856, 25.936436000338073], [-80.27721499998074, 25.93533299983808], [-80.2771899998664, 25.934988999813655], [-80.27718599966845, 25.93486999989074], [-80.27718300019369, 25.934762000318287], [-80.27717899999573, 25.93472899971109], [-80.27716399992713, 25.934589999598], [-80.27697899997919, 25.93100499994595], [-80.27683699968897, 25.928096000251013], [-80.27679900005414, 25.92725399962273], [-80.27677599958962, 25.926621999756513], [-80.27671399966533, 25.925523000267265], [-80.27672100023634, 25.9253089996327], [-80.27672799990903, 25.925127000101085], [-80.27887000036466, 25.92516800013107], [-80.27985799985348, 25.92524600016845], [-80.28132699956625, 25.92536699969962], [-80.28472600002253, 25.92528000039645], [-80.2893769995583, 25.925149999804383], [-80.29317400039784, 25.92502399986431]]]}}, {"type": "Feature", "properties": {"name": "Miami Lakes", "geoid": "1245100", "county": "miamidade"}, "geometry": {"type": "Polygon", "coordinates": [[[-80.34971099993987, 25.927919000239335], [-80.34970699974191, 25.927827999696234], [-80.34968599982552, 25.927354999976263], [-80.34968500000062, 25.927329000165503], [-80.34968400017569, 25.927297000079783], [-80.3495080004486, 25.92321599976694], [-80.3494659997175, 25.922154999628727], [-80.34940200014341, 25.92055299963261], [-80.34923899993677, 25.91644099980965], [-80.34923499973881, 25.91633099977129], [-80.34920600032481, 25.915624999931982], [-80.34919200008112, 25.91526200005488], [-80.34909699964656, 25.913614000269284], [-80.34908300030118, 25.913380999835173], [-80.3489100000488, 25.91285599997864], [-80.34889699963, 25.912053999817864], [-80.34887900008667, 25.911474000240442], [-80.34883399988081, 25.910588000082505], [-80.3487760001545, 25.910032999832392], [-80.34873199977356, 25.909133999865208], [-80.34870800038244, 25.908420000279676], [-80.34867300022235, 25.907745999690707], [-80.34850800036591, 25.907088999602223], [-80.34849800032018, 25.90705099999556], [-80.34836900044873, 25.906754999876057], [-80.34823600037934, 25.90642800008439], [-80.34807200034781, 25.906085999651296], [-80.34800600022557, 25.905587000215245], [-80.3477679996759, 25.904749999874056], [-80.34775599998031, 25.9047250002977], [-80.34767999981233, 25.90446200019936], [-80.34768200036048, 25.904451000133324], [-80.347726999668, 25.90418499991345], [-80.34775599998031, 25.904010000313612], [-80.34785700026265, 25.903558000312216], [-80.3479309998825, 25.90337499995503], [-80.34811599983043, 25.902926999874], [-80.34827800021215, 25.902636999820018], [-80.34818899962536, 25.902179999868093], [-80.34803999966243, 25.9017360000673], [-80.34783299997322, 25.9012989997802], [-80.34756600000952, 25.90087400029512], [-80.34724700016729, 25.90047999977962], [-80.3469810000285, 25.900255999708037], [-80.3468110001492, 25.900111000123974], [-80.3465790003456, 25.900131000244393], [-80.34622399962005, 25.900166999644505], [-80.34605999958852, 25.90018000012102], [-80.3459380002881, 25.900178000109968], [-80.34579799964769, 25.90018000012102], [-80.34565299988276, 25.900188000164928], [-80.3456210000957, 25.900184000143042], [-80.34540799966035, 25.90017899971146], [-80.34505299983313, 25.90014599992842], [-80.34455499989075, 25.90002300036199], [-80.34441799962339, 25.89997999965552], [-80.34435900007216, 25.89996400034709], [-80.34369100025047, 25.899691999650273], [-80.34287699994061, 25.899419999942637], [-80.34187799968282, 25.89920099994817], [-80.3414049998548, 25.899159999778586], [-80.34098499973022, 25.899066000025865], [-80.34036600031237, 25.898926999884583], [-80.34004099972401, 25.898909000400778], [-80.33979700022488, 25.898895000171887], [-80.3389269998385, 25.898847000182514], [-80.33516699970718, 25.898753000180424], [-80.33431899996046, 25.89876199993454], [-80.3337380001774, 25.898753000180424], [-80.33369499962139, 25.89876899965306], [-80.33360500010802, 25.898759999899468], [-80.33338699964982, 25.89875100014515], [-80.33176599960109, 25.89875100014515], [-80.32928500011006, 25.89875100014515], [-80.32784099961333, 25.89875100014515], [-80.32744999980109, 25.89875100014515], [-80.32704899994309, 25.89875100014515], [-80.32624399985404, 25.898743999617505], [-80.32463600022413, 25.898749999723492], [-80.32459900041421, 25.898749999723492], [-80.32458099997253, 25.898749999723492], [-80.32452599972095, 25.89875100014515], [-80.32447499966734, 25.89875100014515], [-80.32430499978803, 25.898749999723492], [-80.32426799997809, 25.898749999723492], [-80.32412599968787, 25.89875100014515], [-80.3231909999025, 25.898755999829174], [-80.3219029999397, 25.898763000356144], [-80.3183050001901, 25.898784999931628], [-80.31753299971302, 25.898791000035526], [-80.31623100040484, 25.898799999786753], [-80.31303899963778, 25.898807999924223], [-80.31218599986818, 25.89880399985556], [-80.30989600017284, 25.898807999924223], [-80.30821300019984, 25.898793999683313], [-80.3082020003292, 25.898793999683313], [-80.30723800023151, 25.898797000139123], [-80.30722300016288, 25.89877699979263], [-80.30717200010926, 25.89876800003961], [-80.30703599966682, 25.898778000214058], [-80.30681200025914, 25.89884599976162], [-80.30671500017476, 25.898853999895973], [-80.30651000013536, 25.898849000216106], [-80.30633900043114, 25.898820000129394], [-80.30592699980417, 25.898807999924223], [-80.3056260004036, 25.898820000129394], [-80.30543700025773, 25.898814999640013], [-80.3054149996181, 25.89880399985556], [-80.30541100031844, 25.898774999757777], [-80.30537399961023, 25.89877899982742], [-80.30537100013548, 25.8988090003454], [-80.30531900025694, 25.898818999708297], [-80.30281600012628, 25.89881800009529], [-80.30240900042052, 25.898828000265464], [-80.30235699964368, 25.89881800009529], [-80.30217199969574, 25.89881800009529], [-80.30160400033148, 25.89881800009529], [-80.30155300027785, 25.8988090003454], [-80.30018800032217, 25.898822999776428], [-80.29958900009746, 25.898830000299427], [-80.29942699971575, 25.898820999742387], [-80.29852700009046, 25.89882200016346], [-80.29843000000608, 25.898828000265464], [-80.29824699970798, 25.898828000265464], [-80.29804900023959, 25.898830000299427], [-80.29801400007949, 25.898820000129394], [-80.29634500035019, 25.898834000367213], [-80.29541800006241, 25.898832000333325], [-80.29537299985655, 25.89884100008146], [-80.29518299988577, 25.89884599976162], [-80.29507699958054, 25.898834999980068], [-80.29421100029046, 25.898828999878393], [-80.29342399974477, 25.898834999980068], [-80.29319100011627, 25.898830999912345], [-80.29313099984182, 25.89884100008146], [-80.29309300020698, 25.89884799979528], [-80.29296400033557, 25.898845000148842], [-80.2928899998174, 25.898834000367213], [-80.29267899993019, 25.898826999844456], [-80.29257900037108, 25.898839999660517], [-80.29238600002724, 25.898839999660517], [-80.2922980001637, 25.898839999660517], [-80.29224100026228, 25.898834000367213], [-80.29215000002569, 25.898834999980068], [-80.2920169999563, 25.89884100008146], [-80.29204000042083, 25.899171999947978], [-80.29204000042083, 25.899347000259016], [-80.29206499963688, 25.899958999906154], [-80.29217099994207, 25.902445000177835], [-80.29237000013372, 25.905781000316427], [-80.29251400007377, 25.909864000368753], [-80.29253400016523, 25.910395999645054], [-80.29263500044758, 25.91315200013899], [-80.29264299994517, 25.913325999613512], [-80.29264499959501, 25.913363999622465], [-80.29265100034111, 25.913483000251794], [-80.29281799984737, 25.9169629998709], [-80.2928479999846, 25.917578000209655], [-80.2928479999846, 25.9177829996097], [-80.2929259998024, 25.919475999871], [-80.2929400000461, 25.919755000280908], [-80.29301799986392, 25.92118300006782], [-80.29300699999325, 25.92151800036443], [-80.29306399989467, 25.923249999772583], [-80.29312300034421, 25.92467900024319], [-80.29317400039784, 25.92502399986431], [-80.29359600017222, 25.925017000088122], [-80.29402200014458, 25.924985000182584], [-80.29725900021916, 25.924767000190972], [-80.30473400027594, 25.92472399961876], [-80.30939400003253, 25.924670000042845], [-80.31179400023102, 25.924688999836604], [-80.31314400011809, 25.92467599963788], [-80.31852199992508, 25.92459599962628], [-80.31956800003852, 25.924559000208507], [-80.3200659999809, 25.92452499977251], [-80.32018700035472, 25.924500000348626], [-80.32054999967957, 25.92444999986913], [-80.32098300022294, 25.92436299988913], [-80.32125100001154, 25.924306999738008], [-80.32140599982223, 25.92425500038179], [-80.32186100010689, 25.92410600039036], [-80.32237300029297, 25.923854999968057], [-80.3225149996849, 25.923780999847747], [-80.32269999963282, 25.92366700016106], [-80.32303199989383, 25.923458999853327], [-80.3231699999861, 25.92332899967656], [-80.32330300005547, 25.92321299993229], [-80.32376400018794, 25.922788999645075], [-80.32420900042686, 25.922244000067423], [-80.32426700015318, 25.922133999787775], [-80.32470800019415, 25.92129200019648], [-80.32486600037788, 25.920882999741835], [-80.3250439997548, 25.921118000358227], [-80.32530700041886, 25.92168400021898], [-80.32531400009155, 25.922137999873183], [-80.32532199958916, 25.922615000400608], [-80.32534099985573, 25.923358999605803], [-80.32534400022877, 25.923492999788873], [-80.32534699970351, 25.92360699964387], [-80.3253519997264, 25.923817000108592], [-80.32537099999297, 25.92459599962628], [-80.32540299978, 25.925244999971518], [-80.32540600015307, 25.92531799978426], [-80.32543100026741, 25.925819000134585], [-80.32544299996297, 25.92605899993984], [-80.32546200022955, 25.926446000141503], [-80.3254449996128, 25.926756000269467], [-80.32540899962778, 25.927438999636454], [-80.32555900031393, 25.927619000091614], [-80.32570900010175, 25.927800999814544], [-80.32592599983674, 25.928078999736538], [-80.32622100028783, 25.927971000402703], [-80.32649499992422, 25.927883999790193], [-80.32700200008742, 25.927831000221293], [-80.33033200004843, 25.92781899973635], [-80.33362100000153, 25.927853000029973], [-80.33442199989263, 25.92787200011853], [-80.33612800033016, 25.927896999635056], [-80.33677799971018, 25.9278829996156], [-80.33822100038199, 25.92791199982716], [-80.33929400025963, 25.92791099965285], [-80.33962800017046, 25.92792999973202], [-80.34002300018068, 25.927934999794886], [-80.34041300016801, 25.927938999683416], [-80.340918999608, 25.927924000302625], [-80.34110399955593, 25.92792499966896], [-80.34160499987134, 25.927925999843183], [-80.34176600042814, 25.927928000191574], [-80.3431160003152, 25.927937000143125], [-80.34492800015964, 25.927937000143125], [-80.34573499989853, 25.927937000143125], [-80.34612200041111, 25.927937000143125], [-80.34702399968621, 25.92793800031722], [-80.34971099993987, 25.927919000239335]]]}}, {"type": "Feature", "properties": {"name": "Miami Shores", "geoid": "1245175", "county": "miamidade"}, "geometry": {"type": "Polygon", "coordinates": [[[-80.20879299997227, 25.88016999964382], [-80.20879299997227, 25.88015700019632], [-80.20879100032246, 25.880115999877784], [-80.2087660002081, 25.87926099988761], [-80.20874399956848, 25.878658000094582], [-80.20873400042106, 25.878368000222338], [-80.20871500015448, 25.878368000222338], [-80.20871199978143, 25.878343999693787], [-80.20870699975855, 25.878224000210736], [-80.20867300032168, 25.877448999973215], [-80.20860200017657, 25.876598999888344], [-80.20859899980353, 25.876558999752653], [-80.20823200028072, 25.876574999808554], [-80.20619600013029, 25.876643999822722], [-80.20302699982778, 25.876763000302983], [-80.20264199986332, 25.876772999916778], [-80.20263799966536, 25.87674800007245], [-80.20262299959673, 25.87666200027663], [-80.2025499998018, 25.875064000122645], [-80.20254800015198, 25.874936000402208], [-80.20245699991537, 25.873107000063804], [-80.2024169997324, 25.87215899993637], [-80.20237999992248, 25.8712650000804], [-80.20235800018118, 25.869437000159287], [-80.20186699991152, 25.869448000254888], [-80.20184900036814, 25.86943100018018], [-80.20177200037526, 25.868701000180323], [-80.20176200032952, 25.867945999621618], [-80.20172899981924, 25.867225999760713], [-80.2017110002759, 25.86651199968205], [-80.20169000035949, 25.865794999653176], [-80.20165199982634, 25.864959999898463], [-80.2016190002144, 25.864157000146463], [-80.20157400000853, 25.863250999787667], [-80.20157599965836, 25.86297399981107], [-80.20153800002352, 25.86213799960195], [-80.20234099956443, 25.862112999894293], [-80.20256200039567, 25.86209800022884], [-80.20309399977494, 25.86209299980105], [-80.20353399999098, 25.862055000261215], [-80.20356400012822, 25.861886000011218], [-80.20352399994525, 25.86100699984117], [-80.2034860003104, 25.860186000179972], [-80.20345500034828, 25.859256999683694], [-80.20340000009668, 25.85832899992596], [-80.20257599974109, 25.858368999766085], [-80.20138800023571, 25.85840199990695], [-80.19939599956788, 25.858459999715745], [-80.19869799960898, 25.858490999922452], [-80.19728999999559, 25.858524000029245], [-80.19728599979763, 25.8582720000091], [-80.19717500036788, 25.85816099996453], [-80.19691900027483, 25.85816699970744], [-80.19687200041915, 25.85809800022057], [-80.19525899986803, 25.85814299992563], [-80.19377199971362, 25.858184999742686], [-80.19369700026887, 25.858101000093665], [-80.19330700028151, 25.85811700022389], [-80.19322500026577, 25.858122999969023], [-80.19320199980122, 25.858125999841455], [-80.19313700040222, 25.858130999628724], [-80.19307600030285, 25.858130999628724], [-80.19268499959229, 25.85815100039235], [-80.19267399972162, 25.85815500022133], [-80.1926159999953, 25.8582160000215], [-80.19118099971942, 25.858264000358943], [-80.18912299982769, 25.85832999988169], [-80.18709900027113, 25.858411000311218], [-80.18708099982948, 25.857937999603635], [-80.18700800003455, 25.857010999967414], [-80.1874480002506, 25.85606899990733], [-80.187870000025, 25.855102000043527], [-80.18732600005187, 25.855121999702853], [-80.1871510001497, 25.855125999634282], [-80.1871090003169, 25.855127999599954], [-80.18697399969936, 25.8551320003396], [-80.18691799962288, 25.855135000287962], [-80.18633099999202, 25.855154999941654], [-80.1854620003289, 25.855171999644643], [-80.1849059997619, 25.85518700018896], [-80.18443999960658, 25.855197999994086], [-80.1844610004213, 25.85603899984906], [-80.18447599959157, 25.8564200002664], [-80.1839700001516, 25.856432999900424], [-80.18398000019735, 25.85682199960473], [-80.18400399958847, 25.85769800029316], [-80.18296099984808, 25.85772400008706], [-80.1821890002693, 25.857746999993235], [-80.180957000383, 25.85778300018888], [-80.18098999999496, 25.858589000261684], [-80.18100000004071, 25.85874999994971], [-80.1810200001322, 25.859057000233282], [-80.1789220000575, 25.859116999618944], [-80.17693199993782, 25.85915400015452], [-80.17623099960586, 25.859143999857963], [-80.17580800000657, 25.859156000052064], [-80.17571599994506, 25.859158999898273], [-80.17175099977433, 25.85928599978612], [-80.17118699970972, 25.859291000332664], [-80.17120099995343, 25.859715999939954], [-80.16797300009966, 25.859569999939023], [-80.16281000037785, 25.859486999603398], [-80.16174199962477, 25.859476000197343], [-80.15270599979372, 25.859476000197343], [-80.14781599988336, 25.859480999927513], [-80.14746799972882, 25.861573000230162], [-80.14577100041042, 25.87165099993674], [-80.14547000011154, 25.87271000032406], [-80.14683800044028, 25.872681000282647], [-80.15580499977604, 25.87256300037518], [-80.16257600002612, 25.872706000179416], [-80.16454900042734, 25.872673999825636], [-80.16630099999732, 25.872604000082386], [-80.16824099988828, 25.87252699983195], [-80.17227899985394, 25.87236700015876], [-80.17357600003756, 25.87231399989594], [-80.17373000002334, 25.87472899967046], [-80.17389300022997, 25.874708000278805], [-80.1742260003159, 25.874668000311036], [-80.17449900012738, 25.874612999828074], [-80.1748539999546, 25.874557000309313], [-80.1752819995768, 25.87445600001325], [-80.1757050000744, 25.874307999991622], [-80.1761269998488, 25.87418900027118], [-80.17668000004275, 25.874064999701396], [-80.17694000033374, 25.87402299986999], [-80.17716000044179, 25.873998000251937], [-80.17751299972088, 25.873964999616398], [-80.17841999991717, 25.873935999883066], [-80.17846500012301, 25.873935000059355], [-80.17862900015453, 25.873929000308685], [-80.17977599965202, 25.873890999725337], [-80.1807160003586, 25.87385799986818], [-80.18123600004226, 25.873830999757757], [-80.1815769996258, 25.873812999680705], [-80.18179199971097, 25.873803999641165], [-80.18200799962104, 25.87379600023408], [-80.1823859999128, 25.873783000085076], [-80.1833220004214, 25.873751000023017], [-80.18574199981306, 25.873668999773948], [-80.18778200016145, 25.87356099993073], [-80.1897439997937, 25.873487999614092], [-80.18973600029611, 25.873074999818634], [-80.19052299994347, 25.873058000265818], [-80.19136700039057, 25.873035000106213], [-80.19219099984785, 25.873007999807694], [-80.1930090003557, 25.872984999638334], [-80.1938410002089, 25.872931999652756], [-80.19385899975225, 25.873335000044147], [-80.19389499973727, 25.874320000262436], [-80.19391900002671, 25.874657999710774], [-80.19389999976015, 25.875276999949868], [-80.19394699961579, 25.87611899979099], [-80.1940090004384, 25.87676099989519], [-80.19402699998173, 25.876990999692865], [-80.19402699998173, 25.877081999851132], [-80.19403899967732, 25.877393999976928], [-80.1940730000125, 25.878027999688314], [-80.1941369995866, 25.87922399999031], [-80.19414599980745, 25.879546000302692], [-80.1941790003177, 25.880308000280795], [-80.19418400034057, 25.880389000193013], [-80.19418400034057, 25.880748999759412], [-80.1941859999904, 25.88081799975975], [-80.19481299980421, 25.880785000221447], [-80.19490999988858, 25.880779999776266], [-80.19558699993111, 25.880745999653055], [-80.19574900031282, 25.88075199986567], [-80.19587900000916, 25.880744999887], [-80.19624300005722, 25.88072900039599], [-80.19700600031345, 25.880693999683384], [-80.19813799974234, 25.88060699976067], [-80.19823900002467, 25.8806039996507], [-80.20030399958908, 25.880532000221745], [-80.20229899973164, 25.880442000065607], [-80.20435599979845, 25.880380999615458], [-80.20636299963657, 25.88029700038819], [-80.20840100033512, 25.880181000356448], [-80.20871299960635, 25.880182999898125], [-80.20879299997227, 25.88016999964382]]]}}, {"type": "Feature", "properties": {"name": "Miami Springs", "geoid": "1245200", "county": "miamidade"}, "geometry": {"type": "Polygon", "coordinates": [[[-80.306048000178, 25.839091000076895], [-80.30604300015513, 25.838878999843736], [-80.30603999978207, 25.838765999949455], [-80.30600999964484, 25.838504000251604], [-80.30599600029946, 25.838381000372333], [-80.3059350002001, 25.837851999664057], [-80.30593000017723, 25.837656000109412], [-80.3059209999564, 25.83730100012256], [-80.3059150001086, 25.83709100018696], [-80.30589099981916, 25.83616700008522], [-80.30588999999426, 25.835259000033638], [-80.30583499974267, 25.834353999958626], [-80.3058160003744, 25.833449000239504], [-80.30580899980339, 25.832542999894343], [-80.30575600009996, 25.831653999739306], [-80.3057460000542, 25.83073600036497], [-80.30572699978764, 25.829847999770738], [-80.30570800041937, 25.828930000134932], [-80.30568900015278, 25.828022000351286], [-80.30565999984049, 25.827114000071354], [-80.30562300003055, 25.826204999876776], [-80.305611000335, 25.82529599997982], [-80.30557600017488, 25.824386000138148], [-80.30556100010628, 25.823478999713355], [-80.30553599999192, 25.822571000168452], [-80.30546700039494, 25.820755999869554], [-80.3054430001055, 25.819764999754774], [-80.30542300001402, 25.818941000052728], [-80.30540899977032, 25.818369000118736], [-80.30538100018123, 25.817376999942628], [-80.30534500019621, 25.816361999683053], [-80.30531400023408, 25.815311000258827], [-80.30529900016545, 25.814326000214347], [-80.30523399986812, 25.81218600019183], [-80.3052740000511, 25.81184600021902], [-80.30528699957158, 25.811735000287765], [-80.3052949999675, 25.81167000019228], [-80.30496799972936, 25.811668000300767], [-80.3033380003581, 25.81167599986668], [-80.3023030001153, 25.811677000216722], [-80.30130800005549, 25.811665999600493], [-80.29929399964635, 25.81165600014219], [-80.2972979996789, 25.81166199981726], [-80.29527199957423, 25.811675000325323], [-80.29330499991909, 25.811649999658073], [-80.29248700030959, 25.811672999625173], [-80.2917290000762, 25.811672999625173], [-80.29097099984283, 25.811672999625173], [-80.28928600022002, 25.811679000108096], [-80.28928000037222, 25.810785000009375], [-80.28920900022712, 25.809009000217827], [-80.28920500002916, 25.80889600011615], [-80.28919699963325, 25.808305000283184], [-80.28919499998341, 25.808170000055508], [-80.28919499998341, 25.80809899976623], [-80.28919599980831, 25.80792400021556], [-80.28916999986906, 25.807599000248754], [-80.28763300038423, 25.807631999992427], [-80.28502899997123, 25.80772399971938], [-80.28378399966616, 25.80776399968389], [-80.28091999986047, 25.80787199976318], [-80.27972700033224, 25.80791199967773], [-80.27865399955628, 25.80794799967015], [-80.2775780002039, 25.807996000182143], [-80.2767060001677, 25.808026000290095], [-80.27647400036413, 25.808036000054813], [-80.275373999824, 25.8080649997721], [-80.27406300029497, 25.808128000276795], [-80.27270300036216, 25.808164000203597], [-80.27164100035519, 25.808196999789885], [-80.27064799994518, 25.808226999846923], [-80.26961600007542, 25.80824799972061], [-80.26887100026084, 25.808262999743633], [-80.26858300038074, 25.808185999659248], [-80.26804699990524, 25.80815100011897], [-80.2671229999905, 25.80813299975061], [-80.266333999795, 25.808156999971565], [-80.26549100007114, 25.8081799998081], [-80.26500800019735, 25.80819200031878], [-80.26479899996001, 25.808151999690054], [-80.26478600043951, 25.80813800003294], [-80.26475399975415, 25.808041000341234], [-80.26475100027942, 25.807932000034313], [-80.26470600007357, 25.80649799963555], [-80.26469699985273, 25.80620500035419], [-80.2646790003094, 25.805629000394507], [-80.264650999822, 25.80475799962455], [-80.264574999654, 25.80475599961636], [-80.26448299959249, 25.804753999608096], [-80.26441099962248, 25.80475199959983], [-80.26431899956097, 25.804750000400244], [-80.26419200023768, 25.804746999983376], [-80.26322499976693, 25.804783000128666], [-80.26290199972675, 25.80479500017468], [-80.26285999989395, 25.803810999645563], [-80.26285300022126, 25.803591999626846], [-80.26285200039635, 25.803485999719847], [-80.26337399972985, 25.803472000320166], [-80.26418600038988, 25.80346200017026], [-80.26429599999474, 25.80344300028752], [-80.26429599999474, 25.803418000309446], [-80.26426199965957, 25.80287799965766], [-80.26192900030654, 25.803124999882233], [-80.26088300019308, 25.80320200002051], [-80.26019699992972, 25.803449000378496], [-80.25968200026892, 25.803758000206237], [-80.25921899958831, 25.80428300036674], [-80.25892700040859, 25.804730999915286], [-80.25879000014125, 25.805163000186525], [-80.25879199979107, 25.805281999803], [-80.25929700030444, 25.805669000257506], [-80.26189499997135, 25.80759799986428], [-80.26212799959985, 25.807772000322142], [-80.26232799961639, 25.807943000188537], [-80.26236000030175, 25.807969999974606], [-80.26240100030964, 25.808005000377058], [-80.26259600030332, 25.80813400013058], [-80.26289099985608, 25.808298000059526], [-80.26284599965024, 25.808326000143055], [-80.2626730002962, 25.808437000033585], [-80.26209599981279, 25.808448999709537], [-80.2620260003909, 25.808455000355746], [-80.26187200040513, 25.808467999598303], [-80.2621379996456, 25.808661000253753], [-80.26245200036325, 25.80891699987123], [-80.26300100035927, 25.809344000014704], [-80.26331799965334, 25.809573000359148], [-80.26395200003815, 25.810046999881166], [-80.26430600004049, 25.810318000310073], [-80.26446800042218, 25.810443000146808], [-80.2646669997155, 25.810594999848206], [-80.26494000042528, 25.810793999992423], [-80.26497300003726, 25.810804999880943], [-80.26567099999619, 25.81136400022167], [-80.26715099957961, 25.81245899964916], [-80.26764100002435, 25.812828999988906], [-80.26773399991077, 25.812923999933407], [-80.2696019998317, 25.814302999953718], [-80.27106100039705, 25.815425000220284], [-80.27145399985912, 25.81572699975806], [-80.27277199995913, 25.816702999939075], [-80.27286200037082, 25.81676400008768], [-80.2729729998006, 25.816804000234335], [-80.27307200043312, 25.81689300000677], [-80.27314400040312, 25.816955999859783], [-80.27319499955844, 25.81701199997056], [-80.27330800043467, 25.817106999794632], [-80.27435500037302, 25.817866999687233], [-80.27439100035804, 25.81790100010261], [-80.27523699955665, 25.818513000249222], [-80.27577800005504, 25.818903999877627], [-80.27585900024589, 25.81896799975796], [-80.27667900040353, 25.819557000001986], [-80.27773700021257, 25.820390000332022], [-80.27818400010132, 25.820724000012568], [-80.27853899992856, 25.820948999910264], [-80.27908999957437, 25.82134000039022], [-80.2793389999947, 25.82152400031203], [-80.27943500025418, 25.821636000229905], [-80.27949999965321, 25.821672000094377], [-80.27959400026285, 25.821703000238454], [-80.27966799988269, 25.8217580002654], [-80.28009499967995, 25.822114999686896], [-80.28019500013738, 25.822179999710368], [-80.28033400005454, 25.822294999788873], [-80.28048399984239, 25.82236200023312], [-80.2805419995687, 25.822403999816405], [-80.2805979996452, 25.822494999940616], [-80.2806329998053, 25.822531000352537], [-80.28100500024928, 25.822804999669902], [-80.28107800004423, 25.82285100011877], [-80.28146100035886, 25.823141999766907], [-80.28164899978152, 25.82329599984707], [-80.28184299995029, 25.823455000171172], [-80.28215599994473, 25.823675000104817], [-80.28223200011271, 25.823722999903676], [-80.28262499957478, 25.82403900031751], [-80.28341600031843, 25.824635999902924], [-80.28349699961099, 25.824716999956053], [-80.28378100019141, 25.82491999996556], [-80.28384700031366, 25.824968000068278], [-80.28401700019297, 25.82509599970798], [-80.28425800021739, 25.82527799979128], [-80.28439700013458, 25.825397000223198], [-80.28478700012191, 25.825672999840336], [-80.28551900041602, 25.82624900016792], [-80.28555799987573, 25.82627199972553], [-80.28595100023614, 25.8265769997647], [-80.28666300043876, 25.827097999790258], [-80.28670600009646, 25.82711800014128], [-80.28673200003573, 25.827148999668008], [-80.28711799982511, 25.82746300020688], [-80.28727299963582, 25.827579999628124], [-80.28788699992913, 25.827999999728686], [-80.28842099985653, 25.82837800008134], [-80.28860300032972, 25.82852900000461], [-80.28867199992668, 25.828572000033205], [-80.28908299983041, 25.828864999774563], [-80.2894259999621, 25.829121000191222], [-80.28950100030517, 25.82918599960245], [-80.2895459996127, 25.829224000000515], [-80.28957599974991, 25.829255999985833], [-80.28971399984219, 25.829358999677652], [-80.28992899992734, 25.829508000376396], [-80.29008399973803, 25.829616000033017], [-80.29018900021833, 25.829702000093395], [-80.29025600016548, 25.829756999638565], [-80.29039300043284, 25.829847999770738], [-80.29087200010864, 25.83020499986254], [-80.29101400039886, 25.830301999998163], [-80.29121600006523, 25.830481000398155], [-80.29149899992245, 25.83064500010692], [-80.29189300010773, 25.83093700018942], [-80.29242899968494, 25.83134899984479], [-80.29247499971571, 25.831365999734988], [-80.29304299997827, 25.83180999961747], [-80.29306800009263, 25.831817000068476], [-80.29327499978186, 25.831976999637533], [-80.29381600028024, 25.83232300027038], [-80.29410599981017, 25.832563000133906], [-80.29431400022263, 25.832734999952315], [-80.29469599981405, 25.833026999729736], [-80.29471799955535, 25.833007999738438], [-80.29527300029744, 25.833417999937115], [-80.2953390004197, 25.83346499966208], [-80.29572900040704, 25.83374400036325], [-80.29575600017122, 25.83375499973694], [-80.29610400032576, 25.83401899976152], [-80.29628800044877, 25.83418099990765], [-80.29647099984857, 25.834319000066866], [-80.29668699975863, 25.834464000359556], [-80.29712899962449, 25.834795000295102], [-80.29725300037137, 25.834864999786706], [-80.29751199993915, 25.835048999708228], [-80.2975300003808, 25.83505700012018], [-80.29755499959685, 25.835037999646264], [-80.29765300040447, 25.835115000058554], [-80.29763400013789, 25.83513499986345], [-80.29774200009291, 25.835240000400702], [-80.29803099979792, 25.835471000284457], [-80.29810299976795, 25.83551699985398], [-80.29829299973875, 25.83565299977729], [-80.29847199983888, 25.835772000289424], [-80.29887500024502, 25.8360859997822], [-80.29901300033727, 25.83617599975613], [-80.29926299968422, 25.83637300028661], [-80.29974300008324, 25.836712000033636], [-80.3001289998726, 25.83699700036452], [-80.30030299994989, 25.83711199979301], [-80.30053300010366, 25.837284000276384], [-80.30073800014307, 25.837455000377478], [-80.300774999953, 25.837485999622306], [-80.3010439995665, 25.837690999822716], [-80.30365399982728, 25.839658000378364], [-80.30379100009463, 25.83976200002324], [-80.30385399984382, 25.839808999653957], [-80.30394000005755, 25.839873999662956], [-80.30408900002047, 25.839986000005144], [-80.30414400027206, 25.839953000384554], [-80.30422000044004, 25.840039000209533], [-80.30424899985405, 25.84006100021112], [-80.30431099977832, 25.840039000209533], [-80.30449200042659, 25.839975999704606], [-80.30463800001645, 25.839925999806134], [-80.3047669998879, 25.839880000333658], [-80.30503200020178, 25.83971699979162], [-80.30509099975299, 25.839680999755714], [-80.30518100016468, 25.83962499985778], [-80.30545999982394, 25.83945300035198], [-80.306048000178, 25.839091000076895]]]}}, {"type": "Feature", "properties": {"name": "North Bay Village", "geoid": "1249225", "county": "miamidade"}, "geometry": {"type": "Polygon", "coordinates": [[[-80.16138000012482, 25.855786000213246], [-80.16127100034488, 25.853814000309697], [-80.16110700031336, 25.8484320001658], [-80.16093499988591, 25.842782999710323], [-80.15887199997131, 25.842827000305796], [-80.15600800016563, 25.842886999842015], [-80.15186800009272, 25.84297400004519], [-80.15063399965828, 25.84303100005997], [-80.14316799982234, 25.843373999654187], [-80.14322399989884, 25.844214000251434], [-80.14345200040279, 25.847583000000107], [-80.14466199964946, 25.84882899980317], [-80.14508000012421, 25.84926000002464], [-80.1485079999945, 25.852173999679035], [-80.14896800030205, 25.852572999697724], [-80.15336799976761, 25.856072999806763], [-80.15640400000075, 25.85596400007416], [-80.16138000012482, 25.855786000213246]]]}}, {"type": "Feature", "properties": {"name": "North Miami", "geoid": "1249450", "county": "miamidade"}, "geometry": {"type": "MultiPolygon", "coordinates": [[[[-80.22743299989693, 25.899095000052135], [-80.22737900036859, 25.897787000221907], [-80.22737199979757, 25.89760999996708], [-80.22732499994191, 25.896719000158615], [-80.22729900000263, 25.89583200025746], [-80.22724799994901, 25.894920999763197], [-80.22721899963669, 25.893994999854318], [-80.22716099991038, 25.893080999934135], [-80.22714300036702, 25.892196000314758], [-80.22707899989462, 25.891279000363614], [-80.22706100035127, 25.890829000255703], [-80.2264370000122, 25.890849000332867], [-80.22643000033949, 25.89048300032435], [-80.22643299981425, 25.890392999671494], [-80.2270429999096, 25.890374999694323], [-80.22701699997033, 25.889437000138564], [-80.2269669997416, 25.888553000376447], [-80.22693499995458, 25.888114000356822], [-80.22693300030475, 25.88764800013678], [-80.22690900001531, 25.887334000203374], [-80.2268810004262, 25.886721999745117], [-80.2268379998702, 25.885813000316492], [-80.22679500021248, 25.884919000357982], [-80.22677299957287, 25.883993000384333], [-80.22673699958786, 25.883097999830976], [-80.22525100015666, 25.88314899980456], [-80.22470899983334, 25.88316799982077], [-80.22269000029968, 25.883255000281377], [-80.22068299956325, 25.88333899982923], [-80.21868499994599, 25.88341799979204], [-80.21662399968122, 25.883498000252963], [-80.21461299964513, 25.88358099988586], [-80.21260800035517, 25.883658000203994], [-80.21058600044846, 25.883734999663705], [-80.2094909999312, 25.883798000286376], [-80.20941999978609, 25.883802000055407], [-80.20946800036498, 25.88469400011588], [-80.20951600004555, 25.885605000335556], [-80.20947599986259, 25.885606999785377], [-80.20924099968593, 25.885618999716318], [-80.2091539996473, 25.88562300023184], [-80.20905699956293, 25.885627999663747], [-80.20898700014104, 25.885632000178923], [-80.20893100006455, 25.885635000161148], [-80.2086809998193, 25.885647000089254], [-80.2086520004053, 25.88564799981382], [-80.20662100027775, 25.885729999827948], [-80.20460100002083, 25.88582099971787], [-80.20255900002263, 25.88591300006813], [-80.20253100043354, 25.885010999794673], [-80.20247399963381, 25.884115999683658], [-80.20043599983359, 25.884198999690387], [-80.19972299980604, 25.884229999609747], [-80.19837399974388, 25.88429099968805], [-80.19704499977321, 25.88433699966003], [-80.19640899973858, 25.884359000307942], [-80.19635600003512, 25.884360999778846], [-80.19621499956982, 25.884368000351376], [-80.19547899997606, 25.88440599998851], [-80.19438600000694, 25.88446799971044], [-80.19427100037922, 25.884475000276634], [-80.19378500013242, 25.884494999813803], [-80.19372499985795, 25.884497999824898], [-80.19350700029807, 25.884491999802634], [-80.19349399987927, 25.884487000322622], [-80.19333700041875, 25.884430000093296], [-80.1930939998462, 25.884305999768756], [-80.19268399976737, 25.884727999910524], [-80.19266299985097, 25.884748999945224], [-80.192257999795, 25.88516599986068], [-80.1915590000112, 25.885916999765485], [-80.19117599969654, 25.886332000159285], [-80.19109399968077, 25.886419999623012], [-80.19107199993948, 25.886444000126613], [-80.1910030003425, 25.886515000274574], [-80.19082400024236, 25.886510999789284], [-80.1906090001572, 25.886506000394764], [-80.190242999561, 25.886498999948987], [-80.18908400036794, 25.886550999786895], [-80.18770900036651, 25.886599999644282], [-80.18742099958811, 25.886607000084066], [-80.18631099990054, 25.886647000049148], [-80.18428499979588, 25.88673500008625], [-80.18226999956184, 25.886806999773963], [-80.18025299967799, 25.886880999654185], [-80.17828000017509, 25.886967999803545], [-80.17627599981171, 25.887020999955975], [-80.17574299970923, 25.887034000264222], [-80.1747829998095, 25.887073000372148], [-80.17423100033878, 25.887097999647118], [-80.17328800015747, 25.887136999733908], [-80.17261600013782, 25.887166000266703], [-80.17248499971825, 25.887172000153118], [-80.17238500015914, 25.887180999982128], [-80.17234499997616, 25.887183999925004], [-80.1722980001205, 25.88718800038746], [-80.17198599995098, 25.887202000388726], [-80.17016800025876, 25.88727999967253], [-80.17016800025876, 25.88729000001215], [-80.17016900008367, 25.88734300002007], [-80.17006699997641, 25.887346999668967], [-80.16977200042363, 25.887359999941324], [-80.16761800027243, 25.887448000255173], [-80.16615500040747, 25.88750299960984], [-80.16430199965683, 25.887554000105318], [-80.16430900022785, 25.88753299976134], [-80.16454799970413, 25.886737000325134], [-80.16460100030588, 25.88654600039407], [-80.16469500001722, 25.88620800021584], [-80.16483099956135, 25.885877000361287], [-80.1648830003382, 25.885752000216318], [-80.16502999975296, 25.885236000240944], [-80.16540600039492, 25.884188999897134], [-80.16553699991617, 25.88384699966987], [-80.16554299976394, 25.88382799976291], [-80.16556600022851, 25.8837730003127], [-80.16544499985467, 25.883777999822954], [-80.16538100028056, 25.883780999852277], [-80.16485300020095, 25.88380400034394], [-80.1604279997227, 25.881387999661346], [-80.1599499998718, 25.88113200004869], [-80.15973200031192, 25.881012999929332], [-80.15967100021254, 25.881015000265144], [-80.15871299996265, 25.881040999778048], [-80.15169900003832, 25.881237000149547], [-80.14604599987172, 25.886238999607794], [-80.14509600001773, 25.887223999694612], [-80.15072700044301, 25.88891300010579], [-80.15062699998559, 25.88917899999975], [-80.1505929996504, 25.889269999655742], [-80.15055500001557, 25.889372999599143], [-80.1502479998689, 25.88964100026261], [-80.14395100017008, 25.888384999749913], [-80.13857599983783, 25.893430000115636], [-80.1328449998534, 25.898782000283614], [-80.1325689996689, 25.89907000008561], [-80.13167300024158, 25.899901000271193], [-80.13002299988052, 25.901458999845676], [-80.13138399963825, 25.90141799965262], [-80.13132699973686, 25.901494000058364], [-80.13086700032763, 25.90210999983937], [-80.13042100026378, 25.90270700034412], [-80.13037000021018, 25.902775999631107], [-80.1301340002086, 25.903077000346688], [-80.12861899956678, 25.90512100030139], [-80.12801400039261, 25.90593700013303], [-80.12759400026803, 25.906503999686866], [-80.12584900037075, 25.90885800038171], [-80.1261270002051, 25.916090000085024], [-80.1261919996041, 25.91792099989582], [-80.12668899972157, 25.91856599961835], [-80.12740599994704, 25.919484999659975], [-80.12862000029, 25.921048999682608], [-80.12979899957453, 25.92256700036882], [-80.1298870003364, 25.922843000082693], [-80.12989900003197, 25.92288199966524], [-80.13001100018496, 25.92379400014519], [-80.13028200034661, 25.925990999923467], [-80.13029499986709, 25.926243000025096], [-80.13040600019518, 25.92833799980028], [-80.13042399973853, 25.928683000021117], [-80.1304780001652, 25.929719999788787], [-80.13046599957131, 25.929817999978127], [-80.13045499970065, 25.929896000169496], [-80.13042700011157, 25.92996900033291], [-80.13049700043176, 25.92998800008027], [-80.13073000006027, 25.93005299974564], [-80.13090599978737, 25.930102000115962], [-80.13094599997034, 25.93011300021278], [-80.13097299973452, 25.93021200023007], [-80.13113199974319, 25.93019600017581], [-80.13195600009878, 25.930069999975355], [-80.13237799987319, 25.92996599986225], [-80.13248900020126, 25.929926000042926], [-80.13324800025954, 25.92964999994988], [-80.13375100022479, 25.929411999701873], [-80.13475100030749, 25.92878100026497], [-80.13626199985303, 25.92800200013183], [-80.13738999998228, 25.927420000286], [-80.13775800022829, 25.927217000231444], [-80.13834499985913, 25.92692099983567], [-80.13865799985356, 25.92678899987801], [-80.13907499960511, 25.926646000161046], [-80.13936599985824, 25.926564000307195], [-80.13974999999779, 25.926464999648974], [-80.14015599987864, 25.9264160001901], [-80.14067100043778, 25.926387999797686], [-80.140982999709, 25.926378000348418], [-80.14414000031597, 25.926245999782623], [-80.14734399988026, 25.926086000220614], [-80.14775700033213, 25.92606400008207], [-80.14912499976255, 25.92599200011406], [-80.14935099971837, 25.925980000249798], [-80.1496770001316, 25.925963000237964], [-80.15057599993196, 25.925916000145033], [-80.15310900019986, 25.92604400031978], [-80.15373500018873, 25.926116999637674], [-80.15381800002942, 25.92584900023797], [-80.15387300028101, 25.925673999661967], [-80.15395399957353, 25.92541299981598], [-80.15325399996482, 25.92544300002267], [-80.15282399979449, 25.925464000082037], [-80.15279100018252, 25.924914999954986], [-80.15412799965081, 25.9248529996725], [-80.15456899969178, 25.923434000203347], [-80.15376399960275, 25.923450999772], [-80.15362899988352, 25.92070099983993], [-80.15493299973984, 25.920652999836737], [-80.15511400038812, 25.920647000036936], [-80.15516299989362, 25.920645000372936], [-80.15543599970509, 25.920648000272926], [-80.15564599976739, 25.920649999936874], [-80.15566099983597, 25.921054000037376], [-80.1557100002398, 25.920889000337567], [-80.15578499968454, 25.920647000036936], [-80.15593000034781, 25.920184999993204], [-80.15600700034072, 25.91993999994539], [-80.15609600002917, 25.919564999908413], [-80.15610400042509, 25.919547999779383], [-80.1563930001301, 25.9186830001482], [-80.15651299978069, 25.918292000098425], [-80.15666799959138, 25.917788000102995], [-80.15703199963946, 25.916607999811315], [-80.15689699992024, 25.91659899980276], [-80.15651399960561, 25.91661600035703], [-80.15651899962846, 25.916595999799743], [-80.15652299982645, 25.91657300004345], [-80.15662099973574, 25.91603200030158], [-80.15713799994467, 25.916012999920525], [-80.15731200002195, 25.915467000249677], [-80.15673799991158, 25.915484999630955], [-80.15681400007958, 25.915071999713746], [-80.15679700036114, 25.914835999688705], [-80.15708100004326, 25.913334999871886], [-80.15691299981378, 25.913336000169906], [-80.15528400026744, 25.91336999979289], [-80.15527300039678, 25.91336999979289], [-80.15526599982579, 25.913269000385093], [-80.15514700000008, 25.91080599962795], [-80.15506699963416, 25.90933400016473], [-80.15502899999933, 25.908644999732747], [-80.15778800022301, 25.90859100006475], [-80.1579570002774, 25.90858099991405], [-80.15808100012597, 25.90813399974486], [-80.15815100044617, 25.907869000093864], [-80.15819300027897, 25.907712000062457], [-80.1582030003247, 25.907673000310474], [-80.15824000013463, 25.907556000169112], [-80.15833399984595, 25.907264999832247], [-80.15818499988303, 25.907268000072634], [-80.15547400023826, 25.90736600034151], [-80.15549199978159, 25.907308999848706], [-80.15553500033761, 25.907181999885037], [-80.15590500023346, 25.906085999651296], [-80.15586800042354, 25.905184000014142], [-80.15689799974515, 25.905127000083088], [-80.15687199980589, 25.904462999764554], [-80.15686900033116, 25.904414000050547], [-80.15686199976014, 25.904309000363963], [-80.15688000020181, 25.904235999664895], [-80.15738700036502, 25.902460000375775], [-80.1573019999762, 25.902462999930304], [-80.15241000041603, 25.90266100025834], [-80.15156000012114, 25.902696000114453], [-80.15088300007864, 25.9027130002486], [-80.15070499980341, 25.90271799976473], [-80.15069599958257, 25.902543999994467], [-80.15066600034365, 25.901859999859475], [-80.15062299978764, 25.9008580002998], [-80.1506200003129, 25.900832000302827], [-80.15096099989644, 25.900820999898304], [-80.15277199991596, 25.900762000282423], [-80.15477200008137, 25.90069800022745], [-80.15583800028631, 25.90066299977864], [-80.15659899999442, 25.900638000144365], [-80.15662999995656, 25.90063699973865], [-80.15669899955354, 25.900636000141052], [-80.15750000034292, 25.900608999689215], [-80.15824000013463, 25.900584999641552], [-80.15867799980253, 25.900572999615896], [-80.15897499990346, 25.90056499959808], [-80.15945299975435, 25.90054900036897], [-80.16038500006499, 25.900519000293368], [-80.16252499997249, 25.900437000047788], [-80.16261799985892, 25.900433000034337], [-80.16273900023273, 25.900429000020758], [-80.16275900032421, 25.900439000054437], [-80.16276400034708, 25.900525000309106], [-80.1626959996767, 25.900768999882285], [-80.16250499988101, 25.900948999840136], [-80.16245499965228, 25.900994999785333], [-80.16241700001744, 25.901030999729905], [-80.1623840004055, 25.90106200007743], [-80.16220699995516, 25.901229999629447], [-80.16188999976278, 25.901511000365698], [-80.16099599998527, 25.902237999998967], [-80.16083100012882, 25.902482999652022], [-80.16065600022665, 25.90265799990081], [-80.16059099992933, 25.902744000154183], [-80.1604279997227, 25.90296300003715], [-80.16012800014704, 25.903344999789905], [-80.15982699984816, 25.903773999971136], [-80.15954499981585, 25.904248999693074], [-80.15952100042473, 25.9042910000851], [-80.15929799994365, 25.904742999702293], [-80.15911200017082, 25.90515100001489], [-80.15900300039088, 25.90547099998567], [-80.15890700013139, 25.905821999801315], [-80.15884799968185, 25.906070999914395], [-80.1588290003136, 25.906153999835272], [-80.15877599971184, 25.90634799981202], [-80.15876499984118, 25.9064240002741], [-80.15872300000838, 25.906880999946733], [-80.15870200009199, 25.907123000218036], [-80.15861900025132, 25.907980000288482], [-80.15859900015982, 25.908190999838975], [-80.15841900023477, 25.91005200036895], [-80.158365999633, 25.910445999620713], [-80.15834100041697, 25.91064499979869], [-80.15823900030972, 25.911559000217597], [-80.15820199960147, 25.911808999842812], [-80.15816599961646, 25.91202499974513], [-80.15781099978923, 25.91409600038232], [-80.15771999955263, 25.914360999777777], [-80.15769500033659, 25.91448099968926], [-80.15758599965832, 25.91490199991449], [-80.15755600041942, 25.915040000340596], [-80.15772700012364, 25.91503499973076], [-80.15863599996975, 25.9149979997362], [-80.15939800040108, 25.914960000253767], [-80.16186200017368, 25.91486600016317], [-80.16347400000157, 25.91480400025151], [-80.16341200007729, 25.913866000165108], [-80.16336500022163, 25.912972999710444], [-80.16335000015302, 25.912084999692674], [-80.16329699955125, 25.911192999803976], [-80.16324800004575, 25.9103000001171], [-80.16321100023585, 25.909422000253727], [-80.16315799963408, 25.90840199982009], [-80.16311199960332, 25.907598999730393], [-80.1640249996474, 25.907568000292553], [-80.16713500039869, 25.90746399972094], [-80.16913999968864, 25.90740599973524], [-80.17013100044883, 25.907364999992893], [-80.17115599974758, 25.90735400019751], [-80.17189700026252, 25.9073190001073], [-80.17514400038283, 25.90719000026218], [-80.17518899969036, 25.908062000139488], [-80.1752260003986, 25.908949999742617], [-80.17527300025426, 25.909851000151356], [-80.1753179995618, 25.91073900002183], [-80.17537199998849, 25.911619000402204], [-80.17541700019432, 25.912522999920174], [-80.17638399976674, 25.912477999927514], [-80.17643599964528, 25.912476000124954], [-80.17647800037639, 25.912474000322344], [-80.17651299963816, 25.912473000017048], [-80.17719899990152, 25.912444000047362], [-80.17743300025323, 25.91244099993864], [-80.17733299979582, 25.910681000030547], [-80.17839099960484, 25.91059400039416], [-80.17837800008436, 25.91135899965104], [-80.17844000000864, 25.912408000353672], [-80.17944799958896, 25.912358999900086], [-80.17937599961893, 25.910927000243266], [-80.17936100044862, 25.91063400030923], [-80.17935800007558, 25.910574999944913], [-80.17935499970254, 25.910511999879386], [-80.18029000038624, 25.910470000086324], [-80.1806400001906, 25.910466999927387], [-80.18136099971574, 25.910470000086324], [-80.18187600027487, 25.910450999617105], [-80.18225799986628, 25.910428999792952], [-80.18336799955384, 25.91041000012517], [-80.18427099955215, 25.910408999802364], [-80.18452099979743, 25.910373999810638], [-80.18487800017279, 25.910423000280943], [-80.18538000031313, 25.910400999643574], [-80.18672199980428, 25.910340999647307], [-80.18689900025461, 25.910333000291896], [-80.18700200018678, 25.910330999644938], [-80.18718200011183, 25.910325000127937], [-80.18726099975453, 25.910316999963445], [-80.18739200017411, 25.91030300028029], [-80.18841099962508, 25.91027300026105], [-80.18840899997525, 25.910198000179573], [-80.18838300003597, 25.90987899962333], [-80.18826900023318, 25.9084759998964], [-80.18826500003522, 25.908392999993254], [-80.18820499976074, 25.90737300035762], [-80.18819300006518, 25.90667600017993], [-80.1892149998892, 25.906628000123945], [-80.19123000012321, 25.90653799966331], [-80.19121800042765, 25.906433000251145], [-80.19120400018394, 25.90581499969316], [-80.1911869995672, 25.90564200000561], [-80.19113999971152, 25.904710999950847], [-80.19108899965792, 25.90380200007753], [-80.19103500012955, 25.902899000367995], [-80.19208600026587, 25.902838999788056], [-80.19216400008368, 25.902830000344885], [-80.19280199976814, 25.902811999840353], [-80.19314800027286, 25.902817999739476], [-80.19314800027286, 25.902796000107852], [-80.19312499980833, 25.90231500026799], [-80.19312399998341, 25.90229800007649], [-80.1937490001474, 25.902272000396813], [-80.19380699987371, 25.90226999961314], [-80.19388600041475, 25.902267000053726], [-80.19384899970652, 25.901533000236924], [-80.19384200003381, 25.90137700025338], [-80.19383500036113, 25.901205999708104], [-80.19382500031539, 25.900972999813796], [-80.19382299976724, 25.90091899986624], [-80.19375599982008, 25.900916999867718], [-80.19373400007878, 25.900918000271016], [-80.19364600021524, 25.900922999863212], [-80.19307600030285, 25.900954999834028], [-80.19304199996766, 25.900570000013328], [-80.19301500020347, 25.900042000086593], [-80.19299099991403, 25.899611000052445], [-80.19297699967034, 25.899252999847118], [-80.19297599984542, 25.899113000315634], [-80.19374599977435, 25.899082000264126], [-80.19419500021124, 25.899059999935908], [-80.19484999961412, 25.899030999901075], [-80.19493400017802, 25.899026999839965], [-80.1951159997529, 25.899020999748064], [-80.19576799968107, 25.89898299996699], [-80.19703899992543, 25.898926999884583], [-80.1979870001296, 25.89888400039489], [-80.19903900009082, 25.898839999660517], [-80.19902700039528, 25.898098000159006], [-80.19893399961053, 25.896028000317443], [-80.1989169998921, 25.89564200013596], [-80.1982340000018, 25.895675000370435], [-80.19820999971238, 25.89527900018053], [-80.19821100043558, 25.895198999621694], [-80.19889099995282, 25.89515999977404], [-80.1988740002344, 25.894509000227877], [-80.19878399982271, 25.892440999805185], [-80.19980700036994, 25.892391999947787], [-80.20083300039191, 25.8923359999704], [-80.20184900036814, 25.892299000129498], [-80.20287600021506, 25.89223600000242], [-80.20290700017719, 25.8927019998904], [-80.20293300011643, 25.893164000103262], [-80.20298199962194, 25.894074999613053], [-80.20300799956121, 25.894977999775943], [-80.20305000029231, 25.89587599968904], [-80.20308600027732, 25.896787999714732], [-80.20312999975995, 25.89767400008075], [-80.20317400014088, 25.898646000267455], [-80.20335499989083, 25.90197399961866], [-80.20336800030962, 25.90227600034791], [-80.20533400013986, 25.902187000191915], [-80.20736199989435, 25.90209900036208], [-80.20739700005446, 25.902711000280487], [-80.20754500019245, 25.905761000345723], [-80.20958600036576, 25.905667000195663], [-80.20987900026871, 25.905649999679138], [-80.20994299984281, 25.905647000205647], [-80.21002099966061, 25.905643000368833], [-80.21013700001157, 25.90563600025008], [-80.21019599956281, 25.90563299996821], [-80.21101200042082, 25.905594000336908], [-80.211624000166, 25.90555800016854], [-80.21158599963285, 25.904770000016143], [-80.21155300002088, 25.90406199970928], [-80.21152399970858, 25.903348000129995], [-80.21148400042392, 25.902628999942156], [-80.2114480004389, 25.901920000129245], [-80.21141800030166, 25.901189999757808], [-80.21138300014157, 25.900505999854186], [-80.21135399982926, 25.899742999727675], [-80.21130500032376, 25.89880399985556], [-80.21127799966126, 25.89826799993406], [-80.21329100024548, 25.89819599996416], [-80.21529100041087, 25.898108000390234], [-80.21732300036335, 25.898028000132904], [-80.21931599995776, 25.897951999919048], [-80.21935600014072, 25.898680000084145], [-80.2193689996612, 25.899324999980198], [-80.21937200003424, 25.899421999966524], [-80.21994899961933, 25.899413999870706], [-80.22341099982481, 25.89926599961626], [-80.22536099976152, 25.899188999781753], [-80.22743299989693, 25.899095000052135]], [[-80.22536499995947, 25.89693700028169], [-80.22538300040112, 25.8977080001775], [-80.22336300014423, 25.897793000376556], [-80.22138300007032, 25.89786499978423], [-80.22135899978086, 25.89714899981497], [-80.22134100023752, 25.89695900019758], [-80.22131600012317, 25.896372000081012], [-80.22127299956715, 25.895698999800498], [-80.2212340001074, 25.894991000016013], [-80.22120700034321, 25.894232999664094], [-80.2231980002878, 25.89416200011741], [-80.22524100011091, 25.894064999848183], [-80.22525500035461, 25.894780999941215], [-80.22527399972287, 25.894963999888798], [-80.22529800001232, 25.895557000003887], [-80.22530700023314, 25.895890999913952], [-80.22533499982224, 25.896250999890885], [-80.22534700041611, 25.896756000230095], [-80.22536499995947, 25.89693700028169]], [[-80.14096699981548, 25.926023999746224], [-80.14097000018853, 25.926108999736762], [-80.14065499964595, 25.926126999916992], [-80.14065299999612, 25.926094000123104], [-80.14056900033053, 25.92473599961093], [-80.13823000023142, 25.92483299970471], [-80.13763000018179, 25.924857999865882], [-80.13672999965819, 25.924869999844404], [-80.13657999987036, 25.924872000244665], [-80.1364979998546, 25.92487399983699], [-80.13647199991533, 25.92457999961745], [-80.13653800003758, 25.924314999761233], [-80.13682199971971, 25.92372100019648], [-80.13688100016924, 25.923640000134075], [-80.13706000026939, 25.92348199988211], [-80.1374059998758, 25.923327000058055], [-80.13738999998228, 25.92332199979971], [-80.13740400022597, 25.92331499992244], [-80.13743900038608, 25.923286000195624], [-80.13858000003579, 25.922333999852647], [-80.13892300016744, 25.922047999938318], [-80.13994499999146, 25.921194000189157], [-80.14037199978873, 25.92056900018806], [-80.14051800027691, 25.920696999705758], [-80.14072699961595, 25.920878999613848], [-80.14072999998902, 25.920950000047828], [-80.14077099999689, 25.9218380003617], [-80.14082200005052, 25.92291800020063], [-80.14096699981548, 25.926023999746224]]], [[[-80.22754300040012, 25.901318000107427], [-80.22749700036935, 25.900437999647078], [-80.22746499968399, 25.899850999866352], [-80.22735099988118, 25.89985899993254], [-80.22539099989874, 25.899924999649883], [-80.22538699970077, 25.899964999950388], [-80.22543399955644, 25.90067000019248], [-80.22546000039402, 25.901375999853947], [-80.22552399996812, 25.901375000262608], [-80.22705799997823, 25.90132200009084], [-80.22754300040012, 25.901318000107427]]]]}}, {"type": "Feature", "properties": {"name": "North Miami Beach", "geoid": "1249475", "county": "miamidade"}, "geometry": {"type": "MultiPolygon", "coordinates": [[[[-80.20857899971203, 25.931414000014726], [-80.20854699992499, 25.931183000316274], [-80.20850699974201, 25.93052499979473], [-80.20844999984061, 25.929460000177567], [-80.20846499990922, 25.929243999902692], [-80.20844099961977, 25.928873000238337], [-80.20844399999282, 25.928799000037085], [-80.2084270002744, 25.928812999947702], [-80.20841700022865, 25.92867099962294], [-80.20841200020577, 25.9286179996001], [-80.2083850004416, 25.92825000009514], [-80.20837799987058, 25.9281530003899], [-80.20836600017502, 25.92799700007185], [-80.20835699995419, 25.9278760000092], [-80.20835199993132, 25.927814999843747], [-80.20832900036511, 25.92779400020328], [-80.20825800021998, 25.927795999746003], [-80.20768699958438, 25.92781999991145], [-80.20643700015472, 25.92787200011853], [-80.20636799965942, 25.927874999834582], [-80.20615900032037, 25.92788200024892], [-80.20581700001361, 25.927893999919554], [-80.20541299978257, 25.927897999809495], [-80.20459500017304, 25.92794200020565], [-80.20436099982133, 25.92794999998215], [-80.20368899980167, 25.927975000290015], [-80.20360299958796, 25.927983000064277], [-80.20318800038457, 25.928003999671066], [-80.20293099956831, 25.927980999716812], [-80.2023590000061, 25.928016000137152], [-80.20034999961986, 25.928101999671657], [-80.19835000035276, 25.9281729997943], [-80.19633099992078, 25.92825000009514], [-80.1943049998161, 25.928326000174867], [-80.19325100020502, 25.92838599990557], [-80.19229399978002, 25.928431999651462], [-80.19130799994102, 25.92845099964664], [-80.19079300028022, 25.928484999757952], [-80.19027799972109, 25.928503999744578], [-80.18826800040824, 25.928587000033], [-80.18648499997782, 25.928660000199404], [-80.18624899997626, 25.92867000026294], [-80.18424399978798, 25.92875499996091], [-80.18420100013029, 25.927839000005324], [-80.18416099994732, 25.927124999773184], [-80.18414300040395, 25.92641799975623], [-80.1840970003732, 25.92570899995955], [-80.18407700028172, 25.925062000142585], [-80.18407200025885, 25.924972000016506], [-80.1840410002967, 25.924295999907198], [-80.18401000033457, 25.923541000251515], [-80.18397099997651, 25.92286399979738], [-80.18393699964132, 25.92212999970219], [-80.18390200037953, 25.921365000033543], [-80.18385399980063, 25.920457000294114], [-80.18381699999073, 25.919872999873334], [-80.1838079997699, 25.919738000179255], [-80.18377000013506, 25.91905499981837], [-80.18375400024154, 25.918617999868157], [-80.18276199965642, 25.918642000286482], [-80.18272700039465, 25.918286999626513], [-80.18271499980077, 25.91804899986462], [-80.18269499970928, 25.91773500003438], [-80.18171999974093, 25.9177700002653], [-80.18170600039555, 25.917554999836945], [-80.18167899973305, 25.91712399996213], [-80.18167399971017, 25.916850000322945], [-80.17965299962837, 25.91693299992999], [-80.17961599981845, 25.916053999888476], [-80.17958200038157, 25.915091999721533], [-80.17954300002351, 25.914874000019072], [-80.17951799990917, 25.914137999692024], [-80.17853299989507, 25.914187000214415], [-80.1774640002154, 25.914232000362947], [-80.17652299968391, 25.914285000390127], [-80.17630099992606, 25.914279999748324], [-80.17553500019508, 25.91431399990709], [-80.17362700009119, 25.91439000008404], [-80.17349800021975, 25.914396000202252], [-80.1714949996813, 25.914467999980815], [-80.16747900035527, 25.91464699975602], [-80.1654330001591, 25.91472599976903], [-80.16414600002122, 25.914776999810655], [-80.16347400000157, 25.91480400025151], [-80.16186200017368, 25.91486600016317], [-80.15939800040108, 25.914960000253767], [-80.15863599996975, 25.9149979997362], [-80.15772700012364, 25.91503499973076], [-80.15755600041942, 25.915040000340596], [-80.15758599965832, 25.91490199991449], [-80.15769500033659, 25.91448099968926], [-80.15771999955263, 25.914360999777777], [-80.15781099978923, 25.91409600038232], [-80.15816599961646, 25.91202499974513], [-80.15820199960147, 25.911808999842812], [-80.15823900030972, 25.911559000217597], [-80.15834100041697, 25.91064499979869], [-80.158365999633, 25.910445999620713], [-80.15841900023477, 25.91005200036895], [-80.15859900015982, 25.908190999838975], [-80.15861900025132, 25.907980000288482], [-80.15870200009199, 25.907123000218036], [-80.15872300000838, 25.906880999946733], [-80.15876499984118, 25.9064240002741], [-80.15877599971184, 25.90634799981202], [-80.1588290003136, 25.906153999835272], [-80.15884799968185, 25.906070999914395], [-80.15890700013139, 25.905821999801315], [-80.15900300039088, 25.90547099998567], [-80.15911200017082, 25.90515100001489], [-80.15929799994365, 25.904742999702293], [-80.15952100042473, 25.9042910000851], [-80.15954499981585, 25.904248999693074], [-80.15982699984816, 25.903773999971136], [-80.16012800014704, 25.903344999789905], [-80.1604279997227, 25.90296300003715], [-80.16059099992933, 25.902744000154183], [-80.16065600022665, 25.90265799990081], [-80.16083100012882, 25.902482999652022], [-80.16099599998527, 25.902237999998967], [-80.16188999976278, 25.901511000365698], [-80.16220699995516, 25.901229999629447], [-80.1623840004055, 25.90106200007743], [-80.16241700001744, 25.901030999729905], [-80.16245499965228, 25.900994999785333], [-80.16250499988101, 25.900948999840136], [-80.1626959996767, 25.900768999882285], [-80.16276400034708, 25.900525000309106], [-80.16275900032421, 25.900439000054437], [-80.16273900023273, 25.900429000020758], [-80.16261799985892, 25.900433000034337], [-80.16252499997249, 25.900437000047788], [-80.16038500006499, 25.900519000293368], [-80.15945299975435, 25.90054900036897], [-80.15897499990346, 25.90056499959808], [-80.15867799980253, 25.900572999615896], [-80.15824000013463, 25.900584999641552], [-80.15750000034292, 25.900608999689215], [-80.15669899955354, 25.900636000141052], [-80.15662999995656, 25.90063699973865], [-80.15659899999442, 25.900638000144365], [-80.15583800028631, 25.90066299977864], [-80.15477200008137, 25.90069800022745], [-80.15277199991596, 25.900762000282423], [-80.15096099989644, 25.900820999898304], [-80.1506200003129, 25.900832000302827], [-80.15062299978764, 25.9008580002998], [-80.15066600034365, 25.901859999859475], [-80.15069599958257, 25.902543999994467], [-80.15070499980341, 25.90271799976473], [-80.15088300007864, 25.9027130002486], [-80.15156000012114, 25.902696000114453], [-80.15241000041603, 25.90266100025834], [-80.1573019999762, 25.902462999930304], [-80.15738700036502, 25.902460000375775], [-80.15688000020181, 25.904235999664895], [-80.15686199976014, 25.904309000363963], [-80.15686900033116, 25.904414000050547], [-80.15687199980589, 25.904462999764554], [-80.15689799974515, 25.905127000083088], [-80.15586800042354, 25.905184000014142], [-80.15590500023346, 25.906085999651296], [-80.15553500033761, 25.907181999885037], [-80.15549199978159, 25.907308999848706], [-80.15547400023826, 25.90736600034151], [-80.15818499988303, 25.907268000072634], [-80.15833399984595, 25.907264999832247], [-80.15824000013463, 25.907556000169112], [-80.1582030003247, 25.907673000310474], [-80.15819300027897, 25.907712000062457], [-80.15815100044617, 25.907869000093864], [-80.15808100012597, 25.90813399974486], [-80.1579570002774, 25.90858099991405], [-80.15778800022301, 25.90859100006475], [-80.15502899999933, 25.908644999732747], [-80.15506699963416, 25.90933400016473], [-80.15514700000008, 25.91080599962795], [-80.15526599982579, 25.913269000385093], [-80.15527300039678, 25.91336999979289], [-80.15528400026744, 25.91336999979289], [-80.15691299981378, 25.913336000169906], [-80.15708100004326, 25.913334999871886], [-80.15679700036114, 25.914835999688705], [-80.15681400007958, 25.915071999713746], [-80.15673799991158, 25.915484999630955], [-80.15731200002195, 25.915467000249677], [-80.15713799994467, 25.916012999920525], [-80.15662099973574, 25.91603200030158], [-80.15652299982645, 25.91657300004345], [-80.15651899962846, 25.916595999799743], [-80.15651399960561, 25.91661600035703], [-80.15689699992024, 25.91659899980276], [-80.15703199963946, 25.916607999811315], [-80.15666799959138, 25.917788000102995], [-80.15651299978069, 25.918292000098425], [-80.1563930001301, 25.9186830001482], [-80.15610400042509, 25.919547999779383], [-80.15609600002917, 25.919564999908413], [-80.15600700034072, 25.91993999994539], [-80.15593000034781, 25.920184999993204], [-80.15578499968454, 25.920647000036936], [-80.1557100002398, 25.920889000337567], [-80.15566099983597, 25.921054000037376], [-80.15564599976739, 25.920649999936874], [-80.15543599970509, 25.920648000272926], [-80.15516299989362, 25.920645000372936], [-80.15511400038812, 25.920647000036936], [-80.15493299973984, 25.920652999836737], [-80.15362899988352, 25.92070099983993], [-80.15376399960275, 25.923450999772], [-80.15456899969178, 25.923434000203347], [-80.15412799965081, 25.9248529996725], [-80.15279100018252, 25.924914999954986], [-80.15282399979449, 25.925464000082037], [-80.15325399996482, 25.92544300002267], [-80.15395399957353, 25.92541299981598], [-80.15387300028101, 25.925673999661967], [-80.15381800002942, 25.92584900023797], [-80.15373500018873, 25.926116999637674], [-80.15310900019986, 25.92604400031978], [-80.15057599993196, 25.925916000145033], [-80.1496770001316, 25.925963000237964], [-80.14935099971837, 25.925980000249798], [-80.14912499976255, 25.92599200011406], [-80.14775700033213, 25.92606400008207], [-80.14734399988026, 25.926086000220614], [-80.14414000031597, 25.926245999782623], [-80.140982999709, 25.926378000348418], [-80.14067100043778, 25.926387999797686], [-80.14015599987864, 25.9264160001901], [-80.13974999999779, 25.926464999648974], [-80.13936599985824, 25.926564000307195], [-80.13907499960511, 25.926646000161046], [-80.13865799985356, 25.92678899987801], [-80.13834499985913, 25.92692099983567], [-80.13775800022829, 25.927217000231444], [-80.13738999998228, 25.927420000286], [-80.13626199985303, 25.92800200013183], [-80.13475100030749, 25.92878100026497], [-80.13375100022479, 25.929411999701873], [-80.13324800025954, 25.92964999994988], [-80.13248900020126, 25.929926000042926], [-80.13237799987319, 25.92996599986225], [-80.13195600009878, 25.930069999975355], [-80.13113199974319, 25.93019600017581], [-80.13097299973452, 25.93021200023007], [-80.13095099999322, 25.930213999731773], [-80.13074199975583, 25.930234000402148], [-80.13054400028743, 25.930249999643394], [-80.13033599987497, 25.930270999654088], [-80.13031900015653, 25.93035900027369], [-80.13035099994359, 25.930876000163092], [-80.1303729996849, 25.93137600016887], [-80.13040000034738, 25.931456999761714], [-80.13043499960918, 25.93290799976062], [-80.13049099968566, 25.933189000140953], [-80.13056799967856, 25.93367499988674], [-80.13083200016753, 25.934817000232616], [-80.13105800012335, 25.935698999625426], [-80.13110699962881, 25.93589200015902], [-80.13134500017851, 25.93682200028988], [-80.13134400035361, 25.937036000212117], [-80.13139500040722, 25.937220000121297], [-80.13151500005782, 25.937647999746627], [-80.13168400011222, 25.938253000343007], [-80.13208300032039, 25.938278000080494], [-80.13226999991814, 25.93828800013553], [-80.13301300008291, 25.938367999737718], [-80.13378100036202, 25.938341999933563], [-80.13647799976312, 25.938250000083322], [-80.13660099978676, 25.938240000025015], [-80.13688100016924, 25.938236999765024], [-80.13722699977566, 25.93823200013933], [-80.13932200037561, 25.93818199983175], [-80.13943500035352, 25.938179000378096], [-80.13968800007352, 25.938167000139238], [-80.13999299967203, 25.938151999637007], [-80.14016500009949, 25.93814299965786], [-80.14032800030613, 25.938134999765598], [-80.14056400030765, 25.938120000067084], [-80.14077299964671, 25.938109999997756], [-80.14317600021826, 25.93580499973996], [-80.14731000044338, 25.93183799997194], [-80.14795200032582, 25.931222000370585], [-80.14795499980053, 25.931297000003717], [-80.14796499984628, 25.93155100035638], [-80.14801800044803, 25.932829999947312], [-80.14802400029582, 25.932980999673735], [-80.14802599994563, 25.933042999719373], [-80.14803500016647, 25.933267999845448], [-80.14806000028084, 25.93387100006804], [-80.14808200002214, 25.93441000009708], [-80.14813200025087, 25.935616999608587], [-80.14813800009864, 25.93576899990993], [-80.14815099961912, 25.936078999746556], [-80.14818699960414, 25.93701599988855], [-80.14820599987071, 25.93745699985303], [-80.14821500009153, 25.937655000388183], [-80.14822400031235, 25.937881999963917], [-80.14867399967585, 25.937852999782677], [-80.1490219998304, 25.937830000135296], [-80.14904899959457, 25.93782900004517], [-80.14907299988401, 25.937844999870723], [-80.1495869997199, 25.93818999972083], [-80.14961199983428, 25.93820600030516], [-80.1496500003674, 25.93808500022465], [-80.14975400012449, 25.937750000167767], [-80.14983000029248, 25.937758000086173], [-80.1499370004226, 25.937769000276056], [-80.1505990003965, 25.9377340003293], [-80.15085799996427, 25.93772099995407], [-80.15111999990509, 25.937692999824524], [-80.15130599967792, 25.93768199962754], [-80.15149499982383, 25.93767299961252], [-80.151966000002, 25.937642000004228], [-80.15433699988819, 25.937499999818037], [-80.15625099983987, 25.937331000147076], [-80.1564500000315, 25.941208000094075], [-80.15649000021448, 25.94183699991054], [-80.15651000030596, 25.942722000201673], [-80.1565489997657, 25.943590999646414], [-80.15656600038245, 25.944042999639155], [-80.15658399992581, 25.944474999647824], [-80.15668299966, 25.94628099983408], [-80.15708699989105, 25.946267000383752], [-80.15744599991625, 25.946268999612958], [-80.15776099956051, 25.94624599999348], [-80.15814899989805, 25.94623599980631], [-80.15825500020324, 25.94623299975], [-80.1586050000076, 25.946239999881282], [-80.15876700038932, 25.946211000142483], [-80.15878800030572, 25.946743000147766], [-80.15884100000918, 25.947568000295885], [-80.15885199987983, 25.9478959998582], [-80.15677200024678, 25.947973000191915], [-80.15679200033826, 25.948335000278142], [-80.15680499985874, 25.948664000125238], [-80.15819300027897, 25.948619000200424], [-80.15888899968974, 25.948597000230922], [-80.15889799991058, 25.948736999966687], [-80.15893999974337, 25.949457000017027], [-80.15904699987348, 25.95148299990037], [-80.15905699991924, 25.951708000341032], [-80.15696399986739, 25.951757999752303], [-80.1569630000425, 25.95177700002382], [-80.15695600036979, 25.951986000384903], [-80.15697700028619, 25.95261000015576], [-80.15708500024122, 25.954198000305254], [-80.15709500028696, 25.954344000349444], [-80.15710799980745, 25.954515999682336], [-80.15711600020336, 25.954618000032077], [-80.15711600020336, 25.954629000262493], [-80.15722199961024, 25.954701999636075], [-80.15859999998474, 25.95579300040338], [-80.15870000044217, 25.95714099981607], [-80.16015200043648, 25.957081000194457], [-80.16021699983551, 25.957077999606806], [-80.1602090003379, 25.956700000066224], [-80.16028799998061, 25.956697000276563], [-80.16143799985115, 25.956651000261253], [-80.16200600011372, 25.956682999641682], [-80.16196099990789, 25.95645300016575], [-80.16198199982428, 25.955845000377018], [-80.1619690003038, 25.955499999749836], [-80.16197199977853, 25.955452000193475], [-80.16203799990078, 25.954204999962965], [-80.16204100027383, 25.95384500006425], [-80.16201899963418, 25.953507999693144], [-80.16188899993786, 25.95316900005295], [-80.16160500025572, 25.95238399985709], [-80.16088800003024, 25.952256000031554], [-80.1607020002574, 25.949373999893574], [-80.16069800005945, 25.949036999647657], [-80.16100500020609, 25.949011999770757], [-80.16136099985826, 25.94898799988393], [-80.16300199999847, 25.948955000031557], [-80.16308700038728, 25.948863000394308], [-80.1630880002122, 25.948634000177254], [-80.16306300009782, 25.94819300006012], [-80.16304300000634, 25.947900999881387], [-80.16515000030188, 25.94780900022833], [-80.16511900033974, 25.94724399986075], [-80.16509699970011, 25.94709399985102], [-80.16504300017176, 25.94633700004208], [-80.16491599995015, 25.94600600011381], [-80.16289800024138, 25.946068999786284], [-80.16282500044646, 25.944262000352072], [-80.16338699996294, 25.94423800030488], [-80.16491699977506, 25.944175999689133], [-80.16684300032064, 25.944107999627683], [-80.16880900015086, 25.944041999601748], [-80.17075099969163, 25.94396199981449], [-80.17270099962832, 25.94388400005037], [-80.17473099993096, 25.943813999741696], [-80.17676200005852, 25.94374400019919], [-80.17855899983435, 25.94367299976676], [-80.178753999828, 25.943671999726234], [-80.17932999958818, 25.943648999599546], [-80.17960699959762, 25.94363899999963], [-80.17989600020093, 25.943629000398868], [-80.18018400008101, 25.94361799994847], [-80.18033300004393, 25.943610999661338], [-80.18057700044142, 25.94383199964042], [-80.18048899967955, 25.943916999708335], [-80.18024400035549, 25.944149000322795], [-80.1800209998744, 25.944360999788234], [-80.17915899988397, 25.945133999826492], [-80.17905699977669, 25.945387000206118], [-80.1789799997838, 25.945431999750546], [-80.1789799997838, 25.945502999930238], [-80.1789799997838, 25.94561200017968], [-80.17897899995891, 25.945645000161186], [-80.17962000001641, 25.94547500003515], [-80.17990200004871, 25.945443000031485], [-80.18097300027654, 25.945354000152324], [-80.18146100017317, 25.94531900003616], [-80.18162000018182, 25.945311999850144], [-80.18167299988525, 25.94531099982354], [-80.18195800029063, 25.945302999610348], [-80.18234499990491, 25.945266000232838], [-80.1823659998213, 25.945283999909638], [-80.18252999985285, 25.945374999893904], [-80.1827590001817, 25.94553399989289], [-80.18290200029683, 25.945632999875244], [-80.18298000011464, 25.945679000156943], [-80.183033999643, 25.945719000281944], [-80.18308300004679, 25.945770999858667], [-80.18322399961379, 25.94585500012059], [-80.18323700003258, 25.945877999816442], [-80.18329899995686, 25.945912999766417], [-80.18342700000338, 25.94601200023794], [-80.18354699965397, 25.946085000108027], [-80.18361600014927, 25.946142999640575], [-80.18376400028728, 25.946253000123985], [-80.1838370000822, 25.94630100019991], [-80.1839989995656, 25.94642399995178], [-80.18411200044181, 25.946493000307992], [-80.18414099985581, 25.946516999895596], [-80.18427899994808, 25.94660599970355], [-80.18439799977376, 25.94669900031139], [-80.1844349995837, 25.946705999607218], [-80.18453400021622, 25.946797000108084], [-80.18461899970671, 25.946864000218877], [-80.18470099972247, 25.946945999675684], [-80.1848580000813, 25.947102999953916], [-80.18498299975478, 25.947237999799405], [-80.18500000037153, 25.94728000022238], [-80.18509699955759, 25.947360000178833], [-80.18553500012382, 25.94672099982774], [-80.18622999970968, 25.945568999945117], [-80.18673500022307, 25.944597999691425], [-80.18698799994307, 25.94412900039923], [-80.18730699978529, 25.94364200012202], [-80.18756500042646, 25.943289999779125], [-80.18789599996425, 25.943272999841472], [-80.1885880000754, 25.943236999870425], [-80.18868400033486, 25.943231999649193], [-80.18873399966526, 25.942429000137924], [-80.18875299993184, 25.942131999938688], [-80.18879200028988, 25.94144900011761], [-80.18869100000755, 25.941452000295822], [-80.18727099980028, 25.94149899984624], [-80.1859760001648, 25.941553999846278], [-80.18590599984459, 25.941557000021806], [-80.18475099995118, 25.941605999646477], [-80.18423999959002, 25.941620999708853], [-80.18311099963589, 25.941660999596596], [-80.18220799963755, 25.94175600018424], [-80.18221199983553, 25.941502000023142], [-80.18218599989625, 25.94081999984466], [-80.18217000000274, 25.94011299960569], [-80.18213900004058, 25.93944000015118], [-80.18210100040577, 25.938744999888314], [-80.18206500042075, 25.93807600024039], [-80.18213099964467, 25.938074000064265], [-80.1823370004073, 25.938062999902893], [-80.18257000003581, 25.93805000037178], [-80.18256099981498, 25.93767499979541], [-80.18246899975347, 25.937681000343964], [-80.18066399958172, 25.937744999713587], [-80.18059699963457, 25.937692999824524], [-80.18057800026631, 25.937693999915798], [-80.18056099964956, 25.937152000082975], [-80.18052899986253, 25.936309000244826], [-80.17847599999365, 25.936388000280747], [-80.17720599957421, 25.93643699963221], [-80.1764649999576, 25.936476999664684], [-80.17569000000579, 25.93649499987682], [-80.174438000028, 25.936540999688408], [-80.17440700006587, 25.935751000394674], [-80.17439799984503, 25.935599000070116], [-80.17436900043104, 25.93471800004521], [-80.17419000033088, 25.934729999827567], [-80.17263600022932, 25.93478300033267], [-80.17237099991544, 25.934434999842253], [-80.17234499997616, 25.93386700038083], [-80.17232200040995, 25.93292199999092], [-80.1722980001205, 25.932545999921572], [-80.17226799998328, 25.93207799963734], [-80.17225899976243, 25.931630999686146], [-80.17225100026484, 25.931170000026], [-80.17121600002204, 25.931177000244634], [-80.1702059998936, 25.931215000154623], [-80.17018800035025, 25.930608000275452], [-80.17017499993146, 25.930243000177597], [-80.1701780003045, 25.929817999978127], [-80.17015300019014, 25.929336999676845], [-80.17012700025087, 25.928431999651462], [-80.17011700020512, 25.92805400025861], [-80.17011899985494, 25.927689999697368], [-80.17011999967986, 25.927485999929935], [-80.17006100012863, 25.926624000127006], [-80.17002199977058, 25.925656000220478], [-80.17200000019469, 25.925565999740087], [-80.17231300018912, 25.925552999638068], [-80.1740089996826, 25.92548299974781], [-80.17502700020697, 25.92544599980055], [-80.17535199989698, 25.925428000324242], [-80.17603800016033, 25.925417999985587], [-80.17609500006175, 25.92614200033438], [-80.17609300041191, 25.92630999970818], [-80.17609699971156, 25.92635399988932], [-80.17614899959008, 25.92699300004404], [-80.17615399961298, 25.927250999890866], [-80.17616600020685, 25.92770200019544], [-80.17618399975021, 25.928376999988306], [-80.17619999964373, 25.92909400039899], [-80.17826900030443, 25.92902000033651], [-80.1802309999367, 25.92892899983571], [-80.18031299995246, 25.93076300021846], [-80.18031499960227, 25.930802999753695], [-80.18031899980024, 25.93089800021118], [-80.18033300004393, 25.931491999957494], [-80.18033800006681, 25.931676999781082], [-80.1811759997678, 25.931647999688195], [-80.18233900005713, 25.931615999967438], [-80.18236300034658, 25.932537000322032], [-80.1832100002684, 25.932502999764143], [-80.18443799995674, 25.932442999706108], [-80.18469599969961, 25.9324240003546], [-80.18640200013715, 25.932347999686396], [-80.18643399992418, 25.933233000177196], [-80.18759399984046, 25.93320100007903], [-80.18848099994528, 25.933178000331285], [-80.18849099999102, 25.933511000209922], [-80.18849900038693, 25.933934999891722], [-80.18850400040981, 25.934177000375108], [-80.18850699988452, 25.934253999984012], [-80.18853799984666, 25.93503500021325], [-80.18858499970234, 25.935937000099848], [-80.18861200036483, 25.936663999939295], [-80.18861900003753, 25.9368550003108], [-80.18865500002254, 25.937737999885197], [-80.18871399957378, 25.938453999794735], [-80.18873200001543, 25.939667000326118], [-80.18876399980249, 25.940529000030526], [-80.18878499971889, 25.94119900034842], [-80.18963699966359, 25.94103599989971], [-80.1918700003558, 25.939176999942347], [-80.19256099974372, 25.938782999780845], [-80.19334599974127, 25.93835699960376], [-80.19449200031217, 25.93790899995905], [-80.19548599964877, 25.93754800023008], [-80.19599700000992, 25.93739499970681], [-80.19642100033245, 25.937232999744005], [-80.19670800038763, 25.937063000401185], [-80.19760999966272, 25.93658299988703], [-80.19866599982193, 25.93576600039481], [-80.19950699989597, 25.935065000393962], [-80.19925599982581, 25.934811999653927], [-80.19943499992596, 25.934658999616516], [-80.19969299966883, 25.934910999762355], [-80.2013510004258, 25.93353000019402], [-80.20059400001732, 25.933548000048596], [-80.20056800007805, 25.932837000067323], [-80.20053299991795, 25.93210199973854], [-80.20051899967424, 25.93174599988981], [-80.2013249995882, 25.93171300005358], [-80.20208700001953, 25.93168899987315], [-80.20210600028611, 25.932011000002102], [-80.20188399962993, 25.932020999781244], [-80.20188600017808, 25.932317999621727], [-80.201887000003, 25.932376999606984], [-80.202400000014, 25.932366999858043], [-80.20247000033417, 25.93236599972152], [-80.2025499998018, 25.93251300030943], [-80.20296499990349, 25.932188000330438], [-80.20328499957064, 25.93184899990672], [-80.20329799998943, 25.931807999777426], [-80.20331399988295, 25.931759000116536], [-80.20376400014474, 25.93137700031382], [-80.20420600001063, 25.930924000042406], [-80.20429100039944, 25.93080700035275], [-80.20437800043808, 25.930844000232632], [-80.20440299965412, 25.930854000110855], [-80.20445600025589, 25.930876000163092], [-80.20454699959416, 25.930911999872443], [-80.20475400018172, 25.930995000080536], [-80.20480799971007, 25.931015999958476], [-80.20490300014464, 25.931055000068053], [-80.20499199983308, 25.931090999722734], [-80.20506499962802, 25.931119999952728], [-80.20514599981888, 25.93115199980819], [-80.20530999985041, 25.93121899993186], [-80.20535300040643, 25.931235999993362], [-80.20547899990481, 25.931287000163113], [-80.20528999975893, 25.931445999790345], [-80.20513400012331, 25.931577000043525], [-80.20593199964134, 25.931545000303455], [-80.2061819998866, 25.931528000286544], [-80.20655199978245, 25.93150299992456], [-80.20857899971203, 25.931414000014726]], [[-80.19862900001202, 25.934750999847648], [-80.1986569996011, 25.935515999873893], [-80.19741999969193, 25.935529999794294], [-80.19669499996886, 25.935566999806728], [-80.196649999763, 25.935559999848927], [-80.19661200012816, 25.934635000036142], [-80.1965800003411, 25.933961999983648], [-80.19654699983083, 25.933273999810613], [-80.19649400012737, 25.932613000060474], [-80.19645899996728, 25.931908000126818], [-80.19850900036141, 25.931807999777426], [-80.19853199992762, 25.932184999916277], [-80.19852699990474, 25.93254399965156], [-80.19855500039218, 25.93291800027153], [-80.19855299984403, 25.933284999611313], [-80.19858200015635, 25.933658000177132], [-80.19859600040006, 25.933972999720112], [-80.19863700040793, 25.934617000347675], [-80.19862900001202, 25.934750999847648]], [[-80.1946710004123, 25.936532000394024], [-80.19467300006211, 25.936556000395786], [-80.1934110000386, 25.93663300006549], [-80.19263500026189, 25.936663999939295], [-80.19267399972162, 25.937587999885327], [-80.19066500023371, 25.937672000328877], [-80.1906230004009, 25.936769999993373], [-80.19060300030941, 25.93656499968834], [-80.19061500000498, 25.936318000364093], [-80.19057999984489, 25.93584800030795], [-80.19259699972874, 25.93575700023338], [-80.19463299987915, 25.935664999980023], [-80.19465999964333, 25.936375999859443], [-80.1946710004123, 25.936532000394024]]], [[[-80.14097000018853, 25.926108999736762], [-80.14096699981548, 25.926023999746224], [-80.14082200005052, 25.92291800020063], [-80.14077099999689, 25.9218380003617], [-80.14072999998902, 25.920950000047828], [-80.14072699961595, 25.920878999613848], [-80.14051800027691, 25.920696999705758], [-80.14037199978873, 25.92056900018806], [-80.13994499999146, 25.921194000189157], [-80.13892300016744, 25.922047999938318], [-80.13858000003579, 25.922333999852647], [-80.13743900038608, 25.923286000195624], [-80.13740400022597, 25.92331499992244], [-80.13738999998228, 25.92332199979971], [-80.1374059998758, 25.923327000058055], [-80.13706000026939, 25.92348199988211], [-80.13688100016924, 25.923640000134075], [-80.13682199971971, 25.92372100019648], [-80.13653800003758, 25.924314999761233], [-80.13647199991533, 25.92457999961745], [-80.1364979998546, 25.92487399983699], [-80.13657999987036, 25.924872000244665], [-80.13672999965819, 25.924869999844404], [-80.13763000018179, 25.924857999865882], [-80.13823000023142, 25.92483299970471], [-80.14056900033053, 25.92473599961093], [-80.14065299999612, 25.926094000123104], [-80.14065499964595, 25.926126999916992], [-80.14097000018853, 25.926108999736762]]]]}}, {"type": "Feature", "properties": {"name": "Opa-locka", "geoid": "1251650", "county": "miamidade"}, "geometry": {"type": "Polygon", "coordinates": [[[-80.27617499971508, 25.910666000069938], [-80.27604400019382, 25.90807600008864], [-80.27594999958418, 25.906063000269416], [-80.27591000029952, 25.905204999641565], [-80.27581400004006, 25.903431999924507], [-80.27580900001718, 25.903325999789118], [-80.27561900004638, 25.8994969996264], [-80.2756009996047, 25.899128999739457], [-80.27554700007636, 25.89807200036196], [-80.27554100022857, 25.89794100005415], [-80.27546500006059, 25.896268000145483], [-80.27543200044863, 25.89517999992544], [-80.27542599970252, 25.894981000328762], [-80.27542099967967, 25.894821000369067], [-80.27539399991548, 25.894447000122305], [-80.27538200021993, 25.893880000005144], [-80.27537200017417, 25.893435999683653], [-80.27533700001408, 25.891878999724593], [-80.27538499969465, 25.891747999815905], [-80.27545599983975, 25.891579999695587], [-80.27527699973962, 25.890276000174843], [-80.27525300034848, 25.889563000114162], [-80.27524599977747, 25.88918100019722], [-80.2752419995795, 25.88894700030186], [-80.27524099975462, 25.888900000004483], [-80.27523900010479, 25.888720999955737], [-80.27520599959449, 25.88760499977058], [-80.27516799995966, 25.886326999948995], [-80.2751479998682, 25.88508100026682], [-80.27511199988318, 25.884448000168668], [-80.27510400038557, 25.884189999634042], [-80.275085000119, 25.88356499997091], [-80.27505499998176, 25.882825000120764], [-80.27507300042343, 25.88272999973311], [-80.27504699958584, 25.88214699980672], [-80.27502700039268, 25.881636999601415], [-80.27430699979415, 25.8816669996269], [-80.2730859997785, 25.88169599988678], [-80.27118199987255, 25.88174800022345], [-80.26919400030103, 25.881794000377862], [-80.26719699961035, 25.88183999970611], [-80.26418499966667, 25.881922999696183], [-80.26305099968967, 25.882020999998886], [-80.2622010002931, 25.88202199975413], [-80.26052699964261, 25.882027999901933], [-80.26046100041867, 25.882028999657138], [-80.2604200004108, 25.882030000220517], [-80.26037500020496, 25.882031999730888], [-80.25943100019875, 25.882060000146176], [-80.25941199993217, 25.88205700007315], [-80.25941299975709, 25.882100000035216], [-80.259421000153, 25.882883000064624], [-80.25942500035096, 25.88328700019316], [-80.25946499963563, 25.885512000019585], [-80.25952999993295, 25.885608000318456], [-80.259533000306, 25.885706999711463], [-80.2595890003825, 25.887403000396734], [-80.25959799970502, 25.887684000111797], [-80.25963799988799, 25.888846000189925], [-80.25964299991085, 25.889043000232153], [-80.25965700015455, 25.88918100019722], [-80.2596680000252, 25.88935399977326], [-80.25967200022316, 25.88943400025296], [-80.25965700015455, 25.889434999945443], [-80.25965700015455, 25.88944899968023], [-80.25939400038884, 25.889461000028852], [-80.25769499962398, 25.889534999861834], [-80.2558860001526, 25.889615000218832], [-80.2556330004326, 25.889626000051564], [-80.25455299998396, 25.889673000059904], [-80.2535429998555, 25.889717999861222], [-80.25255199999363, 25.889761000265946], [-80.25161999968299, 25.889801999659973], [-80.25147300026822, 25.889808000220572], [-80.25136600013809, 25.889811999785962], [-80.24997799971788, 25.889875000398618], [-80.2494510003615, 25.889899000199865], [-80.24753900005962, 25.889985999741473], [-80.24740900036329, 25.890010000328278], [-80.2459740000874, 25.89005900036632], [-80.24546600009928, 25.890075999896453], [-80.24496999980674, 25.890093000232337], [-80.24437499977999, 25.890112999625988], [-80.24333200003957, 25.890148999657512], [-80.2434669997588, 25.89369900011398], [-80.2435169999875, 25.894530999788284], [-80.24352600020833, 25.89545599989088], [-80.24357300006399, 25.896268999780105], [-80.24361999991967, 25.89726900026636], [-80.24320200034323, 25.897254000216595], [-80.24304900018235, 25.897261999650755], [-80.24298899990791, 25.897265000145534], [-80.24293100018158, 25.897267999832096], [-80.24284099976988, 25.89727300038703], [-80.23955500018984, 25.897354999598925], [-80.23547500039138, 25.89744600022453], [-80.23344799956347, 25.897494999599896], [-80.2314280002049, 25.897539999651535], [-80.22939500042753, 25.897584000062523], [-80.22737199979757, 25.89760999996708], [-80.22737900036859, 25.897787000221907], [-80.22743299989693, 25.899095000052135], [-80.22745700018639, 25.899691999650273], [-80.22746499968399, 25.899850999866352], [-80.22749700036935, 25.900437999647078], [-80.22754300040012, 25.901318000107427], [-80.2275700001643, 25.901826000150997], [-80.22769200036304, 25.904854999976163], [-80.22769599966267, 25.904948999965196], [-80.22760299977625, 25.905498000132898], [-80.22771400010434, 25.908240999941384], [-80.2277269996248, 25.90855100026485], [-80.2277269996248, 25.908584999651225], [-80.22782999955697, 25.908768000006468], [-80.22786200024235, 25.909557999968296], [-80.22794000006016, 25.911441999890965], [-80.22794000006016, 25.91147299992666], [-80.22795599995366, 25.911769999829513], [-80.2279579996035, 25.91181000015377], [-80.2279650001745, 25.912001999905275], [-80.22796900037247, 25.91213400026014], [-80.2279710000223, 25.91219299984453], [-80.22797299967212, 25.912247999786597], [-80.22807399995446, 25.912244999672875], [-80.22846399994178, 25.912236999638633], [-80.22945800017672, 25.912202000189378], [-80.22999100027918, 25.912189000229706], [-80.23112100005822, 25.912170000037438], [-80.23165099978766, 25.91214200030139], [-80.2320059996149, 25.91216000019018], [-80.23277600044216, 25.91212600021835], [-80.23360999994519, 25.91210200008974], [-80.23408799979606, 25.912097999663807], [-80.23439999996562, 25.912082000382828], [-80.23553999979039, 25.91205000019832], [-80.23612200029667, 25.912027000363363], [-80.23811099969312, 25.911988999923558], [-80.24009900016296, 25.911938000292174], [-80.24037199997443, 25.911928999927163], [-80.24215200003182, 25.911872000023536], [-80.24255200006489, 25.91185799971694], [-80.2438890004315, 25.91182499996885], [-80.2441639998928, 25.91182499996885], [-80.24553100039661, 25.911768000014934], [-80.24615099963941, 25.911755000007414], [-80.24815800037582, 25.91167899974833], [-80.24988099963349, 25.911606999882927], [-80.25099100021936, 25.91155700039943], [-80.25210099990693, 25.911521999940387], [-80.25437399988381, 25.911438000250694], [-80.25511799987348, 25.911412000161448], [-80.25636099963043, 25.911361999787292], [-80.25767200005777, 25.91133399985938], [-80.25797699965628, 25.911297999826886], [-80.25808399978641, 25.911294999689], [-80.25825299984082, 25.91129100004372], [-80.25825200001589, 25.911271000199296], [-80.27449000009224, 25.91071499961095], [-80.27617499971508, 25.910666000069938]]]}}, {"type": "Feature", "properties": {"name": "Palmetto Bay", "geoid": "1254275", "county": "miamidade"}, "geometry": {"type": "Polygon", "coordinates": [[[-80.35331899973524, 25.600461999757748], [-80.35418099972567, 25.598590999678635], [-80.35016399967643, 25.598749000268285], [-80.34811800037856, 25.59878099992135], [-80.34678199983688, 25.598811000145265], [-80.34656900029987, 25.598811999855545], [-80.34572400002786, 25.598817999737342], [-80.34447700007294, 25.598867999820857], [-80.34409700013134, 25.598873999699855], [-80.3414609999313, 25.598959999822686], [-80.34038300003078, 25.599003999974673], [-80.33948099985737, 25.599003999974673], [-80.33772300043961, 25.599026000044567], [-80.33769599977713, 25.599026000044567], [-80.33766700036311, 25.59902699975308], [-80.33713599991046, 25.599028999980167], [-80.33644700017238, 25.59906799994587], [-80.3355619997174, 25.599070000172283], [-80.33468200018362, 25.599145000131664], [-80.3338369999116, 25.599165999658176], [-80.33297999994404, 25.599162000018705], [-80.33206699989998, 25.59917800019609], [-80.33138400000968, 25.599209000027404], [-80.33112000041902, 25.599206000096345], [-80.33046799959256, 25.5992310000596], [-80.3293239995698, 25.59926900025299], [-80.32845900010463, 25.59926400010034], [-80.32712400028616, 25.599306999624165], [-80.32669599976568, 25.599321000370136], [-80.32595099995109, 25.59932299978219], [-80.32591099976813, 25.59932400029832], [-80.32388100036381, 25.599387000392802], [-80.32278900021959, 25.59942400002132], [-80.32242299962338, 25.59943500001817], [-80.3217060002962, 25.59945499978887], [-80.32030100015754, 25.59950099997791], [-80.31933700005985, 25.599487999767753], [-80.31794899963963, 25.59951799981432], [-80.31731599997805, 25.599531000021223], [-80.31617000030548, 25.599561999760997], [-80.31349999977024, 25.599657999662103], [-80.31282299972771, 25.599683000340995], [-80.31097900009624, 25.59974900016386], [-80.31020099977138, 25.599776999930416], [-80.3102090001673, 25.599702000367383], [-80.3101949999236, 25.599703000070246], [-80.31015499974062, 25.59970399977306], [-80.31006600005216, 25.599705000286022], [-80.31000300030297, 25.59970699969161], [-80.30999599973197, 25.599744999733744], [-80.30999400008216, 25.59975599970104], [-80.31008899961839, 25.59989600008032], [-80.3101029998621, 25.599915999773934], [-80.3100819999457, 25.59993499976331], [-80.31005600000643, 25.59995800017279], [-80.31004599996068, 25.60006100008544], [-80.31004900033372, 25.600099999714615], [-80.31003300044021, 25.600230999975366], [-80.3098919999749, 25.60140799972756], [-80.3097949998905, 25.601404999851653], [-80.3097439998369, 25.601928000301733], [-80.30973399979113, 25.601997000366875], [-80.30971299987473, 25.602156000189332], [-80.30969399960819, 25.60229100016302], [-80.30966699984398, 25.60248400004675], [-80.30962300036137, 25.602615000126146], [-80.30951899970599, 25.602913000347254], [-80.30949100011689, 25.603502000054032], [-80.30952799992683, 25.603580999965953], [-80.30930399962082, 25.605664000078168], [-80.3092169995822, 25.605678999732703], [-80.30913999958932, 25.605718999612332], [-80.30909600010669, 25.605773999931266], [-80.3090619997715, 25.605815999892656], [-80.30904599987797, 25.60593499970313], [-80.30909600010669, 25.60604599976675], [-80.30919900003884, 25.606121000211203], [-80.30946500017764, 25.606154999619474], [-80.30940499990318, 25.606713999703008], [-80.30939900005538, 25.60677600031061], [-80.30908799971075, 25.606783999890148], [-80.30910799980226, 25.607202000061985], [-80.3087300004088, 25.6072139997934], [-80.30859599961619, 25.607217999973667], [-80.30857200022506, 25.60722900006354], [-80.30809500019907, 25.607428999975138], [-80.30808599997823, 25.607511000255286], [-80.30809299965095, 25.60757100036538], [-80.3081100002677, 25.607690000049093], [-80.30781800018964, 25.607690000049093], [-80.30613400039171, 25.607690000049093], [-80.3061329996685, 25.610119999867806], [-80.3061329996685, 25.61071499980534], [-80.30613400039171, 25.61090799986092], [-80.30685300026704, 25.610897000109585], [-80.30684300022128, 25.610942999946754], [-80.30684300022128, 25.611048999750718], [-80.30685999993973, 25.611188000260565], [-80.30686400013768, 25.611297000285077], [-80.30688400022918, 25.61144100015017], [-80.30687699965816, 25.61190800012787], [-80.30685900011481, 25.612114999935027], [-80.30683800019843, 25.612225000332334], [-80.3068299998025, 25.61232899980485], [-80.30680100038849, 25.612439000005253], [-80.3067319998932, 25.61258399970969], [-80.30668199966449, 25.61278600037898], [-80.30666900014401, 25.612874999803598], [-80.30665499990032, 25.612918999694894], [-80.30640200018034, 25.613414999779092], [-80.30638899976154, 25.61355199998337], [-80.30637500041615, 25.61389299962071], [-80.30636199999736, 25.61400199960838], [-80.30635899962431, 25.61402600013483], [-80.30632000016458, 25.61414299989829], [-80.30631500014168, 25.61418199979401], [-80.30627300030889, 25.614222000068445], [-80.3059150001086, 25.61423300032382], [-80.3058930003673, 25.61430900007235], [-80.30611799959988, 25.61430799968161], [-80.30615199993507, 25.614370000400445], [-80.30616600017876, 25.614411000191822], [-80.30616500035387, 25.614488000216376], [-80.30615799978285, 25.614513999803183], [-80.3060909998357, 25.614638999762864], [-80.30603700030736, 25.614707999781764], [-80.30601800004077, 25.614701000309935], [-80.30598899972844, 25.614680000271967], [-80.3059490004438, 25.614674999953788], [-80.3059150001086, 25.61469400002768], [-80.30582999971978, 25.614757000123205], [-80.30572299958968, 25.614805000057977], [-80.30567999993197, 25.61480799959761], [-80.30560399976399, 25.614793000278585], [-80.30554299966462, 25.614814000296732], [-80.30545399997615, 25.614860999822493], [-80.30540999959521, 25.61490299983117], [-80.30540399974744, 25.61493899994258], [-80.30540600029556, 25.614971999697694], [-80.30541700016623, 25.614997999989214], [-80.3054430001055, 25.61501800039658], [-80.30555199988545, 25.61502499984982], [-80.30557600017488, 25.615041999908943], [-80.30558200002267, 25.615070999718302], [-80.30551500007552, 25.615114000037163], [-80.30530599983815, 25.61520599968787], [-80.30522700019543, 25.61523199992851], [-80.30516600009608, 25.615264999602687], [-80.30505800014103, 25.61530399994227], [-80.30497699995018, 25.615324000298394], [-80.30459600018366, 25.615336999596558], [-80.30449699955116, 25.615349000131335], [-80.30446999978697, 25.615360000282976], [-80.30445999974124, 25.61539800020997], [-80.30446899996207, 25.615426999932932], [-80.30448400003068, 25.615440000029903], [-80.30450400012217, 25.615443999934847], [-80.30518199998959, 25.615394000303464], [-80.30523499969304, 25.6154020001163], [-80.30542999968671, 25.61524599961957], [-80.30544700030346, 25.615224000104302], [-80.30552400029636, 25.615228000016458], [-80.30559500044146, 25.61525600020792], [-80.30565200034287, 25.615290999830478], [-80.30571699974189, 25.615383999726664], [-80.30573400035864, 25.615489999642037], [-80.30573299963541, 25.615583999763395], [-80.30570900024429, 25.615685999604644], [-80.30569199962754, 25.615724999806826], [-80.30565900001557, 25.61575499982907], [-80.30562499968039, 25.615777000056617], [-80.30550699967961, 25.61582200006757], [-80.30546999986969, 25.615827000337745], [-80.30543300005975, 25.615820000121452], [-80.30540499957236, 25.615801000226565], [-80.30541799999115, 25.61578200032869], [-80.305351000044, 25.615732000028693], [-80.30520499955581, 25.615643000301624], [-80.30446300011428, 25.61566299979101], [-80.30444100037298, 25.615685000035466], [-80.30443799999993, 25.61571500006776], [-80.30445600044159, 25.6157439997138], [-80.30447399998495, 25.61575499982907], [-80.30454199975699, 25.615762000049177], [-80.30497299975222, 25.6157560002077], [-80.30507800023253, 25.61577399973127], [-80.30515400040049, 25.615794000008734], [-80.30539500042494, 25.615908000149382], [-80.30539100022696, 25.61602200018127], [-80.30538100018123, 25.61609300015327], [-80.30533199977744, 25.616279000245033], [-80.30532900030268, 25.616326000004655], [-80.30534199982317, 25.616377999992903], [-80.30532599992962, 25.616402000042143], [-80.30524999976166, 25.616513000106], [-80.30520600027904, 25.61655000010438], [-80.30518600018755, 25.616544999864445], [-80.30515400040049, 25.61652000028171], [-80.30512799956293, 25.61651500004053], [-80.30509800032401, 25.616529999953453], [-80.30506800018676, 25.61655700027791], [-80.30502600035398, 25.61658199985291], [-80.30488800026171, 25.616642999830788], [-80.30483300001013, 25.61668100015977], [-80.30482600033744, 25.616723999899296], [-80.30477500028381, 25.61675399967076], [-80.30475299964421, 25.616760000272162], [-80.30474000012372, 25.616714999804405], [-80.30466499978063, 25.616716000175007], [-80.30463399981849, 25.61672199996828], [-80.30460000038164, 25.616744000017796], [-80.30456799969627, 25.616810000141996], [-80.30452699968839, 25.616861999919653], [-80.30450900014505, 25.616869999634197], [-80.30445700026651, 25.616915000043583], [-80.30443899982484, 25.616946000135716], [-80.30435000013638, 25.61705299984331], [-80.30420500037143, 25.617160000265095], [-80.3041829997318, 25.617248999672363], [-80.3041829997318, 25.61733200006101], [-80.30417400040929, 25.61735700028386], [-80.30408300017268, 25.61739200010109], [-80.30404399981461, 25.617401000144994], [-80.30400199998185, 25.61742699990807], [-80.30399500030913, 25.617397999860426], [-80.30397299966951, 25.6173700001709], [-80.30395299957803, 25.617353999998183], [-80.30391699959303, 25.617335999902608], [-80.30386600043771, 25.617341999664763], [-80.3037969999424, 25.617383999611473], [-80.3037600001325, 25.61739200010109], [-80.30373599984306, 25.617414000027264], [-80.30372599979731, 25.61743400003023], [-80.30372699962223, 25.61745200011105], [-80.30376500015535, 25.617494000019107], [-80.30377000017823, 25.61752800024244], [-80.30375599993454, 25.61755200006071], [-80.30373500001814, 25.617573000404036], [-80.30368599961433, 25.61759599985005], [-80.30364100030683, 25.617604999878623], [-80.30359600010097, 25.61760400032546], [-80.30356500013883, 25.617613000353433], [-80.30341600017591, 25.61768699965749], [-80.3032250003802, 25.61772400010238], [-80.30311599970196, 25.617729000292965], [-80.3030410002572, 25.617744000053467], [-80.30294800037078, 25.617751999708993], [-80.30268200023198, 25.617736000397443], [-80.30254499996464, 25.61771800035941], [-80.30240500022256, 25.617722999740224], [-80.30239199980377, 25.617700999870973], [-80.30236699968941, 25.617677999635127], [-80.30232099965866, 25.61766600014426], [-80.30211700034246, 25.617662999866344], [-80.30200600001439, 25.61767199988984], [-80.30195599978568, 25.61768800001995], [-80.30191300012795, 25.61770900033935], [-80.30189399986139, 25.617702000233294], [-80.30183500031015, 25.61762299993368], [-80.3017049997155, 25.617579000154286], [-80.30158900026287, 25.61757000012378], [-80.3015280001635, 25.617581999624278], [-80.30150899989692, 25.617593999933614], [-80.30149800002627, 25.617611999990352], [-80.30149100035358, 25.617675999720067], [-80.3015709998212, 25.61776299963942], [-80.30158400023998, 25.617783999945637], [-80.30158400023998, 25.617801999973736], [-80.3015990003086, 25.617857999953817], [-80.30162199987483, 25.617899999719157], [-80.30178300043161, 25.618292999874573], [-80.30181000019579, 25.618389999670764], [-80.30177699968553, 25.618335999844046], [-80.301696000393, 25.618138000270626], [-80.30156199960037, 25.617874000059057], [-80.30153300018637, 25.61780399988667], [-80.30149700020135, 25.617742999691476], [-80.30145600019348, 25.617700999870973], [-80.30142100003339, 25.617675999720067], [-80.30139799956883, 25.617666999696862], [-80.30134400004047, 25.617686000105067], [-80.30131200025345, 25.61771300016835], [-80.3012820001162, 25.61779400032159], [-80.30122100001682, 25.617917999729812], [-80.30109799999319, 25.618095999778937], [-80.30102000017538, 25.61823799964617], [-80.30096099972583, 25.618269000205128], [-80.30094200035757, 25.618292999874573], [-80.30090399982443, 25.618387999767613], [-80.30084699992301, 25.618446999731372], [-80.300774999953, 25.618551999814468], [-80.30074999983863, 25.618574000337045], [-80.30067299984573, 25.618581999937], [-80.3006479997314, 25.61858899999149], [-80.30063400038601, 25.618642000159394], [-80.30062400034026, 25.618658000159645], [-80.30054700034736, 25.618722000139122], [-80.30048899972273, 25.618791999773673], [-80.30044600006502, 25.618814000252055], [-80.30039300036158, 25.618865999967614], [-80.30034999980555, 25.618894999658934], [-80.30027799983553, 25.618961000215066], [-80.30020900023855, 25.619003999944137], [-80.30009700008557, 25.619060999711827], [-80.29989299987108, 25.61911199977938], [-80.29984400036557, 25.619130999957783], [-80.29972999966445, 25.619134000198844], [-80.29963099993026, 25.61904800000879], [-80.29953200019605, 25.619012999866644], [-80.29943900030962, 25.61898799999023], [-80.29933499965425, 25.618991000234878], [-80.29928100012589, 25.619023999680984], [-80.2992619998593, 25.61901800000329], [-80.29924599996578, 25.619003000402696], [-80.29920800033094, 25.618998999806898], [-80.2991770003688, 25.619014000217987], [-80.29914100038378, 25.619079000357562], [-80.2991129998964, 25.61906799973829], [-80.2990149999871, 25.619109999888313], [-80.29887799971975, 25.61919299979423], [-80.29879599970398, 25.619273000215042], [-80.29877099958962, 25.61932299984333], [-80.29876399991693, 25.619377000033957], [-80.29874800002341, 25.619422000309175], [-80.2987339997797, 25.61944399986158], [-80.29869699996978, 25.619466000219926], [-80.29869299977182, 25.61948599987943], [-80.29870100016774, 25.61950300011389], [-80.29872799993191, 25.61949699965027], [-80.2987620002671, 25.61947800034003], [-80.29876800011489, 25.619496000112935], [-80.29875300004626, 25.619574999984206], [-80.29873700015276, 25.619618000302317], [-80.29873499960462, 25.619651999921242], [-80.29876999976472, 25.619705999963212], [-80.29874700019849, 25.619730999689363], [-80.29871500041143, 25.61974299978287], [-80.29867199985542, 25.619772999606326], [-80.29864400026632, 25.619845999658317], [-80.2986419997182, 25.619899000078654], [-80.29866400035783, 25.619954000352486], [-80.29863599987041, 25.620027000293845], [-80.29862800037282, 25.620095000099287], [-80.29858800018984, 25.620171999701206], [-80.29854200015907, 25.620285000184285], [-80.29850600017406, 25.62034400002133], [-80.2984790004099, 25.62036800008398], [-80.29836499970875, 25.62044200011183], [-80.29830299978448, 25.620512000358662], [-80.29826799962437, 25.620529999975794], [-80.29825500010392, 25.620547000061713], [-80.29825500010392, 25.620567999878606], [-80.29826400032474, 25.620586000297305], [-80.29828699989095, 25.62059899983303], [-80.29830899963225, 25.620602000037223], [-80.29832799989885, 25.620619999640805], [-80.29827500019539, 25.6206249997102], [-80.29825900030187, 25.620639000389406], [-80.29824699970798, 25.620682000324564], [-80.29825400027899, 25.620699999916074], [-80.29835100036337, 25.62083100028158], [-80.29836999973163, 25.620865999891173], [-80.29839900004396, 25.620944999666545], [-80.29840499989173, 25.62097600033312], [-80.29840700043987, 25.621095999963426], [-80.29834999964015, 25.621496000020503], [-80.29827299964724, 25.621614999608916], [-80.29822900016464, 25.621659999851197], [-80.29816800006526, 25.621708999771748], [-80.29811299981368, 25.621742999605615], [-80.2979730000716, 25.621809000208465], [-80.29793399971355, 25.62182100009325], [-80.29779300014654, 25.621881000309077], [-80.29774399974274, 25.621923000280223], [-80.2977139996055, 25.621997000154884], [-80.29772200000144, 25.622087000334737], [-80.29773799989496, 25.622112000372674], [-80.29778499975063, 25.622151999612477], [-80.29797800009447, 25.622212999986637], [-80.29799900001088, 25.622212999986637], [-80.2980719998058, 25.6222399998369], [-80.29816700024037, 25.622289999843446], [-80.29825400027899, 25.622324000321974], [-80.29829399956365, 25.622319999837355], [-80.29839700039412, 25.62233400031793], [-80.29839999986888, 25.62236100014084], [-80.29842699963305, 25.622384000285162], [-80.2984519997474, 25.62239199963], [-80.29849100010546, 25.62238100012573], [-80.29859300021272, 25.622384000285162], [-80.29866099998476, 25.622419000249796], [-80.29868699992404, 25.622462000354286], [-80.29871399968822, 25.622480999999947], [-80.29875200022137, 25.622494000139447], [-80.2988250000163, 25.622494999651668], [-80.29884299955964, 25.62248700031374], [-80.29888799976548, 25.622446000053483], [-80.29894600039012, 25.622462000354286], [-80.29898300020005, 25.622514999614125], [-80.29900300029153, 25.622534000061336], [-80.29905299962192, 25.622545000361484], [-80.29906900041378, 25.62255599985068], [-80.29907000023869, 25.622573999969855], [-80.29904900032227, 25.622663000204184], [-80.29903599990348, 25.622688999632167], [-80.29903000005571, 25.622726000147985], [-80.2990369997284, 25.622749999732125], [-80.2990579996448, 25.622785999909286], [-80.2992340002702, 25.62292700036368], [-80.2992619998593, 25.62297000028533], [-80.29928799979857, 25.62307700026802], [-80.2992839996006, 25.623200000356835], [-80.29933700020237, 25.623377000321646], [-80.29939999995156, 25.623490000203205], [-80.29939900012664, 25.623588999646056], [-80.299380999685, 25.623682999875605], [-80.29937099963925, 25.62370000032281], [-80.29934999972285, 25.6236970001964], [-80.29932999963137, 25.623700999824955], [-80.29931499956274, 25.62377099978219], [-80.29932200013376, 25.623798000090304], [-80.29934300005016, 25.623811000086476], [-80.29938999990583, 25.623819000145716], [-80.2994090001724, 25.623832999640623], [-80.29942599989084, 25.623931000108986], [-80.2994230004161, 25.623958000380938], [-80.29940699962427, 25.623981000217803], [-80.29938300023314, 25.624000999931468], [-80.29936200031673, 25.624005999859364], [-80.29932799998153, 25.624004000050228], [-80.29931399973785, 25.624017000023958], [-80.29931399973785, 25.62408300018046], [-80.2993249996085, 25.624099999760784], [-80.29938999990583, 25.624096000145617], [-80.29937700038535, 25.624181999941815], [-80.29936499979146, 25.624207000351262], [-80.29931600028598, 25.624251000119678], [-80.29932799998153, 25.624289999956044], [-80.29932999963137, 25.624333000197048], [-80.2993599997686, 25.62439799987266], [-80.29934100040033, 25.62442800014717], [-80.29933800002728, 25.62447399963545], [-80.29936300014165, 25.6244819996503], [-80.29938800025602, 25.624500999784672], [-80.29939300027887, 25.62451899961078], [-80.2993870004311, 25.624543999949697], [-80.29938499988295, 25.62461600002185], [-80.29939199955565, 25.624633000336296], [-80.29941300037035, 25.62465400024493], [-80.29941199964713, 25.624801000311958], [-80.2993870004311, 25.624895000397736], [-80.29938800025602, 25.62492600003931], [-80.29940699962427, 25.624940999706222], [-80.29939900012664, 25.62498000012728], [-80.29940099977647, 25.62506700039769], [-80.29938499988295, 25.625139999644695], [-80.29937300018739, 25.62516699964338], [-80.2993680001645, 25.625250000201028], [-80.2993599997686, 25.625269999702244], [-80.29931999958562, 25.625296999671527], [-80.29924799961559, 25.625304000142542], [-80.29925799966135, 25.625359000357868], [-80.29927299972995, 25.62537200018417], [-80.29927899957775, 25.625389999879022], [-80.29927799975283, 25.625411999952327], [-80.29929899966923, 25.625457000384234], [-80.29937800021025, 25.625497000123953], [-80.29940999999731, 25.62554300001054], [-80.29939900012664, 25.625566000352197], [-80.29939900012664, 25.62559800011582], [-80.29941500002019, 25.625623000228952], [-80.2994309999137, 25.625637000322378], [-80.29942699971575, 25.625746000126057], [-80.29941900021815, 25.625769999913437], [-80.29939800030175, 25.625782999695012], [-80.29936099959349, 25.62588199966735], [-80.29932100030886, 25.62601799986372], [-80.29929500036958, 25.626066000134294], [-80.2992469997907, 25.62618199996607], [-80.29924299959274, 25.626202999602388], [-80.29927699992793, 25.626288000021066], [-80.29919099971421, 25.626297000204772], [-80.29915599955409, 25.626336000183134], [-80.29915399990426, 25.626356000312448], [-80.29916800014799, 25.62637599962848], [-80.29918999988928, 25.626389999633684], [-80.29914800005649, 25.626476000208154], [-80.29916599959982, 25.626510999783775], [-80.29915399990426, 25.626532000172194], [-80.29914300003361, 25.62657200036186], [-80.29913800001074, 25.62662899975856], [-80.29912299994214, 25.62664299973411], [-80.29910399967555, 25.626636999629078], [-80.2990789995612, 25.626619000122144], [-80.29904099992636, 25.626606999909395], [-80.29898499984988, 25.626636999629078], [-80.29897200032939, 25.626662999812048], [-80.29896700030652, 25.626735000226823], [-80.29895600043588, 25.626760000101953], [-80.29891299987985, 25.62678199992296], [-80.29889000031363, 25.6268039997399], [-80.29888100009279, 25.62682800012465], [-80.29889000031363, 25.626849999933103], [-80.29888799976548, 25.626868000215186], [-80.298867999674, 25.62687100026194], [-80.298803000275, 25.626849999933103], [-80.29872000043432, 25.62683199964833], [-80.29867100003051, 25.62679700016674], [-80.29865099993903, 25.626792999831938], [-80.2986330003957, 25.626800999691454], [-80.29861499995403, 25.626851000218835], [-80.29862599982467, 25.6268820001627], [-80.29857399994613, 25.626950000115933], [-80.29853399976317, 25.626959000249755], [-80.29850399962594, 25.62698400007803], [-80.29844699972452, 25.6270930002724], [-80.29841199956442, 25.627118000072606], [-80.29836200023402, 25.627144000150846], [-80.29828799971587, 25.627196999763232], [-80.29825599992881, 25.627210000199426], [-80.2982199999438, 25.627233999692656], [-80.29818099958575, 25.627276000211584], [-80.29815899984443, 25.627328000293605], [-80.29813100025535, 25.627334000363906], [-80.29805000006448, 25.627336000117307], [-80.29796800004873, 25.627356000079196], [-80.29791899964493, 25.62738500013946], [-80.29787000013944, 25.627429000357093], [-80.29782900013156, 25.627440000206494], [-80.29780200036738, 25.6274340001415], [-80.29774000044308, 25.627443999709683], [-80.2976779996205, 25.62747700006063], [-80.29763099976483, 25.627527999775115], [-80.29753500040368, 25.627695999728743], [-80.29749799969544, 25.62771599963033], [-80.29738100041789, 25.62774100011008], [-80.29726599989185, 25.62775199993075], [-80.29722700043212, 25.62777700040296], [-80.29717300000543, 25.627876999809637], [-80.29713199999756, 25.6279720001809], [-80.29711000025624, 25.628004000109897], [-80.29707500009614, 25.628008999870232], [-80.2970149998217, 25.627999000349348], [-80.29694000037692, 25.62800299983382], [-80.29679300006383, 25.628037000306115], [-80.2966270003825, 25.628008999870232], [-80.29654000034384, 25.627972999647284], [-80.29623800022006, 25.627885999873637], [-80.29618399979339, 25.627876999809637], [-80.29602399995981, 25.627882999852382], [-80.29598399977684, 25.627876999809637], [-80.29594199994405, 25.62784799986883], [-80.29587099979894, 25.62777700040296], [-80.29579299998113, 25.62772700026324], [-80.29573500025481, 25.627701000311912], [-80.2956359996223, 25.627671000049514], [-80.29552699984235, 25.62766600027503], [-80.29546800029112, 25.62767899985025], [-80.29501100035664, 25.627640000310425], [-80.29494699988422, 25.627585999805113], [-80.29490599987633, 25.627547000234895], [-80.2948470003251, 25.627550000264588], [-80.2947560000885, 25.627570000190662], [-80.29465300015633, 25.627558000073428], [-80.29462600039216, 25.627649000392278], [-80.29459700007985, 25.627686999650443], [-80.29454299965317, 25.627803999805554], [-80.29449099977464, 25.627951000045645], [-80.29437600014693, 25.62806300018429], [-80.29420999956726, 25.628238999958544], [-80.29414400034331, 25.628291999894962], [-80.29407599967293, 25.628335999778475], [-80.29397799976364, 25.628417000018647], [-80.29374000011228, 25.628588000345292], [-80.29345200023218, 25.628731000160467], [-80.29303899978031, 25.628821000126283], [-80.29273199963365, 25.628942000243413], [-80.29254099983794, 25.62900000039665], [-80.29238400037742, 25.62903900030233], [-80.29234400019445, 25.62905799971183], [-80.29231599970703, 25.62908299991066], [-80.29220699992709, 25.629143999985057], [-80.29217900033801, 25.629145999708168], [-80.29213499995707, 25.629123000055902], [-80.29210300017002, 25.629117000075457], [-80.2919609998798, 25.629133000292626], [-80.291883000062, 25.629152999953583], [-80.29179500019846, 25.629157000209354], [-80.29167800002259, 25.62920699975039], [-80.29158400031125, 25.62921599971417], [-80.29137099987592, 25.629191000353106], [-80.29093999988069, 25.62916099965505], [-80.29068100031293, 25.6291549996765], [-80.29060500014495, 25.629160000198603], [-80.29039500008265, 25.629209000282366], [-80.29028100027983, 25.629203999762314], [-80.28986799982798, 25.62915799966581], [-80.28966399961347, 25.629129000036055], [-80.28952300004647, 25.629129000036055], [-80.28930299993844, 25.62916099965505], [-80.28908399965533, 25.62921599971417], [-80.2889830002713, 25.62924900038545], [-80.28884299963092, 25.629283999958425], [-80.2887570003155, 25.629310999830267], [-80.2886729997516, 25.629355000148294], [-80.28855300010099, 25.62938000028495], [-80.28849799984941, 25.629390999954676], [-80.28838200039677, 25.62942999973266], [-80.28833299999297, 25.62945199987179], [-80.28821800036525, 25.629515999738025], [-80.28817800018227, 25.629533000165], [-80.28795399987628, 25.62959200029397], [-80.28776200025567, 25.62962900029138], [-80.28770299980611, 25.629657000347457], [-80.2876669998211, 25.62968299987296], [-80.28764599990471, 25.629712999629966], [-80.28764099988184, 25.629746999615445], [-80.2876529995774, 25.629828999969373], [-80.28769299976038, 25.6299020003556], [-80.28775999970753, 25.629983000343607], [-80.28786500018782, 25.63008399978172], [-80.2879820003637, 25.630181999980856], [-80.28797800016574, 25.63027899984254], [-80.28904500019559, 25.630261000074576], [-80.28910200009699, 25.630262000331747], [-80.29108999966854, 25.630220000052976], [-80.29158000011329, 25.63020999990728], [-80.29160699987747, 25.630215000385196], [-80.29167600037275, 25.630215000385196], [-80.29173800029704, 25.630208999649675], [-80.29177699975678, 25.63021299987008], [-80.29249999983006, 25.630193000386612], [-80.29274000002957, 25.63017799975942], [-80.29288399996962, 25.630196000349844], [-80.29288599961944, 25.63042300031858], [-80.29288800016758, 25.630601999807688], [-80.29292800035056, 25.63147000033044], [-80.29302999955948, 25.633673999628645], [-80.29303299993254, 25.63374899974012], [-80.29303999960521, 25.633919999720923], [-80.29343299996562, 25.633907000015164], [-80.29469599981405, 25.633865999625563], [-80.29702700041557, 25.6338010002433], [-80.29785000004794, 25.633774999994515], [-80.29800900005661, 25.63377200012123], [-80.29801900010234, 25.634162000028308], [-80.29802499995013, 25.634322999616415], [-80.30106000035836, 25.634222999938057], [-80.30119300042773, 25.634221999714065], [-80.30120199975026, 25.634530000271933], [-80.30123199988749, 25.635537999708635], [-80.30126700004759, 25.63634100036652], [-80.30129999965955, 25.637355999665914], [-80.29713799984533, 25.63743099989413], [-80.29698899988242, 25.637436000069663], [-80.29697899983668, 25.637436000069663], [-80.29671799972077, 25.6380240002988], [-80.29644800028234, 25.638523000374256], [-80.29639200020584, 25.638626000251858], [-80.29634199997712, 25.638626999629057], [-80.29631600003786, 25.638626000251858], [-80.29194300033646, 25.63866199969278], [-80.28918999996054, 25.642736000319722], [-80.29004299973016, 25.64323799976946], [-80.29010100035478, 25.643276999883515], [-80.29058599987837, 25.643556999726155], [-80.29059799957393, 25.643955000390772], [-80.29060000012207, 25.644012999729803], [-80.2906310000842, 25.645059999608222], [-80.29110399991222, 25.645047000305716], [-80.29337299969116, 25.644986000258008], [-80.29361899973844, 25.644977999997224], [-80.29551500014679, 25.644932000309257], [-80.29617499957256, 25.644914999645497], [-80.2984109997395, 25.64485800006989], [-80.29917800019372, 25.64483600034006], [-80.3015630003236, 25.644766999909546], [-80.30305799997562, 25.644723999738467], [-80.30412800037851, 25.64468999996891], [-80.3053660001126, 25.644657000326184], [-80.30664800022763, 25.644622999727687], [-80.30725400012503, 25.64460599982973], [-80.30766400020386, 25.644596000079172], [-80.30812000031344, 25.644580999641924], [-80.30824300033707, 25.644576999902917], [-80.30967100004196, 25.64453100006043], [-80.31066899957654, 25.64449899970179], [-80.31173399995656, 25.64448099964813], [-80.31271399994777, 25.644433999630213], [-80.31371800022845, 25.644406999938937], [-80.3147300000067, 25.64437599968596], [-80.31522899977399, 25.64437799996377], [-80.31573900031024, 25.644346000373947], [-80.31776500041492, 25.644306999799372], [-80.31859899991797, 25.644271999771206], [-80.31864400012381, 25.64427000030146], [-80.32031899970089, 25.644217000169004], [-80.32131899978361, 25.644191999899718], [-80.3218550002591, 25.644171000187754], [-80.32237699959262, 25.644161000400747], [-80.32335699958384, 25.64414200015525], [-80.32390599957985, 25.644120000293427], [-80.32440299969731, 25.64410399965518], [-80.32593300040774, 25.644069000377318], [-80.32695400040684, 25.644042999935333], [-80.32796100016225, 25.6440199999134], [-80.32879700021343, 25.643988000227587], [-80.3289999997047, 25.64399300012844], [-80.32963099971647, 25.64396699966989], [-80.33002699955158, 25.64402900038025], [-80.33046099991984, 25.64399400027055], [-80.33206799972488, 25.643916999831163], [-80.3341110004463, 25.643851000109162], [-80.33465100022147, 25.642700999830847], [-80.33531099964725, 25.641300000040985], [-80.33532599971585, 25.641267000270837], [-80.33534499998244, 25.64122700014456], [-80.33556699974028, 25.640755999917072], [-80.33632699962348, 25.63912799997941], [-80.33762200015727, 25.636332000129876], [-80.3383560001012, 25.63472899962087], [-80.33850000004125, 25.634388999747014], [-80.3393629998566, 25.63261099975413], [-80.33943900002457, 25.632447000380804], [-80.33993199994407, 25.631392999912045], [-80.3410940004085, 25.628906999760286], [-80.3425940000834, 25.625615999776613], [-80.34290000040515, 25.625002999767368], [-80.34343400033252, 25.623848999755655], [-80.34346500029469, 25.623781999968465], [-80.3434879998609, 25.623731000274486], [-80.34375499982457, 25.623154000377937], [-80.34478000002164, 25.620959000308257], [-80.34559299960829, 25.619127999716646], [-80.34573900009647, 25.61873699977497], [-80.34610399996946, 25.61776700027663], [-80.3461149998401, 25.617707999977092], [-80.3463259997273, 25.61668800032564], [-80.34637400030618, 25.616455999932857], [-80.34676000009557, 25.614879000290895], [-80.34717299964913, 25.613923000102847], [-80.34749700041255, 25.61321999973186], [-80.34804899988328, 25.612044000029794], [-80.34835400038011, 25.61137799992676], [-80.34963499977191, 25.608578999656427], [-80.3500289999572, 25.607738000391738], [-80.3504010004012, 25.6069080001905], [-80.3507889998404, 25.60608799963258], [-80.35117999965264, 25.605220999873637], [-80.35156799999015, 25.604412999908913], [-80.35198700028982, 25.603565000377667], [-80.3525289997148, 25.60229699987028], [-80.35317099959722, 25.6008699999877], [-80.35318099964297, 25.600665000351942], [-80.35331899973524, 25.600461999757748]]]}}, {"type": "Feature", "properties": {"name": "Pinecrest", "geoid": "1256625", "county": "miamidade"}, "geometry": {"type": "Polygon", "coordinates": [[[-80.33337400012933, 25.64548300012372], [-80.3341110004463, 25.643851000109162], [-80.33206799972488, 25.643916999831163], [-80.33046099991984, 25.64399400027055], [-80.33002699955158, 25.64402900038025], [-80.32963099971647, 25.64396699966989], [-80.3289999997047, 25.64399300012844], [-80.32879700021343, 25.643988000227587], [-80.32796100016225, 25.6440199999134], [-80.32695400040684, 25.644042999935333], [-80.32593300040774, 25.644069000377318], [-80.32440299969731, 25.64410399965518], [-80.32390599957985, 25.644120000293427], [-80.32335699958384, 25.64414200015525], [-80.32237699959262, 25.644161000400747], [-80.3218550002591, 25.644171000187754], [-80.32131899978361, 25.644191999899718], [-80.32031899970089, 25.644217000169004], [-80.31864400012381, 25.64427000030146], [-80.31859899991797, 25.644271999771206], [-80.31776500041492, 25.644306999799372], [-80.31573900031024, 25.644346000373947], [-80.31522899977399, 25.64437799996377], [-80.3147300000067, 25.64437599968596], [-80.31371800022845, 25.644406999938937], [-80.31271399994777, 25.644433999630213], [-80.31173399995656, 25.64448099964813], [-80.31066899957654, 25.64449899970179], [-80.30967100004196, 25.64453100006043], [-80.30824300033707, 25.644576999902917], [-80.30812000031344, 25.644580999641924], [-80.30766400020386, 25.644596000079172], [-80.30725400012503, 25.64460599982973], [-80.30664800022763, 25.644622999727687], [-80.3053660001126, 25.644657000326184], [-80.30412800037851, 25.64468999996891], [-80.30305799997562, 25.644723999738467], [-80.3015630003236, 25.644766999909546], [-80.29917800019372, 25.64483600034006], [-80.2984109997395, 25.64485800006989], [-80.29617499957256, 25.644914999645497], [-80.29551500014679, 25.644932000309257], [-80.29361899973844, 25.644977999997224], [-80.29337299969116, 25.644986000258008], [-80.29110399991222, 25.645047000305716], [-80.2906310000842, 25.645059999608222], [-80.290488999794, 25.645065000273995], [-80.2902700004092, 25.64507100026281], [-80.29007700006534, 25.64507700025136], [-80.29003900043051, 25.645078000384363], [-80.28999099985161, 25.645078000384363], [-80.28958499997076, 25.645089000227475], [-80.28952700024443, 25.645090999683497], [-80.28926699995344, 25.64509699967104], [-80.28916400002127, 25.645100000069586], [-80.28908100018059, 25.645114999631787], [-80.28715899983298, 25.645217000167882], [-80.2862590002077, 25.6452430003541], [-80.28533199991995, 25.645274000381868], [-80.28487499998545, 25.645276999966153], [-80.2844349997694, 25.645280000360174], [-80.28344599955734, 25.645300999877005], [-80.28345700032632, 25.6457249996659], [-80.28347499986967, 25.646399999667373], [-80.28353099994615, 25.648497999790894], [-80.28354699983969, 25.649346000247895], [-80.28360100026636, 25.65041399973168], [-80.28360299991617, 25.65147499962738], [-80.2836399997261, 25.65263999980562], [-80.28557100029454, 25.652613000351487], [-80.28493000023705, 25.653568000093603], [-80.28457200003675, 25.65414400032739], [-80.28426900008806, 25.65469599976367], [-80.28402600041382, 25.655314999828356], [-80.2838439999406, 25.655836999852315], [-80.28381600035152, 25.656134000061], [-80.28379200006206, 25.65639099962846], [-80.28374799968114, 25.656852000152707], [-80.28380600030577, 25.659176999829036], [-80.28382700022216, 25.660044999836195], [-80.28535299983635, 25.66001799962892], [-80.28657899987485, 25.65999700027323], [-80.28807000022724, 25.659962999997518], [-80.28807000022724, 25.660926000006913], [-80.2886800003226, 25.660932000007815], [-80.28870500043695, 25.661788000282666], [-80.28870600026188, 25.661902000234033], [-80.29001500014107, 25.66187099966851], [-80.29001500014107, 25.661898000266], [-80.29002199981376, 25.662619999610648], [-80.29004199990524, 25.66360700030347], [-80.29006000034691, 25.66413900020573], [-80.28396100011648, 25.664289000144926], [-80.28393400035228, 25.66375600012576], [-80.28286800014736, 25.663759000055045], [-80.28260500038162, 25.663784000272646], [-80.2823440002657, 25.663826000075794], [-80.28218100005908, 25.663860000059824], [-80.28201600020265, 25.66390299981145], [-80.28176400030756, 25.66398500017978], [-80.28151900008518, 25.66408200009837], [-80.2814429999172, 25.66411899992968], [-80.28118000015147, 25.66428100036883], [-80.28108700026505, 25.664339000352623], [-80.28087499965463, 25.66449199995108], [-80.28068600040707, 25.66465699979021], [-80.28050499975878, 25.66483699972237], [-80.28034099972726, 25.66502899978233], [-80.28019400031246, 25.66523000001991], [-80.28008600035743, 25.66541299978442], [-80.28002600008298, 25.66551000016072], [-80.27992399997574, 25.66572099999726], [-80.2798439996098, 25.665916000128167], [-80.27978699970838, 25.66609299990858], [-80.27977300036301, 25.666146000038736], [-80.2798860003409, 25.666219000072495], [-80.2799159995798, 25.666253000183847], [-80.27992300015082, 25.666270000235922], [-80.27993900004435, 25.66628600033031], [-80.28021600005378, 25.666464000324893], [-80.28044100018467, 25.66665099962358], [-80.28064100020123, 25.666777000007478], [-80.28071099962311, 25.666827999932263], [-80.28090399996695, 25.66699199982818], [-80.28140399955913, 25.667356000252582], [-80.28188599960798, 25.667684999929126], [-80.28194099985957, 25.66771299996305], [-80.2822510003793, 25.66793400017346], [-80.28242100025861, 25.66804899985713], [-80.28253900025938, 25.668120999595555], [-80.28265399988709, 25.668159999671875], [-80.28269200042024, 25.668222999892766], [-80.28270699959054, 25.66824600010649], [-80.28286399994938, 25.668365000050105], [-80.28309800030111, 25.66853000019719], [-80.28328599972377, 25.668637999757657], [-80.28337799978527, 25.668682000150273], [-80.2834499997553, 25.66870900001513], [-80.28345800015121, 25.66873999961253], [-80.28345899997613, 25.668775999683344], [-80.28343399986178, 25.66879899979039], [-80.28343999970957, 25.66883299997571], [-80.28348999993827, 25.668893999974248], [-80.28352500009836, 25.66891500019217], [-80.28353699979395, 25.668967999877534], [-80.28355900043357, 25.668985000352126], [-80.28356500028134, 25.66902699994256], [-80.28363800007627, 25.66912199994473], [-80.28370500002345, 25.669301999613403], [-80.28377299979549, 25.669443000176106], [-80.28382800004708, 25.669481999819936], [-80.28383499971979, 25.66950000014951], [-80.28380999960541, 25.669516999738576], [-80.28377000032077, 25.6695609998068], [-80.28379100023716, 25.6696489998945], [-80.28387800027579, 25.669696999620513], [-80.28387800027579, 25.66978900012092], [-80.2838849999485, 25.669827999651602], [-80.28390500003998, 25.669870999679862], [-80.2839560000936, 25.670031999666733], [-80.2839900004288, 25.67011900029333], [-80.2839979999264, 25.670296000311204], [-80.2840120001701, 25.67039200003257], [-80.28403100043667, 25.67047399998636], [-80.28405999985067, 25.67064699980262], [-80.28405499982782, 25.671370000328263], [-80.28410199968346, 25.672543999606425], [-80.28412400032309, 25.672597000107242], [-80.28411699975209, 25.672769000180097], [-80.28413900039172, 25.67343700008624], [-80.28413900039172, 25.673662999677198], [-80.28415000026234, 25.673735000073055], [-80.28414299969135, 25.67400900032722], [-80.28416399960776, 25.67440400011992], [-80.28416399960776, 25.674555999869654], [-80.28417399965349, 25.674686000343446], [-80.2841810002245, 25.674782999651704], [-80.2841820000494, 25.674851999720907], [-80.28418799989718, 25.675228999686915], [-80.28420899981359, 25.675420000133723], [-80.28422600043034, 25.67549200027783], [-80.28421700020952, 25.675732999780227], [-80.28422200023238, 25.67620799983848], [-80.28423800012592, 25.67668000001871], [-80.2842439999737, 25.67685000013345], [-80.28425700039247, 25.67692399995525], [-80.28426300024027, 25.677215000274888], [-80.28427999995868, 25.677403000381783], [-80.28428900017953, 25.67760099960524], [-80.2843009998751, 25.678233000323107], [-80.28429400020241, 25.678335000063356], [-80.28429800040037, 25.678562999786124], [-80.28430599989797, 25.67867299967393], [-80.28432400033964, 25.678901000369223], [-80.28432799963927, 25.679196999953486], [-80.28432400033964, 25.679302000025945], [-80.28431199974575, 25.67936599987052], [-80.28432000014166, 25.679601999607478], [-80.28433100001232, 25.679695000401153], [-80.28433199983724, 25.68002499986339], [-80.28434899955568, 25.680383000326916], [-80.28437000037039, 25.68062100014837], [-80.28437299984512, 25.680654000365035], [-80.28437100019529, 25.68096700002739], [-80.28437100019529, 25.681057000261784], [-80.28439700013458, 25.68165199960635], [-80.28438999956356, 25.681765000166596], [-80.28439899978439, 25.68189500006247], [-80.28440100033252, 25.682165999899986], [-80.28440299998235, 25.682361999664202], [-80.28441999970079, 25.682717000130502], [-80.28443800014244, 25.683375000398108], [-80.28444599964006, 25.683434999619173], [-80.28444700036327, 25.68347599997352], [-80.28445999988377, 25.684092999969156], [-80.28447900015033, 25.684370000104852], [-80.28448099980017, 25.684486999726115], [-80.28448900019607, 25.684567000092947], [-80.2844919996708, 25.684840999727886], [-80.28450400026469, 25.685056000155424], [-80.28450799956434, 25.685348999635163], [-80.28455600014321, 25.68654899971871], [-80.2845750004098, 25.687008999608445], [-80.28460499964872, 25.687955000313817], [-80.2846320003112, 25.688445000000204], [-80.28464200035695, 25.68862399985874], [-80.28465800025046, 25.688742999692742], [-80.28469099986243, 25.688784999605772], [-80.28469900025836, 25.68894100030951], [-80.28484300019839, 25.68906399969288], [-80.28484599967314, 25.68931400036476], [-80.28485599971889, 25.689671999629585], [-80.28529199973697, 25.6896509998313], [-80.28557100029454, 25.68963699996375], [-80.28679800015796, 25.689579999907686], [-80.28916900004414, 25.68947199989708], [-80.2910100002009, 25.689410000146584], [-80.2928479999846, 25.6893730000712], [-80.29288200031979, 25.690419999975177], [-80.29288200031979, 25.69050599972681], [-80.29287700029691, 25.690592000225823], [-80.293269999759, 25.6906229997975], [-80.29338600010995, 25.690639999611378], [-80.29410499998525, 25.69072099964371], [-80.29414199979519, 25.690716999833278], [-80.29495500028015, 25.69073699969354], [-80.29551099994883, 25.69080300017997], [-80.29574000027768, 25.69083299994741], [-80.29597799992906, 25.690865000014863], [-80.2963839998099, 25.690904999682296], [-80.29670900039827, 25.690936999730397], [-80.29682499985088, 25.690948000200297], [-80.296860000011, 25.690952000002955], [-80.29702200039269, 25.69097100007565], [-80.29715200008903, 25.69098600034393], [-80.29838800017329, 25.691093999791182], [-80.29895700026078, 25.69116399987531], [-80.29913200016297, 25.691180999611966], [-80.2994309999137, 25.691220000236793], [-80.30011299997909, 25.691271999970645], [-80.30108299992457, 25.691380999712752], [-80.30140599996476, 25.69141799997387], [-80.30148899980543, 25.69142199976075], [-80.30218299956638, 25.691487999867572], [-80.30264500042206, 25.691509999895064], [-80.30297599995987, 25.691547000116067], [-80.30329999982496, 25.691569999875746], [-80.30363899975866, 25.69160700007815], [-80.30373300036833, 25.69162200026632], [-80.30401600022553, 25.69164400026903], [-80.3045760000922, 25.691669000304], [-80.30472000003223, 25.69165899964304], [-80.30478399960634, 25.691692999782177], [-80.30483700020811, 25.691754000221717], [-80.30507999988235, 25.691557999720132], [-80.30555899955813, 25.691172000275493], [-80.30684599969602, 25.69016699993166], [-80.30686800033565, 25.690150000050227], [-80.30692299968892, 25.690107000053658], [-80.30694600015345, 25.690088999598665], [-80.30835999961462, 25.688869000196913], [-80.30884599986143, 25.68852100025341], [-80.30998800023436, 25.6875560001905], [-80.31060500000243, 25.686978999687383], [-80.31119500000631, 25.686472999826396], [-80.31274699955974, 25.684928999866955], [-80.31390200035146, 25.683706999810777], [-80.31485899987815, 25.68249000007971], [-80.31542200011783, 25.681798000066426], [-80.31573799958703, 25.68134700037472], [-80.31623200022975, 25.680642999754095], [-80.31704999983926, 25.679480000014514], [-80.31823300022008, 25.677616999798005], [-80.31872299976652, 25.676790999892496], [-80.31891299973734, 25.67635199994067], [-80.31926199971677, 25.675770999919315], [-80.3201849998066, 25.67386599971468], [-80.3211070000715, 25.67190300031434], [-80.32126899955489, 25.671542999653802], [-80.32153499969367, 25.67095600017415], [-80.32156300018107, 25.670893999694798], [-80.32174099955799, 25.670501000255033], [-80.32278300037181, 25.668274000008665], [-80.32362699992059, 25.666400999984223], [-80.3251700001515, 25.663090000188262], [-80.32706900003457, 25.658977999948473], [-80.32839499963221, 25.65623700012427], [-80.32890099997049, 25.65515500026336], [-80.33063099979915, 25.651373999662027], [-80.3315489998661, 25.64944799959696], [-80.3323869995671, 25.647653000120314], [-80.33260000000244, 25.647128999688857], [-80.33271999965305, 25.646879999739053], [-80.3328789996617, 25.646571000152182], [-80.33331800005284, 25.64560699993704], [-80.33337400012933, 25.64548300012372]]]}}, {"type": "Feature", "properties": {"name": "South Miami", "geoid": "1267550", "county": "miamidade"}, "geometry": {"type": "MultiPolygon", "coordinates": [[[[-80.30671400034986, 25.712626000009674], [-80.30666699959588, 25.71078399961224], [-80.30620899983649, 25.71080000020335], [-80.30592799962908, 25.71081299961972], [-80.3058859997963, 25.709937999995482], [-80.30585800020721, 25.70919000005265], [-80.30589199964407, 25.70898199990827], [-80.30584599961333, 25.708079000327487], [-80.3057669999706, 25.707145999864103], [-80.30569800037362, 25.705967999914392], [-80.30564999979474, 25.704685999812586], [-80.30556799977897, 25.703554000358295], [-80.30545700034921, 25.702479000236274], [-80.30543499970958, 25.70194900002528], [-80.30539799989965, 25.70108399985876], [-80.30540499957236, 25.701014999603814], [-80.30541100031844, 25.700939000039224], [-80.30537799980819, 25.700375000178134], [-80.30537799980819, 25.700282000151077], [-80.30535900043992, 25.699439999872425], [-80.30532500010473, 25.698557000108774], [-80.30529599979242, 25.697725999616154], [-80.30526200035553, 25.69679299976116], [-80.30524499973878, 25.696238000260283], [-80.3032250003802, 25.69631299988459], [-80.302169000221, 25.696358000284068], [-80.30112099955942, 25.696430999618766], [-80.29989200004616, 25.696475999973654], [-80.2996059998159, 25.696481999803822], [-80.2995220001503, 25.696484000016966], [-80.29913899983565, 25.696492000059745], [-80.2990860001322, 25.69553799986996], [-80.2970990003856, 25.69561200022603], [-80.2971279997996, 25.696576999772862], [-80.29706800042345, 25.696579999685447], [-80.29700099957797, 25.696584000108402], [-80.29688000010248, 25.696590999634083], [-80.29652899957487, 25.696611000126776], [-80.29564099964517, 25.696616000249453], [-80.29512500015944, 25.696646999871955], [-80.29474500021786, 25.69666599984548], [-80.29400500042613, 25.696686000325602], [-80.29314199971247, 25.696708999902224], [-80.29310699955236, 25.695795999993127], [-80.29308399998614, 25.694872000262492], [-80.29301100019121, 25.693033000344823], [-80.29295799958945, 25.69211399972448], [-80.29293400019833, 25.69147499995981], [-80.29292499997749, 25.691303999920137], [-80.29288899999248, 25.69083099963936], [-80.29287700029691, 25.690592000225823], [-80.29288200031979, 25.69050599972681], [-80.29288200031979, 25.690419999975177], [-80.2928479999846, 25.6893730000712], [-80.2910100002009, 25.689410000146584], [-80.28916900004414, 25.68947199989708], [-80.28679800015796, 25.689579999907686], [-80.28557100029454, 25.68963699996375], [-80.28529199973697, 25.6896509998313], [-80.28485599971889, 25.689671999629585], [-80.2848780003585, 25.69055399995652], [-80.28492199984112, 25.691304999665455], [-80.28495000032852, 25.692088999782914], [-80.28496100019919, 25.692856999833445], [-80.28497799991761, 25.693292999686115], [-80.28497500044288, 25.693659000175522], [-80.28505599973542, 25.69423099966522], [-80.28506300030642, 25.695158000270734], [-80.28507199962894, 25.6958750003426], [-80.28513299972832, 25.697015999667823], [-80.28518399978195, 25.698853000227547], [-80.28523400001065, 25.699256000070392], [-80.28524499988131, 25.70065500029962], [-80.28529500011003, 25.701979999878105], [-80.28531199982845, 25.702572999816546], [-80.28535799985922, 25.703507999798195], [-80.28539800004219, 25.704444999799662], [-80.28543099965415, 25.70523900033525], [-80.28545300029376, 25.705935000236416], [-80.28547500003508, 25.706570999629562], [-80.28551500021806, 25.70751100024667], [-80.28553399958632, 25.70785200005609], [-80.28553699995935, 25.707917999958553], [-80.28554500035527, 25.708059999747302], [-80.28553699995935, 25.708277999959634], [-80.28555299985288, 25.708600000314952], [-80.2855689997464, 25.709331000348467], [-80.28561599960207, 25.709912000160756], [-80.28564699956421, 25.71095600039059], [-80.28567000002874, 25.711737999834554], [-80.28643699958464, 25.71165200004165], [-80.28720900006171, 25.71162700015604], [-80.28741099972807, 25.71161799993695], [-80.28797399996778, 25.711600000306117], [-80.2883060002288, 25.71158199986316], [-80.28866199988094, 25.711568999721408], [-80.28875099956939, 25.712929999691664], [-80.28873800004894, 25.713010999936465], [-80.28872700017827, 25.713088999820314], [-80.288737000224, 25.713392000378263], [-80.28969700012375, 25.713352999732685], [-80.28977999996441, 25.713350999803005], [-80.28981199975148, 25.713689999949978], [-80.29081600003214, 25.71364700036206], [-80.29081799968195, 25.713671999823205], [-80.2908190004052, 25.71369799964573], [-80.29083199992567, 25.713930999856228], [-80.29085700004002, 25.714380000058746], [-80.29089499967486, 25.715090000028347], [-80.29093499985783, 25.715808999710298], [-80.29097599986571, 25.71653499987446], [-80.29098500008654, 25.716904999863495], [-80.29002799966153, 25.716942000284696], [-80.28915499980045, 25.71697899988507], [-80.28839400009234, 25.717013000076435], [-80.28795200022645, 25.717028000300584], [-80.28792200008924, 25.717028999829864], [-80.28789399960183, 25.717030999697712], [-80.28791500041655, 25.71739700003943], [-80.28794399983055, 25.718094999900273], [-80.28796599957187, 25.718665999800702], [-80.28797300014286, 25.718840000352287], [-80.28799700043231, 25.718840000352287], [-80.28802300037158, 25.71883900002891], [-80.28834600041178, 25.71883299970708], [-80.29007100021755, 25.71880099987403], [-80.29258600004378, 25.718700999834425], [-80.29299000027483, 25.718668999965846], [-80.29410599981017, 25.71861399989343], [-80.29511199974066, 25.718583999843226], [-80.29511299956556, 25.718757000190692], [-80.29512799963418, 25.719101000297798], [-80.29523099956634, 25.72143500026727], [-80.29529199966571, 25.721433999965686], [-80.29626800035729, 25.721402000023065], [-80.29626699963406, 25.722014000266036], [-80.29626400015934, 25.722326000161814], [-80.29626499998423, 25.722365000293557], [-80.29639100038092, 25.722359999634094], [-80.29685599981302, 25.722337000158767], [-80.29690100001886, 25.722335000380102], [-80.29734700008271, 25.722315000163846], [-80.29743099974829, 25.722315000163846], [-80.29742999992338, 25.7222790000898], [-80.29741200038004, 25.72157400001807], [-80.29736100032642, 25.721489000352776], [-80.29736200015131, 25.72131900003061], [-80.29724199960239, 25.71862899991569], [-80.29721700038635, 25.71850499999852], [-80.2982059997001, 25.71849499997343], [-80.29824599988306, 25.719611999841387], [-80.29829500028688, 25.720398999784322], [-80.29896899995633, 25.72037499961931], [-80.29929199999653, 25.720364000250225], [-80.29936499979146, 25.722249000154655], [-80.3004159999278, 25.722224000068042], [-80.30042799962337, 25.72253900028978], [-80.30047600020225, 25.724064000010053], [-80.29973300003749, 25.72410300038115], [-80.29963000010532, 25.72410800015806], [-80.29967299976305, 25.724997999987515], [-80.29972200016684, 25.725979999613713], [-80.29981599987818, 25.725976000178907], [-80.3001289998726, 25.725960000010453], [-80.30033700028508, 25.72596299999161], [-80.30057900013442, 25.725965999972715], [-80.30259199982031, 25.7259009998259], [-80.30255199963733, 25.725002000264507], [-80.30252999989601, 25.724400999827132], [-80.30248100039053, 25.723659000256067], [-80.30246399977379, 25.72298099997268], [-80.30244600023043, 25.722469000042818], [-80.30243399963656, 25.722129999824844], [-80.3024150002683, 25.721682000038395], [-80.30239699982663, 25.72122100028673], [-80.30238599995597, 25.720696000110333], [-80.30237199971226, 25.720223000080487], [-80.30233400007745, 25.71934900037897], [-80.30227800000094, 25.71833000024787], [-80.30225799990947, 25.71786899964468], [-80.30222899959715, 25.71719599960641], [-80.30221600007667, 25.716889999623824], [-80.30214999995442, 25.71549200038723], [-80.30211599961923, 25.714666999688035], [-80.30618700009516, 25.71451199986987], [-80.30662099956511, 25.714506999689604], [-80.30661700026548, 25.714421000279422], [-80.30656000036407, 25.712631999835175], [-80.30671400034986, 25.712626000009674]]], [[[-80.28811000041021, 25.722703999841716], [-80.28808500029585, 25.722156999712894], [-80.28804400028797, 25.721229000285348], [-80.2880259998463, 25.720768000396486], [-80.28599399989385, 25.720842999940107], [-80.28600700031262, 25.721258000174753], [-80.28604300029764, 25.722011000185265], [-80.28605599981813, 25.722250999934744], [-80.28604900014543, 25.722722999701862], [-80.28609500017618, 25.722722999701862], [-80.28621099962882, 25.722770999888724], [-80.28802099982343, 25.72270500013259], [-80.28811000041021, 25.722703999841716]]], [[[-80.28857800021535, 25.726413000356214], [-80.2885809996901, 25.726063000399638], [-80.28822000001507, 25.726048999959126], [-80.28819999992358, 25.725698999740473], [-80.28818499985496, 25.725017999752588], [-80.28816800013652, 25.72468299980462], [-80.28613899965879, 25.72475099981966], [-80.28615200007758, 25.724994999982005], [-80.2861749996438, 25.725744999814125], [-80.28621999984965, 25.72648299990021], [-80.28824099993147, 25.726425999685027], [-80.28857800021535, 25.726413000356214]]], [[[-80.28971800004015, 25.732001999637067], [-80.2896939997507, 25.731546999921033], [-80.28954800016083, 25.731552000194135], [-80.28957199955195, 25.732006999891073], [-80.28971800004015, 25.732001999637067]]], [[[-80.29014800021045, 25.731987999895882], [-80.29012100044628, 25.731530000285623], [-80.28997499995809, 25.731535999966816], [-80.29000199972228, 25.73199199993769], [-80.29014800021045, 25.731987999895882]]], [[[-80.29059500009922, 25.733873000042262], [-80.29055800028928, 25.733102999669764], [-80.28848500032893, 25.733206999738186], [-80.2884829997808, 25.733070000235976], [-80.28848000030607, 25.73282900026778], [-80.28845799966643, 25.73282900026778], [-80.28810700003714, 25.73283799969112], [-80.28811399970985, 25.733000999918918], [-80.28812100028087, 25.73314399990993], [-80.28720499986375, 25.733177000132383], [-80.28719900001596, 25.733015000350054], [-80.28718399994735, 25.732618000374654], [-80.28717999974938, 25.732514999999324], [-80.28717899992448, 25.732482000402296], [-80.28717399990161, 25.73241200034398], [-80.28732299986453, 25.732408000316294], [-80.28730899962083, 25.732089999706673], [-80.28761900014054, 25.7320850002654], [-80.28760700044496, 25.731696999930886], [-80.28759900004904, 25.73162799962616], [-80.28805099996066, 25.73160999978636], [-80.28804599993781, 25.73153800039995], [-80.28803000004426, 25.731144999608638], [-80.28801199960262, 25.731145999828534], [-80.28710899960427, 25.73118599971483], [-80.28712700004594, 25.73157400009863], [-80.28697100041033, 25.731579999777594], [-80.28696499966424, 25.73147899974629], [-80.2869489997707, 25.731199000140297], [-80.28639700029998, 25.73121999989087], [-80.28640599962249, 25.73163400011165], [-80.28641400001841, 25.732157000129785], [-80.28683400014297, 25.732142999597574], [-80.28686599993003, 25.73210800028301], [-80.28700800022025, 25.73210800028301], [-80.28701900009091, 25.732423000217146], [-80.28700499984721, 25.732458000248236], [-80.28679499978492, 25.73245999985663], [-80.28655600030864, 25.732463999882587], [-80.2865119999277, 25.73245000019579], [-80.28641800021637, 25.732385000356725], [-80.28641800021637, 25.732405999897765], [-80.28644499998056, 25.733150000318872], [-80.28646400024714, 25.7333839998477], [-80.28652000032362, 25.734039999633012], [-80.28851600029108, 25.733953000393953], [-80.28896800020269, 25.733936999680555], [-80.28980099988082, 25.7339140000168], [-80.29059500009922, 25.733873000042262]]], [[[-80.29228300009507, 25.724874000236035], [-80.29227200022441, 25.72454999967471], [-80.29174400014482, 25.724567000308078], [-80.29176300041141, 25.72488499999732], [-80.29228300009507, 25.724874000236035]]], [[[-80.29306700026771, 25.725533000030392], [-80.293053000024, 25.725169999637583], [-80.29230800020943, 25.72520099991505], [-80.29233499997362, 25.725567000204375], [-80.29306700026771, 25.725533000030392]]], [[[-80.29497899967127, 25.72616899986631], [-80.29496399960264, 25.72582600023485], [-80.29479399972334, 25.725829999674733], [-80.29480200011926, 25.72617799979379], [-80.29487200043945, 25.726174000365614], [-80.29497899967127, 25.72616899986631]]], [[[-80.29746199971044, 25.726068000094134], [-80.29744400016708, 25.725368000357044], [-80.29742200042578, 25.72467900032619], [-80.29740399998411, 25.724213000279885], [-80.29717899985323, 25.724227000127286], [-80.29689900036905, 25.724227999596046], [-80.29635100019796, 25.724230999620918], [-80.29634799982492, 25.724702000157876], [-80.29640499972632, 25.72539800031467], [-80.29643400003864, 25.72600400026619], [-80.29639100038092, 25.726103999830453], [-80.29746199971044, 25.726068000094134]]], [[[-80.29872499955889, 25.729824999845498], [-80.2988119995975, 25.72979699984872], [-80.29862800037282, 25.729806000310827], [-80.29658800002443, 25.729903000032927], [-80.29557200004818, 25.72993799999664], [-80.29454699985114, 25.72997700005968], [-80.29357199988279, 25.729996000376286], [-80.29358299975343, 25.73056100005465], [-80.29351199960831, 25.73056399991974], [-80.29310400007765, 25.730574999963892], [-80.29302000041206, 25.730573999739228], [-80.29292699962731, 25.730584000367095], [-80.2925099998758, 25.73059800027363], [-80.29247800008875, 25.730042999826004], [-80.28837200035102, 25.730190999659204], [-80.2882939996349, 25.730193000114973], [-80.28831600027453, 25.73104900031134], [-80.28831799992436, 25.731122999624812], [-80.28831799992436, 25.731133000206498], [-80.28831799992436, 25.73114700004839], [-80.28831999957417, 25.731174000316834], [-80.28834100038888, 25.731523000387423], [-80.28843299955209, 25.731523000387423], [-80.28851299991803, 25.731523999794877], [-80.28849200000163, 25.731122999624812], [-80.2886240002461, 25.731120999993927], [-80.292143000353, 25.73096599976893], [-80.29252099974646, 25.730951999905756], [-80.29255400025673, 25.731913000098174], [-80.29255599990655, 25.731944999640007], [-80.29255699973146, 25.73198500006673], [-80.29297900040416, 25.73197100032351], [-80.29298299970381, 25.73206100003118], [-80.29300100014548, 25.732520999630797], [-80.292580000196, 25.73253799993373], [-80.29259000024174, 25.732676000256046], [-80.29310800027561, 25.732661999784987], [-80.29359100014936, 25.7326469999143], [-80.29361999956336, 25.7326469999143], [-80.29366499976919, 25.73264800012151], [-80.2936859996856, 25.733281000136063], [-80.29369099970847, 25.733640000056468], [-80.29369800027949, 25.73376999994509], [-80.29385300009018, 25.733760999783087], [-80.29469199961609, 25.73371500038305], [-80.29571099996537, 25.733686000294746], [-80.29672899959142, 25.73364900022763], [-80.29878800020639, 25.733563000092726], [-80.29876599956675, 25.73280799999221], [-80.29873700015276, 25.732074000360964], [-80.29869699996978, 25.73148699986408], [-80.2986979997947, 25.731307999730042], [-80.29866699983255, 25.730787999882626], [-80.29866900038068, 25.730555999739856], [-80.29862499999976, 25.729978999709854], [-80.29863599987041, 25.72992100013116], [-80.29865299958885, 25.72988399970149], [-80.29869199994691, 25.72984299995554], [-80.29872499955889, 25.729824999845498]], [[-80.29355799963908, 25.73137700022053], [-80.29357500025583, 25.73179399972862], [-80.29342899976766, 25.731800000205737], [-80.29339799980552, 25.731800999610865], [-80.29338699993487, 25.731512999838536], [-80.29314000006266, 25.731520999954007], [-80.29307499976532, 25.731526000228243], [-80.29306700026771, 25.731392999660038], [-80.29313599986469, 25.731391000033657], [-80.29355799963908, 25.73137700022053]], [[-80.29353000005, 25.73071300013713], [-80.29354199974556, 25.730960000058985], [-80.29312099979607, 25.730973999921247], [-80.29304299997827, 25.73097600036386], [-80.29302899973456, 25.730728999666], [-80.29311099975033, 25.730728000251855], [-80.29353000005, 25.73071300013713]]], [[[-80.30084100007524, 25.733483000287773], [-80.30084899957284, 25.73264100028914], [-80.30082000015884, 25.73196899989764], [-80.30081199976291, 25.73160299989291], [-80.29970000042553, 25.73164200021902], [-80.2997189997938, 25.73202400026751], [-80.29975099958085, 25.73274700036532], [-80.29977300022045, 25.733109000080816], [-80.29979900015974, 25.733524000396862], [-80.30084100007524, 25.733483000287773]]]]}}, {"type": "Feature", "properties": {"name": "Sunny Isles Beach", "geoid": "1269555", "county": "miamidade"}, "geometry": {"type": "Polygon", "coordinates": [[[-80.13168400011222, 25.938253000343007], [-80.13151500005782, 25.937647999746627], [-80.13139500040722, 25.937220000121297], [-80.13134400035361, 25.937036000212117], [-80.13134500017851, 25.93682200028988], [-80.13110699962881, 25.93589200015902], [-80.13105800012335, 25.935698999625426], [-80.13083200016753, 25.934817000232616], [-80.13056799967856, 25.93367499988674], [-80.13049099968566, 25.933189000140953], [-80.13043499960918, 25.93290799976062], [-80.13040000034738, 25.931456999761714], [-80.1303729996849, 25.93137600016887], [-80.13035099994359, 25.930876000163092], [-80.13031900015653, 25.93035900027369], [-80.13033599987497, 25.930270999654088], [-80.13054400028743, 25.930249999643394], [-80.13074199975583, 25.930234000402148], [-80.13095099999322, 25.930213999731773], [-80.13097299973452, 25.93021200023007], [-80.13094599997034, 25.93011300021278], [-80.13090599978737, 25.930102000115962], [-80.13073000006027, 25.93005299974564], [-80.13049700043176, 25.92998800008027], [-80.13042700011157, 25.92996900033291], [-80.13045499970065, 25.929896000169496], [-80.13046599957131, 25.929817999978127], [-80.1304780001652, 25.929719999788787], [-80.13042399973853, 25.928683000021117], [-80.13040600019518, 25.92833799980028], [-80.13029499986709, 25.926243000025096], [-80.13028200034661, 25.925990999923467], [-80.13001100018496, 25.92379400014519], [-80.12989900003197, 25.92288199966524], [-80.1298870003364, 25.922843000082693], [-80.12979899957453, 25.92256700036882], [-80.12862000029, 25.921048999682608], [-80.12846999960387, 25.92104700002543], [-80.1280000001489, 25.92104199967037], [-80.12688399971523, 25.921104999765664], [-80.12531700009319, 25.921205999732745], [-80.12519499989445, 25.921208000195193], [-80.12476300007431, 25.921229000201116], [-80.12260100042553, 25.92131399960982], [-80.12244900008956, 25.921321999836152], [-80.12228800043107, 25.92132899983178], [-80.12187300032939, 25.921345999703988], [-80.12142700026553, 25.921363999803674], [-80.12140100032629, 25.921397000113906], [-80.12102800005736, 25.92141999973705], [-80.11858299965304, 25.92144600004334], [-80.11823899969644, 25.928327999708593], [-80.11815199965781, 25.929187999647134], [-80.11809200028168, 25.929952000088626], [-80.11807999968778, 25.93009200017392], [-80.11790599961051, 25.932281000204675], [-80.11781899957188, 25.934168000092306], [-80.11751700034641, 25.936540000395162], [-80.11740099999545, 25.937461000226175], [-80.11710300006962, 25.93981900024855], [-80.11690300005307, 25.94317799966968], [-80.11688799998447, 25.943449000169856], [-80.11667299989931, 25.94704800012209], [-80.11650399984491, 25.950697999770274], [-80.11646700003497, 25.951366999605714], [-80.11635400005707, 25.953416000382898], [-80.11633300014067, 25.953775999978138], [-80.11614499981971, 25.957117999897438], [-80.1186930001562, 25.957144000402117], [-80.11991699964658, 25.957120999676377], [-80.12063300004716, 25.957130999746642], [-80.1210439999509, 25.95713600018531], [-80.12172600001628, 25.957103000193882], [-80.12208300039165, 25.957108999752457], [-80.12430199994188, 25.957059000190934], [-80.12455499966185, 25.957049000114548], [-80.1247270000893, 25.957042999745227], [-80.12513799999304, 25.957027000105036], [-80.12532799996384, 25.956253999803476], [-80.12549199999538, 25.95561300019304], [-80.12587500031002, 25.954125999763104], [-80.12641300043538, 25.952387999723168], [-80.12651100034465, 25.951936000262748], [-80.12801600004244, 25.95061699967707], [-80.12831499979316, 25.94898199991149], [-80.12750300003144, 25.947232999748064], [-80.1274090003201, 25.947030999919193], [-80.12786899972933, 25.94451500018179], [-80.12917000011093, 25.942776999630613], [-80.12967399990107, 25.941562000314146], [-80.13129400012488, 25.93961499966989], [-80.13168400011222, 25.938253000343007]]]}}, {"type": "Feature", "properties": {"name": "Surfside", "geoid": "1270075", "county": "miamidade"}, "geometry": {"type": "Polygon", "coordinates": [[[-80.1324699999347, 25.8732730001356], [-80.13247099975959, 25.873208999726533], [-80.13246499991182, 25.87313600000065], [-80.13243399994968, 25.872964999768584], [-80.13234299971307, 25.872778000337533], [-80.13226900009325, 25.872648000087498], [-80.1321899995522, 25.872555999911146], [-80.13209900021393, 25.87247699995736], [-80.13192400031173, 25.872346000347235], [-80.1318230000294, 25.87229499975017], [-80.13169800035593, 25.872245999615387], [-80.13156699993635, 25.872212000268732], [-80.13148300027076, 25.87219099962138], [-80.13141999962326, 25.872183000105085], [-80.13118399962171, 25.87217800010402], [-80.13088499987097, 25.872185999620662], [-80.13085999975662, 25.872192000268118], [-80.13082999961938, 25.872194999783463], [-80.13063100032606, 25.87219700026858], [-80.13018000023936, 25.87222300010597], [-80.12982000038924, 25.87223599961839], [-80.12932499992162, 25.872253999935715], [-80.1274799995669, 25.872333999875906], [-80.12722299964895, 25.87234499970178], [-80.1244309998133, 25.872466999979903], [-80.12393200004601, 25.872488999605878], [-80.12309299962179, 25.872516999858703], [-80.12225999994367, 25.872486999933965], [-80.12153100002261, 25.872527999667547], [-80.12099000042254, 25.872559000225525], [-80.12049199958184, 25.87256099989622], [-80.12018799980824, 25.872581999669528], [-80.12014900034848, 25.872584999983268], [-80.11962499956853, 25.872620999700533], [-80.11963100031463, 25.87276400024285], [-80.11967700034538, 25.872957000304677], [-80.11969200041399, 25.87307899995078], [-80.11971699963004, 25.87327999974885], [-80.11975400033828, 25.87358099969961], [-80.11984499967654, 25.87406899980002], [-80.11985300007247, 25.874167999975253], [-80.11990199957796, 25.874495000233868], [-80.1199259998674, 25.874725000402453], [-80.11993000006537, 25.87485400016744], [-80.11994900033196, 25.875483999721332], [-80.11999299981456, 25.875863000073036], [-80.12002100030196, 25.876108000316474], [-80.12005599956376, 25.87625300028719], [-80.12007499983034, 25.876332999943994], [-80.12016299969387, 25.876585000246532], [-80.1201929998311, 25.87671500020519], [-80.12022499961816, 25.877076000260306], [-80.1202289998161, 25.877472000081635], [-80.12024499970964, 25.87763699988479], [-80.12027900004482, 25.877764999911285], [-80.12033000009845, 25.878191999735282], [-80.1202980003114, 25.879347000215763], [-80.12028999991547, 25.87943700039816], [-80.1202840000677, 25.879511000047714], [-80.12024800008268, 25.879638999659736], [-80.12023100036424, 25.87973700024131], [-80.12021100027277, 25.879810999702894], [-80.12016900043997, 25.879966000128707], [-80.12025099955743, 25.880854000200756], [-80.12033799959606, 25.881912999710238], [-80.1204039997183, 25.882405999707913], [-80.12049099975692, 25.88279799963552], [-80.12056299972696, 25.883596000056755], [-80.12065700033659, 25.88425699976756], [-80.12071599988784, 25.885329999693344], [-80.12075900044385, 25.88599100020351], [-80.1208530001552, 25.886831999913422], [-80.1208530001552, 25.8869989998041], [-80.12092599995012, 25.887217000099568], [-80.1212349997466, 25.88716499974683], [-80.12176000035147, 25.88712400024519], [-80.12274000034269, 25.887076000317744], [-80.1237139995878, 25.887040999870077], [-80.12454299996628, 25.887003999985893], [-80.12540599978165, 25.88697599993482], [-80.12618900012939, 25.886933000132007], [-80.1270150001348, 25.886899999878068], [-80.1276760002838, 25.88687600027534], [-80.12766200004009, 25.886754000333646], [-80.12759699974276, 25.885924999967976], [-80.12746000037373, 25.884594000140023], [-80.12734499984771, 25.883476000252827], [-80.12733499980195, 25.883242000365268], [-80.12733200032721, 25.883177999700482], [-80.12733599962687, 25.88297399972405], [-80.12733700035008, 25.882921000179614], [-80.12739199970335, 25.882732999789052], [-80.12745700000069, 25.882577000011594], [-80.12774599970568, 25.88199599964898], [-80.12806200007317, 25.881414999660727], [-80.12817599987599, 25.88122499977328], [-80.12828100035628, 25.881050000074385], [-80.12885700011647, 25.88016800010194], [-80.12913400012592, 25.879776000334694], [-80.12925600032465, 25.879595999609784], [-80.12936900030255, 25.879430000341518], [-80.1296399995659, 25.879006000294527], [-80.12972300030488, 25.878804999732797], [-80.1297819998561, 25.878642000320873], [-80.1298370001077, 25.878464999648514], [-80.12989999985689, 25.878187999776284], [-80.12936900030255, 25.87819499990651], [-80.12939299969366, 25.877980000104596], [-80.12942799985379, 25.877752000199088], [-80.12946899986166, 25.877511999908133], [-80.12950700039481, 25.877247999994733], [-80.130111999569, 25.877224000046827], [-80.1301679996455, 25.87696699969272], [-80.13023999961551, 25.876635999799714], [-80.13029999988996, 25.87641599976303], [-80.13033400022516, 25.876325999703415], [-80.13041799989074, 25.876142999963406], [-80.13056199983077, 25.875933000309917], [-80.13070099974796, 25.875749999961066], [-80.13094900034339, 25.875472000377037], [-80.13096500023691, 25.875453999741797], [-80.1310349996588, 25.87535400002438], [-80.1312740000334, 25.87506099987189], [-80.13143200021716, 25.87486700019861], [-80.13157899963191, 25.874703000384606], [-80.13183399990005, 25.874387000337556], [-80.13209300036614, 25.8740850001932], [-80.13211500010745, 25.874104000051066], [-80.13224900000175, 25.87390799996654], [-80.13235600013186, 25.873718000126765], [-80.13240100033772, 25.873610000328366], [-80.13244800019338, 25.8734629998828], [-80.1324699999347, 25.873333000386555], [-80.1324699999347, 25.8732730001356]]]}}, {"type": "Feature", "properties": {"name": "Sweetwater", "geoid": "1270345", "county": "miamidade"}, "geometry": {"type": "Polygon", "coordinates": [[[-80.41730399956987, 25.796619999874956], [-80.41730100009512, 25.796548000275767], [-80.41729699989718, 25.7964230003398], [-80.41729400042244, 25.796227999820623], [-80.41725500006439, 25.794809999940266], [-80.41713799988852, 25.789816999991018], [-80.41694999956755, 25.78712299973068], [-80.4169250003515, 25.78643800020962], [-80.41687599994769, 25.7850800002372], [-80.41696100033651, 25.784456000033163], [-80.41705000002497, 25.78393200000659], [-80.41708500018507, 25.78300499999621], [-80.41707299959118, 25.78267499991399], [-80.4170600000707, 25.782449000352596], [-80.41667299955812, 25.782431999913626], [-80.41658399986964, 25.782438000259173], [-80.41656100030342, 25.7824390000471], [-80.41632500030188, 25.782454000100614], [-80.41627699972298, 25.782454000100614], [-80.41588500008582, 25.78245700027285], [-80.41472500016954, 25.78242499977976], [-80.4139190002556, 25.78242499977976], [-80.41310900014369, 25.782415000281105], [-80.41228899998603, 25.782403000396307], [-80.41149999979052, 25.782413999684085], [-80.410786999763, 25.782415000281105], [-80.40878900014573, 25.782436999662355], [-80.40684500005682, 25.78242600037669], [-80.40481399992926, 25.78241200010779], [-80.40420700020694, 25.78242799995273], [-80.40347999993573, 25.782435000086444], [-80.40278600017477, 25.782432999701616], [-80.40261299992241, 25.782431999913626], [-80.40236199985225, 25.782430000337662], [-80.4021700002316, 25.782440999622946], [-80.4019569997963, 25.782453000312792], [-80.40072200043524, 25.782440999622946], [-80.40032300022709, 25.782351000072524], [-80.40001799973024, 25.782297000147704], [-80.39980000017036, 25.782269000386744], [-80.39951399994008, 25.782241999599833], [-80.39886299983684, 25.782244999777458], [-80.39855099966731, 25.78224000002066], [-80.39645400031584, 25.78221399982587], [-80.39626000014708, 25.782210999647493], [-80.39612399970463, 25.78221300003605], [-80.3957339997173, 25.7822170000042], [-80.39535899979857, 25.7823629999626], [-80.39528500017873, 25.782392000298582], [-80.39454100018904, 25.782682000033134], [-80.39352199983976, 25.782689000151823], [-80.39275299973575, 25.782682000033134], [-80.39254699987144, 25.782681000247234], [-80.39227200041013, 25.78267899986655], [-80.39177299974453, 25.78267499991399], [-80.38791399987902, 25.78264700024224], [-80.38776400009121, 25.78264599964718], [-80.38773200030415, 25.782644000074814], [-80.38621900021045, 25.782553000082572], [-80.3860390002854, 25.782541999998767], [-80.38587100005591, 25.782531999701114], [-80.38572399974282, 25.782538999828656], [-80.38555899988636, 25.782546999742827], [-80.38477999973661, 25.782586000327797], [-80.38473200005603, 25.782587999901164], [-80.3846459998423, 25.782591999856667], [-80.38468400037546, 25.782534000084265], [-80.38471699998742, 25.782484000201915], [-80.38472899968298, 25.782465000192538], [-80.38473399970586, 25.782398999625553], [-80.38474600029973, 25.78225400030984], [-80.38474700012463, 25.782237999632525], [-80.38471000031471, 25.782237999632525], [-80.38448099998585, 25.782237999632525], [-80.3843499995663, 25.782237999632525], [-80.38435100028951, 25.78221799979398], [-80.3843579999622, 25.782151999898424], [-80.38436200016017, 25.781987000403312], [-80.38436499963491, 25.781847000357534], [-80.38410000021936, 25.781789000220833], [-80.38359999972883, 25.7815850001284], [-80.38313299974861, 25.781352999707902], [-80.38313100009879, 25.78106799976619], [-80.38311799968, 25.779363999989112], [-80.38310699980934, 25.777973999841638], [-80.3831050001595, 25.77766000000333], [-80.38310299961138, 25.77743100029535], [-80.38309900031173, 25.77675599978555], [-80.3830979995885, 25.77667299963146], [-80.3830969997636, 25.776301000001506], [-80.38334500035903, 25.7761430001537], [-80.38384400012632, 25.775805999872606], [-80.38421999986996, 25.775390000205096], [-80.38426400025088, 25.775359000080094], [-80.38414899972484, 25.7753499998335], [-80.38413899967908, 25.77534399993841], [-80.38387699973828, 25.775348999985845], [-80.38382700040788, 25.7753499998335], [-80.38377700017917, 25.775097000083065], [-80.38379499972251, 25.775080000208387], [-80.38388000011133, 25.774991999628554], [-80.38398100039366, 25.77487300034937], [-80.38406400023435, 25.774762999624723], [-80.38414100022723, 25.774649000192777], [-80.38421099964911, 25.774530999615244], [-80.38427500012153, 25.774411000018127], [-80.38433100019803, 25.774287999920876], [-80.38437999970351, 25.774162000123145], [-80.38442200043463, 25.774033999665146], [-80.38445699969643, 25.773904000158346], [-80.38448400035891, 25.77377299983921], [-80.38450299972716, 25.77364100032231], [-80.38453700006237, 25.77349099988415], [-80.38455700015383, 25.773401000015586], [-80.38457499969718, 25.773275999950105], [-80.38458800011597, 25.77315300029424], [-80.38459599961358, 25.77302999970194], [-80.38457300004735, 25.772022999706547], [-80.384547999933, 25.77093800017355], [-80.38478599958438, 25.77093499971003], [-80.38489899956228, 25.77093600040383], [-80.38496300003472, 25.77093600040383], [-80.38495700018692, 25.770804000158137], [-80.38491799982887, 25.769983000328267], [-80.38490199993534, 25.769647000246], [-80.38484400020901, 25.768621999963752], [-80.38483099979021, 25.76840600020117], [-80.38482599976736, 25.76820299965779], [-80.38482499994244, 25.768163000099552], [-80.38493500044562, 25.768162000191325], [-80.38491199998109, 25.767731000128684], [-80.38491100015617, 25.767482999884415], [-80.38488000019402, 25.766818000230806], [-80.38488000019402, 25.766689999941647], [-80.38487099997319, 25.766618999892412], [-80.38487000014828, 25.766369999828438], [-80.38486500012542, 25.766336999926956], [-80.38486599995034, 25.766152000162336], [-80.38484500003393, 25.765942000320635], [-80.38484000001105, 25.765790999931284], [-80.38483499998819, 25.765575999800937], [-80.38480499985096, 25.764951999761053], [-80.38478700030761, 25.764776999632847], [-80.38478499975946, 25.76443399979815], [-80.38476999969086, 25.76427800021298], [-80.38476399984306, 25.764070000177462], [-80.3847449995765, 25.763371000145575], [-80.38474299992667, 25.76335500015802], [-80.38472799985807, 25.76318299995316], [-80.38473000040621, 25.763059000403494], [-80.38472000036046, 25.762930000153844], [-80.38470000026898, 25.762382999902265], [-80.38465300041331, 25.76164300035482], [-80.38465400023823, 25.76147499995506], [-80.38460599965933, 25.76149500005362], [-80.38457700024534, 25.76149500005362], [-80.3826330001564, 25.76152699971895], [-80.38179499955709, 25.761544999880847], [-80.38046099956354, 25.761581000196447], [-80.3784629999463, 25.761573999641527], [-80.37644600006243, 25.761609999948327], [-80.37446199979055, 25.761674000017358], [-80.37245400012753, 25.76173000035281], [-80.37043399987063, 25.761769999651655], [-80.3684539997967, 25.761826999903473], [-80.36843899972808, 25.76167599994308], [-80.36843600025337, 25.761622000317853], [-80.3684320000554, 25.761579000269084], [-80.36842799985743, 25.76152799968305], [-80.36840799976595, 25.76130000036458], [-80.3673209996446, 25.761348000342636], [-80.36540599986802, 25.761399000196963], [-80.3647079999091, 25.761419000308322], [-80.36356100041161, 25.761451999958872], [-80.36285699970661, 25.76147399999047], [-80.36039700013197, 25.761548999736657], [-80.36040800000262, 25.761639999656293], [-80.36041200020058, 25.761697999933205], [-80.36041700022346, 25.761777000195035], [-80.36042100042143, 25.761832999672894], [-80.36042200024632, 25.76185299971118], [-80.36043300011697, 25.761851999749773], [-80.36043499976681, 25.76187800036105], [-80.36047199957672, 25.762294999616074], [-80.36050799956173, 25.762795999996946], [-80.36056299981333, 25.7635059996009], [-80.36057600023211, 25.763667999877296], [-80.3606180000649, 25.764221000328945], [-80.3598010002803, 25.764254999950797], [-80.35944599955475, 25.764267999994015], [-80.3589910001684, 25.764287999622056], [-80.35863600034118, 25.764301999602406], [-80.35870199956508, 25.76518599975591], [-80.35919700003271, 25.765166000279134], [-80.3606950000578, 25.76511299974827], [-80.36071400032438, 25.765352999826263], [-80.36074899958615, 25.765800000093822], [-80.36081800008145, 25.766549999644333], [-80.36086999995999, 25.767257999615737], [-80.3609190003638, 25.767759000084546], [-80.36098899978568, 25.768749999787353], [-80.36159300003325, 25.768739999945147], [-80.36343800038797, 25.76867599964073], [-80.36398800020888, 25.768666999696265], [-80.36548500040904, 25.768615999728453], [-80.3664889997914, 25.768588999879398], [-80.3689950002951, 25.768450000109794], [-80.37011900022637, 25.768437999621522], [-80.37099000043763, 25.768430000373996], [-80.37141899988472, 25.768414000259344], [-80.37221800012598, 25.76839999995496], [-80.37299800010065, 25.768379000304357], [-80.37397100041919, 25.768356000027836], [-80.37469899961701, 25.768353000308007], [-80.37495100041042, 25.768342999623357], [-80.37498099964931, 25.76842699984704], [-80.37501400015958, 25.768521999777967], [-80.3750219996572, 25.7686130000152], [-80.37507100006098, 25.76922300001732], [-80.37513800000814, 25.770064999606834], [-80.3751489998788, 25.770203000020917], [-80.3751630001225, 25.77053300000866], [-80.37518499986382, 25.771032999712517], [-80.37518900006178, 25.771118000342515], [-80.37522199967374, 25.771479999621985], [-80.37526799970449, 25.771972000371946], [-80.37531399973524, 25.772463999891045], [-80.375359999766, 25.772953000193617], [-80.37540300032201, 25.773412000138002], [-80.37544099995687, 25.773828000268676], [-80.37549200001048, 25.774366999892766], [-80.37550399970604, 25.774488000198236], [-80.37553899986614, 25.77486800028186], [-80.37558300024706, 25.77532600025123], [-80.37558800026994, 25.775382999655687], [-80.37559300029282, 25.77539100005241], [-80.37559800031569, 25.7754910001126], [-80.37578800028649, 25.775488999610687], [-80.37589799989134, 25.77548799976415], [-80.37593999972414, 25.777043000046167], [-80.37597400005933, 25.778073000326795], [-80.37574999975334, 25.77824199970578], [-80.37555999978254, 25.77845599971795], [-80.37534399987247, 25.778700000402388], [-80.37493899981652, 25.77914999999703], [-80.37433899976689, 25.779835000354424], [-80.37386599993889, 25.779944999612212], [-80.37339099956272, 25.780014999969207], [-80.37277200014485, 25.780154999750444], [-80.37162899994702, 25.780415000292457], [-80.36964800004817, 25.780899000368578], [-80.36891999995203, 25.78106500036772], [-80.36882399969257, 25.78159399990198], [-80.36880000030143, 25.781868000051393], [-80.36877900038503, 25.782062999919837], [-80.36874099985188, 25.782405999760947], [-80.36872499995836, 25.78254400038175], [-80.36867599955455, 25.78300599977935], [-80.3686429999426, 25.784222000020268], [-80.3687629995932, 25.786170000258966], [-80.3687690003393, 25.787109999764787], [-80.3687779996618, 25.787952999953472], [-80.36882700006561, 25.78973400007893], [-80.3689119995561, 25.79163300000447], [-80.36892999999776, 25.792035999897976], [-80.36899399957187, 25.793479999953583], [-80.36899899959475, 25.794378999633356], [-80.36905899986921, 25.795280999622904], [-80.36906700026512, 25.796069000155352], [-80.36908800018152, 25.796910000401404], [-80.36909200037948, 25.797012000250554], [-80.3690930002044, 25.797048999983865], [-80.36909499985423, 25.7971339997646], [-80.36931499996224, 25.7971339997646], [-80.36936900038891, 25.7971339997646], [-80.37064599958273, 25.797130999963667], [-80.37703600006631, 25.79711800028629], [-80.37710399983837, 25.79711800028629], [-80.38050300029465, 25.797113000347768], [-80.38451399959781, 25.79710600027175], [-80.38479599963011, 25.797104999798684], [-80.38497499973028, 25.797109999737536], [-80.38522599980044, 25.797128000162655], [-80.3852080002571, 25.797024999939584], [-80.38501300026343, 25.79702900021688], [-80.38498899997397, 25.797039999765616], [-80.38498700032414, 25.796962000002438], [-80.38498599960094, 25.796841999644393], [-80.38514899980754, 25.796835000361135], [-80.38519700038644, 25.796833999885816], [-80.38547900041875, 25.796826000126668], [-80.38571799989504, 25.79681900003369], [-80.38584099991867, 25.796814999749284], [-80.38594600039897, 25.79681199994032], [-80.38608000029326, 25.79681199994032], [-80.38662099989334, 25.79680799965566], [-80.39238899968767, 25.796761999607806], [-80.39310900028622, 25.796775999800108], [-80.40110400002666, 25.796719999829858], [-80.4013879997088, 25.79671799968599], [-80.40140100012759, 25.79671799968599], [-80.40519300004595, 25.79670700010738], [-80.40878800032081, 25.796707999775016], [-80.41024199996497, 25.796709000251443], [-80.41675999959674, 25.796736999838068], [-80.41703499995636, 25.796753999843833], [-80.41721300023157, 25.796704999963307], [-80.41730100009512, 25.79665800020746], [-80.41730399956987, 25.796619999874956]]]}}, {"type": "Feature", "properties": {"name": "Virginia Gardens", "geoid": "1274575", "county": "miamidade"}, "geometry": {"type": "Polygon", "coordinates": [[[-80.3052949999675, 25.81167000019228], [-80.30526900002825, 25.810953999666847], [-80.3052530001347, 25.810302999738557], [-80.30522600037052, 25.809614999625612], [-80.30520000043126, 25.80899200035255], [-80.30516299972301, 25.807410000216404], [-80.30508900010317, 25.80686600001951], [-80.30504399989734, 25.806419000041434], [-80.30482700016235, 25.80667800001891], [-80.30461100025228, 25.80680600001733], [-80.30432400019711, 25.80691899968617], [-80.30380899963798, 25.80690600027368], [-80.30326399983994, 25.806912999770866], [-80.30326399983994, 25.807157000124832], [-80.30106600020613, 25.807218000336963], [-80.30028700005637, 25.80723999996827], [-80.29883300041222, 25.807492999882633], [-80.29723699957954, 25.807469000335907], [-80.28931700018215, 25.80767300037184], [-80.28916999986906, 25.807599000248754], [-80.28919599980831, 25.80792400021556], [-80.28919499998341, 25.80809899976623], [-80.28919499998341, 25.808170000055508], [-80.28919699963325, 25.808305000283184], [-80.28920500002916, 25.80889600011615], [-80.28920900022712, 25.809009000217827], [-80.28928000037222, 25.810785000009375], [-80.28928600022002, 25.811679000108096], [-80.29097099984283, 25.811672999625173], [-80.2917290000762, 25.811672999625173], [-80.29248700030959, 25.811672999625173], [-80.29330499991909, 25.811649999658073], [-80.29527199957423, 25.811675000325323], [-80.2972979996789, 25.81166199981726], [-80.29929399964635, 25.81165600014219], [-80.30130800005549, 25.811665999600493], [-80.3023030001153, 25.811677000216722], [-80.3033380003581, 25.81167599986668], [-80.30496799972936, 25.811668000300767], [-80.3052949999675, 25.81167000019228]]]}}, {"type": "Feature", "properties": {"name": "West Miami", "geoid": "1276525", "county": "miamidade"}, "geometry": {"type": "Polygon", "coordinates": [[[-80.3039009996995, 25.763099000063587], [-80.30388300015615, 25.762481999640617], [-80.30384899982096, 25.76126999976166], [-80.30382500042982, 25.760381999678785], [-80.30380000031548, 25.759475999763026], [-80.3037969999424, 25.75873299993335], [-80.30377500020111, 25.75796399965513], [-80.30376400033046, 25.757599999615397], [-80.30375299956148, 25.757278000081577], [-80.30374199969083, 25.756718999626276], [-80.30373500001814, 25.756531000227877], [-80.30372599979731, 25.756188000033603], [-80.30371599975157, 25.75580399996869], [-80.30367200026896, 25.753865999923065], [-80.30363399973581, 25.752965999864582], [-80.30363000043616, 25.75191800016693], [-80.30361199999449, 25.751262999604563], [-80.30359899957571, 25.75101200040451], [-80.30359000025318, 25.750298000298777], [-80.30357900038253, 25.749952999780675], [-80.30355500009308, 25.748970999973896], [-80.30354300039751, 25.74801799997509], [-80.30197599987714, 25.74804499964728], [-80.30148899980543, 25.748057999846907], [-80.30140799961458, 25.74806000000195], [-80.30141000016272, 25.74818399984046], [-80.30143500027708, 25.748905000200015], [-80.30143699992689, 25.748956999804253], [-80.30145000034568, 25.748977000392877], [-80.30147799993479, 25.749021000219518], [-80.30150600042218, 25.74906500002989], [-80.30151399991978, 25.749075999979937], [-80.30152599961536, 25.74940300023641], [-80.30154800025498, 25.75000699985754], [-80.29952799999809, 25.75008599980592], [-80.29955399993736, 25.75074599985138], [-80.29956900000596, 25.752029000260077], [-80.29850699999899, 25.752052999697987], [-80.29756800001564, 25.752088999654912], [-80.29758100043443, 25.753064000137087], [-80.29684599976729, 25.753101999857755], [-80.29555600015466, 25.753144999739874], [-80.29556100017754, 25.752219999630828], [-80.29537200003165, 25.752148999828567], [-80.29457500033854, 25.752162000388118], [-80.29425399994818, 25.752168999879725], [-80.29431199967449, 25.75345400035436], [-80.29463800008773, 25.753447000129377], [-80.29557799989598, 25.753418000002064], [-80.2956070002083, 25.754086000356388], [-80.29360500039306, 25.754130999935118], [-80.29362700013435, 25.754787000074526], [-80.29561499970589, 25.75473699982884], [-80.29563800017043, 25.755099999726205], [-80.29363200015723, 25.755156999943637], [-80.29187800003912, 25.75519699983857], [-80.29187800003912, 25.7554929997751], [-80.29190599962821, 25.756154999729144], [-80.29166600032701, 25.75616099978517], [-80.28870700008677, 25.756257999839992], [-80.28850100022247, 25.75626399989083], [-80.28757300010977, 25.756292000124038], [-80.28758499980533, 25.75662199994803], [-80.28760900009479, 25.75717100004319], [-80.28764000005692, 25.757888000076864], [-80.28766400034638, 25.75869500039638], [-80.28768500026277, 25.759233999972977], [-80.28771000037713, 25.75995299964008], [-80.287743999814, 25.76063400008207], [-80.28775700023279, 25.76102399970953], [-80.28777399995123, 25.76134900030825], [-80.28779800024068, 25.762112999902126], [-80.28782800037789, 25.762777000071118], [-80.28785199976903, 25.76356299982823], [-80.28996300026253, 25.763488999683922], [-80.29052899997696, 25.76348499989348], [-80.29126999959358, 25.76346999986903], [-80.2919049998033, 25.763440999762445], [-80.29264999961788, 25.763419000095347], [-80.29322399972824, 25.763403000114256], [-80.29332900020854, 25.76339699961515], [-80.29362399976132, 25.763387000130983], [-80.2938890000752, 25.76337899973406], [-80.29410800035829, 25.763380999631092], [-80.29425999979595, 25.763369000248364], [-80.29469199961609, 25.76335400020926], [-80.29499000044022, 25.763343999912475], [-80.29587800036995, 25.763310999978806], [-80.29690199984378, 25.763306000233204], [-80.297881999835, 25.763258000237748], [-80.29804199966857, 25.763258000237748], [-80.29963599995311, 25.763220999671795], [-80.2999000004421, 25.76320499966402], [-80.3008889997558, 25.763193000263534], [-80.30190300008222, 25.763159000337506], [-80.30286999965465, 25.763131000105584], [-80.3039009996995, 25.763099000063587]]]}}]}