{"type": "FeatureCollection", "features": [{"type": "Feature", "properties": {"city": "camden", "ward": "1", "ward_label": "Ward 1"}, "geometry": {"type": "Polygon", "coordinates": [[[-75.1293576273464, 39.9073809676285], [-75.1292873948364, 39.9077510381748], [-75.1292261561707, 39.9081220560454], [-75.1291739336805, 39.9084938896285], [-75.1291307473919, 39.9088664109257], [-75.1290966102826, 39.9092394883719], [-75.1290715353474, 39.9096129922013], [-75.1290555308955, 39.9099867917705], [-75.129048604067, 39.9103607564407], [-75.1290507561463, 39.9107347547018], [-75.1290619872729, 39.9111086577501], [-75.1290822928749, 39.9114823332024], [-75.1291116660571, 39.9118556504875], [-75.1291500975929, 39.9122284799454], [-75.1291975735678, 39.9126006910389], [-75.1292540777355, 39.9129721541419], [-75.1293195903227, 39.9133427378442], [-75.1293940892485, 39.9137123143487], [-75.1294775477348, 39.9140807540806], [-75.1295699366541, 39.9144479265752], [-75.1296712245785, 39.9148137058816], [-75.1297813765357, 39.9151779624636], [-75.1299003529048, 39.9155405704114], [-75.1300281128676, 39.9159014011175], [-75.1301646121352, 39.9162603304951], [-75.1303098017115, 39.9166172317792], [-75.1304636337832, 39.9169719799979], [-75.1306260523619, 39.9173244520238], [-75.130797001447, 39.9176745238272], [-75.130976421541, 39.9180220731972], [-75.1357992123593, 39.9274806240147], [-75.1359121091737, 39.9277205083774], [-75.1360172402484, 39.9279624762293], [-75.1361145386154, 39.9282063784408], [-75.1362039443139, 39.9284520649419], [-75.1362854043748, 39.9286993829204], [-75.1363588670127, 39.9289481813579], [-75.1364242874423, 39.9291983073944], [-75.1364816243691, 39.9294496063479], [-75.1365308423375, 39.9297019226021], [-75.1365719129265, 39.9299551023019], [-75.1366048088498, 39.9302089879813], [-75.1366295098643, 39.9304634248364], [-75.1366460015424, 39.9307182544265], [-75.13665427299, 39.9309733209921], [-75.1366543191458, 39.9312284669386], [-75.1367061654771, 39.9324167909177], [-75.1367488324096, 39.9336053298712], [-75.1367823179304, 39.9347940441899], [-75.1368066199844, 39.9359828897593], [-75.136807561778, 39.9366785733042], [-75.1367992504226, 39.9373742283272], [-75.1367816861143, 39.9380697800669], [-75.1367548702608, 39.9387651582567], [-75.1367188065604, 39.939460287211], [-75.1366734964215, 39.9401550966589], [-75.1366189447214, 39.9408495118045], [-75.1365551587034, 39.9415434605392], [-75.136482143263, 39.9422368698642], [-75.1363999056369, 39.9429296667657], [-75.1363084542495, 39.9436217800228], [-75.1362077998418, 39.9443131356973], [-75.1360979520025, 39.9450036616571], [-75.1360387035392, 39.9453469244021], [-75.1360782110204, 39.9449952465604], [-75.1347665609739, 39.9449228579198], [-75.1334549146674, 39.9448504544102], [-75.1299207057791, 39.9446145546253], [-75.1215037924828, 39.9440719038936], [-75.1192148528229, 39.9440660673544], [-75.1178900124428, 39.9440626686582], [-75.116250850238, 39.9440584427579], [-75.1154003161326, 39.9440562413304], [-75.1147526576327, 39.9440545604457], [-75.1137937550154, 39.9440520652339], [-75.1135777545741, 39.9427250651757], [-75.1135597545272, 39.9426415655514], [-75.1134837545379, 39.9422790653961], [-75.1134637544389, 39.942183064571], [-75.1134137544445, 39.9418630645726], [-75.1132707544292, 39.9412710646838], [-75.113091754476, 39.9405280644125], [-75.1129327537439, 39.9400300647367], [-75.1128627544567, 39.939809064498], [-75.1128057541446, 39.9396180648169], [-75.112727754277, 39.9393550643059], [-75.1126527542732, 39.9391020646784], [-75.1125337543202, 39.9387170641477], [-75.1123817533541, 39.9382320643479], [-75.1121837539927, 39.9376320639594], [-75.1121047539042, 39.9374050642154], [-75.1120097539947, 39.9371330637874], [-75.1119667540322, 39.9369850643859], [-75.1112729268531, 39.9370408702801], [-75.1110066160015, 39.9363299675468], [-75.1090524465946, 39.9323813017254], [-75.1087107521821, 39.9316520632245], [-75.1103367524551, 39.931526063371], [-75.1110357530995, 39.931472062531], [-75.111647753296, 39.931435062543], [-75.1119737536686, 39.9314210629152], [-75.1127787534517, 39.9313850629145], [-75.1129167540175, 39.93137906252], [-75.1131337534517, 39.9313580626079], [-75.1134587534444, 39.9313290627433], [-75.1138357542282, 39.9312940626536], [-75.1140307539119, 39.9312760625123], [-75.1144107539304, 39.9312410626843], [-75.1158427548572, 39.931134062879], [-75.1162007540812, 39.9311080622648], [-75.1161097548166, 39.9313510624498], [-75.116065754409, 39.931573063146], [-75.1160757549087, 39.931868063284], [-75.1160437550346, 39.9325900625561], [-75.1160287547564, 39.9332560633613], [-75.1160077549347, 39.9339680628593], [-75.116421754847, 39.9339410632407], [-75.1176277549598, 39.9338620631275], [-75.1190207558839, 39.9337650630099], [-75.1194617556109, 39.933733063459], [-75.1194637561367, 39.9332890634297], [-75.1194647557631, 39.933040062786], [-75.1194717558362, 39.9323310629421], [-75.1194817554934, 39.9316090623296], [-75.11949575532, 39.9308730621123], [-75.1195027552241, 39.9304590621769], [-75.1195087551969, 39.9301320627903], [-75.1195150751434, 39.9299478884294], [-75.1195227550864, 39.9297240619696], [-75.1195337559795, 39.9293950623605], [-75.119549771292, 39.928681037468], [-75.1195620493876, 39.9280502996764], [-75.1195697555082, 39.9276840623254], [-75.1195937456252, 39.9267424314812], [-75.1196223478607, 39.925619747068], [-75.1196506012244, 39.9245107371149], [-75.119660377006, 39.9241500395693], [-75.119676755794, 39.9234840615007], [-75.1197080763307, 39.9223049845011], [-75.1197467515817, 39.9208489878544], [-75.1198501428213, 39.9169563932676], [-75.1189885587237, 39.9169592168648], [-75.1174026005333, 39.916964398081], [-75.1165661692313, 39.9169671219899], [-75.1160517120579, 39.9169726116576], [-75.1153480945366, 39.9169793876588], [-75.1148497537657, 39.9169720602805], [-75.1145084205093, 39.9169677268298], [-75.1140647529992, 39.9169590596907], [-75.1135987527104, 39.9169520600635], [-75.1127207526972, 39.9169390596782], [-75.1122887521353, 39.9169320597674], [-75.1105037514673, 39.9169050602052], [-75.1095687519481, 39.9168910597257], [-75.1087044175703, 39.9168777264993], [-75.1077257507595, 39.9168620605885], [-75.1054877503957, 39.9168280599349], [-75.1046597499104, 39.9167860604663], [-75.1038467499257, 39.9166910600077], [-75.1034547497379, 39.916615060142], [-75.1028697491759, 39.9164790598752], [-75.1010047485341, 39.9158710602344], [-75.1008853037811, 39.9158304634712], [-75.100779211988, 39.9156106795278], [-75.1002301788439, 39.9144531592856], [-75.0999720565701, 39.9138918294632], [-75.099880171568, 39.9136919921909], [-75.0998650233812, 39.9136590467493], [-75.099758358599, 39.9137401043806], [-75.0997158576689, 39.9137746342248], [-75.0996674131746, 39.913804158894], [-75.0996140082868, 39.9138280806268], [-75.099556728898, 39.9138459110185], [-75.0994967403856, 39.9138572891568], [-75.099435259556, 39.9138619835687], [-75.0993735371524, 39.9138598986159], [-75.0993128262899, 39.9138510764601], [-75.0992543613996, 39.9138356971713], [-75.0991993301009, 39.9138140725681], [-75.099148850946, 39.9137866427298], [-75.0991291756847, 39.9137758961811], [-75.0991076333916, 39.9137675398645], [-75.0990847087772, 39.9137617613255], [-75.0990609199836, 39.913758692093], [-75.0990368009706, 39.9137583996639], [-75.0990128980373, 39.9137608911236], [-75.0989873907222, 39.9137753811812], [-75.0989501632945, 39.9137827656844], [-75.0989035325674, 39.9137830065354], [-75.0988358917374, 39.9137779750016], [-75.0987240057356, 39.9137767414215], [-75.0986377679007, 39.913777186663], [-75.098544650986, 39.9137902413274], [-75.098463204633, 39.9138086165553], [-75.0983934653731, 39.9138287156285], [-75.0983563315036, 39.9138468620995], [-75.0983262943826, 39.9138775450182], [-75.09830800835, 39.9139189029166], [-75.0982734570643, 39.9139675648622], [-75.0982366352595, 39.9140215914591], [-75.0982065822515, 39.9140504630907], [-75.0981589659622, 39.9140686635751], [-75.0980890988245, 39.9140780013848], [-75.0980051764754, 39.9140784342137], [-75.0979328089172, 39.91406266479], [-75.0978836267758, 39.914035986115], [-75.0978321381546, 39.9140147001805], [-75.0977806390459, 39.9139880334069], [-75.0977407499899, 39.9139559538148], [-75.0977100570125, 39.9139112249063], [-75.0977072056612, 39.9138538064248], [-75.0977137248181, 39.9137999082739], [-75.0977148808614, 39.9137612013012], [-75.0977155466838, 39.91373889617], [-75.0977150004407, 39.9136760570124], [-75.0976912326713, 39.9136241272129], [-75.0976466119669, 39.9135848509436], [-75.097562317294, 39.9135422375043], [-75.0974548837296, 39.913515858816], [-75.0973498714846, 39.9135056380888], [-75.0972216880486, 39.9135080826661], [-75.0971331957314, 39.9135157044868], [-75.0968552834761, 39.9135889267684], [-75.0966205973443, 39.9136763122042], [-75.0964743769663, 39.9137488559204], [-75.096468806453, 39.9137527090098], [-75.0963724171228, 39.9138193884112], [-75.0962937112663, 39.9138826072244], [-75.096217016262, 39.913906337313], [-75.0961975059824, 39.9139089037847], [-75.0958960697449, 39.9136553410616], [-75.0944237856011, 39.911914714205], [-75.0929868431507, 39.9102157651138], [-75.0929242053785, 39.910141704322], [-75.0924690539735, 39.9096035392065], [-75.0969749556306, 39.9083398707263], [-75.0974254482731, 39.9080193026114], [-75.0973907112259, 39.9079399438672], [-75.097295356924, 39.9077221042627], [-75.0971851124944, 39.9074650997675], [-75.0968755563765, 39.9067433664316], [-75.0964961655993, 39.9058588068753], [-75.0964815812671, 39.9058248114075], [-75.0963413408035, 39.905507918563], [-75.0962516760234, 39.9053093663958], [-75.0946857529241, 39.901606918359], [-75.0946060211958, 39.9014183892448], [-75.0947980244811, 39.9013830449609], [-75.0948673631238, 39.9013798889688], [-75.0949586234328, 39.9013765934478], [-75.0951082807476, 39.9013786528912], [-75.0952543141365, 39.9013779033931], [-75.0953638368053, 39.9013801414895], [-75.0955097240355, 39.9013625084837], [-75.0956263342851, 39.9013394250138], [-75.0957282678629, 39.9013051605652], [-75.0958411216469, 39.9012680395903], [-75.0959283324963, 39.9012253946818], [-75.0962901314015, 39.9008467848671], [-75.0964477540942, 39.9007110108617], [-75.0967091510626, 39.9005437892093], [-75.0968509009734, 39.9004727786072], [-75.0969925326467, 39.9004116249855], [-75.0970618425158, 39.9003816985248], [-75.0972838712195, 39.9003074728156], [-75.0974327809831, 39.9002195397856], [-75.0976035510456, 39.9001286656638], [-75.0978017291657, 39.9000376779289], [-75.0981325316627, 39.8998757238408], [-75.0981524149008, 39.8998627176147], [-75.0983103863947, 39.8997595272087], [-75.0985394010872, 39.8996486948436], [-75.0987285878362, 39.8995774082764], [-75.0989141506878, 39.8995033677094], [-75.0991105217235, 39.8994179877269], [-75.0992614405236, 39.8993525544864], [-75.0994142018133, 39.8992899109544], [-75.0995162540977, 39.899269699151], [-75.0996729551032, 39.8992379484194], [-75.1000378008463, 39.8992163769435], [-75.1002858943058, 39.8992010364066], [-75.1004353131815, 39.8991721496907], [-75.1006498326365, 39.8990754447979], [-75.1008170081994, 39.8989902401614], [-75.1009024812415, 39.898953228192], [-75.1010152532978, 39.8989076475743], [-75.101142548696, 39.8988824531516], [-75.1011464466725, 39.8988816817476], [-75.1012889256158, 39.8988949996762], [-75.1014462640501, 39.8989363535436], [-75.1015999812029, 39.8989833527618], [-75.1017901585121, 39.8990217354706], [-75.1019656613293, 39.8990573657889], [-75.1021157682567, 39.8991072113122], [-75.1022587517671, 39.8991739505522], [-75.1023469173604, 39.8992409743574], [-75.1024281176856, 39.8993389477829], [-75.102466736855, 39.8993994122423], [-75.1025372963697, 39.8995098842716], [-75.1026443875972, 39.8996499197975], [-75.102736495712, 39.8997478354126], [-75.1028101085098, 39.899817762744], [-75.1029165352763, 39.8998818629297], [-75.1032427772634, 39.9000348148966], [-75.1034773207145, 39.9001404448271], [-75.1037078825888, 39.9002067264801], [-75.1040041472154, 39.9002698381339], [-75.1043245089959, 39.9003778196597], [-75.1045955156025, 39.9004748292875], [-75.1047053336027, 39.9005107978701], [-75.1047930935559, 39.9005272241481], [-75.1048770694311, 39.9005267861635], [-75.1052962474615, 39.9004571172979], [-75.1054416801083, 39.9004288772451], [-75.1054748453144, 39.9004224441098], [-75.1057573748508, 39.9003787718733], [-75.1059834022247, 39.9003466783926], [-75.1061403751881, 39.9003458580246], [-75.1062608384942, 39.9003480286463], [-75.1065731160251, 39.9003632796065], [-75.1068871509053, 39.9003756931792], [-75.1071463739047, 39.9003771366277], [-75.1073907846641, 39.9003561995118], [-75.1077187380583, 39.9002897999883], [-75.107940954332, 39.9002380104831], [-75.1080827443277, 39.9001956791929], [-75.1081230109537, 39.9001836578478], [-75.1082393162637, 39.9001267945359], [-75.1083262062594, 39.9000448013982], [-75.1083860348297, 39.9000023177896], [-75.1085169785047, 39.899948205652], [-75.1086698174067, 39.8998911781202], [-75.1088553599003, 39.8998199221057], [-75.108949878532, 39.8997744287196], [-75.1090586522886, 39.8996923192155], [-75.1091236704665, 39.899616068024], [-75.1092141796155, 39.8995284266294], [-75.1092829926355, 39.8994662110954], [-75.1093846335779, 39.8994038239215], [-75.1095299388237, 39.8993215220014], [-75.1096789303584, 39.8992448281967], [-75.1100625688015, 39.8990797349871], [-75.1103027395505, 39.898991305328], [-75.1105137583401, 39.8989114566528], [-75.1107464608896, 39.8988090358271], [-75.1109392793999, 39.8987349108072], [-75.1111377251062, 39.8986804400759], [-75.1114364998217, 39.8986170111599], [-75.1116114679183, 39.8985879762439], [-75.1117208977502, 39.8985761428048], [-75.1118381765743, 39.8985692920501], [-75.1118759485332, 39.8986040964158], [-75.1120059301343, 39.8986789356244], [-75.1121448394263, 39.8987554857596], [-75.1124369863679, 39.8988964564664], [-75.1126295787379, 39.8989933119796], [-75.1128378591067, 39.8990986500819], [-75.1129677938595, 39.8991718149176], [-75.1131662694062, 39.8993046860134], [-75.1132538756458, 39.8993797757783], [-75.1132658899195, 39.8993923132691], [-75.1133259059192, 39.8994549478546], [-75.1133936283327, 39.8995507330512], [-75.1134395475408, 39.899636116776], [-75.1134918249354, 39.8998587801761], [-75.1135058673789, 39.9000137534218], [-75.1134990542477, 39.90024901427], [-75.1135171643137, 39.9004051855548], [-75.1135359102171, 39.9005046623786], [-75.1135636382422, 39.9006161432598], [-75.1135932744272, 39.9006898091685], [-75.1136455259544, 39.9008011332449], [-75.1137158172382, 39.9009329792234], [-75.1137766935131, 39.9010082100235], [-75.1138745222185, 39.9011021332066], [-75.1140317351935, 39.9012317894505], [-75.1142155744343, 39.9013493069131], [-75.1144104170256, 39.9014495792167], [-75.1146453802842, 39.9015479100733], [-75.1148464394786, 39.9016168731204], [-75.1149953513579, 39.9016679494378], [-75.1154047146575, 39.9018203154274], [-75.1159110781931, 39.901977326824], [-75.1162172303902, 39.9020598461922], [-75.1162507409805, 39.9020682339284], [-75.1163582062378, 39.9021191936646], [-75.1164302117925, 39.9021909051447], [-75.1164934871362, 39.9022867391303], [-75.1165437344041, 39.9024203922545], [-75.1165671201006, 39.9025438929914], [-75.1165507071643, 39.9028699196399], [-75.1164755534953, 39.9032530874207], [-75.1164306261704, 39.903482141406], [-75.1162857911358, 39.9037404555954], [-75.1157813158206, 39.9042918137369], [-75.115577158845, 39.9045237718146], [-75.1153961452307, 39.9047273422534], [-75.1148804595946, 39.9053997048995], [-75.1147140112754, 39.9057336854866], [-75.1147146892614, 39.9059455067689], [-75.1147152646453, 39.906125171243], [-75.1147744889308, 39.9062622362076], [-75.1148512547002, 39.9063717264024], [-75.1150826456783, 39.9066078477209], [-75.1151257548757, 39.9066518378757], [-75.1152510422138, 39.9067575567104], [-75.1155301373481, 39.9069931123558], [-75.1161703081019, 39.9075219875254], [-75.1164585633539, 39.9077603645981], [-75.1167273500548, 39.9079826397169], [-75.1171785569979, 39.9083202005468], [-75.1173355463938, 39.9084223994936], [-75.1174877357155, 39.9084902786201], [-75.1176262235008, 39.9085169948878], [-75.1176277229637, 39.9085172607188], [-75.1177434294324, 39.9085375815081], [-75.117778078247, 39.9085436667997], [-75.1178896402644, 39.9085533675743], [-75.1180992746577, 39.9085591417303], [-75.1183133327372, 39.9085614322735], [-75.1188994516119, 39.9085308238336], [-75.1193720704154, 39.9085248687081], [-75.1196395739169, 39.9085200078784], [-75.1197351544215, 39.9085188864165], [-75.1201768572319, 39.9085137039177], [-75.1203338151352, 39.9084818149282], [-75.120361754814, 39.9084800576847], [-75.1203842653413, 39.9084663814964], [-75.1204971232134, 39.9084261425957], [-75.1206924273687, 39.9083254945104], [-75.1208695314854, 39.9081871954781], [-75.1209522531048, 39.9081213065947], [-75.1210909237624, 39.9080108541628], [-75.1212745726291, 39.9078553599321], [-75.1214030265912, 39.907761932233], [-75.1215007857965, 39.907723632339], [-75.1216786977824, 39.9076711748858], [-75.1216990801475, 39.9076675708379], [-75.1218389681482, 39.9076428347348], [-75.1220304917418, 39.9076212171906], [-75.1221685434386, 39.9075998583139], [-75.1222975913542, 39.9075682533193], [-75.1224576748607, 39.9075193220699], [-75.122577743452, 39.9074843323375], [-75.1227023040351, 39.9074493192601], [-75.1228358644851, 39.9074280116292], [-75.1229339023804, 39.9074206215713], [-75.1231746298757, 39.9074158964309], [-75.1239884752438, 39.9074183834303], [-75.1245784132839, 39.9074103156875], [-75.125001660054, 39.9074045260836], [-75.1273391945719, 39.9073919038157], [-75.1274264648034, 39.9073914316596], [-75.1280248612913, 39.9073881923997], [-75.1289149633594, 39.9073833683564], [-75.1290472551071, 39.907382650798], [-75.1293576273464, 39.9073809676285]]]}}, {"type": "Feature", "properties": {"city": "camden", "ward": "2", "ward_label": "Ward 2"}, "geometry": {"type": "Polygon", "coordinates": [[[-75.0864254451226, 39.9334999469923], [-75.0864048560695, 39.9332920757964], [-75.0864034925332, 39.9332783108041], [-75.0863890261237, 39.9331322542306], [-75.0863887623607, 39.9331295894566], [-75.0863405033195, 39.93283195989], [-75.0863131137657, 39.932656202811], [-75.0862694227407, 39.9325344736084], [-75.0862198753415, 39.9324409149505], [-75.0861148981267, 39.9322749111763], [-75.0860693527368, 39.9322059342747], [-75.0860161242984, 39.9321253202528], [-75.0859418804026, 39.9319919955401], [-75.0859260937031, 39.9319264061825], [-75.085919516117, 39.9318701593104], [-75.0859191362083, 39.9318256038895], [-75.0859216476284, 39.9317646165724], [-75.0859363942437, 39.9317082340146], [-75.085957175084, 39.931640126109], [-75.086005066386, 39.9315437132014], [-75.0860907362792, 39.9314072464811], [-75.086123601986, 39.9313609935895], [-75.0862713665309, 39.9311530448209], [-75.0864942033043, 39.930847016754], [-75.0866607599432, 39.9306578360397], [-75.0867596911884, 39.9305454660255], [-75.0870187538477, 39.9302017515258], [-75.0871506709592, 39.9299524625687], [-75.087243372835, 39.9297502901999], [-75.0873618057184, 39.9293463115251], [-75.0874189416562, 39.9289050871486], [-75.0874354744288, 39.9279856313596], [-75.0873576897078, 39.9274418912033], [-75.0872706339967, 39.9272359617002], [-75.0871046232264, 39.9270585449978], [-75.0869206021132, 39.9269140817368], [-75.0867430802686, 39.9268164484936], [-75.0865659183378, 39.926761064708], [-75.0863645638734, 39.9267245531437], [-75.0861085683868, 39.9267117918345], [-75.085955095677, 39.9267125675253], [-75.0858892412713, 39.9267129003083], [-75.0853260355549, 39.9267532739509], [-75.0848266380582, 39.9267745449676], [-75.0843766923572, 39.9267805821445], [-75.0842661831212, 39.92678206499], [-75.0841296629416, 39.9267682099236], [-75.0841296207887, 39.9267682056324], [-75.0838214575313, 39.926733714764], [-75.083625740485, 39.9267008422618], [-75.0833199888655, 39.9266178219011], [-75.0829386643262, 39.9265025955997], [-75.0821812487028, 39.926271890466], [-75.0815415256157, 39.9260489343446], [-75.0818234359924, 39.9259054433471], [-75.0827559485625, 39.9254307896613], [-75.0832995758985, 39.9251540753116], [-75.0836822873963, 39.9249592661038], [-75.0839449224832, 39.9248255766613], [-75.0841200849736, 39.9247364136419], [-75.0848639030965, 39.9243577799375], [-75.0849564441447, 39.9243106723632], [-75.0850646890602, 39.9242555700059], [-75.0856255472881, 39.9239700632011], [-75.0862160529563, 39.9236694582518], [-75.0868525390124, 39.9233454395177], [-75.0878645049721, 39.9228302616696], [-75.0880870424662, 39.9227112775154], [-75.0883617456766, 39.9225790615694], [-75.0884877447789, 39.9225260618619], [-75.0898947072324, 39.9218148966657], [-75.0902010304514, 39.921660737129], [-75.0905101754912, 39.9215049942684], [-75.0907977459974, 39.9213600618923], [-75.0912252457422, 39.9211550619627], [-75.0913857018774, 39.9210809138865], [-75.0918327459205, 39.9209490616891], [-75.1001467484249, 39.9186030604295], [-75.1016339611351, 39.9181837469774], [-75.1017960180255, 39.9181344539128], [-75.1019814589832, 39.9181204012575], [-75.1018871751338, 39.9179046932067], [-75.1009688594189, 39.9160035584866], [-75.1008853037811, 39.9158304634712], [-75.1028697491759, 39.9164790598752], [-75.1034547497379, 39.916615060142], [-75.1038467499257, 39.9166910600077], [-75.1046597499104, 39.9167860604663], [-75.1054877503957, 39.9168280599349], [-75.1077257507595, 39.9168620605885], [-75.1087044175703, 39.9168777264993], [-75.1095687519481, 39.9168910597257], [-75.1105037514673, 39.9169050602052], [-75.1122887521353, 39.9169320597674], [-75.1127207526972, 39.9169390596782], [-75.1135987527104, 39.9169520600635], [-75.1140647529992, 39.9169590596907], [-75.1145084205093, 39.9169677268298], [-75.1148497537657, 39.9169720602805], [-75.1153480945366, 39.9169793876588], [-75.1160517120579, 39.9169726116576], [-75.1165661692313, 39.9169671219899], [-75.1174026005333, 39.916964398081], [-75.1189885587237, 39.9169592168648], [-75.1198501428213, 39.9169563932676], [-75.1197467515817, 39.9208489878544], [-75.1197080763307, 39.9223049845011], [-75.119676755794, 39.9234840615007], [-75.119660377006, 39.9241500395693], [-75.1196506012244, 39.9245107371149], [-75.1196223478607, 39.925619747068], [-75.1195937456252, 39.9267424314812], [-75.1195697555082, 39.9276840623254], [-75.1195620493876, 39.9280502996764], [-75.119549771292, 39.928681037468], [-75.1195337559795, 39.9293950623605], [-75.1195227550864, 39.9297240619696], [-75.1195150751434, 39.9299478884294], [-75.1195087551969, 39.9301320627903], [-75.1195027552241, 39.9304590621769], [-75.11949575532, 39.9308730621123], [-75.1194817554934, 39.9316090623296], [-75.1194717558362, 39.9323310629421], [-75.1194647557631, 39.933040062786], [-75.1194637561367, 39.9332890634297], [-75.1194617556109, 39.933733063459], [-75.1190207558839, 39.9337650630099], [-75.1176277549598, 39.9338620631275], [-75.116421754847, 39.9339410632407], [-75.1160077549347, 39.9339680628593], [-75.1160287547564, 39.9332560633613], [-75.1160437550346, 39.9325900625561], [-75.1160757549087, 39.931868063284], [-75.116065754409, 39.931573063146], [-75.1161097548166, 39.9313510624498], [-75.1162007540812, 39.9311080622648], [-75.1158427548572, 39.931134062879], [-75.1144107539304, 39.9312410626843], [-75.1140307539119, 39.9312760625123], [-75.1138357542282, 39.9312940626536], [-75.1134587534444, 39.9313290627433], [-75.1131337534517, 39.9313580626079], [-75.1129167540175, 39.93137906252], [-75.1127787534517, 39.9313850629145], [-75.1119737536686, 39.9314210629152], [-75.111647753296, 39.931435062543], [-75.1110357530995, 39.931472062531], [-75.1103367524551, 39.931526063371], [-75.1087107521821, 39.9316520632245], [-75.1090524465946, 39.9323813017254], [-75.1110066160015, 39.9363299675468], [-75.1112729268531, 39.9370408702801], [-75.1119667540322, 39.9369850643859], [-75.1120097539947, 39.9371330637874], [-75.1121047539042, 39.9374050642154], [-75.1121837539927, 39.9376320639594], [-75.1123817533541, 39.9382320643479], [-75.1125337543202, 39.9387170641477], [-75.1126527542732, 39.9391020646784], [-75.112727754277, 39.9393550643059], [-75.1128057541446, 39.9396180648169], [-75.1128627544567, 39.939809064498], [-75.1129327537439, 39.9400300647367], [-75.113091754476, 39.9405280644125], [-75.1132707544292, 39.9412710646838], [-75.1134137544445, 39.9418630645726], [-75.1134637544389, 39.942183064571], [-75.1134837545379, 39.9422790653961], [-75.1135597545272, 39.9426415655514], [-75.1135777545741, 39.9427250651757], [-75.1137937550154, 39.9440520652339], [-75.1136457540312, 39.9440505653979], [-75.1134387541409, 39.9440490650172], [-75.1131837549733, 39.9440480649399], [-75.1128357543962, 39.9440500653225], [-75.1120437539551, 39.944020065402], [-75.1116737540284, 39.9440010657958], [-75.1110147538171, 39.9440070654863], [-75.1103157534202, 39.9439820651171], [-75.1097497535995, 39.9440260652378], [-75.1095017530881, 39.9440210652353], [-75.1093677527035, 39.9440190657002], [-75.1086557527367, 39.9440040656821], [-75.1084967533642, 39.9440000653013], [-75.1077317523481, 39.9439960652296], [-75.1072767529857, 39.9439930658908], [-75.1070877530405, 39.9439920660604], [-75.1069417528039, 39.9439915658909], [-75.1067297523086, 39.9439890655091], [-75.1058827516262, 39.9439800654684], [-75.1054617521112, 39.9439690658561], [-75.1050587519338, 39.9439720659888], [-75.1044957518655, 39.9439852655637], [-75.1045107522471, 39.9438760654355], [-75.1045887522243, 39.9434500660148], [-75.1047107512739, 39.9429650656919], [-75.1049877516339, 39.9422200653998], [-75.1050337513369, 39.9421450655028], [-75.1051107521799, 39.9420210654754], [-75.1051897513739, 39.9418970648712], [-75.1052597515918, 39.9417840656301], [-75.1054877516779, 39.9415620650826], [-75.1056997520167, 39.9413400648059], [-75.1059877524671, 39.9410520654819], [-75.1060767519748, 39.9407160649215], [-75.1061307523425, 39.9404620650948], [-75.1060417514215, 39.9401220644988], [-75.1059657523753, 39.9397760646786], [-75.1059537518969, 39.9392860642668], [-75.1059667514304, 39.9391980644464], [-75.1058417513318, 39.9388750644314], [-75.1056757516837, 39.9387160645977], [-75.105417751222, 39.938685064899], [-75.1050037519573, 39.938704064789], [-75.1045277518507, 39.9388840642942], [-75.1040737510232, 39.9390740649087], [-75.1037977512167, 39.9392580649691], [-75.1035927508689, 39.9394960652592], [-75.1033887508953, 39.9397560652361], [-75.103176751305, 39.9399560650945], [-75.1030147507338, 39.9401710652583], [-75.1027457506071, 39.9402770653844], [-75.1024667509119, 39.9402740651154], [-75.1012307509432, 39.940179064916], [-75.10075174998, 39.9400880649607], [-75.1000947504127, 39.9400160653417], [-75.0993667499381, 39.9399020650409], [-75.0968477491077, 39.9389590654068], [-75.0964097489315, 39.9386510649668], [-75.0948015489247, 39.9374966652417], [-75.0947547477739, 39.9373940648236], [-75.0946807484571, 39.9373140649296], [-75.0944287484845, 39.9371730646415], [-75.0937647478536, 39.937117064266], [-75.0926287478699, 39.9370540648306], [-75.0915082474618, 39.9368525646585], [-75.0912187469174, 39.9367670649725], [-75.0910417471288, 39.9367030648473], [-75.0907647466381, 39.9366480650437], [-75.0905897467091, 39.9365510645754], [-75.0904147470069, 39.9364330646503], [-75.0902257469479, 39.9363180648442], [-75.0901267461877, 39.9360910643536], [-75.0901237642683, 39.9360730121571], [-75.0901351443367, 39.9360637561668], [-75.0901325354211, 39.9359132659386], [-75.0901211550369, 39.9356553411313], [-75.0901037118221, 39.9353974471692], [-75.0900843652186, 39.9352709010634], [-75.0900574523996, 39.9351561171221], [-75.0900045039093, 39.9350203529811], [-75.0899488263794, 39.9349197989125], [-75.0898780272215, 39.9348357111021], [-75.0897827748576, 39.9347447193853], [-75.0897244540533, 39.9346934304727], [-75.0896050062646, 39.9346213135906], [-75.0893908682066, 39.9345192312152], [-75.0892013824478, 39.9344474690279], [-75.0890226461513, 39.9343897633725], [-75.0889310463053, 39.9343667831596], [-75.0888395255779, 39.934353164472], [-75.0887207386601, 39.9343537676959], [-75.088501447451, 39.9343619092362], [-75.0883798551665, 39.9343930271579], [-75.088191520366, 39.9344596518614], [-75.0878893834627, 39.9345761060794], [-75.0875764829604, 39.9346808633713], [-75.087220951172, 39.934788224432], [-75.0870643023444, 39.9348195185226], [-75.0868694262672, 39.9348345616072], [-75.0867749953022, 39.9348350395533], [-75.0865829655791, 39.9348242884762], [-75.0865310250997, 39.9348057732034], [-75.0864728067069, 39.9347662048978], [-75.0864297356231, 39.9347171700277], [-75.0863896348935, 39.9346610927637], [-75.0863708768393, 39.9346025467822], [-75.0863635969392, 39.9344642162294], [-75.0863651722507, 39.9343770706843], [-75.0863656476785, 39.9343492849182], [-75.0863782814681, 39.9342249101592], [-75.0864071298847, 39.9340324505311], [-75.0864232017769, 39.9337720256311], [-75.0864324675742, 39.9336124995855], [-75.0864254451226, 39.9334999469923]]]}}, {"type": "Feature", "properties": {"city": "camden", "ward": "3", "ward_label": "Ward 3"}, "geometry": {"type": "Polygon", "coordinates": [[[-75.0777875587651, 39.9555983666978], [-75.0775212448469, 39.9552442217036], [-75.0769093364269, 39.9554912516022], [-75.0761276098499, 39.9558067845003], [-75.0753157705066, 39.956127008349], [-75.0744903419229, 39.956454615717], [-75.073699701299, 39.9567710906307], [-75.0728876521462, 39.9571007352344], [-75.0726980438842, 39.9569205377313], [-75.0725917185353, 39.9568194891045], [-75.0724926749929, 39.9567253605926], [-75.0723766314059, 39.9566150761488], [-75.0722861959471, 39.9565291275263], [-75.0721836167333, 39.9564336498225], [-75.0721065421402, 39.9563619104468], [-75.0719756624801, 39.9562400949736], [-75.0718961090518, 39.956166064572], [-75.0717122936669, 39.9559950078586], [-75.0714853082525, 39.9557837767739], [-75.0712935311688, 39.9556062023674], [-75.0711778197157, 39.9555011941138], [-75.0710474523286, 39.955383019313], [-75.0709074518629, 39.9552561098878], [-75.0708390349969, 39.9551940897995], [-75.0706830184149, 39.9550526557622], [-75.0705462295133, 39.9549282637761], [-75.0703387592285, 39.9547308539079], [-75.070162212931, 39.9545625132849], [-75.0700769029619, 39.9544811682353], [-75.0700061390333, 39.9544136918798], [-75.0699158391463, 39.9543272921433], [-75.0698096978745, 39.9542245962031], [-75.0696888952984, 39.9541076031945], [-75.069810046332, 39.9540309257573], [-75.070071141363, 39.9538688384857], [-75.0701825033439, 39.9537997162074], [-75.070312195611, 39.9537192168576], [-75.0703952376195, 39.9536676723262], [-75.0707013666718, 39.9534809708334], [-75.0708343018522, 39.9533998955926], [-75.0711291420203, 39.953219853455], [-75.0712910841678, 39.9531186192152], [-75.0715684108037, 39.9529444367093], [-75.0717815820176, 39.952810547972], [-75.0722084965676, 39.9525388348962], [-75.0724988739217, 39.9523541546226], [-75.07281736578, 39.952152911168], [-75.0733334128809, 39.9518268334116], [-75.0734877326717, 39.9517293212943], [-75.0738017284958, 39.9515309129854], [-75.0739535474743, 39.9514349798585], [-75.0741654150813, 39.9513011012831], [-75.0744656954642, 39.9511113545695], [-75.0742160100621, 39.9507742705524], [-75.0738128481549, 39.9502299943284], [-75.0735955131889, 39.9499407476177], [-75.0734677311261, 39.9497650513893], [-75.0733742289737, 39.9496364808588], [-75.0733230488502, 39.9495675441332], [-75.0731520001716, 39.949355234171], [-75.0730276406761, 39.9491654631324], [-75.0729330050883, 39.9488638029657], [-75.0728684253136, 39.9486393030451], [-75.0727478231293, 39.9482199409949], [-75.0726552141311, 39.947881023463], [-75.0720235203125, 39.9479428016676], [-75.0718379869365, 39.9479623562539], [-75.0714464675145, 39.94800361807], [-75.0711974803184, 39.9480298578107], [-75.0710208326706, 39.9480484729047], [-75.070538536179, 39.948099486677], [-75.0701013025638, 39.948147415299], [-75.0696945025974, 39.9481919925023], [-75.069342844291, 39.9482305383516], [-75.0688328633899, 39.9482863178418], [-75.0684921594941, 39.9483223781472], [-75.068387497985, 39.9483334557523], [-75.068148650211, 39.9483587349237], [-75.0679187399881, 39.9483830682104], [-75.0672944413369, 39.9484428415996], [-75.0669809377004, 39.9484643070618], [-75.0666188610385, 39.9484890967211], [-75.0665946639388, 39.9467882655596], [-75.0666534195775, 39.9467851501621], [-75.0674804042091, 39.9468191835849], [-75.0698682955137, 39.9469507520391], [-75.0792662881508, 39.9389047094094], [-75.0834006329265, 39.9408067149797], [-75.0881626024844, 39.9367250831772], [-75.0882916023513, 39.9366230833324], [-75.0886586017823, 39.9363100832676], [-75.0889815086219, 39.9360339046462], [-75.0892888459931, 39.9357710402111], [-75.0898380983833, 39.9363053497073], [-75.0899529129492, 39.9362119697334], [-75.0901237642683, 39.9360730121571], [-75.0901267461877, 39.9360910643536], [-75.0902257469479, 39.9363180648442], [-75.0904147470069, 39.9364330646503], [-75.0905897467091, 39.9365510645754], [-75.0907647466381, 39.9366480650437], [-75.0910417471288, 39.9367030648473], [-75.0912187469174, 39.9367670649725], [-75.0915082474618, 39.9368525646585], [-75.0926287478699, 39.9370540648306], [-75.0937647478536, 39.937117064266], [-75.0944287484845, 39.9371730646415], [-75.0946807484571, 39.9373140649296], [-75.0947547477739, 39.9373940648236], [-75.0948015489247, 39.9374966652417], [-75.0964097489315, 39.9386510649668], [-75.0968477491077, 39.9389590654068], [-75.0993667499381, 39.9399020650409], [-75.1000947504127, 39.9400160653417], [-75.10075174998, 39.9400880649607], [-75.1012307509432, 39.940179064916], [-75.1024667509119, 39.9402740651154], [-75.1027457506071, 39.9402770653844], [-75.1030147507338, 39.9401710652583], [-75.103176751305, 39.9399560650945], [-75.1033887508953, 39.9397560652361], [-75.1035927508689, 39.9394960652592], [-75.1037977512167, 39.9392580649691], [-75.1040737510232, 39.9390740649087], [-75.1045277518507, 39.9388840642942], [-75.1050037519573, 39.938704064789], [-75.105417751222, 39.938685064899], [-75.1056757516837, 39.9387160645977], [-75.1058417513318, 39.9388750644314], [-75.1059667514304, 39.9391980644464], [-75.1059537518969, 39.9392860642668], [-75.1059657523753, 39.9397760646786], [-75.1060417514215, 39.9401220644988], [-75.1061307523425, 39.9404620650948], [-75.1060767519748, 39.9407160649215], [-75.1059877524671, 39.9410520654819], [-75.1056997520167, 39.9413400648059], [-75.1054877516779, 39.9415620650826], [-75.1052597515918, 39.9417840656301], [-75.1051897513739, 39.9418970648712], [-75.1051107521799, 39.9420210654754], [-75.1050337513369, 39.9421450655028], [-75.1049877516339, 39.9422200653998], [-75.1047107512739, 39.9429650656919], [-75.1045887522243, 39.9434500660148], [-75.1045107522471, 39.9438760654355], [-75.1044957518655, 39.9439852655637], [-75.1044357511985, 39.9441050656782], [-75.104334751689, 39.9444040658544], [-75.10425975176, 39.9446850657416], [-75.104262752245, 39.944938065804], [-75.1042651518498, 39.9451078659198], [-75.1036577512839, 39.9452050660736], [-75.1034847511994, 39.9452520659628], [-75.1033597513222, 39.9452860662489], [-75.1032337513716, 39.9453210659876], [-75.1028617516448, 39.9454320661359], [-75.102621751213, 39.9454920662926], [-75.1024957516952, 39.9455230660759], [-75.1021897515491, 39.9456180658226], [-75.1019747510304, 39.9456850657021], [-75.1015857507231, 39.9457750662155], [-75.1005367502585, 39.9460080663794], [-75.1004287508386, 39.9460290664713], [-75.0991857501634, 39.9462810659824], [-75.0988707506428, 39.9463640663996], [-75.0985687501123, 39.9464440661372], [-75.0978077500683, 39.9466590668228], [-75.0972327498628, 39.9468790662833], [-75.0969897500945, 39.9469730666265], [-75.09680074908, 39.9470590667145], [-75.0965299430488, 39.9469314427862], [-75.0963340957051, 39.946839143116], [-75.0962272342195, 39.9467887819171], [-75.0960347495013, 39.9466980668064], [-75.0953326898386, 39.9467981914458], [-75.0953915919718, 39.9470861584244], [-75.0946594129152, 39.9473885574394], [-75.0938356051845, 39.9477384175377], [-75.0930117551981, 39.9480882864066], [-75.0921879002623, 39.948438147642], [-75.0903754207016, 39.9492078094849], [-75.0893111954947, 39.9496597067204], [-75.088918134769, 39.949153203983], [-75.084642600985, 39.9510856825098], [-75.0847760941521, 39.9512586885193], [-75.0849484634372, 39.951482077554], [-75.0850481770259, 39.9516113035583], [-75.0851192279562, 39.9517033820731], [-75.0849399884039, 39.9517819106167], [-75.0847104972373, 39.9518751928642], [-75.0851407170837, 39.9520909073741], [-75.0853340833614, 39.952203658379], [-75.0854996836995, 39.9524624101435], [-75.0858682190665, 39.9530382451223], [-75.0867977231367, 39.953107357106], [-75.0878187467916, 39.9531560685303], [-75.0879307472517, 39.9532640684421], [-75.0881817468119, 39.9531850676505], [-75.0872137464147, 39.9541290684712], [-75.0867627472838, 39.9546390681256], [-75.0862707470336, 39.9550460683397], [-75.0861887461431, 39.9551130688032], [-75.0858017464098, 39.9554330688872], [-75.0856047459536, 39.9555850689158], [-75.0842907457938, 39.9565990688054], [-75.0837907457385, 39.9569850689958], [-75.0836407457514, 39.9571200694841], [-75.0824797453492, 39.9581660695015], [-75.0820697450498, 39.9585360691416], [-75.0807366795011, 39.9595360605348], [-75.0806912344778, 39.9594753687837], [-75.0806007270419, 39.9593544949115], [-75.0802192012194, 39.9588466726575], [-75.0800372859861, 39.958601132088], [-75.0799726964542, 39.9585149908394], [-75.0795584854461, 39.9579625664232], [-75.0793362977465, 39.9576662162074], [-75.0791100789995, 39.9573736479436], [-75.0789562071922, 39.9571654944323], [-75.0787196291502, 39.9568456045717], [-75.0785317147143, 39.9565946602069], [-75.0782283617678, 39.9561895522969], [-75.0780497313841, 39.9559510203131], [-75.0777875587651, 39.9555983666978]]]}}, {"type": "Feature", "properties": {"city": "camden", "ward": "4", "ward_label": "Ward 4"}, "geometry": {"type": "Polygon", "coordinates": [[[-75.1360782110204, 39.9449952465604], [-75.1360387035392, 39.9453469244021], [-75.135978920322, 39.9456932857675], [-75.1358507190642, 39.9463819349657], [-75.1357133613416, 39.9470695379941], [-75.1355668590816, 39.9477560217987], [-75.1354112300812, 39.9484413150921], [-75.1352464886205, 39.9491253457038], [-75.1350726524927, 39.9498080414419], [-75.1334204660641, 39.9548520001013], [-75.1333028380253, 39.9551380958445], [-75.133246473689, 39.9552648837766], [-75.1331766205308, 39.9554220145248], [-75.1330418799778, 39.9557036053341], [-75.1328986909351, 39.9559827147158], [-75.1327471291957, 39.9562591945096], [-75.1325872763921, 39.9565328947202], [-75.1324192188762, 39.9568036689284], [-75.1322430453452, 39.9570713707006], [-75.1320588515486, 39.9573358562662], [-75.131866736777, 39.9575969845358], [-75.1316668038208, 39.9578546125989], [-75.1314591602238, 39.9581086047238], [-75.1312439181921, 39.9583588224505], [-75.1310211923115, 39.9586051309082], [-75.1307911030587, 39.9588473987963], [-75.1305537744361, 39.9590854956952], [-75.1303093328093, 39.9593192929736], [-75.130057910427, 39.9595486646701], [-75.1297996419099, 39.9597734875123], [-75.1295346677698, 39.9599936417986], [-75.1292631285171, 39.9602090069269], [-75.1289851705779, 39.9604194685681], [-75.1287009450751, 39.9606249132685], [-75.1284106031624, 39.960825230277], [-75.1281143007149, 39.9610203124201], [-75.1278121983038, 39.9612100534004], [-75.1270159988716, 39.9616611068647], [-75.1262151690155, 39.9621072845231], [-75.1254097565474, 39.9625485581008], [-75.1245998139656, 39.9629848992982], [-75.1237853914404, 39.9634162807302], [-75.1229665414874, 39.9638426749998], [-75.1221433143022, 39.9642640565246], [-75.1219287094288, 39.9640114512027], [-75.1214926978554, 39.9635200746131], [-75.1208553977054, 39.9627480524657], [-75.1197477699589, 39.9617100288113], [-75.1192520974006, 39.9613338647482], [-75.1184468403986, 39.9607227447536], [-75.1176102827947, 39.9602150221768], [-75.1172715975306, 39.9600094644121], [-75.1170936049439, 39.9599014336914], [-75.1158395213051, 39.9593281175146], [-75.1140692843528, 39.9588238240149], [-75.1117368224632, 39.9582852165296], [-75.1116077290516, 39.9582634133193], [-75.1101430662181, 39.9580160321281], [-75.1091955090709, 39.9580044334376], [-75.108566466719, 39.9580077373827], [-75.108032812503, 39.9580105376403], [-75.1073662097042, 39.9581134693024], [-75.1062275087833, 39.9584011314216], [-75.105369570321, 39.9587867258447], [-75.1046282933366, 39.9591759442325], [-75.104403314099, 39.9592940707181], [-75.1041263939187, 39.9594394688738], [-75.1036716953191, 39.9597795173612], [-75.1029763652059, 39.9602995118095], [-75.1021594110291, 39.9609104478318], [-75.1020512665496, 39.9609913193082], [-75.0993041458633, 39.963275748048], [-75.0978920133717, 39.9643269910762], [-75.0969716844056, 39.9649779644927], [-75.0967540996285, 39.9651121795746], [-75.0966553496983, 39.9651730920012], [-75.0960506175139, 39.9655461071585], [-75.0949359879505, 39.9661483721693], [-75.0936285745923, 39.9668676050711], [-75.0930615153989, 39.9671357225203], [-75.0923632146892, 39.9674658856872], [-75.0914096255256, 39.9679167414595], [-75.0910879601451, 39.9680688217551], [-75.0909644291986, 39.9681272247185], [-75.0908295285558, 39.9681910032732], [-75.0905936402848, 39.9682939428556], [-75.0901776718497, 39.9684754659728], [-75.0896410055388, 39.9687096561481], [-75.0892119047243, 39.9688969044386], [-75.0884942254317, 39.9692116524253], [-75.0882801866336, 39.969305544963], [-75.0880547845186, 39.9694044207162], [-75.0879377720189, 39.9692519364862], [-75.087700788996, 39.9689431096151], [-75.0874513780023, 39.9686180847642], [-75.0872611492706, 39.9683701797881], [-75.0871766263722, 39.9682600300005], [-75.0871203753973, 39.9681867244791], [-75.0870511062492, 39.9680964524936], [-75.0869061712652, 39.9679075714127], [-75.0867895686524, 39.9677572446937], [-75.0866960298415, 39.9676366514484], [-75.0864416849395, 39.9673150431667], [-75.0863840897984, 39.9672437076141], [-75.0861936713538, 39.967008457604], [-75.0857358560855, 39.9664143407586], [-75.0856140430848, 39.9662562597281], [-75.0854950051852, 39.9661017790851], [-75.0854365271341, 39.9660197425978], [-75.0853853200768, 39.9659348762691], [-75.0853416155085, 39.9658475617403], [-75.0853056075562, 39.9657581916486], [-75.0852723095881, 39.9656489211479], [-75.0852341811675, 39.9655337889007], [-75.0851882260594, 39.9654271159603], [-75.0851426736647, 39.9653384172817], [-75.0850855136286, 39.9652443035733], [-75.084983926541, 39.9651217697475], [-75.0847701174073, 39.9648434040773], [-75.0843747259027, 39.9643277839655], [-75.0842463505233, 39.9641579901836], [-75.0838067278367, 39.9635760259838], [-75.0836940798308, 39.9634271181252], [-75.0832477872219, 39.9628445575034], [-75.0831106543189, 39.9626655922305], [-75.083015710285, 39.9625416838416], [-75.0828370610184, 39.9623083090075], [-75.0826493628463, 39.9620586864641], [-75.0823570162252, 39.9616696959237], [-75.0821915023682, 39.9614494647449], [-75.0818984012449, 39.9610594977158], [-75.0818270912185, 39.9609648453635], [-75.0815402705894, 39.9605934184658], [-75.0811812804421, 39.9601289294184], [-75.0810188837074, 39.9599129439153], [-75.0808547472242, 39.9596937414556], [-75.0807366795011, 39.9595360605348], [-75.0820697450498, 39.9585360691416], [-75.0824797453492, 39.9581660695015], [-75.0836407457514, 39.9571200694841], [-75.0837907457385, 39.9569850689958], [-75.0842907457938, 39.9565990688054], [-75.0856047459536, 39.9555850689158], [-75.0858017464098, 39.9554330688872], [-75.0861887461431, 39.9551130688032], [-75.0862707470336, 39.9550460683397], [-75.0867627472838, 39.9546390681256], [-75.0872137464147, 39.9541290684712], [-75.0881817468119, 39.9531850676505], [-75.0879307472517, 39.9532640684421], [-75.0878187467916, 39.9531560685303], [-75.0867977231367, 39.953107357106], [-75.0858682190665, 39.9530382451223], [-75.0854996836995, 39.9524624101435], [-75.0853340833614, 39.952203658379], [-75.0851407170837, 39.9520909073741], [-75.0847104972373, 39.9518751928642], [-75.0849399884039, 39.9517819106167], [-75.0851192279562, 39.9517033820731], [-75.0850481770259, 39.9516113035583], [-75.0849484634372, 39.951482077554], [-75.0847760941521, 39.9512586885193], [-75.084642600985, 39.9510856825098], [-75.088918134769, 39.949153203983], [-75.0893111954947, 39.9496597067204], [-75.0903754207016, 39.9492078094849], [-75.0921879002623, 39.948438147642], [-75.0930117551981, 39.9480882864066], [-75.0938356051845, 39.9477384175377], [-75.0946594129152, 39.9473885574394], [-75.0953915919718, 39.9470861584244], [-75.0953326898386, 39.9467981914458], [-75.0960347495013, 39.9466980668064], [-75.0962272342195, 39.9467887819171], [-75.0963340957051, 39.946839143116], [-75.0965299430488, 39.9469314427862], [-75.09680074908, 39.9470590667145], [-75.0969897500945, 39.9469730666265], [-75.0972327498628, 39.9468790662833], [-75.0978077500683, 39.9466590668228], [-75.0985687501123, 39.9464440661372], [-75.0988707506428, 39.9463640663996], [-75.0991857501634, 39.9462810659824], [-75.1004287508386, 39.9460290664713], [-75.1005367502585, 39.9460080663794], [-75.1015857507231, 39.9457750662155], [-75.1019747510304, 39.9456850657021], [-75.1021897515491, 39.9456180658226], [-75.1024957516952, 39.9455230660759], [-75.102621751213, 39.9454920662926], [-75.1028617516448, 39.9454320661359], [-75.1032337513716, 39.9453210659876], [-75.1033597513222, 39.9452860662489], [-75.1034847511994, 39.9452520659628], [-75.1036577512839, 39.9452050660736], [-75.1042651518498, 39.9451078659198], [-75.104262752245, 39.944938065804], [-75.10425975176, 39.9446850657416], [-75.104334751689, 39.9444040658544], [-75.1044357511985, 39.9441050656782], [-75.1044957518655, 39.9439852655637], [-75.1050587519338, 39.9439720659888], [-75.1054617521112, 39.9439690658561], [-75.1058827516262, 39.9439800654684], [-75.1067297523086, 39.9439890655091], [-75.1069417528039, 39.9439915658909], [-75.1070877530405, 39.9439920660604], [-75.1072767529857, 39.9439930658908], [-75.1077317523481, 39.9439960652296], [-75.1084967533642, 39.9440000653013], [-75.1086557527367, 39.9440040656821], [-75.1093677527035, 39.9440190657002], [-75.1095017530881, 39.9440210652353], [-75.1097497535995, 39.9440260652378], [-75.1103157534202, 39.9439820651171], [-75.1110147538171, 39.9440070654863], [-75.1116737540284, 39.9440010657958], [-75.1120437539551, 39.944020065402], [-75.1128357543962, 39.9440500653225], [-75.1131837549733, 39.9440480649399], [-75.1134387541409, 39.9440490650172], [-75.1136457540312, 39.9440505653979], [-75.1137937550154, 39.9440520652339], [-75.1147526576327, 39.9440545604457], [-75.1154003161326, 39.9440562413304], [-75.116250850238, 39.9440584427579], [-75.1178900124428, 39.9440626686582], [-75.1192148528229, 39.9440660673544], [-75.1215037924828, 39.9440719038936], [-75.1299207057791, 39.9446145546253], [-75.1334549146674, 39.9448504544102], [-75.1360782110204, 39.9449952465604]]]}}, {"type": "Feature", "properties": {"city": "newark", "ward": "Central", "ward_label": "Central"}, "geometry": {"type": "Polygon", "coordinates": [[[-74.1622404996836, 40.7358442555465], [-74.1633534997501, 40.735139255567], [-74.1656991331897, 40.7358955616518], [-74.1680415175613, 40.7366502211328], [-74.1687930663912, 40.7356861925474], [-74.1702450120451, 40.7361347607725], [-74.1706699719957, 40.7351431882497], [-74.1721755033468, 40.7355852549442], [-74.1725555032376, 40.7349082545257], [-74.1726775037162, 40.7346902544487], [-74.1733845038187, 40.7334312545766], [-74.1735125031587, 40.7332012548128], [-74.1739485030559, 40.7324262548972], [-74.1744725041402, 40.7314902537373], [-74.1739475036886, 40.7313312545148], [-74.1715325022827, 40.7306002536535], [-74.1710818151994, 40.7314575819238], [-74.1689832488101, 40.7308909687401], [-74.1686474781041, 40.7307440695491], [-74.1684475017901, 40.7306092537181], [-74.1690967879272, 40.7299514166003], [-74.1694565018124, 40.7295872537149], [-74.1700215023132, 40.7290132538295], [-74.1705755021805, 40.728452254016], [-74.1707975026091, 40.7282272534138], [-74.1715895018256, 40.7274532530671], [-74.1722585029284, 40.7267992534388], [-74.1727965024633, 40.7262722532628], [-74.1733195030943, 40.7257612530682], [-74.1741435034356, 40.7249982531847], [-74.1745435030346, 40.7245962529431], [-74.1747255028568, 40.7246632523477], [-74.1762505039643, 40.725241252606], [-74.1755515033076, 40.7264832533957], [-74.1766065041254, 40.7268432527914], [-74.1771145044504, 40.7270162534436], [-74.1768405036327, 40.7274682533002], [-74.1781045043695, 40.7270942531979], [-74.1782735044266, 40.7270442532413], [-74.1788250036354, 40.726827753329], [-74.180320505024, 40.7261212527605], [-74.1807360048805, 40.7259242529793], [-74.1817305058251, 40.7254552525018], [-74.1820865059466, 40.7252872522235], [-74.1824085059306, 40.7251362523905], [-74.1836945061298, 40.7245302527308], [-74.1842375063172, 40.7242742520754], [-74.1843865066482, 40.724204251952], [-74.1845625068203, 40.7241212523827], [-74.1853475068671, 40.7238652518939], [-74.1862445069792, 40.7235732520432], [-74.186368506466, 40.7235322517015], [-74.1870835069753, 40.7233132518422], [-74.1879335071856, 40.723095252005], [-74.1878886176474, 40.7232264680357], [-74.1878425073916, 40.723361252505], [-74.1889295075408, 40.7234912518447], [-74.1891005073046, 40.7235112518413], [-74.1898102619807, 40.7235890048787], [-74.1898327003606, 40.7235914625567], [-74.1909445078303, 40.7237132520209], [-74.1915775089399, 40.72378225193], [-74.1926675086488, 40.7239032523588], [-74.1936485095373, 40.7241022519102], [-74.1938285090725, 40.72413925221], [-74.1947735094111, 40.7243322523114], [-74.195726509131, 40.7245205853685], [-74.1966955099142, 40.7247382516592], [-74.1976615110195, 40.7249502516233], [-74.198031510481, 40.7250302518401], [-74.1986580820347, 40.7251578239367], [-74.1996105112999, 40.7253672522904], [-74.199299510894, 40.7261602521189], [-74.199152511716, 40.7265362519787], [-74.1987995108601, 40.7266992522738], [-74.1984975110306, 40.7268392520311], [-74.1982915107792, 40.726838252678], [-74.1980695111786, 40.726825252112], [-74.1995635116656, 40.7290562530718], [-74.2007145120951, 40.7307762531037], [-74.2006255115104, 40.7311202527922], [-74.2020765123937, 40.7314322532982], [-74.2033125130136, 40.7316975862366], [-74.2037735131946, 40.7318012533272], [-74.2048145128442, 40.7320342533926], [-74.2057265133702, 40.7322382529639], [-74.2066028473967, 40.7324335864241], [-74.2056455132424, 40.7349442541276], [-74.2053165131331, 40.7357732539143], [-74.2051253132508, 40.7362680541522], [-74.2044345131064, 40.7380912547522], [-74.2038185140302, 40.7397012543228], [-74.2028975127266, 40.7395022555016], [-74.2020605130157, 40.7393162546078], [-74.2011365130377, 40.739110254396], [-74.2002285120653, 40.7389072548905], [-74.1993285118049, 40.7387072545466], [-74.1989405122644, 40.7386202545777], [-74.1984035115239, 40.7385007552313], [-74.1975115118718, 40.7383062543363], [-74.1966125111743, 40.7381092542154], [-74.1956200105489, 40.7378932547229], [-74.1947065104493, 40.7376922542173], [-74.1937725096426, 40.7374872546999], [-74.1931815105365, 40.7390192553182], [-74.1921485103643, 40.740926255519], [-74.1912327094513, 40.7426162554894], [-74.1906375089854, 40.7437692558849], [-74.1897445089488, 40.7454312562243], [-74.1899005094148, 40.7455352561101], [-74.1905305094902, 40.7459552565329], [-74.1912735099609, 40.74651825634], [-74.1906500090559, 40.7475132570831], [-74.1898525101026, 40.7486852573459], [-74.1889725089552, 40.7500322575267], [-74.1897315101008, 40.75032125749], [-74.1905005094471, 40.750613257519], [-74.1897815100156, 40.7516812579461], [-74.1894745096755, 40.7521442573005], [-74.1892585099538, 40.7521012572347], [-74.1881115089678, 40.7517312573597], [-74.1878065090976, 40.7516632576994], [-74.1870745091693, 40.7515012575133], [-74.1867085081687, 40.7514202579274], [-74.1863155091649, 40.7513552575511], [-74.1862755089996, 40.751610257363], [-74.1857945085054, 40.7514382572506], [-74.1865825092478, 40.7518692574678], [-74.1867995082048, 40.751988257993], [-74.187338508946, 40.7523312575864], [-74.1878715096334, 40.7526712574664], [-74.1881045093169, 40.752826257576], [-74.1888345100917, 40.7533122575653], [-74.1890135095443, 40.7534312577214], [-74.189568509244, 40.7538152578018], [-74.1903317062008, 40.7543427944157], [-74.190293002244, 40.7544260059751], [-74.1900730888546, 40.7548356804484], [-74.1911265100804, 40.7551602582987], [-74.1902330092833, 40.7574922587155], [-74.1915295105822, 40.7579012587087], [-74.1923525107095, 40.7581522586866], [-74.1926055111827, 40.7582302592514], [-74.1935375110089, 40.7585152591138], [-74.1923465116426, 40.7607872596583], [-74.1914595103523, 40.7605232588429], [-74.1904185100224, 40.7602122588337], [-74.189133509863, 40.7598282589178], [-74.1877105095114, 40.7594052594809], [-74.1868115091197, 40.7591372593715], [-74.1859495090034, 40.7588792594268], [-74.1852015090252, 40.7586342587519], [-74.1849860218713, 40.7585626178725], [-74.1848138416203, 40.7585052593409], [-74.1844270083646, 40.7583807593523], [-74.184142508026, 40.758287259086], [-74.1837615078572, 40.7581932586882], [-74.1834265079802, 40.7581222590962], [-74.18281850749, 40.7580872589468], [-74.1827015082311, 40.7580802594739], [-74.1824735077248, 40.7580502587868], [-74.182084507376, 40.7579562587602], [-74.1816840071632, 40.7578522597798], [-74.1813255068521, 40.7577412589257], [-74.1811715072439, 40.7576932590538], [-74.1810358399804, 40.7576282587777], [-74.1807895069723, 40.7574402586739], [-74.1806615063285, 40.7573122594926], [-74.1805235074397, 40.7572182585733], [-74.1798695072246, 40.7570262589312], [-74.1789555061641, 40.7567512592506], [-74.1792445061595, 40.7561582588756], [-74.1801275063285, 40.7543472579615], [-74.1793165068097, 40.754119258283], [-74.178410505722, 40.7538642587132], [-74.1771920054228, 40.7562202589226], [-74.1762965051423, 40.7559582584059], [-74.1750735048692, 40.7583448598152], [-74.1750075053367, 40.7582742595928], [-74.1748455051379, 40.7579982589259], [-74.1742875054759, 40.7578322594749], [-74.1726045047075, 40.7573322588035], [-74.1722135048402, 40.7580842598015], [-74.1718605039325, 40.7587632593671], [-74.1713905046672, 40.7596642594752], [-74.1709675042326, 40.7604782595206], [-74.1701875038913, 40.7619752598399], [-74.1691675036186, 40.7616572604138], [-74.1682415037898, 40.7613692605634], [-74.1686045037847, 40.760662260396], [-74.1674440023022, 40.7603577598717], [-74.1682915027924, 40.7587312598584], [-74.1688645034912, 40.7566612594163], [-74.1679435035852, 40.756531259092], [-74.1669815025542, 40.7563952594738], [-74.1664275025079, 40.7563642589623], [-74.1662295029343, 40.7563592592284], [-74.1660835023951, 40.7563592592864], [-74.1650195023213, 40.7563592596203], [-74.1645305022663, 40.756306258921], [-74.1642874255455, 40.7562934049676], [-74.1645588160407, 40.7547671188726], [-74.1646409680298, 40.754328613599], [-74.1646424189356, 40.7543292914562], [-74.1646424639394, 40.7543290556324], [-74.1646575022649, 40.7542502959019], [-74.164859844505, 40.7531906045181], [-74.1650213205516, 40.7522692957638], [-74.1651538582942, 40.7515130790736], [-74.1653861142731, 40.7500120701417], [-74.1656352579039, 40.7489352128205], [-74.1656923829994, 40.7486853904835], [-74.1657784583174, 40.7482331801871], [-74.1658121274556, 40.7480757967399], [-74.165846211442, 40.7478284058112], [-74.1658590262967, 40.7475684629914], [-74.1658701683608, 40.7473110135554], [-74.1658716583122, 40.7472830419067], [-74.1658736148204, 40.7472463169622], [-74.1658736292118, 40.7472460441247], [-74.1658810842312, 40.7471060751201], [-74.1658823191303, 40.7470036625696], [-74.1658807253687, 40.7463267123678], [-74.1658529783415, 40.7458779052267], [-74.1657714836622, 40.7453583963907], [-74.1657329359693, 40.7451782943598], [-74.1657242454751, 40.7451357558718], [-74.1656286947932, 40.7446680243955], [-74.1655798735396, 40.7444928340757], [-74.1654119030294, 40.744085427584], [-74.1652439357424, 40.7436780199298], [-74.1647054950756, 40.7423682133215], [-74.1641517528009, 40.7411268467268], [-74.1631540638289, 40.7386824176937], [-74.1627783141241, 40.7378446683125], [-74.1623818134052, 40.7371589859123], [-74.1618458000756, 40.7363815940495], [-74.161666691855, 40.7361563172582], [-74.1619594997116, 40.736015255244], [-74.1622404996836, 40.7358442555465]]]}}, {"type": "Feature", "properties": {"city": "newark", "ward": "East", "ward_label": "East"}, "geometry": {"type": "Polygon", "coordinates": [[[-74.1619594997116, 40.736015255244], [-74.161666691855, 40.7361563172582], [-74.1612396786407, 40.7356192282975], [-74.1607021451965, 40.7351460837049], [-74.1605295340544, 40.7350341043901], [-74.160183914646, 40.7348098871434], [-74.1595854542338, 40.7345191018152], [-74.1590419909464, 40.7342776293112], [-74.1584481347956, 40.7340137613908], [-74.1580749053853, 40.7338917661772], [-74.1577992442928, 40.733820951569], [-74.1573198336676, 40.7337445350985], [-74.156999800809, 40.7337204437996], [-74.1565886121468, 40.7337151523079], [-74.1554601060411, 40.733700623773], [-74.1536922428122, 40.7336706642621], [-74.153280511805, 40.7336636824546], [-74.1516605803709, 40.7336892199628], [-74.1503604231686, 40.7337461456502], [-74.1493002684153, 40.7338037870358], [-74.1485397812944, 40.7339079528584], [-74.1477189949877, 40.7340727863149], [-74.1473634768107, 40.7341745016069], [-74.1469576534132, 40.734344275554], [-74.1463560335392, 40.7346618705485], [-74.1458641565728, 40.7350254492805], [-74.1451410023399, 40.7356317155659], [-74.1444167820992, 40.7364357233598], [-74.1437315101356, 40.7374375708506], [-74.1431473197425, 40.7382267960204], [-74.1425839227648, 40.738863954487], [-74.1420010111351, 40.7394097773], [-74.1414945472896, 40.7397918701145], [-74.1413383618454, 40.7399097001582], [-74.1406364169106, 40.7402726023584], [-74.1397542396389, 40.7406805888723], [-74.139002951778, 40.7409216409064], [-74.1380013824371, 40.7412075264212], [-74.137966195409, 40.7412152295921], [-74.137185097496, 40.7413862264], [-74.1369651778637, 40.7414343694811], [-74.1368187823298, 40.7414664175884], [-74.136802452401, 40.7414699919861], [-74.136699826891, 40.7414924584801], [-74.1362927950208, 40.7415529121503], [-74.1359853081929, 40.7415985808519], [-74.1353388602633, 40.7416707103108], [-74.129946507941, 40.7420946981003], [-74.1281658334198, 40.7422106614461], [-74.1269657526824, 40.7422219964957], [-74.1258055743544, 40.7422486558211], [-74.1250014726027, 40.7422678962836], [-74.1247500164794, 40.7422570320454], [-74.123674143048, 40.7422007158562], [-74.1230148975252, 40.7421325466947], [-74.1228310043443, 40.7420977991051], [-74.1227063867823, 40.7420742520262], [-74.1224668994634, 40.742028999538], [-74.122303985159, 40.7419982156845], [-74.1217842785159, 40.741858407295], [-74.121558694616, 40.7417977218186], [-74.1211299552414, 40.7416455076666], [-74.1210009624072, 40.7415997114862], [-74.1206578879482, 40.7414779088208], [-74.1200603285895, 40.7412515114855], [-74.1194200711342, 40.7409061381368], [-74.1186933679544, 40.7404944596198], [-74.1184388918306, 40.7402998203782], [-74.1181062219712, 40.7399644061868], [-74.1180471666402, 40.7398806205725], [-74.1179005572186, 40.7396726174136], [-74.1177535203997, 40.7394219498204], [-74.1174112654079, 40.7385626438541], [-74.1172964079376, 40.738119685265], [-74.1172431667662, 40.7376115172796], [-74.1172073649613, 40.7368121619153], [-74.1172685254884, 40.7360120905007], [-74.1172885497675, 40.7357501395121], [-74.1173758749712, 40.7351674243337], [-74.1174110953923, 40.7349323955309], [-74.1174328958184, 40.7347868176929], [-74.1176309318867, 40.7335464539103], [-74.1178636387658, 40.7323061772825], [-74.118546556459, 40.7297339705371], [-74.1190435981581, 40.7277816289534], [-74.1196177088959, 40.7260143880983], [-74.1206416252667, 40.7229547861787], [-74.120775060877, 40.7223743242016], [-74.1208665517548, 40.7215428573677], [-74.1209619725174, 40.7200116979433], [-74.1208220523243, 40.7186777628248], [-74.1205514836465, 40.7174358511484], [-74.1198320107991, 40.7157963810666], [-74.1190388502923, 40.7143987907393], [-74.1180454561295, 40.712648285898], [-74.1178770832214, 40.7123602152636], [-74.1173625036622, 40.7114798840072], [-74.1169630029024, 40.7107963387313], [-74.116826231762, 40.7105349479261], [-74.1164077136894, 40.709735081341], [-74.1161049196266, 40.709156384627], [-74.1153853399043, 40.7075696719256], [-74.115357022022, 40.7074882140813], [-74.1150866679354, 40.7067105132631], [-74.1147880047464, 40.7058513537386], [-74.1143094391995, 40.7046087306382], [-74.1141243852405, 40.7036046949021], [-74.1140973062534, 40.7022843567401], [-74.1141484586169, 40.7015688679882], [-74.1141727966951, 40.7012284334195], [-74.1142175843569, 40.7010212403252], [-74.1142325155406, 40.7009521666553], [-74.1143153933235, 40.700568758371], [-74.1152981944723, 40.6985916644335], [-74.1157767005679, 40.697762447277], [-74.1161041989905, 40.6971948774895], [-74.1191512123977, 40.6924741295107], [-74.12032179143, 40.6906603626072], [-74.1214055371072, 40.6891852274061], [-74.1223835236563, 40.6880001872582], [-74.122792454809, 40.6875088185159], [-74.1247152645917, 40.6847978842876], [-74.1250062828743, 40.6843895178459], [-74.1252505940087, 40.6840598087817], [-74.1281112658734, 40.6797501006923], [-74.1282209552109, 40.6795807005455], [-74.1313929106276, 40.6746795023483], [-74.1319555037228, 40.6737966266808], [-74.1357782597756, 40.6755680548816], [-74.1391390531813, 40.6771252326175], [-74.1412261524611, 40.6782103495115], [-74.1489857079544, 40.6822440278307], [-74.1504347131592, 40.6831554777761], [-74.1507719360879, 40.6834483938324], [-74.1510886309866, 40.6837420781124], [-74.1519119875196, 40.6846049856218], [-74.1526567813183, 40.6852323878386], [-74.1538485640047, 40.6859221671003], [-74.1545613176741, 40.6860767230691], [-74.1553238666298, 40.6861241482778], [-74.1559658467136, 40.6861189915238], [-74.1561673054652, 40.6861068760775], [-74.1568686128475, 40.6860646988685], [-74.1578621509432, 40.6859603939546], [-74.1582811293683, 40.6860223433693], [-74.1583422616122, 40.6860313816958], [-74.1587201456364, 40.6862159579552], [-74.1590608547547, 40.6864334185032], [-74.1593799631991, 40.68668216872], [-74.1594280305566, 40.6867315553538], [-74.1596703068503, 40.6869804779573], [-74.1600929966891, 40.6875444227855], [-74.1601128474646, 40.6875792434987], [-74.1606082955569, 40.688448319484], [-74.160629735866, 40.6884859267301], [-74.1608346038776, 40.688710149575], [-74.1610258340068, 40.6889194441879], [-74.16178757258, 40.689404774467], [-74.1619450623338, 40.689461346702], [-74.162390851916, 40.6896214782687], [-74.1625177178232, 40.6896476171501], [-74.1630378916691, 40.689754788597], [-74.1636294992911, 40.6898766736091], [-74.1638528896209, 40.69039427944], [-74.1663408549418, 40.6909141584987], [-74.1679588489065, 40.6907990145745], [-74.1818040837263, 40.6982706594163], [-74.1769165365902, 40.7038885254102], [-74.1852269075059, 40.7076368786878], [-74.184158134368, 40.7097331061417], [-74.1863599142791, 40.7106708363102], [-74.1868505057743, 40.7109052498799], [-74.1857348516402, 40.7128716911406], [-74.1847685052984, 40.7144482507258], [-74.1839729049527, 40.7154178504495], [-74.1837800056574, 40.7159512506103], [-74.1832505056611, 40.716668251328], [-74.1827445047985, 40.7175772509191], [-74.1825345053655, 40.7179542511335], [-74.1821345049936, 40.7186282514451], [-74.181947504889, 40.718943251091], [-74.1817448435202, 40.7192899622422], [-74.1848035192618, 40.7203450681442], [-74.1840335058887, 40.7216272517915], [-74.1833525060914, 40.7227682519389], [-74.1838625060431, 40.7234762522255], [-74.1843865066482, 40.724204251952], [-74.1842375063172, 40.7242742520754], [-74.1836945061298, 40.7245302527308], [-74.1824085059306, 40.7251362523905], [-74.1820865059466, 40.7252872522235], [-74.1817305058251, 40.7254552525018], [-74.1807360048805, 40.7259242529793], [-74.180320505024, 40.7261212527605], [-74.1788250036354, 40.726827753329], [-74.1782735044266, 40.7270442532413], [-74.1781045043695, 40.7270942531979], [-74.1768405036327, 40.7274682533002], [-74.1771145044504, 40.7270162534436], [-74.1766065041254, 40.7268432527914], [-74.1755515033076, 40.7264832533957], [-74.1762505039643, 40.725241252606], [-74.1747255028568, 40.7246632523477], [-74.1745435030346, 40.7245962529431], [-74.1741435034356, 40.7249982531847], [-74.1733195030943, 40.7257612530682], [-74.1727965024633, 40.7262722532628], [-74.1722585029284, 40.7267992534388], [-74.1715895018256, 40.7274532530671], [-74.1707975026091, 40.7282272534138], [-74.1705755021805, 40.728452254016], [-74.1700215023132, 40.7290132538295], [-74.1694565018124, 40.7295872537149], [-74.1690967879272, 40.7299514166003], [-74.1684475017901, 40.7306092537181], [-74.1686474781041, 40.7307440695491], [-74.1689832488101, 40.7308909687401], [-74.1710818151994, 40.7314575819238], [-74.1715325022827, 40.7306002536535], [-74.1739475036886, 40.7313312545148], [-74.1744725041402, 40.7314902537373], [-74.1739485030559, 40.7324262548972], [-74.1735125031587, 40.7332012548128], [-74.1733845038187, 40.7334312545766], [-74.1726775037162, 40.7346902544487], [-74.1725555032376, 40.7349082545257], [-74.1721755033468, 40.7355852549442], [-74.1706699719957, 40.7351431882497], [-74.1702450120451, 40.7361347607725], [-74.1687930663912, 40.7356861925474], [-74.1680415175613, 40.7366502211328], [-74.1656991331897, 40.7358955616518], [-74.1633534997501, 40.735139255567], [-74.1622404996836, 40.7358442555465], [-74.1619594997116, 40.736015255244]]]}}, {"type": "Feature", "properties": {"city": "newark", "ward": "North", "ward_label": "North"}, "geometry": {"type": "Polygon", "coordinates": [[[-74.1566642195959, 40.7680540657427], [-74.1568447374592, 40.7676284373045], [-74.1570228465007, 40.7672670024995], [-74.1572148266996, 40.7669624987351], [-74.1574357030885, 40.7666484198026], [-74.1575095277566, 40.7665434421318], [-74.1575984824695, 40.7664258929644], [-74.1578864268769, 40.7660549193195], [-74.1580006958673, 40.7659076993453], [-74.1585728561168, 40.7652464218939], [-74.1592108933476, 40.7645567054612], [-74.1598954805271, 40.7638405777502], [-74.161453210666, 40.7622323450147], [-74.1616434709422, 40.7620359099939], [-74.161946011431, 40.7616634214748], [-74.162243663516, 40.7612718406549], [-74.1625793376552, 40.7607851455336], [-74.1627990434122, 40.7604428550883], [-74.1630137874135, 40.7600891572629], [-74.1632567441587, 40.7596097929746], [-74.1633042753747, 40.759508975605], [-74.1633602358987, 40.7593902763866], [-74.1634382831338, 40.7592247316588], [-74.163730313949, 40.7586052957448], [-74.1638419068979, 40.7583312851108], [-74.1639614843916, 40.7579696774588], [-74.1640535768933, 40.7575889394892], [-74.1640758297975, 40.7574665664193], [-74.1642107693457, 40.7567245013645], [-74.1642874255455, 40.7562934049676], [-74.1645305022663, 40.756306258921], [-74.1650195023213, 40.7563592596203], [-74.1660835023951, 40.7563592592864], [-74.1662295029343, 40.7563592592284], [-74.1664275025079, 40.7563642589623], [-74.1669815025542, 40.7563952594738], [-74.1679435035852, 40.756531259092], [-74.1688645034912, 40.7566612594163], [-74.1682915027924, 40.7587312598584], [-74.1674440023022, 40.7603577598717], [-74.1686045037847, 40.760662260396], [-74.1682415037898, 40.7613692605634], [-74.1691675036186, 40.7616572604138], [-74.1701875038913, 40.7619752598399], [-74.1709675042326, 40.7604782595206], [-74.1713905046672, 40.7596642594752], [-74.1718605039325, 40.7587632593671], [-74.1722135048402, 40.7580842598015], [-74.1726045047075, 40.7573322588035], [-74.1742875054759, 40.7578322594749], [-74.1748455051379, 40.7579982589259], [-74.1750075053367, 40.7582742595928], [-74.1750735048692, 40.7583448598152], [-74.1762965051423, 40.7559582584059], [-74.1771920054228, 40.7562202589226], [-74.178410505722, 40.7538642587132], [-74.1793165068097, 40.754119258283], [-74.1801275063285, 40.7543472579615], [-74.1792445061595, 40.7561582588756], [-74.1789555061641, 40.7567512592506], [-74.1798695072246, 40.7570262589312], [-74.1805235074397, 40.7572182585733], [-74.1806615063285, 40.7573122594926], [-74.1807895069723, 40.7574402586739], [-74.1810358399804, 40.7576282587777], [-74.1811715072439, 40.7576932590538], [-74.1813255068521, 40.7577412589257], [-74.1816840071632, 40.7578522597798], [-74.182084507376, 40.7579562587602], [-74.1824735077248, 40.7580502587868], [-74.1827015082311, 40.7580802594739], [-74.18281850749, 40.7580872589468], [-74.1834265079802, 40.7581222590962], [-74.1837615078572, 40.7581932586882], [-74.184142508026, 40.758287259086], [-74.1844270083646, 40.7583807593523], [-74.1848138416203, 40.7585052593409], [-74.1847645088521, 40.7586572594042], [-74.1845835086107, 40.7592002589607], [-74.1843085080517, 40.7598262596837], [-74.183949508089, 40.7604762591339], [-74.1836965080088, 40.7608722593802], [-74.1834005084216, 40.7612402597521], [-74.1830245081167, 40.7616362596035], [-74.182121508085, 40.7624232602378], [-74.1817785078558, 40.7627702602255], [-74.1819825075134, 40.7628722603663], [-74.1827385075823, 40.7631002601075], [-74.1836055089477, 40.7633652600507], [-74.1844585085809, 40.7636262598075], [-74.185397509085, 40.7638787601161], [-74.18608050921, 40.7641232601593], [-74.1864805096391, 40.7642432603257], [-74.1873735092033, 40.7645092598866], [-74.1880695097386, 40.7647172599865], [-74.1885855105385, 40.7637342595424], [-74.1892565106586, 40.7624502595127], [-74.1902825104319, 40.7627552596511], [-74.1911775104816, 40.7630202598718], [-74.1920815115625, 40.7632882599121], [-74.1924890022193, 40.7634108673652], [-74.1901093264649, 40.7679741055879], [-74.1897596785482, 40.7686417322011], [-74.1894289787357, 40.7682738656804], [-74.1887502328565, 40.7698918734299], [-74.1887173892666, 40.7699739094543], [-74.1879158712741, 40.7719906165121], [-74.1878679120428, 40.7720750015447], [-74.1877206167819, 40.772438308028], [-74.1875010583629, 40.7729792828526], [-74.1874543459225, 40.7730943766], [-74.1873042969765, 40.7734636648319], [-74.1872434314693, 40.7736109980829], [-74.1870800988476, 40.7740121649968], [-74.1869776510244, 40.7742635454459], [-74.1869757811678, 40.774267434513], [-74.1868490686157, 40.7745788415938], [-74.1868027258232, 40.7745627718371], [-74.1867641324344, 40.7745375001832], [-74.1867363590952, 40.7745050396822], [-74.1867326334903, 40.7744961858032], [-74.1867225849051, 40.7744723055745], [-74.1867198258874, 40.7744775944377], [-74.1867119110504, 40.7744927649558], [-74.186497631038, 40.7745777523315], [-74.1864084783891, 40.7746131121163], [-74.1863581113011, 40.7746330889526], [-74.1862179967103, 40.7746886615419], [-74.1861286100808, 40.774566506888], [-74.1859983093552, 40.7746112078977], [-74.1858067588175, 40.7746769166229], [-74.1856816501069, 40.7747198365392], [-74.185469936619, 40.7747924666329], [-74.1853999550293, 40.774850054842], [-74.1852177683236, 40.7750203480688], [-74.1850629107689, 40.7749736615064], [-74.1848844933235, 40.7749198714182], [-74.1846481271118, 40.7748486116326], [-74.1845368846659, 40.7748159540063], [-74.1844679218723, 40.774923448664], [-74.1844267224648, 40.7750024237624], [-74.1843806237749, 40.7750907893753], [-74.1843076965049, 40.7752305798462], [-74.1842083121158, 40.7754210837722], [-74.1840835389401, 40.775660255169], [-74.1839564310757, 40.7756219338915], [-74.1837982594939, 40.7755742468154], [-74.1836491627688, 40.7755292942655], [-74.1835775905487, 40.775667206651], [-74.1834802538696, 40.7758547616226], [-74.1834337828969, 40.7759435481967], [-74.1833798500901, 40.776045936555], [-74.1832917603321, 40.7762131994853], [-74.1832121567708, 40.7763643444214], [-74.183037297547, 40.7763139465615], [-74.1827725306952, 40.776237635502], [-74.1827317043102, 40.7763160481331], [-74.182678066866, 40.7764190628754], [-74.1826320584657, 40.7765074271127], [-74.182586124074, 40.7765956483404], [-74.1824579485455, 40.7768418214337], [-74.1820739858548, 40.7767262906973], [-74.1818161289404, 40.7766487023416], [-74.1815843492474, 40.7765789601295], [-74.1814960063533, 40.7767485228697], [-74.1814082524624, 40.7769169551254], [-74.1813572121413, 40.7770149205169], [-74.1812899991109, 40.7771439240681], [-74.181234426851, 40.7772505873589], [-74.1811321272943, 40.7773550402616], [-74.1810419373661, 40.7774471281661], [-74.1809007845113, 40.777591251475], [-74.1808030210052, 40.7776910713959], [-74.1806964329939, 40.7777999015001], [-74.1806129957536, 40.7778850939421], [-74.1805013500311, 40.7778157918612], [-74.1803026103789, 40.7776924266733], [-74.1801760397891, 40.7776138573197], [-74.1799898916098, 40.7774983057524], [-74.1800489181323, 40.7774173562867], [-74.1801215311967, 40.7773177734889], [-74.1799921682961, 40.7772774107814], [-74.1798173459378, 40.7772260076009], [-74.1797074443056, 40.7771980086863], [-74.1796003221953, 40.7771704766833], [-74.1794806215838, 40.7771351916183], [-74.1793659656688, 40.7771006193005], [-74.1791691944347, 40.7770412866273], [-74.1791062336195, 40.7771619504843], [-74.179023152031, 40.7773211718931], [-74.1789367135961, 40.7774868284958], [-74.1787964016413, 40.777755727829], [-74.178643235163, 40.7777095417074], [-74.1783999607597, 40.7776361830717], [-74.1782540453465, 40.7775921834514], [-74.1780912855979, 40.7775431095868], [-74.1777558724164, 40.7774419697115], [-74.1776901703287, 40.7775678800524], [-74.1775990025241, 40.7777425895384], [-74.1774230845167, 40.7780797097957], [-74.1772721631503, 40.7783689254335], [-74.177231024832, 40.7784477602865], [-74.1771699497693, 40.7785647980636], [-74.1770962800891, 40.7787059714025], [-74.1770273969855, 40.778837973007], [-74.1769874718552, 40.7789144813447], [-74.1769210249637, 40.7790421533766], [-74.1768676932258, 40.7791443160611], [-74.1768132504227, 40.7792486000904], [-74.1767618736025, 40.7793470073487], [-74.1766400039487, 40.7795804193854], [-74.1765499073694, 40.7797529659688], [-74.1769162609284, 40.7798642861134], [-74.1770557035512, 40.7799065428745], [-74.1773890884379, 40.7800075719127], [-74.1771863355157, 40.7803941686954], [-74.1770146688091, 40.7807214917762], [-74.17692283543, 40.7808965923198], [-74.1768781944945, 40.7809817095988], [-74.1770865872008, 40.7810902146388], [-74.1772626857547, 40.7811819042066], [-74.1773916336535, 40.7812796316149], [-74.177478210859, 40.781330088488], [-74.1776782163918, 40.7814466499717], [-74.1775835695011, 40.7815404859963], [-74.1773766747097, 40.7817456060842], [-74.1772620397497, 40.7818592582843], [-74.1774089191601, 40.7819702735225], [-74.177597702263, 40.7821129612777], [-74.1774595654172, 40.782249913703], [-74.1773759101661, 40.7823328507549], [-74.1770908052551, 40.7826155063899], [-74.1767937438856, 40.7829100137473], [-74.1765852530373, 40.7831167084187], [-74.1764981025812, 40.7832031085828], [-74.1766483428171, 40.7832918464932], [-74.1767736416836, 40.7833752801461], [-74.1768764143808, 40.7834359117031], [-74.1767394984445, 40.783560634896], [-74.1764698029445, 40.7838063090219], [-74.1760600106374, 40.784179597637], [-74.1754335522977, 40.7847502404588], [-74.1753925374815, 40.7847876002521], [-74.1750297025682, 40.7851181016206], [-74.1750652937589, 40.7851392962539], [-74.1751008861572, 40.7851604908795], [-74.1749404974129, 40.7853160989206], [-74.1747904377194, 40.7854616844113], [-74.1747171754889, 40.7855327628472], [-74.1745857257055, 40.7856602933551], [-74.1745141907953, 40.7860574919391], [-74.174411738186, 40.7862176998003], [-74.1743355574788, 40.786336825872], [-74.1742040604557, 40.7864670008103], [-74.1741280549221, 40.7865981500447], [-74.1740665907321, 40.7867894525497], [-74.1740395016777, 40.7869039466621], [-74.1739527442029, 40.7869788022502], [-74.1737462942764, 40.7870572486849], [-74.1736260677208, 40.7871029322066], [-74.1733800939227, 40.7871829025544], [-74.1731233923721, 40.7872646584684], [-74.1729125657771, 40.7873318021757], [-74.1728914371646, 40.7873385317949], [-74.1727862271219, 40.7873966796728], [-74.1727021841827, 40.7874431285551], [-74.1726230990951, 40.7874868374525], [-74.1725812519254, 40.7875217172557], [-74.1724505085289, 40.7876306934336], [-74.1723355909069, 40.7877264776026], [-74.1722276045188, 40.7878164842784], [-74.1721335606314, 40.787893923179], [-74.1720277528119, 40.7879742761814], [-74.1719383331039, 40.7880418432439], [-74.1718633515206, 40.7880985001817], [-74.171753261117, 40.7881816847977], [-74.1716599020795, 40.7882432740615], [-74.1715698033586, 40.7882755927157], [-74.1714708679725, 40.7881768015226], [-74.171262550698, 40.7879501857835], [-74.1711232577333, 40.7878175352964], [-74.1709764212646, 40.7876572548004], [-74.1708282725873, 40.7875089850739], [-74.1707118468414, 40.7874066355473], [-74.1705160644908, 40.7872471693957], [-74.1704212004691, 40.7871794122629], [-74.1703187846606, 40.7871139668921], [-74.1702229059885, 40.7870605007808], [-74.1702187737277, 40.7870582276027], [-74.1702040514336, 40.7870501306961], [-74.1700832517915, 40.7869980431844], [-74.1700754852776, 40.7869955821956], [-74.1700743436649, 40.7869952204988], [-74.1700659939266, 40.7869925741225], [-74.1700308949805, 40.786981450604], [-74.1699751595569, 40.7869688019052], [-74.1699271665662, 40.7869644372924], [-74.1698965751137, 40.7869618875866], [-74.1698659836591, 40.7869593387733], [-74.1696847481354, 40.7869492496206], [-74.1696463954402, 40.7869453348599], [-74.1696269745443, 40.7869433520085], [-74.1696255735475, 40.7869432093075], [-74.1695715848992, 40.7869376989483], [-74.1693828725215, 40.7869257822389], [-74.1691843744044, 40.7869129005594], [-74.1690400081751, 40.7869012590086], [-74.1689787192995, 40.7868917558547], [-74.1689334067912, 40.7868847300845], [-74.1686824883967, 40.7868540898012], [-74.1684939031362, 40.78682360014], [-74.1683323635187, 40.786790802258], [-74.1679380271913, 40.7867284527311], [-74.1676881607166, 40.7866973585174], [-74.1675342262482, 40.786688088488], [-74.1673474452735, 40.7866768485531], [-74.167196776401, 40.786676359185], [-74.1669552137971, 40.7866744815958], [-74.1668043181213, 40.7866821530622], [-74.1666569584417, 40.7867008847233], [-74.1665299784345, 40.7867144012653], [-74.1664199788558, 40.7867203144844], [-74.166307552276, 40.7867206207432], [-74.1662792221747, 40.7867201272497], [-74.1662791783397, 40.7867201262224], [-74.1662508932632, 40.7867196328521], [-74.1660958320092, 40.7867163024064], [-74.1660327169789, 40.7867135945222], [-74.1659596884161, 40.7867072888888], [-74.1658349782634, 40.7866868069497], [-74.1657027369734, 40.7866484066344], [-74.1656662821326, 40.7866370734277], [-74.1656546662359, 40.7866324774092], [-74.1655573957273, 40.7865939909237], [-74.1654215188934, 40.7865389720617], [-74.1653233886373, 40.7864898262637], [-74.1652773841384, 40.7864600473738], [-74.1652174316213, 40.7864026331761], [-74.1651353449218, 40.7863161819982], [-74.1650144312134, 40.7861487257078], [-74.1649457027219, 40.7860411440167], [-74.1648722741274, 40.7859307352055], [-74.1648234114685, 40.7858730864315], [-74.1648073425061, 40.7858594148054], [-74.1647912735549, 40.7858457422765], [-74.164755590355, 40.7858153816601], [-74.1647096648436, 40.7857841753432], [-74.1646575417367, 40.7857576169291], [-74.1644031791981, 40.7856363728809], [-74.1643685457616, 40.7856194870494], [-74.1642774566906, 40.7855746007901], [-74.1639635674637, 40.7854209650421], [-74.1638090420671, 40.7853385446004], [-74.1637012353755, 40.7852847816437], [-74.1632969253846, 40.7851229382698], [-74.1631310090866, 40.7850602533265], [-74.1628888365116, 40.7849730512145], [-74.1626873758432, 40.7848979633992], [-74.1625530382021, 40.7848464174043], [-74.1624005098467, 40.7847792271053], [-74.1622835130583, 40.7847271416429], [-74.1620842420631, 40.7846263663851], [-74.1619432817817, 40.7845569173648], [-74.1617822784832, 40.7844588887952], [-74.1616831257125, 40.7843917296905], [-74.1615969939429, 40.7843136845856], [-74.1615538643183, 40.7842872330917], [-74.1614519640184, 40.7842301874067], [-74.1613856767118, 40.7842047513123], [-74.1612895756245, 40.7841742096139], [-74.1611921231759, 40.7841433495636], [-74.161079015949, 40.7841007997868], [-74.1609889525986, 40.7840575214814], [-74.1609202521665, 40.7840174074954], [-74.160854827144, 40.7839723066472], [-74.1607633501585, 40.7838946567742], [-74.1606427456317, 40.78381379164], [-74.1605291802908, 40.7837429507888], [-74.1603899232494, 40.7836617279197], [-74.160328440813, 40.7836245329051], [-74.1602274470083, 40.7835720538698], [-74.1601022422087, 40.7835090251253], [-74.1599526139293, 40.7834383386467], [-74.1597161756326, 40.7833334106307], [-74.1595787402713, 40.7832758622368], [-74.1594259334784, 40.7832150658323], [-74.1592773521918, 40.7831579371777], [-74.159060670561, 40.7830719325114], [-74.1589489908422, 40.7830226268665], [-74.1587804929514, 40.7829457699211], [-74.1586295424572, 40.7828820789644], [-74.158506757331, 40.7828327220263], [-74.1584103535379, 40.7827934557609], [-74.1583102614192, 40.7827523719193], [-74.1580849067622, 40.7826643881678], [-74.1579799149448, 40.7826244161541], [-74.1577201662698, 40.782527494102], [-74.1575154576964, 40.7824568986382], [-74.1572723077884, 40.7823777816825], [-74.1571168882568, 40.7823208433708], [-74.1569818362301, 40.7822713655044], [-74.1568813624228, 40.782234555267], [-74.156743535286, 40.7821840602142], [-74.1565063963511, 40.7820934779574], [-74.1563446614054, 40.7820352851029], [-74.1562107559195, 40.7819794308997], [-74.1558720655352, 40.7818395853224], [-74.1556855821743, 40.7817624864938], [-74.1555557290738, 40.7817081358904], [-74.1554651182147, 40.7816703307914], [-74.1551196363005, 40.7815309382336], [-74.1549551146872, 40.7814645577829], [-74.1547844619772, 40.7813957028592], [-74.1546533847957, 40.7813428164317], [-74.1545883677309, 40.7813165733022], [-74.1545192252125, 40.7812894406148], [-74.1543544749471, 40.7812248886117], [-74.154320360292, 40.7812030219723], [-74.1542366735415, 40.7811430327085], [-74.1541720750007, 40.7810987545687], [-74.15411387118, 40.781069236346], [-74.1538955074881, 40.7809850784325], [-74.1537373543455, 40.7809366901319], [-74.1535150447786, 40.7808717489634], [-74.1532680694493, 40.7807868762433], [-74.1531715588405, 40.7807519965285], [-74.1529394424044, 40.7806671371413], [-74.1527906524818, 40.7806192422047], [-74.1527634048433, 40.7806104722692], [-74.1527124487692, 40.7805901440097], [-74.1526769233191, 40.7805711238916], [-74.1526768961498, 40.7805711084999], [-74.1526306493251, 40.7805458195422], [-74.1525045203391, 40.7804720870979], [-74.1524754003228, 40.7804609240034], [-74.1524462803211, 40.7804497600009], [-74.1523288920489, 40.7804200346941], [-74.1522251366021, 40.7804008088556], [-74.1520879578778, 40.7803782157379], [-74.1519327855598, 40.7803510121231], [-74.1517899327742, 40.7803207960903], [-74.1516233121837, 40.7802884250762], [-74.1514715207204, 40.7802706736891], [-74.1513753868254, 40.7802717008634], [-74.1512028432287, 40.7802999468867], [-74.1511190916744, 40.7803015534252], [-74.1507657413371, 40.7802596727752], [-74.150584396024, 40.7802318396804], [-74.1502043299681, 40.7801482288283], [-74.1500906710464, 40.7801168104417], [-74.1493102670014, 40.7799046968731], [-74.1491825555149, 40.7798640345018], [-74.1488067909681, 40.7797445464798], [-74.1483297913256, 40.7796008436231], [-74.1483407475417, 40.7794791340173], [-74.1483548422811, 40.7793281811418], [-74.1483706508765, 40.7791588786417], [-74.1484473393318, 40.7788733581812], [-74.148503182166, 40.778740176724], [-74.1486483654692, 40.7785162522591], [-74.1489348055191, 40.778124183014], [-74.1490409294695, 40.7779874077907], [-74.1493222836805, 40.777655272294], [-74.1495356859692, 40.7774244645325], [-74.1500231895904, 40.7769116552459], [-74.1502062481603, 40.7767425425078], [-74.1511863437786, 40.775816879379], [-74.1518108643024, 40.7752864953247], [-74.1525592284183, 40.774664204843], [-74.1533731232823, 40.7739877333485], [-74.1536720531743, 40.7736693052694], [-74.1539040646153, 40.7733804320167], [-74.1540708315356, 40.773146455229], [-74.1546506074086, 40.7723014426938], [-74.1548155328109, 40.7720610633003], [-74.1551844915311, 40.7714639765083], [-74.1555040913534, 40.7708446443276], [-74.1558222401622, 40.7702466354728], [-74.1564997874013, 40.7684701270699], [-74.1566642195959, 40.7680540657427]]]}}, {"type": "Feature", "properties": {"city": "newark", "ward": "South", "ward_label": "South"}, "geometry": {"type": "Polygon", "coordinates": [[[-74.2150704778756, 40.7298958270712], [-74.2149675268153, 40.7298733948596], [-74.2148953272285, 40.7299287544118], [-74.2149191263709, 40.7299340294348], [-74.2143505242542, 40.7314183440912], [-74.2143345136288, 40.7314110835046], [-74.2140016776099, 40.7322818453104], [-74.2133832002741, 40.7338943133579], [-74.2129225161078, 40.7337992527943], [-74.2120515162691, 40.7336112529307], [-74.211127515729, 40.7334112530428], [-74.2102365150052, 40.7332192529271], [-74.2093285152717, 40.7330222534618], [-74.2084135145108, 40.7328252534824], [-74.2075205140605, 40.7326322529011], [-74.2066028473967, 40.7324335864241], [-74.2057265133702, 40.7322382529639], [-74.2048145128442, 40.7320342533926], [-74.2037735131946, 40.7318012533272], [-74.2033125130136, 40.7316975862366], [-74.2020765123937, 40.7314322532982], [-74.2006255115104, 40.7311202527922], [-74.2007145120951, 40.7307762531037], [-74.1995635116656, 40.7290562530718], [-74.1980695111786, 40.726825252112], [-74.1982915107792, 40.726838252678], [-74.1984975110306, 40.7268392520311], [-74.1987995108601, 40.7266992522738], [-74.199152511716, 40.7265362519787], [-74.199299510894, 40.7261602521189], [-74.1996105112999, 40.7253672522904], [-74.1986580820347, 40.7251578239367], [-74.198031510481, 40.7250302518401], [-74.1976615110195, 40.7249502516233], [-74.1966955099142, 40.7247382516592], [-74.195726509131, 40.7245205853685], [-74.1947735094111, 40.7243322523114], [-74.1938285090725, 40.72413925221], [-74.1936485095373, 40.7241022519102], [-74.1926675086488, 40.7239032523588], [-74.1915775089399, 40.72378225193], [-74.1909445078303, 40.7237132520209], [-74.1898327003606, 40.7235914625567], [-74.1891005073046, 40.7235112518413], [-74.1889295075408, 40.7234912518447], [-74.1878425073916, 40.723361252505], [-74.1879335071856, 40.723095252005], [-74.1870835069753, 40.7233132518422], [-74.186368506466, 40.7235322517015], [-74.1862445069792, 40.7235732520432], [-74.1853475068671, 40.7238652518939], [-74.1845625068203, 40.7241212523827], [-74.1843865066482, 40.724204251952], [-74.1838625060431, 40.7234762522255], [-74.1833525060914, 40.7227682519389], [-74.1840335058887, 40.7216272517915], [-74.1848035192618, 40.7203450681442], [-74.1817448435202, 40.7192899622422], [-74.181947504889, 40.718943251091], [-74.1821345049936, 40.7186282514451], [-74.1825345053655, 40.7179542511335], [-74.1827445047985, 40.7175772509191], [-74.1832505056611, 40.716668251328], [-74.1837800056574, 40.7159512506103], [-74.1839729049527, 40.7154178504495], [-74.1847685052984, 40.7144482507258], [-74.1857348516402, 40.7128716911406], [-74.1868505057743, 40.7109052498799], [-74.1863599142791, 40.7106708363102], [-74.184158134368, 40.7097331061417], [-74.1852269075059, 40.7076368786878], [-74.1769165365902, 40.7038885254102], [-74.1818040837263, 40.6982706594163], [-74.1679588489065, 40.6907990145745], [-74.1663408549418, 40.6909141584987], [-74.1638528896209, 40.69039427944], [-74.1636294992911, 40.6898766736091], [-74.165051409548, 40.690169607478], [-74.1652837424709, 40.6901674687081], [-74.1663304248849, 40.6901578252185], [-74.1664980749427, 40.6901499187305], [-74.1676345639612, 40.6899708110241], [-74.1679392638752, 40.6897786666758], [-74.1685261527073, 40.6894082260871], [-74.168664920019, 40.6892321725205], [-74.1688997423808, 40.6889283766671], [-74.1690064321538, 40.6887912347738], [-74.169130721901, 40.688713860222], [-74.1692732628871, 40.6886251218092], [-74.1697334241423, 40.6885762864304], [-74.169888497528, 40.6885598283619], [-74.1702359642306, 40.688539236645], [-74.1707897194522, 40.6885064158427], [-74.171296986215, 40.6884763482635], [-74.1718606839455, 40.6884429328175], [-74.1725103542247, 40.6884044179545], [-74.1735387687432, 40.6883434428186], [-74.1737675564792, 40.688329876243], [-74.1742764277974, 40.6882997001362], [-74.1753832850492, 40.6882340557945], [-74.1758153967945, 40.6882084257353], [-74.1773221361379, 40.6881190427762], [-74.1775243750423, 40.6881070444506], [-74.1781179608778, 40.6880718257834], [-74.1785121905168, 40.6880484332768], [-74.17980772728, 40.6879715495212], [-74.1805183092815, 40.6879293741711], [-74.1808175475381, 40.687911611629], [-74.18161343851, 40.6878643653139], [-74.181839247877, 40.6878509600486], [-74.1844012205455, 40.6876988312665], [-74.1846897336124, 40.6876816967121], [-74.1855482091838, 40.6876307053743], [-74.1863856206079, 40.6875809599092], [-74.1875480716834, 40.6875118952026], [-74.1881257750336, 40.6874775673403], [-74.1897218139833, 40.6873827141956], [-74.1920974553527, 40.6872414872956], [-74.1925250706626, 40.6872160618728], [-74.1927784401846, 40.6872009956569], [-74.193148998444, 40.6871789599459], [-74.1949472820749, 40.6870720895551], [-74.197187872354, 40.6869388927396], [-74.1973870899396, 40.686927091246], [-74.1979188236776, 40.6868955892688], [-74.1980894792855, 40.6868854788079], [-74.1982203093817, 40.6868777271482], [-74.1999410183116, 40.6867757636227], [-74.2005757502037, 40.6867381443906], [-74.2014104029209, 40.6866886718213], [-74.2015484214759, 40.6866804900828], [-74.2017137843256, 40.6867668978067], [-74.2018638526368, 40.6868453116911], [-74.2039394522392, 40.6879298320946], [-74.2041405085897, 40.6880347604507], [-74.2044612108919, 40.6882021281375], [-74.2048108654639, 40.6883846035875], [-74.204903101709, 40.6884329314596], [-74.205112440941, 40.6885426164472], [-74.2053926773194, 40.6886886275974], [-74.2062644602909, 40.6891464114365], [-74.2065747138275, 40.6893095606538], [-74.2067056116047, 40.6893784442774], [-74.206942034748, 40.6895028592154], [-74.2072250986961, 40.6896518171414], [-74.2074883901264, 40.6897896315792], [-74.2076325782849, 40.6898662452529], [-74.2077515853211, 40.6899288690202], [-74.2078435864474, 40.6899772821976], [-74.2079370550019, 40.6900264663253], [-74.2080318632471, 40.6900764129712], [-74.2081483362572, 40.6901377843891], [-74.2082387759703, 40.690185434097], [-74.2084059143456, 40.6902731857854], [-74.2085792732933, 40.690364408537], [-74.2087164989104, 40.6904366182528], [-74.2088425954582, 40.6905029701523], [-74.2090130516587, 40.6905926647159], [-74.2091143543144, 40.6906459698668], [-74.2092490572521, 40.6907168505097], [-74.2124221850302, 40.6993242594792], [-74.2129730376385, 40.7008182616259], [-74.2130277749247, 40.7009303808779], [-74.2143597703992, 40.7018904138145], [-74.2145170787738, 40.7020037362125], [-74.2156776287882, 40.7028397657733], [-74.216427421991, 40.7033798797434], [-74.2184705153367, 40.7048526810408], [-74.2195186036747, 40.7056138323152], [-74.2196237707454, 40.7056902288617], [-74.2197549789077, 40.7057856839489], [-74.2203866281112, 40.7062175367233], [-74.2219507288186, 40.7073495730309], [-74.2233499863075, 40.7076003235935], [-74.2234912018686, 40.7076244341043], [-74.2278213047623, 40.7083860563374], [-74.2287992491438, 40.7085577072299], [-74.2273479038041, 40.7099969733116], [-74.2271191203707, 40.7102238453618], [-74.2268344041727, 40.7105061794013], [-74.2267032713946, 40.7106362143232], [-74.2269252323834, 40.7107697290258], [-74.2271351068574, 40.7108960117523], [-74.2275813443855, 40.7111645458191], [-74.2277423357952, 40.7112614273409], [-74.2271016342908, 40.7119657541663], [-74.2270123445925, 40.7120639099013], [-74.2269159439118, 40.7121698803386], [-74.2268511354053, 40.7122662890578], [-74.2268482310783, 40.7122706086553], [-74.2267977035276, 40.71234577272], [-74.2265586212291, 40.7126085881396], [-74.2264845787547, 40.7126899816288], [-74.2263775605665, 40.7128076225032], [-74.2262736403067, 40.7129218573579], [-74.2261724494463, 40.713033090596], [-74.2260598398539, 40.7131568761883], [-74.2259857533666, 40.7132383151748], [-74.2257943527249, 40.7134487103046], [-74.2256396331752, 40.7136187825004], [-74.2253701249211, 40.713915030691], [-74.2253095325254, 40.7139816342769], [-74.2252462006651, 40.7140512483101], [-74.225166006901, 40.7141393987795], [-74.225089943374, 40.7142230074102], [-74.2250175701886, 40.7143025603859], [-74.2249432980565, 40.7143841999765], [-74.224877025115, 40.7144570462413], [-74.2247961954715, 40.7145458928939], [-74.2246881714069, 40.7146646302906], [-74.2245914470056, 40.7147709473922], [-74.2244950302435, 40.7148769256198], [-74.2242639650084, 40.7151309042235], [-74.2242017175821, 40.7152343457751], [-74.2241371745974, 40.7153416021373], [-74.2238451507432, 40.7155992716338], [-74.223470007836, 40.7153586230216], [-74.2225434989245, 40.71632734942], [-74.2223486911871, 40.7164180457292], [-74.2218392720907, 40.7169470050654], [-74.2215553213862, 40.717244142369], [-74.2214093550739, 40.7173966772543], [-74.2211566676481, 40.7176606344729], [-74.2209253377228, 40.7179023484959], [-74.2208236491811, 40.7180041005576], [-74.2206278742907, 40.7182822291053], [-74.2204797777251, 40.7184961737928], [-74.2203108462069, 40.718593684648], [-74.2198913317464, 40.7190390957069], [-74.2195403822109, 40.7194117019045], [-74.219217800326, 40.7197541862299], [-74.2190197885032, 40.719964413281], [-74.2190931024214, 40.7200043881485], [-74.2188197900391, 40.7202945585082], [-74.2190684737321, 40.72041427051], [-74.218961669917, 40.7205666300304], [-74.2186430120651, 40.7210211995837], [-74.2185106246964, 40.7209567607094], [-74.2183161903818, 40.7211879908195], [-74.2181689044436, 40.7212597717477], [-74.2180485651012, 40.7213184200756], [-74.2176302127634, 40.721814523654], [-74.2175535129893, 40.7219046045212], [-74.2173681899093, 40.7221251327921], [-74.2176440220303, 40.7222596345322], [-74.2178199377804, 40.7223454141449], [-74.2176111112659, 40.7225936966252], [-74.2175361609511, 40.7226824614745], [-74.2174476275978, 40.7227870606203], [-74.2173432255733, 40.7229188980789], [-74.2172413786116, 40.7230686887663], [-74.2176339604334, 40.7232231931725], [-74.2175799778689, 40.7233019730916], [-74.2174622548175, 40.7234737897097], [-74.2173334256514, 40.7236620121718], [-74.2172600663322, 40.7237688592726], [-74.2171331433098, 40.7241054916811], [-74.2171056035838, 40.7241887103515], [-74.21704400195, 40.7243757003783], [-74.2169700291003, 40.7245315138454], [-74.2169041561819, 40.7247320859976], [-74.2168522708742, 40.7248900708454], [-74.2167936203405, 40.7250686518911], [-74.2166954036575, 40.7252467719609], [-74.2166000522256, 40.7255371158338], [-74.2167213990795, 40.7255640154701], [-74.216515924257, 40.7258476370911], [-74.2164090685083, 40.7259951325538], [-74.2163409126247, 40.726173079377], [-74.2162364934509, 40.7264457039255], [-74.2161978494426, 40.7265465962403], [-74.2160102166557, 40.726764160707], [-74.2162294366292, 40.7268727180911], [-74.2154903979278, 40.7277341100794], [-74.2158760338538, 40.72792508093], [-74.2157284082121, 40.7280976154484], [-74.2158040033008, 40.7281350600965], [-74.2156003944139, 40.7283730216925], [-74.2155474192059, 40.7283735395875], [-74.2154498572449, 40.7286378154894], [-74.2153791536914, 40.7287361752346], [-74.2153069972644, 40.7288353896181], [-74.2152367107378, 40.72902577846], [-74.2150787252106, 40.7290607990844], [-74.2151832158675, 40.729323539743], [-74.2150576868084, 40.7294896625094], [-74.2149602345642, 40.7296186265952], [-74.2149954271479, 40.7297071167487], [-74.2150704778756, 40.7298958270712]]]}}, {"type": "Feature", "properties": {"city": "newark", "ward": "West", "ward_label": "West"}, "geometry": {"type": "Polygon", "coordinates": [[[-74.2369660862346, 40.7339416944886], [-74.2370070452597, 40.7339643233831], [-74.2372021399828, 40.7340244221765], [-74.2373386621522, 40.7340664781565], [-74.2373473111585, 40.73405012864], [-74.2374109159986, 40.7339298927467], [-74.2375030891666, 40.7337556528195], [-74.2375825431792, 40.7336054567786], [-74.2376260547499, 40.7335232044631], [-74.2376260902249, 40.7335232153509], [-74.237846431045, 40.7335906562488], [-74.2379608302678, 40.7336256708375], [-74.2380033295791, 40.7336386791278], [-74.2380640052412, 40.7336572501932], [-74.2382211187935, 40.7333602016123], [-74.2382398713539, 40.7333247508227], [-74.2382872727284, 40.7332351357108], [-74.2383874586844, 40.7330458489816], [-74.2384320766367, 40.7329618859305], [-74.2384776390849, 40.7328761481284], [-74.2384845318589, 40.7328782576266], [-74.238595007855, 40.7329120712156], [-74.2387801458037, 40.7329687360532], [-74.2389880436881, 40.7330323659235], [-74.2390978390751, 40.7330659703551], [-74.2391099941376, 40.7330429894473], [-74.239122354336, 40.7330196217461], [-74.2391594337025, 40.7329495168302], [-74.239219624317, 40.73284874845], [-74.2393240232092, 40.732703685087], [-74.2393846319074, 40.7325887962416], [-74.2394603271949, 40.7324453061185], [-74.2395037626153, 40.7323629700497], [-74.2396525612521, 40.7320809036828], [-74.2397667416087, 40.7318644583317], [-74.2399339232874, 40.7319154926555], [-74.2400536553281, 40.7319520428006], [-74.2403037476436, 40.7320278882265], [-74.2404574173164, 40.7320100112292], [-74.2405759672739, 40.7319962203508], [-74.2407640198159, 40.7320536243507], [-74.2409276067545, 40.732103559442], [-74.240999688395, 40.7319668056358], [-74.2410584202151, 40.7318553789711], [-74.2411169741344, 40.7317442886976], [-74.2412225853736, 40.7315439189958], [-74.2413407020909, 40.7313198222319], [-74.2414106650835, 40.7311870863573], [-74.2415970830359, 40.7312443025242], [-74.2417624642053, 40.7312949456203], [-74.2419908552141, 40.7313033986925], [-74.2421696023615, 40.731358171487], [-74.2423448295333, 40.73141186444], [-74.2424467637856, 40.7312186514264], [-74.242507215412, 40.7311040667581], [-74.2425571994429, 40.7310093231249], [-74.2426239737945, 40.73088275297], [-74.242698306486, 40.7307418558512], [-74.2427766518912, 40.7305933512939], [-74.2429246457024, 40.7306385269994], [-74.243128286372, 40.7307006872952], [-74.2433488407844, 40.7307248167041], [-74.2434503042932, 40.7307557867575], [-74.2437507103746, 40.7308474825412], [-74.2436700841932, 40.7310003370646], [-74.2437658450862, 40.7310295668355], [-74.2438707718805, 40.7310621391591], [-74.2438427874549, 40.7311151941289], [-74.2438091702876, 40.7311144819008], [-74.2438107772275, 40.7311758015484], [-74.2435542156727, 40.7311094371009], [-74.2435138211512, 40.7311860176682], [-74.2434452747578, 40.7313159679276], [-74.2433700126937, 40.7314586529291], [-74.2432475489149, 40.7316921055812], [-74.2431961743556, 40.7318216237646], [-74.2431287561868, 40.7320128203548], [-74.2435417453638, 40.7321147844619], [-74.2436485858424, 40.7321411633435], [-74.2439525015285, 40.7322161963769], [-74.2439002377212, 40.7323385891886], [-74.2438095840424, 40.7325508895672], [-74.2437480671825, 40.7326949534803], [-74.2437006385471, 40.732806023846], [-74.2438076551083, 40.7328309386028], [-74.2439349057207, 40.7328605623271], [-74.2440694416759, 40.7328918816729], [-74.244389074193, 40.7329662909629], [-74.2443878313573, 40.7331295623519], [-74.244390185349, 40.7333042585346], [-74.2445561001332, 40.7333454218441], [-74.244998897378, 40.7334552773508], [-74.2453548914314, 40.7335475303075], [-74.2462516020741, 40.7337811144687], [-74.247558008131, 40.7341144664296], [-74.2481277665434, 40.7342702008144], [-74.2483543261004, 40.7343321361967], [-74.2484532927303, 40.7343591905187], [-74.2486795433305, 40.7344200141563], [-74.2489249703151, 40.7344865978362], [-74.2492211383667, 40.7345925148203], [-74.2495361462348, 40.7347240244808], [-74.2497237834539, 40.7348142216088], [-74.2498241199798, 40.734877629303], [-74.2499708278433, 40.7350129993656], [-74.2500515055031, 40.7350956676075], [-74.250164151919, 40.7352110929513], [-74.2502546356838, 40.7352978511568], [-74.2503991080484, 40.73544325385], [-74.2505296336057, 40.7355789277207], [-74.250682158818, 40.7357374673101], [-74.2507547665241, 40.7358215675765], [-74.2508333784566, 40.7359126108274], [-74.2509388698646, 40.7360605890326], [-74.2509880778337, 40.7361613059457], [-74.251073382132, 40.7363569016974], [-74.2511415114489, 40.736588901079], [-74.251181071008, 40.7367727840455], [-74.2512587498951, 40.7370489897573], [-74.251340821859, 40.7373583124932], [-74.2513883524854, 40.7375197733449], [-74.2512847967118, 40.7375935043018], [-74.2510770032065, 40.7377414102567], [-74.2509453893948, 40.7378351600282], [-74.2508019889454, 40.737937346179], [-74.2506713033902, 40.7380302555833], [-74.2505649882586, 40.7381059477231], [-74.2504025993379, 40.7382215850286], [-74.2502953538377, 40.7382979935788], [-74.250128719232, 40.7384168130129], [-74.2499940921811, 40.7385129930701], [-74.2498865611088, 40.7385895276011], [-74.2497812313702, 40.7386646663799], [-74.2496759215565, 40.7387397960988], [-74.2495962380519, 40.7387967091768], [-74.2494652931264, 40.7388900029911], [-74.2493600088092, 40.7389650901457], [-74.2492615118929, 40.739035229678], [-74.2491492054223, 40.7391151591842], [-74.2490438740964, 40.7391902783661], [-74.2489388027883, 40.739265144049], [-74.2488358312172, 40.7393385669506], [-74.2487013483363, 40.739434461208], [-74.2486010997126, 40.7395059445443], [-74.2484634248963, 40.7396041163743], [-74.2483756772346, 40.739666685664], [-74.2482765381454, 40.7397373308802], [-74.2481125833136, 40.7398541647026], [-74.2479424614302, 40.7399753896237], [-74.2476452046054, 40.7397933795383], [-74.2475366612338, 40.7398658227539], [-74.2473282949526, 40.7400048885193], [-74.2471475265454, 40.7401255341922], [-74.2469020242302, 40.7402893832006], [-74.2466550701325, 40.7404541993341], [-74.2459030111914, 40.7409561119159], [-74.245587563655, 40.7407999278537], [-74.2454823949893, 40.7407479911466], [-74.245053838841, 40.7405364488609], [-74.2449458209825, 40.7406264928807], [-74.2448652763069, 40.7406951814245], [-74.2447041130774, 40.740877456344], [-74.2445612615189, 40.7410390200936], [-74.2444983014351, 40.7411102284238], [-74.2443608169865, 40.7412657193923], [-74.2442734193011, 40.7413645649029], [-74.2439256728591, 40.7417578528757], [-74.242836616862, 40.7413687584094], [-74.2425157204671, 40.7412541080877], [-74.2422938371303, 40.741174830828], [-74.2417115167782, 40.7409667719699], [-74.2413290486309, 40.7408301168487], [-74.241045111431, 40.7407286650931], [-74.2408188566714, 40.7406478225635], [-74.2406039476747, 40.7405710334409], [-74.2405093078038, 40.7407224445612], [-74.2404307427712, 40.7408481329888], [-74.2403715113588, 40.7409429024623], [-74.2403400160166, 40.7409756411175], [-74.2402508241145, 40.7410707150678], [-74.2401685179053, 40.7411580188219], [-74.24008902351, 40.7412423109605], [-74.2400133677483, 40.7413226238638], [-74.2399464431381, 40.7413935019636], [-74.2398652856471, 40.741479644518], [-74.2397296500947, 40.7416235227736], [-74.239611594167, 40.7417488018558], [-74.2394780891539, 40.7418904781621], [-74.2394006473221, 40.7419726616565], [-74.2392843700661, 40.7420960594704], [-74.2391552641554, 40.7422330730548], [-74.2389953907918, 40.7424027327544], [-74.2389304432516, 40.7424716316156], [-74.2388941332554, 40.7425676337219], [-74.238853430079, 40.7426754713714], [-74.2387881400862, 40.7428484472703], [-74.2391578766052, 40.7429807267309], [-74.2389656318891, 40.7435095749114], [-74.2388835801264, 40.7437352903554], [-74.2388139741486, 40.7439279713432], [-74.2385385067038, 40.7447258561663], [-74.2378752423964, 40.74502379424], [-74.2369876530548, 40.7454224882264], [-74.2368725395079, 40.7454741945336], [-74.2368313103384, 40.7455847130768], [-74.2370308903683, 40.7455800787162], [-74.2359007808028, 40.748904895754], [-74.2357346987063, 40.7488787487788], [-74.2356773274296, 40.7490469424984], [-74.2355967914977, 40.749283044469], [-74.2355264749894, 40.7494891872947], [-74.2354815636796, 40.7495851693944], [-74.2353482181204, 40.7499716677936], [-74.2352881231331, 40.7501522174607], [-74.2351929648784, 40.7502212375511], [-74.2351034385235, 40.7502843058707], [-74.2347012729601, 40.7505450409023], [-74.2334730509533, 40.7513413086075], [-74.2333660203619, 40.751410696018], [-74.2331720171245, 40.7515364673434], [-74.232971781424, 40.7515249395891], [-74.2327850383276, 40.7515141893167], [-74.2325986185201, 40.7515034566023], [-74.2324158098827, 40.7514929318904], [-74.232188250783, 40.7514798309364], [-74.2302656346221, 40.7513691208791], [-74.2292569532709, 40.7513110251553], [-74.2273159211321, 40.7511992050959], [-74.2269815082133, 40.7511799370992], [-74.2266858429038, 40.7511629006019], [-74.2264560839572, 40.7511496606574], [-74.2275962104174, 40.7489751431378], [-74.2276821402231, 40.748811521991], [-74.2284060364759, 40.7474337318447], [-74.2288423423673, 40.746605706982], [-74.2289153005469, 40.7464689613574], [-74.2287759665497, 40.7464646975349], [-74.2285131640391, 40.7464561382597], [-74.2282625850941, 40.7464436355543], [-74.2281249721404, 40.7464323017483], [-74.2279650253845, 40.7464191076533], [-74.2277278009052, 40.7463913783321], [-74.227457730933, 40.7463583448344], [-74.2272282758928, 40.7463263198971], [-74.2269129165964, 40.7462729228685], [-74.2267094239726, 40.7462326656731], [-74.2264370872467, 40.7461748419283], [-74.2261394559206, 40.7460998147568], [-74.2258643082742, 40.7460257462163], [-74.2255357807216, 40.7459272980532], [-74.2250874224774, 40.7457948967657], [-74.2249255800711, 40.7457471184125], [-74.2245657031874, 40.7456414006402], [-74.2242645260686, 40.7455586880248], [-74.2240493340363, 40.7454996082336], [-74.2237989556422, 40.7454394153694], [-74.2236721167296, 40.7454108421882], [-74.2235422884056, 40.7453815952691], [-74.2234050372741, 40.745353390413], [-74.2232304427516, 40.74531820092], [-74.2230382510881, 40.7452827059654], [-74.2228065626547, 40.7452464088776], [-74.2225686116591, 40.7452100971724], [-74.2223185563458, 40.7451772942831], [-74.2221615670355, 40.7451566882885], [-74.2218836983798, 40.7451283609895], [-74.2217147658907, 40.7451143584697], [-74.2217001100867, 40.7452216944297], [-74.2213376803743, 40.7460560380637], [-74.2209421240198, 40.7469668857745], [-74.2208995355678, 40.7470657425312], [-74.2206901203951, 40.7475514987788], [-74.2206328904108, 40.7476862058726], [-74.2205706650914, 40.7478303057204], [-74.220337197685, 40.7483709283084], [-74.2202946012391, 40.7484695668538], [-74.2201495222448, 40.7488055095842], [-74.2198320428841, 40.7488210220648], [-74.2197047192196, 40.7488272431176], [-74.2195643091182, 40.7488328666627], [-74.2189503892157, 40.7488574545036], [-74.2187935696497, 40.7488636216359], [-74.2185541741528, 40.7488730337888], [-74.2183863586049, 40.7488796328553], [-74.2178795896107, 40.748900384103], [-74.2176120856026, 40.7489112277783], [-74.2168045471626, 40.7489451927033], [-74.2166019609994, 40.7489534248855], [-74.2163495248285, 40.7489633128806], [-74.2161914932447, 40.7489695032177], [-74.215923613612, 40.7489799953276], [-74.2157643157425, 40.7489862558115], [-74.215609595456, 40.7489945798027], [-74.2148280989275, 40.7490191640669], [-74.214557253126, 40.7490272861268], [-74.214315151003, 40.7490349347439], [-74.213948858373, 40.749048348717], [-74.2137927337732, 40.7490540667842], [-74.213544016177, 40.7490631761499], [-74.2118016635005, 40.7491269729126], [-74.2112142988909, 40.7491484734587], [-74.2090725294982, 40.7492268479095], [-74.2074606462739, 40.7492858060714], [-74.2073070552183, 40.7492914227205], [-74.2071652535972, 40.7492966088754], [-74.2070393832522, 40.7493012111849], [-74.20680397413, 40.7493098192616], [-74.2067476562298, 40.7494234595917], [-74.2066639496573, 40.7495923671176], [-74.2062708591092, 40.7494799687671], [-74.2061059384412, 40.7494328100538], [-74.2058503876725, 40.7493597371018], [-74.205726835379, 40.7493244080667], [-74.2055949368111, 40.7492866926574], [-74.2054303529838, 40.7492396311011], [-74.2052247908857, 40.7491808506342], [-74.2045499722177, 40.7489878837239], [-74.2044077073395, 40.748945886027], [-74.2039492592668, 40.748816102961], [-74.2022965493318, 40.7505370036959], [-74.2021778539516, 40.750655198149], [-74.2020677512249, 40.7507648356279], [-74.2019407971009, 40.7510217958904], [-74.2014048727209, 40.7508685196718], [-74.2010710436394, 40.7507730412517], [-74.2008754262531, 40.751168964686], [-74.2006060537211, 40.7517141549204], [-74.2002870375305, 40.7523598106552], [-74.2002145781334, 40.7524432486258], [-74.2001524287816, 40.7525148138298], [-74.1998558307244, 40.7531152132973], [-74.1996238406379, 40.7535848162213], [-74.1993274648879, 40.7541847446813], [-74.1984996079386, 40.7539481820452], [-74.1983724778465, 40.7542050936341], [-74.1983268178052, 40.7542975144676], [-74.1975428369655, 40.7558843371761], [-74.1970544911606, 40.7566692229084], [-74.1967466734822, 40.7571765661255], [-74.1963090896519, 40.7570504847865], [-74.1962308619959, 40.7572093519246], [-74.1961639388776, 40.7573364138122], [-74.1957817477697, 40.7580620362588], [-74.1954319659768, 40.7587261119161], [-74.1952673200722, 40.7590364095656], [-74.1950913687708, 40.7593679859455], [-74.1946642938834, 40.7592389524239], [-74.1936671008683, 40.7611515034729], [-74.1929854613939, 40.7624587760501], [-74.1924890022193, 40.7634108673652], [-74.1920815115625, 40.7632882599121], [-74.1911775104816, 40.7630202598718], [-74.1902825104319, 40.7627552596511], [-74.1892565106586, 40.7624502595127], [-74.1885855105385, 40.7637342595424], [-74.1880695097386, 40.7647172599865], [-74.1873735092033, 40.7645092598866], [-74.1864805096391, 40.7642432603257], [-74.18608050921, 40.7641232601593], [-74.185397509085, 40.7638787601161], [-74.1844585085809, 40.7636262598075], [-74.1836055089477, 40.7633652600507], [-74.1827385075823, 40.7631002601075], [-74.1819825075134, 40.7628722603663], [-74.1817785078558, 40.7627702602255], [-74.182121508085, 40.7624232602378], [-74.1830245081167, 40.7616362596035], [-74.1834005084216, 40.7612402597521], [-74.1836965080088, 40.7608722593802], [-74.183949508089, 40.7604762591339], [-74.1843085080517, 40.7598262596837], [-74.1845835086107, 40.7592002589607], [-74.1847645088521, 40.7586572594042], [-74.1848138416203, 40.7585052593409], [-74.1849860218713, 40.7585626178725], [-74.1852015090252, 40.7586342587519], [-74.1859495090034, 40.7588792594268], [-74.1868115091197, 40.7591372593715], [-74.1877105095114, 40.7594052594809], [-74.189133509863, 40.7598282589178], [-74.1904185100224, 40.7602122588337], [-74.1914595103523, 40.7605232588429], [-74.1923465116426, 40.7607872596583], [-74.1935375110089, 40.7585152591138], [-74.1926055111827, 40.7582302592514], [-74.1923525107095, 40.7581522586866], [-74.1915295105822, 40.7579012587087], [-74.1902330092833, 40.7574922587155], [-74.1911265100804, 40.7551602582987], [-74.1900730888546, 40.7548356804484], [-74.190293002244, 40.7544260059751], [-74.1903317062008, 40.7543427944157], [-74.189568509244, 40.7538152578018], [-74.1890135095443, 40.7534312577214], [-74.1888345100917, 40.7533122575653], [-74.1881045093169, 40.752826257576], [-74.1878715096334, 40.7526712574664], [-74.187338508946, 40.7523312575864], [-74.1867995082048, 40.751988257993], [-74.1865825092478, 40.7518692574678], [-74.1857945085054, 40.7514382572506], [-74.1862755089996, 40.751610257363], [-74.1863155091649, 40.7513552575511], [-74.1867085081687, 40.7514202579274], [-74.1870745091693, 40.7515012575133], [-74.1878065090976, 40.7516632576994], [-74.1881115089678, 40.7517312573597], [-74.1892585099538, 40.7521012572347], [-74.1894745096755, 40.7521442573005], [-74.1897815100156, 40.7516812579461], [-74.1905005094471, 40.750613257519], [-74.1897315101008, 40.75032125749], [-74.1889725089552, 40.7500322575267], [-74.1898525101026, 40.7486852573459], [-74.1906500090559, 40.7475132570831], [-74.1912735099609, 40.74651825634], [-74.1905305094902, 40.7459552565329], [-74.1899005094148, 40.7455352561101], [-74.1897445089488, 40.7454312562243], [-74.1906375089854, 40.7437692558849], [-74.1912327094513, 40.7426162554894], [-74.1921485103643, 40.740926255519], [-74.1931815105365, 40.7390192553182], [-74.1937725096426, 40.7374872546999], [-74.1947065104493, 40.7376922542173], [-74.1956200105489, 40.7378932547229], [-74.1966125111743, 40.7381092542154], [-74.1975115118718, 40.7383062543363], [-74.1984035115239, 40.7385007552313], [-74.1989405122644, 40.7386202545777], [-74.1993285118049, 40.7387072545466], [-74.2002285120653, 40.7389072548905], [-74.2011365130377, 40.739110254396], [-74.2020605130157, 40.7393162546078], [-74.2028975127266, 40.7395022555016], [-74.2038185140302, 40.7397012543228], [-74.2044345131064, 40.7380912547522], [-74.2051253132508, 40.7362680541522], [-74.2053165131331, 40.7357732539143], [-74.2056455132424, 40.7349442541276], [-74.2066028473967, 40.7324335864241], [-74.2075205140605, 40.7326322529011], [-74.2084135145108, 40.7328252534824], [-74.2093285152717, 40.7330222534618], [-74.2102365150052, 40.7332192529271], [-74.211127515729, 40.7334112530428], [-74.2120515162691, 40.7336112529307], [-74.2129225161078, 40.7337992527943], [-74.2133832002741, 40.7338943133579], [-74.2126399784778, 40.7358313814524], [-74.2124076168314, 40.7357766851777], [-74.2121923202309, 40.735725240702], [-74.2116773268738, 40.7370942389169], [-74.2115974808654, 40.7372952517901], [-74.2114579863499, 40.7376545442601], [-74.2111207458565, 40.7385137014165], [-74.2107538778729, 40.7394737892086], [-74.2101791488388, 40.7409795724071], [-74.2101371788906, 40.7410927372548], [-74.210105419024, 40.7411900682927], [-74.2100784733552, 40.7411840684096], [-74.2093363236972, 40.7429174184456], [-74.2095765046856, 40.7429988376899], [-74.209790441934, 40.7430712808912], [-74.2100695002954, 40.7431657797916], [-74.2104203221228, 40.7432874767544], [-74.210866329484, 40.7425370910695], [-74.211195597882, 40.7426494862122], [-74.2113784169272, 40.7426851845909], [-74.2118277973716, 40.7428181586553], [-74.2119599634382, 40.742564184674], [-74.2120326176924, 40.7424236213748], [-74.2120822963743, 40.7423227294531], [-74.2121704792401, 40.7422090973879], [-74.212276836426, 40.7420775518435], [-74.2129076285408, 40.7423743700891], [-74.2130441258006, 40.7424385975506], [-74.2132997866885, 40.7421243145931], [-74.2134287014495, 40.741966341188], [-74.2135485698454, 40.7418173466062], [-74.2137791853585, 40.7419251351533], [-74.2140705774965, 40.7415629401707], [-74.2141719401682, 40.7414369470515], [-74.2144062168148, 40.7411457421482], [-74.2148298997198, 40.7413442113194], [-74.2153689066443, 40.7415978463911], [-74.2154291261366, 40.7415233501561], [-74.2155132201277, 40.7414193192609], [-74.2156202039913, 40.7412869706279], [-74.2157285932129, 40.7411528818061], [-74.2158695956771, 40.7409784464589], [-74.2161065772313, 40.740685273334], [-74.2162628259902, 40.7407582597219], [-74.2163621993977, 40.740804679154], [-74.216624124534, 40.7409270340118], [-74.2167545172118, 40.7409879621557], [-74.2169160294831, 40.7410634290978], [-74.2172010820321, 40.7411965275963], [-74.2173797017571, 40.7409759470317], [-74.2180214482319, 40.7401834251897], [-74.2180849383846, 40.7401056006419], [-74.2182657444901, 40.7398834785818], [-74.2184520361848, 40.739925055118], [-74.218829943536, 40.7400133122096], [-74.2189866314067, 40.7400498165733], [-74.2193720531732, 40.7401394221607], [-74.2194201953128, 40.7400204664058], [-74.2194550709408, 40.7399342923881], [-74.2196507575793, 40.7394507621698], [-74.2199971908475, 40.7395277833499], [-74.2201297123052, 40.7395701777555], [-74.220510673769, 40.7396623309191], [-74.2207516165543, 40.739072504208], [-74.2209210053158, 40.7391121653378], [-74.2211316505716, 40.7391614343648], [-74.22126891319, 40.7391935388369], [-74.2216139683871, 40.7392746333281], [-74.2217895694817, 40.7388422658987], [-74.2218272604973, 40.7387495731321], [-74.2220514172981, 40.7388022565736], [-74.2221722076127, 40.7388306458858], [-74.2223313398549, 40.7389038093419], [-74.2226753305682, 40.7389840119197], [-74.2228264143709, 40.7386119687484], [-74.2228804169268, 40.7384779595617], [-74.2229201685954, 40.7383793157553], [-74.2233029311525, 40.7384701419719], [-74.223435904062, 40.7385044508475], [-74.2237814539952, 40.7385856544287], [-74.2238123470656, 40.7385107071389], [-74.2239092921675, 40.7382706085612], [-74.2239467141103, 40.738083824065], [-74.224040787267, 40.7379482170321], [-74.2241218535028, 40.7378310220825], [-74.2244419378256, 40.7379578012914], [-74.2245517201632, 40.7379465249247], [-74.2246615024643, 40.7379352484535], [-74.2249807842862, 40.7380631986263], [-74.225371587489, 40.7374989671734], [-74.2256407001076, 40.7375906364284], [-74.2261624373737, 40.7377680611692], [-74.2263135256614, 40.7378170830772], [-74.2266219356595, 40.7379596276712], [-74.2268799590078, 40.7376369939292], [-74.2274398891199, 40.7369353151447], [-74.2279027510803, 40.7366753836719], [-74.2283264500853, 40.7364906702964], [-74.2286238112729, 40.7365631101835], [-74.228711859958, 40.7365349070351], [-74.2288456648887, 40.7364920478868], [-74.2289472888855, 40.7364545057719], [-74.2292052942929, 40.7363096186557], [-74.2293169443052, 40.7362465129695], [-74.2294999532772, 40.7361430729284], [-74.2296271269593, 40.7360711919101], [-74.2298631535274, 40.7359377839283], [-74.2300130180867, 40.735853077094], [-74.2302637080169, 40.7357113801976], [-74.2304070543744, 40.735630355453], [-74.2311471841573, 40.7352120033831], [-74.2315734944347, 40.7349710303155], [-74.2316851328626, 40.734907924995], [-74.2317878890146, 40.7349368234085], [-74.2319236414208, 40.7349750006361], [-74.2320262771557, 40.7350038643349], [-74.2322596860664, 40.7350694297541], [-74.2323560637958, 40.7350965008712], [-74.2326305565735, 40.7351735983366], [-74.2328240730436, 40.7352279784881], [-74.2329273277297, 40.7352571012882], [-74.2333031758829, 40.735362609402], [-74.2334020701683, 40.7353900276852], [-74.2335045865511, 40.7354185610761], [-74.233843961768, 40.7355137920943], [-74.2341632391632, 40.7356033336087], [-74.2342932194679, 40.7356398835911], [-74.2344536280881, 40.7356849897285], [-74.2345117260814, 40.735575753463], [-74.2346628856656, 40.7352915386142], [-74.2348283618063, 40.7349804043698], [-74.2348964081554, 40.7348524574967], [-74.2350245240715, 40.7348919401149], [-74.2351970715932, 40.7349451153928], [-74.2354315449562, 40.7350173745596], [-74.2355681862168, 40.735059484234], [-74.2357682386481, 40.7351211341124], [-74.2358224222905, 40.735019363143], [-74.2358632594216, 40.7349426575551], [-74.2359036968549, 40.7348667057348], [-74.2360386673642, 40.7346131910744], [-74.2361735306815, 40.7343598768315], [-74.2362397674121, 40.7342354553425], [-74.2363178088171, 40.734088867441], [-74.2364019998134, 40.7339307307993], [-74.2364920659866, 40.7337615581152], [-74.2366342454012, 40.7338053578855], [-74.2368265403564, 40.7338645944616], [-74.2369660862346, 40.7339416944886]]]}}, {"type": "Feature", "properties": {"city": "paterson", "ward": "1", "ward_label": "Ward 1"}, "geometry": {"type": "Polygon", "coordinates": [[[-74.1727155154719, 40.9300532927846], [-74.1726457859721, 40.9299871952828], [-74.1726079914508, 40.9299535159091], [-74.1716515151582, 40.9306842929142], [-74.1713285150786, 40.9309302934752], [-74.1709425142016, 40.9312252930731], [-74.1700875141483, 40.9318742935011], [-74.1699315147991, 40.9319922935393], [-74.1697635144861, 40.9321202930605], [-74.1694311072566, 40.9323711117193], [-74.1692387373837, 40.9325166465941], [-74.1689753101383, 40.9322342893662], [-74.1687596396535, 40.9320031179932], [-74.1686630097994, 40.931899541379], [-74.1685823160516, 40.9318130464227], [-74.1684530203389, 40.9316744564356], [-74.1683845068788, 40.9316010157883], [-74.1684662152433, 40.931303889536], [-74.1681798720908, 40.931353903571], [-74.1675910911511, 40.9314567405954], [-74.1674085139393, 40.9314886289839], [-74.1670325793491, 40.9315542883606], [-74.1668175135227, 40.9313692932201], [-74.1666118490185, 40.9311261233069], [-74.1664148898622, 40.9309325514631], [-74.1660251299578, 40.9306562167984], [-74.1658562697668, 40.9304984668902], [-74.1652545123771, 40.9298442928592], [-74.1650955125313, 40.9296042932387], [-74.1648055126184, 40.928879292864], [-74.1648055120122, 40.9285802925143], [-74.1648055128201, 40.9281162928285], [-74.1648625131378, 40.9278782929394], [-74.1649655130399, 40.9274522927618], [-74.1651245128558, 40.9271332924913], [-74.1654005122707, 40.9265792927773], [-74.1655325127408, 40.9264732921918], [-74.1658690125067, 40.9261577926957], [-74.1656005124277, 40.9259942925341], [-74.1655335123684, 40.9259297926078], [-74.1655035125695, 40.9258452921984], [-74.1654987127182, 40.925741093015], [-74.1655145129478, 40.9255262923692], [-74.1655535128117, 40.9250372924366], [-74.1656125124577, 40.9243162923537], [-74.1656515130426, 40.9238482916267], [-74.1656624118826, 40.9236604233415], [-74.1654373012644, 40.9235963969032], [-74.1659214938337, 40.922686621141], [-74.1659685128487, 40.9223392919321], [-74.1662074721585, 40.920247434364], [-74.1663575130554, 40.9188012913414], [-74.1663220402217, 40.9171816540953], [-74.1662820503479, 40.9154633671471], [-74.1662821758503, 40.9150696576504], [-74.1663192423425, 40.9127421094035], [-74.1671869313028, 40.9127541411163], [-74.1673149473595, 40.9128069756206], [-74.1674255120497, 40.9128682898112], [-74.1677605122023, 40.9130422900228], [-74.1678885125006, 40.9130972897028], [-74.1688495124427, 40.9131122900945], [-74.1697465127779, 40.9131112897958], [-74.1699375130497, 40.9130872899005], [-74.1700825133523, 40.9130582896451], [-74.1708525139811, 40.9128582895671], [-74.1711545137867, 40.9127802895101], [-74.1717365140598, 40.9126302897082], [-74.1726495141709, 40.9124072896709], [-74.1729545142093, 40.9130852892233], [-74.1732415147004, 40.9137252897798], [-74.173350014189, 40.9138537899098], [-74.1734995147402, 40.9137922895057], [-74.1751135152069, 40.9132182894817], [-74.1752715146484, 40.9131582894414], [-74.1755425155404, 40.9130672891032], [-74.1760065153484, 40.9128952897127], [-74.1762265148656, 40.9128192892733], [-74.1765400155451, 40.9127077892499], [-74.1769855152436, 40.9125942896805], [-74.1775495157079, 40.9123932894305], [-74.1777225160074, 40.9122892894082], [-74.1782895163077, 40.9120872888759], [-74.1787395165347, 40.9128092893073], [-74.1791755158728, 40.9134772897794], [-74.1793175157298, 40.9136732893192], [-74.1794205163104, 40.913815289546], [-74.1795505158922, 40.9139932891524], [-74.1798025166083, 40.9143072894582], [-74.1799045169684, 40.9144212896909], [-74.1800505171768, 40.9145482899946], [-74.1801825167641, 40.9146237902895], [-74.1802955171175, 40.9146702899967], [-74.1804487668689, 40.9146977902351], [-74.1813265172248, 40.9147482894504], [-74.1814425173613, 40.914771289771], [-74.1815595174537, 40.9148122896303], [-74.1816385173206, 40.9148692892795], [-74.1818095174368, 40.9150212894091], [-74.1819375175472, 40.9151352893238], [-74.1820125169587, 40.9152022901636], [-74.1821865174781, 40.9153562900502], [-74.1822938502871, 40.9154616232035], [-74.1824855171211, 40.9155952897135], [-74.1827365169703, 40.9158302895246], [-74.1831965182182, 40.9162602896973], [-74.183317517676, 40.9163682899776], [-74.1832325177736, 40.9164222903512], [-74.1830755176792, 40.9165132897478], [-74.1828925176145, 40.9166502903378], [-74.1826975179587, 40.9168212899638], [-74.1824810169412, 40.9170007908248], [-74.1822685179479, 40.9172112898331], [-74.1821085178475, 40.9173952899616], [-74.1819825176733, 40.9175942897746], [-74.1819415176944, 40.9176732904132], [-74.181899016685, 40.9178382908242], [-74.1819205169302, 40.9179462900103], [-74.1820195173149, 40.9180782904269], [-74.1826095176161, 40.9185882907934], [-74.1829665176653, 40.9188972901897], [-74.1832485181125, 40.9191412904757], [-74.1828245176312, 40.9194152907627], [-74.1830455184033, 40.9196092910027], [-74.1834315178083, 40.9199472902375], [-74.1839435177062, 40.9203952907781], [-74.1850285188361, 40.9213672907954], [-74.1870545188188, 40.9231582910597], [-74.1888530196719, 40.9247507914213], [-74.1889365204642, 40.9248192911272], [-74.189249520236, 40.9250942918055], [-74.1889885201403, 40.9253122918573], [-74.1887705197859, 40.9254172911798], [-74.1885495194376, 40.9254992914976], [-74.1888585198483, 40.9257612917754], [-74.1889235195525, 40.9256737918716], [-74.1896055202642, 40.924988291543], [-74.1900755202256, 40.9245212913557], [-74.1902905206852, 40.9242932914934], [-74.190422520123, 40.9241792914393], [-74.1905615207257, 40.9240792912718], [-74.1908515202788, 40.9238992907963], [-74.1917085213547, 40.923334291075], [-74.1919805213904, 40.9231582912473], [-74.1926535212754, 40.9227222912037], [-74.1928395209527, 40.922607290339], [-74.1934325213345, 40.9222382906924], [-74.1954515219665, 40.9240692908271], [-74.1958555223226, 40.9244282906767], [-74.1972305230063, 40.925651291221], [-74.1973725225004, 40.9254862907513], [-74.198017023387, 40.9248177906911], [-74.1981375226929, 40.9248622914441], [-74.1982765234404, 40.9248902908201], [-74.1984652367744, 40.9248947820311], [-74.1986182239278, 40.9248813565101], [-74.1964889628347, 40.9271241046778], [-74.1954840615983, 40.92818250091], [-74.1951714649518, 40.9285117296199], [-74.1941445701073, 40.9295932290328], [-74.193279808868, 40.9305039408337], [-74.1931455434818, 40.9306453385216], [-74.1930363573486, 40.9307603235642], [-74.1929343912457, 40.9308677035626], [-74.1928309916926, 40.9309765952973], [-74.1927086164918, 40.9311054675888], [-74.1926146609368, 40.9312044114589], [-74.1925116123577, 40.9313129301019], [-74.1924272358509, 40.9314017842376], [-74.1923404999883, 40.9314931256732], [-74.1921875664116, 40.9316541758193], [-74.1915259943524, 40.9313010209971], [-74.1914515550475, 40.9312309489813], [-74.1910035215429, 40.9308662920746], [-74.190469520726, 40.9304002928923], [-74.1892535203205, 40.929351292399], [-74.1888985202745, 40.9290452920036], [-74.1886025205748, 40.9287792925538], [-74.1885161269968, 40.9287030417937], [-74.1882385198735, 40.9284672923607], [-74.187490519621, 40.9278312919216], [-74.187326519429, 40.9276752921733], [-74.187124519754, 40.9275032923514], [-74.1869835199511, 40.9273992917951], [-74.1868575193715, 40.9273312921889], [-74.1867015197958, 40.9272552922917], [-74.1865045194608, 40.9271832917974], [-74.1855485189341, 40.9268682915598], [-74.1850735189883, 40.926711291519], [-74.1844485188032, 40.9264702915648], [-74.1833125184697, 40.9276102920893], [-74.1828835181088, 40.9280472920423], [-74.1822735179402, 40.9286692924672], [-74.1817595180832, 40.9291672921937], [-74.1813355183495, 40.9296152923213], [-74.1810545175512, 40.9299112923229], [-74.180284517483, 40.9307062931136], [-74.1800885173217, 40.9309082932647], [-74.179522517809, 40.9314862930899], [-74.1793815172367, 40.9316302928268], [-74.1789765174871, 40.9320602932169], [-74.1788125176609, 40.9322342934867], [-74.1787185175547, 40.9323142933471], [-74.1783315176852, 40.9325512934185], [-74.1778405169273, 40.9328462932647], [-74.1776205166392, 40.9329772937947], [-74.176795074206, 40.9334703473009], [-74.1766266870297, 40.9333311246922], [-74.1764975161403, 40.9332222932656], [-74.1762945163085, 40.9330482933064], [-74.1758895162129, 40.9326822937729], [-74.1753357159471, 40.932188157092], [-74.1751961402293, 40.9320814823608], [-74.1750856793532, 40.9319965705386], [-74.1749335679781, 40.9318744848626], [-74.1748250366181, 40.9317853726011], [-74.1747169106221, 40.9316957453576], [-74.1746195163539, 40.9316132933564], [-74.1741895157478, 40.9312482934031], [-74.1739535159827, 40.9310592935218], [-74.1737245161656, 40.930871292771], [-74.1733125153812, 40.9305372927745], [-74.1727155154719, 40.9300532927846]]]}}, {"type": "Feature", "properties": {"city": "paterson", "ward": "2", "ward_label": "Ward 2"}, "geometry": {"type": "Polygon", "coordinates": [[[-74.1870545188188, 40.9231582910597], [-74.1850285188361, 40.9213672907954], [-74.1839435177062, 40.9203952907781], [-74.1834315178083, 40.9199472902375], [-74.1830455184033, 40.9196092910027], [-74.1828245176312, 40.9194152907627], [-74.1832485181125, 40.9191412904757], [-74.1829665176653, 40.9188972901897], [-74.1826095176161, 40.9185882907934], [-74.1820195173149, 40.9180782904269], [-74.1819205169302, 40.9179462900103], [-74.181899016685, 40.9178382908242], [-74.1819415176944, 40.9176732904132], [-74.1819825176733, 40.9175942897746], [-74.1821085178475, 40.9173952899616], [-74.1822685179479, 40.9172112898331], [-74.1824810169412, 40.9170007908248], [-74.1826975179587, 40.9168212899638], [-74.1828925176145, 40.9166502903378], [-74.1830755176792, 40.9165132897478], [-74.1832325177736, 40.9164222903512], [-74.183317517676, 40.9163682899776], [-74.1831965182182, 40.9162602896973], [-74.1827365169703, 40.9158302895246], [-74.1824855171211, 40.9155952897135], [-74.1822938502871, 40.9154616232035], [-74.1821865174781, 40.9153562900502], [-74.1820125169587, 40.9152022901636], [-74.1819375175472, 40.9151352893238], [-74.1818095174368, 40.9150212894091], [-74.1816385173206, 40.9148692892795], [-74.1815595174537, 40.9148122896303], [-74.1814425173613, 40.914771289771], [-74.1813265172248, 40.9147482894504], [-74.1804487668689, 40.9146977902351], [-74.1802955171175, 40.9146702899967], [-74.1801825167641, 40.9146237902895], [-74.1800505171768, 40.9145482899946], [-74.1799045169684, 40.9144212896909], [-74.1798025166083, 40.9143072894582], [-74.1795505158922, 40.9139932891524], [-74.1794205163104, 40.913815289546], [-74.1793175157298, 40.9136732893192], [-74.1791755158728, 40.9134772897794], [-74.1787395165347, 40.9128092893073], [-74.1782895163077, 40.9120872888759], [-74.1779070016352, 40.9114794470948], [-74.1780109815084, 40.9114437166322], [-74.1788340882864, 40.9111572841736], [-74.1810543798712, 40.9103775682302], [-74.1810232828992, 40.9102551331476], [-74.1809504317125, 40.9099683004164], [-74.1824098812217, 40.9098071838955], [-74.1824305169444, 40.909667288268], [-74.1824735175663, 40.909585288561], [-74.1825345175447, 40.9095002881693], [-74.1826460165888, 40.9093947893478], [-74.1827615171282, 40.9093182888433], [-74.1828755175781, 40.9092612885562], [-74.1833545174266, 40.9090447884111], [-74.1834795176304, 40.9089702882053], [-74.1836215173037, 40.9088272888102], [-74.1836645169705, 40.9087522887433], [-74.1837335173706, 40.9084702882853], [-74.1837693326236, 40.9082450612339], [-74.183403516765, 40.9083652881869], [-74.1832195174692, 40.9084222885741], [-74.1830435175334, 40.9084712884087], [-74.182844517246, 40.9085202886638], [-74.1826995169286, 40.9085512880498], [-74.1822755173932, 40.9086252882604], [-74.1818505174022, 40.9086732884087], [-74.1812625171871, 40.908712288432], [-74.1809495167245, 40.9087262885824], [-74.1804405160372, 40.9087422881466], [-74.1793175156422, 40.9087532882034], [-74.1786305163405, 40.9087512884891], [-74.1776605149675, 40.9087282889298], [-74.1773165157867, 40.9087162886903], [-74.1771955155371, 40.9087072884222], [-74.1766365148813, 40.9086732885033], [-74.1762625155837, 40.9086372882682], [-74.1758045149208, 40.9085982886767], [-74.1752815141371, 40.9085392891118], [-74.174884514504, 40.9084832883169], [-74.1741755142821, 40.908361288769], [-74.1738255139227, 40.908297288594], [-74.1734635136599, 40.9082312883455], [-74.1731235138933, 40.9081692883961], [-74.1729955143894, 40.9081452883697], [-74.1710145134261, 40.9077872888818], [-74.1708105129719, 40.9077497889524], [-74.1701105125013, 40.9076232890712], [-74.1694765123932, 40.907515288929], [-74.1691535129624, 40.9074602882728], [-74.1689936403789, 40.9075014410819], [-74.1684587962429, 40.9074072184827], [-74.1672631318029, 40.9071965700235], [-74.1663574053639, 40.9070716041761], [-74.1663588480314, 40.9068929702399], [-74.1663681998251, 40.9053605188975], [-74.1658545108844, 40.9047922881067], [-74.1638515106206, 40.9026312879182], [-74.1638878523417, 40.9024530698942], [-74.1641535103, 40.9011502875395], [-74.1643045102857, 40.9005562871218], [-74.1644175109274, 40.9002552871003], [-74.1644620002771, 40.9001599528169], [-74.1645085112902, 40.9000602872637], [-74.1645596211952, 40.8999510197093], [-74.1650305113954, 40.8989442869458], [-74.1652701336663, 40.8983953483202], [-74.1655805103337, 40.897685286641], [-74.165626510404, 40.8975812864784], [-74.1658535113198, 40.8969962871991], [-74.1659585106755, 40.8967272864776], [-74.1660395108778, 40.8964902862778], [-74.1660755109661, 40.8963462870539], [-74.1660945111232, 40.8962352867379], [-74.1662305114014, 40.8954342866155], [-74.1663575105658, 40.8946872861613], [-74.1665845106447, 40.8948222866608], [-74.1673462878759, 40.8952590212466], [-74.1675295087132, 40.8953614614407], [-74.1676707173759, 40.895444412678], [-74.1677638041807, 40.8955227637149], [-74.1679043394983, 40.8956047401113], [-74.1681056076053, 40.8957221411538], [-74.1682736013788, 40.8958201325628], [-74.1691118961034, 40.896309105801], [-74.1692254512111, 40.8963753413946], [-74.1695207798169, 40.8965476012068], [-74.1697388554901, 40.8966747997945], [-74.1707666897754, 40.8972743007033], [-74.1709018455918, 40.8973531313014], [-74.1710614287588, 40.8974462081494], [-74.1711889261493, 40.8975205704637], [-74.1713323740709, 40.8976042359286], [-74.1714759667333, 40.8976879853792], [-74.1718326671214, 40.8978960269938], [-74.1719502987006, 40.8979646345802], [-74.1725479420999, 40.8983131965018], [-74.1729979368056, 40.8985756414652], [-74.1733667725868, 40.898790749754], [-74.1735643356327, 40.8989059702691], [-74.1745611829657, 40.8994873255272], [-74.1747080585262, 40.899572980395], [-74.1745105999392, 40.9001680585736], [-74.1745209285477, 40.9008239186587], [-74.1744074205726, 40.9009540850569], [-74.1741650484772, 40.9012320243407], [-74.1741232071467, 40.9013544679107], [-74.1792233304422, 40.9028437914234], [-74.1811220353939, 40.9033981712607], [-74.1833076012913, 40.9040362591051], [-74.1858116304045, 40.9047672564801], [-74.1864754629135, 40.9049610359651], [-74.1885140854191, 40.9055561007352], [-74.1887800873087, 40.9056337407698], [-74.1896216094853, 40.9058793570296], [-74.191816819228, 40.9065200561691], [-74.1919856592099, 40.9065693314449], [-74.1945703080734, 40.907323612717], [-74.1953263370019, 40.9075442313098], [-74.1957682858898, 40.9076731947012], [-74.1959135503789, 40.9078014807661], [-74.1973845894569, 40.9091005500575], [-74.2002824429405, 40.9116594321346], [-74.2005915283363, 40.9119323454829], [-74.205441864208, 40.9162146668618], [-74.2057448793802, 40.9164821716381], [-74.2059974559732, 40.9167051464661], [-74.2062051451317, 40.9168884922905], [-74.2061366976542, 40.9169606134598], [-74.2058582210716, 40.9172540325705], [-74.2044553413217, 40.9187321372082], [-74.2042484160646, 40.9189501512767], [-74.2041606046762, 40.9190426671032], [-74.2040686741759, 40.9191395238198], [-74.2039160135389, 40.9193003627735], [-74.2038125868822, 40.9194093293765], [-74.2036880249781, 40.9195405629762], [-74.2034472974125, 40.9197941834936], [-74.2033500375084, 40.9198966508445], [-74.2031157035333, 40.9201435319635], [-74.2029317956059, 40.9203372840179], [-74.2028355599857, 40.9204386701833], [-74.2027259260162, 40.9205551332012], [-74.2010545853573, 40.9223149020725], [-74.200833748107, 40.9225475421827], [-74.2001354781026, 40.9232831158777], [-74.1993537866831, 40.9241065438309], [-74.1992615570014, 40.9242036957258], [-74.1991529408934, 40.9243181091314], [-74.1990084512967, 40.924470308321], [-74.1989395383757, 40.9245428993928], [-74.1988133656567, 40.92467580384], [-74.1987445918989, 40.9247482465627], [-74.1986182239278, 40.9248813565101], [-74.1984652367744, 40.9248947820311], [-74.1982765234404, 40.9248902908201], [-74.1981375226929, 40.9248622914441], [-74.198017023387, 40.9248177906911], [-74.1973725225004, 40.9254862907513], [-74.1972305230063, 40.925651291221], [-74.1958555223226, 40.9244282906767], [-74.1954515219665, 40.9240692908271], [-74.1934325213345, 40.9222382906924], [-74.1928395209527, 40.922607290339], [-74.1926535212754, 40.9227222912037], [-74.1919805213904, 40.9231582912473], [-74.1917085213547, 40.923334291075], [-74.1908515202788, 40.9238992907963], [-74.1905615207257, 40.9240792912718], [-74.190422520123, 40.9241792914393], [-74.1902905206852, 40.9242932914934], [-74.1900755202256, 40.9245212913557], [-74.1896055202642, 40.924988291543], [-74.1889235195525, 40.9256737918716], [-74.1888585198483, 40.9257612917754], [-74.1885495194376, 40.9254992914976], [-74.1887705197859, 40.9254172911798], [-74.1889885201403, 40.9253122918573], [-74.189249520236, 40.9250942918055], [-74.1889365204642, 40.9248192911272], [-74.1888530196719, 40.9247507914213], [-74.1870545188188, 40.9231582910597]]]}}, {"type": "Feature", "properties": {"city": "paterson", "ward": "3", "ward_label": "Ward 3"}, "geometry": {"type": "Polygon", "coordinates": [[[-74.1330388037914, 40.9226973735758], [-74.1323380952436, 40.9224384090863], [-74.1322266187985, 40.9223972094694], [-74.1315180761858, 40.9220922097273], [-74.1309834340681, 40.9217853748399], [-74.1304070481678, 40.92141131711], [-74.1303181707855, 40.9213349526261], [-74.1299596277819, 40.9210268834363], [-74.1296458170437, 40.9206943164696], [-74.1295135202983, 40.920466721656], [-74.1294478378214, 40.9203245160572], [-74.129409660511, 40.9202207997447], [-74.129378439123, 40.9200119208423], [-74.1293975754362, 40.9198594610819], [-74.1294123354307, 40.919741874187], [-74.1295109678484, 40.9194720355061], [-74.1295738621566, 40.9193524238501], [-74.1297236889456, 40.9190674857458], [-74.1300588384799, 40.9184791441487], [-74.1301341692507, 40.9183478269049], [-74.1302457687651, 40.9181532865407], [-74.1303734118175, 40.9179307782385], [-74.1305369784438, 40.9176456434884], [-74.130626483498, 40.917476819593], [-74.1310114327673, 40.9167507248525], [-74.1311022504196, 40.9165697948721], [-74.1312366196632, 40.9163526897355], [-74.1315596610426, 40.9159204815165], [-74.1315665108569, 40.9159113167442], [-74.1320191572858, 40.915422663161], [-74.1324013822393, 40.9149622879661], [-74.1327197009472, 40.9144843954969], [-74.1327809532821, 40.9143716966859], [-74.1330794868773, 40.9138224208487], [-74.1332924392373, 40.9133687579082], [-74.1333712891462, 40.9132170770348], [-74.1334431958605, 40.9129599620251], [-74.1334548593442, 40.912918255217], [-74.133471331025, 40.9127202067243], [-74.1334853787871, 40.9125124370262], [-74.1334939415602, 40.9123857943863], [-74.133502504971, 40.9121726101586], [-74.1334675286186, 40.9120132385932], [-74.1334341608851, 40.9118833251034], [-74.1329956189182, 40.9108799292479], [-74.1329686900094, 40.9108183133359], [-74.1327599621343, 40.9103407266522], [-74.132603148069, 40.9099945028999], [-74.1324515590014, 40.9096327878334], [-74.1323605470973, 40.9094266276046], [-74.1322846593953, 40.9092593569058], [-74.1322189909722, 40.9090960163901], [-74.1321516531814, 40.9089075267218], [-74.1320366338386, 40.9084896288357], [-74.1320025482231, 40.9083161594182], [-74.1319443300631, 40.9080198694902], [-74.1319414982078, 40.9080054541054], [-74.131839863288, 40.9074881996462], [-74.1318121873066, 40.9073177413835], [-74.1317381267403, 40.9068615917352], [-74.1317046169104, 40.9066432488296], [-74.1316558483519, 40.9063143145214], [-74.1316541334843, 40.9062286832466], [-74.131643442484, 40.905694693694], [-74.1316547716048, 40.905620157618], [-74.1317022080021, 40.9053080657937], [-74.1318501814805, 40.9048971831182], [-74.1320795904566, 40.9043882911739], [-74.1322305207134, 40.9041677232138], [-74.1322973479472, 40.9040721214639], [-74.1323241924455, 40.9040337186526], [-74.1324018088615, 40.9039226804093], [-74.1326547950335, 40.9035381738398], [-74.1327364146587, 40.903414122321], [-74.1328190059205, 40.9032916029964], [-74.1330709485274, 40.9029178611169], [-74.1331797531291, 40.9027618482023], [-74.1332504013135, 40.9026605457341], [-74.1334156952701, 40.9023702918655], [-74.1334758114019, 40.9021455169283], [-74.1334868630929, 40.9020637716078], [-74.1335264278974, 40.9017711312662], [-74.1335277582044, 40.9017589157059], [-74.1335414576373, 40.9016331113645], [-74.1335914837324, 40.9011737210805], [-74.1336716553586, 40.9000773106335], [-74.1336710509756, 40.8997830629103], [-74.1336706734321, 40.8995995793164], [-74.1336253679622, 40.8992282928652], [-74.1335996856826, 40.8990357033825], [-74.1335686401036, 40.8988028946359], [-74.1334808140098, 40.89848022337], [-74.133365029995, 40.898130260616], [-74.1332460464624, 40.8978907132947], [-74.1332254792235, 40.897840706938], [-74.1331525830111, 40.8976634677155], [-74.1330150976367, 40.8973922423712], [-74.1328246118948, 40.8970825569103], [-74.132819689237, 40.8970745550077], [-74.1323479241304, 40.8969672876728], [-74.1320618105544, 40.8968660178375], [-74.1317968482269, 40.8967499977859], [-74.1315689885152, 40.8966275062042], [-74.1314271622035, 40.8965512640063], [-74.1308566698412, 40.8962696025545], [-74.1306709587876, 40.8961690576319], [-74.1302156907386, 40.8959187963756], [-74.130038297268, 40.8958021254214], [-74.1297126163499, 40.8955879267446], [-74.1292883749808, 40.8952692768653], [-74.1287742847839, 40.8947946713464], [-74.1285625684037, 40.8945605328613], [-74.1284844123615, 40.8944285794209], [-74.128460014552, 40.8942976636612], [-74.1287354123841, 40.8942476261109], [-74.1288758209515, 40.8942221146422], [-74.1294573541047, 40.8941164521691], [-74.1297480089201, 40.8940636397355], [-74.1298623321621, 40.8940428676614], [-74.1300403917881, 40.8940105133105], [-74.1327251880562, 40.8935225075808], [-74.1396555028667, 40.8922832869522], [-74.139615502697, 40.8923962868337], [-74.1396195022723, 40.8925182866816], [-74.1396655022582, 40.8928572871462], [-74.1397475025087, 40.8933322867269], [-74.139929502585, 40.8943512874652], [-74.1401115028338, 40.8953622870999], [-74.140292502388, 40.8963692873372], [-74.1403050677909, 40.8964410603284], [-74.1404695026281, 40.8973802875814], [-74.1406555025824, 40.8983852879275], [-74.1407987878007, 40.8992081564827], [-74.1408305033437, 40.8993902877724], [-74.1409425034059, 40.9000332883102], [-74.1410195035704, 40.9004192885386], [-74.1410805028232, 40.9007132883223], [-74.1411285027456, 40.9009652884029], [-74.1412730634695, 40.9009401476354], [-74.1420725039396, 40.9008022880459], [-74.1427295037591, 40.9006972883063], [-74.1431505037668, 40.9006202883275], [-74.14371250464, 40.9005322879897], [-74.1439835041788, 40.9004952884479], [-74.1443805048671, 40.9004552880274], [-74.1447300039105, 40.900431788703], [-74.1449765039301, 40.900422288514], [-74.1455535044668, 40.9004162877679], [-74.1458395051814, 40.9004252876966], [-74.1465005044111, 40.9004792882414], [-74.147069505314, 40.9005532878736], [-74.1476695050116, 40.9006412877591], [-74.1477325049485, 40.9008402884547], [-74.147915857468, 40.9014247236578], [-74.1479565059044, 40.9015542880104], [-74.1472474190865, 40.901470303052], [-74.1467226520444, 40.9014164242839], [-74.1464304917884, 40.9013864397626], [-74.1463042662498, 40.9013734844105], [-74.1461884465052, 40.9019656714498], [-74.1460486418046, 40.9026804733906], [-74.1460227886371, 40.9028025703073], [-74.1459425052955, 40.9031802889382], [-74.1459004556747, 40.903388987698], [-74.1456715048805, 40.9045252891858], [-74.1464935048077, 40.9051512890566], [-74.1464455051143, 40.9053762888653], [-74.1461510096511, 40.9068988300144], [-74.1460925048993, 40.907201289266], [-74.1459065056889, 40.9079662893298], [-74.1456795056852, 40.9090162902031], [-74.1455770941368, 40.9094878403407], [-74.1455455049879, 40.9096332899494], [-74.1453691082347, 40.9105241732327], [-74.1453075054772, 40.9108352903034], [-74.1450295053183, 40.9122502900216], [-74.1447365057688, 40.9136452904899], [-74.1456555058598, 40.9137552905215], [-74.1465825061585, 40.9138662911648], [-74.1475065061202, 40.9139772904963], [-74.1474559311926, 40.9142209746299], [-74.1472425065085, 40.9152492910215], [-74.1469845061681, 40.9165232911585], [-74.1469448943174, 40.9167185977758], [-74.1469023281835, 40.9169284664586], [-74.1466255062379, 40.9182932918114], [-74.1465816884355, 40.918497265891], [-74.1464826107181, 40.9189584724817], [-74.1463125060308, 40.9197502923007], [-74.1463083179895, 40.9197704583915], [-74.1461005167576, 40.9207711667996], [-74.1459874409105, 40.9213156922945], [-74.1459545062914, 40.921474292115], [-74.145966506083, 40.9215692924907], [-74.1459785065412, 40.9216692918943], [-74.1458221008054, 40.9221701751847], [-74.1455732464648, 40.9229671027107], [-74.1453905065611, 40.9235522925423], [-74.1453504017145, 40.9236817692747], [-74.1450397254931, 40.9246847477521], [-74.144858210162, 40.9252707364233], [-74.1446065058256, 40.9260832936102], [-74.1451426297732, 40.9261457938872], [-74.1455415058951, 40.9261922928436], [-74.1464743172655, 40.9263003862294], [-74.1469000415551, 40.9263493159638], [-74.1474045068048, 40.926407293322], [-74.147803968803, 40.9264531756631], [-74.1483535067554, 40.9265162927512], [-74.1492645075015, 40.9266222933047], [-74.1494235307013, 40.9266405647868], [-74.1502045079655, 40.9267302928316], [-74.1501235075489, 40.9269872928802], [-74.1501085515373, 40.927035222285], [-74.1497492276779, 40.9281866869645], [-74.1496464615148, 40.9285159933102], [-74.1495905081398, 40.9286952937121], [-74.1493931035205, 40.9293293209897], [-74.1493875072393, 40.9293472936102], [-74.1491255072796, 40.9302282940748], [-74.1494532800469, 40.9302862803368], [-74.1500695078028, 40.9303952936894], [-74.1510175077774, 40.9305642942264], [-74.1519315084618, 40.9307322936928], [-74.1522762968628, 40.9307942371336], [-74.1528252818845, 40.9308928638215], [-74.1528555094322, 40.9308982942576], [-74.1533434937917, 40.9309864585066], [-74.1537735512359, 40.9310641560551], [-74.1546965404148, 40.9312267049852], [-74.1543851995664, 40.9322128757434], [-74.154212422659, 40.9327601300312], [-74.1541394439487, 40.9329912826493], [-74.1550725099378, 40.9331632939544], [-74.1553415099917, 40.9332162939586], [-74.1554675099708, 40.9332832940663], [-74.1555545100971, 40.9333412944041], [-74.1557118920018, 40.9334456172094], [-74.1562545101293, 40.9338052940402], [-74.1556855103943, 40.9342912947912], [-74.1556647182906, 40.9343539901534], [-74.1555943372867, 40.9345662143766], [-74.1554245102011, 40.9350782941279], [-74.1552283391039, 40.9357177711069], [-74.1550120795663, 40.9364227196331], [-74.1550115685637, 40.9364243868446], [-74.1549797116758, 40.9365282316281], [-74.1549407864919, 40.9366551150248], [-74.1548855103524, 40.9368352951229], [-74.1553601337608, 40.9369181812442], [-74.1553665098575, 40.936919294483], [-74.1556025100798, 40.9369272950375], [-74.1557785102655, 40.9368607944841], [-74.1558400430983, 40.9367870988003], [-74.1558645101669, 40.9367577955108], [-74.1559012647256, 40.9367639668754], [-74.1562041884448, 40.9368148263804], [-74.1568145104576, 40.9369172947806], [-74.1570185108329, 40.9368782950568], [-74.1574725107806, 40.9368652950104], [-74.1574540880865, 40.9368966140424], [-74.157392510858, 40.9370012951708], [-74.1573352619001, 40.9370028217165], [-74.157242511007, 40.9370052945658], [-74.1571021904462, 40.9372626819781], [-74.1571007682021, 40.9372628254408], [-74.1569035087531, 40.9372884522157], [-74.1562561976648, 40.9373940702978], [-74.1556027731, 40.9375125400063], [-74.1555872679297, 40.9375171910232], [-74.1555036570016, 40.9375422731471], [-74.1550602779967, 40.9377096624109], [-74.154987525168, 40.9377371289059], [-74.1543652292213, 40.9379658936013], [-74.1540174966136, 40.9381158901802], [-74.1536697636298, 40.9382658848033], [-74.1533138987017, 40.9384406823927], [-74.1530002121901, 40.9386552142888], [-74.1527548988701, 40.9388354759664], [-74.1524724606827, 40.939054409691], [-74.1522385332892, 40.9392303953858], [-74.1519703701416, 40.9394321332771], [-74.1515028451703, 40.9397957950982], [-74.1514910745084, 40.9397969941919], [-74.1512286132391, 40.9399944383835], [-74.1508806557728, 40.9402390277623], [-74.1505927259849, 40.9404191557401], [-74.1503874760101, 40.940543481906], [-74.1500283507829, 40.9407492494745], [-74.1497091637786, 40.9409249702684], [-74.1491435339359, 40.941230846052], [-74.1488914199185, 40.9413448154682], [-74.1487231430224, 40.9414234270981], [-74.1486806180441, 40.9414432926866], [-74.1484755680031, 40.9415288577045], [-74.1484212999348, 40.9415477625207], [-74.14831614282, 40.9415843954434], [-74.148139689683, 40.9416355709188], [-74.1480729143972, 40.9416518050655], [-74.1480544359283, 40.9416562973974], [-74.147912102047, 40.9416909000791], [-74.1477016182117, 40.9417290434193], [-74.1475076046805, 40.9417537031022], [-74.1473619435341, 40.9417597633746], [-74.1469668413195, 40.9417439238691], [-74.1467548941569, 40.9417237857303], [-74.1464295685926, 40.941683811472], [-74.1454324909778, 40.9414890997024], [-74.1448464769615, 40.9413313848891], [-74.144710758946, 40.941279005347], [-74.1445996282214, 40.9412315599546], [-74.1444159204222, 40.9411367886465], [-74.1442942530572, 40.9410633157851], [-74.1440931310668, 40.940928689064], [-74.1440030393683, 40.9408464203144], [-74.1439706625104, 40.9408088246094], [-74.1439413069219, 40.9407747792289], [-74.1438540758462, 40.940665674383], [-74.1437787677097, 40.9405627202097], [-74.1436171596445, 40.9403417834038], [-74.1435327188939, 40.9402150926776], [-74.1432084493758, 40.9397285686597], [-74.1431616987984, 40.9396580992025], [-74.1430308544743, 40.9394608289223], [-74.1428730777483, 40.9392103879169], [-74.1427265743175, 40.938977220152], [-74.1425182116355, 40.9386231942755], [-74.1423830534285, 40.9383943983267], [-74.14226463284, 40.9382302693899], [-74.1420472664858, 40.9379624046822], [-74.1418438934912, 40.9377376784676], [-74.1416460656972, 40.93753882603], [-74.1416176175234, 40.9375116172194], [-74.1414265778778, 40.9373151944972], [-74.1412052401134, 40.9370876177289], [-74.1409237238432, 40.9367429134764], [-74.1406747710889, 40.9363676215715], [-74.1404742300465, 40.9360231414713], [-74.140383515991, 40.935840455308], [-74.1399856759782, 40.935039238904], [-74.1398599288577, 40.9347134364558], [-74.139734182967, 40.9343876329567], [-74.1397224584171, 40.9343466009625], [-74.1396183528556, 40.9339822587533], [-74.1396111512764, 40.9339238069083], [-74.1395918336975, 40.9337670289972], [-74.1395984931283, 40.933517050293], [-74.139601973543, 40.933386395974], [-74.139633347792, 40.9331493320003], [-74.1396442090881, 40.9330672662319], [-74.1397001829187, 40.93287760272], [-74.13979209333, 40.9326686173136], [-74.1399965547416, 40.9322885910322], [-74.1404167977648, 40.93168204007], [-74.1407100529502, 40.931345274032], [-74.1411165652125, 40.9310334000829], [-74.1412711361655, 40.9309340897578], [-74.1413824952657, 40.9308625424582], [-74.1415064907879, 40.9307828761433], [-74.1417393917598, 40.9306491262265], [-74.1419657510234, 40.9304465958004], [-74.1420208830539, 40.9303740717841], [-74.1420808297334, 40.930295213721], [-74.1422038939532, 40.9300856088347], [-74.1423333715993, 40.9298276040693], [-74.1423756302609, 40.9297171325757], [-74.1424119824553, 40.9296221000003], [-74.1424319018753, 40.9295700246132], [-74.1424634495129, 40.9293624473515], [-74.142490662349, 40.929183392755], [-74.1425165044433, 40.9289616562436], [-74.1424930449779, 40.9287413311565], [-74.1424535611569, 40.9283334313396], [-74.1424163543136, 40.9279490459269], [-74.1422196968853, 40.927155867864], [-74.1420944638504, 40.9268428606], [-74.1418625794134, 40.9263079790488], [-74.1418269112292, 40.9262435383629], [-74.1416140594199, 40.9258589887057], [-74.1413452124238, 40.9254283528903], [-74.1408228380626, 40.9247206234847], [-74.1404046825122, 40.924209725857], [-74.1402196431159, 40.9240098945949], [-74.1400019440436, 40.9238400732089], [-74.1397502557235, 40.9236584514176], [-74.1395586218755, 40.9235523885372], [-74.1395098490751, 40.9235253947929], [-74.1388761518818, 40.9232041227694], [-74.1384318293523, 40.9230369647053], [-74.1380113914817, 40.9229496752171], [-74.1373720427304, 40.9229231261401], [-74.1365866977929, 40.9229513423612], [-74.1358699780628, 40.9230104854577], [-74.1350359626407, 40.9230508346126], [-74.1344856405985, 40.9230306732848], [-74.1342812618692, 40.9230012856225], [-74.1340974246774, 40.9229680381236], [-74.1332647353162, 40.9227750598494], [-74.1330388037914, 40.9226973735758]]]}}, {"type": "Feature", "properties": {"city": "paterson", "ward": "4", "ward_label": "Ward 4"}, "geometry": {"type": "Polygon", "coordinates": [[[-74.1585492528664, 40.9372725163003], [-74.1575747754121, 40.9372327495088], [-74.1572772478102, 40.9372449867614], [-74.1571021904462, 40.9372626819781], [-74.157242511007, 40.9370052945658], [-74.157392510858, 40.9370012951708], [-74.1574725107806, 40.9368652950104], [-74.1570185108329, 40.9368782950568], [-74.1568145104576, 40.9369172947806], [-74.1558645101669, 40.9367577955108], [-74.1557785102655, 40.9368607944841], [-74.1556025100798, 40.9369272950375], [-74.1553665098575, 40.936919294483], [-74.1548855103524, 40.9368352951229], [-74.1554245102011, 40.9350782941279], [-74.1556855103943, 40.9342912947912], [-74.1562545101293, 40.9338052940402], [-74.1555545100971, 40.9333412944041], [-74.1554675099708, 40.9332832940663], [-74.1553415099917, 40.9332162939586], [-74.1550725099378, 40.9331632939544], [-74.1541394439487, 40.9329912826493], [-74.1546965404148, 40.9312267049852], [-74.1537735512359, 40.9310641560551], [-74.1528555094322, 40.9308982942576], [-74.1519315084618, 40.9307322936928], [-74.1510175077774, 40.9305642942264], [-74.1500695078028, 40.9303952936894], [-74.1491255072796, 40.9302282940748], [-74.1493875072393, 40.9293472936102], [-74.1495905081398, 40.9286952937121], [-74.1501235075489, 40.9269872928802], [-74.1502045079655, 40.9267302928316], [-74.1492645075015, 40.9266222933047], [-74.1483535067554, 40.9265162927512], [-74.1474045068048, 40.926407293322], [-74.1464743172655, 40.9263003862294], [-74.1455415058951, 40.9261922928436], [-74.1446065058256, 40.9260832936102], [-74.1453905065611, 40.9235522925423], [-74.1459785065412, 40.9216692918943], [-74.145966506083, 40.9215692924907], [-74.1459545062914, 40.921474292115], [-74.1463125060308, 40.9197502923007], [-74.1466255062379, 40.9182932918114], [-74.1469845061681, 40.9165232911585], [-74.1479085063363, 40.9166332912329], [-74.1488435065903, 40.916745291438], [-74.1497755074866, 40.9168552910107], [-74.1507052988887, 40.9169683860086], [-74.151635507428, 40.9170792909021], [-74.1525625084146, 40.9171902911999], [-74.1527015081525, 40.9165132908965], [-74.1536355083694, 40.9166222908903], [-74.1540995086595, 40.916676290947], [-74.1543195080408, 40.9167182910286], [-74.1545855087337, 40.9167682913134], [-74.1560645471358, 40.9170332677271], [-74.1619405104336, 40.9172413011214], [-74.1659720641931, 40.917378686776], [-74.1663220402217, 40.9171816540953], [-74.1663575130554, 40.9188012913414], [-74.1662074721585, 40.920247434364], [-74.1659685128487, 40.9223392919321], [-74.1659214938337, 40.922686621141], [-74.1654373012644, 40.9235963969032], [-74.1656624118826, 40.9236604233415], [-74.1656515130426, 40.9238482916267], [-74.1656125124577, 40.9243162923537], [-74.1655535128117, 40.9250372924366], [-74.1655145129478, 40.9255262923692], [-74.1654987127182, 40.925741093015], [-74.1655035125695, 40.9258452921984], [-74.1655335123684, 40.9259297926078], [-74.1656005124277, 40.9259942925341], [-74.1658690125067, 40.9261577926957], [-74.1655325127408, 40.9264732921918], [-74.1654005122707, 40.9265792927773], [-74.1651245128558, 40.9271332924913], [-74.1649655130399, 40.9274522927618], [-74.1648625131378, 40.9278782929394], [-74.1648055128201, 40.9281162928285], [-74.1648055120122, 40.9285802925143], [-74.1648055126184, 40.928879292864], [-74.1650955125313, 40.9296042932387], [-74.1652545123771, 40.9298442928592], [-74.1658562697668, 40.9304984668902], [-74.1660251299578, 40.9306562167984], [-74.1664148898622, 40.9309325514631], [-74.1666118490185, 40.9311261233069], [-74.1668175135227, 40.9313692932201], [-74.1670325793491, 40.9315542883606], [-74.1672328965205, 40.9316986693012], [-74.1673528562258, 40.9318259127529], [-74.1674417776959, 40.9319353344967], [-74.1675633439727, 40.9321392760432], [-74.1676247024953, 40.9323105984721], [-74.1676432882543, 40.9324876989749], [-74.1676295427479, 40.9326015462547], [-74.1675873972534, 40.9327273071533], [-74.1675383223313, 40.9328635603173], [-74.1674507780019, 40.9330783720269], [-74.1673315363234, 40.9333631154257], [-74.1672532088202, 40.9335079312535], [-74.1670326299965, 40.9338512687034], [-74.1669397940158, 40.9339957695397], [-74.1668680534158, 40.9341074346156], [-74.166760100202, 40.9342476085533], [-74.1666720533166, 40.93433921409], [-74.1665693464462, 40.9344438119013], [-74.1664893922035, 40.93451599126], [-74.1663315432813, 40.9346327832648], [-74.1662080523732, 40.9347230782191], [-74.1658242611772, 40.9349943694592], [-74.1653724334977, 40.9353137501082], [-74.1650862839553, 40.9354929515544], [-74.1647440060752, 40.9357073028338], [-74.1642979326255, 40.9360264437957], [-74.1641244515733, 40.9361505583273], [-74.1636349942276, 40.9365007306472], [-74.163391090226, 40.9366387197941], [-74.1630167454108, 40.9368028425245], [-74.1624555821308, 40.9369753112592], [-74.1617210615273, 40.9371208346354], [-74.1616366290948, 40.9371352417449], [-74.161552197809, 40.9371496496964], [-74.1611099655992, 40.9372251047918], [-74.1603567533499, 40.9372878056417], [-74.1599831484216, 40.9372985082453], [-74.1594393035832, 40.9372926058332], [-74.1593142622325, 40.9372912494474], [-74.1589073927181, 40.9372820595429], [-74.1585492528664, 40.9372725163003]]]}}, {"type": "Feature", "properties": {"city": "paterson", "ward": "5", "ward_label": "Ward 5"}, "geometry": {"type": "Polygon", "coordinates": [[[-74.1536355083694, 40.9166222908903], [-74.1527015081525, 40.9165132908965], [-74.1525625084146, 40.9171902911999], [-74.151635507428, 40.9170792909021], [-74.1507052988887, 40.9169683860086], [-74.1497755074866, 40.9168552910107], [-74.1488435065903, 40.916745291438], [-74.1479085063363, 40.9166332912329], [-74.1469845061681, 40.9165232911585], [-74.1472425065085, 40.9152492910215], [-74.1475065061202, 40.9139772904963], [-74.1465825061585, 40.9138662911648], [-74.1456555058598, 40.9137552905215], [-74.1447365057688, 40.9136452904899], [-74.1450295053183, 40.9122502900216], [-74.1453075054772, 40.9108352903034], [-74.1455455049879, 40.9096332899494], [-74.1456795056852, 40.9090162902031], [-74.1459065056889, 40.9079662893298], [-74.1460925048993, 40.907201289266], [-74.1464455051143, 40.9053762888653], [-74.1464935048077, 40.9051512890566], [-74.1468565056789, 40.9054252889332], [-74.1473055057902, 40.9057642887888], [-74.1481305063424, 40.9063772890963], [-74.1489635057206, 40.9070082894001], [-74.1492705068556, 40.9072422890185], [-74.1495855061978, 40.9074712896589], [-74.1497485641064, 40.9076048408947], [-74.1544193811978, 40.9081854759978], [-74.1568855088169, 40.908481288955], [-74.1596840342168, 40.9090017364849], [-74.1600145094757, 40.9090142888895], [-74.1602545102246, 40.9090182895428], [-74.1609185101075, 40.9090202896827], [-74.1618255104484, 40.9090232887988], [-74.1636384842714, 40.9090324002072], [-74.1636855105157, 40.907643289216], [-74.1646265111661, 40.9076812884824], [-74.1655225115748, 40.9077192891551], [-74.1663518274683, 40.9077572115392], [-74.1663563523213, 40.9072010566148], [-74.1663574053639, 40.9070716041761], [-74.1672631318029, 40.9071965700235], [-74.1684587962429, 40.9074072184827], [-74.1689936403789, 40.9075014410819], [-74.1691535129624, 40.9074602882728], [-74.1694765123932, 40.907515288929], [-74.1701105125013, 40.9076232890712], [-74.1708105129719, 40.9077497889524], [-74.1710145134261, 40.9077872888818], [-74.1729955143894, 40.9081452883697], [-74.1731235138933, 40.9081692883961], [-74.1734635136599, 40.9082312883455], [-74.1738255139227, 40.908297288594], [-74.1741755142821, 40.908361288769], [-74.174884514504, 40.9084832883169], [-74.1752815141371, 40.9085392891118], [-74.1758045149208, 40.9085982886767], [-74.1762625155837, 40.9086372882682], [-74.1766365148813, 40.9086732885033], [-74.1771955155371, 40.9087072884222], [-74.1773165157867, 40.9087162886903], [-74.1776605149675, 40.9087282889298], [-74.1786305163405, 40.9087512884891], [-74.1793175156422, 40.9087532882034], [-74.1804405160372, 40.9087422881466], [-74.1809495167245, 40.9087262885824], [-74.1812625171871, 40.908712288432], [-74.1818505174022, 40.9086732884087], [-74.1822755173932, 40.9086252882604], [-74.1826995169286, 40.9085512880498], [-74.182844517246, 40.9085202886638], [-74.1830435175334, 40.9084712884087], [-74.1832195174692, 40.9084222885741], [-74.183403516765, 40.9083652881869], [-74.1837693326236, 40.9082450612339], [-74.1837335173706, 40.9084702882853], [-74.1836645169705, 40.9087522887433], [-74.1836215173037, 40.9088272888102], [-74.1834795176304, 40.9089702882053], [-74.1833545174266, 40.9090447884111], [-74.1828755175781, 40.9092612885562], [-74.1827615171282, 40.9093182888433], [-74.1826460165888, 40.9093947893478], [-74.1825345175447, 40.9095002881693], [-74.1824735175663, 40.909585288561], [-74.1824305169444, 40.909667288268], [-74.1824098812217, 40.9098071838955], [-74.1809504317125, 40.9099683004164], [-74.1810232828992, 40.9102551331476], [-74.1810543798712, 40.9103775682302], [-74.1788340882864, 40.9111572841736], [-74.1780109815084, 40.9114437166322], [-74.1779070016352, 40.9114794470948], [-74.1782895163077, 40.9120872888759], [-74.1777225160074, 40.9122892894082], [-74.1775495157079, 40.9123932894305], [-74.1769855152436, 40.9125942896805], [-74.1765400155451, 40.9127077892499], [-74.1762265148656, 40.9128192892733], [-74.1760065153484, 40.9128952897127], [-74.1755425155404, 40.9130672891032], [-74.1752715146484, 40.9131582894414], [-74.1751135152069, 40.9132182894817], [-74.1734995147402, 40.9137922895057], [-74.173350014189, 40.9138537899098], [-74.1732415147004, 40.9137252897798], [-74.1729545142093, 40.9130852892233], [-74.1726495141709, 40.9124072896709], [-74.1717365140598, 40.9126302897082], [-74.1711545137867, 40.9127802895101], [-74.1708525139811, 40.9128582895671], [-74.1700825133523, 40.9130582896451], [-74.1699375130497, 40.9130872899005], [-74.1697465127779, 40.9131112897958], [-74.1688495124427, 40.9131122900945], [-74.1678885125006, 40.9130972897028], [-74.1677605122023, 40.9130422900228], [-74.1674255120497, 40.9128682898112], [-74.1673149473595, 40.9128069756206], [-74.1671869313028, 40.9127541411163], [-74.1663192423425, 40.9127421094035], [-74.1662821758503, 40.9150696576504], [-74.1662820503479, 40.9154633671471], [-74.1663220402217, 40.9171816540953], [-74.1659720641931, 40.917378686776], [-74.1619405104336, 40.9172413011214], [-74.1560645471358, 40.9170332677271], [-74.1545855087337, 40.9167682913134], [-74.1543195080408, 40.9167182910286], [-74.1540995086595, 40.916676290947], [-74.1536355083694, 40.9166222908903]]]}}, {"type": "Feature", "properties": {"city": "paterson", "ward": "6", "ward_label": "Ward 6"}, "geometry": {"type": "Polygon", "coordinates": [[[-74.1497485641064, 40.9076048408947], [-74.1495855061978, 40.9074712896589], [-74.1492705068556, 40.9072422890185], [-74.1489635057206, 40.9070082894001], [-74.1481305063424, 40.9063772890963], [-74.1473055057902, 40.9057642887888], [-74.1468565056789, 40.9054252889332], [-74.1464935048077, 40.9051512890566], [-74.1456715048805, 40.9045252891858], [-74.1459425052955, 40.9031802889382], [-74.1460227886371, 40.9028025703073], [-74.1460486418046, 40.9026804733906], [-74.1463042662498, 40.9013734844105], [-74.1467226520444, 40.9014164242839], [-74.1472474190865, 40.901470303052], [-74.1479565059044, 40.9015542880104], [-74.1477325049485, 40.9008402884547], [-74.1476695050116, 40.9006412877591], [-74.147069505314, 40.9005532878736], [-74.1465005044111, 40.9004792882414], [-74.1458395051814, 40.9004252876966], [-74.1455535044668, 40.9004162877679], [-74.1449765039301, 40.900422288514], [-74.1447300039105, 40.900431788703], [-74.1443805048671, 40.9004552880274], [-74.1439835041788, 40.9004952884479], [-74.14371250464, 40.9005322879897], [-74.1431505037668, 40.9006202883275], [-74.1427295037591, 40.9006972883063], [-74.1420725039396, 40.9008022880459], [-74.1412730634695, 40.9009401476354], [-74.1411285027456, 40.9009652884029], [-74.1410805028232, 40.9007132883223], [-74.1410195035704, 40.9004192885386], [-74.1409425034059, 40.9000332883102], [-74.1408305033437, 40.8993902877724], [-74.1406555025824, 40.8983852879275], [-74.1404695026281, 40.8973802875814], [-74.140292502388, 40.8963692873372], [-74.1401115028338, 40.8953622870999], [-74.139929502585, 40.8943512874652], [-74.1397475025087, 40.8933322867269], [-74.1396655022582, 40.8928572871462], [-74.1396195022723, 40.8925182866816], [-74.139615502697, 40.8923962868337], [-74.1396555028667, 40.8922832869522], [-74.1420555032582, 40.8918552870365], [-74.1447845035639, 40.8913652867172], [-74.146253504149, 40.8911012863932], [-74.146917504722, 40.890982286449], [-74.1478445052863, 40.890817286156], [-74.1490665056037, 40.8905992863589], [-74.1492625055621, 40.8905632861603], [-74.1496145053399, 40.8905002860101], [-74.149857505928, 40.8904572860668], [-74.1521915062508, 40.8900372858784], [-74.1544565069364, 40.8896282861036], [-74.15536450695, 40.8894622858061], [-74.1575215073332, 40.889081285322], [-74.1597025088593, 40.8886902856271], [-74.1597255086237, 40.8888022851988], [-74.1599815091434, 40.8894112853133], [-74.1600535088971, 40.8895892851468], [-74.1602675085424, 40.8900972853412], [-74.160383509374, 40.8903762854492], [-74.1605495092439, 40.8907782854665], [-74.1607195092526, 40.8911702853651], [-74.1608275086568, 40.8913817854418], [-74.1609245084639, 40.8914552859747], [-74.1611415093368, 40.8915842862679], [-74.1613285095033, 40.8916952857529], [-74.1617435087847, 40.8919382855394], [-74.1620495096482, 40.8921182858309], [-74.1627575093772, 40.8925352861067], [-74.163474510215, 40.8929592858824], [-74.1635855098912, 40.8930242858216], [-74.1641875097915, 40.8933842862698], [-74.1648955102941, 40.8938052862901], [-74.1654275110084, 40.8941212857979], [-74.165756910751, 40.8943240861275], [-74.1661685110235, 40.8945742862208], [-74.1663575105658, 40.8946872861613], [-74.1662305114014, 40.8954342866155], [-74.1660945111232, 40.8962352867379], [-74.1660755109661, 40.8963462870539], [-74.1660395108778, 40.8964902862778], [-74.1659585106755, 40.8967272864776], [-74.1658535113198, 40.8969962871991], [-74.165626510404, 40.8975812864784], [-74.1655805103337, 40.897685286641], [-74.1652701336663, 40.8983953483202], [-74.1650305113954, 40.8989442869458], [-74.1645596211952, 40.8999510197093], [-74.1645085112902, 40.9000602872637], [-74.1644620002771, 40.9001599528169], [-74.1644175109274, 40.9002552871003], [-74.1643045102857, 40.9005562871218], [-74.1641535103, 40.9011502875395], [-74.1638878523417, 40.9024530698942], [-74.1638515106206, 40.9026312879182], [-74.1658545108844, 40.9047922881067], [-74.1663681998251, 40.9053605188975], [-74.1663588480314, 40.9068929702399], [-74.1663574053639, 40.9070716041761], [-74.1663563523213, 40.9072010566148], [-74.1663518274683, 40.9077572115392], [-74.1655225115748, 40.9077192891551], [-74.1646265111661, 40.9076812884824], [-74.1636855105157, 40.907643289216], [-74.1636384842714, 40.9090324002072], [-74.1618255104484, 40.9090232887988], [-74.1609185101075, 40.9090202896827], [-74.1602545102246, 40.9090182895428], [-74.1600145094757, 40.9090142888895], [-74.1596840342168, 40.9090017364849], [-74.1568855088169, 40.908481288955], [-74.1544193811978, 40.9081854759978], [-74.1497485641064, 40.9076048408947]]]}}]}