{"type": "FeatureCollection", "features": [{"type": "Feature", "properties": {"district": 1, "county": "orange"}, "geometry": {"type": "Polygon", "coordinates": [[[-81.2577620742381, 28.568424352988], [-81.2578660736685, 28.5684243529853], [-81.2600320743603, 28.5684243529286], [-81.261041075319, 28.5684243529022], [-81.2613390747597, 28.5684423528295], [-81.2615540748449, 28.5684553525272], [-81.2623810754514, 28.5684483530804], [-81.2627380758307, 28.568448353071], [-81.2633470753137, 28.5684413527306], [-81.264030075533, 28.56843935262], [-81.2642640756006, 28.5684483530311], [-81.264851075862, 28.5684593526263], [-81.2650110760926, 28.5684623527611], [-81.2660260764305, 28.5684653528736], [-81.2663630767811, 28.5684663529112], [-81.2668150770718, 28.5684483529643], [-81.2677990768705, 28.5684523522246], [-81.2678300774098, 28.5684523522238], [-81.2680240774195, 28.5684553523578], [-81.2692930778533, 28.5684513521392], [-81.2694730772134, 28.5684553523198], [-81.270843077836, 28.5684033525714], [-81.2720980785195, 28.5683993523532], [-81.2721180785483, 28.5683993523526], [-81.2722050780889, 28.5683963522113], [-81.2722490783321, 28.5683963522101], [-81.2725290787353, 28.5683913528703], [-81.2726370783513, 28.5683903528212], [-81.2728030788601, 28.5683893527705], [-81.2728720784649, 28.5683893527687], [-81.2729700785161, 28.5683893527661], [-81.2731340789321, 28.5683883527154], [-81.2734030788244, 28.568372352866], [-81.2735760787589, 28.5683723528614], [-81.273812078919, 28.5683743520487], [-81.2739130791094, 28.568374352046], [-81.2742190789207, 28.568374352038], [-81.2743210791575, 28.5683743520354], [-81.2745910790968, 28.568373351982], [-81.2754020789609, 28.5683723528136], [-81.2756730789465, 28.5683723528065], [-81.2761070793018, 28.5683713527488], [-81.2765810797147, 28.5683693526437], [-81.2774090794684, 28.5683683525757], [-81.2778430798237, 28.568367352518], [-81.2781570800062, 28.5683673525098], [-81.2789950802241, 28.5683703526269], [-81.2791010806465, 28.5683683525314], [-81.2792420799952, 28.5683673524813], [-81.2794160799762, 28.5683733518556], [-81.2796300800145, 28.5683693525639], [-81.279841080813, 28.5683673524657], [-81.2802660807506, 28.5683623522227], [-81.2803790805986, 28.5683633522662], [-81.2804910804002, 28.5683653523559], [-81.2807530808677, 28.5683693525345], [-81.2807830804612, 28.5683693525337], [-81.2809910811206, 28.5683693525282], [-81.2816620807831, 28.5683693525107], [-81.2819550808903, 28.568369352503], [-81.2822810816296, 28.5683683524481], [-81.2832620812889, 28.5683673523761], [-81.2835600816282, 28.5683673523683], [-81.2835900812218, 28.5683673523675], [-81.2841880819936, 28.5683803520551], [-81.2847150821683, 28.5683853522731], [-81.2851690816534, 28.5683943517791], [-81.2859990823985, 28.5683713524898], [-81.2862110823442, 28.5683753517704], [-81.2862050820935, 28.5691983521503], [-81.2861970826545, 28.5701783526135], [-81.2861910823824, 28.5703663523355], [-81.2862140825778, 28.5711813523437], [-81.2862260822745, 28.5723463532885], [-81.2862460823313, 28.5731793532319], [-81.2862700825776, 28.5741253539169], [-81.2862610821762, 28.5746093538705], [-81.2862600821326, 28.5746933532679], [-81.2862630822777, 28.5748683532862], [-81.2862720827164, 28.5754953535731], [-81.2863110827893, 28.5773293540532], [-81.2863030824647, 28.5787183545905], [-81.2863340830331, 28.5795823550713], [-81.2863540831116, 28.5810603552368], [-81.2863540831267, 28.5815103554128], [-81.2863930831677, 28.5823943550219], [-81.286385082815, 28.5829463554297], [-81.2864220827554, 28.5835993560217], [-81.2864290830824, 28.5836643554374], [-81.2864030827885, 28.5840603558088], [-81.2863990826046, 28.5841113554751], [-81.2864080830298, 28.5843373560588], [-81.2864300831923, 28.5855533566694], [-81.2864200827317, 28.5856543559558], [-81.2864170825933, 28.5856793562154], [-81.2864490832226, 28.5869773561304], [-81.2864610829033, 28.5876643565006], [-81.2864750826666, 28.5880483572139], [-81.2864820830119, 28.5886543565273], [-81.2865020830785, 28.5897783573698], [-81.2865110835072, 28.5901033571468], [-81.2865130836018, 28.5901603570912], [-81.2865340827971, 28.5907353576651], [-81.2865410831277, 28.5909053574516], [-81.2865410831291, 28.5909463575535], [-81.2865390830426, 28.5911343572753], [-81.2865370829572, 28.5913543575812], [-81.2865600831488, 28.5920543576543], [-81.2865870835297, 28.59286435833], [-81.2865910837222, 28.5930703579867], [-81.2865910837472, 28.5938123582088], [-81.2865980831865, 28.5942193581898], [-81.2866210833974, 28.5954933587911], [-81.2866400834105, 28.5964063588457], [-81.2866430835722, 28.5970743592346], [-81.2867000835316, 28.5974363589269], [-81.2872210834287, 28.5974653593582], [-81.2873810836593, 28.5974703586865], [-81.2884960841425, 28.5975083586202], [-81.2891360841658, 28.5975303587239], [-81.2896790841841, 28.5975493586911], [-81.2902230842489, 28.5975683586582], [-81.2904460847049, 28.597567358606], [-81.2905320841993, 28.5975673586038], [-81.2906590846969, 28.5975663594534], [-81.2910350850587, 28.5975663594436], [-81.291190085057, 28.5975633593004], [-81.2913430849625, 28.5975603591573], [-81.2918040847719, 28.5975533588207], [-81.2919580847239, 28.597551358724], [-81.2921550848726, 28.5975473585334], [-81.2927480854116, 28.5975373589536], [-81.2929460856068, 28.5975343588094], [-81.2933200849763, 28.5975333587531], [-81.294311085999, 28.5975313586345], [-81.2944420857829, 28.597528358492], [-81.2948160860515, 28.597521359057], [-81.2955550861712, 28.597508358435], [-81.2956490860368, 28.5975073592854], [-81.2961940861473, 28.5975063592248], [-81.296658086096, 28.5975023590272], [-81.2969360864062, 28.5974933586027], [-81.2976560865436, 28.5974823589732], [-81.2981480868923, 28.5974743585894], [-81.2982130872107, 28.5974743585877], [-81.2989810868772, 28.5974523584471], [-81.2998200871404, 28.597422358833], [-81.3002700873384, 28.5974063589788], [-81.3011380880474, 28.5973573584833], [-81.3012250875881, 28.5973553583882], [-81.3017130877508, 28.5973383584867], [-81.3021910883484, 28.5973083588821], [-81.3023370879289, 28.5973033586465], [-81.3024700878056, 28.5973003585039], [-81.3031770882381, 28.5972633585689], [-81.3032270878604, 28.5972603584285], [-81.3033860880442, 28.5972523589528], [-81.3034330884266, 28.5972513589052], [-81.3042030881862, 28.5972383582824], [-81.3042180888824, 28.597238358282], [-81.3044600884215, 28.597239358322], [-81.3050090887174, 28.5972303587896], [-81.3055440892626, 28.5972133588869], [-81.306095088752, 28.5972083586406], [-81.306974089073, 28.5971853584507], [-81.307156089425, 28.5971843583996], [-81.3071560894339, 28.5974473589001], [-81.3071730893754, 28.5989873592417], [-81.3072040899578, 28.6002663591751], [-81.3072110894192, 28.6013333591743], [-81.3072320895371, 28.6025973602113], [-81.3072690894869, 28.6035303602931], [-81.3072820901191, 28.6043873604498], [-81.307287089457, 28.604541360394], [-81.307345089502, 28.606065360892], [-81.3073660895908, 28.6064693607336], [-81.3074710899955, 28.607318360517], [-81.3075760894837, 28.6076583609869], [-81.3076020897954, 28.6077893607636], [-81.3077190898425, 28.6081883612702], [-81.3081310901123, 28.6092603614904], [-81.308220089751, 28.6094113612933], [-81.3087360903534, 28.6105703619465], [-81.3087660899487, 28.6106223616582], [-81.3088290901786, 28.6107493621478], [-81.3088000906315, 28.6107503612956], [-81.308737090406, 28.61075236139], [-81.3086310899837, 28.6107573616246], [-81.3085490906749, 28.6107573616268], [-81.3084870904957, 28.6107583616747], [-81.3084660904205, 28.6107583616753], [-81.3084050902877, 28.6107583616769], [-81.3083850902589, 28.6107583616774], [-81.3076130904061, 28.6107613618367], [-81.3052990891419, 28.6107723615081], [-81.3050920894283, 28.6107733615599], [-81.3045280893355, 28.6107763617138], [-81.3034330888826, 28.6107793618816], [-81.3024170884985, 28.6107833620937], [-81.3023960884233, 28.6107823620479], [-81.3000270882047, 28.6108133617485], [-81.2998110880734, 28.6108133617542], [-81.2989850875138, 28.6108313617109], [-81.2989550879203, 28.6108313617117], [-81.2979930873435, 28.610816361941], [-81.297744087481, 28.6108613622349], [-81.297539086962, 28.6108943619714], [-81.2968490873176, 28.6109083617392], [-81.296391086748, 28.610913361983], [-81.2962250871385, 28.6109163621264], [-81.2958840866026, 28.6109233624599], [-81.2956650863323, 28.6109273617517], [-81.2953220866029, 28.6109323619925], [-81.2948120863182, 28.6109403623768], [-81.2948000866607, 28.6109413624235], [-81.2947630858414, 28.6108943620443], [-81.2946860858651, 28.6108873617219], [-81.2937960859325, 28.6108973622088], [-81.2931030861487, 28.6109063617449], [-81.2927300859267, 28.61092136245], [-81.2926860856835, 28.6109203624048], [-81.2917100853589, 28.6109833626529], [-81.2907270847076, 28.6109883620112], [-81.2907070846788, 28.6109883620117], [-81.2906790851782, 28.6109903621052], [-81.289708085084, 28.611002362687], [-81.2896630847944, 28.6110043618815], [-81.2896410846728, 28.6110043618821], [-81.2889840847613, 28.6110233618808], [-81.2886150847247, 28.6110323623077], [-81.2876430845839, 28.6110383626113], [-81.2875870837838, 28.6110403627055], [-81.2869500839008, 28.6110483621938], [-81.2867780840129, 28.6110513623374], [-81.2865480841313, 28.6110533624361], [-81.2864530842194, 28.6110553625313], [-81.2858810837561, 28.6110803628059], [-81.2858460839305, 28.6110823620002], [-81.2855190831445, 28.6110753625836], [-81.285366083239, 28.6110783627267], [-81.2850050835736, 28.6110853621614], [-81.2844970833818, 28.6110953626382], [-81.2843410833374, 28.6111053622066], [-81.2827610828608, 28.6111233621832], [-81.282405082528, 28.6111273623779], [-81.2823080825232, 28.6111283624269], [-81.2818690828354, 28.6111373628556], [-81.2817480826162, 28.6111383629051], [-81.2814770826307, 28.6111443622911], [-81.2808750825735, 28.6111573629095], [-81.2804880817015, 28.6111633622984], [-81.2801730823722, 28.6111733627703], [-81.2799780823162, 28.6111733627754], [-81.2796730816522, 28.6111793621622], [-81.2794450818635, 28.6111813622609], [-81.2792150819821, 28.6111883625915], [-81.2785670815887, 28.6112013623118], [-81.2785140818272, 28.6112043624522], [-81.2784330816656, 28.611203362408], [-81.2778370809873, 28.6112143629336], [-81.2768170813174, 28.6112333629418], [-81.274597080819, 28.6112743631021], [-81.2738490802817, 28.6112883628714], [-81.273745079952, 28.6112893629205], [-81.2726720796212, 28.6113093629764], [-81.2725550795876, 28.6113113630722], [-81.2725300802262, 28.6113123631192], [-81.2707890794732, 28.6113443628497], [-81.2703070795885, 28.6113533632795], [-81.2702650794381, 28.6113533632806], [-81.2700470792142, 28.6113573625725], [-81.2699520793022, 28.6113593626677], [-81.269849079019, 28.6113613627631], [-81.2697320789855, 28.6113633628588], [-81.2680210787253, 28.6113943625422], [-81.2669960779242, 28.6114213629214], [-81.2663200780299, 28.6114263631709], [-81.2631730767812, 28.6114813631051], [-81.2623330764711, 28.6114963629232], [-81.2618540767257, 28.611505363353], [-81.2585770757383, 28.6115293636522], [-81.2584490760936, 28.611531362849], [-81.2582880758168, 28.6115333629459], [-81.2574930757959, 28.6115363631059], [-81.2553440749942, 28.6115523630046], [-81.2520560734965, 28.6115823635823], [-81.2513230736551, 28.6115943632585], [-81.2505500737562, 28.6116063638351], [-81.2504830733449, 28.6116073638832], [-81.2504580730841, 28.6116073638838], [-81.2504130736938, 28.611608363032], [-81.2494930732682, 28.6116173634734], [-81.2467320719451, 28.6116473631379], [-81.2458130724652, 28.6116573636256], [-81.2447280715733, 28.6115523632833], [-81.2447010721186, 28.6115413636734], [-81.2433030710978, 28.6116543635524], [-81.2431700712215, 28.6116673632592], [-81.2422600712588, 28.6116433639692], [-81.2418900711757, 28.611650363404], [-81.2390560700618, 28.6116703635063], [-81.2374480691852, 28.611695363808], [-81.2345300686706, 28.611740364172], [-81.2344940687987, 28.6117413642193], [-81.2333350680726, 28.6117143638974], [-81.2332120686598, 28.6117143639006], [-81.2324120684069, 28.6117213642461], [-81.2312370678388, 28.6117293637484], [-81.2296460677507, 28.6117413643465], [-81.2287240672322, 28.6117493638422], [-81.2286190668561, 28.6117503638913], [-81.2283050666737, 28.6117523639922], [-81.2282010672434, 28.6117543640877], [-81.2280480664386, 28.6117583642771], [-81.2277260667844, 28.6117673638035], [-81.2276440665765, 28.6117693638983], [-81.2262510666845, 28.6118053638051], [-81.2261880664594, 28.6118223636955], [-81.2259630659088, 28.6117743641742], [-81.2253260660254, 28.6117743641909], [-81.2248130656008, 28.6117613645011], [-81.2244280657208, 28.6117653637973], [-81.2242830661863, 28.6117643637547], [-81.2240900653246, 28.6117903640657], [-81.2224570650865, 28.6118123642291], [-81.2188160642948, 28.6118613638981], [-81.2187110639187, 28.6118613639009], [-81.2183520643459, 28.6118623639566], [-81.2178980639617, 28.6118633640149], [-81.2154180630876, 28.6118743645899], [-81.2149360632027, 28.6118763646953], [-81.2137600625882, 28.611888364383], [-81.2134210630443, 28.611891364531], [-81.2122090625578, 28.6119033642197], [-81.2116120618329, 28.6119103645599], [-81.2097590612769, 28.6119073644694], [-81.2096320616783, 28.611902364241], [-81.2077100606176, 28.6118813642172], [-81.2075360606366, 28.6118783649821], [-81.207498060672, 28.6118813642228], [-81.2073260607875, 28.6119883646908], [-81.2053280606979, 28.6120073647247], [-81.2041240596833, 28.612021364506], [-81.2038220600579, 28.612027364792], [-81.2013120586909, 28.6120413646075], [-81.2012900594686, 28.6120413646081], [-81.2012240591037, 28.6120413646098], [-81.1961190578208, 28.6120643649106], [-81.194020056641, 28.6120733653828], [-81.1920300560229, 28.6120863651383], [-81.1918480565699, 28.6120773647259], [-81.1907410555578, 28.6120203648106], [-81.1893360560045, 28.6119483651071], [-81.1881930551226, 28.6119573655542], [-81.187083054873, 28.6119693652402], [-81.1869210545497, 28.6119703652909], [-81.1847680544616, 28.6119933655142], [-81.1836300538119, 28.6120073652937], [-81.1835720538184, 28.612009365388], [-81.1779340520823, 28.612033365749], [-81.1777990521128, 28.612038365085], [-81.1745340516812, 28.6120433654024], [-81.1745140516519, 28.6120283656069], [-81.1744930515764, 28.612021365283], [-81.1744710514547, 28.6120173650981], [-81.1744480512866, 28.6120153659053], [-81.1743970516178, 28.612016365953], [-81.1741720510689, 28.6120163659589], [-81.1738470512752, 28.6120173651144], [-81.1738120514496, 28.6120183651618], [-81.1735310509999, 28.6120203652618], [-81.1730890511726, 28.6120233654125], [-81.1725900504988, 28.6120263655646], [-81.171941050958, 28.6120313658134], [-81.1715290507243, 28.6120343659633], [-81.1711170504906, 28.6120373652139], [-81.1706430500776, 28.6120403653653], [-81.1703060497272, 28.6120433655132], [-81.1699690502759, 28.6120443655685], [-81.1697270498374, 28.6120453656211], [-81.1692900493429, 28.612049365818], [-81.1687980498933, 28.6120533660164], [-81.168167049389, 28.6120533660329], [-81.1678170493345, 28.6120573653282], [-81.1672990495776, 28.6120603654808], [-81.1667150485565, 28.6120623655888], [-81.1662430491357, 28.6120653657403], [-81.165931049046, 28.6120683658875], [-81.1654450489756, 28.6120733661321], [-81.1649200488939, 28.6120773654319], [-81.1606600472578, 28.6122083662204], [-81.1578150465324, 28.6122303664154], [-81.1460840426304, 28.6123223664911], [-81.1419380417852, 28.6123723662196], [-81.1377810404295, 28.6124223668477], [-81.1302550383124, 28.6124813670819], [-81.1289940382496, 28.6124923667256], [-81.1284970376686, 28.6124943668313], [-81.1278480381277, 28.6124993670801], [-81.1258950374279, 28.612513366881], [-81.1238310360736, 28.6125293667774], [-81.1235440362454, 28.6125503668591], [-81.1210790360665, 28.61255136697], [-81.1182340344408, 28.6125523670909], [-81.1178720347285, 28.6125463668222], [-81.1176810348579, 28.6125433675875], [-81.1171080343468, 28.6125343671853], [-81.1169170344763, 28.6125313670513], [-81.1168360343146, 28.612530367007], [-81.1164720345097, 28.6125333671556], [-81.1151400338502, 28.6125473669402], [-81.1146960339302, 28.61255336723], [-81.1129920330946, 28.6125713672097], [-81.1115210331791, 28.612588367137], [-81.1083470315752, 28.6126233670439], [-81.1078860317655, 28.6126283672878], [-81.1072650317254, 28.6126353676286], [-81.1067050318182, 28.612641367022], [-81.1061850310692, 28.6126483673601], [-81.0980830292019, 28.6127363680544], [-81.0980390289586, 28.6127363680556], [-81.09538802824, 28.612681367374], [-81.0951870279054, 28.6126813673793], [-81.0941810279849, 28.6126813674057], [-81.094089028212, 28.6126813674081], [-81.0939870279751, 28.6126813674107], [-81.0887380263031, 28.6126803675019], [-81.0729940214259, 28.6126803679141], [-81.0678860200018, 28.6126803680478], [-81.0677460198001, 28.6126823681442], [-81.0651340190957, 28.6127213682219], [-81.0572970169361, 28.6128423686402], [-81.0547680164862, 28.6128813687156], [-81.0546860162781, 28.6128823687642], [-81.0543340161307, 28.6128823687734], [-81.0532780156882, 28.6128803687083], [-81.0529270155872, 28.6128803687175], [-81.0505800154887, 28.6129003688067], [-81.0435390133947, 28.6129603690744], [-81.0412860122625, 28.6129803691612], [-81.0411930124432, 28.6129803691636], [-81.0410710121775, 28.6129803691668], [-81.0407060123261, 28.6129803691764], [-81.0405850121068, 28.6129803691795], [-81.0370140109623, 28.6129453694491], [-81.0302850089536, 28.61288036931], [-81.0263020084756, 28.6128803694142], [-81.0227320073786, 28.6128803695076], [-81.019632006509, 28.6128803695887], [-81.0103320030011, 28.612880369832], [-81.0072340022243, 28.612880369913], [-81.00525100193, 28.6128803699649], [-81.0047850018881, 28.6128803699771], [-80.9997840000363, 28.6129803702469], [-80.9993110005694, 28.6129983701944], [-80.9973329996105, 28.6130783703573], [-80.9963149991346, 28.6131293700502], [-80.9953779988202, 28.6131773705012], [-80.9951359992804, 28.6131633707579], [-80.993263998738, 28.6130653707605], [-80.9927499982663, 28.6130393704679], [-80.9922469983051, 28.6130143702215], [-80.9922379978869, 28.612997370333], [-80.9922289983679, 28.6129803704445], [-80.9912329980121, 28.612984370656], [-80.9882479970837, 28.6129973704373], [-80.9872529967743, 28.6130023706952], [-80.9867689967728, 28.6123023706338], [-80.986737996232, 28.6122593704399], [-80.9866019962112, 28.612117370156], [-80.9864769967014, 28.6119943707527], [-80.9863029967149, 28.6118283702566], [-80.9860409962408, 28.6116313701245], [-80.9858059961225, 28.6114963701677], [-80.9856509961213, 28.6114173701068], [-80.9855099958721, 28.6113833703331], [-80.9853479964473, 28.6113633703095], [-80.9851319963167, 28.6113853704357], [-80.9850399956454, 28.6114123707904], [-80.9850099960557, 28.6115263706799], [-80.9850099960566, 28.6115533701328], [-80.9850179964283, 28.6115673707817], [-80.9850179964315, 28.6116613706426], [-80.9850249958574, 28.6116743703457], [-80.9850249958581, 28.6116943703735], [-80.9850559963999, 28.6117683702058], [-80.9852459962276, 28.6118753706644], [-80.9852609960253, 28.611902370117], [-80.9852609960257, 28.611916370766], [-80.9852839961961, 28.611983370274], [-80.9852869963392, 28.6120993702553], [-80.9852889964344, 28.6121723709413], [-80.9852849962498, 28.6122023705335], [-80.9852779959268, 28.6122573703854], [-80.9851569957175, 28.6125543706666], [-80.9851209958479, 28.6126263704079], [-80.9850889961629, 28.6126673705108], [-80.9850329962646, 28.6127413703453], [-80.9849369963095, 28.612844370626], [-80.9848909959743, 28.6128693708868], [-80.9848739960848, 28.6128733710726], [-80.9848019963408, 28.6128743711208], [-80.9847309957439, 28.6128743711227], [-80.9846789960286, 28.6128733710777], [-80.9846159958029, 28.6128713709866], [-80.9845799959309, 28.6128703709412], [-80.9845559957163, 28.6128673708028], [-80.9845059960935, 28.6128563702942], [-80.9844499961922, 28.6128393704069], [-80.9843969955304, 28.6128153710944], [-80.9843689960291, 28.6127983703071], [-80.9843289959705, 28.6127713708551], [-80.9842579953718, 28.612718371098], [-80.9842209954524, 28.6126873705612], [-80.9841749960141, 28.612642370275], [-80.9841369960478, 28.6125983709343], [-80.9841019953211, 28.6125463703233], [-80.9840449953712, 28.6124663702136], [-80.9839989959319, 28.612390370289], [-80.9839779958553, 28.6123513702802], [-80.9839479953602, 28.6122833707261], [-80.9838939955478, 28.6121553701898], [-80.983885996075, 28.6121273706906], [-80.9838729954706, 28.6120953701069], [-80.9838639959519, 28.6120833704502], [-80.9838579956726, 28.6120583701907], [-80.9838549955328, 28.6120423703484], [-80.9838369955939, 28.6119533707197], [-80.9838339954543, 28.6119423702099], [-80.9838229958419, 28.61190637034], [-80.9838249959335, 28.6118693704234], [-80.9838199956982, 28.6117743705163], [-80.9838159955105, 28.6117133703866], [-80.9838129953695, 28.611658370535], [-80.9838119953226, 28.611643370739], [-80.9838119953187, 28.6115283708039], [-80.9838179955942, 28.6114393702753], [-80.9838159954995, 28.6113853704701], [-80.9838159954963, 28.6112903705628], [-80.9838189956341, 28.6112463703217], [-80.9838159954944, 28.6112313705257], [-80.9838179955861, 28.6111973707482], [-80.9838219957706, 28.6111663702103], [-80.9838149954391, 28.6109683700251], [-80.9838329953688, 28.6107803703029], [-80.9838199956586, 28.6105933706277], [-80.9838029957636, 28.6104323703593], [-80.983778995545, 28.610309370054], [-80.9837409955756, 28.610171369953], [-80.9836819955321, 28.6100693697228], [-80.9836599954092, 28.6100313697604], [-80.9835859955687, 28.6099243701982], [-80.9835419953237, 28.6098713704404], [-80.9835209952477, 28.6098493703204], [-80.9834629952525, 28.6098023699418], [-80.9834509955942, 28.6097813698679], [-80.9833329955115, 28.6097023698061], [-80.9832439949774, 28.609668370031], [-80.9831859949836, 28.6096643698471], [-80.9831229956572, 28.6096643698487], [-80.9830559952463, 28.6096753703604], [-80.982999995346, 28.6096893701115], [-80.9829369951214, 28.6097223698443], [-80.982888995593, 28.6097573696694], [-80.9828409951657, 28.6098033700044], [-80.9828129956662, 28.609841369968], [-80.9827779949433, 28.6099033701451], [-80.9827549956761, 28.6099483704331], [-80.9827049951598, 28.6101073697113], [-80.9826799949034, 28.6102423705741], [-80.9826609949232, 28.6103073699905], [-80.9826239950071, 28.6103763704921], [-80.9825809948133, 28.6104673702151], [-80.9824789954809, 28.6106223702085], [-80.9824579954066, 28.6106503706077], [-80.9824409955176, 28.6106673704969], [-80.9824119950719, 28.6106913698115], [-80.9823879948578, 28.6107023703221], [-80.9823419954217, 28.6107223703511], [-80.9823059955502, 28.610737370148], [-80.9822199951575, 28.6107673706417], [-80.9821329947183, 28.610794370097], [-80.9820139954922, 28.6108273707305], [-80.9819799948142, 28.6108423705274], [-80.9819479951287, 28.6108683699349], [-80.9819199947294, 28.6108903700562], [-80.9819049949331, 28.6109053707519], [-80.9818789946267, 28.6109323702056], [-80.981813995209, 28.6109773704947], [-80.9817659947811, 28.611007370088], [-80.9817359951882, 28.6110243699775], [-80.9816129948782, 28.6110883702496], [-80.9815749949141, 28.6111093703247], [-80.9815199950606, 28.6111393708175], [-80.9814509945573, 28.6111613700406], [-80.9814199949176, 28.6111713705049], [-80.981388995278, 28.6111823701163], [-80.9813559946462, 28.6111903704881], [-80.981293994467, 28.6111923705824], [-80.9812359944733, 28.6111903704912], [-80.981193995222, 28.6111873703532], [-80.9811519950715, 28.6111843702152], [-80.9811069947816, 28.6111773707913], [-80.9810569951588, 28.6111663702826], [-80.9810329949442, 28.6111603700052], [-80.9809859945612, 28.611144370164], [-80.9809139948162, 28.6111183707592], [-80.9808349947467, 28.6110973706871], [-80.980790994503, 28.611085370132], [-80.9807409948799, 28.6110633700127], [-80.980711994433, 28.6110503703102], [-80.9806719943746, 28.6110283701908], [-80.9806449949195, 28.6110053700245], [-80.9806229947972, 28.6109863700437], [-80.9806019947208, 28.6109513702204], [-80.9805719942222, 28.6107813704344], [-80.9805599945624, 28.6107163701196], [-80.9805539942821, 28.610658370129], [-80.9805539942813, 28.6106353699621], [-80.9805689949752, 28.6105703705458], [-80.9805909950956, 28.6105323705823], [-80.9806259949201, 28.6105003699973], [-80.9806609947448, 28.6104723704971], [-80.9807189947371, 28.6104323704399], [-80.9807549946084, 28.6104113703648], [-80.9807909944797, 28.6103933704288], [-80.9808029950364, 28.6103863701039], [-80.9808249951579, 28.610382369918], [-80.9808629951225, 28.6103763705381], [-80.9808779949192, 28.6103723703523], [-80.980895994855, 28.6103663700737], [-80.9809129947444, 28.6103593706481], [-80.980946994523, 28.6103433699055], [-80.9809729948297, 28.6103253699698], [-80.9809939949043, 28.6103073700341], [-80.9810109947931, 28.6102833698204], [-80.9810399943387, 28.6102363703388], [-80.9810449945694, 28.6101983703758], [-80.9810449945681, 28.6101583703202], [-80.9810219943968, 28.6100603702744], [-80.9809959949869, 28.6100033703308], [-80.9809699946778, 28.6099493705262], [-80.9809229942927, 28.6098723696559], [-80.9808739947148, 28.609812370473], [-80.9808089943943, 28.6097523703913], [-80.9806989946822, 28.6096573704869], [-80.9806049948142, 28.6095883699887], [-80.9804779943138, 28.6095073698345], [-80.9803439943877, 28.6094263696804], [-80.9801629940788, 28.6093333698705], [-80.980073994443, 28.6092683695577], [-80.9800099941695, 28.6092263703103], [-80.9799479939885, 28.6091743697], [-80.9798949942259, 28.609143370063], [-80.9798349941386, 28.609118369805], [-80.9796939947889, 28.6090943695954], [-80.9795039940649, 28.6090773697117], [-80.9792659938115, 28.6090653700609], [-80.9791299937954, 28.6090653700645], [-80.979037994023, 28.6090783697702], [-80.9789079942862, 28.6091043700795], [-80.9788849941185, 28.609113369598], [-80.978717994464, 28.6091613700289], [-80.9786489939603, 28.6091733696876], [-80.9785859937348, 28.6091793699674], [-80.9783479943811, 28.6091793699736], [-80.9782729935985, 28.6091783699292], [-80.9781819938719, 28.6091753697925], [-80.9779669937857, 28.6091373698352], [-80.9775239939028, 28.6088713701065], [-80.9772589932899, 28.6086843695386], [-80.9770869933969, 28.6085413701086], [-80.9769169935953, 28.6083513693992], [-80.9767659937775, 28.6082073699224], [-80.9766869937062, 28.6081343701377], [-80.9766119938211, 28.6080793693887], [-80.9764259932793, 28.6079613693194], [-80.9763609929599, 28.6079343698681], [-80.9761939933019, 28.6078763698817], [-80.9761049936675, 28.6078523696709], [-80.9759279935464, 28.6078243701761], [-80.9757449931478, 28.6078233701346], [-80.9756639929863, 28.6078283694691], [-80.9755899931499, 28.6078433701664], [-80.9754589933673, 28.6078863694652], [-80.9754079928, 28.6079103696798], [-80.9753349930112, 28.6079593701545], [-80.975128993349, 28.6081123700579], [-80.9750539925684, 28.608171370097], [-80.9749169925114, 28.6083343695628], [-80.9747479927686, 28.6085183700029], [-80.9746239924164, 28.608706369728], [-80.9745059932438, 28.6089503702502], [-80.9742889930794, 28.6093483698201], [-80.9742459928855, 28.609438370396], [-80.97418699285, 28.6095733703604], [-80.9740209923527, 28.6099213703091], [-80.9739779930572, 28.6099833704864], [-80.973797992809, 28.6103143705467], [-80.9737039929468, 28.6104173708273], [-80.973616992509, 28.6104863704309], [-80.9735159923203, 28.6105403702388], [-80.9734449926253, 28.6106183702592], [-80.9734189923188, 28.6106403703804], [-80.97336599256, 28.6107273708175], [-80.9733579921894, 28.6107443707065], [-80.973287992542, 28.610858370597], [-80.9732189929429, 28.6110273703392], [-80.9731939926859, 28.6111423702749], [-80.9731889924547, 28.611168370581], [-80.9731869923626, 28.6111903707016], [-80.9731559927249, 28.6112583702574], [-80.9731379927902, 28.6112963702208], [-80.9731259922342, 28.6113233705734], [-80.9731079922988, 28.611341370509], [-80.973064992103, 28.6113723710478], [-80.9730329924172, 28.6113903709838], [-80.9729709922391, 28.6114253708092], [-80.9729249928031, 28.611447370931], [-80.9728789924676, 28.6114643708209], [-80.9728369923175, 28.611476370479], [-80.9727709928524, 28.6114903711297], [-80.9727399923132, 28.6114933703702], [-80.9726459924476, 28.6114933703727], [-80.9726239923259, 28.6114913702805], [-80.9726019922042, 28.6114903711341], [-80.9725769919432, 28.6114863709493], [-80.972530992506, 28.6114743703942], [-80.9723619918562, 28.6114263708715], [-80.9722409925336, 28.6113503709488], [-80.9721329920163, 28.6112903708682], [-80.9719769919699, 28.6112473706776], [-80.971956991941, 28.6112453705854], [-80.9718189918311, 28.6112163710433], [-80.9716479919887, 28.61119637102], [-80.9714829924251, 28.6111863705608], [-80.9713099915911, 28.6111803702871], [-80.9711699922885, 28.6111763710047], [-80.9711229919059, 28.6111723708204], [-80.9709899920286, 28.6111603702677], [-80.9709119920048, 28.6111193710671], [-80.9708219914233, 28.6110573708933], [-80.9707349918794, 28.6109633710346], [-80.9707259914608, 28.6109363706825], [-80.9706999920503, 28.6108603707574], [-80.9706409920051, 28.6107063708146], [-80.9706319915813, 28.6105243704718], [-80.970652991645, 28.6101803707124], [-80.9707159918611, 28.6098943700432], [-80.9707889916352, 28.609408369995], [-80.9708579921324, 28.6092013702899], [-80.9708589921748, 28.609081370123], [-80.9708429914289, 28.608980369938], [-80.9707689915865, 28.6088163704314], [-80.9706519915451, 28.6085863696649], [-80.9702569911982, 28.6085103697495], [-80.9700509915299, 28.6084823702555], [-80.9697959913865, 28.6084593700953], [-80.9697559913288, 28.6084553699109], [-80.9696779913056, 28.6084353698851], [-80.9695889916712, 28.6084113696742], [-80.9694879914798, 28.6083843702239], [-80.9693199908723, 28.6082153695885], [-80.9693109913535, 28.6082023698854], [-80.9693049910748, 28.6081933703677], [-80.9692979916489, 28.608182369858], [-80.9692929914166, 28.6081743703866], [-80.9692879911843, 28.6081653699695], [-80.9692789916653, 28.6081473700346], [-80.9692339913723, 28.6080483699431], [-80.969223990907, 28.6080123700732], [-80.9691869909842, 28.607882370343], [-80.9691939913051, 28.6077633702223], [-80.9692289911277, 28.6076733696466], [-80.9693259911253, 28.6074573695236], [-80.9693309913566, 28.6074353694029], [-80.9693999909574, 28.6073153701336], [-80.9695889916221, 28.6069493693499], [-80.9695919917579, 28.606846369971], [-80.9695779910989, 28.6065703697674], [-80.9695399911259, 28.6063253692029], [-80.9694819911223, 28.606029369872], [-80.9694659912739, 28.605872369789], [-80.9695289914888, 28.6055533693887], [-80.9695359909115, 28.6054673689991], [-80.9695369909533, 28.6053303689435], [-80.9695379909989, 28.6053053695832], [-80.9695289914769, 28.6051993691662], [-80.9694679913402, 28.6050843692327], [-80.9693939915, 28.6049843690956], [-80.9692809907482, 28.604853369321], [-80.9689309906825, 28.6045223692746], [-80.96870499098, 28.6043333695123], [-80.9685289909037, 28.6042583687381], [-80.9683479905963, 28.604208369123], [-80.9682519906375, 28.6042003687547], [-80.9681429909752, 28.6042053689893], [-80.9680229908031, 28.604230369252], [-80.9679579904856, 28.6042573687067], [-80.9679249907535, 28.6042773687354], [-80.9678559911507, 28.6043403689597], [-80.967807990724, 28.6044043692298], [-80.9677749909941, 28.6044913687671], [-80.9677699907633, 28.604525369444], [-80.9677689907193, 28.6045983692308], [-80.9678209904388, 28.6047253688215], [-80.9678279907657, 28.6047883690438], [-80.9678339910481, 28.6049063691178], [-80.9678339910512, 28.6049963696926], [-80.9678319909589, 28.6050133695814], [-80.9678179903104, 28.6050483694056], [-80.9677919909037, 28.6050853693228], [-80.967685990484, 28.6051703696687], [-80.9676389910017, 28.6051963690765], [-80.9675999909908, 28.6052073695874], [-80.9675359907189, 28.6052123689216], [-80.9674769906787, 28.6052073695907], [-80.9674189906848, 28.6051993692214], [-80.9673859909516, 28.6051883696116], [-80.9673589905974, 28.6051723688706], [-80.9673379905217, 28.6051593691678], [-80.9673149903532, 28.605143369326], [-80.9672719901552, 28.605110369596], [-80.9671939901314, 28.6050703695425], [-80.967145990601, 28.6050473693769], [-80.9670319907057, 28.6050203690275], [-80.9669639902478, 28.6050173688902], [-80.9668989908287, 28.6050183689383], [-80.9666679900022, 28.605049369482], [-80.9665769902769, 28.6050823692156], [-80.9665109908121, 28.6051043693378], [-80.9663779900362, 28.6051143689055], [-80.9663089904313, 28.6051113696676], [-80.9662259901761, 28.6050913696419], [-80.9661409898267, 28.6050273693753], [-80.9660789905437, 28.6049403689411], [-80.9660119901287, 28.6048273691005], [-80.9659769903012, 28.6047723692498], [-80.9659269897773, 28.6047053688432], [-80.9659209903978, 28.6046943692327], [-80.9658829904317, 28.6046573693172], [-80.9658169900648, 28.6045983692818], [-80.9657059903073, 28.6045303688304], [-80.9655359905095, 28.6044553689554], [-80.9654339902712, 28.6044153689025], [-80.9653509900161, 28.6043973689695], [-80.9652469896861, 28.6043893695007], [-80.9651949899709, 28.6043903695484], [-80.965121990181, 28.6044053693464], [-80.9650879895029, 28.6044193690969], [-80.9650389899281, 28.6044523688293], [-80.964981989983, 28.604517369146], [-80.9648929894532, 28.6046123690556], [-80.9647729901823, 28.60469236917], [-80.9645989902048, 28.6047953694527], [-80.9642779897032, 28.6049703694796], [-80.9641199895688, 28.6050703696228], [-80.9640349892226, 28.6051023693098], [-80.9636999898653, 28.6051403692814], [-80.9635329893105, 28.6051573691745], [-80.963301989383, 28.6051793693011], [-80.9631259893098, 28.6051963691944], [-80.9629309892557, 28.6052573693293], [-80.9627549891838, 28.6053133692319], [-80.9624579888938, 28.6054063690543], [-80.9623109892681, 28.6054513693455], [-80.9622929893323, 28.6054573696241], [-80.9621609895025, 28.6054783697017], [-80.9619799891974, 28.6054983697343], [-80.9617799889095, 28.6055073692574], [-80.9616749885333, 28.6055073692601], [-80.9614869888015, 28.6054903693763], [-80.961349988738, 28.6054623698805], [-80.961296988976, 28.6054523694183], [-80.9611999889702, 28.6054223698288], [-80.9611339886046, 28.6054023698027], [-80.9610729884709, 28.6053763694984], [-80.960998988633, 28.6053453698619], [-80.960919988563, 28.6053143693262], [-80.960825988696, 28.6052723691803], [-80.9607009882888, 28.6052073697677], [-80.9605789889201, 28.6051363691775], [-80.960537988815, 28.6051073696329], [-80.9604849890521, 28.6050673695787], [-80.9604219888243, 28.6050043693578], [-80.9603939884226, 28.604955369785], [-80.9603869889959, 28.6049213691084], [-80.9603429887458, 28.6047193696381], [-80.9603229887099, 28.6045083697499], [-80.9602909881141, 28.6042053691945], [-80.9602879888732, 28.6041763696488], [-80.9602739882118, 28.6038253695658], [-80.9602609885014, 28.6036363688986], [-80.9602079887316, 28.603389369141], [-80.9601909888393, 28.6033123691693], [-80.960167988669, 28.6032433686693], [-80.9601329888408, 28.6031653686516], [-80.9600349887842, 28.6030083685708], [-80.9599639881846, 28.6029283693607], [-80.959820988739, 28.6028113693366], [-80.9597059878961, 28.602730369182], [-80.9595119878831, 28.6026313690944], [-80.9594979881325, 28.602626368863], [-80.9592779878114, 28.6025063687019], [-80.9592669882002, 28.6025043686094], [-80.9590549882517, 28.602421369264], [-80.9588929879266, 28.602371368749], [-80.9586489882921, 28.6022993690149], [-80.9583999875258, 28.6022163687712], [-80.9581889876239, 28.6021423689436], [-80.9580279873451, 28.6020883691425], [-80.9576669876758, 28.6019853688738], [-80.9575349878442, 28.6019503690534], [-80.9574459873109, 28.6019393685458], [-80.9573379876944, 28.6019263688453], [-80.957107987812, 28.6019063688235], [-80.95695398786, 28.6019113690593], [-80.9567719875087, 28.601938368517], [-80.9566489871973, 28.6019593685944], [-80.9565429876749, 28.6019843688568], [-80.9564279877364, 28.6020563686002], [-80.9563589872354, 28.6021503684629], [-80.9563379871639, 28.6022613691125], [-80.9563909869328, 28.6024763691852], [-80.956471987102, 28.6027013688215], [-80.9564899870397, 28.6027523693866], [-80.9566149874569, 28.6031193693091], [-80.9566269871192, 28.6032573694108], [-80.9566309873063, 28.6033033688451], [-80.956629987264, 28.6034243690583], [-80.9565979875831, 28.6035893695134], [-80.9565659870006, 28.6036843694216], [-80.9565019876326, 28.6038273688577], [-80.9564219875196, 28.6038943692677], [-80.9563579872478, 28.6039043697329], [-80.9562349869357, 28.6039043697362], [-80.9562199871387, 28.6038983694584], [-80.9559639869465, 28.6038043696042], [-80.9559249869345, 28.6037813694383], [-80.955763987554, 28.6036963690995], [-80.9556379871004, 28.6036303696405], [-80.9554659872098, 28.6035553688662], [-80.9554539866528, 28.6035523696268], [-80.9553889872334, 28.6035443692577], [-80.9553279871005, 28.6035453693056], [-80.9552469869393, 28.6035573689647], [-80.9552249868179, 28.6035643692898], [-80.9551009873613, 28.6036433693579], [-80.9549839873322, 28.6037813694629], [-80.9549639873041, 28.6038043696303], [-80.9549159868772, 28.6038623696223], [-80.9547989868489, 28.6040243690412], [-80.9546819868207, 28.6041863693595], [-80.9546729873028, 28.6042003691094], [-80.9545249867381, 28.6044463697251], [-80.9544319869239, 28.6045993696256], [-80.9543019871929, 28.6047983698607], [-80.9542029870985, 28.6048953698634], [-80.9540979867245, 28.6049593692356], [-80.9539749864126, 28.6049673696097], [-80.9538369863028, 28.6049393692146], [-80.9537109867492, 28.6048933697835], [-80.9536839863948, 28.60487236971], [-80.9533659869167, 28.6045993696535], [-80.9531549861115, 28.604408369798], [-80.9530579861041, 28.604330369782], [-80.9529849863119, 28.6042793692184], [-80.9529139866129, 28.6042373690719], [-80.9528309863573, 28.6042053693893], [-80.9526559863291, 28.6041803691343], [-80.9525679858425, 28.6041773698968], [-80.9524569860876, 28.6041883695103], [-80.9523749858807, 28.6042233693363], [-80.9522849862013, 28.6042443694129], [-80.9522249861151, 28.6042493696462], [-80.9521439859534, 28.604248369602], [-80.9520759863946, 28.6042383691402], [-80.9519999864637, 28.604202369272], [-80.9519529860798, 28.6041603691249], [-80.9519459857546, 28.6041483694681], [-80.9519299859099, 28.6041053692738], [-80.9519009863581, 28.6039673691726], [-80.9519219864304, 28.6038793695892], [-80.9520589864866, 28.6036913689645], [-80.9521959865417, 28.6034683694152], [-80.9523439862056, 28.6031753693186], [-80.9524229862686, 28.6030023693908], [-80.95246598646, 28.6028383689818], [-80.9524779861146, 28.6027503693986], [-80.952473985927, 28.6026913693617], [-80.9524469864707, 28.6026333693716], [-80.9523929857607, 28.6025553693545], [-80.9523799860567, 28.6025533692621], [-80.952280985958, 28.6025233687734], [-80.952222985964, 28.6025123691642], [-80.952202985935, 28.602507368933], [-80.9521299861442, 28.6024963693243], [-80.9520139861551, 28.6024423686227], [-80.9519619864387, 28.6024063687539], [-80.951931985944, 28.6023533689957], [-80.951930985896, 28.602307368662], [-80.9519489858295, 28.6022313687357], [-80.9520229856634, 28.6021423691046], [-80.9520969863979, 28.6020943686762], [-80.9522569857255, 28.6019853690151], [-80.9524089864805, 28.6018763693541], [-80.9525029863439, 28.6018103689901], [-80.9527749863682, 28.6015733687883], [-80.9528309862668, 28.6015053692319], [-80.9529249861285, 28.6013863691089], [-80.9530329866376, 28.6012023686703], [-80.9530989860987, 28.6010683687521], [-80.953127986541, 28.6009423683063], [-80.9531229863068, 28.6008803690296], [-80.9531039863204, 28.6007603688632], [-80.9530699865393, 28.6007043689661], [-80.9530559858888, 28.6006803687532], [-80.9530499865094, 28.6006693682435], [-80.9530189859691, 28.6006403686986], [-80.952970986438, 28.6005963684587], [-80.9528929864132, 28.6005243687204], [-80.9528829859488, 28.6005153683035], [-80.9528029858314, 28.6004543681758], [-80.9527229866134, 28.600392368901], [-80.9526019863902, 28.6002763689227], [-80.9525519858661, 28.6002053683307], [-80.9524959859632, 28.600143368156], [-80.9524109865136, 28.600095368631], [-80.9523299863507, 28.6000603688093], [-80.9523019859506, 28.6000583687173], [-80.952227986114, 28.6000643680981], [-80.9521229857403, 28.600140368926], [-80.9520209864065, 28.6002523687247], [-80.9519799863054, 28.6003393682622], [-80.9518909857762, 28.6004513689598], [-80.9518349858767, 28.6004903689705], [-80.9517559858087, 28.6005193685183], [-80.9516609858968, 28.6005213686135], [-80.9515019857124, 28.6005173684323], [-80.9513249855916, 28.6004973684091], [-80.951262985412, 28.6004863688001], [-80.9512329858182, 28.6004793684764], [-80.9512049854176, 28.6004653687274], [-80.9511909856662, 28.60043436819], [-80.9511909856648, 28.6003913688947], [-80.9512079855494, 28.6002423682823], [-80.9512159859179, 28.6001613681245], [-80.9512189860563, 28.6001353687178], [-80.9512169859619, 28.6000893683841], [-80.9512039853576, 28.6000603688387], [-80.9511869854675, 28.600042368904], [-80.9511639852992, 28.6000373686729], [-80.9510949856946, 28.6000433680535], [-80.9510379857476, 28.6000483682868], [-80.9509849859859, 28.6000463681955], [-80.9509479860673, 28.6000413688639], [-80.9509169855275, 28.6000263681694], [-80.9509129853416, 28.6000173686516], [-80.9508599855776, 28.5999483681523], [-80.9508269858426, 28.599882368691], [-80.9508259857953, 28.5998553683386], [-80.9508299859782, 28.5997723680883], [-80.9508289859315, 28.5997633685704], [-80.9508229856521, 28.5997353681719], [-80.9508159853262, 28.59970536858], [-80.9507629855627, 28.5996503687297], [-80.9507209854118, 28.5996373681282], [-80.9506659855573, 28.5996343679906], [-80.9505989851461, 28.599636368085], [-80.9505789851175, 28.5996423683637], [-80.9505309855884, 28.5996593682537], [-80.9504889854392, 28.599695368125], [-80.9504379857724, 28.5997563682561], [-80.9504099853735, 28.5997903680343], [-80.950373985503, 28.59983336823], [-80.9503539854749, 28.5998573684437], [-80.950330985308, 28.5998903681754], [-80.9503019857623, 28.5999343684173], [-80.9502639857989, 28.5999773686129], [-80.9502369854461, 28.6000013688269], [-80.9501829856395, 28.6000443681237], [-80.9500989853401, 28.600091368506], [-80.9499749849835, 28.6001483684536], [-80.9499269854547, 28.600169368529], [-80.9498889854904, 28.6001863684188], [-80.949799984959, 28.6002333688012], [-80.9496979856233, 28.6002903687482], [-80.9496609857057, 28.6003153690088], [-80.9496359854455, 28.6003313688518], [-80.9496079850459, 28.6003483687413], [-80.9495799855457, 28.6003643685844], [-80.9495499850533, 28.6003773682885], [-80.9495109850423, 28.6003863687068], [-80.9494649856057, 28.6003913689398], [-80.949427984788, 28.6003923689871], [-80.9493579851367, 28.6003893688498], [-80.9493469855254, 28.600386368711], [-80.9493069854674, 28.6003753682022], [-80.9492609851302, 28.6003403683795], [-80.9492019850874, 28.6002603682698], [-80.9491439850908, 28.6001723686886], [-80.9491229850146, 28.6001403690043], [-80.9491079852171, 28.6001213681239], [-80.9490919853733, 28.6001023681429], [-80.9490769846764, 28.6000783688294], [-80.9490639849714, 28.6000493683847], [-80.949058984739, 28.6000373687279], [-80.9490549854518, 28.600011368422], [-80.9490559854971, 28.5999763685981], [-80.9490639849681, 28.5999493682456], [-80.9491609849699, 28.5998573684749], [-80.9491869852766, 28.5998433687245], [-80.9492459853165, 28.5998363683985], [-80.9492609851132, 28.5998343683054], [-80.9492889855132, 28.5998323682119], [-80.9493029852635, 28.5998303681189], [-80.949326985478, 28.5998293680719], [-80.949394985036, 28.5998193685058], [-80.9494589853077, 28.5998063688009], [-80.9495019855035, 28.5997773683547], [-80.9495199854382, 28.5997373682986], [-80.9495319850945, 28.5996993683354], [-80.9495329851397, 28.5996623684188], [-80.9495299849989, 28.5996153680388], [-80.9495109850151, 28.5995743688366], [-80.9495039855892, 28.5995643683732], [-80.9494839855596, 28.5995393681141], [-80.9494039854413, 28.5994483683944], [-80.9493679855671, 28.5993833680801], [-80.9493499847304, 28.5993443680713], [-80.9493309847458, 28.5992803687022], [-80.9493209851798, 28.5992403686469], [-80.9493159849468, 28.5992123682484], [-80.9493149848994, 28.5991833687027], [-80.9493179850369, 28.599132368137], [-80.949355984999, 28.5990503679321], [-80.9493999852397, 28.5989743680051], [-80.9494219853599, 28.5989323678562], [-80.9494629854614, 28.5988553678829], [-80.9495039855631, 28.5987843681878], [-80.9495359852464, 28.5986933684651], [-80.9495469848558, 28.598641367853], [-80.9495499849932, 28.5985853679549], [-80.949549984992, 28.5985513681774], [-80.9495409854723, 28.598511368122], [-80.9495229855355, 28.5984843677701], [-80.9494899849027, 28.5984663678359], [-80.9494569851697, 28.5984613685043], [-80.9493949849905, 28.5984613685059], [-80.9493479855076, 28.5984713680714], [-80.9493129847832, 28.5984863678683], [-80.9492939848011, 28.5984943682397], [-80.9492779849582, 28.598503367758], [-80.9492469853188, 28.5985213685932], [-80.9492359848086, 28.5985283680187], [-80.9491959847519, 28.5985583685111], [-80.9491619849736, 28.5985843679186], [-80.9491399848526, 28.5986023678543], [-80.949126985149, 28.5986133683646], [-80.949112985399, 28.5986243679756], [-80.9490799847678, 28.5986523683751], [-80.9490529853141, 28.5986733684499], [-80.9490199846829, 28.5986993678574], [-80.9490079850256, 28.598708368275], [-80.9489869849508, 28.5987213679788], [-80.9489579854043, 28.5987393679147], [-80.9489339851903, 28.5987533685643], [-80.9489189853938, 28.5987613680362], [-80.9489069848371, 28.5987673683147], [-80.948892985087, 28.5987743686395], [-80.9488689848729, 28.5987863682971], [-80.9488519849836, 28.5987953678155], [-80.948822985437, 28.5988093684652], [-80.9487699847765, 28.5988243682626], [-80.9487559850263, 28.5988283684484], [-80.9487159849688, 28.5988343678283], [-80.9486989850793, 28.5988363679214], [-80.9486799850969, 28.5988373679683], [-80.9486459853177, 28.5988373679692], [-80.9486199850105, 28.5988373679699], [-80.9485779848599, 28.5988323686385], [-80.9485319845231, 28.5988133686582], [-80.9485109853468, 28.5988003680561], [-80.9484819848996, 28.5987813680754], [-80.9484559845918, 28.598763368141], [-80.9484239849044, 28.5987323685034], [-80.9484059849665, 28.5986793678457], [-80.9484059849649, 28.5986313683185], [-80.9484139844355, 28.59858936817], [-80.9484479851115, 28.5985163683823], [-80.9484579846759, 28.5985043678257], [-80.9484799847966, 28.5984773683722], [-80.9485089852417, 28.5984353682231], [-80.9485449851126, 28.5984023684911], [-80.9485779848446, 28.5983763681842], [-80.9486289845126, 28.5983543680624], [-80.9486709846626, 28.5983413683579], [-80.9487089846269, 28.5983263685609], [-80.9487419852584, 28.5983073685786], [-80.9487499847301, 28.5983003682539], [-80.9487899847859, 28.5982453684012], [-80.9488209853228, 28.5981723677143], [-80.948842984543, 28.5981113684833], [-80.9488479847736, 28.5980693683348], [-80.9488509849113, 28.5980233680009], [-80.9488479847707, 28.5979823678991], [-80.9488229854079, 28.5979423678441], [-80.9487489846699, 28.5978883680407], [-80.9487259845014, 28.597875368338], [-80.9484739844929, 28.59772436764], [-80.94819198489, 28.5975473675361], [-80.9481139848666, 28.597517367946], [-80.9480439843154, 28.5974983679664], [-80.947925985134, 28.5974813680807], [-80.9478299842759, 28.597472367666], [-80.9476869848342, 28.5974703675771], [-80.9475619844292, 28.5974703675804], [-80.9474369849238, 28.5974763678618], [-80.9472949846297, 28.5974883684217], [-80.9471719843177, 28.5974923677111], [-80.9470909841557, 28.597485368288], [-80.9470419845791, 28.5974673683542], [-80.9469429844799, 28.5974193679303], [-80.946881984346, 28.5973903683862], [-80.9468199841656, 28.5973583678037], [-80.9467249842517, 28.5973013678618], [-80.9466159845868, 28.5972283680779], [-80.9465759845282, 28.5972013677266], [-80.946508984115, 28.5971423676913], [-80.9464739842878, 28.5970953682114], [-80.9464119841057, 28.5970113679163], [-80.9463729840922, 28.5969443675094], [-80.9463619844795, 28.5968993681216], [-80.946356984246, 28.596853367788], [-80.9463609844302, 28.5968123676859], [-80.9463709839938, 28.5967773678618], [-80.9464119840958, 28.5967163677309], [-80.9464279839386, 28.5967043680735], [-80.9464899841159, 28.5966473681276], [-80.9465779846006, 28.5965913682272], [-80.9467019840598, 28.5965903681777], [-80.9467459843037, 28.596609368158], [-80.94681498391, 28.5966543675443], [-80.9469309847987, 28.596715367671], [-80.9469819844685, 28.5967453681611], [-80.947066984817, 28.596781368029], [-80.9470949843179, 28.5967843681674], [-80.9471439847932, 28.5967863682588], [-80.947205984073, 28.5967813680254], [-80.9473319845227, 28.596731367503], [-80.9473709845327, 28.5966943675853], [-80.9474039842642, 28.5966563676216], [-80.9474459844123, 28.5965843678801], [-80.9474939848382, 28.5964963673967], [-80.9475149849118, 28.5964463677763], [-80.9475429844102, 28.5963763681279], [-80.947609984818, 28.5962723678016], [-80.9476919850234, 28.5961903675956], [-80.9476989844486, 28.5961833672709], [-80.9477079848661, 28.5961753677991], [-80.9478259849423, 28.5960613679073], [-80.9478829848875, 28.5959993677297], [-80.9479289843217, 28.5959243678489], [-80.9479589848122, 28.5958513671621], [-80.9479629849963, 28.5958043676812], [-80.9479649850875, 28.595757367301], [-80.9479639850402, 28.5957333679871], [-80.9479609849, 28.5957043675422], [-80.9479509844351, 28.5956783672365], [-80.9479339845444, 28.5956443674594], [-80.9478879842072, 28.5956113677295], [-80.9478649849382, 28.5956023673129], [-80.9478049848515, 28.5955963679357], [-80.9477069848004, 28.5956013672707], [-80.9474559848455, 28.5956643674998], [-80.9473059841809, 28.5957003673739], [-80.9471689841194, 28.5957313679151], [-80.9470499839937, 28.5957543671859], [-80.9469039844134, 28.595772368024], [-80.9468909847095, 28.5957743672178], [-80.9466109843063, 28.5957813675496], [-80.9465659840166, 28.5957803675044], [-80.9464799845217, 28.5957683678497], [-80.9464189843882, 28.5957473677771], [-80.9463469837435, 28.5957083677697], [-80.9462039842973, 28.5955733678105], [-80.94617498385, 28.5955473675053], [-80.9460139844664, 28.5953713674447], [-80.9459569836179, 28.5953113673627], [-80.9458129841256, 28.5951863678671], [-80.9455459843185, 28.5949803673178], [-80.9455269843356, 28.5949663675686], [-80.9454759837666, 28.5949393672177], [-80.9451609835312, 28.5947503674577], [-80.9447759836447, 28.5945673670783], [-80.9446269839224, 28.59450136762], [-80.9443099835962, 28.5943713669978], [-80.9441569836884, 28.5943123669647], [-80.943928982997, 28.5942173670634], [-80.943787983646, 28.5941533676975], [-80.9436789830821, 28.5940903674778], [-80.9435069831887, 28.5939313673062], [-80.9434619828979, 28.5938973675299], [-80.9434209836913, 28.5938433668263], [-80.9433899831502, 28.5937883669755], [-80.9433469829495, 28.5936733670415], [-80.9433379834274, 28.5935613672457], [-80.9433409835632, 28.5934603670602], [-80.9433479829878, 28.5934313675143], [-80.9434129833019, 28.5933003668358], [-80.9434949835063, 28.5931913671767], [-80.9435079832097, 28.5931743672876], [-80.9435709834327, 28.5930913670357], [-80.9436689834791, 28.592947366653], [-80.9437229832839, 28.5928523667443], [-80.9437769830873, 28.5927113665018], [-80.9438079836251, 28.592669367252], [-80.9438389832642, 28.5926413668525], [-80.9438709829501, 28.5926263670556], [-80.943919983425, 28.5926163665908], [-80.9439679829543, 28.592608367118], [-80.9440589835805, 28.5926193667262], [-80.9440979835924, 28.592639366753], [-80.9441209837612, 28.5926623669193], [-80.9442219830562, 28.5927763668054], [-80.9443029832217, 28.5928893666457], [-80.9443849834328, 28.5929813673111], [-80.9444049834622, 28.5929983671993], [-80.9444659835962, 28.5930323669752], [-80.9445269837293, 28.5930393672981], [-80.9445949832876, 28.5930363671573], [-80.9446269838728, 28.5930213673604], [-80.9446599836047, 28.5929933669609], [-80.9447289832071, 28.5929213672187], [-80.9447759835873, 28.5928553668558], [-80.9448329835318, 28.5927723666041], [-80.9449379839025, 28.5926083670927], [-80.9449809840974, 28.5925513671472], [-80.9450449834669, 28.5924513670065], [-80.9450649834945, 28.5924173672285], [-80.9450749839575, 28.5923833665514], [-80.9450759840032, 28.5923633665236], [-80.9450789832405, 28.592285366505], [-80.9450149838625, 28.5921283664232], [-80.9449919836926, 28.5920753666649], [-80.9449509835854, 28.5919803667586], [-80.9448779837905, 28.5918483669367], [-80.9448449831559, 28.5917713669653], [-80.944791983391, 28.5916753670131], [-80.9447669831281, 28.5916113667449], [-80.9447209836859, 28.5914523665699], [-80.9446879839501, 28.5913613668489], [-80.9446649837809, 28.5913253669793], [-80.9446489839374, 28.5913163665625], [-80.9446199834905, 28.591306366999], [-80.9445569832649, 28.5913053669543], [-80.9442929836054, 28.5913513663957], [-80.9441879832294, 28.5913563666302], [-80.9440939833634, 28.591346366169], [-80.9440349833222, 28.5913103663004], [-80.9439479828798, 28.5912443668404], [-80.9438879836909, 28.5911903661374], [-80.9438619833824, 28.5911533662215], [-80.9438309828408, 28.5910863667137], [-80.9438069835231, 28.5910093667421], [-80.9438059834732, 28.5909033663249], [-80.9438189831716, 28.5907373667233], [-80.9438439834274, 28.5905883661107], [-80.9438649835011, 28.590540366583], [-80.9438879836679, 28.5905043667122], [-80.9439119829823, 28.5904823665911], [-80.9439519830393, 28.5904643666549], [-80.9440759833968, 28.5904333661139], [-80.9441169835009, 28.5904333661128], [-80.9441369835298, 28.5904363662514], [-80.9441539834195, 28.59043936639], [-80.9441859831061, 28.5904453666673], [-80.9442249831173, 28.59044436662], [-80.9444089835604, 28.5903873666708], [-80.9444629833675, 28.5903593662707], [-80.9445149830811, 28.5903143659819], [-80.9445879837682, 28.5902323666754], [-80.9446219835451, 28.5901633661739], [-80.9446409835262, 28.5901253662105], [-80.9446779834422, 28.590053366469], [-80.9447069838864, 28.5899843659677], [-80.9447199835883, 28.5899233658375], [-80.9447339833371, 28.5898763663564], [-80.9447369834749, 28.5898333661616], [-80.9447339833332, 28.5897603663749], [-80.9447319832398, 28.5897413663935], [-80.9446889830409, 28.5896803662648], [-80.944635983277, 28.5896133658583], [-80.9445849836065, 28.589561366147], [-80.9445329829902, 28.5895103664821], [-80.9444609832435, 28.5894303663727], [-80.9444109836187, 28.5893583657344], [-80.9443559837614, 28.5892723662457], [-80.9443239831735, 28.589206365885], [-80.9442989829113, 28.5891683659227], [-80.9442849831599, 28.5891353661919], [-80.9442589837494, 28.5890603663131], [-80.944257983702, 28.5890293657754], [-80.9442579837012, 28.5890043664151], [-80.9442599828939, 28.5889823662946], [-80.9442619829862, 28.5889673655992], [-80.9442829830597, 28.588912365747], [-80.944294983616, 28.5888963659043], [-80.944306983273, 28.5888803660616], [-80.9443229831157, 28.5888643662188], [-80.9443409830512, 28.5888493655229], [-80.9443549837007, 28.5888443661901], [-80.9443829832012, 28.5888373658649], [-80.9444149837867, 28.5888323656323], [-80.9444449833803, 28.5888313655851], [-80.9444939829563, 28.5888323656302], [-80.9445789833039, 28.5888403659988], [-80.9446339831586, 28.5888503655616], [-80.944654983234, 28.5888533657001], [-80.9446649836982, 28.5888573658854], [-80.9447029836635, 28.5888733657267], [-80.9447829837801, 28.5889113656875], [-80.9448029838093, 28.5889213661506], [-80.9448709833685, 28.5889473655554], [-80.9449099833802, 28.5889593661107], [-80.9449639831883, 28.5889633662947], [-80.945008983478, 28.5889633662935], [-80.9450409831641, 28.5889553659219], [-80.94505598386, 28.5889493656433], [-80.9450689835636, 28.5889393660788], [-80.9450769839346, 28.588929365615], [-80.9450879835446, 28.5888953658372], [-80.9450889835904, 28.5888763658557], [-80.9450889835891, 28.5888393659392], [-80.9450859834486, 28.58880036593], [-80.9450809832153, 28.5887643660599], [-80.9450779839736, 28.5887083661619], [-80.9450769839265, 28.5886893661805], [-80.9450769839252, 28.5886483660786], [-80.9450849833952, 28.5885933662267], [-80.9451049834221, 28.5885363662818], [-80.9451529838483, 28.5884553661229], [-80.9452099837929, 28.5883753660102], [-80.9452699838768, 28.5882983660364], [-80.9453309840068, 28.5882133656918], [-80.9453659838309, 28.5881683654035], [-80.9454119832662, 28.5881233660142], [-80.9454299832016, 28.588106366125], [-80.945485984, 28.5880523654189], [-80.9455099833142, 28.5880253659652], [-80.9455299833421, 28.5879993656588], [-80.9455539835554, 28.5879643658344], [-80.9455629839725, 28.587946365899], [-80.9455779837668, 28.5878723660655], [-80.9455829839964, 28.5878003654256], [-80.9455749836212, 28.5876843654444], [-80.9455669832487, 28.5876453654353], [-80.9455459840707, 28.5875823652133], [-80.9455159835758, 28.58752236603], [-80.9454619837645, 28.5874263651785], [-80.945406983907, 28.5873333653653], [-80.9453809835981, 28.5872843657925], [-80.945348983909, 28.5872043656821], [-80.945323983646, 28.5871413654602], [-80.9453109839398, 28.5870733659055], [-80.9453059837052, 28.5869963659335], [-80.9453009834693, 28.5868803650528], [-80.945307983791, 28.5867883652845], [-80.9453249836773, 28.5866893651913], [-80.9453629836389, 28.5865923651903], [-80.9453959833701, 28.5865443656623], [-80.9454429837514, 28.5865083657909], [-80.9455519834121, 28.5864553651298], [-80.9456069832661, 28.5864443655177], [-80.9456509835093, 28.5864403653311], [-80.9457209840599, 28.5864433654684], [-80.9457769839614, 28.5864633654947], [-80.9458149839274, 28.5864973652713], [-80.9458599833205, 28.5865803655204], [-80.9458669836468, 28.5866233657149], [-80.9458709838331, 28.5866443657889], [-80.9458879837261, 28.5867453650746], [-80.945893984007, 28.5868203658533], [-80.9459289838382, 28.5869863654537], [-80.9459579833876, 28.5870523658145], [-80.9461109841997, 28.5872633656993], [-80.9461809838538, 28.5873513652802], [-80.9462339836182, 28.5874323654365], [-80.9462839841423, 28.5875033660285], [-80.9463259842944, 28.58755536574], [-80.9463789840571, 28.587586365377], [-80.9464669836452, 28.5876113656343], [-80.9465479838071, 28.5876193660031], [-80.9466469839049, 28.5876203660469], [-80.9467139843161, 28.587617365906], [-80.9467909842919, 28.5876103655796], [-80.9468629840353, 28.5875923656425], [-80.9469489844279, 28.5875603659555], [-80.9470099836602, 28.5875223659911], [-80.947052983856, 28.5874883653131], [-80.9470969840972, 28.5874283652285], [-80.947146983717, 28.587351365255], [-80.9471699838834, 28.5873013656345], [-80.9471749841134, 28.5872403655046], [-80.9471759841576, 28.5871753651894], [-80.9471699838784, 28.587152365922], [-80.9471519839417, 28.5871313658482], [-80.9471329839589, 28.5871213653852], [-80.9471059845044, 28.5871163651541], [-80.9470419842323, 28.5871163651558], [-80.9470089844998, 28.5871233654812], [-80.9469899836181, 28.5871263656207], [-80.9469689844424, 28.587131365853], [-80.9469309844781, 28.5871463656501], [-80.9468559836964, 28.5871713659116], [-80.9468119843525, 28.5871733651061], [-80.9467779836739, 28.5871713659137], [-80.9467489841265, 28.5871643655899], [-80.9467079840214, 28.5871333650532], [-80.9466809836663, 28.5870913658049], [-80.946651984117, 28.5870283655831], [-80.9466079838703, 28.5869223651671], [-80.9465719839939, 28.5867933654832], [-80.9465349840713, 28.5866683650856], [-80.9464989841963, 28.5865803655037], [-80.9464649835147, 28.5864883657364], [-80.9464189840749, 28.5863953650237], [-80.9463689835505, 28.5863173650065], [-80.9463469834274, 28.5862723656189], [-80.9463349837684, 28.5862283653782], [-80.9463289834885, 28.58618636523], [-80.946325984247, 28.5861373656566], [-80.9463269833922, 28.5860813648592], [-80.946344984225, 28.5860053649329], [-80.9463799840474, 28.5859103650247], [-80.9464179840082, 28.5857903648568], [-80.9464919838396, 28.5856273653926], [-80.9465419834591, 28.5855433650947], [-80.9466229836177, 28.5854493652316], [-80.9466929841654, 28.5853653649331], [-80.9467579835822, 28.5852943652374], [-80.9467939843524, 28.5852593654126], [-80.9468649840483, 28.5852083648452], [-80.9469729836619, 28.5851353650556], [-80.9471489837302, 28.5849743647821], [-80.9471619843326, 28.5849453652361], [-80.9471649844708, 28.5849173648374], [-80.9471639844238, 28.5848973648095], [-80.9471479836805, 28.5848733645967], [-80.9471259844578, 28.5848623649867], [-80.9470929838256, 28.5848613649412], [-80.9470109836176, 28.584863365036], [-80.946931983549, 28.584872364556], [-80.9468509842868, 28.5848763647435], [-80.9467969835793, 28.5848733646059], [-80.946734984299, 28.5848603649042], [-80.9466919841012, 28.5848343645994], [-80.9466029835661, 28.5847683651394], [-80.9465309838196, 28.5846933652618], [-80.9464359839048, 28.5846153652457], [-80.9463539836947, 28.5845543651181], [-80.9462809839029, 28.584513365018], [-80.9461469839777, 28.5844573651235], [-80.9459849836527, 28.5844093647012], [-80.9458069834848, 28.5843683646039], [-80.945674983653, 28.5843313646908], [-80.9454759834095, 28.584278364937], [-80.9454259837866, 28.5842643651886], [-80.9450939836646, 28.5841653651046], [-80.9450249831598, 28.5841443650322], [-80.9449349834791, 28.584122364914], [-80.9448849829566, 28.5841013648412], [-80.9448519832233, 28.584086365046], [-80.9448179834435, 28.5840673650654], [-80.9447589834016, 28.584011365169], [-80.9447389833714, 28.5839723651602], [-80.9447299829531, 28.5839523651326], [-80.9447229835262, 28.5839123650772], [-80.9447229835253, 28.5838833646322], [-80.9447389833668, 28.5838333650118], [-80.9447989834512, 28.5837723648805], [-80.9449009836854, 28.5836923647666], [-80.9450259831882, 28.5836073644203], [-80.9451329836553, 28.5835503644731], [-80.9452339838437, 28.5834883642943], [-80.9452919838359, 28.5834453649974], [-80.9453729830962, 28.5833813647264], [-80.9455569835346, 28.5831853646289], [-80.9456619839071, 28.5830773641163], [-80.945769983519, 28.5829533646604], [-80.9458309836497, 28.5828863642509], [-80.9458529837701, 28.5828533645192], [-80.9458679835659, 28.5828223648804], [-80.9458699836572, 28.582777364593], [-80.9458689836095, 28.58273936463], [-80.9458679835628, 28.5827283641202], [-80.9458629833302, 28.5827113642315], [-80.9458559839041, 28.5826953643893], [-80.9458479835325, 28.5826843647789], [-80.9458269834568, 28.5826703641305], [-80.9458129837062, 28.582664364752], [-80.9457769838338, 28.5826523641967], [-80.9457369837756, 28.5826363643553], [-80.945699983857, 28.5826293640318], [-80.9456759836424, 28.5826263647927], [-80.9456129834167, 28.5826263647943], [-80.9454249836853, 28.5826243647065], [-80.9452759830662, 28.5826343642747], [-80.9451719836358, 28.582633364231], [-80.9449859830984, 28.5826453647922], [-80.9447509829844, 28.5826393645201], [-80.944634982997, 28.5826353643378], [-80.9445829832814, 28.5826253647749], [-80.9444939827477, 28.5826023646103], [-80.9444419830316, 28.5825763643057], [-80.9443949835474, 28.5825463647148], [-80.9443439829782, 28.5825133640857], [-80.9443109832445, 28.58248736468], [-80.9442239828006, 28.5823723647471], [-80.9440789832591, 28.5821623640092], [-80.9439489826153, 28.5819583644483], [-80.9439149828341, 28.5819003644585], [-80.9438609830206, 28.5817363640519], [-80.9438439831282, 28.5816533638021], [-80.9438299833762, 28.5816053642753], [-80.9438249831418, 28.5815313644423], [-80.943824983138, 28.5814203637933], [-80.9438269832292, 28.5813733643124], [-80.9438309825142, 28.5813333642567], [-80.9438429830698, 28.5812933642008], [-80.9439379829773, 28.581157364189], [-80.9440569830999, 28.5810413642044], [-80.9440719828964, 28.5810313637404], [-80.9441319829809, 28.5809713636555], [-80.9441629826199, 28.580945364248], [-80.9442139831868, 28.5809083643301], [-80.9442409826404, 28.5808853641625], [-80.9442919832067, 28.5808303643096], [-80.9443349834018, 28.5807773636502], [-80.9443469830586, 28.5807553644287], [-80.9444009828631, 28.5806513641028], [-80.9444229829829, 28.5805963642505], [-80.9444359826848, 28.580534364074], [-80.944433983488, 28.5804353639814], [-80.944431983394, 28.5803973640185], [-80.9444209828808, 28.5803183639539], [-80.9444139834543, 28.580289363509], [-80.9443799827745, 28.5802503635006], [-80.9442659828761, 28.5801343635221], [-80.9442519831251, 28.580115363541], [-80.9441679828216, 28.5800373635247], [-80.9441499828854, 28.5800323641927], [-80.9441099828276, 28.580027363962], [-80.9440759830484, 28.5800263639165], [-80.9439619831539, 28.5800273639658], [-80.9439119826322, 28.5800283640135], [-80.9438679832887, 28.5800413637179], [-80.9438409829356, 28.580057363561], [-80.9438109833434, 28.5800973636175], [-80.9437959826482, 28.5801263640629], [-80.943783982992, 28.5801663641188], [-80.9437759826213, 28.5801823639614], [-80.9437539825006, 28.5802103634614], [-80.9437389827042, 28.580222364018], [-80.9437109832041, 28.5802433640929], [-80.9436889830828, 28.5802523636114], [-80.9436609826828, 28.5802523636121], [-80.943632983182, 28.5802523636128], [-80.9434419824112, 28.5802233640721], [-80.9432539826777, 28.5801593638081], [-80.9431279831243, 28.5801193637558], [-80.9430339823579, 28.5800773636099], [-80.943008982996, 28.5800663639999], [-80.9429179823691, 28.5800323642249], [-80.9429069827579, 28.5800303641324], [-80.94273698296, 28.5799533641646], [-80.9426009829422, 28.579903363649], [-80.9425489823267, 28.5798733640583], [-80.9424959825639, 28.5798393642822], [-80.9424829828598, 28.5798343640507], [-80.9424549824592, 28.5798183642091], [-80.9423579824521, 28.5797513638036], [-80.9422689828156, 28.5796683635557], [-80.9422249825693, 28.5795763637886], [-80.9421789822308, 28.579503364003], [-80.9421299826523, 28.5794283641248], [-80.9421149819554, 28.5794063640047], [-80.9420949828248, 28.5793713641814], [-80.9420769819887, 28.5793493640613], [-80.9420429822089, 28.5793313641271], [-80.9420129826145, 28.5793073639147], [-80.9419839821671, 28.5792783634704], [-80.9419549826186, 28.5792393634619], [-80.9419329824957, 28.5792023635459], [-80.9419299823559, 28.5791833635645], [-80.9419179826975, 28.5791593633516], [-80.9419059821402, 28.5791483637413], [-80.9418609827494, 28.5791353640391], [-80.9418229818852, 28.5791313638547], [-80.9417849819196, 28.5791093637351], [-80.9417479820001, 28.5790773640513], [-80.941723982684, 28.5790473635606], [-80.9417119821265, 28.5790303636722], [-80.9416779823462, 28.5789953638492], [-80.9416619825014, 28.5789463633768], [-80.9416399823762, 28.5788403638595], [-80.9416389823284, 28.5787983637111], [-80.9416129820203, 28.5787763635913], [-80.9415989822689, 28.5787453639532], [-80.9415939820351, 28.5786913632487], [-80.9416129820163, 28.578655363378], [-80.9416129820158, 28.5786423636747], [-80.9416009823569, 28.5785993634803], [-80.9415909818912, 28.5785503639071], [-80.9415969821661, 28.578445363536], [-80.9415979822087, 28.57833336374], [-80.9416029824401, 28.578313363712], [-80.9416069826253, 28.5783013631557], [-80.9416009823456, 28.5782643632393], [-80.9415879826406, 28.5782313635085], [-80.9415739819902, 28.578211363481], [-80.9415389821634, 28.5781763636581], [-80.9415009821974, 28.5781403637889], [-80.9414689825103, 28.5781183636692], [-80.9414519817211, 28.5781113633451], [-80.9414239822198, 28.5780933634108], [-80.9413829821154, 28.5780843638939], [-80.9413539825681, 28.5780803637093], [-80.9413169817504, 28.5780803637102], [-80.941302982, 28.5780803637106], [-80.941273982453, 28.5780853630438], [-80.9412009817638, 28.5781013637874], [-80.9411179824092, 28.5781193637247], [-80.9410479818597, 28.5781513634113], [-80.941029981924, 28.5781573636899], [-80.941008981849, 28.5781663632084], [-80.9409669816989, 28.578176363673], [-80.9409019822801, 28.5781883633317], [-80.9408719817875, 28.5781963637033], [-80.9407729816899, 28.5782003638913], [-80.9406879822419, 28.5782003638935], [-80.9406719814994, 28.5781993638476], [-80.9406309822944, 28.5781913634778], [-80.9405889821436, 28.5781803638683], [-80.9405479820391, 28.5781673632667], [-80.9405249818707, 28.5781583637494], [-80.9404659818294, 28.5781213638344], [-80.9404409815678, 28.5780993637145], [-80.9404249817237, 28.5780693632236], [-80.9404119820186, 28.5780363634928], [-80.9403859817079, 28.5779343632617], [-80.9403759821415, 28.577884363642], [-80.9403709819077, 28.5778333630766], [-80.9403589822479, 28.5777633634292], [-80.9403369821238, 28.5776923637358], [-80.9403289817514, 28.5776593631055], [-80.9403259816113, 28.5776323636526], [-80.940321981424, 28.5775813630871], [-80.9403099817636, 28.5774973636901], [-80.9403019813908, 28.5774503633102], [-80.9402979821028, 28.577399363644], [-80.9402979821011, 28.5773483630785], [-80.9402949819556, 28.5771613634031], [-80.9402929818609, 28.5771043634587], [-80.9402899817209, 28.5770813632919], [-80.9402879816248, 28.5769833632456], [-80.9402859815303, 28.5769333636258], [-80.9402929818539, 28.5768973628561], [-80.9403049815103, 28.5768593628928], [-80.9403149819733, 28.5768283632542], [-80.9403209813505, 28.5767713633096], [-80.9403349819976, 28.5766943633371], [-80.940341981422, 28.576659363513], [-80.9403639815398, 28.5765473628172], [-80.9403709818628, 28.5764893628262], [-80.9403709818619, 28.5764643634659], [-80.9403679817201, 28.5763873634938], [-80.9403529819204, 28.5762993630121], [-80.9403429814531, 28.5762023630124], [-80.9403349819792, 28.5761433629755], [-80.9403089816685, 28.5760423627907], [-80.9402899816842, 28.5759853628468], [-80.9402699816537, 28.5759353632275], [-80.9402579819954, 28.5759133631073], [-80.9402239813153, 28.5758643626353], [-80.9401919816275, 28.5758233625342], [-80.9401539816615, 28.575787362665], [-80.9401239820673, 28.5757693627306], [-80.9400939815738, 28.5757513627963], [-80.9400679812661, 28.57573936314], [-80.940023981922, 28.5757343629094], [-80.9399609816959, 28.5757213632077], [-80.9399129812666, 28.575710362699], [-80.9398889819514, 28.5757073625606], [-80.9398279818182, 28.5756963629516], [-80.9398019815104, 28.5756813631562], [-80.9397719819162, 28.5756623631755], [-80.9397539819796, 28.5756453632873], [-80.9397089816882, 28.5755933626766], [-80.9396919817982, 28.5755803629737], [-80.9396639813981, 28.5755793629281], [-80.9396439813694, 28.5755853632067], [-80.939618981109, 28.575599362957], [-80.9396099815909, 28.575604363189], [-80.9395929817017, 28.5756163628465], [-80.9395709815804, 28.575628362504], [-80.9395349817087, 28.5756373629221], [-80.9395039811696, 28.5756423631547], [-80.9394419818897, 28.5756453632954], [-80.9394139814896, 28.5756443632498], [-80.9393969815999, 28.5756413631112], [-80.9393619817739, 28.5756303626021], [-80.9393429817913, 28.5756243632238], [-80.9393269810485, 28.5756153628071], [-80.9392839817501, 28.5755883624558], [-80.9392529812101, 28.5755663632354], [-80.9392289809949, 28.5755453631619], [-80.9391879817886, 28.5754993628292], [-80.9391739811381, 28.5754753626163], [-80.9391599813869, 28.5754483631637], [-80.9391189812802, 28.5753713631926], [-80.9391029814359, 28.5753363624698], [-80.9390789812194, 28.5752743631936], [-80.9390739809867, 28.5752553632123], [-80.9390639814202, 28.5752053626934], [-80.939059981234, 28.5751853626656], [-80.9390519817605, 28.5751413624248], [-80.9390489816196, 28.5750903627586], [-80.9390479815717, 28.5750453624712], [-80.939047981571, 28.575024362397], [-80.9390499816626, 28.5749863624341], [-80.9390559810409, 28.5749633631663], [-80.9390649814578, 28.574942363092], [-80.9390869815781, 28.5749023630358], [-80.9391209813558, 28.5748543626084], [-80.9391559811795, 28.5747993627558], [-80.9391869817176, 28.5747623628384], [-80.9392629816451, 28.574699362614], [-80.9392829816735, 28.5746863629101], [-80.9393359814343, 28.5746623626955], [-80.9394019817983, 28.5746333622487], [-80.9394449810954, 28.5746213625906], [-80.9394659811705, 28.574618362451], [-80.9394979817566, 28.5746293629601], [-80.939535981722, 28.5746483629406], [-80.9395559817513, 28.574660362597], [-80.9395939817166, 28.5746763624384], [-80.9396079814671, 28.5746793625771], [-80.939627981496, 28.574680362623], [-80.9397169811294, 28.5746743623425], [-80.9397549810941, 28.5746723622488], [-80.9398109818943, 28.574670363054], [-80.9398799814989, 28.5746653628204], [-80.9399669819392, 28.5746723622433], [-80.940085982066, 28.5746783625183], [-80.9401249820772, 28.5746783625173], [-80.9401859813106, 28.5746753623766], [-80.9402579819528, 28.5746393625046], [-80.9402909816844, 28.5746043626799], [-80.940314981898, 28.5745773623269], [-80.9403349819259, 28.5745523629661], [-80.9403439814429, 28.5745093627712], [-80.9403479816267, 28.5744563630121], [-80.9403429813926, 28.5743953628824], [-80.9403259815012, 28.5743413621783], [-80.9403019812854, 28.5742993629299], [-80.9402799820623, 28.5742763627636], [-80.940269981598, 28.574268362393], [-80.9402539817542, 28.5742513625047], [-80.9402069813691, 28.5741733624873], [-80.940185981293, 28.5741473621819], [-80.9401689814028, 28.5741283622009], [-80.9401589818378, 28.5741223628224], [-80.9401419819476, 28.5741033628414], [-80.9401259812039, 28.5740703622113], [-80.9401109814059, 28.5740313622024], [-80.9400889812833, 28.5740023626572], [-80.9400499812702, 28.5739463627603], [-80.9400089811637, 28.5738743621216], [-80.9399689820025, 28.5737883626326], [-80.9399549813513, 28.5737433623455], [-80.939942981693, 28.5737213622253], [-80.939936981414, 28.5737043623367], [-80.9399349813206, 28.5736863624017], [-80.9399289819411, 28.5736763628376], [-80.9398919811209, 28.5736013620597], [-80.9398839816487, 28.5735953626811], [-80.9398569812942, 28.5735683623295], [-80.9397799813152, 28.5734813627951], [-80.9397579811928, 28.5734593626751], [-80.9397459815347, 28.5734443619801], [-80.9397219813196, 28.5734243619529], [-80.9396879815387, 28.5733743623339], [-80.9396649813696, 28.5733423626498], [-80.9396349817752, 28.5733173623909], [-80.9396239812643, 28.5733043626879], [-80.9396109815601, 28.5732973623637], [-80.9395859812987, 28.5732793624293], [-80.9395659812691, 28.5732583623557], [-80.9395339815818, 28.5732303619578], [-80.9395039810886, 28.5732213624407], [-80.939471981402, 28.573214362117], [-80.9394399817152, 28.5732023624609], [-80.939407981129, 28.573185362573], [-80.9393739813489, 28.5731593622679], [-80.9393549813657, 28.5731373621479], [-80.9393439817538, 28.5731143619813], [-80.9393389815207, 28.5730823622966], [-80.9393379814729, 28.5730423622411], [-80.9393379814717, 28.5730043622781], [-80.9393389815173, 28.5729813621112], [-80.939338981517, 28.572971362547], [-80.93935198122, 28.5729443621943], [-80.9393769814799, 28.5729153626479], [-80.9393949814149, 28.5728843621098], [-80.9394099812107, 28.5728543625173], [-80.9394199816739, 28.5728283622111], [-80.9394209817197, 28.572810362276], [-80.9394209817174, 28.5727413617753], [-80.9394129813448, 28.5727023617662], [-80.9394059810192, 28.5726783624525], [-80.9393969814994, 28.5726363623044], [-80.9393519812067, 28.5725453625837], [-80.9393269809448, 28.5725143620466], [-80.939281981553, 28.5724693617604], [-80.9392629815698, 28.5724453624469], [-80.9392209814188, 28.5724293617063], [-80.9391439814424, 28.5724203621904], [-80.9391119808569, 28.5724273625158], [-80.9390879815418, 28.5724303617561], [-80.9390659814206, 28.5724393621739], [-80.9390499815777, 28.5724493617386], [-80.9389509814815, 28.5724933619822], [-80.9389249811745, 28.5725033624465], [-80.9388979808211, 28.5725113619187], [-80.938850981338, 28.5725113619199], [-80.9388249810305, 28.5725053625418], [-80.9388009808156, 28.5724933619861], [-80.9387549813779, 28.5724643624416], [-80.9387189815049, 28.5724343619512], [-80.938690981104, 28.5724093625916], [-80.9386539811844, 28.572373361823], [-80.9386359812479, 28.5723593620739], [-80.9386279808764, 28.5723533617959], [-80.9386139811257, 28.5723443622784], [-80.9385939810965, 28.5723313625756], [-80.9385619814097, 28.5723183619738], [-80.9385369811486, 28.5723113625493], [-80.9384779811083, 28.572306362319], [-80.9384559809864, 28.5722983619487], [-80.9384289806326, 28.5722933617176], [-80.9383749808243, 28.5722843622012], [-80.9382859811896, 28.5722513624723], [-80.9382569807421, 28.5722223620281], [-80.9382159806353, 28.5721403618252], [-80.9382119813483, 28.5721193617511], [-80.9382109812998, 28.5720563624279], [-80.9382129813916, 28.5720273619829], [-80.9382259810938, 28.5719733621772], [-80.9382319813714, 28.5719483619175], [-80.938237980748, 28.5718733620378], [-80.9382429809787, 28.5718343620284], [-80.938256980726, 28.5717393621208], [-80.9382609809092, 28.5716673623802], [-80.9382619809537, 28.5716123616292], [-80.938258980813, 28.5715663621949], [-80.9382419809218, 28.5715193618152], [-80.9382109812808, 28.5714883621776], [-80.9381799807404, 28.5714563615943], [-80.9381109811335, 28.5713923622265], [-80.9380299809693, 28.5713183614962], [-80.9380099809397, 28.5712953622292], [-80.9379889808634, 28.5712613615529], [-80.9379199812567, 28.5712073617494], [-80.9378039812667, 28.5711253615484], [-80.9376719805344, 28.5710513617187], [-80.9375749805277, 28.5709963618696], [-80.937538980655, 28.57097436175], [-80.937461980678, 28.5709463622527], [-80.9374309810376, 28.57093636179], [-80.9374009805446, 28.5709323616053], [-80.9373479807831, 28.5709343616994], [-80.9373189803369, 28.570942362071], [-80.9372839805118, 28.5709583619143], [-80.9372389811227, 28.570995361832], [-80.9371329807041, 28.5711133619089], [-80.9371089804904, 28.5711373621228], [-80.9370879804157, 28.5711533619658], [-80.9370659802945, 28.571167361716], [-80.9370139805802, 28.5711913619306], [-80.9369669801986, 28.5712193623305], [-80.9369379806519, 28.571233362081], [-80.9368569804915, 28.5712723620923], [-80.9368249808056, 28.5712863618428], [-80.9367539802095, 28.571313362197], [-80.9366999804022, 28.5713323621798], [-80.9366399803163, 28.5713503621165], [-80.9365959800736, 28.5713663619601], [-80.9365069804412, 28.5714023618326], [-80.9364129805762, 28.5714223618628], [-80.936325980137, 28.5714503622638], [-80.9362469800682, 28.5714523623586], [-80.936174980324, 28.5714463620823], [-80.9361389804518, 28.5714423618978], [-80.9361189804229, 28.5714393617593], [-80.9360859806898, 28.5714303622422], [-80.9360509799645, 28.5714193617332], [-80.9360009803413, 28.5713963615676], [-80.9359469805324, 28.5713713622087], [-80.9358789800736, 28.5713373615337], [-80.9358499805254, 28.5713073619424], [-80.9358299804958, 28.571281361637], [-80.9358089804188, 28.5712303619713], [-80.9358039801855, 28.5711903619158], [-80.9358089804131, 28.5710593621382], [-80.9358099804531, 28.5708663621845], [-80.9358029801269, 28.5708273621754], [-80.9358029801262, 28.5708063621012], [-80.9358009800287, 28.5706663619066], [-80.9357979798882, 28.5706273618974], [-80.9357969798409, 28.5705993614987], [-80.9357889803676, 28.5705603614896], [-80.9357599799194, 28.5705083617778], [-80.9357489803077, 28.5704923619357], [-80.9357219799532, 28.5704683617231], [-80.9357049800632, 28.570457362113], [-80.9356739804228, 28.5704433614648], [-80.935534980265, 28.570371361728], [-80.9354769802701, 28.5703323617203], [-80.9354329800258, 28.5703003620366], [-80.9353559800475, 28.5702333616307], [-80.9353339799251, 28.5702133616034], [-80.935291979773, 28.5701633619847], [-80.9352759799295, 28.5701523614751], [-80.9352609801323, 28.5701413618649], [-80.9352159798418, 28.5701143615138], [-80.935179979969, 28.5700943614869], [-80.9351549797078, 28.5700823618307], [-80.9350919803806, 28.570058361619], [-80.9350629799338, 28.5700473620092], [-80.934956980409, 28.5700023617245], [-80.9349139802112, 28.5699733612806], [-80.9348899799961, 28.5699533612535], [-80.93485498017, 28.5699363613656], [-80.9348309799545, 28.5699063617741], [-80.9347979802205, 28.5698713619512], [-80.9347759800984, 28.5698573613027], [-80.9347329798991, 28.5697833614708], [-80.9346809801815, 28.5697123617781], [-80.9346289795638, 28.5696173618721], [-80.9346119796735, 28.5695973618447], [-80.9345799799863, 28.569572361586], [-80.934503980055, 28.5695233611151], [-80.9344929795442, 28.5695143615975], [-80.9344419798741, 28.5694743615432], [-80.9344089801402, 28.5694413618129], [-80.9343799796914, 28.569372361313], [-80.9343809797364, 28.5693293611183], [-80.9343869800141, 28.5693083619433], [-80.9343899801529, 28.5692973614333], [-80.9343909801984, 28.5692673618412], [-80.9343959795307, 28.5692573613775], [-80.9344019798086, 28.5692393614422], [-80.9344029798547, 28.5692303619243], [-80.9344069800394, 28.5692033615719], [-80.9344149795103, 28.5691703618406], [-80.9344169796025, 28.569151361859], [-80.9344169796017, 28.5691303617849], [-80.9344159795547, 28.5691133618962], [-80.9344179796466, 28.5690833614047], [-80.9344269800634, 28.5690583611449], [-80.9344339794882, 28.5690383611169], [-80.934434979534, 28.5690203611817], [-80.9344359795799, 28.5690023612466], [-80.9344359795783, 28.5689543617195], [-80.9344339794847, 28.5689333616453], [-80.934433979484, 28.5689103614785], [-80.9344339794829, 28.5688793618401], [-80.9344379796658, 28.5687963615896], [-80.9344279800999, 28.5687623618123], [-80.9344209797746, 28.5687483611635], [-80.9343129801547, 28.5686333612312], [-80.9342649797248, 28.5686013615477], [-80.9342159801474, 28.568560361447], [-80.9341909798858, 28.5685393613735], [-80.9341419794091, 28.5684983612728], [-80.9341009793039, 28.56846336145], [-80.9340609792454, 28.5684383611915], [-80.9340139797609, 28.5683973610907], [-80.9339859793596, 28.5683623612675], [-80.9339719796085, 28.5683373610083], [-80.9339639792365, 28.5683173609807], [-80.9339579798564, 28.5682893614816], [-80.9339559797628, 28.5682633611757], [-80.9339609799932, 28.5682163616947], [-80.9339679794175, 28.568180360925], [-80.9339709795563, 28.5681663611752], [-80.9339799799731, 28.5681393608227], [-80.9340239793147, 28.5680703612202], [-80.9340439793422, 28.5680313612104], [-80.9340579799909, 28.568001361618], [-80.9340729797866, 28.5679663608944], [-80.9340749798779, 28.5679213615062], [-80.9340579799876, 28.5679013614789], [-80.9340249793547, 28.5678773612665], [-80.9339089793658, 28.567829360843], [-80.9338539795087, 28.5677513608259], [-80.9337249798133, 28.5676253612836], [-80.933503979445, 28.5674783607701], [-80.9332239790383, 28.5673843609165], [-80.9329369792092, 28.5673813607849], [-80.9328249794058, 28.5673293610752], [-80.9327989790959, 28.5672513610573], [-80.9328439793819, 28.5671403613064], [-80.9329909790016, 28.5669163608113], [-80.9330899790929, 28.5667253609477], [-80.9331379795152, 28.566527360761], [-80.933101979636, 28.5663123606877], [-80.9329359791244, 28.5662343606735], [-80.9326449791116, 28.5662893605327], [-80.9322909788752, 28.5664063605698], [-80.9320039790482, 28.5664683607535], [-80.931878978641, 28.5664003612017], [-80.9318919792385, 28.5662273612755], [-80.9320429790427, 28.5659683609564], [-80.932167979437, 28.5656493605544], [-80.9320659791793, 28.565026360455], [-80.9320309793432, 28.564712360289], [-80.9319419788054, 28.5645663607178], [-80.9317989784612, 28.5644693607215], [-80.9316559790195, 28.5644693607252], [-80.9315419791267, 28.564519360348], [-80.9313579786811, 28.5645013604178], [-80.9312439787819, 28.5643603601796], [-80.9311489788634, 28.5641683602748], [-80.931076978214, 28.5639853598873], [-80.9309739788265, 28.5638813604648], [-80.9308069782712, 28.5638853606546], [-80.9306589785999, 28.5639583604452], [-80.9305209784922, 28.5639933602726], [-80.9304659786359, 28.5639393604688], [-80.9303489785954, 28.5637343599618], [-80.9302029781062, 28.5634643600398], [-80.9300459780067, 28.5632223605167], [-80.9300159784046, 28.5629663603413], [-80.9301229779669, 28.5627473600789], [-80.9303569780291, 28.5625903599893], [-80.9312179784063, 28.5623133597165], [-80.9315799790133, 28.5621783597441], [-80.9317899788622, 28.5620553594327], [-80.9319999787095, 28.5618873597332], [-80.9321839791517, 28.5618023593854], [-80.9321969788506, 28.5616513595797], [-80.9321279792379, 28.5614153594331], [-80.9320009787307, 28.5611343599], [-80.9318829786396, 28.5608033598473], [-80.9318119789324, 28.5605163591353], [-80.9316729787675, 28.5602303593706], [-80.93157797885, 28.5600673590115], [-80.9315589788634, 28.5599443596054], [-80.9316539787716, 28.5598263595287], [-80.9318449786378, 28.5596973589396], [-80.9323659785307, 28.5595913594081], [-80.9327789788071, 28.5594723592768], [-80.9333129793031, 28.5593603594669], [-80.9337779792978, 28.5593323590561], [-80.9340889793414, 28.5593383593262], [-80.9342419792428, 28.5592093587381], [-80.9342769790607, 28.5589793588669], [-80.9340979797398, 28.5587603586119], [-80.9338439796381, 28.5585973591563], [-80.9335269793143, 28.5585413592665], [-80.9332899791048, 28.5584543588369], [-80.9332529791859, 28.5584403590882], [-80.9330439793761, 28.55834435914], [-80.9329669793965, 28.5582383587247], [-80.9328599789208, 28.558036359256], [-80.9327569786285, 28.5577663584335], [-80.932642978725, 28.557497358557], [-80.9324899788139, 28.5573343590986], [-80.9321729784889, 28.557244358532], [-80.931902978548, 28.5571993582517], [-80.9317369789365, 28.557143358358], [-80.9316869784091, 28.5569753586652], [-80.931680979021, 28.5567053587395], [-80.9316539786578, 28.5564193580726], [-80.9316479783703, 28.5561503581933], [-80.93174397832, 28.555886358543], [-80.9319919790318, 28.5557283584067], [-80.9323789789999, 28.5555773585913], [-80.9328499792717, 28.5555103581711], [-80.9333069788895, 28.5553143580665], [-80.9338329790074, 28.5549993578395], [-80.9339719791577, 28.5548473579842], [-80.9341049790284, 28.5546623583979], [-80.9341879792745, 28.5544103575057], [-80.9341119793308, 28.5539893577765], [-80.9340869790575, 28.5536183576658], [-80.9338519789334, 28.5533103577831], [-80.9335299792702, 28.5530523575226], [-80.9333199785128, 28.5529003576764], [-80.9332569791777, 28.552636357131], [-80.9333019785619, 28.552451357547], [-80.933530979289, 28.5522263570033], [-80.9336639791609, 28.5520743571481], [-80.9336709785815, 28.5519283575743], [-80.9334419787441, 28.5518673574506], [-80.9332129789104, 28.5519173570764], [-80.9331739788993, 28.5519203572165], [-80.9329269791286, 28.5519403572507], [-80.9327169783723, 28.551822357182], [-80.9326279787314, 28.5516033569247], [-80.9327099789303, 28.5513273576178], [-80.9331649784483, 28.5509243569106], [-80.9333939791692, 28.5505093565522], [-80.9334259788464, 28.5502343572931], [-80.9332859786312, 28.5498303565549], [-80.9332739789625, 28.5494983564532], [-80.9334039786828, 28.5489763565332], [-80.933555978528, 28.548555356798], [-80.9339119788477, 28.548151356047], [-80.9341479789916, 28.5476623558553], [-80.9341709791529, 28.5474603563832], [-80.9343709793834, 28.5457323554134], [-80.9343069790938, 28.5452073553593], [-80.9342059788915, 28.5448533560387], [-80.9338849783737, 28.544545355259], [-80.9334779783653, 28.5443523553158], [-80.9332159787918, 28.5441923551001], [-80.9330559785538, 28.5439683555122], [-80.9329309781429, 28.5437903553578], [-80.9328899789362, 28.5437313553217], [-80.9328089787706, 28.5436153553424], [-80.9327239784192, 28.5434933550849], [-80.9327109787146, 28.5434743551039], [-80.9327009782502, 28.5434643555398], [-80.9323549783694, 28.5431113553726], [-80.9323449779049, 28.543100354863], [-80.9321579782169, 28.5430073550533], [-80.9320939779412, 28.5428983553979], [-80.9320759779989, 28.5427093547308], [-80.9320749779492, 28.5426113546845], [-80.9321359780737, 28.5423613547848], [-80.9322089778573, 28.5421553551259], [-80.9322409784396, 28.5420533548933], [-80.9322639786061, 28.5420063554118], [-80.9322919781051, 28.5419543547992], [-80.9323299780675, 28.5418823550578], [-80.9324029778533, 28.5417433549076], [-80.9324139783631, 28.5417213547867], [-80.9324369785299, 28.5416843548695], [-80.932463977983, 28.5416473549523], [-80.9325269782062, 28.5415733551175], [-80.9325769787261, 28.5415193544116], [-80.9327769781089, 28.541338355009], [-80.9328979783251, 28.5412433550986], [-80.9330789786266, 28.5411143545097], [-80.9331859781941, 28.5410503551374], [-80.9332909785684, 28.5409953543837], [-80.9334909788532, 28.540893355046], [-80.9335509789387, 28.540863354553], [-80.933754978509, 28.5407383550483], [-80.9338429789939, 28.5406883545268], [-80.9339099785048, 28.540658354933], [-80.9341049785574, 28.5405493543716], [-80.9342019785605, 28.5404963546102], [-80.9342499789887, 28.5404763545811], [-80.9343819788189, 28.5404663541141], [-80.9345989789977, 28.5404963545999], [-80.9346159788874, 28.5404983546921], [-80.9347949791018, 28.5405423549285], [-80.934897979386, 28.5405683543325], [-80.9349499791049, 28.5406773548874], [-80.9350089791491, 28.5408023543853], [-80.9350549794884, 28.5409003544304], [-80.9352919788125, 28.5414023543131], [-80.9354379792984, 28.5415733550418], [-80.9355389794911, 28.5416383544551], [-80.9356129793291, 28.5416753543698], [-80.9357469792544, 28.5417343544033], [-80.9357929795911, 28.5417533543836], [-80.9358339796956, 28.5417673550315], [-80.9358599791037, 28.5417723552627], [-80.9358859794111, 28.5417773545944], [-80.9359919789351, 28.5417993547122], [-80.9360169791962, 28.5418043549434], [-80.9360489797821, 28.5418103552206], [-80.9361219795727, 28.541817354644], [-80.9361979795024, 28.5418183546883], [-80.9362499792176, 28.5418193547333], [-80.9363009797858, 28.5418203547784], [-80.9363559796402, 28.5418213548233], [-80.9364129795875, 28.5418223548681], [-80.936436979802, 28.5418233549139], [-80.9364819791924, 28.5418243549591], [-80.9365579791221, 28.5418253550035], [-80.9365979791798, 28.5418263550487], [-80.9366689797767, 28.5418273550933], [-80.9367219795384, 28.5418283551383], [-80.9367529791784, 28.5418283551374], [-80.9367819796248, 28.5418283551367], [-80.9368189795432, 28.5418273550894], [-80.9368649798793, 28.5418263550418], [-80.9369249799657, 28.5418253549939], [-80.9369549795592, 28.5418243549468], [-80.9370519795641, 28.5418223548515], [-80.9371069794185, 28.5418213548037], [-80.9372139798873, 28.5418193547082], [-80.9372669796489, 28.5418183546605], [-80.9373559801818, 28.5418163545655], [-80.9374419796761, 28.5418143544705], [-80.9374989796235, 28.5418163545617], [-80.9375479800989, 28.5418193546995], [-80.9376549796686, 28.5418233548822], [-80.9377699796097, 28.5418293551573], [-80.9378689797075, 28.5418333544409], [-80.9379499798693, 28.5418373546242], [-80.9380789795608, 28.5418423548526], [-80.9381719802795, 28.541847355082], [-80.9382539795888, 28.5418613548295], [-80.9383669803368, 28.5418813548544], [-80.9384419802205, 28.5418933545094], [-80.9385699798661, 28.541916354673], [-80.9386369802776, 28.5419223549494], [-80.9387099800685, 28.5419363546972], [-80.9387479800336, 28.5419433550207], [-80.9388059800276, 28.5419553546761], [-80.9388439799929, 28.5419673552314], [-80.9389489803701, 28.5420023550525], [-80.9389779799182, 28.5420293545048], [-80.9390039802246, 28.5420043551438], [-80.9390269803919, 28.5419823550227], [-80.9390399800955, 28.5419703544661], [-80.939052979799, 28.5419573547624], [-80.9390649803556, 28.5419463551515], [-80.93907497992, 28.5419363546877], [-80.9391719799217, 28.5418423548242], [-80.9392129800245, 28.5418043548602], [-80.9393019805524, 28.5416533550526], [-80.9393179803941, 28.541606354672], [-80.939360980587, 28.5414893546431], [-80.9393989805484, 28.5413853543176], [-80.9394099801585, 28.5413553547252], [-80.9394239799075, 28.5413123545301], [-80.9394349804167, 28.5412763546596], [-80.9394439799342, 28.5412503543535], [-80.9394559804899, 28.5412133544366], [-80.9394819798952, 28.5411353544173], [-80.9395029799683, 28.5410703550009], [-80.9395259801339, 28.5409993544069], [-80.9395679802811, 28.5409013543594], [-80.939586980262, 28.5408563540715], [-80.939605980243, 28.5408133547756], [-80.9396109804747, 28.5408023542656], [-80.9396539806682, 28.540701354079], [-80.9395279802116, 28.5405463540915], [-80.9394559804647, 28.5404583545106], [-80.9394219806843, 28.5404223546413], [-80.9392049804928, 28.54001135448], [-80.9391869805554, 28.5399723544711], [-80.9390639802335, 28.5396793543816], [-80.9389709804069, 28.5394573539853], [-80.9389669802171, 28.5393333545323], [-80.9389589798387, 28.5391193545047], [-80.93896097993, 28.5390723541245], [-80.9389769797545, 28.5385113541981], [-80.9389919804349, 28.5380403539473], [-80.9390019799962, 28.5379373536689], [-80.9390489803609, 28.5374043532411], [-80.9390549797379, 28.5373423539641], [-80.9390919796499, 28.5371483539631], [-80.9391079803896, 28.5370633536196], [-80.939146980394, 28.536859353155], [-80.9391929798258, 28.5367103534412], [-80.9393149800786, 28.5363223534379], [-80.9394949803252, 28.5359373535722], [-80.9395229798203, 28.5357693529781], [-80.9395259799556, 28.5356533529965], [-80.9395199805714, 28.5355003530986], [-80.9395119801986, 28.5354523535717], [-80.9394619805701, 28.5352713532762], [-80.9394589804305, 28.5352603527664], [-80.9393939801075, 28.5351243527588], [-80.9393639805126, 28.5350843527039], [-80.9393139799888, 28.5350233534748], [-80.9392819803016, 28.5349963531233], [-80.9391979799988, 28.5349423533201], [-80.9391559798476, 28.5349203532007], [-80.9390609799339, 28.5348703526839], [-80.9390269801541, 28.5348523527497], [-80.9390089802179, 28.5348443532787], [-80.9389839799567, 28.5348343528158], [-80.9389409797595, 28.5348233532063], [-80.9389099801191, 28.5348113526508], [-80.9388389795213, 28.5347863532924], [-80.9387189802463, 28.5347433531008], [-80.9386999802636, 28.5347363527768], [-80.9386769800954, 28.5347293533522], [-80.9383819798929, 28.5346663531373], [-80.9383679801424, 28.5346613529059], [-80.9383299801774, 28.5346563526751], [-80.9382039797255, 28.5346393527896], [-80.9381869798359, 28.5346383527437], [-80.938130979935, 28.5346353526061], [-80.9380129798548, 28.5346353526091], [-80.938000979298, 28.5346383527485], [-80.9378979799143, 28.5346453530757], [-80.9378649792826, 28.5346583527799], [-80.9377999798645, 28.5346903533657], [-80.9377809798825, 28.5347023530232], [-80.9377609798541, 28.5347163527733], [-80.937719979751, 28.5347443531731], [-80.9377019798171, 28.5348063533497], [-80.9376899792611, 28.5348323527567], [-80.9376689791878, 28.5348913527944], [-80.937655979485, 28.5349273526649], [-80.9376339793654, 28.5349893528416], [-80.9376019796821, 28.5350793534173], [-80.9375869798867, 28.5351203535197], [-80.9374709799102, 28.5354463533466], [-80.9374249795831, 28.535714353181], [-80.9373639794623, 28.5360773538223], [-80.9373279795943, 28.5361953529982], [-80.9372879795403, 28.5363073536946], [-80.9372199790866, 28.5364273538633], [-80.9371199798454, 28.5365353534765], [-80.9370759796035, 28.5365753535333], [-80.9369969795368, 28.5366403538506], [-80.9368899790697, 28.536695353705], [-80.9368359792626, 28.5367233532058], [-80.9368019794839, 28.5367393539484], [-80.9367649795659, 28.5367523536527], [-80.9367349790733, 28.5367603540243], [-80.9366939789696, 28.5367703535896], [-80.9366339797826, 28.536775353823], [-80.9366029792434, 28.5367783539629], [-80.9365069792851, 28.5367813532051], [-80.9363789796402, 28.5367823532548], [-80.9362779794497, 28.5367813532111], [-80.9362629796529, 28.5367813532114], [-80.9360519788522, 28.5367203539864], [-80.9358119794021, 28.5366133535291], [-80.9357719793434, 28.5365823538917], [-80.9357329793303, 28.5365253539483], [-80.9355949792143, 28.5363143531638], [-80.9354729789343, 28.5358873531576], [-80.9354719788583, 28.5349993533614], [-80.9354789791749, 28.5347513535558], [-80.935444979388, 28.5345183526481], [-80.9352459791325, 28.534109352579], [-80.9350439787433, 28.5338633528716], [-80.9346719785581, 28.5335983531872], [-80.9340729786328, 28.5334063523961], [-80.9336579782579, 28.5333553527406], [-80.9331919782215, 28.5335223532998], [-80.9331739782859, 28.5335353530036], [-80.9328729778169, 28.5338263530115], [-80.9327039780802, 28.5341933529418], [-80.9326799778687, 28.5342803533782], [-80.932662977982, 28.5343683529614], [-80.932639977819, 28.534518352721], [-80.9326349784886, 28.5345893533145], [-80.9326049780047, 28.5348563531021], [-80.9325929783501, 28.5349473528243], [-80.9325859780287, 28.5350503531027], [-80.9325549783922, 28.5351563535207], [-80.932534978365, 28.535203353002], [-80.9324929782172, 28.5352833531144], [-80.9324859778928, 28.5352963537172], [-80.9324629777259, 28.5353303534953], [-80.9324349782262, 28.5353623531809], [-80.9324039776879, 28.5353933537194], [-80.9323809784198, 28.5354123537014], [-80.932348977835, 28.5354373530626], [-80.9323099778246, 28.5354633533695], [-80.9322829783706, 28.5354723537875], [-80.932178978042, 28.5355053535213], [-80.9320639781008, 28.5354973531535], [-80.9319899782632, 28.5354743529885], [-80.9319309782224, 28.5354513537224], [-80.9318279779371, 28.535392353688], [-80.9317719780348, 28.5353493534948], [-80.931361977883, 28.5350303531067], [-80.9306029777133, 28.5344233528666], [-80.9297499776754, 28.5337413527496], [-80.9288969767383, 28.5330593526325], [-80.9287169764741, 28.5329153531564], [-80.9282459770928, 28.5327183530295], [-80.9275239768611, 28.5326983530204], [-80.9265099765762, 28.5329153532138], [-80.9258979760602, 28.5330993527662], [-80.9257759757952, 28.5331223529362], [-80.9253719759346, 28.5331843531229], [-80.9250779757815, 28.5332093533901], [-80.9248339761493, 28.5332073533037], [-80.9247079756976, 28.5331963527971], [-80.9244829760463, 28.5331503533685], [-80.9243819758551, 28.5331313533897], [-80.9238989759173, 28.532943352781], [-80.9238329755515, 28.532917353376], [-80.923785975168, 28.5328853527932], [-80.92358797587, 28.5328303529466], [-80.9233799752073, 28.532733352952], [-80.9231409748964, 28.5323883531528], [-80.9229009754357, 28.5319623531961], [-80.92258097495, 28.5312263523605], [-80.9219809749529, 28.5302723522182], [-80.921591974868, 28.5297033519315], [-80.921254974499, 28.5291543525706], [-80.9210769743211, 28.5288153521486], [-80.9210519749557, 28.5286983521214], [-80.9209969741942, 28.5284653521135], [-80.9209819743814, 28.5279873515389], [-80.9209739748943, 28.527531351984], [-80.9209769741332, 28.5275013514926], [-80.9209919748233, 28.5273203520948], [-80.9209959741081, 28.5272743517609], [-80.9210539740867, 28.5268253516295], [-80.9210589743069, 28.526469351314], [-80.9210589743065, 28.5264563516107], [-80.9210399743192, 28.5263093510919], [-80.9210169741453, 28.5261323509812], [-80.9209059743775, 28.5257593516793], [-80.9207209747717, 28.5253443513318], [-80.9206409746517, 28.5252053511854], [-80.9205749742843, 28.5251283512149], [-80.9204609743849, 28.524981351598], [-80.9204209743257, 28.5249333511725], [-80.9203289745497, 28.5248403513603], [-80.920117973745, 28.5246583510227], [-80.9199149742112, 28.5244893512875], [-80.9197289736682, 28.5243353513479], [-80.9195309743671, 28.5241833506021], [-80.9192929741086, 28.5240193510996], [-80.9188919734776, 28.523772351351], [-80.9187159734002, 28.5236643508456], [-80.918643973655, 28.5236293510236], [-80.918543973509, 28.5235723510818], [-80.9184719737635, 28.5235283508426], [-80.9184369739372, 28.523506350723], [-80.9183659733387, 28.523459351244], [-80.9182499733488, 28.5233823512748], [-80.9181689731853, 28.5233273505259], [-80.9179909739144, 28.5232203509663], [-80.917840973246, 28.5231403508589], [-80.9175199736327, 28.5229883510155], [-80.917386972855, 28.5229433507315], [-80.9172949730811, 28.5229113510491], [-80.9169819729411, 28.5228013504546], [-80.9168449728774, 28.5227643505416], [-80.9168099730516, 28.5227583502644], [-80.9166929730179, 28.5227583502674], [-80.9166439734419, 28.5227583502687], [-80.9165449733442, 28.5227603503639], [-80.9164819731187, 28.5227653505974], [-80.916413972661, 28.5227673506918], [-80.9163359726389, 28.5227763511111], [-80.9163169726566, 28.5227793503513], [-80.9162649729418, 28.5227933510017], [-80.9161409725848, 28.522838350393], [-80.9160559731381, 28.5228783504509], [-80.9160129729421, 28.5229033507116], [-80.9159569730425, 28.5229403506296], [-80.9158179728903, 28.5230353505406], [-80.9157549726661, 28.5230783507369], [-80.9156489731451, 28.5231453511476], [-80.9156009727171, 28.5231753507409], [-80.9155759724567, 28.5231883504449], [-80.9155309730671, 28.5232103505666], [-80.9154489728602, 28.5232463504389], [-80.9152619722784, 28.5233193511299], [-80.9152209730741, 28.5233333508806], [-80.9151189728382, 28.5233633504753], [-80.9150179726486, 28.5233893507839], [-80.9149649728875, 28.5234043505813], [-80.9148489729013, 28.5234383512612], [-80.9147139729327, 28.5234733510885], [-80.9146039723256, 28.5235043507298], [-80.9144769727284, 28.5235413506497], [-80.9144039720392, 28.5235593505867], [-80.9142629726915, 28.5235943513135], [-80.9142049726984, 28.5236093511111], [-80.9141159721661, 28.5236293511412], [-80.9140319727651, 28.5236463510321], [-80.9140099726436, 28.5236503512181], [-80.9139979720868, 28.5236533513575], [-80.9139689725398, 28.5236573506443], [-80.9139399720935, 28.5236643509697], [-80.9139129726394, 28.5236703512485], [-80.9138779719146, 28.5236753505819], [-80.9138069722173, 28.5236833509546], [-80.9137859721421, 28.5236853510478], [-80.913738972659, 28.5236883511881], [-80.9136709722015, 28.5236933514217], [-80.9136249718655, 28.5236963506626], [-80.9135619725392, 28.5236993508033], [-80.9135269718143, 28.5237013508969], [-80.9135149721568, 28.5237013508972], [-80.9134959721745, 28.5237043510368], [-80.9134749720993, 28.5237053510837], [-80.9134169721059, 28.5237143506031], [-80.91339897217, 28.5237163506963], [-80.9133509717414, 28.5237263511611], [-80.9133079724442, 28.5237353506801], [-80.9132819721372, 28.5237423510053], [-80.9132699724797, 28.5237453511447], [-80.9132249721905, 28.5237603509419], [-80.9131569717335, 28.5237823510642], [-80.9131319723723, 28.5237923506291], [-80.9130969716479, 28.5238083513717], [-80.9130739723795, 28.5238183509365], [-80.9130489721191, 28.5238293514471], [-80.9130069719693, 28.523849351476], [-80.9129179723372, 28.5238953509128], [-80.9128529720198, 28.523928351545], [-80.9127689717206, 28.5239793512134], [-80.9127219722385, 28.5240143510385], [-80.9126779719967, 28.5240573512344], [-80.9126289715232, 28.5241113510409], [-80.9125619720138, 28.5241893510612], [-80.9124859720872, 28.5242803507851], [-80.9124289721422, 28.5243493512872], [-80.9123629717798, 28.5244243511684], [-80.9123329721884, 28.5244883514381], [-80.9123139722074, 28.5245303515869], [-80.9122039716028, 28.5246403512932], [-80.9121459716105, 28.5246783512576], [-80.9120669715433, 28.5247303509722], [-80.9118929715624, 28.5247323510695], [-80.9116579714465, 28.5246703508994], [-80.9114149718576, 28.5245743509521], [-80.9113479714441, 28.5245083514915], [-80.91129797182, 28.5244583509736], [-80.9111999717655, 28.5243633510688], [-80.9111429718101, 28.5241143512186], [-80.9110229716302, 28.5239073515183], [-80.9108429713653, 28.5237413510223], [-80.9106419710265, 28.5236173506752], [-80.9105519713421, 28.5234863508999], [-80.9105619709007, 28.5233013513169], [-80.9105809708815, 28.5232513507972], [-80.9106529715188, 28.5230703513978], [-80.9108129717457, 28.5229613508374], [-80.9109959712436, 28.5229183506379], [-80.9112449711081, 28.5229263510023], [-80.9115459715888, 28.522986351078], [-80.911882971943, 28.5230913505408], [-80.9120779720013, 28.5231533507119], [-80.9122309719087, 28.5232033512271], [-80.9123599716, 28.5232053513165], [-80.9124189716401, 28.5232063513614], [-80.9124419718081, 28.5232063513607], [-80.9125179717368, 28.5231783509601], [-80.9125549716535, 28.5231273512929], [-80.9125649721141, 28.523020350829], [-80.9125139715362, 28.5227263506912], [-80.912476971613, 28.5225843504047], [-80.9123539721912, 28.5223153505283], [-80.9121459715178, 28.5218963508951], [-80.9119969717888, 28.5216273501202], [-80.9118449719255, 28.5215103500963], [-80.9113999710545, 28.5213613503951], [-80.9111139712688, 28.5212693506343], [-80.9110289718208, 28.5212703506829], [-80.9108859714826, 28.5213503507979], [-80.9108019711846, 28.5214403504756], [-80.9107929716666, 28.5214493508931], [-80.910760971082, 28.5214833506714], [-80.9106509713791, 28.5216623508783], [-80.9105799716839, 28.5217363507133], [-80.9104779714505, 28.5218423502339], [-80.9103019713789, 28.5219053504609], [-80.9102569710893, 28.5219063505084], [-80.9100849712012, 28.5219103506984], [-80.9098909711897, 28.5218583509908], [-80.9097759712471, 28.5218063503818], [-80.9095579710195, 28.521704351055], [-80.9091379704077, 28.5215063508804], [-80.9091199704714, 28.5214973504637], [-80.9090509708655, 28.5214653507807], [-80.9089549709055, 28.5214193504494], [-80.9088769708814, 28.5213713509243], [-80.9087369706767, 28.5212833504457], [-80.908637970577, 28.5212213502721], [-80.9085869709071, 28.5211893505887], [-80.9085429706629, 28.5211623502375], [-80.9085209705408, 28.5211483504884], [-80.9084429705167, 28.5210993509169], [-80.9084109708296, 28.5210793508899], [-80.9083329708056, 28.5210303504191], [-80.9082359707991, 28.5209813508481], [-80.9081709704795, 28.5209483502193], [-80.9081089702992, 28.5209173505825], [-80.9080609707688, 28.5208933503704], [-80.9079469708726, 28.5208443507999], [-80.9078209704195, 28.5207923501912], [-80.9076259703611, 28.5207243506413], [-80.9075029700475, 28.5206803504034], [-80.9074869702041, 28.5206753501721], [-80.9073459699534, 28.5205973501571], [-80.9072609705038, 28.5205503506785], [-80.9072289699173, 28.5205243503734], [-80.9070369699951, 28.5203683503412], [-80.9068929705009, 28.5201843499091], [-80.90683796974, 28.5199693507357], [-80.9069089703312, 28.5197963499086], [-80.9070239702655, 28.5195983506195], [-80.9071189701738, 28.5194843498289], [-80.9071309698308, 28.5194693500326], [-80.9071959701467, 28.5193923500587], [-80.9073219705931, 28.5192393501573], [-80.907393970334, 28.5191473503872], [-80.9074739704451, 28.5190213499401], [-80.9075549706025, 28.5188913502068], [-80.9076259702924, 28.5186583501956], [-80.9076469703653, 28.5185893496944], [-80.9077469705023, 28.5183783498029], [-80.9077989702157, 28.5183213498572], [-80.9078939701243, 28.5182173495302], [-80.9079709700965, 28.5181013495467], [-80.9079679699537, 28.5179933499362], [-80.9079019704855, 28.517917350012], [-80.907765970467, 28.5178443493295], [-80.9076499704793, 28.5178333497218], [-80.9076209700327, 28.5178303495835], [-80.9075499703352, 28.5178323496781], [-80.9074909702952, 28.5178343497724], [-80.9074279700696, 28.5178363498667], [-80.9072809704424, 28.5178403500559], [-80.907210969892, 28.5178423501505], [-80.9071209702119, 28.5178423501528], [-80.9070449702823, 28.5178423501548], [-80.9070309705319, 28.5178423501551], [-80.9070159698358, 28.5178423501555], [-80.9069929696677, 28.5178423501561], [-80.9067779695836, 28.5178663494756], [-80.9066919700897, 28.5178833493666], [-80.9065249695354, 28.5179163500014], [-80.9063749697706, 28.5179663496252], [-80.9063159697312, 28.5179863496546], [-80.9062869701844, 28.5179963501189], [-80.9060499699793, 28.5180433496058], [-80.9058539698746, 28.5179823494811], [-80.905717969853, 28.5178163498832], [-80.9056439700108, 28.5176553496162], [-80.9056259700725, 28.5175873500617], [-80.905570969312, 28.5173853496922], [-80.9055549694658, 28.5172933499244], [-80.905540969713, 28.517221349285], [-80.9054799695691, 28.5168903492308], [-80.9054479698726, 28.5165853494819], [-80.9054719691769, 28.5162603497036], [-80.9055489700449, 28.516038349303], [-80.9056449699971, 28.5158493495322], [-80.9057799699593, 28.5156233489445], [-80.9058059693658, 28.5155803496484], [-80.9059759700542, 28.5153923490227], [-80.9062039698389, 28.515263349332], [-80.9062409697568, 28.515248349535], [-80.9066519699386, 28.5150753486991], [-80.9069019698431, 28.5148913491561], [-80.9070249701495, 28.5147183492271], [-80.9071219701482, 28.5145303486033], [-80.9071679695772, 28.5142983486391], [-80.9071469703935, 28.5140653486303], [-80.9071329697346, 28.5137893484266], [-80.9070229700188, 28.5135783485406], [-80.9068869699982, 28.5134443486275], [-80.9065179699544, 28.5132433483126], [-80.9063309693666, 28.5131373487995], [-80.9062989696796, 28.5131193488652], [-80.9060879697781, 28.5130543485554], [-80.9059289695914, 28.5129783486337], [-80.9058509695677, 28.5129423487655], [-80.9057099693171, 28.512868348936], [-80.9057009697986, 28.5128633487045], [-80.9056099691697, 28.5127683487995], [-80.905621969724, 28.5126933489197], [-80.9057259691514, 28.5125993481567], [-80.9058579698781, 28.5125083484314], [-80.9059539698344, 28.5124433481137], [-80.9059939698912, 28.5124163486596], [-80.9060249695306, 28.5124003488164], [-80.9065089695006, 28.5121593484237], [-80.9066119697814, 28.5120813484024], [-80.9066659695857, 28.5119713486976], [-80.9066709698148, 28.5118813481226], [-80.9066699697637, 28.5117423479743], [-80.9066329698411, 28.5116153483832], [-80.9065529697237, 28.5115533482091], [-80.906351969386, 28.5114593483533], [-80.9061729700706, 28.511406348599], [-80.9059339697686, 28.5113313478264], [-80.9056379695192, 28.5112503485757], [-80.9053839694209, 28.5111873483598], [-80.905201969066, 28.5111053481605], [-80.9050709692788, 28.5110123483493], [-80.9050609697138, 28.5110053480251], [-80.9050429688781, 28.5109923483222], [-80.9050269690345, 28.5109803477663], [-80.9049919692077, 28.5109453479434], [-80.904890969014, 28.5108493479923], [-80.9047379691024, 28.5106733479313], [-80.9047009691829, 28.5106383481084], [-80.904582969099, 28.5105253482691], [-80.9044679691554, 28.5104463482071], [-80.9043349692767, 28.5103913483589], [-80.9042719690513, 28.5103983477857], [-80.9041709688611, 28.5104083482519], [-80.904048968598, 28.5104893484127], [-80.9040099685901, 28.5105883485064], [-80.9039979689337, 28.5106223482843], [-80.9039429690856, 28.510814348193], [-80.9038599688368, 28.510984347982], [-80.9037469689914, 28.511066348189], [-80.9035919689941, 28.5111033481096], [-80.9033759688628, 28.5111073483006], [-80.9032269691421, 28.511088348323], [-80.9030939683648, 28.511057348688], [-80.9030159683415, 28.5110313483841], [-80.9029469687358, 28.5110033479872], [-80.9028579682013, 28.5109563485087], [-80.9027329686934, 28.510889348104], [-80.9026909685421, 28.5108643478454], [-80.9026669683272, 28.51084934805], [-80.9026219689358, 28.5108203485055], [-80.9026019689066, 28.5108073479033], [-80.9023649686946, 28.5106483477333], [-80.9023489688511, 28.5106393482158], [-80.9023239685899, 28.5106283477065], [-80.9023039685608, 28.5106193481892], [-80.9022309687689, 28.5105743479036], [-80.902098968037, 28.5105103485375], [-80.9019869682336, 28.5104613480675], [-80.9019169685817, 28.5104393479488], [-80.9017919681762, 28.510424348156], [-80.9016579682529, 28.5104233481131], [-80.9015259684225, 28.510427348302], [-80.9014519685863, 28.5104463482854], [-80.9013819680366, 28.5104713485468], [-80.901323968044, 28.5105033482331], [-80.9012549684409, 28.5105543479011], [-80.9011819677531, 28.5106123478938], [-80.9010889679366, 28.5106963481929], [-80.9010179682412, 28.5107643486491], [-80.9008049682563, 28.510983348015], [-80.9007629681073, 28.5110253481644], [-80.9006779677624, 28.511097347907], [-80.9006139683915, 28.5111543487524], [-80.90053096814, 28.5112453484765], [-80.9005009676482, 28.5112793482548], [-80.9004309680002, 28.5113743481639], [-80.9003749681019, 28.5114523481839], [-80.9003359680921, 28.5114943483332], [-80.9002919678499, 28.5115273480656], [-80.9002499677, 28.5115453480017], [-80.9001959678924, 28.5115573485595], [-80.9001379678988, 28.5115583486073], [-80.9000979678411, 28.511557348562], [-80.9000539675974, 28.5115433488135], [-80.9000179677247, 28.5115233487865], [-80.8999819678515, 28.5114863488709], [-80.8999479680708, 28.5114413485844], [-80.8998669679049, 28.511314348095], [-80.8998099679543, 28.5112143479574], [-80.899781967552, 28.5111483484958], [-80.8997309678801, 28.5110533485899], [-80.8996359679625, 28.5108873480916], [-80.8995299675339, 28.5107053486506], [-80.899315967485, 28.5103943477289], [-80.8991149671389, 28.5100523480677], [-80.8990639674673, 28.5099683477723], [-80.8988539676084, 28.5097873483803], [-80.898648967085, 28.5096943476717], [-80.8982749668155, 28.5096833480708], [-80.897677966995, 28.5098523478268], [-80.8976509666416, 28.5098603481984], [-80.8975389668396, 28.5098503477376], [-80.8974519672985, 28.5098433483147], [-80.897103967332, 28.509703348129], [-80.8967629667909, 28.509560347804], [-80.8964379669926, 28.5094273479422], [-80.8959079666792, 28.5094493480765], [-80.895384966696, 28.5096343476729], [-80.8950079662949, 28.5098523478961], [-80.8948849659871, 28.5099843486225], [-80.893545965959, 28.5117243483798], [-80.8933939661037, 28.5118463486433], [-80.8930129655148, 28.511998348505], [-80.8926569660831, 28.5120633488295], [-80.8919259654354, 28.5120933484405], [-80.8910889652606, 28.5120123492039], [-80.8903339652915, 28.5118523490009], [-80.8879989639218, 28.5110043484214], [-80.88764696377, 28.5108763487921], [-80.8865489640694, 28.5106713483105], [-80.8861269633669, 28.5105383484512], [-80.885743963572, 28.5103173481087], [-80.885456963733, 28.5100183486446], [-80.8854239630998, 28.5099853480149], [-80.8852929633096, 28.5098023485282], [-80.8852749633728, 28.5097763482227], [-80.8851879638279, 28.5096543479653], [-80.884994962951, 28.5092253478682], [-80.8848969628847, 28.5087753485937], [-80.8847739634511, 28.5081493483555], [-80.8846649628721, 28.5076303476813], [-80.8845249635549, 28.5071883478795], [-80.884451962861, 28.5070613473899], [-80.8842119634072, 28.5068443481285], [-80.884149963226, 28.5067873472864], [-80.8841309632414, 28.5067233479173], [-80.8840609626823, 28.5064643476038], [-80.8840119630971, 28.5061863473083], [-80.8839729630781, 28.5059533472999], [-80.8838509628015, 28.5056283475254], [-80.8838009631748, 28.5054973477492], [-80.8837249632403, 28.505353347371], [-80.8836599629179, 28.5052333472058], [-80.8836309624695, 28.5051763472621], [-80.8835919624554, 28.50509134692], [-80.8835039628619, 28.5049003470613], [-80.8833849627215, 28.5044833475185], [-80.883314963064, 28.5042953468991], [-80.8831669624848, 28.5041083472273], [-80.8830129625295, 28.504016347463], [-80.8828579625306, 28.5040033468644], [-80.8828209626121, 28.50399934668], [-80.8828089629544, 28.5039983466339], [-80.8826869626886, 28.5039963474437], [-80.8825159628468, 28.5039943473554], [-80.8823129624193, 28.5039913472216], [-80.8821809625887, 28.5039893471323], [-80.8820329620158, 28.5039923472752], [-80.8818739627311, 28.5039963474647], [-80.881681961915, 28.5040003467558], [-80.8815639618346, 28.5039943473801], [-80.8813209622484, 28.5039803467374], [-80.8812429622241, 28.5039263469341], [-80.8810289621807, 28.5037813474124], [-80.8809999617323, 28.503722347376], [-80.8809089619997, 28.5035373468962], [-80.8809089619897, 28.5032373464788], [-80.8809419617149, 28.503008346654], [-80.8809289620013, 28.5027183467006], [-80.8808029615399, 28.5024183462865], [-80.8806799621214, 28.5022463464102], [-80.8806719617497, 28.5022343467534], [-80.8805339616343, 28.5020393467106], [-80.8805009618993, 28.5019743463962], [-80.8804089621204, 28.5017893468156], [-80.8802949613188, 28.501558346902], [-80.8802239616146, 28.5013583466256], [-80.8801579612434, 28.501170346006], [-80.8800629613183, 28.5007793467685], [-80.8799689614404, 28.5004083466596], [-80.8798759616079, 28.5000113462446], [-80.8798409617715, 28.4996843463752], [-80.8798429618548, 28.4994003458001], [-80.8798939615145, 28.499125345641], [-80.8799539615917, 28.4988453461493], [-80.87997596171, 28.498746346056], [-80.8800159617588, 28.4984793453687], [-80.8800159617488, 28.498177345758], [-80.8799349615763, 28.4978513459361], [-80.8799099613071, 28.4976013451393], [-80.8800659613417, 28.4972903451073], [-80.8801709617129, 28.4971423454383], [-80.8802689617595, 28.4970003451483], [-80.8809899619327, 28.4966533452314], [-80.8813649622452, 28.4965613454534], [-80.8816309619969, 28.4964963451313], [-80.8817919622725, 28.4964563450714], [-80.881949962409, 28.4964183451044], [-80.8820589620706, 28.496393344842], [-80.8824149624018, 28.4963313455559], [-80.8826259622999, 28.4962943456338], [-80.8828289627262, 28.4962593449054], [-80.882909961988, 28.4962443451073], [-80.8833529627587, 28.4961643449845], [-80.8837309623089, 28.4960053447985], [-80.8839549628049, 28.4958023452747], [-80.8841629625565, 28.4955473451394], [-80.8841429625157, 28.4951863445927], [-80.8840799622796, 28.4948723444273], [-80.883908962425, 28.4944843444316], [-80.8837619627892, 28.4942263450657], [-80.8835719620534, 28.4938563450055], [-80.8832729625413, 28.4930883444845], [-80.8828249624004, 28.4920393444307], [-80.8825939624542, 28.4914963444456], [-80.8822459615862, 28.4912913439447], [-80.8819909623407, 28.491226343636], [-80.8817549621824, 28.4912843436328], [-80.8816139619353, 28.4913183443133], [-80.8815189620239, 28.4913373442973], [-80.8814079613701, 28.4913593444207], [-80.881065961686, 28.4913413435951], [-80.8808499615529, 28.4912903439344], [-80.8805769614718, 28.4912183442011], [-80.880328961651, 28.4911283436326], [-80.8801329615447, 28.4910163438416], [-80.8800549615176, 28.4908753436025], [-80.8799749613965, 28.4907023436787], [-80.87984296155, 28.4902193437746], [-80.879674960942, 28.4900343441961], [-80.8790499607085, 28.4898143439062], [-80.8786619606872, 28.4897623433043], [-80.8779529610597, 28.4897713437399], [-80.8770779600293, 28.4899423435957], [-80.8766499599556, 28.4900483440241], [-80.8762359605295, 28.4900893441368], [-80.8759949601368, 28.4900783436331], [-80.8758739599173, 28.4900733443038], [-80.8755689601472, 28.4899203435143], [-80.8753709599455, 28.4897313437511], [-80.8752459595326, 28.4894923434668], [-80.8752259594947, 28.4892193434023], [-80.8752759599992, 28.4887013436696], [-80.8757279602811, 28.4884063434723], [-80.875997960218, 28.4883313435858], [-80.8763979598916, 28.4882253431582], [-80.8768229607272, 28.4881703432955], [-80.8773319600602, 28.4879763432822], [-80.8776379607611, 28.4876783429496], [-80.8779069606408, 28.4872743431001], [-80.8780749603339, 28.4869913434664], [-80.8781159604294, 28.4867343432427], [-80.87807496032, 28.4865723429285], [-80.8779629605143, 28.4864503426717], [-80.8776979608036, 28.4863513425858], [-80.8772629604023, 28.4863733427176], [-80.8769839600453, 28.4863773429103], [-80.8767639606276, 28.4863783429623], [-80.8766939600766, 28.4863643432145], [-80.8764919596943, 28.4863263432568], [-80.8762399596879, 28.4862363426884], [-80.8760069596636, 28.4861353425089], [-80.8759369600113, 28.4861043428724], [-80.8758429601435, 28.4860393425595], [-80.8757139595506, 28.4859723430542], [-80.8755879599945, 28.4858503427978], [-80.875497959408, 28.4856333426332], [-80.8754289597948, 28.4853833427368], [-80.8753929599132, 28.4850933427839], [-80.8753939599495, 28.4847883430341], [-80.8754129599216, 28.4844763429592], [-80.8754629595361, 28.4842393427631], [-80.8754759601336, 28.4840653427905], [-80.8754149599935, 28.4838463425324], [-80.8752959598572, 28.4835533424426], [-80.8751889593829, 28.48339134213], [-80.8748729590983, 28.4831183420732], [-80.8744619597994, 28.4827973424916], [-80.8739979589429, 28.4825593422624], [-80.8736419595032, 28.4823823421603], [-80.8734059593382, 28.4822383417862], [-80.8733359587829, 28.4820953423535], [-80.8733209589852, 28.4820653418625], [-80.8733089593191, 28.4818103417328], [-80.8732939586131, 28.4815123423079], [-80.8733629591101, 28.4812963421855], [-80.8734539588302, 28.4811053414227], [-80.8736139590537, 28.4808903413443], [-80.8739499593425, 28.4804223412241], [-80.8739429590109, 28.4802203417526], [-80.873903958992, 28.4799893418369], [-80.8737589594467, 28.4796613410247], [-80.8737209594788, 28.479568341211], [-80.8734389589671, 28.479106341385], [-80.873163958782, 28.4786943411786], [-80.8731569584552, 28.4786333410489], [-80.8731489589811, 28.4785703408266], [-80.8731489589806, 28.4785553410306], [-80.8733319593763, 28.4784653413503], [-80.8736299588143, 28.4784003410273], [-80.8738429588028, 28.4782883412257], [-80.8739579587377, 28.478107340926], [-80.8740719595256, 28.4779293407652], [-80.8741789590796, 28.4774583405119], [-80.8742779591621, 28.4770003408614], [-80.8742629593632, 28.4769363405929], [-80.8742319588194, 28.4768003405843], [-80.8741939588397, 28.4763503404089], [-80.8740099592846, 28.4760683408307], [-80.8739389586848, 28.4759823404431], [-80.8738049587576, 28.4758643403723], [-80.8736959590922, 28.4757763407923], [-80.8735029591236, 28.4756193407138], [-80.8733969586958, 28.4754613405867], [-80.873341958835, 28.4752683406343], [-80.87327095913, 28.4750443401447], [-80.873247958954, 28.4748033406643], [-80.8731109588822, 28.474525340371], [-80.8727599587676, 28.474117340352], [-80.8720729583322, 28.4732183400633], [-80.8720279580406, 28.4731593400274], [-80.8716159586892, 28.47265434001], [-80.8712039584384, 28.4721483399462], [-80.8710889584929, 28.4720113398934], [-80.8708829579176, 28.4717503394906], [-80.8707759583419, 28.4715663399569], [-80.8707989576038, 28.4713603393999], [-80.8708829578998, 28.4712123397314], [-80.8710889584565, 28.470910339216], [-80.8712109578192, 28.4707983394167], [-80.8712949581192, 28.4707693389695], [-80.8715699582918, 28.4708053397319], [-80.8718239583903, 28.4708733392804], [-80.8723399580606, 28.4710513394247], [-80.8724239583624, 28.4710783397749], [-80.8725079586644, 28.4711093394111], [-80.8726679588968, 28.471162339166], [-80.8728439589677, 28.4710763396713], [-80.8728589587638, 28.4710573396894], [-80.8730799582205, 28.4708323391458], [-80.8732939582518, 28.4706113387879], [-80.8733699590783, 28.47053533886], [-80.8738199583627, 28.4700813393859], [-80.8743319587295, 28.4697383387605], [-80.8743999591857, 28.4696923393243], [-80.8745669588356, 28.4695063387914], [-80.8748259591543, 28.4692173388772], [-80.8749029591272, 28.4691213389215], [-80.8749889595173, 28.469012338363], [-80.8751459596033, 28.4688473388038], [-80.8753199595845, 28.4688563383172], [-80.8757529590005, 28.4690393386955], [-80.8760709593702, 28.469082338882], [-80.8762849594135, 28.469224339164], [-80.876384959564, 28.4694163390688], [-80.8763869596618, 28.4695683389205], [-80.8762199591118, 28.4697293391937], [-80.876019959724, 28.4697633389765], [-80.8756169590118, 28.4698683393578], [-80.8755339596583, 28.4699183389798], [-80.875498958934, 28.469939339055], [-80.8755749597802, 28.4704563387381], [-80.8756669595599, 28.4706643393848], [-80.8756969591546, 28.4707003392543], [-80.8757509589647, 28.4707603393363], [-80.8758119590995, 28.4708193393718], [-80.875834959268, 28.4708323390746], [-80.8758769594191, 28.4708523391013], [-80.8759179595238, 28.4708713390818], [-80.876047959262, 28.4708883389671], [-80.876309959727, 28.4708123390345], [-80.8764639596735, 28.4706423392436], [-80.8766419598338, 28.470454339517], [-80.8769899597956, 28.4704503393226], [-80.8770639596322, 28.4704423389498], [-80.8773859601851, 28.4704093392103], [-80.8776449596103, 28.4702943392685], [-80.877990960371, 28.4700623392965], [-80.8781299596253, 28.4700113387273], [-80.878376960293, 28.469920338999], [-80.8788389601465, 28.4698323385049], [-80.8788699606857, 28.4698293392643], [-80.8791219606881, 28.4697973386737], [-80.8793739606879, 28.4696883390102], [-80.8795239604479, 28.4694933389598], [-80.8795059605019, 28.4691893383575], [-80.8794509606416, 28.4690123382475], [-80.8794099605241, 28.4686093384523], [-80.8794609601875, 28.4684433388496], [-80.8796699608893, 28.4683213385845], [-80.8801259604672, 28.4683203385263], [-80.8804459609286, 28.4683263387962], [-80.8808369610877, 28.4683363383503], [-80.8810629607866, 28.4684183385485], [-80.8811219608296, 28.4685093382689], [-80.8811579607086, 28.4687203381568], [-80.8811729605077, 28.4687903387035], [-80.8811469611088, 28.4690603386302], [-80.8811009607814, 28.4693263383719], [-80.88099596131, 28.46948833869], [-80.8809829607097, 28.4695773392188], [-80.881140960853, 28.4697463389552], [-80.8813399611012, 28.4699383388574], [-80.881392960871, 28.4701863386615], [-80.8814269606542, 28.4703063388276], [-80.8815549612012, 28.4703913391674], [-80.8816839608921, 28.4703803386541], [-80.8817759615589, 28.4702173391894], [-80.881869961416, 28.4699603389643], [-80.8819079613763, 28.4698223388612], [-80.8820869615853, 28.4697013386433], [-80.8822929612497, 28.4696133390551], [-80.8825149616575, 28.4695503388268], [-80.8829079610105, 28.4695733389836], [-80.8831659612954, 28.4696653387452], [-80.8833469616038, 28.4697423387127], [-80.8835389615218, 28.4697743383925], [-80.8837639620698, 28.4697413386555], [-80.8840009613741, 28.4696503389275], [-80.8840209614027, 28.4696433386025], [-80.8842199616414, 28.4695503387827], [-80.8843609618838, 28.4693783388995], [-80.8844949617988, 28.4691253388588], [-80.8845819622347, 28.4689973383187], [-80.8846599622519, 28.4688403382332], [-80.8847529620675, 28.4687273383883], [-80.8849059619725, 28.4687083384029], [-80.8851799620981, 28.4687233381918], [-80.8855379625299, 28.4689003382939], [-80.8857899625381, 28.4690413385286], [-80.8858169619938, 28.4690843387226], [-80.8859369621733, 28.4692813388586], [-80.8859679627147, 28.4693453382274], [-80.8860509620757, 28.469520338244], [-80.8862109623104, 28.4696463386849], [-80.886343962189, 28.469695338255], [-80.8866619625546, 28.469613338942], [-80.8867549623656, 28.4693643381885], [-80.8868289621931, 28.46908333865], [-80.8869539625906, 28.4688573380626], [-80.8871449624529, 28.4686073381595], [-80.8872739630392, 28.4684793385177], [-80.8877099625782, 28.4681733378109], [-80.8882289632706, 28.4678553383442], [-80.8885179631846, 28.4676163380492], [-80.8886329631223, 28.4675223381853], [-80.8890809632139, 28.467086337747], [-80.8894039629049, 28.4667823380351], [-80.8895769637329, 28.4666063379656], [-80.8897749630252, 28.4664913380253], [-80.8900559634735, 28.4664413374988], [-80.8903319636912, 28.466439337399], [-80.8906109631526, 28.466545337809], [-80.89077596362, 28.4666913373784], [-80.8909479635145, 28.4668833381806], [-80.8910579641344, 28.4672383375475], [-80.8910069635783, 28.4675993380961], [-80.8908999640141, 28.4677653377002], [-80.8906459639271, 28.4680433380037], [-80.8905879639382, 28.468186338339], [-80.8906699632529, 28.468365338541], [-80.8908149636874, 28.4683883378048], [-80.8910199642056, 28.4683243384299], [-80.8914669642606, 28.46818533827], [-80.8923019643298, 28.4678873379236], [-80.8930029644781, 28.4676583380815], [-80.8933349645932, 28.4675493375166], [-80.8939189647089, 28.467354337455], [-80.894036964787, 28.4672963374612], [-80.8943909650217, 28.4671233375261], [-80.8944279649395, 28.4671053375901], [-80.8945249649424, 28.4670443374577], [-80.8946999649604, 28.4667623378702], [-80.894730964595, 28.4666013376005], [-80.8947689645534, 28.4664083376457], [-80.8948079645535, 28.4660723373571], [-80.8947979649856, 28.4659773374501], [-80.8947639651963, 28.4656713376548], [-80.8947089644383, 28.465542337072], [-80.8946149645654, 28.465323337714], [-80.8945439648639, 28.4652073377343], [-80.8944459648073, 28.4650483375606], [-80.8943199643491, 28.4648423370075], [-80.8942149648655, 28.4646363373531], [-80.8941659643895, 28.4646143372338], [-80.8941439642675, 28.4646043376702], [-80.8940599648663, 28.4646173373757], [-80.8938829647472, 28.4646473369723], [-80.8937859647439, 28.4646953374013], [-80.893676964184, 28.4647513373022], [-80.89350796444, 28.4649023371119], [-80.8932789646078, 28.4649983370716], [-80.8932039647259, 28.4650393371755], [-80.8930119639096, 28.4650373370878], [-80.8928779639843, 28.4649773370078], [-80.8927659641789, 28.4648663372609], [-80.8927219639314, 28.4647363375309], [-80.8927159645464, 28.4645593374197], [-80.8927819640031, 28.4642903375383], [-80.8928619641098, 28.4640323372673], [-80.8930319638981, 28.4638183372349], [-80.8931619645302, 28.4636723367586], [-80.8932559643911, 28.4635293373217], [-80.893300964677, 28.4634143373853], [-80.8935039642015, 28.4633063368701], [-80.8937339640807, 28.4632263367529], [-80.8938199644734, 28.4631963371585], [-80.8938979644952, 28.4631763371287], [-80.8940289642782, 28.4631433364948], [-80.8941349646999, 28.4631173370854], [-80.8942449644078, 28.4630893366839], [-80.8942929648364, 28.4630793371184], [-80.8943829645159, 28.4630613371809], [-80.8945359644224, 28.4630873365836], [-80.8948899646704, 28.4633173373442], [-80.8950949651956, 28.4634673370979], [-80.8951809646922, 28.4635343366043], [-80.8951939643964, 28.4635413369285], [-80.8953099652859, 28.4636263372686], [-80.8954519646822, 28.463659336996], [-80.8955179650463, 28.4636343367347], [-80.8955349649357, 28.4636303365489], [-80.895681964561, 28.4635703373609], [-80.8957969653967, 28.4634323372558], [-80.8958479650581, 28.463208336763], [-80.8957869649188, 28.4630163368572], [-80.8956199652572, 28.4628483371674], [-80.8953579647848, 28.4627023367012], [-80.8950869647921, 28.4624933369121], [-80.8950149650428, 28.4623353367841], [-80.8949179650347, 28.4622353366474], [-80.8948109645565, 28.4619603364924], [-80.8947989648877, 28.46161733678], [-80.8948239642355, 28.4612063366122], [-80.8948869644551, 28.4610193360356], [-80.89498896468, 28.4606563362923], [-80.8949629643638, 28.4603883364598], [-80.8948239642015, 28.4601793357679], [-80.894805964265, 28.460163335926], [-80.894555964347, 28.4599403363866], [-80.8944429644959, 28.4598503358146], [-80.8941539645738, 28.4598413363042], [-80.8938869647763, 28.4599233365151], [-80.8936109645626, 28.460049336068], [-80.8934489642401, 28.4600733362855], [-80.893319964547, 28.4600213365762], [-80.8932189643532, 28.4599183363006], [-80.8931979642711, 28.4597133357911], [-80.8932169642508, 28.4596303364396], [-80.8932839637526, 28.4593243357423], [-80.8933629638122, 28.4590423361573], [-80.8935199638936, 28.4587433357822], [-80.8937649644614, 28.458438336026], [-80.8939179643587, 28.4581863360311], [-80.8941059640848, 28.4580263358037], [-80.8943569640404, 28.4579813355098], [-80.894759964756, 28.457980335453], [-80.8949379649234, 28.4580063357544], [-80.8952339642723, 28.4580523351812], [-80.8955449643164, 28.4580703360076], [-80.8958179643914, 28.4579603353978], [-80.8959039647825, 28.4578843354697], [-80.8959629648201, 28.457807335496], [-80.8960849650806, 28.4576493353629], [-80.8962289645594, 28.457370335016], [-80.8963549649978, 28.4569783357264], [-80.8964629646049, 28.4567073348519], [-80.8966309652034, 28.4566083356541], [-80.8968279653524, 28.456608335649], [-80.8970659647092, 28.4566993353648], [-80.8971609655259, 28.4568623348247], [-80.8972219647692, 28.4571563349624], [-80.8972309651911, 28.4572823354072], [-80.8971789654799, 28.4574053357146], [-80.8971559653145, 28.4574853358265], [-80.8972049648953, 28.4576293353062], [-80.8973369656306, 28.4577943357571], [-80.897408965375, 28.4578073354586], [-80.8975719657435, 28.4577673353987], [-80.8977989654733, 28.4573813354853], [-80.8980059651763, 28.4570573357486], [-80.8981809651878, 28.4565773350763], [-80.8983639655727, 28.4561653348581], [-80.8983569652335, 28.4557303353772], [-80.8983569652183, 28.4552723348299], [-80.8983489657403, 28.4550893344406], [-80.8981579649635, 28.4548813346957], [-80.8979769655531, 28.4547623345798], [-80.8979539653847, 28.4547493348771], [-80.8979019656694, 28.4547473347857], [-80.8977589653283, 28.4547423345576], [-80.897732965021, 28.4547423345583], [-80.8974439650996, 28.4547563343155], [-80.8972669649797, 28.4547633346445], [-80.8971639646964, 28.4547663347863], [-80.897059965266, 28.4547653347426], [-80.8969759649618, 28.454666334652], [-80.8969699646759, 28.4544403349672], [-80.8970329648929, 28.4541783345111], [-80.8972249647969, 28.4537873343669], [-80.8972329651668, 28.4537433341256], [-80.8972389654439, 28.4537073342552], [-80.8972679649795, 28.4533563341708], [-80.8973239648688, 28.4530083342248], [-80.8972819647162, 28.4529433339106], [-80.8972289649517, 28.4528553343291], [-80.897166964769, 28.4527523340525], [-80.8970179650411, 28.4525173339542], [-80.8967699652123, 28.4521843338121], [-80.8964209651934, 28.4518643342752], [-80.8960589645694, 28.4514893339876], [-80.895861964413, 28.4512643343542], [-80.89572696444, 28.4511663343112], [-80.8955449640866, 28.4511293335001], [-80.8952099647266, 28.4510873342597], [-80.8949519644438, 28.4510593338676], [-80.8947319641257, 28.4510263341422], [-80.894315964601, 28.4508923342363], [-80.8939009642236, 28.4507663338019], [-80.8937119635431, 28.4506623334822], [-80.8935949635072, 28.4505973340693], [-80.8929159634577, 28.4501333341607], [-80.8926709637715, 28.449902333351], [-80.8924959637385, 28.4497323335687], [-80.8920309637254, 28.449205333432], [-80.8919549637927, 28.4491123336194], [-80.891563963615, 28.4485403331933], [-80.8912339635701, 28.4479633334333], [-80.8910529632524, 28.4476053330298], [-80.8908729629787, 28.4471733327931], [-80.8908109627959, 28.4470663332304], [-80.8906739627244, 28.4467953332616], [-80.8905569626837, 28.4465833333294], [-80.8904179625212, 28.4463663331659], [-80.890294963102, 28.4461743332617], [-80.8901829623946, 28.4459813324115], [-80.8901159628752, 28.445757332821], [-80.8901019631233, 28.4457103324412], [-80.8901019631187, 28.4455723323391], [-80.890123962336, 28.4454183323941], [-80.8901749628999, 28.4452903327543], [-80.8903689629025, 28.4450743326286], [-80.8905399627402, 28.4449543324572], [-80.8908299627035, 28.4448033326443], [-80.8910349632201, 28.4446943320827], [-80.8911269629918, 28.4446593322564], [-80.8912239629955, 28.4446233323837], [-80.8914259633745, 28.4445613322023], [-80.8915329629435, 28.4445423322181], [-80.8915649635291, 28.4445393320781], [-80.8917119631562, 28.4445333326955], [-80.8918299632364, 28.4445373319786], [-80.8919579628823, 28.4445663324203], [-80.8919749636714, 28.444572332698], [-80.8920889635672, 28.4446123327508], [-80.8922299629167, 28.4446343328676], [-80.8926739637359, 28.4446163320217], [-80.8929399634883, 28.4445753328121], [-80.8932359637289, 28.4443913323686], [-80.8935879638674, 28.4441193323408], [-80.8936929633416, 28.4440393322268], [-80.8937969636687, 28.4439583320665], [-80.8938689634108, 28.4439023321665], [-80.8938929636242, 28.4438693324347], [-80.8939319636327, 28.4437863321834], [-80.8939799640582, 28.4436843319503], [-80.8940099636482, 28.4435763323388], [-80.8940269635336, 28.4434503318933], [-80.8940369639896, 28.4432053322266], [-80.8940419642166, 28.4430533323747], [-80.89403796403, 28.4430243319298], [-80.8940219641819, 28.4428733321248], [-80.8939989640104, 28.4427683317545], [-80.8939959638705, 28.4427483317268], [-80.8938929635797, 28.4425233320909], [-80.8938499633805, 28.4424533315449], [-80.8938439640009, 28.4424393317954], [-80.8937659639757, 28.442356331547], [-80.893634963289, 28.4422563314113], [-80.8935159640599, 28.4421983314236], [-80.8933479634557, 28.4421273317338], [-80.8932639631529, 28.4420703317915], [-80.8932009638251, 28.4420283316448], [-80.8931019637236, 28.4419133317122], [-80.8930869639237, 28.4418193318516], [-80.8930819636898, 28.4417603318146], [-80.893102963763, 28.4416983316379], [-80.8931099631877, 28.4416763315171], [-80.8931489631952, 28.4415613315809], [-80.8932059631393, 28.4414653316258], [-80.8932159636031, 28.441458331301], [-80.8933029631424, 28.4414133319107], [-80.8933289634494, 28.4414043314927], [-80.8934639634175, 28.4413563319621], [-80.8936069637565, 28.4412963318749], [-80.8937509632422, 28.4412243312314], [-80.8938379636804, 28.441165331192], [-80.893944964147, 28.4410953315415], [-80.8939609639898, 28.4410823318378], [-80.8940139637499, 28.4410383315953], [-80.8940259634068, 28.4410183315672], [-80.8940579639908, 28.4409673319001], [-80.8940599640829, 28.4409443317331], [-80.8940659634603, 28.4408943312138], [-80.8940729637834, 28.4408383313155], [-80.8940769639665, 28.4407633314359], [-80.8940879635675, 28.440456331593], [-80.8940969639789, 28.4402653317317], [-80.8941869636462, 28.4398813310152], [-80.8942459636825, 28.4397673311249], [-80.8943109639968, 28.4396423316238], [-80.8943939642463, 28.4394903308706], [-80.8945479641916, 28.4392833311631], [-80.8945659641258, 28.4392303314037], [-80.8945809639205, 28.4391643310417], [-80.8946859642804, 28.4386733307605], [-80.894684964231, 28.4385843311313], [-80.8946849642288, 28.438516330677], [-80.8945909634581, 28.4383433307534], [-80.8945499642508, 28.4382663307823], [-80.8942609634164, 28.4378663311325], [-80.8947879635759, 28.4374013302471], [-80.8950149642051, 28.4370173304264], [-80.8951539643418, 28.4364513302648], [-80.8953769638935, 28.4362933301291], [-80.8954899637429, 28.4363333301818], [-80.8955479637402, 28.4364453299765], [-80.8957669640215, 28.4367673305088], [-80.8962209644173, 28.4371123303026], [-80.8962829645982, 28.4371593306811], [-80.89633996455, 28.4372993308745], [-80.896413964389, 28.4373633302421], [-80.8965699644344, 28.4373773308871], [-80.8966959639857, 28.437354330717], [-80.8967179641072, 28.4373503305309], [-80.896878964376, 28.437104330814], [-80.8969399644951, 28.4366873303672], [-80.8969939642967, 28.436494330412], [-80.8971329644493, 28.4364103301117], [-80.8972669643717, 28.4363833306552], [-80.8975889649266, 28.4364103300999], [-80.8977099642484, 28.4364673300412], [-80.8978169647177, 28.4364753304093], [-80.8979249643339, 28.436482330731], [-80.8981629645876, 28.43650033066], [-80.898227964903, 28.436406329898], [-80.8981589643943, 28.436269329844], [-80.8981149650482, 28.4362043304292], [-80.8977989647677, 28.4360513305393], [-80.8973249643493, 28.4358963305606], [-80.8970359644237, 28.4357843298727], [-80.8969569643538, 28.4357533302363], [-80.8968649645792, 28.4357003304797], [-80.8967999642577, 28.4356073297674], [-80.8969049646306, 28.4355103297646], [-80.8970349643662, 28.4354483304844], [-80.8982259647648, 28.4350313300083], [-80.8986669645403, 28.4348633303028], [-80.8989359653267, 28.4346843300918], [-80.8992119646328, 28.4343063296486], [-80.8992809651276, 28.4340253301102], [-80.8992959649186, 28.4338503300911], [-80.8993579650871, 28.4335213292271], [-80.8995679649352, 28.4333763296944], [-80.8998409650128, 28.4333453291496], [-80.9002739653253, 28.4334433291848], [-80.9005709656224, 28.4335663294832], [-80.9009199656316, 28.4335933298265], [-80.9012599652231, 28.4336203292707], [-80.9012749659167, 28.4335423292517], [-80.9012409652336, 28.4334023290578], [-80.901182965232, 28.4331633296711], [-80.9011759658058, 28.4331433296434], [-80.9010159655604, 28.4326933294711], [-80.9007449655538, 28.4320673292366], [-80.9005499654882, 28.4317803294269], [-80.900341965722, 28.431598329089], [-80.9001189652624, 28.4314953288166], [-80.8999859653868, 28.4315353288757], [-80.8997209647862, 28.4317203293648], [-80.8993249653095, 28.4321673294124], [-80.8992659652703, 28.4321943288669], [-80.8992209649763, 28.4320633290905], [-80.8993039652083, 28.4313823289952], [-80.8992429650651, 28.431069328876], [-80.8991529644828, 28.4309783291564], [-80.898989965011, 28.4309403291977], [-80.8988579651853, 28.431084328682], [-80.8987849645004, 28.4312293291105], [-80.8987459645099, 28.4318573294457], [-80.8987019651689, 28.4319493292151], [-80.8985839650906, 28.4320023289771], [-80.8984509643118, 28.431924328962], [-80.8983309650326, 28.4317553292245], [-80.8982549650939, 28.431481329115], [-80.8978409647062, 28.4296393282715], [-80.8977649647706, 28.4294563287832], [-80.8976449645898, 28.4292213286842], [-80.897464964321, 28.4289353289204], [-80.8968969640162, 28.4281533286564], [-80.8967759637858, 28.4278143282328], [-80.896743964089, 28.4275003280665], [-80.8967549636881, 28.4271343281864], [-80.8967979638754, 28.4268463283242], [-80.8969139638541, 28.4265843278667], [-80.8970599643286, 28.4264133280297], [-80.8972229637968, 28.4263463276175], [-80.8974149646122, 28.4263193281595], [-80.8984359643318, 28.4263783281704], [-80.8985839649031, 28.4263253275082], [-80.8986719644877, 28.426246327441], [-80.8987009649307, 28.4261413279686], [-80.8986399647926, 28.4259843278866], [-80.8984759643691, 28.4257633275384], [-80.898087964338, 28.4254123274647], [-80.8978059647363, 28.4252703271845], [-80.8964869637715, 28.4250163271349], [-80.8963829643394, 28.4249653274713], [-80.896351963794, 28.4247823270826], [-80.8963809642371, 28.4246773276102], [-80.8969209640839, 28.4237063275492], [-80.8969489635785, 28.4235223271126], [-80.8968729636407, 28.4232743273091], [-80.8967389637135, 28.4231573272846], [-80.8964869637093, 28.4231333270779], [-80.8959549633047, 28.4232023275923], [-80.8958209633801, 28.4231633275864], [-80.8957619633388, 28.4231243275787], [-80.8955499633128, 28.4206933264049], [-80.8956089633498, 28.4206013266351], [-80.8957119636318, 28.4205613265768], [-80.8962899634783, 28.4206493261447], [-80.8964229633539, 28.4206093260856], [-80.8964369640015, 28.4205433266229], [-80.896435963952, 28.4204523269011], [-80.8958969631923, 28.4196063263673], [-80.8958959631433, 28.4195273263024], [-80.896483963435, 28.4190403261941], [-80.8965419634247, 28.418921326072], [-80.8965409633727, 28.4187513262851], [-80.8963759638013, 28.418504325631], [-80.8961829638323, 28.4183353258954], [-80.8958999632837, 28.4181543256059], [-80.8956479632777, 28.4180773256401], [-80.8953809634745, 28.4179873259714], [-80.8950699634316, 28.4180023257755], [-80.8949819629459, 28.4180293261301], [-80.8948649629169, 28.418173325614], [-80.8947539631928, 28.4191163261646], [-80.8947099629525, 28.4192073258877], [-80.8945919628733, 28.4192343262431], [-80.8944589629964, 28.4192353262928], [-80.8941619627004, 28.4191453266249], [-80.8933599632406, 28.4187583257924], [-80.892366962116, 28.418503325688], [-80.892187962798, 28.4183733259614], [-80.8920379621232, 28.4180993258538], [-80.8918689623475, 28.4172893260801], [-80.8914189621229, 28.4165073258129], [-80.8913139617421, 28.4163643254817], [-80.8910759623828, 28.4161953257473], [-80.8908089616794, 28.4160793257726], [-80.8904089619994, 28.4159903252544], [-80.8885729613282, 28.4158713251812], [-80.8882469614863, 28.4158203255233], [-80.8880239610257, 28.4156913258442], [-80.887948961139, 28.4155873255215], [-80.8879189615407, 28.4154433251421], [-80.8879179614913, 28.4153513253738], [-80.887916961441, 28.4152343253459], [-80.8882769610216, 28.4140543254933], [-80.8883049614152, 28.4138583253998], [-80.8882739608681, 28.413622325252], [-80.8882429612203, 28.4133873251507], [-80.8880769606989, 28.4130093247188], [-80.8879129611769, 28.4128533246859], [-80.8850269602796, 28.4108563248143], [-80.8849069601032, 28.4107523244928], [-80.8848319602149, 28.4105963244575], [-80.8847859598718, 28.4103873246625], [-80.8848819597992, 28.4094443241123], [-80.8848489600497, 28.4089353238995], [-80.8847579603146, 28.4086733243467], [-80.8843129594447, 28.4085593235699], [-80.8836459599641, 28.4084583243009], [-80.8832459593852, 28.408382323486], [-80.8830979597085, 28.4082913237679], [-80.882992959328, 28.4081613240394], [-80.8829149592896, 28.4076783241337], [-80.8829399595307, 28.4070763232054], [-80.8830549594586, 28.4066833238697], [-80.8832019590785, 28.4064593233743], [-80.8834379592361, 28.4063793232569], [-80.8846369600224, 28.4064643235691], [-80.8849029597753, 28.4064363231636], [-80.8849909602597, 28.406370323699], [-80.885034959601, 28.4062913236329], [-80.8853249604431, 28.4055183228645], [-80.8854119599795, 28.4053863230383], [-80.8862209606299, 28.4047533233508], [-80.8863379606589, 28.4046093229675], [-80.8863819599989, 28.4044913228921], [-80.8864969599281, 28.4041373226663], [-80.8864059601909, 28.4038103227982], [-80.8856129602253, 28.4026903221594], [-80.8855069597933, 28.4024033223474], [-80.8855339601358, 28.4020633218735], [-80.8856329602166, 28.4015523224639], [-80.8857919603848, 28.4010673224594], [-80.8858799599678, 28.4009363217802], [-80.8860409602382, 28.4007393216368], [-80.8866719598205, 28.4000413216385], [-80.8866999602141, 28.3998453215449], [-80.8866539598703, 28.3996103214439], [-80.8865339605898, 28.3994013216508], [-80.8863549603708, 28.3992193213122], [-80.886250960039, 28.3991553219453], [-80.8846769598154, 28.3984323217441], [-80.8845129593941, 28.3982763217112], [-80.8844229597089, 28.3981193216299], [-80.8843759593186, 28.397884321529], [-80.884352959117, 28.3968643210094], [-80.8843949592567, 28.3965373211379], [-80.8844519591957, 28.3962883212846], [-80.8845099591842, 28.3961313211995], [-80.8846419599088, 28.3959733210661], [-80.8847299594934, 28.3958943209989], [-80.8849369592045, 28.3958143208823], [-80.8851289600208, 28.3958133208309], [-80.8854259594179, 28.3959163211015], [-80.88645196029, 28.3966163211499], [-80.8865409599244, 28.3966413205079], [-80.8866599600504, 28.3966273207552], [-80.8867919598784, 28.3965483206868], [-80.8868799603619, 28.3964563209162], [-80.8869519600977, 28.3962073210625], [-80.8870069599353, 28.395697320801], [-80.8870879600621, 28.3946373202232], [-80.8871749604949, 28.394414320675], [-80.8873209600684, 28.3941903201797], [-80.8874969601348, 28.3939683206757], [-80.8877169604458, 28.3937833201877], [-80.8879969608436, 28.3936123203473], [-80.8895609605622, 28.3930923195833], [-80.8896059608508, 28.3930583198047], [-80.889620960646, 28.3930113203234], [-80.8896379605241, 28.392662320332], [-80.889638960569, 28.3926163199981], [-80.8896039607337, 28.3923213198133], [-80.8892459602751, 28.3913313197939], [-80.8891929605059, 28.3910983197858], [-80.8891359605525, 28.390913319305], [-80.8890469609107, 28.3906643194554], [-80.8889619605574, 28.3904823191144], [-80.8888589602677, 28.3902913192559], [-80.8887799601949, 28.3901703190446], [-80.8887149607732, 28.3900923190277], [-80.8885539604884, 28.3898553188369], [-80.8883559602834, 28.3895653188881], [-80.8879719604174, 28.388589318619], [-80.8878799606304, 28.3881583184263], [-80.8878489600863, 28.3880143189461], [-80.8878909602286, 28.3877653190932], [-80.8880199599018, 28.3872153187742], [-80.8885569604984, 28.3859303185459], [-80.8885569604958, 28.385851318481], [-80.8884809605576, 28.3855903180747], [-80.8883909599744, 28.3854733180491], [-80.8865699599972, 28.385288318513], [-80.8861989598638, 28.3851863182907], [-80.8859019595656, 28.3850303182611], [-80.8855449591776, 28.3847713179549], [-80.8839349590548, 28.3832243173273], [-80.8824899585079, 28.382056317178], [-80.8821169582706, 28.3816143173819], [-80.8814429584359, 28.3806243173705], [-80.8812209580235, 28.3805463173576], [-80.8800229572883, 28.3806063174719], [-80.879844958019, 28.3805423172075], [-80.8796069577621, 28.3804263172321], [-80.8795459576211, 28.3801773173818], [-80.8794679575844, 28.3797463171887], [-80.8794179570369, 28.3789623168184], [-80.8794259573815, 28.3781513169936], [-80.8794209571292, 28.3775363163627], [-80.8795219573073, 28.3771563167306], [-80.8796529570836, 28.3769203165786], [-80.8797849578099, 28.3768143161579], [-80.8807569579325, 28.3762333161787], [-80.8810669579235, 28.3760483156884], [-80.8812719575391, 28.3758893164062], [-80.8816889579957, 28.375601315635], [-80.8818629579728, 28.3754823155098], [-80.8819079582606, 28.3754253155642], [-80.8819429580842, 28.3753653154798], [-80.8819719576278, 28.3752583159147], [-80.8819769578587, 28.3752233160907], [-80.8819749577608, 28.3750693161463], [-80.8819619580536, 28.3749713161002], [-80.881945958208, 28.374896316221], [-80.8819279582705, 28.3748503158877], [-80.8818979577758, 28.3747963160831], [-80.8818649580414, 28.3747493157038], [-80.8818379576869, 28.3747223153521], [-80.8818229578897, 28.3747093156492], [-80.8817349583003, 28.3746433161891], [-80.881702957714, 28.3746243153092], [-80.8816679578879, 28.3746123156531], [-80.8816309579692, 28.3746023160898], [-80.8815619583641, 28.374592315628], [-80.8815279576855, 28.3745913155825], [-80.881503957471, 28.3745913155831], [-80.8807049572783, 28.3750263159842], [-80.8806219579257, 28.3751053160513], [-80.8804639577899, 28.3751653161388], [-80.88031795731, 28.3751723155678], [-80.8801409571884, 28.3751303163233], [-80.8800859573271, 28.3749203155828], [-80.8802889577361, 28.3743613157439], [-80.8802949571133, 28.3743023157066], [-80.880324957597, 28.3740223153162], [-80.8803019574182, 28.3736953154463], [-80.8801939577944, 28.3734613153932], [-80.8801319576108, 28.3733273154781], [-80.8800169576634, 28.3731293152954], [-80.8798309571152, 28.3728133150403], [-80.8795849573823, 28.3725743156583], [-80.8792929573156, 28.3724003156935], [-80.879026956661, 28.3723563154592], [-80.8787479572014, 28.3723003155683], [-80.8782049571799, 28.372197315304], [-80.8778359571438, 28.372228314952], [-80.8775539566531, 28.3724013148852], [-80.8772999565622, 28.3725613151144], [-80.877190956902, 28.3726303156179], [-80.876981956207, 28.3729603156329], [-80.8768549566151, 28.3731603159145], [-80.8766899561572, 28.373302315307], [-80.8762439561489, 28.3734523159769], [-80.8759179563102, 28.3734993154661], [-80.8755799559108, 28.373429315827], [-80.8754829559038, 28.3733653155606], [-80.8753759563318, 28.3732953159156], [-80.8753169562892, 28.3732153158058], [-80.8750049561799, 28.372624315396], [-80.87468695579, 28.3719713157095], [-80.8744679555072, 28.3716013147505], [-80.8741409556106, 28.3712973150554], [-80.8738649553842, 28.3710373147006], [-80.8736569556175, 28.3708383153733], [-80.8735579555164, 28.370736315144], [-80.8733729550188, 28.3705453152876], [-80.8731039551165, 28.3702663149512], [-80.8730399548404, 28.3701433146467], [-80.8729039548156, 28.3698803150486], [-80.8727949551446, 28.3696173145506], [-80.8727699548815, 28.3695483149498], [-80.872751954944, 28.3695033146628], [-80.8727329549601, 28.3694583143758], [-80.8725519555373, 28.368961314723], [-80.8724619549492, 28.368697314178], [-80.8724319553516, 28.3685743147721], [-80.8724079551307, 28.3683773146334], [-80.8723759554354, 28.3681073147082], [-80.8723849549466, 28.3678893144945], [-80.872394955403, 28.3676563144847], [-80.8724619548975, 28.3671243141023], [-80.8725429550502, 28.366848313896], [-80.8730559554411, 28.3658273142155], [-80.8732279553196, 28.3655313139791], [-80.8734559550951, 28.3651223138986], [-80.8735809554894, 28.3647973132183], [-80.8738039550272, 28.3642153132119], [-80.8738239550526, 28.3641123138325], [-80.8738659551916, 28.3637613137476], [-80.8738849551533, 28.36313131332], [-80.8739749557117, 28.3624953126124], [-80.8739099553634, 28.3615853126966], [-80.8735829554439, 28.3605853122126], [-80.8729089547069, 28.3595033124328], [-80.8728149548347, 28.3593053122496], [-80.8717939541497, 28.3572323115041], [-80.8696669533572, 28.3538643110082], [-80.8686549531124, 28.3524773105877], [-80.8667129528511, 28.3503213105147], [-80.8662799525304, 28.3499713104883], [-80.8629109516861, 28.3474923098675], [-80.8647609521051, 28.347533309922], [-80.8703159535942, 28.3476563091862], [-80.8717779539934, 28.3476893097792], [-80.8721699541986, 28.3476893097691], [-80.8770049555452, 28.3476863095059], [-80.8819189569592, 28.347640309046], [-80.8820609572538, 28.347639308996], [-80.8821569572122, 28.3476383089471], [-80.8831289573535, 28.3476293094043], [-80.8841969574533, 28.3476183088669], [-80.8849919583738, 28.347610309375], [-80.8859869586832, 28.3476013089322], [-80.8873799585767, 28.3475883091931], [-80.8876049591263, 28.3476033089834], [-80.8955999614294, 28.3476083090099], [-80.9038989634487, 28.3475463086206], [-80.9119599661184, 28.3476103086825], [-80.9121099658849, 28.3476123087713], [-80.9203549680981, 28.3476123085595], [-80.9218609687402, 28.3476363078348], [-80.9221519687549, 28.3476413080591], [-80.9253289696023, 28.3476923076438], [-80.9253829694103, 28.347690308449], [-80.9260249704253, 28.3476903084325], [-80.9280709709454, 28.3476913084263], [-80.9281169703821, 28.3476913084252], [-80.9288159704451, 28.3476903083608], [-80.9306269717506, 28.3476903083143], [-80.9360689733868, 28.3476893081281], [-80.937882973033, 28.3476893080815], [-80.9380639733387, 28.3476883080305], [-80.9382759732845, 28.3476903081178], [-80.9386069733567, 28.3476893080629], [-80.9387879736625, 28.3476893080583], [-80.9391479741812, 28.3476883080027], [-80.9395849737767, 28.3476883079915], [-80.9402259738481, 28.347753307391], [-80.9405849743216, 28.3477903072983], [-80.940864974725, 28.347786308005], [-80.941708974322, 28.3477763075197], [-80.9419899747717, 28.3477733073734], [-80.9424019750055, 28.3477683080304], [-80.9428149752857, 28.347763307788], [-80.944799975672, 28.3477403075701], [-80.9467859761048, 28.3477173073522], [-80.94689697586, 28.3477163073029], [-80.9490739770625, 28.3476913078867], [-80.9555509790692, 28.3477953071455], [-80.9614849801582, 28.3478903069004], [-80.963552980801, 28.3479283068102], [-80.9638249808333, 28.347933307035], [-80.964097980912, 28.3479363071671], [-80.968124982535, 28.348008306804], [-80.9699149828669, 28.3480413073885], [-80.9880449878664, 28.3483683067929], [-80.9943649897817, 28.348484306612], [-80.9946859902893, 28.3484893068355], [-80.9997859913455, 28.3485893059442], [-81.0003879914027, 28.3485653066148], [-81.0093619941589, 28.3482213057254], [-81.0101419943824, 28.3481913061133], [-81.0109219946059, 28.3481613056018], [-81.0150069962146, 28.3480043054132], [-81.0155729963998, 28.3479823061774], [-81.0161379965387, 28.3479603060423], [-81.0174869970866, 28.3479073053493], [-81.0224389984594, 28.3477143052681], [-81.0231869980974, 28.3476903059349], [-81.0252509985534, 28.3477033055851], [-81.0257309992451, 28.3477063057118], [-81.026209998991, 28.3477093058386], [-81.0312880008224, 28.3477413053928], [-81.0317010011027, 28.3477433054749], [-81.0321130013367, 28.3477463056034], [-81.0332080008911, 28.3477533050004], [-81.0347150015787, 28.3477633054252], [-81.0359270020661, 28.3477703048192], [-81.0362230023128, 28.3477723049043], [-81.0420090037253, 28.3478083055249], [-81.0423030038791, 28.3478103047108], [-81.0425960039866, 28.3478123047959], [-81.047631005621, 28.3478443052505], [-81.0489290056027, 28.3478523046887], [-81.0502280065302, 28.3478603050261], [-81.0552460073755, 28.3478913045354], [-81.0566250084183, 28.3479003049172], [-81.0580050086081, 28.3479093043995], [-81.0582980087156, 28.3479113044847], [-81.058645008631, 28.3479133045685], [-81.0589910085, 28.3479153046523], [-81.0633220098393, 28.3479423048932], [-81.0656530109947, 28.3479573046292], [-81.0679830112043, 28.3479713043189], [-81.0712130127107, 28.3479913042636], [-81.0717250121894, 28.3479943043895], [-81.0722380126139, 28.3479983045617], [-81.0728530132752, 28.348001304685], [-81.073363012661, 28.3480043039116], [-81.0738730129462, 28.3480073040375], [-81.0741470130712, 28.3480083040768], [-81.0856890163019, 28.3480823036129], [-81.0862890171664, 28.3480863037828], [-81.0868880170852, 28.3480903039528], [-81.0878450174298, 28.3480933040673], [-81.0884450173949, 28.3480943040982], [-81.0888010177279, 28.3480953041354], [-81.0912550182957, 28.3481013043504], [-81.0917670186737, 28.3481033035305], [-81.0922800181987, 28.3481043035637], [-81.0931190184631, 28.3481063036348], [-81.0933770187449, 28.3481073036746], [-81.0940010189245, 28.3481093037512], [-81.0946260191505, 28.3481103037815], [-81.0946770188192, 28.3481103037802], [-81.094681019041, 28.3492083043185], [-81.0946850192583, 28.3501703039483], [-81.0946920196204, 28.3513033043105], [-81.0946920196577, 28.3524363046728], [-81.0946920196599, 28.3525053051736], [-81.0946980190752, 28.3536043048589], [-81.0946940197999, 28.3539363049613], [-81.0946970190618, 28.3546063054437], [-81.0946970190652, 28.3547073056292], [-81.0946930197912, 28.3550843051197], [-81.0946990191852, 28.355534305296], [-81.0947010193265, 28.357006306085], [-81.0947160191984, 28.3592893066981], [-81.0947120199384, 28.3600883068656], [-81.0947110198988, 28.3602933064763], [-81.0947170193163, 28.3614603075153], [-81.0947260197427, 28.3617253072093], [-81.0947380195518, 28.3663253082133], [-81.0947570196691, 28.3704183090961], [-81.0947660201099, 28.3711193092169], [-81.0947720204282, 28.3723293095513], [-81.094768020288, 28.373706310433], [-81.0947790199863, 28.3763513107402], [-81.0947770199182, 28.3770993112414], [-81.0947840202769, 28.3781263111862], [-81.0947810201686, 28.3790623114093], [-81.0947920206893, 28.3793743114834], [-81.0947880205092, 28.3795413111313], [-81.0947930199233, 28.3820093122266], [-81.0947880206022, 28.3823613123567], [-81.0948050205774, 28.3849553129975], [-81.0948030204977, 28.3853523125157], [-81.0948090207869, 28.3856773131925], [-81.0948060206548, 28.3858953134059], [-81.0947900208138, 28.3859583127296], [-81.0947600203228, 28.3860173127675], [-81.0947800203524, 28.3860403129338], [-81.0947880207241, 28.386053312637], [-81.0947960201969, 28.3860813130355], [-81.0948060207496, 28.3887663133983], [-81.0948110210224, 28.3900013139922], [-81.094823020694, 28.3904253138623], [-81.0948220206581, 28.3907453143075], [-81.0948280209427, 28.3909303138903], [-81.0948540205974, 28.3984023158312], [-81.0948510213963, 28.3995773163418], [-81.0948520205551, 28.3999293164718], [-81.0948710205632, 28.4007083166107], [-81.0948730206594, 28.4008113168889], [-81.0948650211947, 28.4010303162495], [-81.0948450211856, 28.4016273169456], [-81.0948470213082, 28.402526317252], [-81.0948520206833, 28.403809317373], [-81.094856020892, 28.4045073173547], [-81.0948520207359, 28.405400317383], [-81.0948590210763, 28.4058713176335], [-81.094860021151, 28.4067283177914], [-81.0948650213947, 28.4070813179676], [-81.0948650214246, 28.4079833184131], [-81.0948670215608, 28.4092963190256], [-81.0948750210425, 28.4095933184043], [-81.0948860215599, 28.4098023190995], [-81.0948890217014, 28.4098713187007], [-81.0949040215308, 28.4108563193962], [-81.0949020214609, 28.4115513192389], [-81.0948930210508, 28.4117803190631], [-81.094899021335, 28.4119523189425], [-81.0949030215351, 28.4123903194618], [-81.0949000214326, 28.4134993196107], [-81.0948910210175, 28.4135773196295], [-81.0949010214837, 28.4136423199445], [-81.0948910210381, 28.4141993196854], [-81.0949040216519, 28.4145173200376], [-81.09490402166, 28.4147633197502], [-81.0948910210611, 28.4148953195745], [-81.0949020215769, 28.4150583199359], [-81.0948970213482, 28.4151573200288], [-81.0949120212114, 28.4171643204372], [-81.0949060218475, 28.4176243210773], [-81.0949180215195, 28.4180603206043], [-81.0949160214387, 28.4184243212906], [-81.0949160214407, 28.4184843204747], [-81.094929022056, 28.4188453210215], [-81.0949380216317, 28.4205813214578], [-81.0949340214552, 28.420857321662], [-81.0949330214356, 28.4216663213935], [-81.0949280221132, 28.4219783214679], [-81.0949250219817, 28.4222113214774], [-81.0949310213775, 28.4227153214589], [-81.0949300213576, 28.4235143225254], [-81.0949050220261, 28.4244233223966], [-81.0949160216422, 28.424572322109], [-81.0949290222683, 28.4252603225262], [-81.0949290222872, 28.4258293228231], [-81.0949110214571, 28.4259883229998], [-81.094907022175, 28.426115322592], [-81.0949070221768, 28.4261683223509], [-81.0949110214848, 28.4268253231299], [-81.0949180218201, 28.4271403233431], [-81.0949350217238, 28.4275663233057], [-81.0949380218658, 28.4276503227031], [-81.0949170218123, 28.4283063234363], [-81.0949310215807, 28.4288513235196], [-81.0949280223512, 28.429166323733], [-81.0949440221971, 28.4292473238902], [-81.0949470223402, 28.4293653230651], [-81.0949420221225, 28.4297963232601], [-81.0949360218459, 28.4298523240576], [-81.0949180219117, 28.4299063238634], [-81.0949220221011, 28.4300213237984], [-81.0949440222282, 28.4301873233992], [-81.0949460223244, 28.4302883235847], [-81.094936021879, 28.43085232365], [-81.0949430222076, 28.4309653234923], [-81.0949390220284, 28.4311573242991], [-81.0949370219569, 28.4318033236689], [-81.0949280224471, 28.4320593238454], [-81.0949280224537, 28.4322583240772], [-81.0949210221377, 28.4325263239106], [-81.0949250223361, 28.4329123247173], [-81.0949190220628, 28.4330663246619], [-81.0949130217856, 28.433104324625], [-81.0949100216509, 28.4332383245416], [-81.0949170219854, 28.4335313246343], [-81.0949290225772, 28.434585324931], [-81.0949460224965, 28.4354803250514], [-81.0949590222101, 28.4357743251903], [-81.0949560220732, 28.4358423247454], [-81.0949610223096, 28.4359733254221], [-81.0949720219243, 28.4360803249861], [-81.0949800223057, 28.4363893249211], [-81.0949730219834, 28.4364643248008], [-81.0949720219408, 28.4365803256816], [-81.0949820224153, 28.4368943249491], [-81.0949680226776, 28.4372773256171], [-81.0949660225962, 28.4376203253298], [-81.0949700218856, 28.4377133251443], [-81.0949850225872, 28.437880325691], [-81.0949730220709, 28.4391053258216], [-81.094985022634, 28.4392913263498], [-81.0949980223758, 28.4404323261829], [-81.0949980224008, 28.4411883261554], [-81.0949980224126, 28.4415423263781], [-81.0950060228044, 28.442162326341], [-81.0950050227787, 28.4427873265359], [-81.0950020226418, 28.4428563270366], [-81.0949840227076, 28.4429103268424], [-81.0949570223553, 28.4429523269915], [-81.0950000225546, 28.4430253267771], [-81.0950310221968, 28.443095326424], [-81.0950470220425, 28.4431693271561], [-81.0950470220497, 28.443386327323], [-81.0950220226998, 28.4437363273609], [-81.0950080220617, 28.4440863273985], [-81.0950050228334, 28.4444363274357], [-81.0950070229304, 28.4445613269351], [-81.0950120222706, 28.4447873275191], [-81.0950010226843, 28.4455383272601], [-81.0950070229773, 28.4459773278256], [-81.0950150224565, 28.4461963271857], [-81.0950240229143, 28.4474053274733], [-81.095026023027, 28.4480043282615], [-81.0950130224606, 28.4491173285959], [-81.09501602262, 28.4497243288556], [-81.0950120224678, 28.4507333288653], [-81.0950180227726, 28.4515273288005], [-81.095018022773, 28.4515383293105], [-81.0950190228223, 28.4516243288005], [-81.0950200228719, 28.4517203287541], [-81.099722024338, 28.4516613285952], [-81.1001530245544, 28.4516673288622], [-81.1017240246138, 28.4516523290254], [-81.1019510243563, 28.4516513289732], [-81.1042090257193, 28.4516083287199], [-81.106730025798, 28.4515793282095], [-81.1074080266842, 28.4515613282568], [-81.1080830265322, 28.4515543288141], [-81.1083160265531, 28.4515543288081], [-81.108440026917, 28.4517143281281], [-81.1084960268233, 28.451879328581], [-81.1084770268494, 28.4521383288968], [-81.1082040267931, 28.4528043292007], [-81.1081980265273, 28.4531883290155], [-81.1081980265281, 28.4532113291825], [-81.1082350264518, 28.453371329404], [-81.1087830267214, 28.4539653290469], [-81.1090200269389, 28.4542953290502], [-81.1091510267353, 28.4546693292972], [-81.1091260273899, 28.4551533292516], [-81.1091510267598, 28.4554063292881], [-81.1092200272706, 28.4556053295182], [-81.1095000267934, 28.4561713296687], [-81.1095250270612, 28.4563803294641], [-81.1095000268036, 28.4564793295575], [-81.109438027529, 28.4566393297817], [-81.1092080267615, 28.4570463297692], [-81.1092200273263, 28.4572833299636], [-81.1092580272964, 28.4574423301388], [-81.1093950273669, 28.4576843296625], [-81.109538026813, 28.4578223297608], [-81.1098550271405, 28.4579923304387], [-81.1098870277268, 28.4580093303266], [-81.1099430276295, 28.4580693304086], [-81.1099870269768, 28.4581683305002], [-81.1100370275096, 28.4585043298871], [-81.1101300273338, 28.4586533304966], [-81.1102300274798, 28.4587133305775], [-81.1107280272122, 28.4588403301567], [-81.1108210279324, 28.4588893306271], [-81.1109340277857, 28.4590493299474], [-81.1109650274317, 28.4592303302433], [-81.1110270276119, 28.4592583306404], [-81.1114450281456, 28.4599013307595], [-81.1116010281954, 28.4600523305608], [-81.1117060276756, 28.4601543307899], [-81.112292027898, 28.4603853306913], [-81.1126400278683, 28.4606443309976], [-81.1128650284257, 28.4608973310288], [-81.1131390285671, 28.4613923305861], [-81.1132820280146, 28.4615683306473], [-81.1134570280458, 28.4616893308561], [-81.1136750282727, 28.4617713310544], [-81.113855028532, 28.4617713310497], [-81.1140460284013, 28.4617353311746], [-81.1144160284824, 28.4616673307106], [-81.1145590288233, 28.4616663306606], [-81.1147020291653, 28.461699330388], [-81.11477702905, 28.4617433306272], [-81.1148950291337, 28.4618533312267], [-81.114939028482, 28.4619853310495], [-81.114901028524, 28.4621893306147], [-81.1148890288765, 28.4624923311714], [-81.1150010286841, 28.4626733314652], [-81.1150630288649, 28.4627203309444], [-81.1151820289944, 28.4628113306632], [-81.1155560292673, 28.462926331488], [-81.1158800290208, 28.4631133311551], [-81.1159980291049, 28.4632343313653], [-81.1161100289135, 28.4634433311585], [-81.11611002892, 28.4636413313439], [-81.1159550289348, 28.4640383317652], [-81.1158490294245, 28.4644283318608], [-81.1158460292872, 28.4644843317589], [-81.1158240291818, 28.464973331945], [-81.1157000288308, 28.465199331633], [-81.1156500292091, 28.4652213317549], [-81.1156320292753, 28.4652873312176], [-81.1152460293685, 28.465881331784], [-81.1151520295093, 28.4660743317402], [-81.1150900293388, 28.4663383322888], [-81.1150770287399, 28.4664693320667], [-81.1150470291573, 28.4668003321232], [-81.1151470293213, 28.4674003320558], [-81.1151280293459, 28.4676093318524], [-81.1149360294457, 28.4681093325528], [-81.1149170294649, 28.4681593321731], [-81.1149110292081, 28.4688093326277], [-81.1148110290764, 28.4691833328807], [-81.1146060294693, 28.4695963331457], [-81.114494028783, 28.4700363328613], [-81.114245028928, 28.4703113330254], [-81.1141090289195, 28.4705373327138], [-81.1139970291299, 28.4709003333565], [-81.113835028813, 28.4710933333144], [-81.1138100285554, 28.4711923334078], [-81.1138410290969, 28.4712583328693], [-81.114072029032, 28.4714673335586], [-81.1141400285957, 28.4716263328337], [-81.1141280289412, 28.4717203335943], [-81.11403402908, 28.4718523334206], [-81.1139460285946, 28.4718863332004], [-81.1139220292798, 28.4718963336646], [-81.1133810284551, 28.4718853331687], [-81.1132870285924, 28.4719733336532], [-81.1131940287796, 28.4721663336094], [-81.1131940287865, 28.4723753334054], [-81.1133250285843, 28.4727883336617], [-81.1134370283911, 28.4729423336032], [-81.1137110285231, 28.4731563336239], [-81.1138110286712, 28.4732773338346], [-81.1140170292559, 28.4738223339128], [-81.1140170292629, 28.4740313337089], [-81.1139860287283, 28.4741743340434], [-81.1138180290382, 28.4745433340664], [-81.1134440287896, 28.4751593338537], [-81.1133390284231, 28.4754463345704], [-81.1133140290702, 28.4757043339406], [-81.113376029254, 28.475842334041], [-81.1135380286831, 28.4759963339812], [-81.1139240286172, 28.476221334509], [-81.1139680288633, 28.4763093340906], [-81.1140550293153, 28.4766673344964], [-81.1141860291085, 28.4769423346506], [-81.1143800291266, 28.4771953346827], [-81.1144230293313, 28.4774323348763], [-81.1145110289281, 28.4777183346423], [-81.1149030291548, 28.478372335272], [-81.1149530296782, 28.4784223348905], [-81.115208029824, 28.4785213349766], [-81.1155200299145, 28.4785433350891], [-81.1156510297001, 28.4785923346592], [-81.1158250296878, 28.4787963351183], [-81.1159560294801, 28.4790433348739], [-81.1161060301509, 28.4791973348144], [-81.1162800301355, 28.4793073354125], [-81.1167410299521, 28.4795113349648], [-81.1168780300178, 28.479610335054], [-81.116990029825, 28.4797753355054], [-81.1170460297344, 28.4800333348735], [-81.1171400305085, 28.4803093350751], [-81.1172150303961, 28.480441334897], [-81.1174140306435, 28.4806113355779], [-81.1175640304123, 28.4806823352681], [-81.1176880298714, 28.4806823352648], [-81.1180680304163, 28.4806053352828], [-81.1182360301188, 28.4806053352784], [-81.1183670308038, 28.4806553348949], [-81.1184850308877, 28.4807703357263], [-81.1187100305483, 28.4811003357297], [-81.1188780302568, 28.4812823351691], [-81.119021030601, 28.4813813352581], [-81.1195260306579, 28.4814963351802], [-81.1197380306076, 28.4816173353879], [-81.1198060310725, 28.4818323354603], [-81.1198440310578, 28.4824483361362], [-81.1200500307386, 28.4828553361124], [-81.1201250315301, 28.4831253360363], [-81.1201430314723, 28.4833123357114], [-81.1201190312708, 28.4837023358048], [-81.1201440315379, 28.4838893363789], [-81.1202060308228, 28.4840383360899], [-81.1203490311699, 28.4842253357617], [-81.1209040317575, 28.4846103365077], [-81.1210780317433, 28.4847583361693], [-81.1212340317952, 28.4849683360077], [-81.1214090318343, 28.4853253363648], [-81.1214960313775, 28.485397336103], [-81.1216330314426, 28.4854743360716], [-81.1220190313711, 28.485534336145], [-81.1222440319235, 28.4856383364636], [-81.1223310314682, 28.4857543364428], [-81.1224930318027, 28.4860903367261], [-81.1226240315911, 28.4862223365465], [-81.1227360322937, 28.4862713361172], [-81.1231030322398, 28.4863313361911], [-81.1234460319745, 28.4864803367941], [-81.1237700326286, 28.4867053364241], [-81.1239570323192, 28.4868763362524], [-81.1240960324802, 28.4870493370739], [-81.1243250323249, 28.4873323366972], [-81.1243620322467, 28.4874313367889], [-81.1243620322529, 28.4876183364644], [-81.1242320325226, 28.4878393368202], [-81.1242070322651, 28.4879383369136], [-81.1242320325323, 28.4881303368202], [-81.1244560321453, 28.4884223368608], [-81.1245440326381, 28.4886143367658], [-81.1245000324, 28.4887683367113], [-81.1243010321701, 28.4891213368927], [-81.1243320327183, 28.4893903376707], [-81.1245190324169, 28.4898033370261], [-81.1246690330894, 28.4900063374395], [-81.1247560326324, 28.4900723377988], [-81.1248930326969, 28.4901333370257], [-81.1250050325016, 28.4902263377367], [-81.125151032986, 28.490353337325], [-81.1255800331162, 28.4905573377774], [-81.1257670328043, 28.4906563378653], [-81.1259170334701, 28.4906563378614], [-81.1263590333061, 28.4909153372658], [-81.1265640329332, 28.4911023378353], [-81.1268070334293, 28.4914383381164], [-81.12695003378, 28.4917303381591], [-81.1273050331801, 28.4921153380108], [-81.1274540338082, 28.4923793376547], [-81.1274730337987, 28.4926213380807], [-81.1276220335226, 28.4927373380583], [-81.1276840337062, 28.4928693378805], [-81.1277530333134, 28.4929413376191], [-81.1283070338571, 28.4934033383372], [-81.1284750335675, 28.4936403385275], [-81.1285990339338, 28.4938763386727], [-81.1286290335317, 28.4940053383567], [-81.1287050343714, 28.4943283380395], [-81.1287540339622, 28.4947733388819], [-81.1289910341794, 28.4950933384215], [-81.1296570345313, 28.4957533384228], [-81.1299750340088, 28.4960123387298], [-81.1304420341066, 28.4962983384858], [-81.130740034448, 28.4963593386079], [-81.1311270344259, 28.4965083392098], [-81.1315810348186, 28.4967613392351], [-81.1318930349157, 28.4969813386336], [-81.1321540353458, 28.4972573388308], [-81.1323780349626, 28.4976643388064], [-81.1323900355203, 28.4976863389266], [-81.1324650354119, 28.4979393389618], [-81.1325400353118, 28.4984403388023], [-81.1326580353978, 28.4986163388641], [-81.1330190350743, 28.4989413395315], [-81.1331810354009, 28.49904033962], [-81.1333430357249, 28.4990623397363], [-81.1333930353361, 28.4987263394476], [-81.1333560353972, 28.4981103387717], [-81.133381035656, 28.4980493395406], [-81.1335060351574, 28.497922339046], [-81.1335490353528, 28.4978793388501], [-81.1337670355719, 28.4977303391319], [-81.1340970355876, 28.4974283386134], [-81.1342350356886, 28.4971913393144], [-81.1347150354445, 28.496102338282], [-81.135057036017, 28.4957993386161], [-81.1354250360017, 28.495624338588], [-81.135649035599, 28.4954473384709], [-81.1358380362725, 28.4953413380488], [-81.136160035921, 28.4951623387357], [-81.1367150364829, 28.494777337961], [-81.1368640362013, 28.4947273383373], [-81.1370070365437, 28.4947713385746], [-81.137556036842, 28.4948323377908], [-81.1384090368615, 28.4949753381024], [-81.1390500369324, 28.4950313379837], [-81.140178037127, 28.4952843379915], [-81.1404330372706, 28.4953173386153], [-81.1404840378386, 28.4953153385213], [-81.141392037707, 28.4952903382381], [-81.1424950376319, 28.4952793385988], [-81.142899038395, 28.4953183385976], [-81.143155038586, 28.4953793378213], [-81.1433170380124, 28.4954503384105], [-81.1435220385387, 28.4956373380807], [-81.1437400387721, 28.495913338279], [-81.1438960388215, 28.4960503383306], [-81.1441510389686, 28.4961883384259], [-81.1453910389624, 28.4963703387367], [-81.1460010393952, 28.4964803384242], [-81.1463930396044, 28.496607338006], [-81.146773039258, 28.4967723384504], [-81.1468850390604, 28.4967943385681], [-81.1468980396649, 28.4968323385306], [-81.1473400394969, 28.4969703386211], [-81.1476020399639, 28.4969593381044], [-81.1479190393823, 28.4968383387822], [-81.1480630397695, 28.4968333385467], [-81.1484550399746, 28.4968383387683], [-81.1489840402446, 28.4969163387731], [-81.149240040434, 28.496927338377], [-81.1498320400219, 28.4967513382967], [-81.1503800402678, 28.496635338301], [-81.1508590409071, 28.4964593382236], [-81.1509540408173, 28.4964053384159], [-81.1511960403521, 28.4962723385393], [-81.1517400404044, 28.4959133380709], [-81.1547050413015, 28.4958623383275], [-81.1583510423256, 28.4958183379916], [-81.1588440427209, 28.4958123377007], [-81.1668730447962, 28.4957153374917], [-81.1662790451169, 28.4959333377204], [-81.1659170445127, 28.4961503378968], [-81.1654610449473, 28.4965193379271], [-81.1651780444159, 28.4968523380828], [-81.1649750449002, 28.497222338153], [-81.1648300444776, 28.4975553383051], [-81.164751044422, 28.4979543379178], [-81.1646640448981, 28.4984613380406], [-81.1645190444799, 28.4989243388232], [-81.164323044394, 28.4994243386243], [-81.1642200441178, 28.4996343384693], [-81.1644080447508, 28.4997063391042], [-81.1641500444853, 28.5001933392036], [-81.1637580442996, 28.5007723390747], [-81.1633740444806, 28.50121433889], [-81.1629640443529, 28.5016123393643], [-81.1626650439768, 28.5019023393256], [-81.1623570440829, 28.5022073390833], [-81.1619980436225, 28.5025623393616], [-81.1616670435612, 28.5028853399542], [-81.1615960438659, 28.5029543395574], [-81.1604620434383, 28.5040613396426], [-81.1601890433645, 28.5042033399371], [-81.1601100432989, 28.5043003399391], [-81.1600140433435, 28.5043913396635], [-81.1599340432315, 28.5044893397119], [-81.1599040436392, 28.5045263396293], [-81.1598250435744, 28.5046463397982], [-81.159657042984, 28.5049883403681], [-81.1596040432253, 28.5050733398132], [-81.159523043067, 28.5051743400007], [-81.1594300432509, 28.5052663397714], [-81.1593250428776, 28.5053513401172], [-81.1588140434582, 28.5057313406589], [-81.1587000426676, 28.5058263405692], [-81.1585940431479, 28.5059293399507], [-81.1584620433225, 28.5060813407052], [-81.1583000430067, 28.5063073403942], [-81.1580360433622, 28.5067953405401], [-81.1579830427043, 28.506888340356], [-81.1579570432979, 28.5069333406441], [-81.1579200424821, 28.5069893405431], [-81.1577530428345, 28.5072423405845], [-81.1576470424161, 28.5073663409396], [-81.1575440430354, 28.5074623408959], [-81.1574630428758, 28.5075243410742], [-81.1573230426771, 28.507616340846], [-81.1572140430189, 28.5077393411548], [-81.1569850422922, 28.5079753413091], [-81.1568120423656, 28.5082113405626], [-81.1567220426921, 28.508408340704], [-81.1566780424548, 28.5085853408164], [-81.1565900428776, 28.5088843411896], [-81.1565030424498, 28.509252341164], [-81.1564030423286, 28.5099363413984], [-81.1563260423642, 28.5102853413911], [-81.1562150426307, 28.510937341941], [-81.1560950424741, 28.5114243420368], [-81.1560860429583, 28.5114983418702], [-81.1560600426587, 28.5117273416947], [-81.1560230427549, 28.5121663422612], [-81.1560130422949, 28.512289341668], [-81.1559550423198, 28.5128443422165], [-81.1557610423227, 28.5132203425646], [-81.1553760424691, 28.5140143425097], [-81.1551560421702, 28.5145553424134], [-81.1548920425267, 28.5150763422904], [-81.1544850425496, 28.5158153432837], [-81.1542820421339, 28.5161633432334], [-81.1540930423608, 28.5162973431549], [-81.1539650418174, 28.5163213433714], [-81.1538150420511, 28.5163263427078], [-81.153731041751, 28.5163493428769], [-81.1534000416969, 28.5168883426908], [-81.1529020419991, 28.5177963434269], [-81.1523000419809, 28.5189843436557], [-81.1517310416965, 28.5202023443751], [-81.1507090411008, 28.5222133440956], [-81.1505900409825, 28.5224593447106], [-81.1504570411143, 28.5227183450292], [-81.1503260413396, 28.5229973444764], [-81.1502760408226, 28.5231373446723], [-81.1502170407894, 28.5233413451375], [-81.1501830410155, 28.5234983452218], [-81.1501560415679, 28.523700344694], [-81.1501460411117, 28.5239343447498], [-81.1501500413116, 28.5243623448053], [-81.1501530414609, 28.5246663454078], [-81.1501610409392, 28.5248573452686], [-81.1501610409469, 28.5250883451851], [-81.1551580426144, 28.5250733452589], [-81.1553030430481, 28.5250733452551], [-81.1613080447286, 28.5250573452562], [-81.1618920448503, 28.5250553451482], [-81.1662550458742, 28.5250433444782], [-81.1668070463097, 28.5250423444174], [-81.1676820464459, 28.5250393451549], [-81.1698140473587, 28.5250343448675], [-81.1806820498832, 28.5249903443431], [-81.1816640504886, 28.5249963445956], [-81.1817830506151, 28.5249963445925], [-81.1825550504684, 28.5250023439512], [-81.1835720508993, 28.5250083442029], [-81.1858770517472, 28.5250233439387], [-81.1876860520602, 28.5250343444015], [-81.1879780521212, 28.5250363444866], [-81.1884080522911, 28.5250393446145], [-81.1898520527528, 28.525049344141], [-81.1898650524287, 28.524209343872], [-81.1898960529067, 28.5223763434357], [-81.1901710530904, 28.5227463434934], [-81.1903610529225, 28.5229883439148], [-81.1908290530704, 28.5233863434668], [-81.1914520532155, 28.5237503441366], [-81.1918850535337, 28.5240243442365], [-81.1922320534538, 28.5241663436155], [-81.1924950539727, 28.524320343553], [-81.1928900534199, 28.5243913441361], [-81.1932710540154, 28.5244433438387], [-81.1938420535374, 28.5245473441484], [-81.1943270544621, 28.5245813439132], [-81.195089054751, 28.5245993438284], [-81.1957410544312, 28.5246013439041], [-81.196450054958, 28.5246053440711], [-81.197261054824, 28.5246573437625], [-81.1981240553022, 28.5246403438512], [-81.1989350551676, 28.5246743436075], [-81.1996090558697, 28.524703344035], [-81.2002500559393, 28.524720343907], [-81.200977056406, 28.5248413441013], [-81.2016180564802, 28.5249973441216], [-81.2021900560521, 28.5252053438564], [-81.2026230563686, 28.5254303434834], [-81.2029170565287, 28.525621344236], [-81.2033500568458, 28.5258633437518], [-81.2040700570052, 28.526507343909], [-81.2041820568102, 28.5266083440915], [-81.2044590570882, 28.5270243444829], [-81.2048920574227, 28.5277863447218], [-81.205134056981, 28.5283573442054], [-81.2053080578809, 28.5289493446644], [-81.2054960576308, 28.5295063443997], [-81.2058300578801, 28.5306403447987], [-81.205864057663, 28.5307533455395], [-81.2061720576007, 28.5317563452624], [-81.2062870575536, 28.5321173458063], [-81.2063430574602, 28.5322923458234], [-81.2065960575366, 28.5330893458908], [-81.206623057893, 28.533171346094], [-81.2069050584177, 28.5340243460587], [-81.2072770586315, 28.5351483459931], [-81.2080010580492, 28.5349553460206], [-81.2088590582889, 28.5347463462022], [-81.2089350591171, 28.5347243460797], [-81.2090840588353, 28.5346733464096], [-81.2093010590101, 28.5345833458291], [-81.2095170591386, 28.5345023456659], [-81.2096570593381, 28.5344383462927], [-81.2098570587232, 28.5343283456849], [-81.2101010592491, 28.5341623460772], [-81.210269058947, 28.5340283461563], [-81.2104830589787, 28.5338263457799], [-81.210650059528, 28.533648345618], [-81.2107250594082, 28.5335563458478], [-81.2108030594274, 28.5334613459385], [-81.2108950591958, 28.5333303452593], [-81.2110130592694, 28.5331353452099], [-81.2111130594068, 28.5329373459213], [-81.2111980597473, 28.5327343455019], [-81.2112890594646, 28.5324643455737], [-81.211341059173, 28.5322623452015], [-81.2113820592688, 28.532016345488], [-81.2115470596928, 28.5308653451872], [-81.211702059658, 28.5298703449238], [-81.2117820597549, 28.5293233447457], [-81.2118550595305, 28.5288803448922], [-81.2118830590246, 28.5286813446598], [-81.2122080596431, 28.5264553439841], [-81.2122420594121, 28.5261493441873], [-81.2122570592003, 28.5258943440571], [-81.2122580592366, 28.5255903434546], [-81.212242059386, 28.5253713440947], [-81.2122070595522, 28.5251233433911], [-81.2121520596882, 28.5248373436243], [-81.2224580622106, 28.5247633435224], [-81.2252350633773, 28.5247423433758], [-81.227846064035, 28.5247243433725], [-81.2319230652753, 28.5246943427748], [-81.2357020661763, 28.5246673432232], [-81.240091067507, 28.5246613428305], [-81.2401770679008, 28.524663342921], [-81.2408570679807, 28.5246583426715], [-81.2412620678896, 28.5246563425682], [-81.2416040675729, 28.5246603427447], [-81.243155068504, 28.5246903422963], [-81.2438780687815, 28.5247053429728], [-81.2439220681255, 28.5247053429716], [-81.244128068692, 28.5247053429663], [-81.2446670685229, 28.5246683430356], [-81.2447970691597, 28.5246653428931], [-81.2464510694742, 28.5246813426923], [-81.2474280698472, 28.5246773424815], [-81.2483060701226, 28.5246753423658], [-81.2483360697161, 28.524675342365], [-81.2488090700825, 28.5246693429738], [-81.2493410704889, 28.5246633426819], [-81.2502000707817, 28.5246583424276], [-81.2503200700552, 28.5246583424245], [-81.2504390701817, 28.5246583424214], [-81.2506790705274, 28.5246573423688], [-81.2507510702713, 28.5246563423205], [-81.250824070961, 28.5246563423186], [-81.2508940706121, 28.5246553422705], [-81.2509640702633, 28.5246553422686], [-81.2511430704762, 28.5246543422176], [-81.2516920707723, 28.5246533421569], [-81.2521000708203, 28.5246513420536], [-81.2524200712813, 28.5246503419988], [-81.2524260706761, 28.5251213422489], [-81.2524340710658, 28.5256723426101], [-81.2524490708864, 28.5263833431936], [-81.2524490708915, 28.5265363430916], [-81.2524510710001, 28.5270083433881], [-81.2524600714393, 28.5276513435175], [-81.2524700710255, 28.5282943436469], [-81.2524730711713, 28.5284893436931], [-81.252476071317, 28.5286843437393], [-81.2525230709086, 28.5319213445067], [-81.2525400717371, 28.5331063445801], [-81.2525920715714, 28.5366623457459], [-81.2526100715472, 28.5378483458655], [-81.2526140717425, 28.538138345819], [-81.2526260714292, 28.539010345772], [-81.252631071671, 28.5393013457718], [-81.2526350718746, 28.5398393464298], [-81.2526410712766, 28.5405213465685], [-81.2526480716328, 28.5414553466978], [-81.2526510717816, 28.5417413464659], [-81.2526530718786, 28.5418673469108], [-81.2526550719757, 28.5419943465028], [-81.2526570720724, 28.5421103464841], [-81.2526570720741, 28.542162347096], [-81.2526580721227, 28.5422273465119], [-81.2526610713728, 28.5425313471143], [-81.2526620714238, 28.5426663470772], [-81.2526650715686, 28.5428353468174], [-81.2526670716678, 28.5430253466319], [-81.2526740720117, 28.5435953469746], [-81.2526770721574, 28.5437863468353], [-81.2526810714578, 28.5442083475119], [-81.2526850716548, 28.5445453469462], [-81.252686071704, 28.5446303472891], [-81.2526900719136, 28.5453473472517], [-81.252700071505, 28.5461413471863], [-81.2527080718992, 28.5468243473712], [-81.2527140721935, 28.547297347714], [-81.2527150722423, 28.5473693483537], [-81.2527160722911, 28.5474423481403], [-81.2527170714406, 28.5475133478343], [-81.2527180714894, 28.5475843475283], [-81.2527310721365, 28.5488913478613], [-81.2527330722334, 28.5490133481208], [-81.2527400716837, 28.5497513481574], [-81.2527480720781, 28.5504433487596], [-81.2527650720294, 28.5522823494724], [-81.2527700722792, 28.5528133489065], [-81.2527830720271, 28.5541213492859], [-81.2527970717935, 28.5546003499064], [-81.2528330726025, 28.5557223497567], [-81.2528490724563, 28.5560383500158], [-81.2528740718338, 28.5565183497832], [-81.2528800721181, 28.5566913497088], [-81.2528980720716, 28.5572123504776], [-81.2529050724023, 28.5573863504496], [-81.2529130718837, 28.5576713501711], [-81.2529160720374, 28.5581023503655], [-81.2529190721897, 28.5584913504117], [-81.2529800723815, 28.5602493509657], [-81.2529940721449, 28.5606363509188], [-81.2530120720919, 28.5609653508811], [-81.2530250727079, 28.56134235127], [-81.2530250727116, 28.561454351066], [-81.253025072724, 28.561822351038], [-81.2530590725401, 28.5629213516208], [-81.2530720722573, 28.5633173519911], [-81.2530820727245, 28.5634103518054], [-81.2530940723857, 28.563519351462], [-81.2530950724335, 28.5635593515176], [-81.2531100722454, 28.5640113517859], [-81.2531150724825, 28.564162351591], [-81.2531220728321, 28.5649003525269], [-81.2531250729751, 28.5650133523692], [-81.253153072508, 28.5659703526647], [-81.2531590727915, 28.5661213524698], [-81.2531940726497, 28.5670903524221], [-81.2531900724751, 28.567419352385], [-81.2531830730545, 28.5675653528579], [-81.253183073055, 28.5675823527466], [-81.2532000729661, 28.5682203526439], [-81.2532030731063, 28.5682513531816], [-81.2532070723937, 28.5682843529126], [-81.2532120726265, 28.5683083531257], [-81.2532330727053, 28.5684133525967], [-81.2533880727043, 28.5684293533343], [-81.2539140728326, 28.5684333526066], [-81.2546480727213, 28.5684483532828], [-81.2561320732394, 28.5684293532625], [-81.2573100739468, 28.5684253530462], [-81.2576010739613, 28.5684243529922], [-81.2577620742381, 28.568424352988]]]}}, {"type": "Feature", "properties": {"district": 2, "county": "orange"}, "geometry": {"type": "Polygon", "coordinates": [[[-81.3103040882494, 28.5235793403023], [-81.3103320877958, 28.524945340672], [-81.3103530879253, 28.5265653411251], [-81.3103580881633, 28.5267423412362], [-81.3103740880293, 28.5274243413746], [-81.3103630884244, 28.5276103419033], [-81.3103650876301, 28.5279753417363], [-81.3103670877464, 28.5286773419028], [-81.310368087797, 28.5288013422551], [-81.3103700878989, 28.5290733422734], [-81.3103730880505, 28.5294423422918], [-81.3103800883857, 28.5297513422265], [-81.3103750881738, 28.5303533422543], [-81.3103970883391, 28.5316583424943], [-81.3104170884187, 28.5331713433832], [-81.3104430878864, 28.5349553433447], [-81.3104360884776, 28.5354553431408], [-81.310456088537, 28.5363673440484], [-81.3104640880234, 28.5368003434362], [-81.3104600887397, 28.5368763442614], [-81.310460088742, 28.5369443438163], [-81.3104600887493, 28.5371613439831], [-81.3104780887014, 28.5376433438434], [-81.3104560886264, 28.5390333444275], [-81.3104620880105, 28.5391803440471], [-81.3104600888214, 28.539314344863], [-81.3104590887775, 28.5393883446961], [-81.3104580887348, 28.5394983443994], [-81.3104590887844, 28.539594344353], [-81.3104620880396, 28.5400493447607], [-81.3104800888839, 28.5403173445932], [-81.3104980888358, 28.5407913449819], [-81.310506088318, 28.541098344824], [-81.3105120886242, 28.541925345389], [-81.310532088666, 28.5423143454347], [-81.3105300885833, 28.5426163450452], [-81.3105580890012, 28.5431483454244], [-81.3105820883966, 28.5455403456916], [-81.3105910888199, 28.5457073462383], [-81.3105880886848, 28.5458313456913], [-81.3105780891364, 28.5463173457377], [-81.3105940889933, 28.546728345904], [-81.3105930889532, 28.5469153464788], [-81.310590088821, 28.5471253463212], [-81.3105910888692, 28.54717834608], [-81.3105930889632, 28.5472133468031], [-81.310601088441, 28.5473883468214], [-81.3106020884897, 28.547458346469], [-81.3106070887432, 28.548097346413], [-81.310625088748, 28.5501463469679], [-81.3106290889405, 28.550353346671], [-81.3106570885334, 28.553097347967], [-81.3106570885503, 28.5536003479018], [-81.3106640888781, 28.5536893475307], [-81.3106670890234, 28.5538693477809], [-81.3106750894139, 28.5544423482625], [-81.3106710892349, 28.5546413484943], [-81.3106940894349, 28.5555933485582], [-81.3106720893518, 28.5567403486695], [-81.3106930894365, 28.5570233482979], [-81.3106960886833, 28.5572283488076], [-81.3103920889713, 28.5574183486301], [-81.3099790886998, 28.5576753488633], [-81.3093620888599, 28.5581103492594], [-81.3081220880058, 28.559079349245], [-81.307643088272, 28.5594313493871], [-81.3069520877006, 28.5600033498407], [-81.3059480878991, 28.5607703494494], [-81.3049830872068, 28.5614603499843], [-81.30484008777, 28.561601350229], [-81.3042360876346, 28.5620503503744], [-81.3038060874746, 28.5623403503392], [-81.3036320874977, 28.5624553502787], [-81.302813087281, 28.5630103499476], [-81.3026590873327, 28.5631193505078], [-81.3021340872623, 28.5634553508088], [-81.301887086597, 28.5636143500921], [-81.301135086788, 28.5640623510943], [-81.3003810859856, 28.564472350335], [-81.2997400859282, 28.5648173510563], [-81.2989880861168, 28.5651923513725], [-81.2976770855528, 28.565796351527], [-81.2964590857027, 28.5662613515309], [-81.2950570845094, 28.5667593512707], [-81.2949640846913, 28.5667923519035], [-81.2943410845654, 28.5670023517621], [-81.2939170846779, 28.5671133515229], [-81.2932820839939, 28.5672873515116], [-81.2923000842961, 28.5675213515928], [-81.2902160838264, 28.5679333518604], [-81.2883100826184, 28.5681903521327], [-81.2881340825456, 28.5682133523042], [-81.2872420825223, 28.568288352207], [-81.2872030825112, 28.5682903523007], [-81.2871260825355, 28.5682983517742], [-81.2865970822697, 28.5683433520755], [-81.2862110823442, 28.5683753517704], [-81.2859990823985, 28.5683713524898], [-81.2851690816534, 28.5683943517791], [-81.2847150821683, 28.5683853522731], [-81.2841880819936, 28.5683803520551], [-81.2835900812218, 28.5683673523675], [-81.2835600816282, 28.5683673523683], [-81.2832620812889, 28.5683673523761], [-81.2822810816296, 28.5683683524481], [-81.2819550808903, 28.568369352503], [-81.2816620807831, 28.5683693525107], [-81.2809910811206, 28.5683693525282], [-81.2807830804612, 28.5683693525337], [-81.2807530808677, 28.5683693525345], [-81.2804910804002, 28.5683653523559], [-81.2803790805986, 28.5683633522662], [-81.2802660807506, 28.5683623522227], [-81.279841080813, 28.5683673524657], [-81.2796300800145, 28.5683693525639], [-81.2794160799762, 28.5683733518556], [-81.2792420799952, 28.5683673524813], [-81.2791010806465, 28.5683683525314], [-81.2789950802241, 28.5683703526269], [-81.2781570800062, 28.5683673525098], [-81.2778430798237, 28.568367352518], [-81.2774090794684, 28.5683683525757], [-81.2765810797147, 28.5683693526437], [-81.2761070793018, 28.5683713527488], [-81.2756730789465, 28.5683723528065], [-81.2754020789609, 28.5683723528136], [-81.2745910790968, 28.568373351982], [-81.2743210791575, 28.5683743520354], [-81.2742190789207, 28.568374352038], [-81.2739130791094, 28.568374352046], [-81.273812078919, 28.5683743520487], [-81.2735760787589, 28.5683723528614], [-81.2734030788244, 28.568372352866], [-81.2731340789321, 28.5683883527154], [-81.2729700785161, 28.5683893527661], [-81.2728720784649, 28.5683893527687], [-81.2728030788601, 28.5683893527705], [-81.2726370783513, 28.5683903528212], [-81.2725290787353, 28.5683913528703], [-81.2722490783321, 28.5683963522101], [-81.2722050780889, 28.5683963522113], [-81.2721180785483, 28.5683993523526], [-81.2720980785195, 28.5683993523532], [-81.270843077836, 28.5684033525714], [-81.2694730772134, 28.5684553523198], [-81.2692930778533, 28.5684513521392], [-81.2680240774195, 28.5684553523578], [-81.2678300774098, 28.5684523522238], [-81.2677990768705, 28.5684523522246], [-81.2668150770718, 28.5684483529643], [-81.2663630767811, 28.5684663529112], [-81.2660260764305, 28.5684653528736], [-81.2650110760926, 28.5684623527611], [-81.264851075862, 28.5684593526263], [-81.2642640756006, 28.5684483530311], [-81.264030075533, 28.56843935262], [-81.2633470753137, 28.5684413527306], [-81.2627380758307, 28.568448353071], [-81.2623810754514, 28.5684483530804], [-81.2615540748449, 28.5684553525272], [-81.2613390747597, 28.5684423528295], [-81.261041075319, 28.5684243529022], [-81.2600320743603, 28.5684243529286], [-81.2578660736685, 28.5684243529853], [-81.2577620742381, 28.568424352988], [-81.2576010739613, 28.5684243529922], [-81.2573100739468, 28.5684253530462], [-81.2561320732394, 28.5684293532625], [-81.2546480727213, 28.5684483532828], [-81.2539140728326, 28.5684333526066], [-81.2533880727043, 28.5684293533343], [-81.2532330727053, 28.5684133525967], [-81.2532120726265, 28.5683083531257], [-81.2532070723937, 28.5682843529126], [-81.2532030731063, 28.5682513531816], [-81.2532000729661, 28.5682203526439], [-81.253183073055, 28.5675823527466], [-81.2531830730545, 28.5675653528579], [-81.2531900724751, 28.567419352385], [-81.2531940726497, 28.5670903524221], [-81.2531590727915, 28.5661213524698], [-81.253153072508, 28.5659703526647], [-81.2531250729751, 28.5650133523692], [-81.2531220728321, 28.5649003525269], [-81.2531150724825, 28.564162351591], [-81.2531100722454, 28.5640113517859], [-81.2530950724335, 28.5635593515176], [-81.2530940723857, 28.563519351462], [-81.2530820727245, 28.5634103518054], [-81.2530720722573, 28.5633173519911], [-81.2530590725401, 28.5629213516208], [-81.253025072724, 28.561822351038], [-81.2530250727116, 28.561454351066], [-81.2530250727079, 28.56134235127], [-81.2530120720919, 28.5609653508811], [-81.2529940721449, 28.5606363509188], [-81.2529800723815, 28.5602493509657], [-81.2529190721897, 28.5584913504117], [-81.2529160720374, 28.5581023503655], [-81.2529130718837, 28.5576713501711], [-81.2529050724023, 28.5573863504496], [-81.2528980720716, 28.5572123504776], [-81.2528800721181, 28.5566913497088], [-81.2528740718338, 28.5565183497832], [-81.2528490724563, 28.5560383500158], [-81.2528330726025, 28.5557223497567], [-81.2527970717935, 28.5546003499064], [-81.2527830720271, 28.5541213492859], [-81.2527700722792, 28.5528133489065], [-81.2527650720294, 28.5522823494724], [-81.2527480720781, 28.5504433487596], [-81.2527400716837, 28.5497513481574], [-81.2527330722334, 28.5490133481208], [-81.2527310721365, 28.5488913478613], [-81.2527180714894, 28.5475843475283], [-81.2527170714406, 28.5475133478343], [-81.2527160722911, 28.5474423481403], [-81.2527150722423, 28.5473693483537], [-81.2527140721935, 28.547297347714], [-81.2527080718992, 28.5468243473712], [-81.252700071505, 28.5461413471863], [-81.2526900719136, 28.5453473472517], [-81.252686071704, 28.5446303472891], [-81.2526850716548, 28.5445453469462], [-81.2526810714578, 28.5442083475119], [-81.2526770721574, 28.5437863468353], [-81.2526740720117, 28.5435953469746], [-81.2526670716678, 28.5430253466319], [-81.2526650715686, 28.5428353468174], [-81.2526620714238, 28.5426663470772], [-81.2526610713728, 28.5425313471143], [-81.2526580721227, 28.5422273465119], [-81.2526570720741, 28.542162347096], [-81.2526570720724, 28.5421103464841], [-81.2526550719757, 28.5419943465028], [-81.2526530718786, 28.5418673469108], [-81.2526510717816, 28.5417413464659], [-81.2526480716328, 28.5414553466978], [-81.2526410712766, 28.5405213465685], [-81.2526350718746, 28.5398393464298], [-81.252631071671, 28.5393013457718], [-81.2526260714292, 28.539010345772], [-81.2526140717425, 28.538138345819], [-81.2526100715472, 28.5378483458655], [-81.2525920715714, 28.5366623457459], [-81.2525400717371, 28.5331063445801], [-81.2525230709086, 28.5319213445067], [-81.252476071317, 28.5286843437393], [-81.2524730711713, 28.5284893436931], [-81.2524700710255, 28.5282943436469], [-81.2524600714393, 28.5276513435175], [-81.2524510710001, 28.5270083433881], [-81.2524490708915, 28.5265363430916], [-81.2524490708864, 28.5263833431936], [-81.2524340710658, 28.5256723426101], [-81.2524260706761, 28.5251213422489], [-81.2524200712813, 28.5246503419988], [-81.2521000708203, 28.5246513420536], [-81.2516920707723, 28.5246533421569], [-81.2511430704762, 28.5246543422176], [-81.2509640702633, 28.5246553422686], [-81.2508940706121, 28.5246553422705], [-81.250824070961, 28.5246563423186], [-81.2507510702713, 28.5246563423205], [-81.2506790705274, 28.5246573423688], [-81.2504390701817, 28.5246583424214], [-81.2503200700552, 28.5246583424245], [-81.2502000707817, 28.5246583424276], [-81.2493410704889, 28.5246633426819], [-81.2488090700825, 28.5246693429738], [-81.2483360697161, 28.524675342365], [-81.2483060701226, 28.5246753423658], [-81.2474280698472, 28.5246773424815], [-81.2464510694742, 28.5246813426923], [-81.2447970691597, 28.5246653428931], [-81.2446670685229, 28.5246683430356], [-81.244128068692, 28.5247053429663], [-81.2439220681255, 28.5247053429716], [-81.2438780687815, 28.5247053429728], [-81.243155068504, 28.5246903422963], [-81.2416040675729, 28.5246603427447], [-81.2412620678896, 28.5246563425682], [-81.2408570679807, 28.5246583426715], [-81.2401770679008, 28.524663342921], [-81.240091067507, 28.5246613428305], [-81.2357020661763, 28.5246673432232], [-81.2319230652753, 28.5246943427748], [-81.227846064035, 28.5247243433725], [-81.2252350633773, 28.5247423433758], [-81.2224580622106, 28.5247633435224], [-81.2121520596882, 28.5248373436243], [-81.2122070595522, 28.5251233433911], [-81.212242059386, 28.5253713440947], [-81.2122580592366, 28.5255903434546], [-81.2122570592003, 28.5258943440571], [-81.2122420594121, 28.5261493441873], [-81.2122080596431, 28.5264553439841], [-81.2118830590246, 28.5286813446598], [-81.2118550595305, 28.5288803448922], [-81.2117820597549, 28.5293233447457], [-81.211702059658, 28.5298703449238], [-81.2115470596928, 28.5308653451872], [-81.2113820592688, 28.532016345488], [-81.211341059173, 28.5322623452015], [-81.2112890594646, 28.5324643455737], [-81.2111980597473, 28.5327343455019], [-81.2111130594068, 28.5329373459213], [-81.2110130592694, 28.5331353452099], [-81.2108950591958, 28.5333303452593], [-81.2108030594274, 28.5334613459385], [-81.2107250594082, 28.5335563458478], [-81.210650059528, 28.533648345618], [-81.2104830589787, 28.5338263457799], [-81.210269058947, 28.5340283461563], [-81.2101010592491, 28.5341623460772], [-81.2098570587232, 28.5343283456849], [-81.2096570593381, 28.5344383462927], [-81.2095170591386, 28.5345023456659], [-81.2093010590101, 28.5345833458291], [-81.2090840588353, 28.5346733464096], [-81.2089350591171, 28.5347243460797], [-81.2088590582889, 28.5347463462022], [-81.2080010580492, 28.5349553460206], [-81.2072770586315, 28.5351483459931], [-81.2069050584177, 28.5340243460587], [-81.206623057893, 28.533171346094], [-81.2065960575366, 28.5330893458908], [-81.2063430574602, 28.5322923458234], [-81.2062870575536, 28.5321173458063], [-81.2061720576007, 28.5317563452624], [-81.205864057663, 28.5307533455395], [-81.2058300578801, 28.5306403447987], [-81.2054960576308, 28.5295063443997], [-81.2053080578809, 28.5289493446644], [-81.205134056981, 28.5283573442054], [-81.2048920574227, 28.5277863447218], [-81.2044590570882, 28.5270243444829], [-81.2041820568102, 28.5266083440915], [-81.2040700570052, 28.526507343909], [-81.2033500568458, 28.5258633437518], [-81.2029170565287, 28.525621344236], [-81.2026230563686, 28.5254303434834], [-81.2021900560521, 28.5252053438564], [-81.2016180564802, 28.5249973441216], [-81.200977056406, 28.5248413441013], [-81.2002500559393, 28.524720343907], [-81.1996090558697, 28.524703344035], [-81.1989350551676, 28.5246743436075], [-81.1981240553022, 28.5246403438512], [-81.197261054824, 28.5246573437625], [-81.196450054958, 28.5246053440711], [-81.1957410544312, 28.5246013439041], [-81.195089054751, 28.5245993438284], [-81.1943270544621, 28.5245813439132], [-81.1938420535374, 28.5245473441484], [-81.1932710540154, 28.5244433438387], [-81.1928900534199, 28.5243913441361], [-81.1924950539727, 28.524320343553], [-81.1922320534538, 28.5241663436155], [-81.1918850535337, 28.5240243442365], [-81.1914520532155, 28.5237503441366], [-81.1908290530704, 28.5233863434668], [-81.1903610529225, 28.5229883439148], [-81.1901710530904, 28.5227463434934], [-81.1898960529067, 28.5223763434357], [-81.1898650524287, 28.524209343872], [-81.1898520527528, 28.525049344141], [-81.1884080522911, 28.5250393446145], [-81.1879780521212, 28.5250363444866], [-81.1876860520602, 28.5250343444015], [-81.1858770517472, 28.5250233439387], [-81.1835720508993, 28.5250083442029], [-81.1825550504684, 28.5250023439512], [-81.1817830506151, 28.5249963445925], [-81.1816640504886, 28.5249963445956], [-81.1806820498832, 28.5249903443431], [-81.1698140473587, 28.5250343448675], [-81.1676820464459, 28.5250393451549], [-81.1668070463097, 28.5250423444174], [-81.1662550458742, 28.5250433444782], [-81.1618920448503, 28.5250553451482], [-81.1613080447286, 28.5250573452562], [-81.1553030430481, 28.5250733452551], [-81.1551580426144, 28.5250733452589], [-81.1501610409469, 28.5250883451851], [-81.1501610409392, 28.5248573452686], [-81.1501530414609, 28.5246663454078], [-81.1501500413116, 28.5243623448053], [-81.1501460411117, 28.5239343447498], [-81.1501560415679, 28.523700344694], [-81.1501830410155, 28.5234983452218], [-81.1502170407894, 28.5233413451375], [-81.1502760408226, 28.5231373446723], [-81.1503260413396, 28.5229973444764], [-81.1504570411143, 28.5227183450292], [-81.1505900409825, 28.5224593447106], [-81.1507090411008, 28.5222133440956], [-81.1517310416965, 28.5202023443751], [-81.1523000419809, 28.5189843436557], [-81.1529020419991, 28.5177963434269], [-81.1534000416969, 28.5168883426908], [-81.153731041751, 28.5163493428769], [-81.1538150420511, 28.5163263427078], [-81.1539650418174, 28.5163213433714], [-81.1540930423608, 28.5162973431549], [-81.1542820421339, 28.5161633432334], [-81.1544850425496, 28.5158153432837], [-81.1548920425267, 28.5150763422904], [-81.1551560421702, 28.5145553424134], [-81.1553760424691, 28.5140143425097], [-81.1557610423227, 28.5132203425646], [-81.1559550423198, 28.5128443422165], [-81.1560130422949, 28.512289341668], [-81.1560230427549, 28.5121663422612], [-81.1560600426587, 28.5117273416947], [-81.1560860429583, 28.5114983418702], [-81.1560950424741, 28.5114243420368], [-81.1562150426307, 28.510937341941], [-81.1563260423642, 28.5102853413911], [-81.1564030423286, 28.5099363413984], [-81.1565030424498, 28.509252341164], [-81.1565900428776, 28.5088843411896], [-81.1566780424548, 28.5085853408164], [-81.1567220426921, 28.508408340704], [-81.1568120423656, 28.5082113405626], [-81.1569850422922, 28.5079753413091], [-81.1572140430189, 28.5077393411548], [-81.1573230426771, 28.507616340846], [-81.1574630428758, 28.5075243410742], [-81.1575440430354, 28.5074623408959], [-81.1576470424161, 28.5073663409396], [-81.1577530428345, 28.5072423405845], [-81.1579200424821, 28.5069893405431], [-81.1579570432979, 28.5069333406441], [-81.1579830427043, 28.506888340356], [-81.1580360433622, 28.5067953405401], [-81.1583000430067, 28.5063073403942], [-81.1584620433225, 28.5060813407052], [-81.1585940431479, 28.5059293399507], [-81.1587000426676, 28.5058263405692], [-81.1588140434582, 28.5057313406589], [-81.1593250428776, 28.5053513401172], [-81.1594300432509, 28.5052663397714], [-81.159523043067, 28.5051743400007], [-81.1596040432253, 28.5050733398132], [-81.159657042984, 28.5049883403681], [-81.1598250435744, 28.5046463397982], [-81.1599040436392, 28.5045263396293], [-81.1599340432315, 28.5044893397119], [-81.1600140433435, 28.5043913396635], [-81.1601100432989, 28.5043003399391], [-81.1601890433645, 28.5042033399371], [-81.1604620434383, 28.5040613396426], [-81.1615960438659, 28.5029543395574], [-81.1616670435612, 28.5028853399542], [-81.1619980436225, 28.5025623393616], [-81.1623570440829, 28.5022073390833], [-81.1626650439768, 28.5019023393256], [-81.1629640443529, 28.5016123393643], [-81.1633740444806, 28.50121433889], [-81.1637580442996, 28.5007723390747], [-81.1641500444853, 28.5001933392036], [-81.1644080447508, 28.4997063391042], [-81.1642200441178, 28.4996343384693], [-81.164323044394, 28.4994243386243], [-81.1645190444799, 28.4989243388232], [-81.1646640448981, 28.4984613380406], [-81.164751044422, 28.4979543379178], [-81.1648300444776, 28.4975553383051], [-81.1649750449002, 28.497222338153], [-81.1651780444159, 28.4968523380828], [-81.1654610449473, 28.4965193379271], [-81.1659170445127, 28.4961503378968], [-81.1662790451169, 28.4959333377204], [-81.1668730447962, 28.4957153374917], [-81.1588440427209, 28.4958123377007], [-81.1583510423256, 28.4958183379916], [-81.1547050413015, 28.4958623383275], [-81.1517400404044, 28.4959133380709], [-81.1511960403521, 28.4962723385393], [-81.1509540408173, 28.4964053384159], [-81.1508590409071, 28.4964593382236], [-81.1503800402678, 28.496635338301], [-81.1498320400219, 28.4967513382967], [-81.149240040434, 28.496927338377], [-81.1489840402446, 28.4969163387731], [-81.1484550399746, 28.4968383387683], [-81.1480630397695, 28.4968333385467], [-81.1479190393823, 28.4968383387822], [-81.1476020399639, 28.4969593381044], [-81.1473400394969, 28.4969703386211], [-81.1468980396649, 28.4968323385306], [-81.1468850390604, 28.4967943385681], [-81.146773039258, 28.4967723384504], [-81.1463930396044, 28.496607338006], [-81.1460010393952, 28.4964803384242], [-81.1453910389624, 28.4963703387367], [-81.1441510389686, 28.4961883384259], [-81.1438960388215, 28.4960503383306], [-81.1437400387721, 28.495913338279], [-81.1435220385387, 28.4956373380807], [-81.1433170380124, 28.4954503384105], [-81.143155038586, 28.4953793378213], [-81.142899038395, 28.4953183385976], [-81.1424950376319, 28.4952793385988], [-81.141392037707, 28.4952903382381], [-81.1404840378386, 28.4953153385213], [-81.1404330372706, 28.4953173386153], [-81.140178037127, 28.4952843379915], [-81.1390500369324, 28.4950313379837], [-81.1384090368615, 28.4949753381024], [-81.137556036842, 28.4948323377908], [-81.1370070365437, 28.4947713385746], [-81.1368640362013, 28.4947273383373], [-81.1367150364829, 28.494777337961], [-81.136160035921, 28.4951623387357], [-81.1358380362725, 28.4953413380488], [-81.135649035599, 28.4954473384709], [-81.1354250360017, 28.495624338588], [-81.135057036017, 28.4957993386161], [-81.1347150354445, 28.496102338282], [-81.1342350356886, 28.4971913393144], [-81.1340970355876, 28.4974283386134], [-81.1337670355719, 28.4977303391319], [-81.1335490353528, 28.4978793388501], [-81.1335060351574, 28.497922339046], [-81.133381035656, 28.4980493395406], [-81.1333560353972, 28.4981103387717], [-81.1333930353361, 28.4987263394476], [-81.1333430357249, 28.4990623397363], [-81.1331810354009, 28.49904033962], [-81.1330190350743, 28.4989413395315], [-81.1326580353978, 28.4986163388641], [-81.1325400353118, 28.4984403388023], [-81.1324650354119, 28.4979393389618], [-81.1323900355203, 28.4976863389266], [-81.1323780349626, 28.4976643388064], [-81.1321540353458, 28.4972573388308], [-81.1318930349157, 28.4969813386336], [-81.1315810348186, 28.4967613392351], [-81.1311270344259, 28.4965083392098], [-81.130740034448, 28.4963593386079], [-81.1304420341066, 28.4962983384858], [-81.1299750340088, 28.4960123387298], [-81.1296570345313, 28.4957533384228], [-81.1289910341794, 28.4950933384215], [-81.1287540339622, 28.4947733388819], [-81.1287050343714, 28.4943283380395], [-81.1286290335317, 28.4940053383567], [-81.1285990339338, 28.4938763386727], [-81.1284750335675, 28.4936403385275], [-81.1283070338571, 28.4934033383372], [-81.1277530333134, 28.4929413376191], [-81.1276840337062, 28.4928693378805], [-81.1276220335226, 28.4927373380583], [-81.1274730337987, 28.4926213380807], [-81.1274540338082, 28.4923793376547], [-81.1273050331801, 28.4921153380108], [-81.12695003378, 28.4917303381591], [-81.1268070334293, 28.4914383381164], [-81.1265640329332, 28.4911023378353], [-81.1263590333061, 28.4909153372658], [-81.1259170334701, 28.4906563378614], [-81.1257670328043, 28.4906563378653], [-81.1255800331162, 28.4905573377774], [-81.125151032986, 28.490353337325], [-81.1250050325016, 28.4902263377367], [-81.1248930326969, 28.4901333370257], [-81.1247560326324, 28.4900723377988], [-81.1246690330894, 28.4900063374395], [-81.1245190324169, 28.4898033370261], [-81.1243320327183, 28.4893903376707], [-81.1243010321701, 28.4891213368927], [-81.1245000324, 28.4887683367113], [-81.1245440326381, 28.4886143367658], [-81.1244560321453, 28.4884223368608], [-81.1242320325323, 28.4881303368202], [-81.1242070322651, 28.4879383369136], [-81.1242320325226, 28.4878393368202], [-81.1243620322529, 28.4876183364644], [-81.1243620322467, 28.4874313367889], [-81.1243250323249, 28.4873323366972], [-81.1240960324802, 28.4870493370739], [-81.1239570323192, 28.4868763362524], [-81.1237700326286, 28.4867053364241], [-81.1234460319745, 28.4864803367941], [-81.1231030322398, 28.4863313361911], [-81.1227360322937, 28.4862713361172], [-81.1226240315911, 28.4862223365465], [-81.1224930318027, 28.4860903367261], [-81.1223310314682, 28.4857543364428], [-81.1222440319235, 28.4856383364636], [-81.1220190313711, 28.485534336145], [-81.1216330314426, 28.4854743360716], [-81.1214960313775, 28.485397336103], [-81.1214090318343, 28.4853253363648], [-81.1212340317952, 28.4849683360077], [-81.1210780317433, 28.4847583361693], [-81.1209040317575, 28.4846103365077], [-81.1203490311699, 28.4842253357617], [-81.1202060308228, 28.4840383360899], [-81.1201440315379, 28.4838893363789], [-81.1201190312708, 28.4837023358048], [-81.1201430314723, 28.4833123357114], [-81.1201250315301, 28.4831253360363], [-81.1200500307386, 28.4828553361124], [-81.1198440310578, 28.4824483361362], [-81.1198060310725, 28.4818323354603], [-81.1197380306076, 28.4816173353879], [-81.1195260306579, 28.4814963351802], [-81.119021030601, 28.4813813352581], [-81.1188780302568, 28.4812823351691], [-81.1187100305483, 28.4811003357297], [-81.1184850308877, 28.4807703357263], [-81.1183670308038, 28.4806553348949], [-81.1182360301188, 28.4806053352784], [-81.1180680304163, 28.4806053352828], [-81.1176880298714, 28.4806823352648], [-81.1175640304123, 28.4806823352681], [-81.1174140306435, 28.4806113355779], [-81.1172150303961, 28.480441334897], [-81.1171400305085, 28.4803093350751], [-81.1170460297344, 28.4800333348735], [-81.116990029825, 28.4797753355054], [-81.1168780300178, 28.479610335054], [-81.1167410299521, 28.4795113349648], [-81.1162800301355, 28.4793073354125], [-81.1161060301509, 28.4791973348144], [-81.1159560294801, 28.4790433348739], [-81.1158250296878, 28.4787963351183], [-81.1156510297001, 28.4785923346592], [-81.1155200299145, 28.4785433350891], [-81.115208029824, 28.4785213349766], [-81.1149530296782, 28.4784223348905], [-81.1149030291548, 28.478372335272], [-81.1145110289281, 28.4777183346423], [-81.1144230293313, 28.4774323348763], [-81.1143800291266, 28.4771953346827], [-81.1141860291085, 28.4769423346506], [-81.1140550293153, 28.4766673344964], [-81.1139680288633, 28.4763093340906], [-81.1139240286172, 28.476221334509], [-81.1135380286831, 28.4759963339812], [-81.113376029254, 28.475842334041], [-81.1133140290702, 28.4757043339406], [-81.1133390284231, 28.4754463345704], [-81.1134440287896, 28.4751593338537], [-81.1138180290382, 28.4745433340664], [-81.1139860287283, 28.4741743340434], [-81.1140170292629, 28.4740313337089], [-81.1140170292559, 28.4738223339128], [-81.1138110286712, 28.4732773338346], [-81.1137110285231, 28.4731563336239], [-81.1134370283911, 28.4729423336032], [-81.1133250285843, 28.4727883336617], [-81.1131940287865, 28.4723753334054], [-81.1131940287796, 28.4721663336094], [-81.1132870285924, 28.4719733336532], [-81.1133810284551, 28.4718853331687], [-81.1139220292798, 28.4718963336646], [-81.1139460285946, 28.4718863332004], [-81.11403402908, 28.4718523334206], [-81.1141280289412, 28.4717203335943], [-81.1141400285957, 28.4716263328337], [-81.114072029032, 28.4714673335586], [-81.1138410290969, 28.4712583328693], [-81.1138100285554, 28.4711923334078], [-81.113835028813, 28.4710933333144], [-81.1139970291299, 28.4709003333565], [-81.1141090289195, 28.4705373327138], [-81.114245028928, 28.4703113330254], [-81.114494028783, 28.4700363328613], [-81.1146060294693, 28.4695963331457], [-81.1148110290764, 28.4691833328807], [-81.1149110292081, 28.4688093326277], [-81.1149170294649, 28.4681593321731], [-81.1149360294457, 28.4681093325528], [-81.1151280293459, 28.4676093318524], [-81.1151470293213, 28.4674003320558], [-81.1150470291573, 28.4668003321232], [-81.1150770287399, 28.4664693320667], [-81.1150900293388, 28.4663383322888], [-81.1151520295093, 28.4660743317402], [-81.1152460293685, 28.465881331784], [-81.1156320292753, 28.4652873312176], [-81.1156500292091, 28.4652213317549], [-81.1157000288308, 28.465199331633], [-81.1158240291818, 28.464973331945], [-81.1158460292872, 28.4644843317589], [-81.1158490294245, 28.4644283318608], [-81.1159550289348, 28.4640383317652], [-81.11611002892, 28.4636413313439], [-81.1161100289135, 28.4634433311585], [-81.1159980291049, 28.4632343313653], [-81.1158800290208, 28.4631133311551], [-81.1155560292673, 28.462926331488], [-81.1151820289944, 28.4628113306632], [-81.1150630288649, 28.4627203309444], [-81.1150010286841, 28.4626733314652], [-81.1148890288765, 28.4624923311714], [-81.114901028524, 28.4621893306147], [-81.114939028482, 28.4619853310495], [-81.1148950291337, 28.4618533312267], [-81.11477702905, 28.4617433306272], [-81.1147020291653, 28.461699330388], [-81.1145590288233, 28.4616663306606], [-81.1144160284824, 28.4616673307106], [-81.1140460284013, 28.4617353311746], [-81.113855028532, 28.4617713310497], [-81.1136750282727, 28.4617713310544], [-81.1134570280458, 28.4616893308561], [-81.1132820280146, 28.4615683306473], [-81.1131390285671, 28.4613923305861], [-81.1128650284257, 28.4608973310288], [-81.1126400278683, 28.4606443309976], [-81.112292027898, 28.4603853306913], [-81.1117060276756, 28.4601543307899], [-81.1116010281954, 28.4600523305608], [-81.1114450281456, 28.4599013307595], [-81.1110270276119, 28.4592583306404], [-81.1109650274317, 28.4592303302433], [-81.1109340277857, 28.4590493299474], [-81.1108210279324, 28.4588893306271], [-81.1107280272122, 28.4588403301567], [-81.1102300274798, 28.4587133305775], [-81.1101300273338, 28.4586533304966], [-81.1100370275096, 28.4585043298871], [-81.1099870269768, 28.4581683305002], [-81.1099430276295, 28.4580693304086], [-81.1098870277268, 28.4580093303266], [-81.1098550271405, 28.4579923304387], [-81.109538026813, 28.4578223297608], [-81.1093950273669, 28.4576843296625], [-81.1092580272964, 28.4574423301388], [-81.1092200273263, 28.4572833299636], [-81.1092080267615, 28.4570463297692], [-81.109438027529, 28.4566393297817], [-81.1095000268036, 28.4564793295575], [-81.1095250270612, 28.4563803294641], [-81.1095000267934, 28.4561713296687], [-81.1092200272706, 28.4556053295182], [-81.1091510267598, 28.4554063292881], [-81.1091260273899, 28.4551533292516], [-81.1091510267353, 28.4546693292972], [-81.1090200269389, 28.4542953290502], [-81.1087830267214, 28.4539653290469], [-81.1082350264518, 28.453371329404], [-81.1081980265281, 28.4532113291825], [-81.1081980265273, 28.4531883290155], [-81.1082040267931, 28.4528043292007], [-81.1084770268494, 28.4521383288968], [-81.1084960268233, 28.451879328581], [-81.108440026917, 28.4517143281281], [-81.1083160265531, 28.4515543288081], [-81.1080830265322, 28.4515543288141], [-81.1074080266842, 28.4515613282568], [-81.106730025798, 28.4515793282095], [-81.1042090257193, 28.4516083287199], [-81.1019510243563, 28.4516513289732], [-81.1017240246138, 28.4516523290254], [-81.1001530245544, 28.4516673288622], [-81.099722024338, 28.4516613285952], [-81.0950200228719, 28.4517203287541], [-81.0950190228223, 28.4516243288005], [-81.095018022773, 28.4515383293105], [-81.0950180227726, 28.4515273288005], [-81.0950120224678, 28.4507333288653], [-81.09501602262, 28.4497243288556], [-81.0950130224606, 28.4491173285959], [-81.095026023027, 28.4480043282615], [-81.0950240229143, 28.4474053274733], [-81.0950150224565, 28.4461963271857], [-81.0950070229773, 28.4459773278256], [-81.0950010226843, 28.4455383272601], [-81.0950120222706, 28.4447873275191], [-81.0950070229304, 28.4445613269351], [-81.0950050228334, 28.4444363274357], [-81.0950080220617, 28.4440863273985], [-81.0950220226998, 28.4437363273609], [-81.0950470220497, 28.443386327323], [-81.0950470220425, 28.4431693271561], [-81.0950310221968, 28.443095326424], [-81.0950000225546, 28.4430253267771], [-81.0949570223553, 28.4429523269915], [-81.0949840227076, 28.4429103268424], [-81.0950020226418, 28.4428563270366], [-81.0950050227787, 28.4427873265359], [-81.0950060228044, 28.442162326341], [-81.0949980224126, 28.4415423263781], [-81.0949980224008, 28.4411883261554], [-81.0949980223758, 28.4404323261829], [-81.094985022634, 28.4392913263498], [-81.0949730220709, 28.4391053258216], [-81.0949850225872, 28.437880325691], [-81.0949700218856, 28.4377133251443], [-81.0949660225962, 28.4376203253298], [-81.0949680226776, 28.4372773256171], [-81.0949820224153, 28.4368943249491], [-81.0949720219408, 28.4365803256816], [-81.0949730219834, 28.4364643248008], [-81.0949800223057, 28.4363893249211], [-81.0949720219243, 28.4360803249861], [-81.0949610223096, 28.4359733254221], [-81.0949560220732, 28.4358423247454], [-81.0949590222101, 28.4357743251903], [-81.0949460224965, 28.4354803250514], [-81.0949290225772, 28.434585324931], [-81.0949170219854, 28.4335313246343], [-81.0949100216509, 28.4332383245416], [-81.0949130217856, 28.433104324625], [-81.0949190220628, 28.4330663246619], [-81.0949250223361, 28.4329123247173], [-81.0949210221377, 28.4325263239106], [-81.0949280224537, 28.4322583240772], [-81.0949280224471, 28.4320593238454], [-81.0949370219569, 28.4318033236689], [-81.0949390220284, 28.4311573242991], [-81.0949430222076, 28.4309653234923], [-81.094936021879, 28.43085232365], [-81.0949460223244, 28.4302883235847], [-81.0949440222282, 28.4301873233992], [-81.0949220221011, 28.4300213237984], [-81.0949180219117, 28.4299063238634], [-81.0949360218459, 28.4298523240576], [-81.0949420221225, 28.4297963232601], [-81.0949470223402, 28.4293653230651], [-81.0949440221971, 28.4292473238902], [-81.0949280223512, 28.429166323733], [-81.0949310215807, 28.4288513235196], [-81.0949170218123, 28.4283063234363], [-81.0949380218658, 28.4276503227031], [-81.0949350217238, 28.4275663233057], [-81.0949180218201, 28.4271403233431], [-81.0949110214848, 28.4268253231299], [-81.0949070221768, 28.4261683223509], [-81.094907022175, 28.426115322592], [-81.0949110214571, 28.4259883229998], [-81.0949290222872, 28.4258293228231], [-81.0949290222683, 28.4252603225262], [-81.0949160216422, 28.424572322109], [-81.0949050220261, 28.4244233223966], [-81.0949300213576, 28.4235143225254], [-81.0949310213775, 28.4227153214589], [-81.0949250219817, 28.4222113214774], [-81.0949280221132, 28.4219783214679], [-81.0949330214356, 28.4216663213935], [-81.0949340214552, 28.420857321662], [-81.0949380216317, 28.4205813214578], [-81.094929022056, 28.4188453210215], [-81.0949160214407, 28.4184843204747], [-81.0949160214387, 28.4184243212906], [-81.0949180215195, 28.4180603206043], [-81.0949060218475, 28.4176243210773], [-81.0949120212114, 28.4171643204372], [-81.0948970213482, 28.4151573200288], [-81.0949020215769, 28.4150583199359], [-81.0948910210611, 28.4148953195745], [-81.09490402166, 28.4147633197502], [-81.0949040216519, 28.4145173200376], [-81.0948910210381, 28.4141993196854], [-81.0949010214837, 28.4136423199445], [-81.0948910210175, 28.4135773196295], [-81.0949000214326, 28.4134993196107], [-81.0949030215351, 28.4123903194618], [-81.094899021335, 28.4119523189425], [-81.0948930210508, 28.4117803190631], [-81.0949020214609, 28.4115513192389], [-81.0949040215308, 28.4108563193962], [-81.0948890217014, 28.4098713187007], [-81.0948860215599, 28.4098023190995], [-81.0948750210425, 28.4095933184043], [-81.0948670215608, 28.4092963190256], [-81.0948650214246, 28.4079833184131], [-81.0948650213947, 28.4070813179676], [-81.094860021151, 28.4067283177914], [-81.0948590210763, 28.4058713176335], [-81.0948520207359, 28.405400317383], [-81.094856020892, 28.4045073173547], [-81.0948520206833, 28.403809317373], [-81.0948470213082, 28.402526317252], [-81.0948450211856, 28.4016273169456], [-81.0948650211947, 28.4010303162495], [-81.0948730206594, 28.4008113168889], [-81.0948710205632, 28.4007083166107], [-81.0948520205551, 28.3999293164718], [-81.0948510213963, 28.3995773163418], [-81.0948540205974, 28.3984023158312], [-81.0948280209427, 28.3909303138903], [-81.0948220206581, 28.3907453143075], [-81.094823020694, 28.3904253138623], [-81.0948110210224, 28.3900013139922], [-81.0948060207496, 28.3887663133983], [-81.0947960201969, 28.3860813130355], [-81.0947880207241, 28.386053312637], [-81.0947800203524, 28.3860403129338], [-81.0947600203228, 28.3860173127675], [-81.0947900208138, 28.3859583127296], [-81.0948060206548, 28.3858953134059], [-81.0948090207869, 28.3856773131925], [-81.0948030204977, 28.3853523125157], [-81.0948050205774, 28.3849553129975], [-81.0947880206022, 28.3823613123567], [-81.0947930199233, 28.3820093122266], [-81.0947880205092, 28.3795413111313], [-81.0947920206893, 28.3793743114834], [-81.0947810201686, 28.3790623114093], [-81.0947840202769, 28.3781263111862], [-81.0947770199182, 28.3770993112414], [-81.0947790199863, 28.3763513107402], [-81.094768020288, 28.373706310433], [-81.0947720204282, 28.3723293095513], [-81.0947660201099, 28.3711193092169], [-81.0947570196691, 28.3704183090961], [-81.0947380195518, 28.3663253082133], [-81.0947260197427, 28.3617253072093], [-81.0947170193163, 28.3614603075153], [-81.0947110198988, 28.3602933064763], [-81.0947120199384, 28.3600883068656], [-81.0947160191984, 28.3592893066981], [-81.0947010193265, 28.357006306085], [-81.0946990191852, 28.355534305296], [-81.0946930197912, 28.3550843051197], [-81.0946970190652, 28.3547073056292], [-81.0946970190618, 28.3546063054437], [-81.0946940197999, 28.3539363049613], [-81.0946980190752, 28.3536043048589], [-81.0946920196599, 28.3525053051736], [-81.0946920196577, 28.3524363046728], [-81.0946920196204, 28.3513033043105], [-81.0946850192583, 28.3501703039483], [-81.094681019041, 28.3492083043185], [-81.0946770188192, 28.3481103037802], [-81.0948880196178, 28.3481103037747], [-81.0956710190822, 28.3481123038472], [-81.0970830198575, 28.348118304089], [-81.0986530207704, 28.3481223033347], [-81.0989310201817, 28.3481233033739], [-81.0992900206539, 28.3481233033647], [-81.0996470210334, 28.3481253034482], [-81.1002960205745, 28.3481273035242], [-81.1012590211975, 28.3481303036385], [-81.1058910221151, 28.3481423031762], [-81.1155680251301, 28.3481693032793], [-81.1188150265253, 28.3481743034274], [-81.1220650271606, 28.3481833028616], [-81.1246250281507, 28.3481913031665], [-81.1251980277622, 28.3481933032444], [-81.1278460292386, 28.3481943032226], [-81.1308700301775, 28.3481953031911], [-81.1375210312601, 28.3481943029734], [-81.1383830316924, 28.3481943029512], [-81.1392450321248, 28.348194302929], [-81.1395350320929, 28.3481943029215], [-81.1414750330889, 28.3481943028715], [-81.1421260327227, 28.3481943028547], [-81.1427780333022, 28.3481943028379], [-81.1450970338999, 28.3481943027782], [-81.1623920388038, 28.3481923022397], [-81.163505039193, 28.3481913021647], [-81.1639630397628, 28.3481913021529], [-81.1644210394333, 28.3481913021411], [-81.1655350398689, 28.348190302066], [-81.1740580423885, 28.3481863016609], [-81.1741310421788, 28.348186301659], [-81.1742030428222, 28.3481873017035], [-81.1742810428446, 28.3481863016551], [-81.1743500424493, 28.3481863016534], [-81.1744470424541, 28.3481863016509], [-81.198250048995, 28.348112301204], [-81.2066480520078, 28.3480873007279], [-81.2111290531113, 28.3480883006587], [-81.2134100537439, 28.3480893006462], [-81.2199270558016, 28.3480913005708], [-81.2200340553712, 28.3480913005681], [-81.220148056165, 28.3480923006115], [-81.2261550579386, 28.348123300095], [-81.2319330589777, 28.34815530053], [-81.2320310590289, 28.3481553005275], [-81.2321620597123, 28.3481563005705], [-81.232298059728, 28.3481473001497], [-81.2326800594687, 28.3481443000008], [-81.2330330596624, 28.348142299899], [-81.2333880599488, 28.3481403006965], [-81.2342950597712, 28.3481363004876], [-81.2344560600481, 28.3481363004835], [-81.234812060381, 28.3481363004743], [-81.2356890606099, 28.348134300359], [-81.2358800604803, 28.3481333003077], [-81.235949060085, 28.3481333003059], [-81.236269060546, 28.3481323002513], [-81.2364930601491, 28.3481313001991], [-81.2383200612966, 28.3481272999666], [-81.239198061572, 28.3481262998976], [-81.2393980609607, 28.348125299846], [-81.2395140618472, 28.3481242997967], [-81.2399980618249, 28.3481242997842], [-81.24019906126, 28.348124299779], [-81.2405720614825, 28.348123299723], [-81.241694062289, 28.348119300408], [-81.2420680625579, 28.3481193003983], [-81.2446890627805, 28.3481112999598], [-81.247902063496, 28.3481013003127], [-81.2479700639536, 28.3481013003109], [-81.2491110638433, 28.3480973000961], [-81.2492530641377, 28.348096300046], [-81.2496570640001, 28.3480942999429], [-81.2497920639697, 28.3480942999394], [-81.2503710647586, 28.3480922998318], [-81.2517230645474, 28.3480882996115], [-81.251763064605, 28.3480872995641], [-81.2521100654195, 28.3480852994624], [-81.2524780654099, 28.3480832993602], [-81.2526900653556, 28.3480842994011], [-81.2537140652118, 28.3480862994673], [-81.2538110652165, 28.3480852994185], [-81.2571760666905, 28.3480752997674], [-81.2578670663817, 28.3480742997032], [-81.2578930666889, 28.3480742997026], [-81.2579350668393, 28.3480732996551], [-81.2582980665978, 28.3480732996457], [-81.2585760669081, 28.3480712995459], [-81.2594100669402, 28.3480692994316], [-81.2596890672971, 28.3480692994244], [-81.2600740671768, 28.3480612999429], [-81.2605450674501, 28.3480492993745], [-81.2614880680453, 28.3480892994058], [-81.2638350681432, 28.3480892993452], [-81.2640870681464, 28.3480892993387], [-81.2667500694188, 28.3480882992237], [-81.2682170700479, 28.3480872991394], [-81.2692550696543, 28.3480862990663], [-81.2723520712821, 28.3480882990791], [-81.2764860724699, 28.3480892990187], [-81.2806190736111, 28.3480852987266], [-81.280858073011, 28.3480852987204], [-81.2828490736753, 28.3480832985763], [-81.2840260743362, 28.3480822984995], [-81.2847520747523, 28.3480812993338], [-81.2888830758006, 28.3480782990881], [-81.2925940771432, 28.3480712986678], [-81.2929740767914, 28.3480752988434], [-81.293009076617, 28.3480772989351], [-81.2971530782681, 28.3480612989857], [-81.3011690793752, 28.3480472982331], [-81.3012920796873, 28.3480472982299], [-81.3022550794105, 28.3480482982514], [-81.3054110801789, 28.3480522983553], [-81.309574081813, 28.3480562984333], [-81.3095520817113, 28.3486622986473], [-81.3095480815363, 28.3489832982395], [-81.3095630822486, 28.3494722984248], [-81.3095640823014, 28.3496692985639], [-81.3095640823036, 28.3497342988791], [-81.3095910817944, 28.3508392988417], [-81.3096100818081, 28.3517872996203], [-81.3096200822907, 28.3523472994998], [-81.3096230815341, 28.3524552991103], [-81.3096400823428, 28.3530542998981], [-81.309658082311, 28.3540302992768], [-81.3096690819407, 28.3545913001019], [-81.3096740821813, 28.3548512995641], [-81.3096970823757, 28.355651299777], [-81.3097050818564, 28.3559163003702], [-81.3097110821452, 28.3562313005834], [-81.3097310822053, 28.35717730037], [-81.3097380825406, 28.3574933006295], [-81.3097390825892, 28.3575633002771], [-81.3097520823038, 28.3578843007683], [-81.3097690822166, 28.3585853008886], [-81.3097790817956, 28.3590173011295], [-81.3097790817969, 28.3590573011852], [-81.3097880822275, 28.3594493013705], [-81.3097910823733, 28.3596483007029], [-81.3098030820506, 28.3602453013981], [-81.3098070822428, 28.3604453016762], [-81.3098070822444, 28.3604933012034], [-81.3098100823883, 28.3606373015835], [-81.3098110824364, 28.360686301157], [-81.3098120824846, 28.3607403009623], [-81.3098150826292, 28.3609043013702], [-81.3098160826774, 28.3609593012219], [-81.3098170827267, 28.3610443015649], [-81.3098190819229, 28.3611273018152], [-81.3098230821142, 28.3612993016946], [-81.3098250822099, 28.3613853011847], [-81.3098340826408, 28.3617873018335], [-81.3098470823619, 28.3623063016108], [-81.309856082798, 28.3628633022505], [-81.3098570819494, 28.3629963021207], [-81.3098590820491, 28.3632033018241], [-81.30985208263, 28.363399301917], [-81.3097750827112, 28.3651293020771], [-81.3097890824664, 28.365276302596], [-81.3097100824532, 28.366958303229], [-81.309658082786, 28.368411303138], [-81.3096320824892, 28.3687253033056], [-81.3095960826314, 28.369155303455], [-81.309596082636, 28.3692943036034], [-81.309596082639, 28.3693853033253], [-81.3095320823674, 28.3693973038832], [-81.3094360824096, 28.3694173030142], [-81.3094300821381, 28.3696253036634], [-81.3094120822154, 28.37002830346], [-81.3094120822243, 28.3702983033859], [-81.3094110821839, 28.3704793036826], [-81.309403082718, 28.370661304026], [-81.3093900821206, 28.3708403042303], [-81.3093690829507, 28.3710203035819], [-81.3093310820935, 28.3712303043246], [-81.3092320829071, 28.3715893038823], [-81.3091810823444, 28.3717533042916], [-81.3091670825956, 28.3718003037728], [-81.3090920827185, 28.3719833041642], [-81.3088850821196, 28.3724073040398], [-81.3087900822137, 28.3725923045244], [-81.3087400825948, 28.3726933038119], [-81.3086250826636, 28.3729843047142], [-81.3085540820743, 28.3732153046327], [-81.3085170821603, 28.3733493045502], [-81.3084780821562, 28.3735633045791], [-81.3084530819014, 28.3737443048765], [-81.3084360820181, 28.3739343046915], [-81.3084310826938, 28.3741903048679], [-81.3084190821409, 28.3743083049424], [-81.3084160820126, 28.3746383049518], [-81.3084070825109, 28.37514330498], [-81.3084040823755, 28.3752583049152], [-81.308838082731, 28.3752643051821], [-81.3088310824152, 28.3755373052473], [-81.3087020828837, 28.3803653060305], [-81.3086750825624, 28.381345306495], [-81.3086700823383, 28.3815813066435], [-81.3086600827969, 28.3822893061896], [-81.3086560826192, 28.3825263063845], [-81.3085850829654, 28.3838493065628], [-81.3085400827273, 28.3854063076954], [-81.3086170827289, 28.3861813076472], [-81.308745083291, 28.3867263077274], [-81.3092490833407, 28.3880343080948], [-81.3095640835954, 28.3888123081794], [-81.3096410835783, 28.3890213079735], [-81.3097070830496, 28.3891973080367], [-81.3098150835782, 28.3895973085903], [-81.3098740836282, 28.3899003082458], [-81.3099130836507, 28.390241308764], [-81.3099250833146, 28.3904313085783], [-81.3099280834649, 28.3907673088657], [-81.3099200831403, 28.392174309339], [-81.3099140837964, 28.3932373091539], [-81.3099100836251, 28.3936713094879], [-81.3099010832165, 28.3939443095531], [-81.3099150838773, 28.3942793097938], [-81.3099100836561, 28.3946073097105], [-81.3099140838801, 28.3957643093862], [-81.309894083872, 28.3963893095815], [-81.3098800832278, 28.3965563101289], [-81.3098720837589, 28.3966463098046], [-81.3098440833649, 28.3968313102875], [-81.3098270834792, 28.396946310223], [-81.3098160838699, 28.3970053102604], [-81.3098130837313, 28.3970233101955], [-81.3098090835463, 28.3970413101308], [-81.3097920836597, 28.3971313098067], [-81.309713083608, 28.3976483103929], [-81.3095300832289, 28.3982313104441], [-81.3091440833301, 28.399065310445], [-81.3086020833878, 28.3999393105055], [-81.3082430829339, 28.4004883107838], [-81.3079110828357, 28.4010983111911], [-81.3077280833525, 28.4015793110105], [-81.3075680831386, 28.4020773116174], [-81.3075450829801, 28.4023653114789], [-81.3075040828912, 28.402820311888], [-81.3074750833664, 28.4034963117498], [-81.3074730833057, 28.4044623115646], [-81.3074750834504, 28.4060303123064], [-81.3074580835694, 28.406286312483], [-81.3074080830568, 28.4065633127347], [-81.3073080829233, 28.4068783129505], [-81.3071790832413, 28.4071553123049], [-81.3070150828337, 28.407410312439], [-81.3069110834081, 28.4075543128219], [-81.3068310832961, 28.4076483126849], [-81.306613083079, 28.4078603126256], [-81.3065130829378, 28.4079443129249], [-81.3064110827035, 28.4080223129461], [-81.306281082969, 28.4081133126714], [-81.3061570826132, 28.4081943128322], [-81.3060030826641, 28.4082823133183], [-81.3058040824256, 28.4083763131844], [-81.3053530821882, 28.4086023128809], [-81.3051240823577, 28.4087443131743], [-81.3048920823891, 28.4089193131988], [-81.3046560822369, 28.4091533132606], [-81.3044650823739, 28.4093763128113], [-81.30432508218, 28.4096103128706], [-81.3042790827458, 28.4096883128903], [-81.3041840819409, 28.4098813137457], [-81.3040870819446, 28.4101383130715], [-81.3040120820727, 28.4104773135], [-81.3039920820534, 28.4107653133614], [-81.303994082167, 28.4113903135562], [-81.3039870818573, 28.4118483141034], [-81.3039850827129, 28.4133263142705], [-81.3039770823578, 28.4138133143635], [-81.3039980824531, 28.4144183145299], [-81.3040290821046, 28.4147673145199], [-81.3040990826671, 28.4151293142121], [-81.3041690823279, 28.4154203151096], [-81.3043910827618, 28.4161513148165], [-81.3044050825134, 28.4161873146864], [-81.3047790828229, 28.4174123148066], [-81.3048940827757, 28.4177723153043], [-81.305004082494, 28.418059315116], [-81.305121082536, 28.4183143152428], [-81.3052660829786, 28.4185843151649], [-81.3055590831018, 28.4190623157322], [-81.3059000827612, 28.4197453159087], [-81.3060250831785, 28.4201183161095], [-81.3060870833675, 28.4204133162934], [-81.3061250833413, 28.4206853163109], [-81.3061720828414, 28.4211973157628], [-81.3062480836998, 28.4220833163635], [-81.3062990833846, 28.4225673163158], [-81.3063110830459, 28.4226823162506], [-81.306432083312, 28.4240923168595], [-81.3064510833016, 28.4243083169795], [-81.306440083693, 28.4243873170447], [-81.3064320833266, 28.424529316433], [-81.3064330833839, 28.4248583172952], [-81.3064330833925, 28.4251193168038], [-81.306431083301, 28.4251593168596], [-81.306435083488, 28.4251983168687], [-81.3064690832782, 28.4255313170162], [-81.3064870832178, 28.4256383174793], [-81.306501083871, 28.4257463170896], [-81.306510083393, 28.4258543175992], [-81.3065100833965, 28.4259613171635], [-81.3065040831216, 28.4260693167743], [-81.3064920834676, 28.4261763172381], [-81.3064740835352, 28.4262823176558], [-81.3064510833707, 28.4263873171279], [-81.3063460839078, 28.4268063176684], [-81.3062870838734, 28.4269753174104], [-81.3062230836069, 28.4271423170597], [-81.3061560832011, 28.4273073175158], [-81.3060760830917, 28.42748131749], [-81.3060000831696, 28.4277073180761], [-81.3058400829499, 28.4280293177187], [-81.3056590835535, 28.428330318187], [-81.305446083575, 28.4287363181276], [-81.3053400831614, 28.4290033179172], [-81.3052550828232, 28.4292743178916], [-81.3052250832368, 28.4294933181519], [-81.305179082912, 28.4298313185332], [-81.3051630830818, 28.43022031858], [-81.3051100833668, 28.4316223188225], [-81.3050820829815, 28.4320673187676], [-81.3050720834282, 28.4324103184805], [-81.305070083338, 28.4324893185454], [-81.3050990828935, 28.4327423185817], [-81.3051600830363, 28.433041318951], [-81.305187083393, 28.4331303185795], [-81.3052360829743, 28.4332933189398], [-81.3053650835751, 28.4336043189643], [-81.3054030835426, 28.4336853191209], [-81.3054720831514, 28.4338063193323], [-81.3063050840848, 28.4352643194498], [-81.3065610833898, 28.4357273193226], [-81.3066590834468, 28.4359043194314], [-81.3066660837742, 28.435980319357], [-81.3066820836198, 28.4360543191897], [-81.3067070838831, 28.4361273198751], [-81.3068570836598, 28.4364383198991], [-81.3069870843078, 28.436771320044], [-81.3073090839954, 28.4377693204343], [-81.3073830838373, 28.4379253204695], [-81.3074460840662, 28.4380233205142], [-81.3075190838597, 28.4381153202805], [-81.3076030841634, 28.4382013197684], [-81.3077120838288, 28.4382933204331], [-81.307821084393, 28.4383673202634], [-81.3078940841847, 28.4384083203635], [-81.3079240846849, 28.4386283197693], [-81.3079300840681, 28.4387543202142], [-81.3079210845593, 28.4390373207429], [-81.3079010845367, 28.4392253204653], [-81.3078850846966, 28.4393183202803], [-81.3078700840036, 28.4394113200953], [-81.3076650844149, 28.4403763207681], [-81.307562084147, 28.4408363205112], [-81.307424084064, 28.4416163207001], [-81.307349084194, 28.4420103209803], [-81.3073080840971, 28.4422263211019], [-81.3071830846144, 28.4429103213369], [-81.3071620845425, 28.4430123215691], [-81.3071380843318, 28.4431233213195], [-81.3071300839617, 28.4431593211899], [-81.3070140839928, 28.4437103215545], [-81.3069790841738, 28.4439083217408], [-81.306935083939, 28.4441603217326], [-81.3069330838466, 28.4441713213433], [-81.3068110844993, 28.4447453218749], [-81.3067870842887, 28.4448603218107], [-81.3066610838598, 28.4455313223424], [-81.3066100842036, 28.4459083218338], [-81.3065800846226, 28.4462863222703], [-81.3065730843047, 28.4464943220201], [-81.3065730843056, 28.4465203223261], [-81.3065770845016, 28.4468323224001], [-81.3065920843078, 28.447118322168], [-81.3066560845969, 28.4476313225649], [-81.3066910844294, 28.4478393223137], [-81.3067180838889, 28.4479953223501], [-81.3068020842021, 28.4483633223201], [-81.3068680845751, 28.4486103229766], [-81.3069720840163, 28.4489353227513], [-81.3071430847718, 28.4493743224131], [-81.3073150846729, 28.4497673226404], [-81.3073820841894, 28.4499053227406], [-81.3075040844633, 28.4501543225891], [-81.3076440846736, 28.4504133229007], [-81.3077160844223, 28.4505543231399], [-81.3077510842501, 28.450622322694], [-81.3078240849446, 28.4507663230721], [-81.307861084865, 28.4508263231547], [-81.3079020849712, 28.4508923235151], [-81.308071084729, 28.4511643235293], [-81.308160085268, 28.4513463229707], [-81.308224084645, 28.4514763235994], [-81.3082610845658, 28.4515483233389], [-81.3082990845329, 28.4516183229856], [-81.3084680851916, 28.4519363233335], [-81.3089550853396, 28.4528733235897], [-81.3090710853343, 28.453097324078], [-81.3091440851291, 28.4532293238999], [-81.3092340848151, 28.4534103241942], [-81.3093990852911, 28.4538173241714], [-81.3095430856921, 28.4542293243808], [-81.3096660851187, 28.4546473239697], [-81.3097350856322, 28.4549283244036], [-81.3097930856352, 28.4552113240313], [-81.3098370858879, 28.4554963246512], [-81.3098700856302, 28.4557823244186], [-81.3098900856686, 28.456070324279], [-81.3099010852964, 28.4565683248813], [-81.3098920857986, 28.4571853247053], [-81.3098980851898, 28.4575503245382], [-81.3099010853375, 28.4578053246679], [-81.3099120858805, 28.4587823249921], [-81.309921085451, 28.4603483256407], [-81.3099480858686, 28.4622673255656], [-81.309948085875, 28.4624603255192], [-81.3099480858988, 28.4631753262887], [-81.3099480859004, 28.4632233258159], [-81.3099490859536, 28.4634243261403], [-81.3099490859572, 28.4635333257973], [-81.3099550853751, 28.4646983267426], [-81.3099680860206, 28.4659663270666], [-81.3099750855455, 28.4689453275667], [-81.3099750855475, 28.4690053276502], [-81.3099900862463, 28.4690883279001], [-81.3099890862057, 28.4692623278723], [-81.3099840860066, 28.4702503278074], [-81.3099930864289, 28.4703883279091], [-81.309980085866, 28.4716013283821], [-81.3099790858261, 28.4717953283821], [-81.3099760857859, 28.4747643293182], [-81.3099990859882, 28.4757913292617], [-81.3099970859287, 28.4767913297531], [-81.310000086098, 28.4776933292985], [-81.3100030862664, 28.478568329391], [-81.3099930867663, 28.4805063301975], [-81.3099940859172, 28.4806213301326], [-81.3100280866611, 28.4825793309658], [-81.3100310868828, 28.485050331299], [-81.3100320869365, 28.4852703316049], [-81.3100460867403, 28.486868331938], [-81.3100530861894, 28.4875763323826], [-81.3100570863868, 28.4879283325123], [-81.3100880870052, 28.4902983326593], [-81.3100900871016, 28.4904063322698], [-81.3100920863061, 28.4907353331319], [-81.3101050869708, 28.4925743329457], [-81.3101020868516, 28.4931733337338], [-81.3101190868113, 28.4952743340017], [-81.3101210869937, 28.4979533340845], [-81.3101190869322, 28.4988913343995], [-81.3101230871776, 28.5006803354929], [-81.3101250872715, 28.5007113351313], [-81.3101240872409, 28.5011843354743], [-81.3101210871049, 28.501280335428], [-81.310121087107, 28.5013433356504], [-81.3101260873717, 28.5023233352143], [-81.3101360869493, 28.5027043357888], [-81.3101160869653, 28.5040473359929], [-81.3101260874454, 28.504525335668], [-81.3101410872841, 28.5057793362421], [-81.3101710869365, 28.5075403369362], [-81.3101710869508, 28.507969337038], [-81.3101860876857, 28.5091273367591], [-81.3101860877092, 28.5098313370186], [-81.3102010875187, 28.5102093374538], [-81.3102050877831, 28.5125653378516], [-81.3102010876244, 28.5133703382965], [-81.3102160874626, 28.5146083381289], [-81.3102260879652, 28.515762338564], [-81.3102210877785, 28.5171153392312], [-81.3102360876009, 28.5178783395273], [-81.3102390877444, 28.5180083392583], [-81.3102410878414, 28.5181333396568], [-81.3102510874102, 28.5182543389705], [-81.3102480872744, 28.5183563392023], [-81.3102470872342, 28.5185433397771], [-81.3102440880121, 28.5190743392114], [-81.3102540875862, 28.5193523395077], [-81.3102750876769, 28.5198153393865], [-81.3102660881785, 28.5204103399892], [-81.3102670873346, 28.5206823400076], [-81.3102670873355, 28.5207073402672], [-81.310273087644, 28.5216053405263], [-81.3103010881046, 28.5234123406548], [-81.3103040882494, 28.5235793403023]]]}}, {"type": "Feature", "properties": {"district": 3, "county": "orange"}, "geometry": {"type": "Polygon", "coordinates": [[[-81.5054071402477, 28.3955003046674], [-81.5053691402861, 28.3955993047611], [-81.5053501403051, 28.3956403048636], [-81.5052151403454, 28.3959363050988], [-81.5051571403556, 28.396050304989], [-81.5050891399024, 28.3961853049537], [-81.5050441405151, 28.3962753046303], [-81.5050011403209, 28.3963543046963], [-81.5049871405713, 28.3963783049099], [-81.5047711404527, 28.3967563053512], [-81.5046521403326, 28.3969423049834], [-81.5045701401289, 28.397073304763], [-81.5045331402123, 28.3971263054222], [-81.5043871397393, 28.3973373053148], [-81.503949140119, 28.3979733051313], [-81.5038781404249, 28.3980773054576], [-81.5038081398782, 28.3981893052555], [-81.5037131399716, 28.3983503055268], [-81.5036851395732, 28.3984003051474], [-81.5035721397326, 28.3986223055489], [-81.5034721395962, 28.3988493052826], [-81.5034031399975, 28.3990303055811], [-81.5033841400168, 28.3990813052478], [-81.5033421398708, 28.3992143060184], [-81.5033101401879, 28.3993193054907], [-81.5032511401561, 28.3995653061041], [-81.5032111401057, 28.399783305419], [-81.5032061398748, 28.3998143059569], [-81.5031861398514, 28.3999763053733], [-81.5031771394366, 28.4000643058556], [-81.5031711400606, 28.4001563056239], [-81.5031621396482, 28.4003153058003], [-81.503162139661, 28.4007003056612], [-81.5031631397135, 28.4008823060042], [-81.5031631397207, 28.4010983061246], [-81.503165139835, 28.4017463064861], [-81.5031661398886, 28.4019633066529], [-81.5031671399402, 28.4021183066436], [-81.5031801397363, 28.4048913065871], [-81.5031931403775, 28.4060333073653], [-81.5023671398178, 28.4060343074331], [-81.4991651387156, 28.406063307062], [-81.4980211386865, 28.4060453071567], [-81.4969701384768, 28.4060343075733], [-81.4953921380926, 28.4060133075402], [-81.4950721376316, 28.4060083073167], [-81.4948361374716, 28.4060053071838], [-81.4941131371945, 28.4059913074529], [-81.4937941376793, 28.4059863072294], [-81.4935131372295, 28.4059803078579], [-81.4933361371095, 28.4059773077234], [-81.4927611374053, 28.4059673072748], [-81.4923131372998, 28.4059653071937], [-81.4919651364386, 28.4059533075458], [-81.4915871368831, 28.4059413078987], [-81.4915081368144, 28.4059423079471], [-81.4914021363921, 28.4059473072823], [-81.49138313641, 28.4059563077], [-81.4912801370252, 28.4059273072577], [-81.4911841361676, 28.4059313074456], [-81.4909271368322, 28.4059423079622], [-81.4898391358057, 28.4059613079719], [-81.4895941361278, 28.4059733076352], [-81.489404136304, 28.4059753077329], [-81.4893621361533, 28.4059683074095], [-81.4871051357378, 28.4060123077092], [-81.4871261358288, 28.4064863080979], [-81.4866981348499, 28.4063993076733], [-81.4863311349056, 28.4063883080723], [-81.4859271350443, 28.4064163075821], [-81.4857151350998, 28.4064493082181], [-81.4851051346733, 28.4065153076962], [-81.4845081348547, 28.4067193081753], [-81.4841411349165, 28.4068903080179], [-81.4838481348128, 28.40699430835], [-81.4835441341984, 28.4070883082187], [-81.4821501342865, 28.407897307986], [-81.4815401338835, 28.408673308901], [-81.4814311342265, 28.4088303080879], [-81.4813231337164, 28.4089873081742], [-81.4805331339738, 28.4103683092606], [-81.4804331338326, 28.4104513086142], [-81.4801911333993, 28.4106053085649], [-81.4801101332388, 28.4106383091974], [-81.4800351333575, 28.410693309051], [-81.4800041337186, 28.4107263087829], [-81.4799731331813, 28.4107873089135], [-81.4799731331854, 28.4109083091268], [-81.4799421335467, 28.4109463090905], [-81.4798051334851, 28.4109683092145], [-81.4797551329644, 28.4109963087152], [-81.4796931336863, 28.4110513094678], [-81.4796371337879, 28.4111223091633], [-81.4795811329917, 28.4112383091461], [-81.4795001337371, 28.4114693090648], [-81.4794631329212, 28.4115243089174], [-81.4793321331413, 28.411645309134], [-81.4790461333637, 28.4117883094752], [-81.4789901334644, 28.4118323097176], [-81.4788591327867, 28.4119983093224], [-81.4788161334962, 28.4122073091195], [-81.4787411327177, 28.4123283093346], [-81.4771321326616, 28.4113503090058], [-81.476886132929, 28.4111123087712], [-81.476728132787, 28.4109793089051], [-81.4765571320421, 28.4108583086963], [-81.4763781327251, 28.4107523091831], [-81.4760031324034, 28.4105553090538], [-81.4755191324177, 28.4103073092611], [-81.4755031325754, 28.4103333086682], [-81.4751031320208, 28.410978308901], [-81.4747311318742, 28.4118593092814], [-81.4744701314837, 28.4127683100575], [-81.4743731315045, 28.4135383097817], [-81.4743461320868, 28.4146403105054], [-81.4743431319782, 28.4155623100788], [-81.4743501323195, 28.4160533103566], [-81.4743801319815, 28.4181153106151], [-81.4743701324642, 28.419540311023], [-81.4743771319136, 28.4202583110319], [-81.4743941318575, 28.4218913120881], [-81.4742811320114, 28.4219463119426], [-81.4742291322968, 28.4219623117864], [-81.474090132143, 28.4220043119383], [-81.4738191321591, 28.4220533115189], [-81.4736671323003, 28.42206231194], [-81.4735151315417, 28.4220583117586], [-81.4734071319254, 28.4220483121971], [-81.4732711319087, 28.4220263120802], [-81.4727341321654, 28.42189731151], [-81.4719191312102, 28.4217023114849], [-81.4712531308756, 28.4215493116043], [-81.4709001315789, 28.4214733116876], [-81.4705951309129, 28.4214133116121], [-81.4702901311461, 28.4213523114903], [-81.4692171308098, 28.4211913121487], [-81.467875130582, 28.421069311924], [-81.467632130097, 28.4210623116058], [-81.4670931302646, 28.4210453117311], [-81.466681130031, 28.4210453117418], [-81.4649881297066, 28.4210453117858], [-81.4630771291586, 28.4210573123918], [-81.4598821283817, 28.4211063120484], [-81.459626128193, 28.4211113122868], [-81.4585731278909, 28.4211123123605], [-81.4565961269779, 28.4211213119298], [-81.4556161264662, 28.4211263121871], [-81.4545921266103, 28.4211223120283], [-81.4542921261783, 28.4211213119897], [-81.4540761260471, 28.4211213119954], [-81.4533431262068, 28.4211533125985], [-81.4526201259293, 28.4211323125432], [-81.4506241250341, 28.4211473123911], [-81.4490161250578, 28.4211743127852], [-81.4481151246152, 28.421190312651], [-81.447565124272, 28.421163312313], [-81.4452131239447, 28.4212213123648], [-81.4434321231334, 28.4212103128005], [-81.4427861228328, 28.4212133129564], [-81.4426451225848, 28.4212143121071], [-81.4426051225272, 28.4212143121081], [-81.4425741228873, 28.4212143121089], [-81.4418701225931, 28.4212193123591], [-81.4406331227455, 28.4212203124376], [-81.4394011222308, 28.4212323130259], [-81.4377561214361, 28.4212413125865], [-81.4376311219306, 28.4212403125434], [-81.4371241217849, 28.4212373124175], [-81.4368871215785, 28.4212363123773], [-81.4365371215244, 28.4212443127572], [-81.435526120474, 28.421266312904], [-81.4336261204362, 28.421274312425], [-81.4315371197222, 28.4213023128779], [-81.4292981192415, 28.4213203128712], [-81.4285751189643, 28.421305313094], [-81.4282771186252, 28.4213093132871], [-81.4276261189915, 28.4213003128869], [-81.4271391188745, 28.4212943126214], [-81.426442118006, 28.4213023130103], [-81.4254821175252, 28.4213713126367], [-81.4250331182752, 28.4214493126668], [-81.4243981175897, 28.4215733130356], [-81.4233611171403, 28.4218673132016], [-81.4229421174872, 28.4220463134164], [-81.4227081174233, 28.4221463135616], [-81.4226561168096, 28.4221693128305], [-81.4225011168133, 28.4222313130107], [-81.4219821170187, 28.422486313154], [-81.4216421165345, 28.4226493135243], [-81.4211691170772, 28.4229433136756], [-81.4206971167686, 28.4232843133077], [-81.4203951162517, 28.4235243136493], [-81.4199001166783, 28.4239813141628], [-81.4193811159947, 28.4245463142874], [-81.418816115882, 28.4253433143762], [-81.4184901160596, 28.4258703145329], [-81.4181651162828, 28.4263733144764], [-81.4175961159861, 28.427216314899], [-81.4172931154298, 28.4276653150366], [-81.4167571157581, 28.428296314624], [-81.4163081156229, 28.4287983154237], [-81.415487115322, 28.4296103153151], [-81.4145701150624, 28.4304143157375], [-81.4138031145616, 28.4309913155255], [-81.4135891145276, 28.4311233153549], [-81.4130751149679, 28.4314653159338], [-81.4123961149475, 28.4318603162759], [-81.4116741147302, 28.4322523155807], [-81.4105461136634, 28.4327893162219], [-81.4092941140347, 28.4332703160689], [-81.4090201139139, 28.4333893161966], [-81.408776113385, 28.4334573166572], [-81.4084751138076, 28.4335113164703], [-81.4059361129157, 28.4341583168514], [-81.4051691124035, 28.434392316927], [-81.404992112285, 28.4344363162733], [-81.4048881128557, 28.4344663167674], [-81.4047571121731, 28.4344883168914], [-81.4047501127497, 28.4345493170213], [-81.4046911127255, 28.4350263166519], [-81.4046061124098, 28.4359743174328], [-81.4045171127932, 28.4364813175555], [-81.4044881123556, 28.4367463172503], [-81.4044261121912, 28.4371933172889], [-81.4043221127789, 28.4377333171432], [-81.4041021124988, 28.4388373179646], [-81.4039211122165, 28.4395383180897], [-81.4037831121293, 28.4401863184548], [-81.4035991126021, 28.4407373179217], [-81.4033441124917, 28.441697318364], [-81.4028531122424, 28.4432923185711], [-81.4028081119572, 28.4434243192954], [-81.4025291116362, 28.4445013188667], [-81.4018891116888, 28.4467483196247], [-81.4016761117217, 28.447494320038], [-81.4016531115561, 28.4475693199181], [-81.4016311123356, 28.4476233197239], [-81.4012121118308, 28.4492303204855], [-81.4011251114023, 28.449578320432], [-81.400972111517, 28.4501893208809], [-81.4009571117224, 28.4502503210111], [-81.4009231119469, 28.4503633208543], [-81.4008551114968, 28.4505893205408], [-81.4007351113373, 28.4509893211001], [-81.4005221113689, 28.4516963206049], [-81.4004181119502, 28.4520443214512], [-81.4002861112253, 28.4521893209818], [-81.3999211114151, 28.4534183213063], [-81.399675111719, 28.45427532147], [-81.3992741111467, 28.455779321953], [-81.3987811117065, 28.457450322086], [-81.3981581116504, 28.4597483234089], [-81.3979911111139, 28.460312323478], [-81.3972881109573, 28.4630523237089], [-81.3972741112088, 28.4631093236536], [-81.3972111109914, 28.4633543242207], [-81.3971201112803, 28.4638113238243], [-81.3971551111176, 28.4641633239531], [-81.3970721108817, 28.4647163244095], [-81.3969631112374, 28.4652593244029], [-81.3968771108438, 28.4652623245442], [-81.3967741114598, 28.4652593244078], [-81.3966571114262, 28.4652563242718], [-81.3958081106982, 28.4652563242939], [-81.395455110505, 28.4652703240527], [-81.3944261104179, 28.4652943242928], [-81.3940981104851, 28.4652963243941], [-81.3934631097958, 28.4653043247815], [-81.3919841095102, 28.4653253248942], [-81.3915581095263, 28.4653293241914], [-81.3909231097362, 28.4653353244861], [-81.3907031094194, 28.4653363245381], [-81.3900451094613, 28.4653433248798], [-81.3898261091909, 28.4653463241252], [-81.3897121092966, 28.4653463241282], [-81.3893711087607, 28.4653503243225], [-81.3892581089128, 28.4653523244182], [-81.3874821083342, 28.4653693243532], [-81.3871621078735, 28.4653733245469], [-81.3844281078041, 28.4654013250168], [-81.3842631073417, 28.4654023250674], [-81.3825111069774, 28.4654153248164], [-81.3819831067568, 28.4654193250156], [-81.3804021062341, 28.4654353248992], [-81.3798751060599, 28.4654413251911], [-81.3796221060104, 28.4654443244373], [-81.3773651055936, 28.465464324524], [-81.3761001053459, 28.4654743250205], [-81.3760231053699, 28.4654753250688], [-81.3739641042489, 28.4654933250576], [-81.3736941043097, 28.4654953251573], [-81.3718901042303, 28.4655113250467], [-81.3715951040304, 28.4655133251471], [-81.3707101034306, 28.465522324688], [-81.3704161032772, 28.4655263248811], [-81.3701271033556, 28.4655283249813], [-81.3692641028775, 28.465537325421], [-81.3689761030025, 28.4655413247146], [-81.3687971027897, 28.465543324812], [-81.3684501028747, 28.4655483250528], [-81.3682631031899, 28.4655483250577], [-81.3680851030236, 28.4655493251087], [-81.3683441024831, 28.4664743257137], [-81.3691091030014, 28.4692033262957], [-81.3691221036063, 28.4692513258226], [-81.3693851032515, 28.4701763264274], [-81.3694381030193, 28.4703643261478], [-81.369599103315, 28.4709303263011], [-81.3696531031293, 28.4711193260678], [-81.3696981034242, 28.4712773261964], [-81.3698331034097, 28.4717543267213], [-81.3698791037511, 28.4719133268962], [-81.3699311034723, 28.4720963263849], [-81.3700881035819, 28.4726453266495], [-81.3701411033495, 28.4728283270375], [-81.3701721038922, 28.4729303272684], [-81.3701761031795, 28.4729613269068], [-81.3703031036922, 28.4734093269868], [-81.3707711038815, 28.4750533276417], [-81.3707991042848, 28.4751523277336], [-81.3708371042541, 28.4752863276492], [-81.370963103821, 28.4757343277292], [-81.3710021038368, 28.4758743279229], [-81.3711201039309, 28.4762963276972], [-81.3711601039932, 28.4764373279372], [-81.37123410383, 28.4764373279353], [-81.3714401044215, 28.477185327531], [-81.3715281040196, 28.4775143283909], [-81.371638103742, 28.4779233284621], [-81.3719711039435, 28.4790223281378], [-81.3723131045637, 28.4801523283511], [-81.3722931045349, 28.4801523283516], [-81.3722641040885, 28.4801533283987], [-81.3722331044485, 28.4801533283995], [-81.3722141044662, 28.4801543284464], [-81.3731981052796, 28.4836213290595], [-81.3739171054554, 28.4861543295499], [-81.373991105301, 28.4864183300949], [-81.3742161049771, 28.4872103299312], [-81.374291104869, 28.4874743304761], [-81.3745551054606, 28.4884173301166], [-81.3746841051671, 28.4888773307528], [-81.3748331058062, 28.4894673311196], [-81.3752681053687, 28.4912693310057], [-81.3754981061815, 28.4922223311106], [-81.3756171054251, 28.4927153314782], [-81.3756551062944, 28.4928713315143], [-81.3759741058537, 28.494195331728], [-81.3760931059967, 28.4946893321419], [-81.3762671060014, 28.4954043320073], [-81.3763551064999, 28.4957653325519], [-81.3766171061039, 28.4968423321089], [-81.3767791064494, 28.4975093324475], [-81.3767891060156, 28.4975523326419], [-81.376941106795, 28.4981763327861], [-81.3769631060203, 28.4982683325537], [-81.37696610616, 28.4982803331099], [-81.3769751065788, 28.4983163329798], [-81.3769781067185, 28.4983283326367], [-81.3769901063777, 28.4983783331556], [-81.3770601060386, 28.4986703332], [-81.3770721065971, 28.4987193327732], [-81.3773071067434, 28.4996963330912], [-81.3773411065273, 28.4998393334241], [-81.3773901070093, 28.5000393328015], [-81.3774711062829, 28.500376333133], [-81.3776311065355, 28.5010423334253], [-81.3777151068479, 28.5013873332283], [-81.3777971070673, 28.5017253336061], [-81.3778321068977, 28.5018703340317], [-81.3779381064354, 28.5023053335095], [-81.3779741072116, 28.5024513339814], [-81.3780191066061, 28.5025763334794], [-81.3780451069157, 28.5026463340258], [-81.3781481072093, 28.5029573340508], [-81.3781771067594, 28.5030433335401], [-81.3781921065575, 28.5030843336417], [-81.3782051071619, 28.5031203335115], [-81.3782171068204, 28.5031473338635], [-81.3782351067581, 28.5031973343822], [-81.3782631071616, 28.5033013338066], [-81.3782851072854, 28.5033673341676], [-81.3785101069666, 28.5043113338554], [-81.3785231066723, 28.5043653345596], [-81.3790121069505, 28.506413335056], [-81.3792561075144, 28.507388335281], [-81.3794041072088, 28.5080123354252], [-81.3795211072588, 28.5085003355611], [-81.3795421073407, 28.5087003349393], [-81.3795641074666, 28.5088293355227], [-81.3796431075466, 28.5091633357152], [-81.3796651076712, 28.5092533353901], [-81.3796811075165, 28.5093173356585], [-81.3797221076262, 28.5094853353514], [-81.3797311080451, 28.5095213352214], [-81.3797521072239, 28.5096103357493], [-81.3798361075362, 28.5099533354595], [-81.3798901073519, 28.5101823352818], [-81.3799461072605, 28.5104153352896], [-81.3799691074317, 28.5105123352889], [-81.3800401080384, 28.510806335426], [-81.3800641073568, 28.5109043354717], [-81.3800701076362, 28.5109313358239], [-81.3800911077142, 28.5110143360736], [-81.3800981080399, 28.5110423355728], [-81.38018010736, 28.5113813359969], [-81.3804261080182, 28.5124003364629], [-81.380509108284, 28.5127403360341], [-81.380515107664, 28.5127653362935], [-81.3805331076026, 28.5128433363116], [-81.3805401079283, 28.5128693366174], [-81.3804921074995, 28.5128693366186], [-81.3804281081268, 28.5128693366203], [-81.3802371082564, 28.5128693366253], [-81.3800921078227, 28.5128683365827], [-81.3799811080675, 28.5128683365856], [-81.3798971077667, 28.5128683365878], [-81.3796461078099, 28.5128683365944], [-81.3795631075555, 28.5128693366429], [-81.379397107946, 28.5128713358406], [-81.3789021074582, 28.5128783361781], [-81.3787371069958, 28.5128813363214], [-81.3785141074392, 28.51288333642], [-81.3778471070634, 28.5128923359553], [-81.3776251066539, 28.5128963361465], [-81.3775871066891, 28.5128963361475], [-81.3774731067948, 28.5128983362432], [-81.3774361068765, 28.5128993362905], [-81.3774041071901, 28.5128993362913], [-81.3773091072781, 28.5129003363402], [-81.3772781067389, 28.5129013363874], [-81.3772631069421, 28.5129013363878], [-81.3772181066525, 28.5129013363889], [-81.3772041069022, 28.5129023364356], [-81.3771541072798, 28.512902336437], [-81.3770051066606, 28.5129043365336], [-81.3769561070847, 28.5129053365812], [-81.3768281065406, 28.5129063366309], [-81.37653610648, 28.512911335971], [-81.3764451067537, 28.512913336066], [-81.3763181071555, 28.5129173362548], [-81.3763231064946, 28.5131083361156], [-81.3763361071115, 28.5135143369495], [-81.3763381063106, 28.513681336597], [-81.3763411064562, 28.5138733365041], [-81.3763441066014, 28.5140503366152], [-81.3763551071297, 28.5145833370412], [-81.376359106422, 28.5147613371987], [-81.3763601064748, 28.5149553371986], [-81.3763631066335, 28.5155363371519], [-81.3763651067329, 28.5157313371981], [-81.3763631066685, 28.5165813370309], [-81.3763661068387, 28.5175033375032], [-81.3763521070887, 28.5175163372069], [-81.3763661068392, 28.5175193373456], [-81.3763721071433, 28.5182843377345], [-81.3763711071014, 28.5184203377437], [-81.3763651068536, 28.5193343378455], [-81.3763651068597, 28.5195163381884], [-81.3763681070172, 28.5200623383179], [-81.376369107064, 28.5200743379748], [-81.3763741073017, 28.5202443377614], [-81.3761841065786, 28.5202483379518], [-81.3760521067484, 28.5202523381406], [-81.3756141071065, 28.5202443377813], [-81.3754241063831, 28.5202413385465], [-81.3752061070585, 28.5202433377456], [-81.3745541064795, 28.5202513381335], [-81.374337106302, 28.5202543382782], [-81.3740901065309, 28.5202563383774], [-81.3733511064111, 28.5202633378219], [-81.3731051057871, 28.5202663379674], [-81.3722721058019, 28.5202763384527], [-81.3704891048985, 28.5202983386198], [-81.3702791050458, 28.520300338718], [-81.3692021045295, 28.5203173386349], [-81.3685091047458, 28.5203273382173], [-81.3684371050019, 28.5203273382192], [-81.36822410501, 28.5203293383174], [-81.3681541044595, 28.520331338412], [-81.3681311042915, 28.5203313384126], [-81.3680621046868, 28.5203313384144], [-81.3680401045652, 28.5203323384613], [-81.3672381042198, 28.5203393388067], [-81.3648351033228, 28.5203623381371], [-81.3640341030238, 28.5203703385289], [-81.3638181028927, 28.5203723386273], [-81.3631731035378, 28.5203793380693], [-81.3629581034531, 28.520382338214], [-81.3619581029124, 28.5203863384255], [-81.3615871027829, 28.5203933387597], [-81.3599221019594, 28.520410338692], [-81.3599251021223, 28.5211173390903], [-81.3599251021282, 28.5212933391551], [-81.3599281022861, 28.5218503388952], [-81.3599281022987, 28.5222263392381], [-81.3599281023011, 28.5222983389784], [-81.3599291023547, 28.5225143390988], [-81.3599301024036, 28.5225863388392], [-81.3599301024082, 28.5227243389411], [-81.3599321025133, 28.5230913388667], [-81.3599301024221, 28.5231383392469], [-81.3599271022875, 28.5232763393489], [-81.3599251021961, 28.5233193395436], [-81.3599221020613, 28.5234513393675], [-81.3599221020628, 28.5234963396549], [-81.3599191019268, 28.5235933396549], [-81.3599191019274, 28.5236093394973], [-81.3599131025574, 28.523884339655], [-81.3599111024679, 28.5239823397013], [-81.3596661018903, 28.5239833397541], [-81.3593701025436, 28.5239953394187], [-81.3587741018659, 28.5240213397403], [-81.3577491019641, 28.5240383396558], [-81.3572091011868, 28.5240483392342], [-81.3570341011596, 28.5240503393314], [-81.3565081010318, 28.5240593397624], [-81.3563341010511, 28.524062339906], [-81.3562261014353, 28.5240633399552], [-81.3559031008353, 28.5240673392498], [-81.3557961012658, 28.5240693393452], [-81.3557691009122, 28.524069339346], [-81.3556911008898, 28.5240703393944], [-81.3556651014819, 28.5240713394414], [-81.3554401009331, 28.52407333954], [-81.3551371012612, 28.5240773397334], [-81.3548891005445, 28.5240803398789], [-81.3547711004645, 28.5240823399747], [-81.3537291006728, 28.5240903394735], [-81.3526921002137, 28.5240953397323], [-81.3524861005465, 28.5240943396914], [-81.3518700998391, 28.5240933396611], [-81.3518551000423, 28.5240933396615], [-81.3516651002185, 28.5240973398519], [-81.351466099977, 28.5241013400425], [-81.3510221000573, 28.5241113396183], [-81.3508690992524, 28.5241113396223], [-81.3506700999101, 28.5241123396739], [-81.3506420995101, 28.5241123396747], [-81.3505600993021, 28.5241123396768], [-81.3505330998477, 28.5241123396775], [-81.3504500995932, 28.5241123396797], [-81.3502000996829, 28.5241123396862], [-81.3501090990572, 28.5241133397349], [-81.3499970992556, 28.5241133397379], [-81.3496330994508, 28.5241133397474], [-81.3495130992781, 28.5241143397969], [-81.3493350991117, 28.5241153398479], [-81.3488020986589, 28.5241203400936], [-81.3486250994383, 28.524122340191], [-81.3485160988767, 28.5241233402401], [-81.3481890989904, 28.5241263394884], [-81.3480810984752, 28.524128339584], [-81.3475470988754, 28.5241353399224], [-81.3470490982483, 28.5241413402136], [-81.3469910982547, 28.5241413402151], [-81.3468160982275, 28.524142340266], [-81.3467590982804, 28.5241433394145], [-81.3466390981076, 28.5241433394177], [-81.3462780984421, 28.5241463395662], [-81.3461590983157, 28.5241473396156], [-81.3461030984149, 28.5241473396171], [-81.3459360978596, 28.5241473396215], [-81.3458810980053, 28.5241483396693], [-81.3457930984181, 28.5241483396716], [-81.3455290978581, 28.5241503397712], [-81.3454420983174, 28.5241513398198], [-81.3454010982134, 28.5241513398209], [-81.345210098343, 28.5241523398722], [-81.3448140979527, 28.524156340068], [-81.3446400979719, 28.5241573401189], [-81.344450098148, 28.5241593402166], [-81.3443980975335, 28.5241593402179], [-81.3442430975351, 28.5241613403147], [-81.3441920978665, 28.5241623403624], [-81.3441730978841, 28.5241623403629], [-81.3441190980761, 28.5241623403643], [-81.3441010981401, 28.5241623403648], [-81.3440810981113, 28.5241623403653], [-81.3440240972648, 28.5241623403668], [-81.3440050972824, 28.5241633395143], [-81.3439720975496, 28.5241633395152], [-81.3439100973704, 28.5241643395632], [-81.3436270977273, 28.5241663396633], [-81.3435330978618, 28.5241683397584], [-81.3435110977402, 28.524168339759], [-81.3434470974682, 28.5241683397607], [-81.343426097393, 28.5241693398076], [-81.3431030976924, 28.5241733400015], [-81.3427330976093, 28.5241793402892], [-81.3421360968845, 28.5241823395446], [-81.3418140972302, 28.5241853396921], [-81.3417260967438, 28.5241853396944], [-81.3414630971294, 28.524187339794], [-81.3414130966078, 28.5241883398416], [-81.3413760966894, 28.5241883398426], [-81.3412130972191, 28.5241893398932], [-81.3407270971488, 28.5241913399987], [-81.3405650968256, 28.5241933400956], [-81.3405270968608, 28.5241933400966], [-81.3404670967743, 28.5241933400982], [-81.3403650965375, 28.5241933401008], [-81.3402880965616, 28.5241943401492], [-81.3402290965216, 28.5241953401971], [-81.339935096368, 28.5241963402511], [-81.3397660966192, 28.5241963402556], [-81.3396720967536, 28.524196340258], [-81.3396420962607, 28.5241973403051], [-81.3394690963264, 28.524198340356], [-81.3393900962576, 28.524198340358], [-81.339296096392, 28.5241993404069], [-81.3391620964689, 28.5242003404568], [-81.3387620958929, 28.5242043397533], [-81.3386290960162, 28.5242063398495], [-81.3384860956754, 28.5242073398996], [-81.338372095781, 28.5242083399489], [-81.3380560964052, 28.5242113400962], [-81.3379140961108, 28.5242133401927], [-81.3378690958212, 28.5242133401938], [-81.3377340958516, 28.5242143402437], [-81.3376900956084, 28.5242153402913], [-81.33750409597, 28.5242153402961], [-81.3369490953955, 28.524216340357], [-81.3367640958036, 28.5242173404081], [-81.3365760951731, 28.5242173404131], [-81.3360120950803, 28.5242193405205], [-81.3358250953957, 28.5242213397188], [-81.3357020950836, 28.5242223397684], [-81.3353360951862, 28.5242273400097], [-81.3352140949206, 28.5242293401056], [-81.3351490955015, 28.5242303401537], [-81.3349530953991, 28.5242323402515], [-81.3348890951272, 28.5242343403459], [-81.3347020945431, 28.5242353403971], [-81.3341410945896, 28.5242403406436], [-81.3339550949514, 28.5242433398882], [-81.3330230948684, 28.524250340237], [-81.3325070943052, 28.524254340436], [-81.3323730943819, 28.5242523403467], [-81.3310330942507, 28.5242553405208], [-81.3307180940196, 28.5241873400748], [-81.3300380939398, 28.5241973405561], [-81.3298160935303, 28.524200340701], [-81.3294210931864, 28.5242063400901], [-81.3290780934568, 28.5242073401454], [-81.3286420930089, 28.5242103402959], [-81.3284040927559, 28.524207340163], [-81.3282490927574, 28.5242053400743], [-81.3282340929606, 28.5242053400747], [-81.3281880935239, 28.5242053400759], [-81.3277500929828, 28.5242003407549], [-81.3268540927712, 28.5241913403611], [-81.3248640921544, 28.5242223400516], [-81.3242490914935, 28.5242213400212], [-81.3233540913285, 28.5242203408976], [-81.3232970913813, 28.5242203408991], [-81.3222820910439, 28.5242313405362], [-81.3214060908618, 28.5242413401234], [-81.3212430913915, 28.524242340174], [-81.3206880908171, 28.5242483404666], [-81.320449090518, 28.5242513406119], [-81.319840091035, 28.5242563408596], [-81.3186610902815, 28.5242663404546], [-81.3185110905152, 28.5242683405513], [-81.3174610903521, 28.5242753409032], [-81.3166000899666, 28.5242813403045], [-81.3160270894562, 28.5242853405049], [-81.3155610894146, 28.5242873406098], [-81.315249089325, 28.5242893407107], [-81.3145390887522, 28.524294340961], [-81.3141720888082, 28.5242963410633], [-81.3140990890179, 28.5242963410652], [-81.3135480886291, 28.5243003403657], [-81.3132700883187, 28.5243023404657], [-81.3130370882978, 28.524300340379], [-81.3127310884854, 28.5242643405169], [-81.3125170884456, 28.5242223403741], [-81.3122370880401, 28.5241583410119], [-81.3118130881434, 28.5239923405224], [-81.3117630885203, 28.5239733405423], [-81.3112690880715, 28.5237593405274], [-81.3105950882615, 28.5235103406934], [-81.3104690878088, 28.5234683405484], [-81.3103010881046, 28.5234123406548], [-81.310273087644, 28.5216053405263], [-81.3102670873355, 28.5207073402672], [-81.3102670873346, 28.5206823400076], [-81.3102660881785, 28.5204103399892], [-81.3102750876769, 28.5198153393865], [-81.3102540875862, 28.5193523395077], [-81.3102440880121, 28.5190743392114], [-81.3102470872342, 28.5185433397771], [-81.3102480872744, 28.5183563392023], [-81.3102510874102, 28.5182543389705], [-81.3102410878414, 28.5181333396568], [-81.3102390877444, 28.5180083392583], [-81.3102360876009, 28.5178783395273], [-81.3102210877785, 28.5171153392312], [-81.3102260879652, 28.515762338564], [-81.3102160874626, 28.5146083381289], [-81.3102010876244, 28.5133703382965], [-81.3102050877831, 28.5125653378516], [-81.3102010875187, 28.5102093374538], [-81.3101860877092, 28.5098313370186], [-81.3101860876857, 28.5091273367591], [-81.3101710869508, 28.507969337038], [-81.3101710869365, 28.5075403369362], [-81.3101410872841, 28.5057793362421], [-81.3101260874454, 28.504525335668], [-81.3101160869653, 28.5040473359929], [-81.3101360869493, 28.5027043357888], [-81.3101260873717, 28.5023233352143], [-81.310121087107, 28.5013433356504], [-81.3101210871049, 28.501280335428], [-81.3101240872409, 28.5011843354743], [-81.3101250872715, 28.5007113351313], [-81.3101230871776, 28.5006803354929], [-81.3101190869322, 28.4988913343995], [-81.3101210869937, 28.4979533340845], [-81.3101190868113, 28.4952743340017], [-81.3101020868516, 28.4931733337338], [-81.3101050869708, 28.4925743329457], [-81.3100920863061, 28.4907353331319], [-81.3100900871016, 28.4904063322698], [-81.3100880870052, 28.4902983326593], [-81.3100570863868, 28.4879283325123], [-81.3100530861894, 28.4875763323826], [-81.3100460867403, 28.486868331938], [-81.3100320869365, 28.4852703316049], [-81.3100310868828, 28.485050331299], [-81.3100280866611, 28.4825793309658], [-81.3099940859172, 28.4806213301326], [-81.3099930867663, 28.4805063301975], [-81.3100030862664, 28.478568329391], [-81.310000086098, 28.4776933292985], [-81.3099970859287, 28.4767913297531], [-81.3099990859882, 28.4757913292617], [-81.3099760857859, 28.4747643293182], [-81.3099790858261, 28.4717953283821], [-81.309980085866, 28.4716013283821], [-81.3099930864289, 28.4703883279091], [-81.3099840860066, 28.4702503278074], [-81.3099890862057, 28.4692623278723], [-81.3099900862463, 28.4690883279001], [-81.3099750855475, 28.4690053276502], [-81.3099750855455, 28.4689453275667], [-81.3099680860206, 28.4659663270666], [-81.3099550853751, 28.4646983267426], [-81.3099490859572, 28.4635333257973], [-81.3099490859536, 28.4634243261403], [-81.3099480859004, 28.4632233258159], [-81.3099480858988, 28.4631753262887], [-81.309948085875, 28.4624603255192], [-81.3099480858686, 28.4622673255656], [-81.309921085451, 28.4603483256407], [-81.3099120858805, 28.4587823249921], [-81.3099010853375, 28.4578053246679], [-81.3098980851898, 28.4575503245382], [-81.3098920857986, 28.4571853247053], [-81.3099010852964, 28.4565683248813], [-81.3098900856686, 28.456070324279], [-81.3098700856302, 28.4557823244186], [-81.3098370858879, 28.4554963246512], [-81.3097930856352, 28.4552113240313], [-81.3097350856322, 28.4549283244036], [-81.3096660851187, 28.4546473239697], [-81.3095430856921, 28.4542293243808], [-81.3093990852911, 28.4538173241714], [-81.3092340848151, 28.4534103241942], [-81.3091440851291, 28.4532293238999], [-81.3090710853343, 28.453097324078], [-81.3089550853396, 28.4528733235897], [-81.3084680851916, 28.4519363233335], [-81.3082990845329, 28.4516183229856], [-81.3082610845658, 28.4515483233389], [-81.308224084645, 28.4514763235994], [-81.308160085268, 28.4513463229707], [-81.308071084729, 28.4511643235293], [-81.3079020849712, 28.4508923235151], [-81.307861084865, 28.4508263231547], [-81.3078240849446, 28.4507663230721], [-81.3077510842501, 28.450622322694], [-81.3077160844223, 28.4505543231399], [-81.3076440846736, 28.4504133229007], [-81.3075040844633, 28.4501543225891], [-81.3073820841894, 28.4499053227406], [-81.3073150846729, 28.4497673226404], [-81.3071430847718, 28.4493743224131], [-81.3069720840163, 28.4489353227513], [-81.3068680845751, 28.4486103229766], [-81.3068020842021, 28.4483633223201], [-81.3067180838889, 28.4479953223501], [-81.3066910844294, 28.4478393223137], [-81.3066560845969, 28.4476313225649], [-81.3065920843078, 28.447118322168], [-81.3065770845016, 28.4468323224001], [-81.3065730843056, 28.4465203223261], [-81.3065730843047, 28.4464943220201], [-81.3065800846226, 28.4462863222703], [-81.3066100842036, 28.4459083218338], [-81.3066610838598, 28.4455313223424], [-81.3067870842887, 28.4448603218107], [-81.3068110844993, 28.4447453218749], [-81.3069330838466, 28.4441713213433], [-81.306935083939, 28.4441603217326], [-81.3069790841738, 28.4439083217408], [-81.3070140839928, 28.4437103215545], [-81.3071300839617, 28.4431593211899], [-81.3071380843318, 28.4431233213195], [-81.3071620845425, 28.4430123215691], [-81.3071830846144, 28.4429103213369], [-81.3073080840971, 28.4422263211019], [-81.307349084194, 28.4420103209803], [-81.307424084064, 28.4416163207001], [-81.307562084147, 28.4408363205112], [-81.3076650844149, 28.4403763207681], [-81.3078700840036, 28.4394113200953], [-81.3078850846966, 28.4393183202803], [-81.3079010845367, 28.4392253204653], [-81.3079210845593, 28.4390373207429], [-81.3079300840681, 28.4387543202142], [-81.3079240846849, 28.4386283197693], [-81.3078940841847, 28.4384083203635], [-81.307821084393, 28.4383673202634], [-81.3077120838288, 28.4382933204331], [-81.3076030841634, 28.4382013197684], [-81.3075190838597, 28.4381153202805], [-81.3074460840662, 28.4380233205142], [-81.3073830838373, 28.4379253204695], [-81.3073090839954, 28.4377693204343], [-81.3069870843078, 28.436771320044], [-81.3068570836598, 28.4364383198991], [-81.3067070838831, 28.4361273198751], [-81.3066820836198, 28.4360543191897], [-81.3066660837742, 28.435980319357], [-81.3066590834468, 28.4359043194314], [-81.3065610833898, 28.4357273193226], [-81.3063050840848, 28.4352643194498], [-81.3054720831514, 28.4338063193323], [-81.3054030835426, 28.4336853191209], [-81.3053650835751, 28.4336043189643], [-81.3052360829743, 28.4332933189398], [-81.305187083393, 28.4331303185795], [-81.3051600830363, 28.433041318951], [-81.3050990828935, 28.4327423185817], [-81.305070083338, 28.4324893185454], [-81.3050720834282, 28.4324103184805], [-81.3050820829815, 28.4320673187676], [-81.3051100833668, 28.4316223188225], [-81.3051630830818, 28.43022031858], [-81.305179082912, 28.4298313185332], [-81.3052250832368, 28.4294933181519], [-81.3052550828232, 28.4292743178916], [-81.3053400831614, 28.4290033179172], [-81.305446083575, 28.4287363181276], [-81.3056590835535, 28.428330318187], [-81.3058400829499, 28.4280293177187], [-81.3060000831696, 28.4277073180761], [-81.3060760830917, 28.42748131749], [-81.3061560832011, 28.4273073175158], [-81.3062230836069, 28.4271423170597], [-81.3062870838734, 28.4269753174104], [-81.3063460839078, 28.4268063176684], [-81.3064510833707, 28.4263873171279], [-81.3064740835352, 28.4262823176558], [-81.3064920834676, 28.4261763172381], [-81.3065040831216, 28.4260693167743], [-81.3065100833965, 28.4259613171635], [-81.306510083393, 28.4258543175992], [-81.306501083871, 28.4257463170896], [-81.3064870832178, 28.4256383174793], [-81.3064690832782, 28.4255313170162], [-81.306435083488, 28.4251983168687], [-81.306431083301, 28.4251593168596], [-81.3064330833925, 28.4251193168038], [-81.3064330833839, 28.4248583172952], [-81.3064320833266, 28.424529316433], [-81.306440083693, 28.4243873170447], [-81.3064510833016, 28.4243083169795], [-81.306432083312, 28.4240923168595], [-81.3063110830459, 28.4226823162506], [-81.3062990833846, 28.4225673163158], [-81.3062480836998, 28.4220833163635], [-81.3061720828414, 28.4211973157628], [-81.3061250833413, 28.4206853163109], [-81.3060870833675, 28.4204133162934], [-81.3060250831785, 28.4201183161095], [-81.3059000827612, 28.4197453159087], [-81.3055590831018, 28.4190623157322], [-81.3052660829786, 28.4185843151649], [-81.305121082536, 28.4183143152428], [-81.305004082494, 28.418059315116], [-81.3048940827757, 28.4177723153043], [-81.3047790828229, 28.4174123148066], [-81.3044050825134, 28.4161873146864], [-81.3043910827618, 28.4161513148165], [-81.3041690823279, 28.4154203151096], [-81.3040990826671, 28.4151293142121], [-81.3040290821046, 28.4147673145199], [-81.3039980824531, 28.4144183145299], [-81.3039770823578, 28.4138133143635], [-81.3039850827129, 28.4133263142705], [-81.3039870818573, 28.4118483141034], [-81.303994082167, 28.4113903135562], [-81.3039920820534, 28.4107653133614], [-81.3040120820727, 28.4104773135], [-81.3040870819446, 28.4101383130715], [-81.3041840819409, 28.4098813137457], [-81.3042790827458, 28.4096883128903], [-81.30432508218, 28.4096103128706], [-81.3044650823739, 28.4093763128113], [-81.3046560822369, 28.4091533132606], [-81.3048920823891, 28.4089193131988], [-81.3051240823577, 28.4087443131743], [-81.3053530821882, 28.4086023128809], [-81.3058040824256, 28.4083763131844], [-81.3060030826641, 28.4082823133183], [-81.3061570826132, 28.4081943128322], [-81.306281082969, 28.4081133126714], [-81.3064110827035, 28.4080223129461], [-81.3065130829378, 28.4079443129249], [-81.306613083079, 28.4078603126256], [-81.3068310832961, 28.4076483126849], [-81.3069110834081, 28.4075543128219], [-81.3070150828337, 28.407410312439], [-81.3071790832413, 28.4071553123049], [-81.3073080829233, 28.4068783129505], [-81.3074080830568, 28.4065633127347], [-81.3074580835694, 28.406286312483], [-81.3074750834504, 28.4060303123064], [-81.3074730833057, 28.4044623115646], [-81.3074750833664, 28.4034963117498], [-81.3075040828912, 28.402820311888], [-81.3075450829801, 28.4023653114789], [-81.3075680831386, 28.4020773116174], [-81.3077280833525, 28.4015793110105], [-81.3079110828357, 28.4010983111911], [-81.3082430829339, 28.4004883107838], [-81.3086020833878, 28.3999393105055], [-81.3091440833301, 28.399065310445], [-81.3095300832289, 28.3982313104441], [-81.309713083608, 28.3976483103929], [-81.3097920836597, 28.3971313098067], [-81.3098090835463, 28.3970413101308], [-81.3098130837313, 28.3970233101955], [-81.3098160838699, 28.3970053102604], [-81.3098270834792, 28.396946310223], [-81.3098440833649, 28.3968313102875], [-81.3098720837589, 28.3966463098046], [-81.3098800832278, 28.3965563101289], [-81.309894083872, 28.3963893095815], [-81.3099140838801, 28.3957643093862], [-81.3099100836561, 28.3946073097105], [-81.3099150838773, 28.3942793097938], [-81.3099010832165, 28.3939443095531], [-81.3099100836251, 28.3936713094879], [-81.3099140837964, 28.3932373091539], [-81.3099200831403, 28.392174309339], [-81.3099280834649, 28.3907673088657], [-81.3099250833146, 28.3904313085783], [-81.3099130836507, 28.390241308764], [-81.3098740836282, 28.3899003082458], [-81.3098150835782, 28.3895973085903], [-81.3097070830496, 28.3891973080367], [-81.3096410835783, 28.3890213079735], [-81.3095640835954, 28.3888123081794], [-81.3092490833407, 28.3880343080948], [-81.308745083291, 28.3867263077274], [-81.3086170827289, 28.3861813076472], [-81.3085400827273, 28.3854063076954], [-81.3085850829654, 28.3838493065628], [-81.3086560826192, 28.3825263063845], [-81.3086600827969, 28.3822893061896], [-81.3086700823383, 28.3815813066435], [-81.3086750825624, 28.381345306495], [-81.3087020828837, 28.3803653060305], [-81.3088310824152, 28.3755373052473], [-81.308838082731, 28.3752643051821], [-81.3084040823755, 28.3752583049152], [-81.3084070825109, 28.37514330498], [-81.3084160820126, 28.3746383049518], [-81.3084190821409, 28.3743083049424], [-81.3084310826938, 28.3741903048679], [-81.3084360820181, 28.3739343046915], [-81.3084530819014, 28.3737443048765], [-81.3084780821562, 28.3735633045791], [-81.3085170821603, 28.3733493045502], [-81.3085540820743, 28.3732153046327], [-81.3086250826636, 28.3729843047142], [-81.3087400825948, 28.3726933038119], [-81.3087900822137, 28.3725923045244], [-81.3088850821196, 28.3724073040398], [-81.3090920827185, 28.3719833041642], [-81.3091670825956, 28.3718003037728], [-81.3091810823444, 28.3717533042916], [-81.3092320829071, 28.3715893038823], [-81.3093310820935, 28.3712303043246], [-81.3093690829507, 28.3710203035819], [-81.3093900821206, 28.3708403042303], [-81.309403082718, 28.370661304026], [-81.3094110821839, 28.3704793036826], [-81.3094120822243, 28.3702983033859], [-81.3094120822154, 28.37002830346], [-81.3094300821381, 28.3696253036634], [-81.3094360824096, 28.3694173030142], [-81.3095320823674, 28.3693973038832], [-81.309596082639, 28.3693853033253], [-81.309596082636, 28.3692943036034], [-81.3095960826314, 28.369155303455], [-81.3096320824892, 28.3687253033056], [-81.309658082786, 28.368411303138], [-81.3097100824532, 28.366958303229], [-81.3097890824664, 28.365276302596], [-81.3097750827112, 28.3651293020771], [-81.30985208263, 28.363399301917], [-81.3098590820491, 28.3632033018241], [-81.3098570819494, 28.3629963021207], [-81.309856082798, 28.3628633022505], [-81.3098470823619, 28.3623063016108], [-81.3098340826408, 28.3617873018335], [-81.3098250822099, 28.3613853011847], [-81.3098230821142, 28.3612993016946], [-81.3098190819229, 28.3611273018152], [-81.3098170827267, 28.3610443015649], [-81.3098160826774, 28.3609593012219], [-81.3098150826292, 28.3609043013702], [-81.3098120824846, 28.3607403009623], [-81.3098110824364, 28.360686301157], [-81.3098100823883, 28.3606373015835], [-81.3098070822444, 28.3604933012034], [-81.3098070822428, 28.3604453016762], [-81.3098030820506, 28.3602453013981], [-81.3097910823733, 28.3596483007029], [-81.3097880822275, 28.3594493013705], [-81.3097790817969, 28.3590573011852], [-81.3097790817956, 28.3590173011295], [-81.3097690822166, 28.3585853008886], [-81.3097520823038, 28.3578843007683], [-81.3097390825892, 28.3575633002771], [-81.3097380825406, 28.3574933006295], [-81.3097310822053, 28.35717730037], [-81.3097110821452, 28.3562313005834], [-81.3097050818564, 28.3559163003702], [-81.3096970823757, 28.355651299777], [-81.3096740821813, 28.3548512995641], [-81.3096690819407, 28.3545913001019], [-81.309658082311, 28.3540302992768], [-81.3096400823428, 28.3530542998981], [-81.3096230815341, 28.3524552991103], [-81.3096200822907, 28.3523472994998], [-81.3096100818081, 28.3517872996203], [-81.3095910817944, 28.3508392988417], [-81.3095640823036, 28.3497342988791], [-81.3095640823014, 28.3496692985639], [-81.3095630822486, 28.3494722984248], [-81.3095480815363, 28.3489832982395], [-81.3095520817113, 28.3486622986473], [-81.309574081813, 28.3480562984333], [-81.3097030815039, 28.3480492981054], [-81.3100040819825, 28.3480522982367], [-81.3102980821361, 28.3480502981364], [-81.3103370821473, 28.3480502981354], [-81.310706082184, 28.3480482980331], [-81.3110830825925, 28.3480622986724], [-81.3114200820437, 28.3480622986637], [-81.3117810826084, 28.3480562983763], [-81.3124730823459, 28.3480542982656], [-81.3131990827619, 28.3480522981542], [-81.3134420832467, 28.3480502980552], [-81.3136540831923, 28.3480492980034], [-81.3141600832915, 28.3480482979439], [-81.3160220833649, 28.3480432976641], [-81.3170440840271, 28.3480322980271], [-81.3177390839037, 28.3480252976846], [-81.3180060846032, 28.3480332980486], [-81.3180560842257, 28.3480362981864], [-81.3183440841015, 28.3480572982531], [-81.3191750848956, 28.3481172983151], [-81.3193600844878, 28.3481242977355], [-81.3195310843296, 28.348132298102], [-81.3197000849776, 28.3481282979121], [-81.320245085087, 28.3480972982597], [-81.3210810852102, 28.3480462976725], [-81.3214720853678, 28.3480222983484], [-81.3219160852869, 28.3479952979847], [-81.3228310854805, 28.3479932978683], [-81.3255780861541, 28.3479912977047], [-81.3264940863941, 28.347991297681], [-81.327114087287, 28.347991297665], [-81.3289740872678, 28.3479912976169], [-81.3295940872614, 28.3479912976009], [-81.3303630878743, 28.3479912975811], [-81.3315100880423, 28.3479912975514], [-81.3326730889528, 28.3479912975214], [-81.333428088916, 28.3479912975019], [-81.3334430887128, 28.3479912975015], [-81.3336330885368, 28.3479912974966], [-81.334203088908, 28.3479912974819], [-81.3343940887784, 28.3479912974769], [-81.3354740894345, 28.347991297449], [-81.3360500891848, 28.3479912974341], [-81.3410200913962, 28.3479912973058], [-81.3417350913018, 28.3479912972873], [-81.342677091849, 28.3479912972629], [-81.3426970918778, 28.3479912972624], [-81.3427630913433, 28.3479912972607], [-81.3429870918458, 28.3479912972549], [-81.3430200915785, 28.3479912972541], [-81.3432100914025, 28.3479912972492], [-81.3437200916873, 28.347991297236], [-81.3438030919418, 28.3479912972339], [-81.3440510917594, 28.3479912972274], [-81.3443950915353, 28.3479912972186], [-81.3454950922202, 28.3479912971901], [-81.3456220927178, 28.3479912971868], [-81.3487950933754, 28.3479912971049], [-81.3498950931609, 28.3479912970764], [-81.3521110943734, 28.3479812974549], [-81.3548970950578, 28.3479692968266], [-81.3551160953282, 28.347969296821], [-81.3587590962124, 28.3479552969772], [-81.3591390958603, 28.3479532968746], [-81.3596500961914, 28.3479502967224], [-81.3598530966187, 28.3479502967171], [-81.3609750965257, 28.3479462965027], [-81.3613330969512, 28.3479442973], [-81.3624110975142, 28.3479392970404], [-81.3626960972502, 28.3479392970331], [-81.3627700970869, 28.3479382969848], [-81.3628340973589, 28.3479372969368], [-81.3635550975429, 28.3479352968254], [-81.3668400989007, 28.3479212969908], [-81.3675800990669, 28.3479172967863], [-81.3747921009984, 28.3478882961549], [-81.3770661013055, 28.3478892961424], [-81.3773161012159, 28.3478902961823], [-81.3779831015919, 28.3478912962114], [-81.3786511020143, 28.3478912961942], [-81.3790501016446, 28.3478912961839], [-81.380277102827, 28.3478912961522], [-81.3819031027405, 28.3478922961565], [-81.3825121031229, 28.3478932961871], [-81.382972102886, 28.3478912960825], [-81.3832101031388, 28.3478912960763], [-81.3832701032252, 28.3478922961211], [-81.3833861032123, 28.3478912960718], [-81.3837201034235, 28.3478912960632], [-81.3837551032491, 28.3478912960622], [-81.3837831036491, 28.3478912960615], [-81.3838701031899, 28.3478912960593], [-81.384784103337, 28.3478912960356], [-81.3855831035434, 28.347891296015], [-81.3872281043385, 28.3478912959724], [-81.3872971048425, 28.3478912959707], [-81.3875281047705, 28.3478912959647], [-81.388443104964, 28.3478912959411], [-81.3885281044118, 28.3478882957998], [-81.3886511047238, 28.3478862966032], [-81.3887871047397, 28.347884296507], [-81.3888461047797, 28.3478842965055], [-81.3888731051333, 28.3478832964584], [-81.3895321051373, 28.3478632964135], [-81.3915111052423, 28.3478022962325], [-81.3918961060212, 28.3477912957127], [-81.3921711061923, 28.3477892965122], [-81.3933941062898, 28.347791295674], [-81.3970471076395, 28.3478252962563], [-81.3979431078509, 28.347834295751], [-81.3982671075981, 28.3478372958817], [-81.3994261083232, 28.3478482954623], [-81.4016241087012, 28.3478702955261], [-81.4027711088695, 28.3478812960064], [-81.402906108839, 28.3478812960028], [-81.4030481091335, 28.3478822960455], [-81.4033681086951, 28.3478872953697], [-81.4039711096985, 28.3478902954932], [-81.4040661096105, 28.3478912955371], [-81.4041611095225, 28.3478912955347], [-81.4041851097369, 28.347891295534], [-81.4057171097848, 28.3478952956798], [-81.4063501103816, 28.3478962957098], [-81.4088281102631, 28.3479022959239], [-81.4121571118646, 28.3479102953094], [-81.4132021117956, 28.347912295375], [-81.4154871126132, 28.3479182955941], [-81.4162451127155, 28.3479192956208], [-81.4178001129314, 28.347923295766], [-81.4185221131617, 28.34792529584], [-81.4192811133105, 28.3479272950138], [-81.4193531139538, 28.347927295012], [-81.4195311141202, 28.3479272950074], [-81.4195451138705, 28.347927295007], [-81.4196441139682, 28.3479282950508], [-81.4197421140194, 28.3479282950483], [-81.4197841141698, 28.3479282950472], [-81.4198871135537, 28.3479282950445], [-81.4205521138368, 28.34793029512], [-81.4210731146321, 28.3479322951993], [-81.4221731144175, 28.3479342952635], [-81.4225011143503, 28.347934295255], [-81.4229071152048, 28.3479362953373], [-81.4232811145743, 28.347937295374], [-81.4237341149119, 28.3479372953622], [-81.4241871152494, 28.3479382953969], [-81.4244441154846, 28.3479382953902], [-81.4246241148445, 28.3479392954319], [-81.4259361154749, 28.3479422955371], [-81.4263741160157, 28.3479432955721], [-81.428454116313, 28.3479472948044], [-81.4346961181973, 28.3479622953383], [-81.4367771185411, 28.3479672946169], [-81.4371551189955, 28.3479672946071], [-81.4382911195522, 28.3479702947168], [-81.4393521193264, 28.3479722947821], [-81.4395341196784, 28.3479722947774], [-81.4405111200511, 28.3479742948448], [-81.4438811208571, 28.3479822951285], [-81.4440571209306, 28.3479792949849], [-81.4450221216451, 28.3479622950711], [-81.4460931218827, 28.347943295062], [-81.4472481215217, 28.3479232950043], [-81.4479311217403, 28.347910294384], [-81.452350123561, 28.3478802946775], [-81.4525421234778, 28.3478822947653], [-81.4558411245853, 28.3478662948376], [-81.457669124879, 28.347857294373], [-81.4577561253191, 28.3478572943708], [-81.4577541252134, 28.3474682943245], [-81.4577531251642, 28.3473832939814], [-81.4577531251611, 28.3472892941205], [-81.4685951282699, 28.3472182941459], [-81.4686671282339, 28.3538712958875], [-81.4686661281961, 28.3541322953961], [-81.4693451282321, 28.3542102953972], [-81.4700891285891, 28.3543672954613], [-81.4708461286532, 28.354615295247], [-81.4720461294955, 28.355032295661], [-81.473442129544, 28.3555412958381], [-81.4745091296102, 28.3559542960701], [-81.4756501304124, 28.3563672963001], [-81.4772291308593, 28.3568772965189], [-81.4781161315584, 28.3570722965423], [-81.48292613266, 28.3577152965475], [-81.4844931334397, 28.3579342958672], [-81.4864471332938, 28.3581852957609], [-81.4871341337007, 28.3582542962438], [-81.4871331336652, 28.3585842962531], [-81.4871391339599, 28.3590732964384], [-81.4871321336563, 28.359715296522], [-81.4871291335296, 28.3600932969579], [-81.4871281334884, 28.3602502970413], [-81.4871211341354, 28.3624402969395], [-81.4871171340069, 28.3641662978111], [-81.4871091337314, 28.3670542985901], [-81.4871051344522, 28.3672702987107], [-81.4870931339181, 28.3679562981362], [-81.4870681345657, 28.3682322983407], [-81.4870331338499, 28.3685082985456], [-81.4869901336622, 28.368782298658], [-81.4869181339305, 28.3691512986784], [-81.4867981337742, 28.3696502993305], [-81.4867291341803, 28.3699762991561], [-81.4866731342903, 28.3703022989814], [-81.486629134058, 28.3706312989454], [-81.4865971343826, 28.3709602989092], [-81.4865931342031, 28.3711452993914], [-81.486595134302, 28.3713292989278], [-81.4866141342966, 28.3716972997988], [-81.48665313432, 28.3720652997699], [-81.4866801337803, 28.3722472992129], [-81.4867511343893, 28.3726112998971], [-81.486794134592, 28.372791299247], [-81.4869961341055, 28.3737572999556], [-81.4871371343749, 28.3744033002208], [-81.4871941343335, 28.3747472999783], [-81.4872451340174, 28.3752033004312], [-81.48726713415, 28.3755353005326], [-81.4872741344996, 28.3762823000874], [-81.4932681365657, 28.3762953005345], [-81.5005621387051, 28.3763133002804], [-81.5005951384335, 28.3761842996954], [-81.5006461380974, 28.376036300028], [-81.5007081382717, 28.3758903004528], [-81.5007811380574, 28.3757493002099], [-81.5008651383537, 28.3756123001521], [-81.5009591382149, 28.3754813003721], [-81.5009871386131, 28.3754252995741], [-81.501263138822, 28.3751663001511], [-81.5014251382416, 28.3750352994701], [-81.5014781389011, 28.3749972995058], [-81.5015971381255, 28.3749153001981], [-81.5017791384738, 28.3748062996371], [-81.5019691382945, 28.3747092996321], [-81.5022031383594, 28.3746413000711], [-81.5025581386428, 28.3745522995334], [-81.5028271385337, 28.3744982997212], [-81.5029191392052, 28.37448129983], [-81.503161138743, 28.3744422998145], [-81.5033131386001, 28.3743822997271], [-81.5035661395457, 28.3742842996742], [-81.5038241389242, 28.3741712998251], [-81.5039121394269, 28.3746613000546], [-81.5041001391922, 28.3756943002722], [-81.5042141391072, 28.376314300232], [-81.5044561395823, 28.3774213002813], [-81.5045441391806, 28.3777593006591], [-81.5045511395073, 28.3778163006033], [-81.5046451393891, 28.3783083009253], [-81.5046721397487, 28.3784853001365], [-81.5047041394417, 28.3786853004138], [-81.5047501397871, 28.3789693009874], [-81.5047941400394, 28.3792443011439], [-81.5050261400497, 28.3803273009801], [-81.5050711394508, 28.3806533008027], [-81.5050971397641, 28.3808373012378], [-81.505323139496, 28.3819213011206], [-81.5055841399581, 28.3831673013176], [-81.505707140288, 28.3837053019726], [-81.5057531397314, 28.3839063022959], [-81.5058191401057, 28.3841943021551], [-81.5060861399529, 28.3856203026023], [-81.5062221399743, 28.3857823020146], [-81.5062551406112, 28.3859273024402], [-81.5062931405816, 28.3860993023187], [-81.5063191399953, 28.3862733022901], [-81.506336139893, 28.3865173028089], [-81.5063361398966, 28.3866253024195], [-81.5063381399903, 28.3866513027254], [-81.5063671404519, 28.3871093023723], [-81.5063841403577, 28.3875953024181], [-81.5063871405129, 28.388080302418], [-81.506377140065, 28.3885653033175], [-81.506343140308, 28.3892313027156], [-81.5063101405852, 28.3895313031336], [-81.5062911406068, 28.3896523033473], [-81.5062681404502, 28.3899953030605], [-81.50624614034, 28.3903393037193], [-81.5061811400444, 28.391025303146], [-81.5061411399981, 28.3913673037125], [-81.5061171406938, 28.3916923034906], [-81.5060601407732, 28.3924923037052], [-81.5060481402221, 28.392667303724], [-81.5060281402041, 28.3929933044477], [-81.5060251400657, 28.393018303808], [-81.5060151405036, 28.3930953037805], [-81.5060131404116, 28.3931213040865], [-81.5059901402503, 28.3933243045042], [-81.5059841408724, 28.3933583042819], [-81.5059191405677, 28.3937733046359], [-81.505859140491, 28.394063304591], [-81.5058321401417, 28.3941963044619], [-81.5058031405979, 28.3942963046017], [-81.5057501408424, 28.3944773040004], [-81.5057091407432, 28.3946213043816], [-81.5055811402122, 28.3950163047093], [-81.5055731407412, 28.3950433041625], [-81.5055181399926, 28.3951943048685], [-81.5054951407259, 28.3952553049989], [-81.5054291403672, 28.3954383044907], [-81.5054071402477, 28.3955003046674]]]}}, {"type": "Feature", "properties": {"district": 4, "county": "orange"}, "geometry": {"type": "Polygon", "coordinates": [[[-81.4685951282699, 28.3472182941459], [-81.4796201308775, 28.3471452940737], [-81.4865501332102, 28.3470992935606], [-81.4874961339426, 28.347093293258], [-81.4875941339938, 28.3470932932554], [-81.4879421339552, 28.3470932932464], [-81.4880361338208, 28.3470942932904], [-81.4889381343105, 28.3471022936378], [-81.4892391338896, 28.3471052937691], [-81.4933011353327, 28.3471362933024], [-81.4998061368317, 28.3471882928466], [-81.5054731390111, 28.347194292978], [-81.50797113982, 28.347196293006], [-81.509350139962, 28.347198293063], [-81.5098771401362, 28.3471982930494], [-81.5102831400914, 28.347201293178], [-81.5105331400016, 28.3471992930788], [-81.5112461407135, 28.3472002931066], [-81.5119061407645, 28.3472002930895], [-81.5140741415479, 28.3472032931725], [-81.5145011415781, 28.3472032931614], [-81.5155011421187, 28.3472042931819], [-81.5194951431032, 28.3472112925036], [-81.5221561433822, 28.3472102923884], [-81.5246591444233, 28.3472202927871], [-81.5287261451991, 28.3472602927374], [-81.5290091457415, 28.3472622928228], [-81.529231145252, 28.3472672921495], [-81.5312751465767, 28.3472852920317], [-81.5315311467656, 28.3472872921177], [-81.5316381463351, 28.3472892922077], [-81.5319271462565, 28.3472892922002], [-81.5324321463094, 28.347297292558], [-81.5325451470567, 28.3472972925551], [-81.5327931468743, 28.3473002926877], [-81.5331711464291, 28.3472952924461], [-81.5334471466467, 28.3472962924853], [-81.5368351482865, 28.3472772924161], [-81.5386401484118, 28.3472662918594], [-81.5408781488457, 28.3472532920982], [-81.5412071488248, 28.347254292136], [-81.5449921500032, 28.3472732920194], [-81.5451951504304, 28.3472742920605], [-81.5473401510459, 28.3472842915691], [-81.5477401507226, 28.3472862916515], [-81.5482671508968, 28.3472882917306], [-81.5491071512071, 28.3472922918942], [-81.549507151783, 28.3472932919302], [-81.5496611517348, 28.3472912918335], [-81.5499451514243, 28.3472922918725], [-81.5501821516306, 28.3472922918664], [-81.5503031518498, 28.3472922918632], [-81.5527321521543, 28.3472902917076], [-81.5529231529239, 28.3472902917026], [-81.5592371545498, 28.3472812920212], [-81.5609541550881, 28.3472752916985], [-81.5615981552958, 28.3472722915428], [-81.5619201549499, 28.3472712914881], [-81.5621341549882, 28.3472702914362], [-81.5624471551241, 28.3472692913817], [-81.5627071554983, 28.3472682913286], [-81.5629661558263, 28.3472672912755], [-81.5632521556084, 28.3472662912218], [-81.5635111559364, 28.3472652911687], [-81.5639941558673, 28.3472632910635], [-81.5646551559645, 28.3472592917603], [-81.5649081560139, 28.3472592917537], [-81.5650451560763, 28.3472592917501], [-81.565201156121, 28.3472582916997], [-81.5652501565962, 28.3472582916984], [-81.5653291557657, 28.34725729165], [-81.5654681559208, 28.3472582916928], [-81.5656571565975, 28.3472552915489], [-81.5657591559349, 28.3472532914535], [-81.5659861565766, 28.3472552915403], [-81.56625215633, 28.3472542914871], [-81.5664561568035, 28.3472532914354], [-81.5666201563201, 28.3472522913848], [-81.5667651567537, 28.3472512913347], [-81.5669951566351, 28.3472502912824], [-81.5671181569471, 28.3472492912328], [-81.567226156563, 28.3472502912764], [-81.5748681586608, 28.3472122911154], [-81.5763031596025, 28.3472062908001], [-81.5765941596166, 28.3472042915992], [-81.5768441595269, 28.3472032915463], [-81.5770581595652, 28.3472042915872], [-81.5771211597908, 28.3472022914928], [-81.5772001598594, 28.3471992913517], [-81.577939159979, 28.3471982912862], [-81.5788871599048, 28.3471942910762], [-81.5797681603188, 28.3471902908679], [-81.5803041609105, 28.3471882907613], [-81.5807981604525, 28.3471862906558], [-81.5811711606747, 28.34718229136], [-81.5813121609226, 28.3471832914027], [-81.5816191607801, 28.3471822913484], [-81.5818051613176, 28.3471812912973], [-81.5835311613741, 28.3471722908353], [-81.5885741624732, 28.3471452912516], [-81.5901741629777, 28.3471362907929], [-81.590689163494, 28.3471272903624], [-81.6010521668555, 28.3470792905665], [-81.6013581666664, 28.3470772904659], [-81.6037121670872, 28.3470652907479], [-81.6043111679045, 28.3470622905933], [-81.60446416781, 28.3470622905894], [-81.6045181676179, 28.3470612905416], [-81.6069041686244, 28.3470482907764], [-81.606973168229, 28.3470482907746], [-81.6076551684014, 28.3470442905715], [-81.6078671683476, 28.3470662906865], [-81.6082921682864, 28.3471112900636], [-81.6090881692518, 28.3470892899224], [-81.6110351696711, 28.3470742900759], [-81.6127601696809, 28.3470622903743], [-81.6135581698405, 28.3470632903999], [-81.6151551702065, 28.3470752900155], [-81.6159641708759, 28.3470572900594], [-81.6162701706871, 28.3470622902832], [-81.6172201716054, 28.3470722898228], [-81.6185391716613, 28.3470912897701], [-81.6215231725405, 28.3471122897668], [-81.623841173089, 28.3470972899107], [-81.6250291733602, 28.3470912896018], [-81.627945174679, 28.3470522895169], [-81.6287881742285, 28.3470412898844], [-81.6295631751191, 28.3470332894935], [-81.6303171750355, 28.3470352895666], [-81.6306301751711, 28.347027290087], [-81.6309831753644, 28.3470242899388], [-81.6312001755416, 28.3470162895622], [-81.6315541757816, 28.3470202897385], [-81.632775175785, 28.347000289679], [-81.6332041759077, 28.3469932893434], [-81.6340201760035, 28.3470022897394], [-81.6347981761341, 28.3469942893485], [-81.636582177083, 28.3469782894598], [-81.6369551773056, 28.34698928996], [-81.6378511775159, 28.3469772893805], [-81.6383261770751, 28.3469652897112], [-81.6386331778315, 28.3469572893324], [-81.6393311778468, 28.3469452896573], [-81.641373178178, 28.3469352891408], [-81.6426801785759, 28.3469432894778], [-81.6443951790204, 28.3469152890346], [-81.6449181790088, 28.3469132889283], [-81.6463381792543, 28.3469102896518], [-81.6469571801002, 28.3469022892648], [-81.6473311803685, 28.3468942888843], [-81.6482371801448, 28.3469222892594], [-81.6483691799753, 28.3469272894878], [-81.6485721804026, 28.3469342889077], [-81.6499581808699, 28.3469622892704], [-81.6505271811947, 28.3469692895802], [-81.6512291813967, 28.3469942889222], [-81.6520921809762, 28.3470222892984], [-81.6527101817764, 28.3470362890321], [-81.654258181668, 28.3470782891403], [-81.6564521827588, 28.347106289482], [-81.6566591824723, 28.3471052894303], [-81.6572711829935, 28.3471032893217], [-81.6572481828355, 28.3474062889792], [-81.6572321829956, 28.3475052890723], [-81.6571921829404, 28.347575288721], [-81.6570901827061, 28.3476522895952], [-81.6570901827127, 28.3478512889275], [-81.6571061826952, 28.3520522903168], [-81.6571091828665, 28.3530212902701], [-81.6571181833403, 28.3547112912708], [-81.65712518282, 28.3563462915205], [-81.657130183059, 28.3565542912699], [-81.6571291830197, 28.3567702913904], [-81.657137183422, 28.3577052915661], [-81.6571481830619, 28.3585732922332], [-81.6571721833563, 28.3609832924358], [-81.6571451831251, 28.3646712934274], [-81.6571461831764, 28.3648162929545], [-81.6571441830938, 28.3651262938353], [-81.6571441830956, 28.3651812936869], [-81.6571431830511, 28.3652362935386], [-81.6571411838627, 28.3653912935293], [-81.6571421830124, 28.3654712936405], [-81.6571411838839, 28.3660282933808], [-81.6571401838559, 28.366584293974], [-81.65713918382, 28.3669022934269], [-81.6571391838248, 28.3670442937143], [-81.6571411839592, 28.3682972942423], [-81.6571331836274, 28.369484294409], [-81.657108183572, 28.3756692960393], [-81.6571111837191, 28.3759032960948], [-81.6571191840939, 28.3760112957052], [-81.6571271835747, 28.3762772963446], [-81.6571281836293, 28.3765262961961], [-81.657141184244, 28.3768682958619], [-81.6571581841563, 28.3775552962321], [-81.6571581841579, 28.3776022966121], [-81.6571601842523, 28.3776502961393], [-81.6571621834489, 28.3777432968531], [-81.6571641835444, 28.3778242961113], [-81.65716618364, 28.3779062963152], [-81.6571781842135, 28.3784062970101], [-81.6571821835197, 28.3790062969448], [-81.6571831835834, 28.3795262967684], [-81.6571831835862, 28.3796102970651], [-81.6571831835872, 28.3796412967035], [-81.6571841836665, 28.3806312967309], [-81.6571851837283, 28.3810922974168], [-81.6571851837511, 28.3817802978338], [-81.6571871838787, 28.3828262977591], [-81.6571911840657, 28.3828682979074], [-81.6571871838885, 28.3831202978981], [-81.657188183937, 28.3831822980742], [-81.6572111841065, 28.3832292975544], [-81.6572211836762, 28.3833762980733], [-81.6572661839892, 28.3840812983778], [-81.6572991837312, 28.3843612978669], [-81.6572991837342, 28.3844512984417], [-81.6573001838041, 28.3851572978944], [-81.6573001838085, 28.3852902986639], [-81.6572991837663, 28.3854152981632], [-81.6572991838439, 28.3877482992934], [-81.6573001839701, 28.3901482990328], [-81.6573001839715, 28.3901892991347], [-81.6573001840087, 28.3913082997462], [-81.657300184017, 28.3915562995514], [-81.6573001840418, 28.3923012999127], [-81.657300184048, 28.3924892996344], [-81.6573001840501, 28.3925502997642], [-81.6572991840141, 28.392864299931], [-81.6572991840299, 28.3933373002738], [-81.6572991840456, 28.3938093005704], [-81.6572991840561, 28.3941243007834], [-81.6572991840687, 28.3945033003661], [-81.6573001841277, 28.394882300848], [-81.6573021844456, 28.4016433021986], [-81.6573021844671, 28.4022893024672], [-81.6573021845004, 28.4032883029117], [-81.6573021845336, 28.4042863024106], [-81.6573031845992, 28.4048603029388], [-81.6572861847992, 28.4075503035313], [-81.6572571852721, 28.4081513035133], [-81.6572481848605, 28.4083323038101], [-81.6571801853556, 28.409936304423], [-81.6572341852229, 28.4117153050512], [-81.6572341852303, 28.4119373045504], [-81.6572331851927, 28.4122023051437], [-81.6572401846473, 28.4130753051431], [-81.6572451848975, 28.4136203052261], [-81.657251185198, 28.4142803052442], [-81.6572521852515, 28.4144933052255], [-81.65725118521, 28.4146403057446], [-81.6572581855532, 28.4151913052064], [-81.6572941855607, 28.4192563065849], [-81.6572961856548, 28.419295306594], [-81.6572961856561, 28.419333306557], [-81.6573051852224, 28.4207713066672], [-81.6573131856125, 28.421336306778], [-81.6573181849668, 28.4219843071391], [-81.6573231852072, 28.4222353070832], [-81.6573281854662, 28.4230423076203], [-81.6573321856827, 28.423969307425], [-81.6573361858761, 28.4242013073877], [-81.6573371850271, 28.4243193074618], [-81.6573381850777, 28.4244463079531], [-81.657353185804, 28.425351307637], [-81.657323185341, 28.4262463077578], [-81.6573131857862, 28.426543308036], [-81.6573051854608, 28.4279163087308], [-81.6572991852451, 28.4297943085538], [-81.6573221854459, 28.4307793092479], [-81.6573451856469, 28.4317673091819], [-81.657350185886, 28.4319773099234], [-81.657355186125, 28.4321883098118], [-81.6573991855303, 28.4340253104308], [-81.6574001855788, 28.434088309754], [-81.6574021856736, 28.434147309791], [-81.6574001857024, 28.4377883113001], [-81.6574491862165, 28.4389503112054], [-81.6574521863646, 28.4392183110383], [-81.6574651861563, 28.4418433122138], [-81.657471186484, 28.4433183122405], [-81.6574731865879, 28.4436513123887], [-81.6574831862226, 28.445743313138], [-81.6574841862739, 28.4458913128041], [-81.6574841862766, 28.4459723129617], [-81.6574831862325, 28.4460403125166], [-81.6574931858993, 28.4490913136549], [-81.6574661864504, 28.4492523139243], [-81.6574881865845, 28.4496283133672], [-81.6574471864877, 28.449842313396], [-81.6574331867448, 28.4500653138412], [-81.657499186228, 28.450596314173], [-81.6574931867387, 28.474168319599], [-81.6574991870175, 28.4741803192558], [-81.6575011871139, 28.4742863196729], [-81.6575801876719, 28.4888773233588], [-81.6575811877214, 28.4889673230342], [-81.6575981877277, 28.4924483243196], [-81.6575981877281, 28.4924593239303], [-81.6575181878255, 28.4987903260317], [-81.6575171877827, 28.4988993256886], [-81.6575061881991, 28.4997183258829], [-81.6574991878933, 28.5002853260866], [-81.6574491883751, 28.5033843267528], [-81.6574771879041, 28.5042283272056], [-81.6574911885705, 28.5047243268154], [-81.6574861883861, 28.5061433269441], [-81.6574841883113, 28.5066803275556], [-81.6574831882743, 28.5069603279448], [-81.657463188308, 28.5088193277861], [-81.6574411882536, 28.5108193287676], [-81.657424188371, 28.5110263284712], [-81.6574001881667, 28.5113273289352], [-81.6574011883112, 28.514244329257], [-81.6574861888987, 28.5213903313621], [-81.6574951884442, 28.5221963309531], [-81.657496188493, 28.5222693316391], [-81.6574981885904, 28.5224043316019], [-81.6574321894477, 28.5319963337825], [-81.657399188977, 28.5367843345018], [-81.6573991889833, 28.5369733351692], [-81.6573991889896, 28.5371613348909], [-81.6573991889964, 28.5373613351688], [-81.6573991889983, 28.5374173350668], [-81.657399189004, 28.537586334807], [-81.6573991890059, 28.5376433347513], [-81.6573991890072, 28.5376823347605], [-81.6573991890075, 28.5376923352241], [-81.6573991890106, 28.5377843349922], [-81.6573911895529, 28.5382053347231], [-81.6572991890451, 28.5430803358795], [-81.657299189051, 28.5432533367045], [-81.6572961898559, 28.544584336351], [-81.6572951898146, 28.5447343370091], [-81.6572731897359, 28.5460073366653], [-81.65727618988, 28.5461533371379], [-81.6572841893569, 28.5462993367111], [-81.657399189351, 28.5478833372905], [-81.6572971900305, 28.5483853371814], [-81.6572971900673, 28.5494763373935], [-81.6572991893521, 28.5521833387721], [-81.6573021895215, 28.5530793389379], [-81.6573021895231, 28.553127338465], [-81.6566501898435, 28.5531273384822], [-81.6561821897094, 28.5531273384945], [-81.6556651891, 28.5531283385545], [-81.6551821891689, 28.5531223391884], [-81.6548231886966, 28.5531093385952], [-81.6544441890946, 28.5530903386237], [-81.6544241890657, 28.5530883385315], [-81.6539571889768, 28.5530543387663], [-81.653685188944, 28.5530273384212], [-81.65350918887, 28.5530103385371], [-81.6528941882068, 28.5529313384884], [-81.6522921881463, 28.5528373386434], [-81.6520941879499, 28.5528003387321], [-81.6517961885083, 28.5527453388884], [-81.6513341877499, 28.5526473388542], [-81.6508581881402, 28.5525413384497], [-81.650456187468, 28.5524353389425], [-81.6491001874816, 28.5520563384964], [-81.6474751867007, 28.5516043382707], [-81.6474291872635, 28.5515913385687], [-81.6469291865389, 28.5514483382482], [-81.6458821865056, 28.5511583383224], [-81.6458281866972, 28.5511433385278], [-81.6456681864654, 28.5510983382446], [-81.6456151867033, 28.5510843384964], [-81.6455831861173, 28.55107533808], [-81.6455511864307, 28.5510663385629], [-81.6453621866515, 28.5510143388554], [-81.6452991864253, 28.550997338069], [-81.6448811859096, 28.550882338145], [-81.6446691859618, 28.550815338642], [-81.6445221863332, 28.5507703383585], [-81.6441221857536, 28.5506573385267], [-81.643384185673, 28.5504383382868], [-81.6430581858299, 28.5503433383882], [-81.6427841857023, 28.5502553388127], [-81.6423241850352, 28.550109338352], [-81.6421591854704, 28.5500593387366], [-81.6419671855517, 28.5500003387046], [-81.6413911848964, 28.549824338655], [-81.6413081846412, 28.5497993383976], [-81.6412001850241, 28.549765338623], [-81.6407081846703, 28.549609338599], [-81.6395251846183, 28.5492363384265], [-81.6392341846011, 28.5491483379521], [-81.6388091846595, 28.5490213383714], [-81.6387421842475, 28.5489993382527], [-81.6387141838471, 28.5489903378362], [-81.6386321845376, 28.5489633383854], [-81.6386051841836, 28.5489543379689], [-81.6385781838297, 28.5489453384517], [-81.6385001838065, 28.5489203381942], [-81.6384741843983, 28.548912337824], [-81.6382931840908, 28.5488533377918], [-81.6382181842068, 28.5488293384798], [-81.6378581836849, 28.5487203379331], [-81.6377511841142, 28.5486883382512], [-81.6373821840744, 28.548591338261], [-81.6370321840173, 28.5485063379272], [-81.6366631839782, 28.5484323381039], [-81.6362531838352, 28.548362338467], [-81.635966183106, 28.5483253376587], [-81.6357901830317, 28.5483033384422], [-81.6356121828648, 28.5482863376588], [-81.6353251830355, 28.5482643384452], [-81.6351381833503, 28.5482493377547], [-81.6345851828683, 28.5482313378342], [-81.6343241833468, 28.548228337702], [-81.6335921826525, 28.5482233383888], [-81.6331811824648, 28.5482023383254], [-81.6330101826232, 28.5481993381909], [-81.6318401822878, 28.5482013383143], [-81.6313521821247, 28.5481973381417], [-81.6313221816319, 28.5481973381425], [-81.6308551815445, 28.5482113379044], [-81.6303221819913, 28.5482143380575], [-81.6298171819389, 28.5482173382099], [-81.629306181608, 28.5482213384087], [-81.6287321810513, 28.548216338192], [-81.6284931816512, 28.5482093378738], [-81.62814218155, 28.5481923379943], [-81.627786181217, 28.5481803383467], [-81.6275571813819, 28.5481813383991], [-81.6264131804516, 28.5481003382716], [-81.6257781806591, 28.5480273385016], [-81.6254641804754, 28.5479833382688], [-81.625010180088, 28.54787833791], [-81.6242541800723, 28.5476863380228], [-81.6235161799912, 28.5474543380795], [-81.6230011794688, 28.5472813381673], [-81.6225431797935, 28.5471283382816], [-81.6224831797064, 28.5471083382553], [-81.6215831793002, 28.5468183383256], [-81.6210641785925, 28.5466563380242], [-81.620922179196, 28.5466143378796], [-81.6204901789296, 28.5464893383917], [-81.6203981791561, 28.5464643381346], [-81.6203821784134, 28.5464593379032], [-81.6203361789762, 28.5464473382475], [-81.6203211791794, 28.5464433380624], [-81.6199701790755, 28.5463473381181], [-81.6195361787166, 28.5462333382409], [-81.6193701782063, 28.5461883379579], [-81.6192401784678, 28.5461573383229], [-81.6189931786947, 28.546097338246], [-81.618858178724, 28.5460633375728], [-81.61805117814, 28.5458643382617], [-81.6171431782656, 28.5456833379891], [-81.6163901774915, 28.5455423377679], [-81.6157771778198, 28.5454453377841], [-81.6150251770935, 28.545348337804], [-81.6144401769233, 28.5452753380326], [-81.6136461769459, 28.5451753379145], [-81.6129451767888, 28.5451113376641], [-81.6125391768328, 28.54507933799], [-81.6117121762248, 28.5450233381138], [-81.6111911763286, 28.5450103375249], [-81.6108171760596, 28.5449993379241], [-81.6104301760866, 28.54498933837], [-81.6091781755431, 28.5449893384029], [-81.6080591748765, 28.5449953378111], [-81.6079781756143, 28.5449953378132], [-81.6078421746991, 28.5449973379095], [-81.6072801746993, 28.544996337878], [-81.6059501741335, 28.5449993380519], [-81.6058781743896, 28.5450003381002], [-81.6054531744524, 28.5450043382968], [-81.6053811747084, 28.5450043382987], [-81.6039251736916, 28.5450113377621], [-81.6035151735511, 28.5450153379582], [-81.6034391736215, 28.5450153379602], [-81.6031241733928, 28.5450153379685], [-81.6021821737454, 28.5450203382251], [-81.6018681735632, 28.5450213382796], [-81.6014871729698, 28.5450233383824], [-81.6013961732434, 28.5450243384311], [-81.6003451730345, 28.5450323379303], [-81.599966172534, 28.5450363381256], [-81.5987251725013, 28.5450453385754], [-81.5966691715201, 28.5450603384254], [-81.5961521718099, 28.5450583383463], [-81.5959221719286, 28.5450643386305], [-81.5951541713624, 28.5450613385116], [-81.5950061716889, 28.5450613385155], [-81.5937661708031, 28.5450673388262], [-81.5935861705439, 28.5450673388309], [-81.5930481707587, 28.5450703380847], [-81.592869170546, 28.5450713381358], [-81.5927561706981, 28.5450713381388], [-81.59267417049, 28.545071338141], [-81.5924201703942, 28.5450733382403], [-81.5923081705927, 28.5450743382896], [-81.5918251706618, 28.5450753383486], [-81.5914001707244, 28.5450773384526], [-81.5886791694602, 28.5450903382273], [-81.5877721696384, 28.5450953384829], [-81.5877591690351, 28.5450953384832], [-81.5877231691632, 28.5450953384841], [-81.5877111695056, 28.5450953384845], [-81.5876621690304, 28.5450953384857], [-81.5875181695425, 28.5450953384895], [-81.5874701691137, 28.5450963385372], [-81.5867421686053, 28.5450993386953], [-81.5845611681184, 28.5451093383169], [-81.5838341685557, 28.5451133385214], [-81.583761167866, 28.5451133385233], [-81.5835441676885, 28.5451143385753], [-81.5834721679446, 28.5451153386236], [-81.5834491677766, 28.5451153386242], [-81.5833811682183, 28.5451153386259], [-81.5833591680967, 28.5451163386729], [-81.5832711676103, 28.5451163386752], [-81.5820501676067, 28.5451383388278], [-81.5781211669434, 28.5452093386249], [-81.5777161661357, 28.5452163389601], [-81.5768131664998, 28.5452333388725], [-81.5764951661321, 28.5452363390199], [-81.5755481653535, 28.5452473386553], [-81.5752311659314, 28.5452503388027], [-81.5751841655491, 28.545253338943], [-81.5751701657987, 28.5452533389434], [-81.5751151659442, 28.5452503388058], [-81.5749501654818, 28.5452513388565], [-81.5747851659188, 28.5452513388608], [-81.5743151656918, 28.5452523389195], [-81.5741991657046, 28.5452523389226], [-81.5721751644097, 28.545265338679], [-81.5713761642036, 28.5452673387927], [-81.5710951646535, 28.5452703389392], [-81.5709051648295, 28.5452693388978], [-81.5703891642666, 28.5452733390967], [-81.5703351644586, 28.5452723390518], [-81.5701461637819, 28.5452733391031], [-81.5701331640779, 28.5452733391034], [-81.5700941640666, 28.5452713390118], [-81.5700811643626, 28.5452713390121], [-81.570023164369, 28.5452703389673], [-81.5699801641722, 28.545269338922], [-81.5699561639578, 28.5452693389227], [-81.56993016455, 28.5452713390161], [-81.5698541637212, 28.5452753392035], [-81.5698291643598, 28.5452773392969], [-81.5694961641954, 28.5452883389162], [-81.5692771639253, 28.5452963392928], [-81.5688801634894, 28.5453193394701], [-81.5685021639355, 28.5453513391648], [-81.5682711640083, 28.5453733392913], [-81.5681711638648, 28.5453863389972], [-81.5681451635576, 28.5453883390906], [-81.5680661634892, 28.5453983395563], [-81.5680411632285, 28.545402338843], [-81.5680201631534, 28.5454053389826], [-81.5679541636882, 28.5454133393552], [-81.5679331636131, 28.5454173395412], [-81.5677381635577, 28.545434339435], [-81.5675981633567, 28.5454503392811], [-81.5672201629039, 28.545494339532], [-81.5668681636578, 28.5455443391611], [-81.5666021630064, 28.5455883394091], [-81.5664801627416, 28.5456103395328], [-81.5662731630294, 28.5456483395012], [-81.5661271634497, 28.5456773390507], [-81.5661001630962, 28.5456813392368], [-81.5657141631724, 28.5457533389873], [-81.5655831624899, 28.5457783392503], [-81.5654121626496, 28.5458113389859], [-81.5648531627924, 28.5459113391395], [-81.563621162285, 28.546132339524], [-81.5631791624603, 28.5462003390905], [-81.563038162213, 28.5462223392147], [-81.5626191616566, 28.5462803392164], [-81.5625851618777, 28.5462863394954], [-81.5621471622383, 28.5463463395903], [-81.5619061618473, 28.5463733399489], [-81.561599161991, 28.5464083397808], [-81.5611821615267, 28.5464463397546], [-81.5607071610687, 28.5464773394055], [-81.5603221611894, 28.5464923392116], [-81.5599841616921, 28.5464963394059], [-81.5597541609114, 28.546499339551], [-81.5590361608672, 28.5465093400334], [-81.5589111613617, 28.546510340083], [-81.5588511612754, 28.5465113392317], [-81.5586651607378, 28.5465143393756], [-81.5585271606292, 28.5465173395183], [-81.5585001611749, 28.546517339519], [-81.5583901605669, 28.5465193396146], [-81.5579761602411, 28.5465343394215], [-81.5576491603548, 28.5465323393374], [-81.5575001606349, 28.5465333393876], [-81.5573011603934, 28.5465363395319], [-81.5570421600656, 28.5465383396315], [-81.5562671600741, 28.5465463400226], [-81.5560091597926, 28.5465493401685], [-81.5559321598166, 28.5465493401705], [-81.5557021599353, 28.5465523394163], [-81.5556261600057, 28.5465533394646], [-81.555588160041, 28.5465533394656], [-81.5555131601578, 28.546554339514], [-81.5554771602858, 28.5465533394685], [-81.5554401603675, 28.5465533394695], [-81.5547331599347, 28.5465733395159], [-81.5545461593505, 28.5465693402347], [-81.5544391597811, 28.5465703393845], [-81.5543531593875, 28.5465703393868], [-81.5542081598532, 28.5465703393906], [-81.5540671596054, 28.546575339626], [-81.5538771597814, 28.5465733395384], [-81.5533781591078, 28.5465703394124], [-81.5533101595494, 28.5465703394142], [-81.5531211588727, 28.5465723395118], [-81.5529831596633, 28.5465723395154], [-81.5525671592443, 28.5465763397118], [-81.552430159182, 28.5465783398081], [-81.5524161594316, 28.5465783398085], [-81.5519941587342, 28.5465833400513], [-81.551803158864, 28.5465863401954], [-81.5513651583235, 28.5465913395393], [-81.550688158383, 28.5465943396962], [-81.5502531588809, 28.5465963398003], [-81.54989115827, 28.5466043401807], [-81.5492091580975, 28.546608340384], [-81.5478521580775, 28.5466183399839], [-81.5471641576267, 28.5466233402337], [-81.5468051571546, 28.5466183400114], [-81.5463661574663, 28.5466043402732], [-81.546080156784, 28.5465833402066], [-81.5460131572719, 28.5465793400228], [-81.5455821570548, 28.5465413400713], [-81.5451641565411, 28.5464903404161], [-81.5450431572207, 28.5464733396312], [-81.5449261571865, 28.5464563397455], [-81.544803156874, 28.5464393398601], [-81.5444331567889, 28.5463793397864], [-81.5443691565165, 28.5463693402238], [-81.5439521569476, 28.5462893401236], [-81.5435611567864, 28.5462033397445], [-81.5431521566888, 28.5461053397089], [-81.5426881558366, 28.5459773400829], [-81.5426311558888, 28.5459603401956], [-81.542441156063, 28.5459033402563], [-81.5420441556219, 28.5457733396364], [-81.5418661563528, 28.5457123395113], [-81.5414611555397, 28.5455613397167], [-81.541027156078, 28.5453853396633], [-81.5405201559249, 28.5451583399457], [-81.5404241559651, 28.5451153397535], [-81.5400341558468, 28.5449253399494], [-81.5395881549268, 28.5446873397202], [-81.5390271549624, 28.5443613399114], [-81.5388271546703, 28.5442363395181], [-81.5382341550171, 28.5438393400161], [-81.5379501544214, 28.5436313393747], [-81.5376731550496, 28.543419339447], [-81.5373931546389, 28.5431933397698], [-81.5370801544934, 28.5429103392498], [-81.5365331542733, 28.5424023390976], [-81.5364911541214, 28.5423583388577], [-81.5363041544301, 28.5421633388164], [-81.5359881541434, 28.541819339066], [-81.5357151540546, 28.541509339092], [-81.5355031541003, 28.5412493387362], [-81.5354081541842, 28.5411243392395], [-81.5353861540616, 28.541095338795], [-81.5353201536939, 28.5410083392604], [-81.5352991536177, 28.5409803388623], [-81.5352831537738, 28.5409593387886], [-81.5352361542887, 28.5408973386136], [-81.5352211535919, 28.5408773385863], [-81.5347461540097, 28.5402103391555], [-81.5345811535397, 28.5399853386223], [-81.5340361534044, 28.539241338322], [-81.5337881535762, 28.538921338783], [-81.5332161530867, 28.5381633387337], [-81.532562153288, 28.5373853377594], [-81.5324811531232, 28.537289337808], [-81.5324481533891, 28.5372493377533], [-81.5321461528534, 28.5369263380767], [-81.5318351527998, 28.5366113378718], [-81.5318101525381, 28.5365873376593], [-81.5315141522822, 28.5363023379454], [-81.5313631524648, 28.5361633378011], [-81.531185152293, 28.5360013374907], [-81.5308481528321, 28.535708337407], [-81.5302171523112, 28.5352013373035], [-81.5300011521746, 28.5350383378469], [-81.529937151901, 28.5349923375149], [-81.5297781517131, 28.5348763375377], [-81.5294341519293, 28.5346393373522], [-81.5292231520253, 28.5344943378307], [-81.5290531522314, 28.534532337798], [-81.5289551521812, 28.5345603372999], [-81.5287991521382, 28.5346133379622], [-81.5287221521631, 28.5346403374173], [-81.5285621519351, 28.5347103379684], [-81.528398151522, 28.5347963374627], [-81.5282101517949, 28.534912337449], [-81.5279751516871, 28.5350843373345], [-81.5278071510902, 28.5352243375335], [-81.5277261518302, 28.5352923379899], [-81.5275761511723, 28.5355253380029], [-81.5274411512091, 28.5357133377282], [-81.5272611509567, 28.5359153381036], [-81.5270741512779, 28.5360913381733], [-81.5267161508624, 28.5363903376539], [-81.5250491508945, 28.5378523389203], [-81.5248031511772, 28.5380713382869], [-81.5246121504129, 28.5382313385143], [-81.5243841506309, 28.5384323388446], [-81.5239631508912, 28.5387923384567], [-81.5232621507568, 28.5394053390124], [-81.5229261504626, 28.5396943389282], [-81.5214471502195, 28.5409703396614], [-81.521208149927, 28.5411683389536], [-81.520721149823, 28.5415463394019], [-81.5203521497953, 28.541813339198], [-81.5199671499244, 28.5420813399404], [-81.519330149156, 28.5424943393171], [-81.5187901492885, 28.5428133397297], [-81.5185021494187, 28.5429713398669], [-81.5179641487434, 28.5432523403165], [-81.5176021490375, 28.5434283403907], [-81.5171241484463, 28.5436403403382], [-81.5166861488111, 28.5438263399787], [-81.5163651483084, 28.5439583398109], [-81.5160191484444, 28.5440973399682], [-81.5156101483551, 28.5442463405907], [-81.5149061480686, 28.5444763404792], [-81.5142061479671, 28.5446883404325], [-81.5137301474659, 28.5448173401297], [-81.5135111480966, 28.5448703407936], [-81.5133091477173, 28.5449143401406], [-81.5130341475479, 28.5449673408061], [-81.5124441471514, 28.5450673409605], [-81.5115241467309, 28.5452123405117], [-81.5113411472328, 28.5452413409615], [-81.5092031460538, 28.5455683408876], [-81.50898814597, 28.5455973404389], [-81.5088921460121, 28.5456113410904], [-81.507830146197, 28.5457723404876], [-81.5053391457261, 28.5461693409699], [-81.5048181449336, 28.5462483410484], [-81.5048171448833, 28.5461303409743], [-81.5048151447865, 28.5460123409003], [-81.5048111454913, 28.5457483412529], [-81.50481114549, 28.54571034129], [-81.5048061452478, 28.5454083407805], [-81.5048021450527, 28.5451253411517], [-81.5048011450038, 28.5450513404193], [-81.5047991449078, 28.5449583406049], [-81.50479814486, 28.5449163404566], [-81.5047921454556, 28.5441653407169], [-81.5047831449805, 28.5424553396893], [-81.5047831449742, 28.5422683400139], [-81.5044971451928, 28.5422953403738], [-81.5043521447593, 28.54230033971], [-81.5043031451835, 28.542302339804], [-81.5040111451225, 28.5422963404328], [-81.5038181451588, 28.5422803396962], [-81.5036391449452, 28.5422553403406], [-81.5034621448241, 28.5422223397149], [-81.5032871447956, 28.5421813405168], [-81.5030751448479, 28.5421173402536], [-81.5030291445114, 28.5421033405051], [-81.5026671447953, 28.5419763400233], [-81.5024711446905, 28.5419063403808], [-81.5018861445156, 28.5416963396546], [-81.5016911444573, 28.5416273400585], [-81.5014871439813, 28.5415543402771], [-81.5008781435916, 28.5413363400799], [-81.5006751440613, 28.5412643403449], [-81.5006481437074, 28.5412543398821], [-81.5005671435448, 28.541227339532], [-81.5005411441366, 28.5412183400147], [-81.5004721436318, 28.5411943398033], [-81.500345144032, 28.541151339612], [-81.5002671440088, 28.5411293394935], [-81.5001981435042, 28.5411113395602], [-81.5000371432262, 28.5410753396943], [-81.5000121438645, 28.5410703403625], [-81.4998991440159, 28.5410493402913], [-81.4996711433269, 28.5410203398522], [-81.4995471438675, 28.5410113403376], [-81.4994421434913, 28.5410053400623], [-81.4993831434512, 28.5410043400174], [-81.4993231433648, 28.541004340019], [-81.499144143152, 28.5410043400237], [-81.4990851431121, 28.5410053400716], [-81.4988751432594, 28.5410053400771], [-81.4982481429411, 28.5410083402326], [-81.4980391431349, 28.5410103403308], [-81.4978531425973, 28.5410103403357], [-81.4972941427367, 28.5410133395901], [-81.4971091431449, 28.5410143396413], [-81.497002142676, 28.5410143396441], [-81.4966831422617, 28.5410163397452], [-81.4965771427387, 28.5410183398407], [-81.4964921423915, 28.5410193398892], [-81.4963431426716, 28.5410223400322], [-81.4956421425171, 28.5410363398002], [-81.4954091424965, 28.5410423400845], [-81.4953971419396, 28.5410423400848], [-81.4953621421141, 28.5410433401321], [-81.495351142503, 28.5410443401787], [-81.4952431419878, 28.5410473403207], [-81.4950721421462, 28.5410433401397], [-81.4946501423476, 28.5410353397799], [-81.4942371420678, 28.5410373398835], [-81.4939591417575, 28.5410393399834], [-81.4936981422363, 28.5410473403612], [-81.4935131417449, 28.5410433401806], [-81.4933391417641, 28.5410413400924], [-81.4931001414644, 28.5410273403491], [-81.4925221416193, 28.5409673402808], [-81.4921811410821, 28.5409283402805], [-81.4919691411357, 28.5409043400728], [-81.4917391412531, 28.5408723403941], [-81.4914531414695, 28.540832340346], [-81.4908721405861, 28.540779339703], [-81.4908261411494, 28.5407793397042], [-81.4882891403199, 28.5405073397523], [-81.4880961403563, 28.5404943400541], [-81.4869881401949, 28.5403493396568], [-81.4862201396257, 28.540266340326], [-81.4855661398506, 28.5401913404637], [-81.484697139091, 28.5401033400044], [-81.4845051391737, 28.5400883402134], [-81.4844381387622, 28.5400813398907], [-81.4842371393264, 28.5400603398218], [-81.4841701389149, 28.5400533403984], [-81.4840591391594, 28.5400413398451], [-81.4837421388364, 28.5400003397514], [-81.4835571392438, 28.5399773404887], [-81.4830891391076, 28.53992233975], [-81.4824561385088, 28.5398603404898], [-81.4820271383843, 28.5398193403991], [-81.4815291386545, 28.5397613404215], [-81.4810311380254, 28.5397033404438], [-81.4806731375981, 28.539653339934], [-81.4800381378055, 28.5395823402567], [-81.4795411372228, 28.5395273404181], [-81.4792221377066, 28.539491339657], [-81.4788431372044, 28.5394503404643], [-81.4782661374059, 28.5393953397284], [-81.4779791375763, 28.5393693403293], [-81.4779481370368, 28.5393633400521], [-81.4777201372468, 28.5393253400952], [-81.4775261372363, 28.5392973397016], [-81.4773101371042, 28.5392673401152], [-81.4762551367052, 28.5391533402541], [-81.4758311368126, 28.5391083399779], [-81.4758211363357, 28.5387233401175], [-81.4758191362386, 28.538598339719], [-81.4758151369344, 28.5380653401923], [-81.4758021363145, 28.5375713397758], [-81.4758001362186, 28.5374783399613], [-81.4758061364873, 28.5371873399614], [-81.4758051364357, 28.5370343391641], [-81.4758041363802, 28.5367623391458], [-81.4757991361419, 28.5365753394706], [-81.4757961368968, 28.5364233396191], [-81.4757941367928, 28.5360913395174], [-81.475788136481, 28.5350963392586], [-81.4757861363771, 28.5347653392033], [-81.4757861363757, 28.5347243391013], [-81.4757831362323, 28.5345983386565], [-81.4757791360376, 28.5343293387772], [-81.4757781359835, 28.5341003389536], [-81.4757781359779, 28.5339343384531], [-81.4757781359752, 28.5338553383882], [-81.4757781359673, 28.5336193391393], [-81.4757781359647, 28.5335413391208], [-81.4757801360479, 28.5332543384071], [-81.4757831361771, 28.5329553389357], [-81.4757841362179, 28.5327913385278], [-81.4757741366399, 28.5323963382039], [-81.4757701364489, 28.5322363379815], [-81.4757731365839, 28.5321103384359], [-81.4757751366735, 28.5320133384359], [-81.4757811360429, 28.5317233384823], [-81.4757841361788, 28.5316273385286], [-81.4757831361316, 28.5316023382691], [-81.4757911365004, 28.5315293384821], [-81.4757821360819, 28.5315033381764], [-81.4757791359362, 28.531310338223], [-81.475777135843, 28.5312993386125], [-81.4757481362865, 28.5310203382703], [-81.4757011358931, 28.530694338448], [-81.4756951365126, 28.5306513382535], [-81.475664135968, 28.5304953382173], [-81.4756411357968, 28.5304003383106], [-81.4756321362773, 28.5303633383943], [-81.4756041358731, 28.5302403380892], [-81.4755891360748, 28.5301963378485], [-81.4755621366178, 28.5301163377381], [-81.4755231366038, 28.5300333374888], [-81.4752751358691, 28.5295013380149], [-81.4752691364896, 28.5294883374124], [-81.4750391356959, 28.5291073377432], [-81.4749111360452, 28.52892633745], [-81.4747151359346, 28.5286823378354], [-81.4744861360919, 28.5284583373501], [-81.4742601354898, 28.5282523376992], [-81.4741541359636, 28.5281613370808], [-81.4738871352567, 28.5279343373569], [-81.4737451358564, 28.5277773372772], [-81.4737281359663, 28.5277613374353], [-81.4735221353932, 28.5275653373482], [-81.4733361357495, 28.5274053371306], [-81.4730141351866, 28.5271283368889], [-81.4728151349396, 28.5269653374319], [-81.4726171356381, 28.5268003369829], [-81.4724271349092, 28.5266293371549], [-81.4722461354968, 28.5264493369094], [-81.4721551348678, 28.5263493367728], [-81.4720751347497, 28.5262623372385], [-81.4719141353657, 28.5260683372428], [-81.4718191345502, 28.5259423368004], [-81.4709971350908, 28.5264073367938], [-81.4708461343816, 28.5264933371871], [-81.4701761347783, 28.526865337362], [-81.4697551341349, 28.5270973373358], [-81.4690051344174, 28.5275013371976], [-81.4688201339292, 28.5275893376845], [-81.4685641337438, 28.5276913379229], [-81.4684891338615, 28.5277153372388], [-81.4683651344037, 28.527756337344], [-81.4681561336999, 28.5278103371547], [-81.4679421336629, 28.5278513372623], [-81.4677261335325, 28.5278763375275], [-81.4675651341554, 28.527885337949], [-81.4671261335685, 28.5278943374783], [-81.4669831332278, 28.5278973376211], [-81.4664761330825, 28.5279033379125], [-81.4658091336056, 28.5278973376519], [-81.4656861332936, 28.5278973376551], [-81.4653701330186, 28.5279013378488], [-81.465307132793, 28.5279023378968], [-81.4651291326272, 28.5279193377902], [-81.4650961328945, 28.5279223379301], [-81.4649151325894, 28.5279393378236], [-81.4647641327768, 28.5279423379666], [-81.4645141328666, 28.5279473373056], [-81.4635991326728, 28.5279373377654], [-81.4631051322315, 28.5279433380564], [-81.4629421327612, 28.5279433380607], [-81.4623351324717, 28.5279463373163], [-81.461722131904, 28.5279533376569], [-81.4609441317733, 28.5279633381408], [-81.4598841311466, 28.5279773379182], [-81.4598491313211, 28.5279783379655], [-81.4593981310768, 28.5279913376806], [-81.459365131311, 28.5270083379788], [-81.4593321315347, 28.5257083370719], [-81.4593251311611, 28.5242573372583], [-81.4593211309586, 28.5237543364243], [-81.4593041310482, 28.5231343364622], [-81.4592831309694, 28.5230253368059], [-81.4592931314153, 28.5224863361013], [-81.4593031309228, 28.5207803361577], [-81.4592821307943, 28.5191923353897], [-81.4592821307897, 28.5190533352414], [-81.4592821307384, 28.5175263355019], [-81.4592931312465, 28.5174533357149], [-81.4592721311294, 28.5162033353268], [-81.459282130688, 28.5160233350763], [-81.4592761312967, 28.5156583352435], [-81.459272131091, 28.5150593344559], [-81.459229130855, 28.5138913342723], [-81.4591671305911, 28.5113643340435], [-81.459167130562, 28.5104953333301], [-81.4591401310602, 28.5090813334336], [-81.45914213025, 28.5089693336375], [-81.4591361308615, 28.5086893332484], [-81.4591271304281, 28.5082213331377], [-81.4591381309273, 28.5078843328038], [-81.459131130579, 28.5071823326375], [-81.4591231302033, 28.5070503328139], [-81.4591111305221, 28.5063453325086], [-81.4591041301727, 28.5056123327039], [-81.4591311304947, 28.5046663320176], [-81.4591111303972, 28.5026183315093], [-81.4591121304349, 28.5023583320472], [-81.459123129985, 28.5005353311763], [-81.4590871300669, 28.4991563311038], [-81.4590761304405, 28.49870033065], [-81.4590881300811, 28.4981953306221], [-81.4590921302578, 28.4979293308817], [-81.4590801305952, 28.4977783301775], [-81.459084129879, 28.497703330298], [-81.4590901301416, 28.4972303308543], [-81.4590841298331, 28.4963333306416], [-81.4590711301229, 28.4961463300673], [-81.4590731302096, 28.4959623305309], [-81.4591151303373, 28.4952863297699], [-81.4590951302626, 28.4939163292148], [-81.4590651297387, 28.492987329318], [-81.4590961302035, 28.4907623286971], [-81.4590511298836, 28.4898583290602], [-81.4590551300641, 28.4897053282629], [-81.4590561301095, 28.4896753286708], [-81.4590711298816, 28.4889363285873], [-81.4590211301977, 28.4870983279219], [-81.4590151299162, 28.4870053281075], [-81.4590521297912, 28.485709327384], [-81.4589721295922, 28.4832043272759], [-81.4589771298137, 28.4828893270627], [-81.4598821304419, 28.4828723271504], [-81.460222130032, 28.4828663268634], [-81.4616561309277, 28.4828633266869], [-81.4623231304044, 28.4828663268085], [-81.4630071306698, 28.4828613265589], [-81.4637071307785, 28.4828633266333], [-81.4640091313031, 28.4828583263936], [-81.4640491313606, 28.4828543271065], [-81.4640951316965, 28.4828503269199], [-81.4641861314225, 28.4828423265466], [-81.4649281316811, 28.4828283267776], [-81.4650451317145, 28.4828203264037], [-81.4657521321465, 28.4827773270899], [-81.4665791318532, 28.4827673266047], [-81.4668311318563, 28.4827663265518], [-81.4672901324723, 28.4827653264934], [-81.4674451324703, 28.4827563269715], [-81.4677651320305, 28.4827163269075], [-81.467891132481, 28.4826953268301], [-81.4679781320212, 28.4826813270781], [-81.4681971322899, 28.4826313265533], [-81.4684281322158, 28.4825673262784], [-81.4688071327124, 28.4824433268155], [-81.4689561324307, 28.4823943263388], [-81.469255132813, 28.4822963262848], [-81.4694021324384, 28.4822443265683], [-81.4695511330559, 28.4821923268519], [-81.4699451333488, 28.4820533266933], [-81.4711271333283, 28.4816393263567], [-81.4712151329144, 28.4816093267623], [-81.4715241337607, 28.4815073265225], [-81.4719371331364, 28.4813603259927], [-81.4727141341112, 28.4810863258612], [-81.4730511335586, 28.4809763261492], [-81.4731841334339, 28.4809353260437], [-81.4736041340345, 28.4808083264407], [-81.473894134, 28.4807363257935], [-81.47449913419, 28.480536326399], [-81.474747134005, 28.4804603255674], [-81.4750331346837, 28.4803733260235], [-81.4751051344269, 28.4803513259011], [-81.4753231346486, 28.4802843254875], [-81.4753961344383, 28.4802633263107], [-81.4753501340981, 28.4801383259134], [-81.4752111348296, 28.4797623255741], [-81.4751661345359, 28.4796383261224], [-81.4750471343983, 28.4793033258846], [-81.4750421341656, 28.4792863259959], [-81.4749881343504, 28.4790673257378], [-81.4749401339106, 28.478740325869], [-81.4749241340629, 28.4786053259066], [-81.4749201338721, 28.4784503259161], [-81.4749211339095, 28.478180325091], [-81.4749231339898, 28.4778083249335], [-81.4749271341344, 28.4765793246187], [-81.4749291342206, 28.4763833254254], [-81.4749371345634, 28.4755293245077], [-81.47493313437, 28.4752973245449], [-81.4750821340899, 28.4752973245411], [-81.4752351339955, 28.4752983245835], [-81.4760981344738, 28.4753003246536], [-81.4762901343901, 28.4752883249916], [-81.4764111346088, 28.4752713250998], [-81.4764321346839, 28.4752683249601], [-81.4765701347917, 28.4752393245115], [-81.4767251347884, 28.475190324934], [-81.4767441347707, 28.4751853247017], [-81.4769101343779, 28.4751153250497], [-81.4771281345979, 28.4749993241633], [-81.4773631347069, 28.4748623241016], [-81.4775861351587, 28.4747373245965], [-81.4778701348429, 28.4745793244594], [-81.478465135464, 28.4742523245738], [-81.4786901351105, 28.4741613239467], [-81.4789671353715, 28.4740743244031], [-81.4792661357539, 28.473979324488], [-81.4793261349404, 28.4739603245051], [-81.4797771351802, 28.4738133239742], [-81.480209135438, 28.4736773239537], [-81.4803371359803, 28.4736273243305], [-81.4804411354088, 28.4735713244298], [-81.4805461357823, 28.4734993237874], [-81.4806401356452, 28.4734173244803], [-81.4807151355256, 28.473334324228], [-81.4807771357017, 28.4732433245046], [-81.4808251361274, 28.4731463236041], [-81.4809921357677, 28.4726803235814], [-81.4810321358208, 28.4725463236638], [-81.4810531358913, 28.4724063234687], [-81.4810621354041, 28.4722403238671], [-81.481037136043, 28.4722523235247], [-81.480970135633, 28.472289323443], [-81.4803371359402, 28.4724273235615], [-81.4799071357695, 28.4723933237952], [-81.4798361351721, 28.4723773239547], [-81.479624135225, 28.4723293235338], [-81.4795541355734, 28.4723143237396], [-81.4792471357141, 28.472262324035], [-81.4790941349085, 28.4722403239185], [-81.4789961348559, 28.4721983237727], [-81.4789931355979, 28.4716543237359], [-81.4791641354394, 28.4716533236851], [-81.4791411351489, 28.4679893229085], [-81.4751011338286, 28.4680053228563], [-81.4750011336846, 28.4680043228125], [-81.4749221336158, 28.4680033227682], [-81.474921133565, 28.4678723229908], [-81.4749211335609, 28.4677493226849], [-81.4749151341583, 28.4670483225648], [-81.4749001333921, 28.4649483223436], [-81.4748971341339, 28.4644013221677], [-81.4748971341288, 28.4642483222697], [-81.4748971341261, 28.4641653220194], [-81.4748971341234, 28.4640853219082], [-81.4748971341177, 28.4639163221679], [-81.474897134115, 28.4638343219639], [-81.4748961340656, 28.4637433222421], [-81.4748961340624, 28.4636483223348], [-81.4748961340564, 28.4634703221773], [-81.4748961340534, 28.4633803216025], [-81.4748961340504, 28.463290321927], [-81.4748961340414, 28.4630203220014], [-81.4748961340384, 28.4629303214266], [-81.4748961340371, 28.4628923214637], [-81.4748961340348, 28.4628233218624], [-81.4748961340333, 28.462778321575], [-81.4748961340321, 28.4627413216584], [-81.4748961340299, 28.4626763213432], [-81.4748961340235, 28.4624823213433], [-81.4748961340213, 28.4624183219738], [-81.4748951339699, 28.4622663212229], [-81.4748931338618, 28.4618113217145], [-81.4748931338568, 28.4616603210099], [-81.4748921338052, 28.4615063210656], [-81.474890133697, 28.4610453212791], [-81.4748901336919, 28.4608923213812], [-81.4748981340403, 28.4602063210567], [-81.4749171339754, 28.4587923211587], [-81.4749221333042, 28.4586723209917], [-81.4749351339034, 28.4585523208246], [-81.4749561339747, 28.4584343207499], [-81.4749861335643, 28.458316320675], [-81.4750241335253, 28.4582013207389], [-81.4750381332744, 28.458164320822], [-81.4750691338111, 28.4580873208491], [-81.4751221335689, 28.4579773202451], [-81.4751831336981, 28.4578693206329], [-81.475251133253, 28.4577653203067], [-81.4753391337356, 28.4576503203693], [-81.475397133727, 28.4575853200526], [-81.4754541336721, 28.457522320728], [-81.4755531337668, 28.4574343202433], [-81.4756761340752, 28.4573273206759], [-81.4760571337591, 28.4570173206846], [-81.4762271335497, 28.4568803206246], [-81.476507133945, 28.4566453205154], [-81.476521133695, 28.4566343200051], [-81.4768361339156, 28.4563903203771], [-81.4769951340953, 28.4562613197889], [-81.4771261338751, 28.4561363202862], [-81.4772481341359, 28.4559943199957], [-81.4773091342658, 28.4559063204113], [-81.4773411339507, 28.4558623201695], [-81.4774001339873, 28.4557633200752], [-81.4774801340971, 28.4556003197116], [-81.4774851343287, 28.4555873200082], [-81.4775121346799, 28.4555153202671], [-81.477530134614, 28.4554573202759], [-81.4775751339997, 28.4553183201265], [-81.477611133866, 28.4551473193932], [-81.4776201342806, 28.4550563196711], [-81.4776291346955, 28.4549743194669], [-81.4776291346937, 28.4549193196153], [-81.4776291346922, 28.4548753193743], [-81.4776291346878, 28.4547433195505], [-81.4776291346863, 28.4546993193094], [-81.4776291346836, 28.4546163199584], [-81.4776251344927, 28.4544603199215], [-81.4776141339674, 28.4540163191246], [-81.4776091346257, 28.453746319199], [-81.4776081345762, 28.4536523193381], [-81.4776061344785, 28.4535083189581], [-81.4776041343813, 28.453375319088], [-81.4776041343771, 28.4532493195423], [-81.4776111337623, 28.4520413193016], [-81.4776191341219, 28.4516923193107], [-81.4776431343248, 28.4513473186056], [-81.477690133798, 28.4510503192256], [-81.4777471337356, 28.450762318464], [-81.4778501340013, 28.4502383184522], [-81.477861134504, 28.4500053184427], [-81.4778831337218, 28.449869318433], [-81.4778881339507, 28.4497773186647], [-81.4778911340715, 28.4492243182105], [-81.4778861338198, 28.4486333177936], [-81.4778711340178, 28.4484763186099], [-81.477841134419, 28.4483203185737], [-81.4777951340779, 28.4481673177775], [-81.4777351339865, 28.4480193181129], [-81.4776631342379, 28.4478783178738], [-81.4775731336538, 28.4477333183491], [-81.4774891342484, 28.4476153182771], [-81.4773891341003, 28.4474923179738], [-81.4772791334883, 28.4473743179025], [-81.4771781341942, 28.447282318137], [-81.4769991339769, 28.4471473181788], [-81.4767581335798, 28.4469963174805], [-81.4764601332356, 28.4468463177293], [-81.4761721333551, 28.4466833173753], [-81.4759781333421, 28.4465803180016], [-81.4757971330325, 28.446459317793], [-81.475685133228, 28.4463703181669], [-81.4755041329168, 28.446204317671], [-81.4754001334827, 28.4460883176923], [-81.4753121329921, 28.4459643173423], [-81.4751641333099, 28.445704317884], [-81.4751061333119, 28.445571317116], [-81.4750591329248, 28.445434317961], [-81.4750231330483, 28.4452953178136], [-81.4749981327828, 28.4451543175733], [-81.4749841330276, 28.4450113172399], [-81.4749761335093, 28.4436183174167], [-81.4749771326352, 28.4429863168977], [-81.4749771326219, 28.4425863172408], [-81.4749781326284, 28.4413893166107], [-81.4749791326705, 28.4412603169259], [-81.4749821328008, 28.4409913161472], [-81.4749861329729, 28.4405853162121], [-81.4749881330604, 28.4404283161286], [-81.474990133118, 28.4393703156468], [-81.4749921331973, 28.4389653157581], [-81.4749961333609, 28.4383033156469], [-81.475010133045, 28.4363173153134], [-81.4750151332551, 28.4356563152485], [-81.4744501331166, 28.4356743151984], [-81.474454132353, 28.4341773150503], [-81.4744361322808, 28.4300863142638], [-81.4744061325805, 28.4268813131806], [-81.4743681325877, 28.4260403128666], [-81.4743751319825, 28.4251173123474], [-81.4743831322906, 28.4232183124496], [-81.4743851323757, 28.422987312533], [-81.4743971320037, 28.422100311884], [-81.4743941318575, 28.4218913120881], [-81.4743771319136, 28.4202583110319], [-81.4743701324642, 28.419540311023], [-81.4743801319815, 28.4181153106151], [-81.4743501323195, 28.4160533103566], [-81.4743431319782, 28.4155623100788], [-81.4743461320868, 28.4146403105054], [-81.4743731315045, 28.4135383097817], [-81.4744701314837, 28.4127683100575], [-81.4747311318742, 28.4118593092814], [-81.4751031320208, 28.410978308901], [-81.4755031325754, 28.4103333086682], [-81.4755191324177, 28.4103073092611], [-81.4760031324034, 28.4105553090538], [-81.4763781327251, 28.4107523091831], [-81.4765571320421, 28.4108583086963], [-81.476728132787, 28.4109793089051], [-81.476886132929, 28.4111123087712], [-81.4771321326616, 28.4113503090058], [-81.4787411327177, 28.4123283093346], [-81.4788161334962, 28.4122073091195], [-81.4788591327867, 28.4119983093224], [-81.4789901334644, 28.4118323097176], [-81.4790461333637, 28.4117883094752], [-81.4793321331413, 28.411645309134], [-81.4794631329212, 28.4115243089174], [-81.4795001337371, 28.4114693090648], [-81.4795811329917, 28.4112383091461], [-81.4796371337879, 28.4111223091633], [-81.4796931336863, 28.4110513094678], [-81.4797551329644, 28.4109963087152], [-81.4798051334851, 28.4109683092145], [-81.4799421335467, 28.4109463090905], [-81.4799731331854, 28.4109083091268], [-81.4799731331813, 28.4107873089135], [-81.4800041337186, 28.4107263087829], [-81.4800351333575, 28.410693309051], [-81.4801101332388, 28.4106383091974], [-81.4801911333993, 28.4106053085649], [-81.4804331338326, 28.4104513086142], [-81.4805331339738, 28.4103683092606], [-81.4813231337164, 28.4089873081742], [-81.4814311342265, 28.4088303080879], [-81.4815401338835, 28.408673308901], [-81.4821501342865, 28.407897307986], [-81.4835441341984, 28.4070883082187], [-81.4838481348128, 28.40699430835], [-81.4841411349165, 28.4068903080179], [-81.4845081348547, 28.4067193081753], [-81.4851051346733, 28.4065153076962], [-81.4857151350998, 28.4064493082181], [-81.4859271350443, 28.4064163075821], [-81.4863311349056, 28.4063883080723], [-81.4866981348499, 28.4063993076733], [-81.4871261358288, 28.4064863080979], [-81.4871051357378, 28.4060123077092], [-81.4893621361533, 28.4059683074095], [-81.489404136304, 28.4059753077329], [-81.4895941361278, 28.4059733076352], [-81.4898391358057, 28.4059613079719], [-81.4909271368322, 28.4059423079622], [-81.4911841361676, 28.4059313074456], [-81.4912801370252, 28.4059273072577], [-81.49138313641, 28.4059563077], [-81.4914021363921, 28.4059473072823], [-81.4915081368144, 28.4059423079471], [-81.4915871368831, 28.4059413078987], [-81.4919651364386, 28.4059533075458], [-81.4923131372998, 28.4059653071937], [-81.4927611374053, 28.4059673072748], [-81.4933361371095, 28.4059773077234], [-81.4935131372295, 28.4059803078579], [-81.4937941376793, 28.4059863072294], [-81.4941131371945, 28.4059913074529], [-81.4948361374716, 28.4060053071838], [-81.4950721376316, 28.4060083073167], [-81.4953921380926, 28.4060133075402], [-81.4969701384768, 28.4060343075733], [-81.4980211386865, 28.4060453071567], [-81.4991651387156, 28.406063307062], [-81.5023671398178, 28.4060343074331], [-81.5031931403775, 28.4060333073653], [-81.5031801397363, 28.4048913065871], [-81.5031671399402, 28.4021183066436], [-81.5031661398886, 28.4019633066529], [-81.503165139835, 28.4017463064861], [-81.5031631397207, 28.4010983061246], [-81.5031631397135, 28.4008823060042], [-81.503162139661, 28.4007003056612], [-81.5031621396482, 28.4003153058003], [-81.5031711400606, 28.4001563056239], [-81.5031771394366, 28.4000643058556], [-81.5031861398514, 28.3999763053733], [-81.5032061398748, 28.3998143059569], [-81.5032111401057, 28.399783305419], [-81.5032511401561, 28.3995653061041], [-81.5033101401879, 28.3993193054907], [-81.5033421398708, 28.3992143060184], [-81.5033841400168, 28.3990813052478], [-81.5034031399975, 28.3990303055811], [-81.5034721395962, 28.3988493052826], [-81.5035721397326, 28.3986223055489], [-81.5036851395732, 28.3984003051474], [-81.5037131399716, 28.3983503055268], [-81.5038081398782, 28.3981893052555], [-81.5038781404249, 28.3980773054576], [-81.503949140119, 28.3979733051313], [-81.5043871397393, 28.3973373053148], [-81.5045331402123, 28.3971263054222], [-81.5045701401289, 28.397073304763], [-81.5046521403326, 28.3969423049834], [-81.5047711404527, 28.3967563053512], [-81.5049871405713, 28.3963783049099], [-81.5050011403209, 28.3963543046963], [-81.5050441405151, 28.3962753046303], [-81.5050891399024, 28.3961853049537], [-81.5051571403556, 28.396050304989], [-81.5052151403454, 28.3959363050988], [-81.5053501403051, 28.3956403048636], [-81.5053691402861, 28.3955993047611], [-81.5054071402477, 28.3955003046674], [-81.5054291403672, 28.3954383044907], [-81.5054951407259, 28.3952553049989], [-81.5055181399926, 28.3951943048685], [-81.5055731407412, 28.3950433041625], [-81.5055811402122, 28.3950163047093], [-81.5057091407432, 28.3946213043816], [-81.5057501408424, 28.3944773040004], [-81.5058031405979, 28.3942963046017], [-81.5058321401417, 28.3941963044619], [-81.505859140491, 28.394063304591], [-81.5059191405677, 28.3937733046359], [-81.5059841408724, 28.3933583042819], [-81.5059901402503, 28.3933243045042], [-81.5060131404116, 28.3931213040865], [-81.5060151405036, 28.3930953037805], [-81.5060251400657, 28.393018303808], [-81.5060281402041, 28.3929933044477], [-81.5060481402221, 28.392667303724], [-81.5060601407732, 28.3924923037052], [-81.5061171406938, 28.3916923034906], [-81.5061411399981, 28.3913673037125], [-81.5061811400444, 28.391025303146], [-81.50624614034, 28.3903393037193], [-81.5062681404502, 28.3899953030605], [-81.5062911406068, 28.3896523033473], [-81.5063101405852, 28.3895313031336], [-81.506343140308, 28.3892313027156], [-81.506377140065, 28.3885653033175], [-81.5063871405129, 28.388080302418], [-81.5063841403577, 28.3875953024181], [-81.5063671404519, 28.3871093023723], [-81.5063381399903, 28.3866513027254], [-81.5063361398966, 28.3866253024195], [-81.506336139893, 28.3865173028089], [-81.5063191399953, 28.3862733022901], [-81.5062931405816, 28.3860993023187], [-81.5062551406112, 28.3859273024402], [-81.5062221399743, 28.3857823020146], [-81.5060861399529, 28.3856203026023], [-81.5058191401057, 28.3841943021551], [-81.5057531397314, 28.3839063022959], [-81.505707140288, 28.3837053019726], [-81.5055841399581, 28.3831673013176], [-81.505323139496, 28.3819213011206], [-81.5050971397641, 28.3808373012378], [-81.5050711394508, 28.3806533008027], [-81.5050261400497, 28.3803273009801], [-81.5047941400394, 28.3792443011439], [-81.5047501397871, 28.3789693009874], [-81.5047041394417, 28.3786853004138], [-81.5046721397487, 28.3784853001365], [-81.5046451393891, 28.3783083009253], [-81.5045511395073, 28.3778163006033], [-81.5045441391806, 28.3777593006591], [-81.5044561395823, 28.3774213002813], [-81.5042141391072, 28.376314300232], [-81.5041001391922, 28.3756943002722], [-81.5039121394269, 28.3746613000546], [-81.5038241389242, 28.3741712998251], [-81.5035661395457, 28.3742842996742], [-81.5033131386001, 28.3743822997271], [-81.503161138743, 28.3744422998145], [-81.5029191392052, 28.37448129983], [-81.5028271385337, 28.3744982997212], [-81.5025581386428, 28.3745522995334], [-81.5022031383594, 28.3746413000711], [-81.5019691382945, 28.3747092996321], [-81.5017791384738, 28.3748062996371], [-81.5015971381255, 28.3749153001981], [-81.5014781389011, 28.3749972995058], [-81.5014251382416, 28.3750352994701], [-81.501263138822, 28.3751663001511], [-81.5009871386131, 28.3754252995741], [-81.5009591382149, 28.3754813003721], [-81.5008651383537, 28.3756123001521], [-81.5007811380574, 28.3757493002099], [-81.5007081382717, 28.3758903004528], [-81.5006461380974, 28.376036300028], [-81.5005951384335, 28.3761842996954], [-81.5005621387051, 28.3763133002804], [-81.4932681365657, 28.3762953005345], [-81.4872741344996, 28.3762823000874], [-81.48726713415, 28.3755353005326], [-81.4872451340174, 28.3752033004312], [-81.4871941343335, 28.3747472999783], [-81.4871371343749, 28.3744033002208], [-81.4869961341055, 28.3737572999556], [-81.486794134592, 28.372791299247], [-81.4867511343893, 28.3726112998971], [-81.4866801337803, 28.3722472992129], [-81.48665313432, 28.3720652997699], [-81.4866141342966, 28.3716972997988], [-81.486595134302, 28.3713292989278], [-81.4865931342031, 28.3711452993914], [-81.4865971343826, 28.3709602989092], [-81.486629134058, 28.3706312989454], [-81.4866731342903, 28.3703022989814], [-81.4867291341803, 28.3699762991561], [-81.4867981337742, 28.3696502993305], [-81.4869181339305, 28.3691512986784], [-81.4869901336622, 28.368782298658], [-81.4870331338499, 28.3685082985456], [-81.4870681345657, 28.3682322983407], [-81.4870931339181, 28.3679562981362], [-81.4871051344522, 28.3672702987107], [-81.4871091337314, 28.3670542985901], [-81.4871171340069, 28.3641662978111], [-81.4871211341354, 28.3624402969395], [-81.4871281334884, 28.3602502970413], [-81.4871291335296, 28.3600932969579], [-81.4871321336563, 28.359715296522], [-81.4871391339599, 28.3590732964384], [-81.4871331336652, 28.3585842962531], [-81.4871341337007, 28.3582542962438], [-81.4864471332938, 28.3581852957609], [-81.4844931334397, 28.3579342958672], [-81.48292613266, 28.3577152965475], [-81.4781161315584, 28.3570722965423], [-81.4772291308593, 28.3568772965189], [-81.4756501304124, 28.3563672963001], [-81.4745091296102, 28.3559542960701], [-81.473442129544, 28.3555412958381], [-81.4720461294955, 28.355032295661], [-81.4708461286532, 28.354615295247], [-81.4700891285891, 28.3543672954613], [-81.4693451282321, 28.3542102953972], [-81.4686661281961, 28.3541322953961], [-81.4686671282339, 28.3538712958875], [-81.4685951282699, 28.3472182941459]]]}}, {"type": "Feature", "properties": {"district": 5, "county": "orange"}, "geometry": {"type": "Polygon", "coordinates": [[[-81.4760671382649, 28.5774983497142], [-81.4754851373374, 28.5775133495255], [-81.4740201377015, 28.5775303494527], [-81.4731211373517, 28.5775463493187], [-81.472903137128, 28.5775543496953], [-81.471374136321, 28.5775773499023], [-81.4713011365307, 28.5775793490976], [-81.4703401360018, 28.5775973490579], [-81.4699681358261, 28.5776043493922], [-81.4680391353423, 28.5776283496561], [-81.4677541356067, 28.5776363491351], [-81.46629813549, 28.5776813494607], [-81.4653371349613, 28.5777053496992], [-81.4652491344749, 28.5777083498406], [-81.4645181347272, 28.5777343492664], [-81.4644101342121, 28.5777383494546], [-81.4630671339436, 28.5777923492952], [-81.4629551341426, 28.5778053499007], [-81.4621761339658, 28.5778273500418], [-81.4619211338237, 28.5778353495199], [-81.461440133986, 28.5778533494677], [-81.460982133417, 28.5778723494612], [-81.4600971337173, 28.577900349883], [-81.4596661335019, 28.577914349644], [-81.4593981327561, 28.5779133496047], [-81.4585801325674, 28.5779123495798], [-81.4583561329643, 28.5779123495857], [-81.458266132385, 28.5779123495881], [-81.4577801323146, 28.5779103495081], [-81.4572251326394, 28.577907350283], [-81.457037132009, 28.5779073502879], [-81.4562291322839, 28.5778943497065], [-81.4554831318387, 28.5778823500692], [-81.4545181320231, 28.5778873503263], [-81.4543641311718, 28.5778883503767], [-81.4540451316568, 28.5778903495784], [-81.4528241307524, 28.5778753498145], [-81.4518071312214, 28.5778773499339], [-81.4514941310854, 28.5778763498958], [-81.4507211302869, 28.5778753498697], [-81.4500111306137, 28.5778813501665], [-81.4491341303852, 28.5778893505604], [-81.4484641298702, 28.5778953499568], [-81.4478221297548, 28.5778853504094], [-81.4474381299211, 28.5778803501877], [-81.447273129459, 28.5778903497563], [-81.4462911288552, 28.5779203502735], [-81.4452741293241, 28.5779153500684], [-81.4447021288603, 28.5779203503152], [-81.4443171289803, 28.5779203503253], [-81.4440041288438, 28.5779053505375], [-81.443160128348, 28.5779103498921], [-81.4426911281678, 28.5779263506461], [-81.4423321276959, 28.5779283507482], [-81.4420901281568, 28.577930349948], [-81.4420171283666, 28.577936350228], [-81.4412781282464, 28.5779273507296], [-81.4409401278499, 28.5779373503027], [-81.4408411277523, 28.5779363502589], [-81.4407791275734, 28.5779463507242], [-81.4407261278117, 28.5779413504937], [-81.4396271271735, 28.5779463507544], [-81.4394811275929, 28.5779503500443], [-81.4386621273579, 28.5779553502976], [-81.4385341268134, 28.5779413505513], [-81.4375651268108, 28.5779083508457], [-81.4366331267271, 28.5778923501284], [-81.4358261261468, 28.5778093507987], [-81.435510125873, 28.5778503509089], [-81.4353911257475, 28.5778783504114], [-81.4350901261708, 28.577951350206], [-81.4347901257413, 28.5780253509462], [-81.4347671255733, 28.5780263500939], [-81.434717125951, 28.5780263500952], [-81.434499125727, 28.5780283501936], [-81.4344271259831, 28.5780293502419], [-81.4343151261815, 28.5780293502448], [-81.434198126148, 28.5780303502943], [-81.4339791258776, 28.5780323503927], [-81.4338681252232, 28.578033350442], [-81.433433125721, 28.5780363505925], [-81.4332801258155, 28.5780383506892], [-81.4321291254627, 28.5780593507936], [-81.4320611250051, 28.5780613508881], [-81.4319221248499, 28.5780633509844], [-81.4316951251077, 28.5780663502301], [-81.4316231253637, 28.578066350232], [-81.4315861245461, 28.5780673502793], [-81.4314081252791, 28.5780703504231], [-81.4313371246822, 28.5780713504713], [-81.4312321252055, 28.5780723505205], [-81.4309181250233, 28.5780763507141], [-81.4308141246937, 28.5780783508096], [-81.4307461251354, 28.5780783508113], [-81.4306511243241, 28.5780783508138], [-81.4301641242074, 28.5780803509193], [-81.4300021247835, 28.5780813509699], [-81.4299261248539, 28.5780813509719], [-81.4297021243515, 28.5780813509778], [-81.4296831243691, 28.5780813509783], [-81.4296271244683, 28.5780823510262], [-81.4295671243819, 28.5780823510277], [-81.4294041240123, 28.5780833510783], [-81.4293311242219, 28.5780833510802], [-81.4292621246172, 28.5780833510821], [-81.4292101240028, 28.5780833510834], [-81.4288501243839, 28.578090350518], [-81.4287461240543, 28.5780933506598], [-81.4287311242575, 28.5780933506602], [-81.4286651238927, 28.578093350662], [-81.4284671236975, 28.5780933506672], [-81.4284021242784, 28.5780943507153], [-81.4281901243329, 28.5780943507208], [-81.4275581237825, 28.5780953507838], [-81.4273471238833, 28.5780963508357], [-81.4269331235567, 28.578089350522], [-81.4268121233374, 28.5780873504325], [-81.4256911234769, 28.5780923506937], [-81.4252771231505, 28.5780943507973], [-81.4247261227618, 28.5780963509045], [-81.4235051227573, 28.5781023512147], [-81.4230761226342, 28.5781023512259], [-81.4225261222917, 28.5781023512404], [-81.4220431223606, 28.5781023512531], [-81.4217171225206, 28.5781023512616], [-81.420594121668, 28.5781083506699], [-81.4201121217834, 28.578112350868], [-81.419965121257, 28.5781133509182], [-81.4195491217371, 28.5781143509755], [-81.4195271216155, 28.5781153510224], [-81.4193811211355, 28.578117351119], [-81.4193031211131, 28.578117351121], [-81.41907912151, 28.5781183511732], [-81.4189961212556, 28.5781193512217], [-81.4189671217085, 28.5781193512225], [-81.4188811213149, 28.5781193512248], [-81.4188531209148, 28.5781193512255], [-81.4188251214141, 28.5781193512262], [-81.4187441212524, 28.5781193512284], [-81.4187171208988, 28.5781203512755], [-81.4186651211837, 28.5781203512768], [-81.4185121212781, 28.5781203512809], [-81.4184611216094, 28.5781213513285], [-81.4183171212222, 28.5781213513323], [-81.417924120971, 28.5781233514354], [-81.4178851209598, 28.5781233514364], [-81.417742120619, 28.5781253506335], [-81.417482121144, 28.5781263506867], [-81.4167041210129, 28.5781303508926], [-81.4165371204577, 28.5781313509433], [-81.4165141202896, 28.5781313509439], [-81.4165161203743, 28.5778873513241], [-81.4165161203672, 28.5776763505362], [-81.4164881208379, 28.5768313509363], [-81.4164561202387, 28.5764293502884], [-81.4163871206058, 28.5755933502074], [-81.4163671205669, 28.5752913505975], [-81.416379120202, 28.5746253503011], [-81.4162561207173, 28.5724903493601], [-81.4160951204036, 28.5713923497267], [-81.4159971203363, 28.5709163492475], [-81.4158941200363, 28.5704163494546], [-81.4158361200331, 28.5701333489278], [-81.4157661203736, 28.5698843490782], [-81.4157381199702, 28.5697843489399], [-81.4157261203105, 28.5697203486714], [-81.4156451201341, 28.5692803489613], [-81.4155711202835, 28.5688693487966], [-81.4153551201259, 28.568085348432], [-81.4153511199397, 28.5680683485433], [-81.4151591199937, 28.5672023488735], [-81.4150611199175, 28.566457348515], [-81.4151001199009, 28.5656333480881], [-81.4154341200679, 28.5643193474219], [-81.4157081201524, 28.5631223476845], [-81.4157281201384, 28.5618473470358], [-81.4155121199742, 28.5608673465786], [-81.4153751198966, 28.560415347213], [-81.4153261194175, 28.5603003463799], [-81.4152171197465, 28.5600443471061], [-81.4150721192999, 28.5596593463499], [-81.4148171191334, 28.5589433464405], [-81.4145301192764, 28.5581033461797], [-81.4142531189854, 28.5573013458816], [-81.4141311196048, 28.5568773460148], [-81.4140241191207, 28.55642234561], [-81.4139441189852, 28.555821345631], [-81.4139531193987, 28.5556963461315], [-81.4139881192084, 28.5552243458343], [-81.4140041190206, 28.5543033454079], [-81.4139881191507, 28.5535063453347], [-81.413971119242, 28.5529383450852], [-81.413964118909, 28.5526963446591], [-81.4138351192179, 28.5526973447088], [-81.4136981191555, 28.5526983447587], [-81.4123581181254, 28.5527093453038], [-81.4108371176893, 28.552725345186], [-81.4087711171425, 28.5527373448971], [-81.407650117282, 28.5527453452973], [-81.4072871166247, 28.5527543448247], [-81.4072271174377, 28.552756344919], [-81.4058961168261, 28.5527933448704], [-81.4056971165846, 28.5527963450147], [-81.40569911668, 28.5528733449867], [-81.4057101162916, 28.5528873456355], [-81.4057111163393, 28.5529263456447], [-81.4049661168401, 28.5529213454324], [-81.4044911163814, 28.5529383453336], [-81.404149115799, 28.5529383453426], [-81.404049116553, 28.5529003453823], [-81.4040101165418, 28.5529013454297], [-81.4036451157914, 28.5529023454856], [-81.4028871156891, 28.5529043455982], [-81.4026111154716, 28.5529083448915], [-81.4025601158029, 28.5529083448928], [-81.401595115088, 28.5529203454744], [-81.400606115058, 28.5529293450182], [-81.40019811501, 28.552932345168], [-81.3980431148299, 28.5529493451132], [-81.3974551145224, 28.5529393455643], [-81.3971761141655, 28.5529383455253], [-81.3968601138902, 28.5529373454872], [-81.3963411140872, 28.5529403456399], [-81.3960631137768, 28.5529423457399], [-81.3959811135688, 28.5529433457884], [-81.3957361138907, 28.5529503452199], [-81.3956551137292, 28.5529533453611], [-81.3956311135148, 28.5529543454082], [-81.3955591137709, 28.5529563455027], [-81.3955351135565, 28.5529573455498], [-81.3955171136205, 28.5529573455502], [-81.3954671139982, 28.5529583455979], [-81.3954501132093, 28.5529593456447], [-81.3952951132111, 28.5529633458341], [-81.3951391131665, 28.552969345217], [-81.3948321133089, 28.5529703452715], [-81.394678113357, 28.5529713453219], [-81.3944051132786, 28.5529723453753], [-81.3935891131829, 28.5529783456749], [-81.3933171131509, 28.5529803457747], [-81.3929691131894, 28.5529823458765], [-81.3920911129144, 28.5529893453247], [-81.3919281125448, 28.5529913454217], [-81.3915821126763, 28.5529973457089], [-81.3914511128923, 28.5529973457123], [-81.3910591126876, 28.553001345908], [-81.3909291120508, 28.5530033460042], [-81.3899191119453, 28.5530073453167], [-81.3891301122027, 28.5529973457731], [-81.3890711121626, 28.5529963457284], [-81.3888941120425, 28.5529943456403], [-81.3888361120489, 28.5529943456418], [-81.3887511117017, 28.5529933455977], [-81.3884961115593, 28.5529933456043], [-81.3884121112584, 28.5529933456065], [-81.3882611114456, 28.5529923455641], [-81.3881071114936, 28.5529923455681], [-81.3878081111078, 28.5529863452979], [-81.3876581113414, 28.5529843461084], [-81.3875501117253, 28.5529813459722], [-81.3872261110785, 28.5529723455634], [-81.3871191115089, 28.5529703454736], [-81.3869101108032, 28.5529693454326], [-81.386635110632, 28.5529683453935], [-81.3862851105776, 28.5529713455418], [-81.3860771108178, 28.5529733456399], [-81.3858191105363, 28.5529783458784], [-81.3854701105285, 28.5529863453592], [-81.3850451105914, 28.5529983459265], [-81.3847881103564, 28.5530063454048], [-81.3846671101372, 28.5530083455007], [-81.3843051104256, 28.553016345881], [-81.3841851102529, 28.5530193460232], [-81.3838511100417, 28.5530233462174], [-81.3836841103845, 28.5529833461662], [-81.3833371104687, 28.5529643461938], [-81.3831021103555, 28.552979345996], [-81.3827021097804, 28.5530063454594], [-81.382490109835, 28.5530123457432], [-81.3826431097196, 28.5523873455448], [-81.3827161094925, 28.551869345812], [-81.3827301101269, 28.5514113452649], [-81.382723109794, 28.5511723449778], [-81.3826571093883, 28.5499563452677], [-81.3826361101934, 28.5493903451109], [-81.3825661095791, 28.5474923443629], [-81.382537110005, 28.5466873439191], [-81.3825361099564, 28.5466213444569], [-81.3825241093821, 28.5461033438271], [-81.382517109944, 28.5457303445228], [-81.3824841092588, 28.5441493440795], [-81.3824671093596, 28.5438633434126], [-81.382405109143, 28.5427483429883], [-81.3824181097218, 28.5420203434149], [-81.3824091092859, 28.5414773434247], [-81.3824151095579, 28.541284343471], [-81.3824171096487, 28.5412253434339], [-81.382414109489, 28.5406153430356], [-81.3824141094881, 28.5405863425906], [-81.3824141094829, 28.5404333426927], [-81.3824161095696, 28.540252342396], [-81.3824201097545, 28.540228343082], [-81.3824481092415, 28.5398213431001], [-81.3824901093637, 28.5389793427378], [-81.3825401089661, 28.5383853421805], [-81.3825411090119, 28.5383663421991], [-81.3825431091032, 28.5383213419116], [-81.3825451091952, 28.5382993426904], [-81.3825461092411, 28.5382813427553], [-81.3825521095168, 28.5382003425976], [-81.3825531095625, 28.5381793425233], [-81.3825501094227, 28.5381613425884], [-81.3825591089376, 28.5380593423564], [-81.382580109007, 28.5378873424765], [-81.382606109307, 28.5376723424017], [-81.3826731097054, 28.5372883416863], [-81.3827281095514, 28.5370393418333], [-81.3827491096239, 28.5369583416752], [-81.3828661096449, 28.5365803421359], [-81.3829451097054, 28.536334341522], [-81.3829951093226, 28.5361813416228], [-81.3830151093493, 28.5361183413998], [-81.3830581095408, 28.5359603421683], [-81.383247109303, 28.5355013415702], [-81.3833251093201, 28.5353453415311], [-81.3833501095794, 28.5352983411504], [-81.383456109096, 28.5351023419543], [-81.3831741094992, 28.5351033411087], [-81.3828201092593, 28.5351043411644], [-81.3826241091569, 28.5351043411695], [-81.3816071087265, 28.5351083413815], [-81.3813001088694, 28.5351213419922], [-81.3806911084874, 28.5351343417114], [-81.3800221089215, 28.5352403412468], [-81.3796961081842, 28.5353003413387], [-81.3788871084181, 28.5354513420644], [-81.3782531077831, 28.5356983418399], [-81.3780541075431, 28.5357473414185], [-81.3776671075736, 28.535845341475], [-81.3776181079967, 28.5358173419769], [-81.3775301075081, 28.5357543417567], [-81.3774501073905, 28.5356823420185], [-81.3773791076903, 28.5356043420018], [-81.3773191076012, 28.5355223417995], [-81.3772451077602, 28.5353963413564], [-81.3771831075766, 28.535266341627], [-81.3771331079497, 28.5351313416655], [-81.377104107495, 28.5348853419538], [-81.3770271075138, 28.5347293419188], [-81.376867107273, 28.5344233412277], [-81.3767691072124, 28.5341403416013], [-81.3766261077528, 28.5336023409471], [-81.3765731070667, 28.5328513412084], [-81.3765241074736, 28.5323393408577], [-81.3764701076401, 28.5315783406555], [-81.376529107666, 28.5311583409694], [-81.376514106958, 28.5308013406084], [-81.3765141069527, 28.5306433404786], [-81.3765151069878, 28.5303093402841], [-81.3764951069209, 28.5291723406375], [-81.3764941068736, 28.5291443402388], [-81.3764921076773, 28.5290603399422], [-81.3764921076764, 28.5290333404893], [-81.3764891075347, 28.5289613398496], [-81.3764811071563, 28.5287473398222], [-81.3764791070611, 28.5286763401282], [-81.3764741077233, 28.5285243402767], [-81.3764611071047, 28.528068339823], [-81.376457106914, 28.5279173400179], [-81.3764521075671, 28.527493340148], [-81.3764681073892, 28.5268623396751], [-81.3764731076061, 28.5264133395453], [-81.3764761068298, 28.5259313396846], [-81.3764571068219, 28.5251683393887], [-81.3764401069176, 28.5247313389166], [-81.3764381068201, 28.5245893395286], [-81.376433107464, 28.5238913386482], [-81.376430107313, 28.5235413386114], [-81.3764151074962, 28.5229453388624], [-81.376409107197, 28.5223243388535], [-81.3764111072803, 28.5220393382325], [-81.3764111072777, 28.5219633383067], [-81.3764091071594, 28.5212013380568], [-81.3764061070182, 28.5211433380661], [-81.3763871070213, 28.5207103386787], [-81.3763741073017, 28.5202443377614], [-81.376369107064, 28.5200743379748], [-81.3763681070172, 28.5200623383179], [-81.3763651068597, 28.5195163381884], [-81.3763651068536, 28.5193343378455], [-81.3763711071014, 28.5184203377437], [-81.3763721071433, 28.5182843377345], [-81.3763661068392, 28.5175193373456], [-81.3763521070887, 28.5175163372069], [-81.3763661068387, 28.5175033375032], [-81.3763631066685, 28.5165813370309], [-81.3763651067329, 28.5157313371981], [-81.3763631066335, 28.5155363371519], [-81.3763601064748, 28.5149553371986], [-81.376359106422, 28.5147613371987], [-81.3763551071297, 28.5145833370412], [-81.3763441066014, 28.5140503366152], [-81.3763411064562, 28.5138733365041], [-81.3763381063106, 28.513681336597], [-81.3763361071115, 28.5135143369495], [-81.3763231064946, 28.5131083361156], [-81.3763181071555, 28.5129173362548], [-81.3764451067537, 28.512913336066], [-81.37653610648, 28.512911335971], [-81.3768281065406, 28.5129063366309], [-81.3769561070847, 28.5129053365812], [-81.3770051066606, 28.5129043365336], [-81.3771541072798, 28.512902336437], [-81.3772041069022, 28.5129023364356], [-81.3772181066525, 28.5129013363889], [-81.3772631069421, 28.5129013363878], [-81.3772781067389, 28.5129013363874], [-81.3773091072781, 28.5129003363402], [-81.3774041071901, 28.5128993362913], [-81.3774361068765, 28.5128993362905], [-81.3774731067948, 28.5128983362432], [-81.3775871066891, 28.5128963361475], [-81.3776251066539, 28.5128963361465], [-81.3778471070634, 28.5128923359553], [-81.3785141074392, 28.51288333642], [-81.3787371069958, 28.5128813363214], [-81.3789021074582, 28.5128783361781], [-81.379397107946, 28.5128713358406], [-81.3795631075555, 28.5128693366429], [-81.3796461078099, 28.5128683365944], [-81.3798971077667, 28.5128683365878], [-81.3799811080675, 28.5128683365856], [-81.3800921078227, 28.5128683365827], [-81.3802371082564, 28.5128693366253], [-81.3804281081268, 28.5128693366203], [-81.3804921074995, 28.5128693366186], [-81.3805401079283, 28.5128693366174], [-81.3805331076026, 28.5128433363116], [-81.380515107664, 28.5127653362935], [-81.380509108284, 28.5127403360341], [-81.3804261080182, 28.5124003364629], [-81.38018010736, 28.5113813359969], [-81.3800981080399, 28.5110423355728], [-81.3800911077142, 28.5110143360736], [-81.3800701076362, 28.5109313358239], [-81.3800641073568, 28.5109043354717], [-81.3800401080384, 28.510806335426], [-81.3799691074317, 28.5105123352889], [-81.3799461072605, 28.5104153352896], [-81.3798901073519, 28.5101823352818], [-81.3798361075362, 28.5099533354595], [-81.3797521072239, 28.5096103357493], [-81.3797311080451, 28.5095213352214], [-81.3797221076262, 28.5094853353514], [-81.3796811075165, 28.5093173356585], [-81.3796651076712, 28.5092533353901], [-81.3796431075466, 28.5091633357152], [-81.3795641074666, 28.5088293355227], [-81.3795421073407, 28.5087003349393], [-81.3795211072588, 28.5085003355611], [-81.3794041072088, 28.5080123354252], [-81.3792561075144, 28.507388335281], [-81.3790121069505, 28.506413335056], [-81.3785231066723, 28.5043653345596], [-81.3785101069666, 28.5043113338554], [-81.3782851072854, 28.5033673341676], [-81.3782631071616, 28.5033013338066], [-81.3782351067581, 28.5031973343822], [-81.3782171068204, 28.5031473338635], [-81.3782051071619, 28.5031203335115], [-81.3781921065575, 28.5030843336417], [-81.3781771067594, 28.5030433335401], [-81.3781481072093, 28.5029573340508], [-81.3780451069157, 28.5026463340258], [-81.3780191066061, 28.5025763334794], [-81.3779741072116, 28.5024513339814], [-81.3779381064354, 28.5023053335095], [-81.3778321068977, 28.5018703340317], [-81.3777971070673, 28.5017253336061], [-81.3777151068479, 28.5013873332283], [-81.3776311065355, 28.5010423334253], [-81.3774711062829, 28.500376333133], [-81.3773901070093, 28.5000393328015], [-81.3773411065273, 28.4998393334241], [-81.3773071067434, 28.4996963330912], [-81.3770721065971, 28.4987193327732], [-81.3770601060386, 28.4986703332], [-81.3769901063777, 28.4983783331556], [-81.3769781067185, 28.4983283326367], [-81.3769751065788, 28.4983163329798], [-81.37696610616, 28.4982803331099], [-81.3769631060203, 28.4982683325537], [-81.376941106795, 28.4981763327861], [-81.3767891060156, 28.4975523326419], [-81.3767791064494, 28.4975093324475], [-81.3766171061039, 28.4968423321089], [-81.3763551064999, 28.4957653325519], [-81.3762671060014, 28.4954043320073], [-81.3760931059967, 28.4946893321419], [-81.3759741058537, 28.494195331728], [-81.3756551062944, 28.4928713315143], [-81.3756171054251, 28.4927153314782], [-81.3754981061815, 28.4922223311106], [-81.3752681053687, 28.4912693310057], [-81.3748331058062, 28.4894673311196], [-81.3746841051671, 28.4888773307528], [-81.3745551054606, 28.4884173301166], [-81.374291104869, 28.4874743304761], [-81.3742161049771, 28.4872103299312], [-81.373991105301, 28.4864183300949], [-81.3739171054554, 28.4861543295499], [-81.3731981052796, 28.4836213290595], [-81.3722141044662, 28.4801543284464], [-81.3722331044485, 28.4801533283995], [-81.3722641040885, 28.4801533283987], [-81.3722931045349, 28.4801523283516], [-81.3723131045637, 28.4801523283511], [-81.3719711039435, 28.4790223281378], [-81.371638103742, 28.4779233284621], [-81.3715281040196, 28.4775143283909], [-81.3714401044215, 28.477185327531], [-81.37123410383, 28.4764373279353], [-81.3711601039932, 28.4764373279372], [-81.3711201039309, 28.4762963276972], [-81.3710021038368, 28.4758743279229], [-81.370963103821, 28.4757343277292], [-81.3708371042541, 28.4752863276492], [-81.3707991042848, 28.4751523277336], [-81.3707711038815, 28.4750533276417], [-81.3703031036922, 28.4734093269868], [-81.3701761031795, 28.4729613269068], [-81.3701721038922, 28.4729303272684], [-81.3701411033495, 28.4728283270375], [-81.3700881035819, 28.4726453266495], [-81.3699311034723, 28.4720963263849], [-81.3698791037511, 28.4719133268962], [-81.3698331034097, 28.4717543267213], [-81.3696981034242, 28.4712773261964], [-81.3696531031293, 28.4711193260678], [-81.369599103315, 28.4709303263011], [-81.3694381030193, 28.4703643261478], [-81.3693851032515, 28.4701763264274], [-81.3691221036063, 28.4692513258226], [-81.3691091030014, 28.4692033262957], [-81.3683441024831, 28.4664743257137], [-81.3680851030236, 28.4655493251087], [-81.3682631031899, 28.4655483250577], [-81.3684501028747, 28.4655483250528], [-81.3687971027897, 28.465543324812], [-81.3689761030025, 28.4655413247146], [-81.3692641028775, 28.465537325421], [-81.3701271033556, 28.4655283249813], [-81.3704161032772, 28.4655263248811], [-81.3707101034306, 28.465522324688], [-81.3715951040304, 28.4655133251471], [-81.3718901042303, 28.4655113250467], [-81.3736941043097, 28.4654953251573], [-81.3739641042489, 28.4654933250576], [-81.3760231053699, 28.4654753250688], [-81.3761001053459, 28.4654743250205], [-81.3773651055936, 28.465464324524], [-81.3796221060104, 28.4654443244373], [-81.3798751060599, 28.4654413251911], [-81.3804021062341, 28.4654353248992], [-81.3819831067568, 28.4654193250156], [-81.3825111069774, 28.4654153248164], [-81.3842631073417, 28.4654023250674], [-81.3844281078041, 28.4654013250168], [-81.3871621078735, 28.4653733245469], [-81.3874821083342, 28.4653693243532], [-81.3892581089128, 28.4653523244182], [-81.3893711087607, 28.4653503243225], [-81.3897121092966, 28.4653463241282], [-81.3898261091909, 28.4653463241252], [-81.3900451094613, 28.4653433248798], [-81.3907031094194, 28.4653363245381], [-81.3909231097362, 28.4653353244861], [-81.3915581095263, 28.4653293241914], [-81.3919841095102, 28.4653253248942], [-81.3934631097958, 28.4653043247815], [-81.3940981104851, 28.4652963243941], [-81.3944261104179, 28.4652943242928], [-81.395455110505, 28.4652703240527], [-81.3958081106982, 28.4652563242939], [-81.3966571114262, 28.4652563242718], [-81.3967741114598, 28.4652593244078], [-81.3968771108438, 28.4652623245442], [-81.3969631112374, 28.4652593244029], [-81.3970721108817, 28.4647163244095], [-81.3971551111176, 28.4641633239531], [-81.3971201112803, 28.4638113238243], [-81.3972111109914, 28.4633543242207], [-81.3972741112088, 28.4631093236536], [-81.3972881109573, 28.4630523237089], [-81.3979911111139, 28.460312323478], [-81.3981581116504, 28.4597483234089], [-81.3987811117065, 28.457450322086], [-81.3992741111467, 28.455779321953], [-81.399675111719, 28.45427532147], [-81.3999211114151, 28.4534183213063], [-81.4002861112253, 28.4521893209818], [-81.4004181119502, 28.4520443214512], [-81.4005221113689, 28.4516963206049], [-81.4007351113373, 28.4509893211001], [-81.4008551114968, 28.4505893205408], [-81.4009231119469, 28.4503633208543], [-81.4009571117224, 28.4502503210111], [-81.400972111517, 28.4501893208809], [-81.4011251114023, 28.449578320432], [-81.4012121118308, 28.4492303204855], [-81.4016311123356, 28.4476233197239], [-81.4016531115561, 28.4475693199181], [-81.4016761117217, 28.447494320038], [-81.4018891116888, 28.4467483196247], [-81.4025291116362, 28.4445013188667], [-81.4028081119572, 28.4434243192954], [-81.4028531122424, 28.4432923185711], [-81.4033441124917, 28.441697318364], [-81.4035991126021, 28.4407373179217], [-81.4037831121293, 28.4401863184548], [-81.4039211122165, 28.4395383180897], [-81.4041021124988, 28.4388373179646], [-81.4043221127789, 28.4377333171432], [-81.4044261121912, 28.4371933172889], [-81.4044881123556, 28.4367463172503], [-81.4045171127932, 28.4364813175555], [-81.4046061124098, 28.4359743174328], [-81.4046911127255, 28.4350263166519], [-81.4047501127497, 28.4345493170213], [-81.4047571121731, 28.4344883168914], [-81.4048881128557, 28.4344663167674], [-81.404992112285, 28.4344363162733], [-81.4051691124035, 28.434392316927], [-81.4059361129157, 28.4341583168514], [-81.4084751138076, 28.4335113164703], [-81.408776113385, 28.4334573166572], [-81.4090201139139, 28.4333893161966], [-81.4092941140347, 28.4332703160689], [-81.4105461136634, 28.4327893162219], [-81.4116741147302, 28.4322523155807], [-81.4123961149475, 28.4318603162759], [-81.4130751149679, 28.4314653159338], [-81.4135891145276, 28.4311233153549], [-81.4138031145616, 28.4309913155255], [-81.4145701150624, 28.4304143157375], [-81.415487115322, 28.4296103153151], [-81.4163081156229, 28.4287983154237], [-81.4167571157581, 28.428296314624], [-81.4172931154298, 28.4276653150366], [-81.4175961159861, 28.427216314899], [-81.4181651162828, 28.4263733144764], [-81.4184901160596, 28.4258703145329], [-81.418816115882, 28.4253433143762], [-81.4193811159947, 28.4245463142874], [-81.4199001166783, 28.4239813141628], [-81.4203951162517, 28.4235243136493], [-81.4206971167686, 28.4232843133077], [-81.4211691170772, 28.4229433136756], [-81.4216421165345, 28.4226493135243], [-81.4219821170187, 28.422486313154], [-81.4225011168133, 28.4222313130107], [-81.4226561168096, 28.4221693128305], [-81.4227081174233, 28.4221463135616], [-81.4229421174872, 28.4220463134164], [-81.4233611171403, 28.4218673132016], [-81.4243981175897, 28.4215733130356], [-81.4250331182752, 28.4214493126668], [-81.4254821175252, 28.4213713126367], [-81.426442118006, 28.4213023130103], [-81.4271391188745, 28.4212943126214], [-81.4276261189915, 28.4213003128869], [-81.4282771186252, 28.4213093132871], [-81.4285751189643, 28.421305313094], [-81.4292981192415, 28.4213203128712], [-81.4315371197222, 28.4213023128779], [-81.4336261204362, 28.421274312425], [-81.435526120474, 28.421266312904], [-81.4365371215244, 28.4212443127572], [-81.4368871215785, 28.4212363123773], [-81.4371241217849, 28.4212373124175], [-81.4376311219306, 28.4212403125434], [-81.4377561214361, 28.4212413125865], [-81.4394011222308, 28.4212323130259], [-81.4406331227455, 28.4212203124376], [-81.4418701225931, 28.4212193123591], [-81.4425741228873, 28.4212143121089], [-81.4426051225272, 28.4212143121081], [-81.4426451225848, 28.4212143121071], [-81.4427861228328, 28.4212133129564], [-81.4434321231334, 28.4212103128005], [-81.4452131239447, 28.4212213123648], [-81.447565124272, 28.421163312313], [-81.4481151246152, 28.421190312651], [-81.4490161250578, 28.4211743127852], [-81.4506241250341, 28.4211473123911], [-81.4526201259293, 28.4211323125432], [-81.4533431262068, 28.4211533125985], [-81.4540761260471, 28.4211213119954], [-81.4542921261783, 28.4211213119897], [-81.4545921266103, 28.4211223120283], [-81.4556161264662, 28.4211263121871], [-81.4565961269779, 28.4211213119298], [-81.4585731278909, 28.4211123123605], [-81.459626128193, 28.4211113122868], [-81.4598821283817, 28.4211063120484], [-81.4630771291586, 28.4210573123918], [-81.4649881297066, 28.4210453117858], [-81.466681130031, 28.4210453117418], [-81.4670931302646, 28.4210453117311], [-81.467632130097, 28.4210623116058], [-81.467875130582, 28.421069311924], [-81.4692171308098, 28.4211913121487], [-81.4702901311461, 28.4213523114903], [-81.4705951309129, 28.4214133116121], [-81.4709001315789, 28.4214733116876], [-81.4712531308756, 28.4215493116043], [-81.4719191312102, 28.4217023114849], [-81.4727341321654, 28.42189731151], [-81.4732711319087, 28.4220263120802], [-81.4734071319254, 28.4220483121971], [-81.4735151315417, 28.4220583117586], [-81.4736671323003, 28.42206231194], [-81.4738191321591, 28.4220533115189], [-81.474090132143, 28.4220043119383], [-81.4742291322968, 28.4219623117864], [-81.4742811320114, 28.4219463119426], [-81.4743941318575, 28.4218913120881], [-81.4743971320037, 28.422100311884], [-81.4743851323757, 28.422987312533], [-81.4743831322906, 28.4232183124496], [-81.4743751319825, 28.4251173123474], [-81.4743681325877, 28.4260403128666], [-81.4744061325805, 28.4268813131806], [-81.4744361322808, 28.4300863142638], [-81.474454132353, 28.4341773150503], [-81.4744501331166, 28.4356743151984], [-81.4750151332551, 28.4356563152485], [-81.475010133045, 28.4363173153134], [-81.4749961333609, 28.4383033156469], [-81.4749921331973, 28.4389653157581], [-81.474990133118, 28.4393703156468], [-81.4749881330604, 28.4404283161286], [-81.4749861329729, 28.4405853162121], [-81.4749821328008, 28.4409913161472], [-81.4749791326705, 28.4412603169259], [-81.4749781326284, 28.4413893166107], [-81.4749771326219, 28.4425863172408], [-81.4749771326352, 28.4429863168977], [-81.4749761335093, 28.4436183174167], [-81.4749841330276, 28.4450113172399], [-81.4749981327828, 28.4451543175733], [-81.4750231330483, 28.4452953178136], [-81.4750591329248, 28.445434317961], [-81.4751061333119, 28.445571317116], [-81.4751641333099, 28.445704317884], [-81.4753121329921, 28.4459643173423], [-81.4754001334827, 28.4460883176923], [-81.4755041329168, 28.446204317671], [-81.475685133228, 28.4463703181669], [-81.4757971330325, 28.446459317793], [-81.4759781333421, 28.4465803180016], [-81.4761721333551, 28.4466833173753], [-81.4764601332356, 28.4468463177293], [-81.4767581335798, 28.4469963174805], [-81.4769991339769, 28.4471473181788], [-81.4771781341942, 28.447282318137], [-81.4772791334883, 28.4473743179025], [-81.4773891341003, 28.4474923179738], [-81.4774891342484, 28.4476153182771], [-81.4775731336538, 28.4477333183491], [-81.4776631342379, 28.4478783178738], [-81.4777351339865, 28.4480193181129], [-81.4777951340779, 28.4481673177775], [-81.477841134419, 28.4483203185737], [-81.4778711340178, 28.4484763186099], [-81.4778861338198, 28.4486333177936], [-81.4778911340715, 28.4492243182105], [-81.4778881339507, 28.4497773186647], [-81.4778831337218, 28.449869318433], [-81.477861134504, 28.4500053184427], [-81.4778501340013, 28.4502383184522], [-81.4777471337356, 28.450762318464], [-81.477690133798, 28.4510503192256], [-81.4776431343248, 28.4513473186056], [-81.4776191341219, 28.4516923193107], [-81.4776111337623, 28.4520413193016], [-81.4776041343771, 28.4532493195423], [-81.4776041343813, 28.453375319088], [-81.4776061344785, 28.4535083189581], [-81.4776081345762, 28.4536523193381], [-81.4776091346257, 28.453746319199], [-81.4776141339674, 28.4540163191246], [-81.4776251344927, 28.4544603199215], [-81.4776291346836, 28.4546163199584], [-81.4776291346863, 28.4546993193094], [-81.4776291346878, 28.4547433195505], [-81.4776291346922, 28.4548753193743], [-81.4776291346937, 28.4549193196153], [-81.4776291346955, 28.4549743194669], [-81.4776201342806, 28.4550563196711], [-81.477611133866, 28.4551473193932], [-81.4775751339997, 28.4553183201265], [-81.477530134614, 28.4554573202759], [-81.4775121346799, 28.4555153202671], [-81.4774851343287, 28.4555873200082], [-81.4774801340971, 28.4556003197116], [-81.4774001339873, 28.4557633200752], [-81.4773411339507, 28.4558623201695], [-81.4773091342658, 28.4559063204113], [-81.4772481341359, 28.4559943199957], [-81.4771261338751, 28.4561363202862], [-81.4769951340953, 28.4562613197889], [-81.4768361339156, 28.4563903203771], [-81.476521133695, 28.4566343200051], [-81.476507133945, 28.4566453205154], [-81.4762271335497, 28.4568803206246], [-81.4760571337591, 28.4570173206846], [-81.4756761340752, 28.4573273206759], [-81.4755531337668, 28.4574343202433], [-81.4754541336721, 28.457522320728], [-81.475397133727, 28.4575853200526], [-81.4753391337356, 28.4576503203693], [-81.475251133253, 28.4577653203067], [-81.4751831336981, 28.4578693206329], [-81.4751221335689, 28.4579773202451], [-81.4750691338111, 28.4580873208491], [-81.4750381332744, 28.458164320822], [-81.4750241335253, 28.4582013207389], [-81.4749861335643, 28.458316320675], [-81.4749561339747, 28.4584343207499], [-81.4749351339034, 28.4585523208246], [-81.4749221333042, 28.4586723209917], [-81.4749171339754, 28.4587923211587], [-81.4748981340403, 28.4602063210567], [-81.4748901336919, 28.4608923213812], [-81.474890133697, 28.4610453212791], [-81.4748921338052, 28.4615063210656], [-81.4748931338568, 28.4616603210099], [-81.4748931338618, 28.4618113217145], [-81.4748951339699, 28.4622663212229], [-81.4748961340213, 28.4624183219738], [-81.4748961340235, 28.4624823213433], [-81.4748961340299, 28.4626763213432], [-81.4748961340321, 28.4627413216584], [-81.4748961340333, 28.462778321575], [-81.4748961340348, 28.4628233218624], [-81.4748961340371, 28.4628923214637], [-81.4748961340384, 28.4629303214266], [-81.4748961340414, 28.4630203220014], [-81.4748961340504, 28.463290321927], [-81.4748961340534, 28.4633803216025], [-81.4748961340564, 28.4634703221773], [-81.4748961340624, 28.4636483223348], [-81.4748961340656, 28.4637433222421], [-81.474897134115, 28.4638343219639], [-81.4748971341177, 28.4639163221679], [-81.4748971341234, 28.4640853219082], [-81.4748971341261, 28.4641653220194], [-81.4748971341288, 28.4642483222697], [-81.4748971341339, 28.4644013221677], [-81.4749001333921, 28.4649483223436], [-81.4749151341583, 28.4670483225648], [-81.4749211335609, 28.4677493226849], [-81.474921133565, 28.4678723229908], [-81.4749221336158, 28.4680033227682], [-81.4750011336846, 28.4680043228125], [-81.4751011338286, 28.4680053228563], [-81.4791411351489, 28.4679893229085], [-81.4791641354394, 28.4716533236851], [-81.4789931355979, 28.4716543237359], [-81.4789961348559, 28.4721983237727], [-81.4790941349085, 28.4722403239185], [-81.4792471357141, 28.472262324035], [-81.4795541355734, 28.4723143237396], [-81.479624135225, 28.4723293235338], [-81.4798361351721, 28.4723773239547], [-81.4799071357695, 28.4723933237952], [-81.4803371359402, 28.4724273235615], [-81.480970135633, 28.472289323443], [-81.481037136043, 28.4722523235247], [-81.4810621354041, 28.4722403238671], [-81.4810531358913, 28.4724063234687], [-81.4810321358208, 28.4725463236638], [-81.4809921357677, 28.4726803235814], [-81.4808251361274, 28.4731463236041], [-81.4807771357017, 28.4732433245046], [-81.4807151355256, 28.473334324228], [-81.4806401356452, 28.4734173244803], [-81.4805461357823, 28.4734993237874], [-81.4804411354088, 28.4735713244298], [-81.4803371359803, 28.4736273243305], [-81.480209135438, 28.4736773239537], [-81.4797771351802, 28.4738133239742], [-81.4793261349404, 28.4739603245051], [-81.4792661357539, 28.473979324488], [-81.4789671353715, 28.4740743244031], [-81.4786901351105, 28.4741613239467], [-81.478465135464, 28.4742523245738], [-81.4778701348429, 28.4745793244594], [-81.4775861351587, 28.4747373245965], [-81.4773631347069, 28.4748623241016], [-81.4771281345979, 28.4749993241633], [-81.4769101343779, 28.4751153250497], [-81.4767441347707, 28.4751853247017], [-81.4767251347884, 28.475190324934], [-81.4765701347917, 28.4752393245115], [-81.4764321346839, 28.4752683249601], [-81.4764111346088, 28.4752713250998], [-81.4762901343901, 28.4752883249916], [-81.4760981344738, 28.4753003246536], [-81.4752351339955, 28.4752983245835], [-81.4750821340899, 28.4752973245411], [-81.47493313437, 28.4752973245449], [-81.4749371345634, 28.4755293245077], [-81.4749291342206, 28.4763833254254], [-81.4749271341344, 28.4765793246187], [-81.4749231339898, 28.4778083249335], [-81.4749211339095, 28.478180325091], [-81.4749201338721, 28.4784503259161], [-81.4749241340629, 28.4786053259066], [-81.4749401339106, 28.478740325869], [-81.4749881343504, 28.4790673257378], [-81.4750421341656, 28.4792863259959], [-81.4750471343983, 28.4793033258846], [-81.4751661345359, 28.4796383261224], [-81.4752111348296, 28.4797623255741], [-81.4753501340981, 28.4801383259134], [-81.4753961344383, 28.4802633263107], [-81.4753231346486, 28.4802843254875], [-81.4751051344269, 28.4803513259011], [-81.4750331346837, 28.4803733260235], [-81.474747134005, 28.4804603255674], [-81.47449913419, 28.480536326399], [-81.473894134, 28.4807363257935], [-81.4736041340345, 28.4808083264407], [-81.4731841334339, 28.4809353260437], [-81.4730511335586, 28.4809763261492], [-81.4727141341112, 28.4810863258612], [-81.4719371331364, 28.4813603259927], [-81.4715241337607, 28.4815073265225], [-81.4712151329144, 28.4816093267623], [-81.4711271333283, 28.4816393263567], [-81.4699451333488, 28.4820533266933], [-81.4695511330559, 28.4821923268519], [-81.4694021324384, 28.4822443265683], [-81.469255132813, 28.4822963262848], [-81.4689561324307, 28.4823943263388], [-81.4688071327124, 28.4824433268155], [-81.4684281322158, 28.4825673262784], [-81.4681971322899, 28.4826313265533], [-81.4679781320212, 28.4826813270781], [-81.467891132481, 28.4826953268301], [-81.4677651320305, 28.4827163269075], [-81.4674451324703, 28.4827563269715], [-81.4672901324723, 28.4827653264934], [-81.4668311318563, 28.4827663265518], [-81.4665791318532, 28.4827673266047], [-81.4657521321465, 28.4827773270899], [-81.4650451317145, 28.4828203264037], [-81.4649281316811, 28.4828283267776], [-81.4641861314225, 28.4828423265466], [-81.4640951316965, 28.4828503269199], [-81.4640491313606, 28.4828543271065], [-81.4640091313031, 28.4828583263936], [-81.4637071307785, 28.4828633266333], [-81.4630071306698, 28.4828613265589], [-81.4623231304044, 28.4828663268085], [-81.4616561309277, 28.4828633266869], [-81.460222130032, 28.4828663268634], [-81.4598821304419, 28.4828723271504], [-81.4589771298137, 28.4828893270627], [-81.4589721295922, 28.4832043272759], [-81.4590521297912, 28.485709327384], [-81.4590151299162, 28.4870053281075], [-81.4590211301977, 28.4870983279219], [-81.4590711298816, 28.4889363285873], [-81.4590561301095, 28.4896753286708], [-81.4590551300641, 28.4897053282629], [-81.4590511298836, 28.4898583290602], [-81.4590961302035, 28.4907623286971], [-81.4590651297387, 28.492987329318], [-81.4590951302626, 28.4939163292148], [-81.4591151303373, 28.4952863297699], [-81.4590731302096, 28.4959623305309], [-81.4590711301229, 28.4961463300673], [-81.4590841298331, 28.4963333306416], [-81.4590901301416, 28.4972303308543], [-81.459084129879, 28.497703330298], [-81.4590801305952, 28.4977783301775], [-81.4590921302578, 28.4979293308817], [-81.4590881300811, 28.4981953306221], [-81.4590761304405, 28.49870033065], [-81.4590871300669, 28.4991563311038], [-81.459123129985, 28.5005353311763], [-81.4591121304349, 28.5023583320472], [-81.4591111303972, 28.5026183315093], [-81.4591311304947, 28.5046663320176], [-81.4591041301727, 28.5056123327039], [-81.4591111305221, 28.5063453325086], [-81.4591231302033, 28.5070503328139], [-81.459131130579, 28.5071823326375], [-81.4591381309273, 28.5078843328038], [-81.4591271304281, 28.5082213331377], [-81.4591361308615, 28.5086893332484], [-81.45914213025, 28.5089693336375], [-81.4591401310602, 28.5090813334336], [-81.459167130562, 28.5104953333301], [-81.4591671305911, 28.5113643340435], [-81.459229130855, 28.5138913342723], [-81.459272131091, 28.5150593344559], [-81.4592761312967, 28.5156583352435], [-81.459282130688, 28.5160233350763], [-81.4592721311294, 28.5162033353268], [-81.4592931312465, 28.5174533357149], [-81.4592821307384, 28.5175263355019], [-81.4592821307897, 28.5190533352414], [-81.4592821307943, 28.5191923353897], [-81.4593031309228, 28.5207803361577], [-81.4592931314153, 28.5224863361013], [-81.4592831309694, 28.5230253368059], [-81.4593041310482, 28.5231343364622], [-81.4593211309586, 28.5237543364243], [-81.4593251311611, 28.5242573372583], [-81.4593321315347, 28.5257083370719], [-81.459365131311, 28.5270083379788], [-81.4593981310768, 28.5279913376806], [-81.4598491313211, 28.5279783379655], [-81.4598841311466, 28.5279773379182], [-81.4609441317733, 28.5279633381408], [-81.461722131904, 28.5279533376569], [-81.4623351324717, 28.5279463373163], [-81.4629421327612, 28.5279433380607], [-81.4631051322315, 28.5279433380564], [-81.4635991326728, 28.5279373377654], [-81.4645141328666, 28.5279473373056], [-81.4647641327768, 28.5279423379666], [-81.4649151325894, 28.5279393378236], [-81.4650961328945, 28.5279223379301], [-81.4651291326272, 28.5279193377902], [-81.465307132793, 28.5279023378968], [-81.4653701330186, 28.5279013378488], [-81.4656861332936, 28.5278973376551], [-81.4658091336056, 28.5278973376519], [-81.4664761330825, 28.5279033379125], [-81.4669831332278, 28.5278973376211], [-81.4671261335685, 28.5278943374783], [-81.4675651341554, 28.527885337949], [-81.4677261335325, 28.5278763375275], [-81.4679421336629, 28.5278513372623], [-81.4681561336999, 28.5278103371547], [-81.4683651344037, 28.527756337344], [-81.4684891338615, 28.5277153372388], [-81.4685641337438, 28.5276913379229], [-81.4688201339292, 28.5275893376845], [-81.4690051344174, 28.5275013371976], [-81.4697551341349, 28.5270973373358], [-81.4701761347783, 28.526865337362], [-81.4708461343816, 28.5264933371871], [-81.4709971350908, 28.5264073367938], [-81.4718191345502, 28.5259423368004], [-81.4719141353657, 28.5260683372428], [-81.4720751347497, 28.5262623372385], [-81.4721551348678, 28.5263493367728], [-81.4722461354968, 28.5264493369094], [-81.4724271349092, 28.5266293371549], [-81.4726171356381, 28.5268003369829], [-81.4728151349396, 28.5269653374319], [-81.4730141351866, 28.5271283368889], [-81.4733361357495, 28.5274053371306], [-81.4735221353932, 28.5275653373482], [-81.4737281359663, 28.5277613374353], [-81.4737451358564, 28.5277773372772], [-81.4738871352567, 28.5279343373569], [-81.4741541359636, 28.5281613370808], [-81.4742601354898, 28.5282523376992], [-81.4744861360919, 28.5284583373501], [-81.4747151359346, 28.5286823378354], [-81.4749111360452, 28.52892633745], [-81.4750391356959, 28.5291073377432], [-81.4752691364896, 28.5294883374124], [-81.4752751358691, 28.5295013380149], [-81.4755231366038, 28.5300333374888], [-81.4755621366178, 28.5301163377381], [-81.4755891360748, 28.5301963378485], [-81.4756041358731, 28.5302403380892], [-81.4756321362773, 28.5303633383943], [-81.4756411357968, 28.5304003383106], [-81.475664135968, 28.5304953382173], [-81.4756951365126, 28.5306513382535], [-81.4757011358931, 28.530694338448], [-81.4757481362865, 28.5310203382703], [-81.475777135843, 28.5312993386125], [-81.4757791359362, 28.531310338223], [-81.4757821360819, 28.5315033381764], [-81.4757911365004, 28.5315293384821], [-81.4757831361316, 28.5316023382691], [-81.4757841361788, 28.5316273385286], [-81.4757811360429, 28.5317233384823], [-81.4757751366735, 28.5320133384359], [-81.4757731365839, 28.5321103384359], [-81.4757701364489, 28.5322363379815], [-81.4757741366399, 28.5323963382039], [-81.4757841362179, 28.5327913385278], [-81.4757831361771, 28.5329553389357], [-81.4757801360479, 28.5332543384071], [-81.4757781359647, 28.5335413391208], [-81.4757781359673, 28.5336193391393], [-81.4757781359752, 28.5338553383882], [-81.4757781359779, 28.5339343384531], [-81.4757781359835, 28.5341003389536], [-81.4757791360376, 28.5343293387772], [-81.4757831362323, 28.5345983386565], [-81.4757861363757, 28.5347243391013], [-81.4757861363771, 28.5347653392033], [-81.475788136481, 28.5350963392586], [-81.4757941367928, 28.5360913395174], [-81.4757961368968, 28.5364233396191], [-81.4757991361419, 28.5365753394706], [-81.4758041363802, 28.5367623391458], [-81.4758051364357, 28.5370343391641], [-81.4758061364873, 28.5371873399614], [-81.4758001362186, 28.5374783399613], [-81.4758021363145, 28.5375713397758], [-81.4758151369344, 28.5380653401923], [-81.4758191362386, 28.538598339719], [-81.4758211363357, 28.5387233401175], [-81.4758311368126, 28.5391083399779], [-81.4762551367052, 28.5391533402541], [-81.4773101371042, 28.5392673401152], [-81.4775261372363, 28.5392973397016], [-81.4777201372468, 28.5393253400952], [-81.4779481370368, 28.5393633400521], [-81.4779791375763, 28.5393693403293], [-81.4782661374059, 28.5393953397284], [-81.4788431372044, 28.5394503404643], [-81.4792221377066, 28.539491339657], [-81.4795411372228, 28.5395273404181], [-81.4800381378055, 28.5395823402567], [-81.4806731375981, 28.539653339934], [-81.4810311380254, 28.5397033404438], [-81.4815291386545, 28.5397613404215], [-81.4820271383843, 28.5398193403991], [-81.4824561385088, 28.5398603404898], [-81.4830891391076, 28.53992233975], [-81.4835571392438, 28.5399773404887], [-81.4837421388364, 28.5400003397514], [-81.4840591391594, 28.5400413398451], [-81.4841701389149, 28.5400533403984], [-81.4842371393264, 28.5400603398218], [-81.4844381387622, 28.5400813398907], [-81.4845051391737, 28.5400883402134], [-81.484697139091, 28.5401033400044], [-81.4855661398506, 28.5401913404637], [-81.4862201396257, 28.540266340326], [-81.4869881401949, 28.5403493396568], [-81.4880961403563, 28.5404943400541], [-81.4882891403199, 28.5405073397523], [-81.4908261411494, 28.5407793397042], [-81.4908721405861, 28.540779339703], [-81.4914531414695, 28.540832340346], [-81.4917391412531, 28.5408723403941], [-81.4919691411357, 28.5409043400728], [-81.4921811410821, 28.5409283402805], [-81.4925221416193, 28.5409673402808], [-81.4931001414644, 28.5410273403491], [-81.4933391417641, 28.5410413400924], [-81.4935131417449, 28.5410433401806], [-81.4936981422363, 28.5410473403612], [-81.4939591417575, 28.5410393399834], [-81.4942371420678, 28.5410373398835], [-81.4946501423476, 28.5410353397799], [-81.4950721421462, 28.5410433401397], [-81.4952431419878, 28.5410473403207], [-81.495351142503, 28.5410443401787], [-81.4953621421141, 28.5410433401321], [-81.4953971419396, 28.5410423400848], [-81.4954091424965, 28.5410423400845], [-81.4956421425171, 28.5410363398002], [-81.4963431426716, 28.5410223400322], [-81.4964921423915, 28.5410193398892], [-81.4965771427387, 28.5410183398407], [-81.4966831422617, 28.5410163397452], [-81.497002142676, 28.5410143396441], [-81.4971091431449, 28.5410143396413], [-81.4972941427367, 28.5410133395901], [-81.4978531425973, 28.5410103403357], [-81.4980391431349, 28.5410103403308], [-81.4982481429411, 28.5410083402326], [-81.4988751432594, 28.5410053400771], [-81.4990851431121, 28.5410053400716], [-81.499144143152, 28.5410043400237], [-81.4993231433648, 28.541004340019], [-81.4993831434512, 28.5410043400174], [-81.4994421434913, 28.5410053400623], [-81.4995471438675, 28.5410113403376], [-81.4996711433269, 28.5410203398522], [-81.4998991440159, 28.5410493402913], [-81.5000121438645, 28.5410703403625], [-81.5000371432262, 28.5410753396943], [-81.5001981435042, 28.5411113395602], [-81.5002671440088, 28.5411293394935], [-81.500345144032, 28.541151339612], [-81.5004721436318, 28.5411943398033], [-81.5005411441366, 28.5412183400147], [-81.5005671435448, 28.541227339532], [-81.5006481437074, 28.5412543398821], [-81.5006751440613, 28.5412643403449], [-81.5008781435916, 28.5413363400799], [-81.5014871439813, 28.5415543402771], [-81.5016911444573, 28.5416273400585], [-81.5018861445156, 28.5416963396546], [-81.5024711446905, 28.5419063403808], [-81.5026671447953, 28.5419763400233], [-81.5030291445114, 28.5421033405051], [-81.5030751448479, 28.5421173402536], [-81.5032871447956, 28.5421813405168], [-81.5034621448241, 28.5422223397149], [-81.5036391449452, 28.5422553403406], [-81.5038181451588, 28.5422803396962], [-81.5040111451225, 28.5422963404328], [-81.5043031451835, 28.542302339804], [-81.5043521447593, 28.54230033971], [-81.5044971451928, 28.5422953403738], [-81.5047831449742, 28.5422683400139], [-81.5047831449805, 28.5424553396893], [-81.5047921454556, 28.5441653407169], [-81.50479814486, 28.5449163404566], [-81.5047991449078, 28.5449583406049], [-81.5048011450038, 28.5450513404193], [-81.5048021450527, 28.5451253411517], [-81.5048061452478, 28.5454083407805], [-81.50481114549, 28.54571034129], [-81.5048111454913, 28.5457483412529], [-81.5048151447865, 28.5460123409003], [-81.5048171448833, 28.5461303409743], [-81.5048181449336, 28.5462483410484], [-81.5048221451277, 28.5465003410388], [-81.5048251452704, 28.5466043413631], [-81.5048281454148, 28.5467563412146], [-81.5048321456072, 28.5469603407786], [-81.5048411451507, 28.5477073412321], [-81.5048431452522, 28.5479643414543], [-81.504849145547, 28.5484533416393], [-81.5048511456461, 28.5486373411755], [-81.5048521456951, 28.5487173412867], [-81.5048541448934, 28.5488573414812], [-81.5048561450082, 28.5495123421667], [-81.5048571450626, 28.5497503415082], [-81.5048581451099, 28.5497773418605], [-81.5048621453022, 28.5499723419066], [-81.5048691456394, 28.5503403418783], [-81.5048741449794, 28.5505573420449], [-81.504879145218, 28.5507533421373], [-81.5048831454113, 28.5509823419609], [-81.5048981452313, 28.5516703423771], [-81.5049011453743, 28.551782342173], [-81.5049101457958, 28.5518993422005], [-81.5049161451773, 28.5519683427009], [-81.5049091458028, 28.553485342876], [-81.5049031455545, 28.5543793429497], [-81.5048981453231, 28.5543973428849], [-81.5049031455567, 28.5544463433575], [-81.5049031455573, 28.5544633432463], [-81.5049031455597, 28.5545343429403], [-81.5049031455651, 28.5546963432554], [-81.504906145728, 28.5553983434216], [-81.5049071457822, 28.555632343477], [-81.5049081458336, 28.5557783430504], [-81.504911145986, 28.5561683431427], [-81.5049101459412, 28.5562183436619], [-81.5049101459461, 28.5563653432817], [-81.5049091459055, 28.5565353430683], [-81.5049071458299, 28.5570473434203], [-81.5049071458322, 28.5571153438745], [-81.5049081458821, 28.5572183432532], [-81.5049081458871, 28.5573653437723], [-81.5049111460411, 28.5578063435308], [-81.5049121451932, 28.5579543440962], [-81.5049131452482, 28.5582093442257], [-81.5049141452952, 28.5582273441608], [-81.5049261458772, 28.5589763438076], [-81.5049311461179, 28.5592323439834], [-81.5049331453157, 28.5593573443819], [-81.5049231457778, 28.5601563445484], [-81.5049391457119, 28.5628563447034], [-81.504947146101, 28.5633863449901], [-81.5049491462297, 28.5644503457494], [-81.5049551456216, 28.5648313454244], [-81.504955145624, 28.5649013450721], [-81.5049911455427, 28.5662883455149], [-81.5049671462292, 28.566336345942], [-81.5049421459693, 28.5663623462486], [-81.5048941455415, 28.5663933458883], [-81.5046871458304, 28.5664673457268], [-81.5046241456053, 28.5664793462847], [-81.5045161459896, 28.5664893458517], [-81.5035201456351, 28.5665023455812], [-81.5032951450866, 28.5665123460507], [-81.5031111455417, 28.5665303459906], [-81.5029391456549, 28.5665633457262], [-81.5027421455079, 28.5666163463896], [-81.502591145697, 28.5666723462916], [-81.5023731454767, 28.5667783458151], [-81.5022061449247, 28.566874345773], [-81.5020381452262, 28.5669873465191], [-81.5018511446468, 28.5671273458192], [-81.5016411448, 28.5673023458431], [-81.5015441447985, 28.5674013459383], [-81.501303145315, 28.567673345963], [-81.5011691444982, 28.5678403465133], [-81.5010931445726, 28.5679563464967], [-81.5010271451111, 28.5680773467116], [-81.5009451449095, 28.5682663464817], [-81.5008971444855, 28.568410346863], [-81.5008501450085, 28.5685943464005], [-81.5008131450977, 28.5688183468927], [-81.5007801444794, 28.5692273469674], [-81.5007601444568, 28.5694103464578], [-81.5007331450073, 28.5695533467922], [-81.5006961450931, 28.5696793463388], [-81.5006441444831, 28.5698113470632], [-81.5005541448088, 28.5699793467595], [-81.5004241450778, 28.5701723467164], [-81.4997151445828, 28.5710993474388], [-81.4996031447867, 28.5712623469039], [-81.4995601445927, 28.5713463472016], [-81.4995301441028, 28.5714343476844], [-81.4995071448377, 28.5715403472028], [-81.4995011445629, 28.5716483477128], [-81.4995061447979, 28.5717373473417], [-81.4995211445976, 28.571824347777], [-81.4995331442569, 28.5718743473965], [-81.4995811446907, 28.5720203469687], [-81.4998371449032, 28.5727263473137], [-81.4998851444376, 28.5728713477388], [-81.4999111447491, 28.5729973472837], [-81.4999191451239, 28.5731013476078], [-81.4999091446633, 28.5732053479325], [-81.4998871445447, 28.5732933475158], [-81.4998491445832, 28.5733923476094], [-81.4997951447785, 28.5734893476108], [-81.499631144371, 28.5737413476056], [-81.4995601446775, 28.5738603477279], [-81.4995031447346, 28.573988348267], [-81.4994711450523, 28.574107347489], [-81.4994541442674, 28.5742283477026], [-81.4994541442704, 28.5743163481846], [-81.4994551443208, 28.5744343482586], [-81.4994551443268, 28.5746113483697], [-81.4994651447998, 28.5748763480632], [-81.4994851448378, 28.5751483480811], [-81.4994921442671, 28.5752603478768], [-81.4994971445018, 28.5753403479878], [-81.4994931443238, 28.5755693478116], [-81.4994931443248, 28.5755983482566], [-81.4994941443751, 28.5757123481452], [-81.4994951444292, 28.5759393478761], [-81.4994991446192, 28.576071348599], [-81.4995161445258, 28.5765733484869], [-81.4995111443032, 28.5768553489689], [-81.4995181446379, 28.5771473490148], [-81.4995271450663, 28.5774643484209], [-81.4995421448685, 28.5776243486429], [-81.4989461441902, 28.5776263487513], [-81.4979901438933, 28.5776453487578], [-81.4968171443178, 28.5776513490668], [-81.4962531442253, 28.5776543492207], [-81.4948501429698, 28.5776643488218], [-81.4936811426792, 28.5776293490287], [-81.4920281424117, 28.5776103490907], [-81.4911701421656, 28.5776143492987], [-81.4910251426313, 28.5776153493489], [-81.4910221424862, 28.5774423485239], [-81.4907571418803, 28.5774573492262], [-81.4890281416851, 28.5774923490955], [-81.4889881416276, 28.577496349282], [-81.4872551412461, 28.5775133492162], [-81.4866731412171, 28.5775053488607], [-81.486081140725, 28.5775233488113], [-81.4860481409922, 28.5775233488122], [-81.4858461406116, 28.577530349142], [-81.4857481405604, 28.5775273490055], [-81.4850961408798, 28.5775073489948], [-81.4849861402717, 28.5775063489513], [-81.4847351403149, 28.5775043488653], [-81.484391140539, 28.5775033488279], [-81.4841771405008, 28.5775093491117], [-81.4839341400161, 28.5775113492108], [-81.4825971400249, 28.5775263490419], [-81.482565139439, 28.577521348811], [-81.4823461400669, 28.5774903491783], [-81.482095140109, 28.5774543493148], [-81.4813661395518, 28.5773933492042], [-81.4802771393763, 28.5773573493626], [-81.4800981391633, 28.5773513490892], [-81.4795071387175, 28.5773663489007], [-81.4785471382354, 28.5773973494637], [-81.4781971381812, 28.5774003496119], [-81.477219138663, 28.5774463490721], [-81.4770811385545, 28.5774533494002], [-81.4762281376423, 28.5774943495245], [-81.4760671382649, 28.5774983497142]]]}}, {"type": "Feature", "properties": {"district": 6, "county": "orange"}, "geometry": {"type": "Polygon", "coordinates": [[[-81.3311020977375, 28.6395863682338], [-81.3310420976511, 28.639588368328], [-81.3306230979921, 28.6395933676716], [-81.3293700974021, 28.6396113685389], [-81.3289490967508, 28.6396153678361], [-81.3286110972537, 28.639629368494], [-81.3284830967098, 28.6396333677835], [-81.3284650967399, 28.6386323681464], [-81.3284160971046, 28.6368743675928], [-81.3284140969823, 28.6360043668334], [-81.3283530967396, 28.6327543663648], [-81.3283510966439, 28.6326673668285], [-81.3283460964032, 28.6324133667454], [-81.3283440972073, 28.6323393660131], [-81.3283390969688, 28.6321483661525], [-81.3283340967315, 28.631993366162], [-81.3283070963478, 28.631104366321], [-81.3282620969133, 28.6297983660359], [-81.3282600968183, 28.6297323656744], [-81.328223096861, 28.6285813653796], [-81.3282120963391, 28.628242365853], [-81.328183096762, 28.6273543651591], [-81.3281550963321, 28.6264733647897], [-81.3281400965207, 28.6260413645494], [-81.3280960962626, 28.6255993647456], [-81.3280960962618, 28.6255753645324], [-81.3280160961284, 28.6250383648223], [-81.3280160961273, 28.6250043650448], [-81.3280140960315, 28.6249163645629], [-81.3280070965943, 28.6245723648044], [-81.3280060965441, 28.6244573648693], [-81.3280020963552, 28.6243633641093], [-81.3279960960673, 28.6240823645732], [-81.3279960960642, 28.6239903648051], [-81.3279900966781, 28.6237833642028], [-81.3279810962396, 28.623167364426], [-81.3279800961864, 28.622964364009], [-81.3279750959473, 28.6227563642596], [-81.327968096501, 28.6221403635835], [-81.3279680964941, 28.6219373640657], [-81.3279720966781, 28.6218893636392], [-81.3279860964238, 28.6217503634906], [-81.3279920967007, 28.6217063641487], [-81.3279890965572, 28.6215793636575], [-81.3279820962195, 28.6211983639825], [-81.3279800961225, 28.6210723635377], [-81.32805409595, 28.6207963633319], [-81.3280250963265, 28.6185363628894], [-81.3280140957869, 28.6176733624546], [-81.3279800959351, 28.615521362522], [-81.3279120962757, 28.61252736133], [-81.3279260959872, 28.6113753609874], [-81.3279140963262, 28.6112733616554], [-81.327885095872, 28.6110453609795], [-81.3278850958711, 28.6110183615265], [-81.3278910961323, 28.6105063611744], [-81.326558095427, 28.6105223610518], [-81.3233980944743, 28.6105653613295], [-81.3229540945543, 28.6105683614802], [-81.3226280947145, 28.6105743608676], [-81.3182890930083, 28.6106263615935], [-81.314481091662, 28.610675361267], [-81.3143770922317, 28.6106763613161], [-81.3142940919773, 28.6106773613646], [-81.3134050920911, 28.6106893619442], [-81.3127730915408, 28.6106973614324], [-81.3113230908019, 28.6107143613592], [-81.3112530911508, 28.6107153614074], [-81.3111760911749, 28.6107173615021], [-81.3105260906884, 28.610722361751], [-81.3090250902808, 28.6107403617255], [-81.3088290901786, 28.6107493621478], [-81.3087660899487, 28.6106223616582], [-81.3087360903534, 28.6105703619465], [-81.308220089751, 28.6094113612933], [-81.3081310901123, 28.6092603614904], [-81.3077190898425, 28.6081883612702], [-81.3076020897954, 28.6077893607636], [-81.3075760894837, 28.6076583609869], [-81.3074710899955, 28.607318360517], [-81.3073660895908, 28.6064693607336], [-81.307345089502, 28.606065360892], [-81.307287089457, 28.604541360394], [-81.3072820901191, 28.6043873604498], [-81.3072690894869, 28.6035303602931], [-81.3072320895371, 28.6025973602113], [-81.3072110894192, 28.6013333591743], [-81.3072040899578, 28.6002663591751], [-81.3071730893754, 28.5989873592417], [-81.3071560894339, 28.5974473589001], [-81.307156089425, 28.5971843583996], [-81.306974089073, 28.5971853584507], [-81.306095088752, 28.5972083586406], [-81.3055440892626, 28.5972133588869], [-81.3050090887174, 28.5972303587896], [-81.3044600884215, 28.597239358322], [-81.3042180888824, 28.597238358282], [-81.3042030881862, 28.5972383582824], [-81.3034330884266, 28.5972513589052], [-81.3033860880442, 28.5972523589528], [-81.3032270878604, 28.5972603584285], [-81.3031770882381, 28.5972633585689], [-81.3024700878056, 28.5973003585039], [-81.3023370879289, 28.5973033586465], [-81.3021910883484, 28.5973083588821], [-81.3017130877508, 28.5973383584867], [-81.3012250875881, 28.5973553583882], [-81.3011380880474, 28.5973573584833], [-81.3002700873384, 28.5974063589788], [-81.2998200871404, 28.597422358833], [-81.2989810868772, 28.5974523584471], [-81.2982130872107, 28.5974743585877], [-81.2981480868923, 28.5974743585894], [-81.2976560865436, 28.5974823589732], [-81.2969360864062, 28.5974933586027], [-81.296658086096, 28.5975023590272], [-81.2961940861473, 28.5975063592248], [-81.2956490860368, 28.5975073592854], [-81.2955550861712, 28.597508358435], [-81.2948160860515, 28.597521359057], [-81.2944420857829, 28.597528358492], [-81.294311085999, 28.5975313586345], [-81.2933200849763, 28.5975333587531], [-81.2929460856068, 28.5975343588094], [-81.2927480854116, 28.5975373589536], [-81.2921550848726, 28.5975473585334], [-81.2919580847239, 28.597551358724], [-81.2918040847719, 28.5975533588207], [-81.2913430849625, 28.5975603591573], [-81.291190085057, 28.5975633593004], [-81.2910350850587, 28.5975663594436], [-81.2906590846969, 28.5975663594534], [-81.2905320841993, 28.5975673586038], [-81.2904460847049, 28.597567358606], [-81.2902230842489, 28.5975683586582], [-81.2896790841841, 28.5975493586911], [-81.2891360841658, 28.5975303587239], [-81.2884960841425, 28.5975083586202], [-81.2873810836593, 28.5974703586865], [-81.2872210834287, 28.5974653593582], [-81.2867000835316, 28.5974363589269], [-81.2866430835722, 28.5970743592346], [-81.2866400834105, 28.5964063588457], [-81.2866210833974, 28.5954933587911], [-81.2865980831865, 28.5942193581898], [-81.2865910837472, 28.5938123582088], [-81.2865910837222, 28.5930703579867], [-81.2865870835297, 28.59286435833], [-81.2865600831488, 28.5920543576543], [-81.2865370829572, 28.5913543575812], [-81.2865390830426, 28.5911343572753], [-81.2865410831291, 28.5909463575535], [-81.2865410831277, 28.5909053574516], [-81.2865340827971, 28.5907353576651], [-81.2865130836018, 28.5901603570912], [-81.2865110835072, 28.5901033571468], [-81.2865020830785, 28.5897783573698], [-81.2864820830119, 28.5886543565273], [-81.2864750826666, 28.5880483572139], [-81.2864610829033, 28.5876643565006], [-81.2864490832226, 28.5869773561304], [-81.2864170825933, 28.5856793562154], [-81.2864200827317, 28.5856543559558], [-81.2864300831923, 28.5855533566694], [-81.2864080830298, 28.5843373560588], [-81.2863990826046, 28.5841113554751], [-81.2864030827885, 28.5840603558088], [-81.2864290830824, 28.5836643554374], [-81.2864220827554, 28.5835993560217], [-81.286385082815, 28.5829463554297], [-81.2863930831677, 28.5823943550219], [-81.2863540831267, 28.5815103554128], [-81.2863540831116, 28.5810603552368], [-81.2863340830331, 28.5795823550713], [-81.2863030824647, 28.5787183545905], [-81.2863110827893, 28.5773293540532], [-81.2862720827164, 28.5754953535731], [-81.2862630822777, 28.5748683532862], [-81.2862600821326, 28.5746933532679], [-81.2862610821762, 28.5746093538705], [-81.2862700825776, 28.5741253539169], [-81.2862460823313, 28.5731793532319], [-81.2862260822745, 28.5723463532885], [-81.2862140825778, 28.5711813523437], [-81.2861910823824, 28.5703663523355], [-81.2861970826545, 28.5701783526135], [-81.2862050820935, 28.5691983521503], [-81.2862110823442, 28.5683753517704], [-81.2865970822697, 28.5683433520755], [-81.2871260825355, 28.5682983517742], [-81.2872030825112, 28.5682903523007], [-81.2872420825223, 28.568288352207], [-81.2881340825456, 28.5682133523042], [-81.2883100826184, 28.5681903521327], [-81.2902160838264, 28.5679333518604], [-81.2923000842961, 28.5675213515928], [-81.2932820839939, 28.5672873515116], [-81.2939170846779, 28.5671133515229], [-81.2943410845654, 28.5670023517621], [-81.2949640846913, 28.5667923519035], [-81.2950570845094, 28.5667593512707], [-81.2964590857027, 28.5662613515309], [-81.2976770855528, 28.565796351527], [-81.2989880861168, 28.5651923513725], [-81.2997400859282, 28.5648173510563], [-81.3003810859856, 28.564472350335], [-81.301135086788, 28.5640623510943], [-81.301887086597, 28.5636143500921], [-81.3021340872623, 28.5634553508088], [-81.3026590873327, 28.5631193505078], [-81.302813087281, 28.5630103499476], [-81.3036320874977, 28.5624553502787], [-81.3038060874746, 28.5623403503392], [-81.3042360876346, 28.5620503503744], [-81.30484008777, 28.561601350229], [-81.3049830872068, 28.5614603499843], [-81.3059480878991, 28.5607703494494], [-81.3069520877006, 28.5600033498407], [-81.307643088272, 28.5594313493871], [-81.3081220880058, 28.559079349245], [-81.3093620888599, 28.5581103492594], [-81.3099790886998, 28.5576753488633], [-81.3103920889713, 28.5574183486301], [-81.3106960886833, 28.5572283488076], [-81.3106930894365, 28.5570233482979], [-81.3106720893518, 28.5567403486695], [-81.3106940894349, 28.5555933485582], [-81.3106710892349, 28.5546413484943], [-81.3106750894139, 28.5544423482625], [-81.3106670890234, 28.5538693477809], [-81.3106640888781, 28.5536893475307], [-81.3106570885503, 28.5536003479018], [-81.3106570885334, 28.553097347967], [-81.3106290889405, 28.550353346671], [-81.310625088748, 28.5501463469679], [-81.3106070887432, 28.548097346413], [-81.3106020884897, 28.547458346469], [-81.310601088441, 28.5473883468214], [-81.3105930889632, 28.5472133468031], [-81.3105910888692, 28.54717834608], [-81.310590088821, 28.5471253463212], [-81.3105930889532, 28.5469153464788], [-81.3105940889933, 28.546728345904], [-81.3105780891364, 28.5463173457377], [-81.3105880886848, 28.5458313456913], [-81.3105910888199, 28.5457073462383], [-81.3105820883966, 28.5455403456916], [-81.3105580890012, 28.5431483454244], [-81.3105300885833, 28.5426163450452], [-81.310532088666, 28.5423143454347], [-81.3105120886242, 28.541925345389], [-81.310506088318, 28.541098344824], [-81.3104980888358, 28.5407913449819], [-81.3104800888839, 28.5403173445932], [-81.3104620880396, 28.5400493447607], [-81.3104590887844, 28.539594344353], [-81.3104580887348, 28.5394983443994], [-81.3104590887775, 28.5393883446961], [-81.3104600888214, 28.539314344863], [-81.3104620880105, 28.5391803440471], [-81.3104560886264, 28.5390333444275], [-81.3104780887014, 28.5376433438434], [-81.3104600887493, 28.5371613439831], [-81.310460088742, 28.5369443438163], [-81.3104600887397, 28.5368763442614], [-81.3104640880234, 28.5368003434362], [-81.310456088537, 28.5363673440484], [-81.3104360884776, 28.5354553431408], [-81.3104430878864, 28.5349553433447], [-81.3104170884187, 28.5331713433832], [-81.3103970883391, 28.5316583424943], [-81.3103750881738, 28.5303533422543], [-81.3103800883857, 28.5297513422265], [-81.3103730880505, 28.5294423422918], [-81.3103700878989, 28.5290733422734], [-81.310368087797, 28.5288013422551], [-81.3103670877464, 28.5286773419028], [-81.3103650876301, 28.5279753417363], [-81.3103630884244, 28.5276103419033], [-81.3103740880293, 28.5274243413746], [-81.3103580881633, 28.5267423412362], [-81.3103530879253, 28.5265653411251], [-81.3103320877958, 28.524945340672], [-81.3103040882494, 28.5235793403023], [-81.3103010881046, 28.5234123406548], [-81.3104690878088, 28.5234683405484], [-81.3105950882615, 28.5235103406934], [-81.3112690880715, 28.5237593405274], [-81.3117630885203, 28.5239733405423], [-81.3118130881434, 28.5239923405224], [-81.3122370880401, 28.5241583410119], [-81.3125170884456, 28.5242223403741], [-81.3127310884854, 28.5242643405169], [-81.3130370882978, 28.524300340379], [-81.3132700883187, 28.5243023404657], [-81.3135480886291, 28.5243003403657], [-81.3140990890179, 28.5242963410652], [-81.3141720888082, 28.5242963410633], [-81.3145390887522, 28.524294340961], [-81.315249089325, 28.5242893407107], [-81.3155610894146, 28.5242873406098], [-81.3160270894562, 28.5242853405049], [-81.3166000899666, 28.5242813403045], [-81.3174610903521, 28.5242753409032], [-81.3185110905152, 28.5242683405513], [-81.3186610902815, 28.5242663404546], [-81.319840091035, 28.5242563408596], [-81.320449090518, 28.5242513406119], [-81.3206880908171, 28.5242483404666], [-81.3212430913915, 28.524242340174], [-81.3214060908618, 28.5242413401234], [-81.3222820910439, 28.5242313405362], [-81.3232970913813, 28.5242203408991], [-81.3233540913285, 28.5242203408976], [-81.3242490914935, 28.5242213400212], [-81.3248640921544, 28.5242223400516], [-81.3268540927712, 28.5241913403611], [-81.3277500929828, 28.5242003407549], [-81.3281880935239, 28.5242053400759], [-81.3282340929606, 28.5242053400747], [-81.3282490927574, 28.5242053400743], [-81.3284040927559, 28.524207340163], [-81.3286420930089, 28.5242103402959], [-81.3290780934568, 28.5242073401454], [-81.3294210931864, 28.5242063400901], [-81.3298160935303, 28.524200340701], [-81.3300380939398, 28.5241973405561], [-81.3307180940196, 28.5241873400748], [-81.3310330942507, 28.5242553405208], [-81.3323730943819, 28.5242523403467], [-81.3325070943052, 28.524254340436], [-81.3330230948684, 28.524250340237], [-81.3339550949514, 28.5242433398882], [-81.3341410945896, 28.5242403406436], [-81.3347020945431, 28.5242353403971], [-81.3348890951272, 28.5242343403459], [-81.3349530953991, 28.5242323402515], [-81.3351490955015, 28.5242303401537], [-81.3352140949206, 28.5242293401056], [-81.3353360951862, 28.5242273400097], [-81.3357020950836, 28.5242223397684], [-81.3358250953957, 28.5242213397188], [-81.3360120950803, 28.5242193405205], [-81.3365760951731, 28.5242173404131], [-81.3367640958036, 28.5242173404081], [-81.3369490953955, 28.524216340357], [-81.33750409597, 28.5242153402961], [-81.3376900956084, 28.5242153402913], [-81.3377340958516, 28.5242143402437], [-81.3378690958212, 28.5242133401938], [-81.3379140961108, 28.5242133401927], [-81.3380560964052, 28.5242113400962], [-81.338372095781, 28.5242083399489], [-81.3384860956754, 28.5242073398996], [-81.3386290960162, 28.5242063398495], [-81.3387620958929, 28.5242043397533], [-81.3391620964689, 28.5242003404568], [-81.339296096392, 28.5241993404069], [-81.3393900962576, 28.524198340358], [-81.3394690963264, 28.524198340356], [-81.3396420962607, 28.5241973403051], [-81.3396720967536, 28.524196340258], [-81.3397660966192, 28.5241963402556], [-81.339935096368, 28.5241963402511], [-81.3402290965216, 28.5241953401971], [-81.3402880965616, 28.5241943401492], [-81.3403650965375, 28.5241933401008], [-81.3404670967743, 28.5241933400982], [-81.3405270968608, 28.5241933400966], [-81.3405650968256, 28.5241933400956], [-81.3407270971488, 28.5241913399987], [-81.3412130972191, 28.5241893398932], [-81.3413760966894, 28.5241883398426], [-81.3414130966078, 28.5241883398416], [-81.3414630971294, 28.524187339794], [-81.3417260967438, 28.5241853396944], [-81.3418140972302, 28.5241853396921], [-81.3421360968845, 28.5241823395446], [-81.3427330976093, 28.5241793402892], [-81.3431030976924, 28.5241733400015], [-81.343426097393, 28.5241693398076], [-81.3434470974682, 28.5241683397607], [-81.3435110977402, 28.524168339759], [-81.3435330978618, 28.5241683397584], [-81.3436270977273, 28.5241663396633], [-81.3439100973704, 28.5241643395632], [-81.3439720975496, 28.5241633395152], [-81.3440050972824, 28.5241633395143], [-81.3440240972648, 28.5241623403668], [-81.3440810981113, 28.5241623403653], [-81.3441010981401, 28.5241623403648], [-81.3441190980761, 28.5241623403643], [-81.3441730978841, 28.5241623403629], [-81.3441920978665, 28.5241623403624], [-81.3442430975351, 28.5241613403147], [-81.3443980975335, 28.5241593402179], [-81.344450098148, 28.5241593402166], [-81.3446400979719, 28.5241573401189], [-81.3448140979527, 28.524156340068], [-81.345210098343, 28.5241523398722], [-81.3454010982134, 28.5241513398209], [-81.3454420983174, 28.5241513398198], [-81.3455290978581, 28.5241503397712], [-81.3457930984181, 28.5241483396716], [-81.3458810980053, 28.5241483396693], [-81.3459360978596, 28.5241473396215], [-81.3461030984149, 28.5241473396171], [-81.3461590983157, 28.5241473396156], [-81.3462780984421, 28.5241463395662], [-81.3466390981076, 28.5241433394177], [-81.3467590982804, 28.5241433394145], [-81.3468160982275, 28.524142340266], [-81.3469910982547, 28.5241413402151], [-81.3470490982483, 28.5241413402136], [-81.3475470988754, 28.5241353399224], [-81.3480810984752, 28.524128339584], [-81.3481890989904, 28.5241263394884], [-81.3485160988767, 28.5241233402401], [-81.3486250994383, 28.524122340191], [-81.3488020986589, 28.5241203400936], [-81.3493350991117, 28.5241153398479], [-81.3495130992781, 28.5241143397969], [-81.3496330994508, 28.5241133397474], [-81.3499970992556, 28.5241133397379], [-81.3501090990572, 28.5241133397349], [-81.3502000996829, 28.5241123396862], [-81.3504500995932, 28.5241123396797], [-81.3505330998477, 28.5241123396775], [-81.3505600993021, 28.5241123396768], [-81.3506420995101, 28.5241123396747], [-81.3506700999101, 28.5241123396739], [-81.3508690992524, 28.5241113396223], [-81.3510221000573, 28.5241113396183], [-81.351466099977, 28.5241013400425], [-81.3516651002185, 28.5240973398519], [-81.3518551000423, 28.5240933396615], [-81.3518700998391, 28.5240933396611], [-81.3524861005465, 28.5240943396914], [-81.3526921002137, 28.5240953397323], [-81.3537291006728, 28.5240903394735], [-81.3547711004645, 28.5240823399747], [-81.3548891005445, 28.5240803398789], [-81.3551371012612, 28.5240773397334], [-81.3554401009331, 28.52407333954], [-81.3556651014819, 28.5240713394414], [-81.3556911008898, 28.5240703393944], [-81.3557691009122, 28.524069339346], [-81.3557961012658, 28.5240693393452], [-81.3559031008353, 28.5240673392498], [-81.3562261014353, 28.5240633399552], [-81.3563341010511, 28.524062339906], [-81.3565081010318, 28.5240593397624], [-81.3570341011596, 28.5240503393314], [-81.3572091011868, 28.5240483392342], [-81.3577491019641, 28.5240383396558], [-81.3587741018659, 28.5240213397403], [-81.3593701025436, 28.5239953394187], [-81.3596661018903, 28.5239833397541], [-81.3599111024679, 28.5239823397013], [-81.3599131025574, 28.523884339655], [-81.3599191019274, 28.5236093394973], [-81.3599191019268, 28.5235933396549], [-81.3599221020628, 28.5234963396549], [-81.3599221020613, 28.5234513393675], [-81.3599251021961, 28.5233193395436], [-81.3599271022875, 28.5232763393489], [-81.3599301024221, 28.5231383392469], [-81.3599321025133, 28.5230913388667], [-81.3599301024082, 28.5227243389411], [-81.3599301024036, 28.5225863388392], [-81.3599291023547, 28.5225143390988], [-81.3599281023011, 28.5222983389784], [-81.3599281022987, 28.5222263392381], [-81.3599281022861, 28.5218503388952], [-81.3599251021282, 28.5212933391551], [-81.3599251021223, 28.5211173390903], [-81.3599221019594, 28.520410338692], [-81.3615871027829, 28.5203933387597], [-81.3619581029124, 28.5203863384255], [-81.3629581034531, 28.520382338214], [-81.3631731035378, 28.5203793380693], [-81.3638181028927, 28.5203723386273], [-81.3640341030238, 28.5203703385289], [-81.3648351033228, 28.5203623381371], [-81.3672381042198, 28.5203393388067], [-81.3680401045652, 28.5203323384613], [-81.3680621046868, 28.5203313384144], [-81.3681311042915, 28.5203313384126], [-81.3681541044595, 28.520331338412], [-81.36822410501, 28.5203293383174], [-81.3684371050019, 28.5203273382192], [-81.3685091047458, 28.5203273382173], [-81.3692021045295, 28.5203173386349], [-81.3702791050458, 28.520300338718], [-81.3704891048985, 28.5202983386198], [-81.3722721058019, 28.5202763384527], [-81.3731051057871, 28.5202663379674], [-81.3733511064111, 28.5202633378219], [-81.3740901065309, 28.5202563383774], [-81.374337106302, 28.5202543382782], [-81.3745541064795, 28.5202513381335], [-81.3752061070585, 28.5202433377456], [-81.3754241063831, 28.5202413385465], [-81.3756141071065, 28.5202443377813], [-81.3760521067484, 28.5202523381406], [-81.3761841065786, 28.5202483379518], [-81.3763741073017, 28.5202443377614], [-81.3763871070213, 28.5207103386787], [-81.3764061070182, 28.5211433380661], [-81.3764091071594, 28.5212013380568], [-81.3764111072777, 28.5219633383067], [-81.3764111072803, 28.5220393382325], [-81.376409107197, 28.5223243388535], [-81.3764151074962, 28.5229453388624], [-81.376430107313, 28.5235413386114], [-81.376433107464, 28.5238913386482], [-81.3764381068201, 28.5245893395286], [-81.3764401069176, 28.5247313389166], [-81.3764571068219, 28.5251683393887], [-81.3764761068298, 28.5259313396846], [-81.3764731076061, 28.5264133395453], [-81.3764681073892, 28.5268623396751], [-81.3764521075671, 28.527493340148], [-81.376457106914, 28.5279173400179], [-81.3764611071047, 28.528068339823], [-81.3764741077233, 28.5285243402767], [-81.3764791070611, 28.5286763401282], [-81.3764811071563, 28.5287473398222], [-81.3764891075347, 28.5289613398496], [-81.3764921076764, 28.5290333404893], [-81.3764921076773, 28.5290603399422], [-81.3764941068736, 28.5291443402388], [-81.3764951069209, 28.5291723406375], [-81.3765151069878, 28.5303093402841], [-81.3765141069527, 28.5306433404786], [-81.376514106958, 28.5308013406084], [-81.376529107666, 28.5311583409694], [-81.3764701076401, 28.5315783406555], [-81.3765241074736, 28.5323393408577], [-81.3765731070667, 28.5328513412084], [-81.3766261077528, 28.5336023409471], [-81.3767691072124, 28.5341403416013], [-81.376867107273, 28.5344233412277], [-81.3770271075138, 28.5347293419188], [-81.377104107495, 28.5348853419538], [-81.3771331079497, 28.5351313416655], [-81.3771831075766, 28.535266341627], [-81.3772451077602, 28.5353963413564], [-81.3773191076012, 28.5355223417995], [-81.3773791076903, 28.5356043420018], [-81.3774501073905, 28.5356823420185], [-81.3775301075081, 28.5357543417567], [-81.3776181079967, 28.5358173419769], [-81.3776671075736, 28.535845341475], [-81.3780541075431, 28.5357473414185], [-81.3782531077831, 28.5356983418399], [-81.3788871084181, 28.5354513420644], [-81.3796961081842, 28.5353003413387], [-81.3800221089215, 28.5352403412468], [-81.3806911084874, 28.5351343417114], [-81.3813001088694, 28.5351213419922], [-81.3816071087265, 28.5351083413815], [-81.3826241091569, 28.5351043411695], [-81.3828201092593, 28.5351043411644], [-81.3831741094992, 28.5351033411087], [-81.383456109096, 28.5351023419543], [-81.3833501095794, 28.5352983411504], [-81.3833251093201, 28.5353453415311], [-81.383247109303, 28.5355013415702], [-81.3830581095408, 28.5359603421683], [-81.3830151093493, 28.5361183413998], [-81.3829951093226, 28.5361813416228], [-81.3829451097054, 28.536334341522], [-81.3828661096449, 28.5365803421359], [-81.3827491096239, 28.5369583416752], [-81.3827281095514, 28.5370393418333], [-81.3826731097054, 28.5372883416863], [-81.382606109307, 28.5376723424017], [-81.382580109007, 28.5378873424765], [-81.3825591089376, 28.5380593423564], [-81.3825501094227, 28.5381613425884], [-81.3825531095625, 28.5381793425233], [-81.3825521095168, 28.5382003425976], [-81.3825461092411, 28.5382813427553], [-81.3825451091952, 28.5382993426904], [-81.3825431091032, 28.5383213419116], [-81.3825411090119, 28.5383663421991], [-81.3825401089661, 28.5383853421805], [-81.3824901093637, 28.5389793427378], [-81.3824481092415, 28.5398213431001], [-81.3824201097545, 28.540228343082], [-81.3824161095696, 28.540252342396], [-81.3824141094829, 28.5404333426927], [-81.3824141094881, 28.5405863425906], [-81.382414109489, 28.5406153430356], [-81.3824171096487, 28.5412253434339], [-81.3824151095579, 28.541284343471], [-81.3824091092859, 28.5414773434247], [-81.3824181097218, 28.5420203434149], [-81.382405109143, 28.5427483429883], [-81.3824671093596, 28.5438633434126], [-81.3824841092588, 28.5441493440795], [-81.382517109944, 28.5457303445228], [-81.3825241093821, 28.5461033438271], [-81.3825361099564, 28.5466213444569], [-81.382537110005, 28.5466873439191], [-81.3825661095791, 28.5474923443629], [-81.3826361101934, 28.5493903451109], [-81.3826571093883, 28.5499563452677], [-81.382723109794, 28.5511723449778], [-81.3827301101269, 28.5514113452649], [-81.3827161094925, 28.551869345812], [-81.3826431097196, 28.5523873455448], [-81.382490109835, 28.5530123457432], [-81.3827021097804, 28.5530063454594], [-81.3831021103555, 28.552979345996], [-81.3833371104687, 28.5529643461938], [-81.3836841103845, 28.5529833461662], [-81.3838511100417, 28.5530233462174], [-81.3841851102529, 28.5530193460232], [-81.3843051104256, 28.553016345881], [-81.3846671101372, 28.5530083455007], [-81.3847881103564, 28.5530063454048], [-81.3850451105914, 28.5529983459265], [-81.3854701105285, 28.5529863453592], [-81.3858191105363, 28.5529783458784], [-81.3860771108178, 28.5529733456399], [-81.3862851105776, 28.5529713455418], [-81.386635110632, 28.5529683453935], [-81.3869101108032, 28.5529693454326], [-81.3871191115089, 28.5529703454736], [-81.3872261110785, 28.5529723455634], [-81.3875501117253, 28.5529813459722], [-81.3876581113414, 28.5529843461084], [-81.3878081111078, 28.5529863452979], [-81.3881071114936, 28.5529923455681], [-81.3882611114456, 28.5529923455641], [-81.3884121112584, 28.5529933456065], [-81.3884961115593, 28.5529933456043], [-81.3887511117017, 28.5529933455977], [-81.3888361120489, 28.5529943456418], [-81.3888941120425, 28.5529943456403], [-81.3890711121626, 28.5529963457284], [-81.3891301122027, 28.5529973457731], [-81.3899191119453, 28.5530073453167], [-81.3909291120508, 28.5530033460042], [-81.3910591126876, 28.553001345908], [-81.3914511128923, 28.5529973457123], [-81.3915821126763, 28.5529973457089], [-81.3919281125448, 28.5529913454217], [-81.3920911129144, 28.5529893453247], [-81.3929691131894, 28.5529823458765], [-81.3933171131509, 28.5529803457747], [-81.3935891131829, 28.5529783456749], [-81.3944051132786, 28.5529723453753], [-81.394678113357, 28.5529713453219], [-81.3948321133089, 28.5529703452715], [-81.3951391131665, 28.552969345217], [-81.3952951132111, 28.5529633458341], [-81.3954501132093, 28.5529593456447], [-81.3954671139982, 28.5529583455979], [-81.3955171136205, 28.5529573455502], [-81.3955351135565, 28.5529573455498], [-81.3955591137709, 28.5529563455027], [-81.3956311135148, 28.5529543454082], [-81.3956551137292, 28.5529533453611], [-81.3957361138907, 28.5529503452199], [-81.3959811135688, 28.5529433457884], [-81.3960631137768, 28.5529423457399], [-81.3963411140872, 28.5529403456399], [-81.3968601138902, 28.5529373454872], [-81.3971761141655, 28.5529383455253], [-81.3974551145224, 28.5529393455643], [-81.3980431148299, 28.5529493451132], [-81.40019811501, 28.552932345168], [-81.400606115058, 28.5529293450182], [-81.401595115088, 28.5529203454744], [-81.4025601158029, 28.5529083448928], [-81.4026111154716, 28.5529083448915], [-81.4028871156891, 28.5529043455982], [-81.4036451157914, 28.5529023454856], [-81.4040101165418, 28.5529013454297], [-81.404049116553, 28.5529003453823], [-81.404149115799, 28.5529383453426], [-81.4044911163814, 28.5529383453336], [-81.4049661168401, 28.5529213454324], [-81.4057111163393, 28.5529263456447], [-81.4057101162916, 28.5528873456355], [-81.40569911668, 28.5528733449867], [-81.4056971165846, 28.5527963450147], [-81.4058961168261, 28.5527933448704], [-81.4072271174377, 28.552756344919], [-81.4072871166247, 28.5527543448247], [-81.407650117282, 28.5527453452973], [-81.4087711171425, 28.5527373448971], [-81.4108371176893, 28.552725345186], [-81.4123581181254, 28.5527093453038], [-81.4136981191555, 28.5526983447587], [-81.4138351192179, 28.5526973447088], [-81.413964118909, 28.5526963446591], [-81.413971119242, 28.5529383450852], [-81.4139881191507, 28.5535063453347], [-81.4140041190206, 28.5543033454079], [-81.4139881192084, 28.5552243458343], [-81.4139531193987, 28.5556963461315], [-81.4139441189852, 28.555821345631], [-81.4140241191207, 28.55642234561], [-81.4141311196048, 28.5568773460148], [-81.4142531189854, 28.5573013458816], [-81.4145301192764, 28.5581033461797], [-81.4148171191334, 28.5589433464405], [-81.4150721192999, 28.5596593463499], [-81.4152171197465, 28.5600443471061], [-81.4153261194175, 28.5603003463799], [-81.4153751198966, 28.560415347213], [-81.4155121199742, 28.5608673465786], [-81.4157281201384, 28.5618473470358], [-81.4157081201524, 28.5631223476845], [-81.4154341200679, 28.5643193474219], [-81.4151001199009, 28.5656333480881], [-81.4150611199175, 28.566457348515], [-81.4151591199937, 28.5672023488735], [-81.4153511199397, 28.5680683485433], [-81.4153551201259, 28.568085348432], [-81.4155711202835, 28.5688693487966], [-81.4156451201341, 28.5692803489613], [-81.4157261203105, 28.5697203486714], [-81.4157381199702, 28.5697843489399], [-81.4157661203736, 28.5698843490782], [-81.4158361200331, 28.5701333489278], [-81.4158941200363, 28.5704163494546], [-81.4159971203363, 28.5709163492475], [-81.4160951204036, 28.5713923497267], [-81.4162561207173, 28.5724903493601], [-81.416379120202, 28.5746253503011], [-81.4163671205669, 28.5752913505975], [-81.4163871206058, 28.5755933502074], [-81.4164561202387, 28.5764293502884], [-81.4164881208379, 28.5768313509363], [-81.4165161203672, 28.5776763505362], [-81.4165161203743, 28.5778873513241], [-81.4165141202896, 28.5781313509439], [-81.4165371204577, 28.5781313509433], [-81.4167041210129, 28.5781303508926], [-81.417482121144, 28.5781263506867], [-81.417742120619, 28.5781253506335], [-81.4178851209598, 28.5781233514364], [-81.417924120971, 28.5781233514354], [-81.4183171212222, 28.5781213513323], [-81.4184611216094, 28.5781213513285], [-81.4185121212781, 28.5781203512809], [-81.4186651211837, 28.5781203512768], [-81.4187171208988, 28.5781203512755], [-81.4187441212524, 28.5781193512284], [-81.4188251214141, 28.5781193512262], [-81.4188531209148, 28.5781193512255], [-81.4188811213149, 28.5781193512248], [-81.4189671217085, 28.5781193512225], [-81.4189961212556, 28.5781193512217], [-81.41907912151, 28.5781183511732], [-81.4193031211131, 28.578117351121], [-81.4193811211355, 28.578117351119], [-81.4195271216155, 28.5781153510224], [-81.4195491217371, 28.5781143509755], [-81.419965121257, 28.5781133509182], [-81.4201121217834, 28.578112350868], [-81.420594121668, 28.5781083506699], [-81.4217171225206, 28.5781023512616], [-81.4220431223606, 28.5781023512531], [-81.4225261222917, 28.5781023512404], [-81.4230761226342, 28.5781023512259], [-81.4235051227573, 28.5781023512147], [-81.4247261227618, 28.5780963509045], [-81.4252771231505, 28.5780943507973], [-81.4256911234769, 28.5780923506937], [-81.4268121233374, 28.5780873504325], [-81.4269331235567, 28.578089350522], [-81.4273471238833, 28.5780963508357], [-81.4275581237825, 28.5780953507838], [-81.4281901243329, 28.5780943507208], [-81.4284021242784, 28.5780943507153], [-81.4284671236975, 28.5780933506672], [-81.4286651238927, 28.578093350662], [-81.4287311242575, 28.5780933506602], [-81.4287461240543, 28.5780933506598], [-81.4288501243839, 28.578090350518], [-81.4292101240028, 28.5780833510834], [-81.4292621246172, 28.5780833510821], [-81.4293311242219, 28.5780833510802], [-81.4294041240123, 28.5780833510783], [-81.4295671243819, 28.5780823510277], [-81.4296271244683, 28.5780823510262], [-81.4296831243691, 28.5780813509783], [-81.4297021243515, 28.5780813509778], [-81.4299261248539, 28.5780813509719], [-81.4300021247835, 28.5780813509699], [-81.4301641242074, 28.5780803509193], [-81.4306511243241, 28.5780783508138], [-81.4307461251354, 28.5780783508113], [-81.4308141246937, 28.5780783508096], [-81.4309181250233, 28.5780763507141], [-81.4312321252055, 28.5780723505205], [-81.4313371246822, 28.5780713504713], [-81.4314081252791, 28.5780703504231], [-81.4315861245461, 28.5780673502793], [-81.4316231253637, 28.578066350232], [-81.4316951251077, 28.5780663502301], [-81.4319221248499, 28.5780633509844], [-81.4320611250051, 28.5780613508881], [-81.4321291254627, 28.5780593507936], [-81.4332801258155, 28.5780383506892], [-81.433433125721, 28.5780363505925], [-81.4338681252232, 28.578033350442], [-81.4339791258776, 28.5780323503927], [-81.434198126148, 28.5780303502943], [-81.4343151261815, 28.5780293502448], [-81.4344271259831, 28.5780293502419], [-81.434499125727, 28.5780283501936], [-81.434717125951, 28.5780263500952], [-81.4347671255733, 28.5780263500939], [-81.4347901257413, 28.5780253509462], [-81.4350901261708, 28.577951350206], [-81.4353911257475, 28.5778783504114], [-81.435510125873, 28.5778503509089], [-81.4358261261468, 28.5778093507987], [-81.4366331267271, 28.5778923501284], [-81.4375651268108, 28.5779083508457], [-81.4385341268134, 28.5779413505513], [-81.4386621273579, 28.5779553502976], [-81.4394811275929, 28.5779503500443], [-81.4396271271735, 28.5779463507544], [-81.4407261278117, 28.5779413504937], [-81.4407791275734, 28.5779463507242], [-81.4408411277523, 28.5779363502589], [-81.4409401278499, 28.5779373503027], [-81.4412781282464, 28.5779273507296], [-81.4420171283666, 28.577936350228], [-81.4420901281568, 28.577930349948], [-81.4423321276959, 28.5779283507482], [-81.4426911281678, 28.5779263506461], [-81.443160128348, 28.5779103498921], [-81.4440041288438, 28.5779053505375], [-81.4443171289803, 28.5779203503253], [-81.4447021288603, 28.5779203503152], [-81.4452741293241, 28.5779153500684], [-81.4462911288552, 28.5779203502735], [-81.447273129459, 28.5778903497563], [-81.4474381299211, 28.5778803501877], [-81.4478221297548, 28.5778853504094], [-81.4484641298702, 28.5778953499568], [-81.4491341303852, 28.5778893505604], [-81.4500111306137, 28.5778813501665], [-81.4507211302869, 28.5778753498697], [-81.4514941310854, 28.5778763498958], [-81.4518071312214, 28.5778773499339], [-81.4528241307524, 28.5778753498145], [-81.4540451316568, 28.5778903495784], [-81.4543641311718, 28.5778883503767], [-81.4545181320231, 28.5778873503263], [-81.4554831318387, 28.5778823500692], [-81.4562291322839, 28.5778943497065], [-81.457037132009, 28.5779073502879], [-81.4572251326394, 28.577907350283], [-81.4577801323146, 28.5779103495081], [-81.458266132385, 28.5779123495881], [-81.4583561329643, 28.5779123495857], [-81.4585801325674, 28.5779123495798], [-81.4593981327561, 28.5779133496047], [-81.4596661335019, 28.577914349644], [-81.4600971337173, 28.577900349883], [-81.460982133417, 28.5778723494612], [-81.461440133986, 28.5778533494677], [-81.4619211338237, 28.5778353495199], [-81.4621761339658, 28.5778273500418], [-81.4629551341426, 28.5778053499007], [-81.4630671339436, 28.5777923492952], [-81.4644101342121, 28.5777383494546], [-81.4645181347272, 28.5777343492664], [-81.4652491344749, 28.5777083498406], [-81.4653371349613, 28.5777053496992], [-81.46629813549, 28.5776813494607], [-81.4677541356067, 28.5776363491351], [-81.4680391353423, 28.5776283496561], [-81.4699681358261, 28.5776043493922], [-81.4703401360018, 28.5775973490579], [-81.4713011365307, 28.5775793490976], [-81.471374136321, 28.5775773499023], [-81.472903137128, 28.5775543496953], [-81.4731211373517, 28.5775463493187], [-81.4740201377015, 28.5775303494527], [-81.4754851373374, 28.5775133495255], [-81.4760671382649, 28.5774983497142], [-81.4762281376423, 28.5774943495245], [-81.4770811385545, 28.5774533494002], [-81.477219138663, 28.5774463490721], [-81.4781971381812, 28.5774003496119], [-81.4785471382354, 28.5773973494637], [-81.4795071387175, 28.5773663489007], [-81.4800981391633, 28.5773513490892], [-81.4802771393763, 28.5773573493626], [-81.4813661395518, 28.5773933492042], [-81.482095140109, 28.5774543493148], [-81.4823461400669, 28.5774903491783], [-81.482565139439, 28.577521348811], [-81.4825971400249, 28.5775263490419], [-81.4839341400161, 28.5775113492108], [-81.4841771405008, 28.5775093491117], [-81.484391140539, 28.5775033488279], [-81.4847351403149, 28.5775043488653], [-81.4849861402717, 28.5775063489513], [-81.4850961408798, 28.5775073489948], [-81.4857481405604, 28.5775273490055], [-81.4858461406116, 28.577530349142], [-81.4860481409922, 28.5775233488122], [-81.486081140725, 28.5775233488113], [-81.4866731412171, 28.5775053488607], [-81.4872551412461, 28.5775133492162], [-81.4889881416276, 28.577496349282], [-81.4890281416851, 28.5774923490955], [-81.4907571418803, 28.5774573492262], [-81.4910221424862, 28.5774423485239], [-81.4910251426313, 28.5776153493489], [-81.4911701421656, 28.5776143492987], [-81.4920281424117, 28.5776103490907], [-81.4936811426792, 28.5776293490287], [-81.4948501429698, 28.5776643488218], [-81.4962531442253, 28.5776543492207], [-81.4968171443178, 28.5776513490668], [-81.4968171443324, 28.5780833493075], [-81.4967911440369, 28.5784293491595], [-81.4967901439915, 28.5784583487052], [-81.4967861438163, 28.5787693487329], [-81.4967901440144, 28.579137349604], [-81.4968031437348, 28.5796263488893], [-81.4968081440218, 28.5812543497129], [-81.4968121442388, 28.582186349749], [-81.4968121442495, 28.5825023500083], [-81.4968141443744, 28.5834523499796], [-81.4968151444315, 28.5837693502852], [-81.4968151444383, 28.5839713506559], [-81.4968161445051, 28.5845773508685], [-81.4968171445584, 28.5847803503862], [-81.4968181446207, 28.5852503505897], [-81.4967321442343, 28.5854673507587], [-81.4966491439847, 28.5856083510018], [-81.4966421445596, 28.5856203506589], [-81.4964481445561, 28.5858013509606], [-81.4963811441469, 28.5858623510921], [-81.496308144359, 28.5859323507416], [-81.4962111443573, 28.5860243505123], [-81.4965031444307, 28.5864003508473], [-81.4965691439012, 28.5865483505116], [-81.4966501440688, 28.5867253506206], [-81.4967091441167, 28.5869583506281], [-81.4967501442268, 28.5871393509236], [-81.4967571445573, 28.5873093507099], [-81.4967571445738, 28.5877963508022], [-81.496750144272, 28.5884793509872], [-81.4967501443227, 28.5899793521726], [-81.4967541445132, 28.5901263517922], [-81.4967911444498, 28.590665351596], [-81.4968311445185, 28.5909943524569], [-81.4968221441396, 28.5921423526137], [-81.4968211441015, 28.5923873522797], [-81.4968191440335, 28.5931233522234], [-81.4968191440418, 28.5933693528351], [-81.4968191440585, 28.5938623523062], [-81.4968191440742, 28.5943273531772], [-81.4968261444333, 28.5953413534171], [-81.4968301446355, 28.5958343528881], [-81.4968281445672, 28.5965573531285], [-81.4968281445779, 28.5968753534805], [-81.4968411442979, 28.5973493538691], [-81.4968441444836, 28.5987253538028], [-81.4968461446008, 28.5994493540895], [-81.4968471446593, 28.5998063544507], [-81.4968521449275, 28.6008773546349], [-81.4968541450324, 28.6012343540968], [-81.4968531449983, 28.6015973547362], [-81.4968531450022, 28.6017113546248], [-81.4968531450183, 28.6021883551528], [-81.4968531450203, 28.6022483543369], [-81.4968551451266, 28.6026493549391], [-81.4968551451279, 28.6026863548556], [-81.4968581443801, 28.6030493545956], [-81.4968571452458, 28.6034293551237], [-81.496857145249, 28.6035223549382], [-81.4968501449416, 28.6040383554756], [-81.4968471448204, 28.6045713550023], [-81.4968471448259, 28.6047343553637], [-81.4968341451278, 28.6049063552434], [-81.4968281448508, 28.6049513555309], [-81.4968241446662, 28.6049793550303], [-81.4967621444936, 28.6051783552635], [-81.4967381451812, 28.6052563552826], [-81.4966961450336, 28.6053383554876], [-81.4966151448764, 28.6054693552671], [-81.4965291444867, 28.6055853552507], [-81.4964391448109, 28.6057083555589], [-81.4963741444955, 28.6057983552361], [-81.4963351444867, 28.6058693558304], [-81.4963291451081, 28.6058853556729], [-81.4962991446182, 28.6059703560166], [-81.4962811446855, 28.6060693552104], [-81.4962801446419, 28.6061513554143], [-81.4962931443486, 28.6062323555715], [-81.4963281450772, 28.6063423552738], [-81.4963861450746, 28.6064553560138], [-81.49650414516, 28.6066163553801], [-81.496621145199, 28.6067763555994], [-81.49669514504, 28.606901355996], [-81.4967541450844, 28.6070313557255], [-81.4967991453786, 28.6071663556871], [-81.4968251447912, 28.6073053558346], [-81.4968451448263, 28.6074923564087], [-81.4968451448748, 28.6089273563794], [-81.4968461449421, 28.609545356249], [-81.4968511451802, 28.609725356499], [-81.4968661449814, 28.6098553562296], [-81.4968691451212, 28.6098723561182], [-81.4969111452782, 28.6100663570163], [-81.4969651450919, 28.6102363568014], [-81.4970171448111, 28.6103573570132], [-81.4970501454453, 28.6104183562427], [-81.4971201451008, 28.6105483568712], [-81.4971551449281, 28.6106003565828], [-81.4971951449877, 28.6106593566188], [-81.4972851455709, 28.6107753565977], [-81.4974001455159, 28.6109003569933], [-81.4974911452452, 28.6109873565272], [-81.4977861454547, 28.6112683569549], [-81.4978891457419, 28.6113873570726], [-81.4980111451139, 28.6115553567633], [-81.498090145187, 28.6116853573915], [-81.4981761455867, 28.6118613565547], [-81.4982421459577, 28.6120443569421], [-81.4982461452445, 28.612059356738], [-81.4983611451998, 28.6124883568365], [-81.4971331448714, 28.6125183573603], [-81.4965601452599, 28.6125033575793], [-81.4950041449954, 28.6124353571661], [-81.4942171444459, 28.6124103569272], [-81.4934811444649, 28.612399357336], [-81.4923761435476, 28.6123833575228], [-81.4923301441109, 28.6123823574776], [-81.4922611436068, 28.6123823574795], [-81.4921921440021, 28.6123823574813], [-81.4921001433302, 28.6123863576691], [-81.491918143878, 28.6124013574699], [-81.4917741434916, 28.6124273568803], [-81.4916891440445, 28.6124503570494], [-81.4916351433377, 28.6124653577461], [-81.4915011434163, 28.6125173574622], [-81.4913391430958, 28.6125973575776], [-81.4912271432966, 28.6126663571819], [-81.4910901432378, 28.6127733576489], [-81.4908061435568, 28.6130233575542], [-81.4906131435986, 28.6131713572253], [-81.4904731433999, 28.6132573576183], [-81.4903241436826, 28.6133323575016], [-81.4902361431973, 28.6133673573278], [-81.4901621433615, 28.6133973578211], [-81.489992143568, 28.6134463573991], [-81.4898201427818, 28.6134783579876], [-81.4896761432946, 28.6134983580192], [-81.4891661430118, 28.6135533578843], [-81.4888801432303, 28.6135793572984], [-81.4887041431574, 28.6136003573772], [-81.4885801427994, 28.6136123579367], [-81.4871471419548, 28.6137553574087], [-81.4869781422068, 28.613775357441], [-81.4864491419414, 28.6138273580668], [-81.4852911421663, 28.6139433580787], [-81.4851121419542, 28.6139623580648], [-81.4850141419034, 28.6139753577707], [-81.4845271417882, 28.6140193580245], [-81.4842431412003, 28.614046357485], [-81.4841951416708, 28.6140483575789], [-81.4839751413541, 28.6140513577238], [-81.4837351410081, 28.6140393580731], [-81.4837091416002, 28.6140383580275], [-81.4826021414867, 28.6139413580567], [-81.4823601410476, 28.6139213580353], [-81.4819021404767, 28.6138843581308], [-81.4816951407626, 28.6138643581085], [-81.4815731404966, 28.6138533576018], [-81.4810761408138, 28.6138143576057], [-81.4808701402468, 28.6137993578151], [-81.4807641407234, 28.6137903583], [-81.480447140401, 28.6137663580951], [-81.4803421400247, 28.613758357727], [-81.4802451400199, 28.6137583577296], [-81.4801941403511, 28.6137583577309], [-81.4799541400053, 28.6137513583121], [-81.4798611401862, 28.613753357508], [-81.4796601398519, 28.6137563576523], [-81.4790571397484, 28.6137693582708], [-81.4789791397261, 28.6137713583655], [-81.4788571403598, 28.6137703583224], [-81.4784361397088, 28.6137763577123], [-81.4783211397682, 28.6137823579935], [-81.4780611393942, 28.61379635775], [-81.4776281399851, 28.6138053581786], [-81.4772461393449, 28.6137983578642], [-81.4771201397927, 28.6137913584423], [-81.4769221395975, 28.6137913584476], [-81.4767141389379, 28.6137803579431], [-81.476676138973, 28.6137783578513], [-81.4764141394043, 28.6137523584516], [-81.4761811393829, 28.6137343576234], [-81.4757701391933, 28.6136623578939], [-81.4754271385617, 28.6135783576063], [-81.4751551385274, 28.6135123581513], [-81.4747221391147, 28.6134143581165], [-81.4742691387734, 28.6133063576185], [-81.4737541382526, 28.6131863583647], [-81.4734701385607, 28.6131163578252], [-81.4731801385905, 28.6130473582316], [-81.4724321380469, 28.6128713581865], [-81.4722701377224, 28.6128333582279], [-81.4717851376947, 28.6127223575918], [-81.4716241374167, 28.6126863577259], [-81.4713371375856, 28.6126153580395], [-81.4709971379925, 28.6125323577982], [-81.4707301372911, 28.61246735749], [-81.4705041375927, 28.612396357802], [-81.4702841372731, 28.6123123575112], [-81.4700711372778, 28.6122163575633], [-81.4697811373046, 28.6120583574413], [-81.469236137184, 28.6117533577062], [-81.4691411372701, 28.6117003579498], [-81.4686771373124, 28.6114323572299], [-81.4685041364753, 28.6113343580875], [-81.4679871367553, 28.6110433572021], [-81.467940136372, 28.6110173577967], [-81.4678101366323, 28.6109573577167], [-81.4677611370557, 28.6109373576902], [-81.467595136545, 28.6108793577039], [-81.4675161364752, 28.6108523573537], [-81.4673441365854, 28.6107973575066], [-81.4671661364176, 28.6107543573167], [-81.4669311363027, 28.6107173574063], [-81.4668731363088, 28.61070835789], [-81.466705136606, 28.6106923571527], [-81.4666471366122, 28.6106863577754], [-81.4665101365496, 28.6106813575473], [-81.4664181358774, 28.6106783574106], [-81.4660951361771, 28.6106903579754], [-81.4659281365216, 28.610700357544], [-81.4657341356131, 28.6107133572524], [-81.4654551361562, 28.6107303571485], [-81.4652381359791, 28.6107443578032], [-81.4646211361259, 28.6107783575969], [-81.464343135816, 28.6107943574466], [-81.4637351354813, 28.6108303573327], [-81.4619111344772, 28.6109403579833], [-81.4617921352503, 28.610948357458], [-81.4616771344101, 28.6109443581749], [-81.4613041350882, 28.6109773579158], [-81.4609791343959, 28.6109953578594], [-81.4600071342572, 28.6110533578757], [-81.4596831345108, 28.6110733579121], [-81.4589771341245, 28.6111003582829], [-81.4587821340688, 28.6111083577595], [-81.4580371336711, 28.6111293578533], [-81.4573991337424, 28.611152358037], [-81.4568591338646, 28.6111663578008], [-81.4561541335245, 28.6111863578472], [-81.4557191331235, 28.6112033577474], [-81.4552791333896, 28.6112163583616], [-81.4531871325375, 28.6112803577861], [-81.4526561321777, 28.6112863580783], [-81.4521191324389, 28.6112943584632], [-81.4517831321357, 28.6113163576933], [-81.4515201316223, 28.6113253581174], [-81.4508431316824, 28.6113503583948], [-81.4507321319276, 28.6113583578692], [-81.4504711315074, 28.6113783579039], [-81.4504071312358, 28.6113913585082], [-81.4502151313198, 28.6114133577344], [-81.4501521310945, 28.6114223581533], [-81.4499981311434, 28.6114483584633], [-81.4497851311529, 28.6114913577642], [-81.4497271311596, 28.6115023582757], [-81.4485361307562, 28.6117273579452], [-81.4482811306154, 28.6117753583784], [-81.4482541311612, 28.6117803586109], [-81.4482371312717, 28.6117833578511], [-81.447682130701, 28.6118933584682], [-81.4475731310395, 28.6119173586843], [-81.4471171305657, 28.6120063583254], [-81.4467211301777, 28.6120773580297], [-81.4456421304745, 28.6122863587533], [-81.4451661299718, 28.6123743583485], [-81.4438451298321, 28.6126383589301], [-81.4436251295166, 28.6126773589451], [-81.4436061295344, 28.6126833583244], [-81.4435751298946, 28.6126863584643], [-81.4433421298752, 28.6127273585724], [-81.4430281296941, 28.6127683586826], [-81.4427021289558, 28.6127953590435], [-81.442419129313, 28.6128033585224], [-81.4422551288969, 28.6128033585267], [-81.4418171292549, 28.6127893587886], [-81.4417171291109, 28.6127873586985], [-81.441161129389, 28.6127773591489], [-81.4408401288815, 28.6127693587866], [-81.4398771282583, 28.6127453585986], [-81.4395561286501, 28.6127373591356], [-81.4393511281299, 28.6127313588628], [-81.4387361283678, 28.612716359083], [-81.4385311278477, 28.6127113588566], [-81.4383281283195, 28.6127063586302], [-81.4379181281785, 28.6126973591231], [-81.4377211280294, 28.6126903588038], [-81.4375191276484, 28.6126833584846], [-81.4373171281666, 28.6126773591111], [-81.4367111279229, 28.6126603592384], [-81.4365091275419, 28.6126553590119], [-81.4361931272663, 28.6126453585566], [-81.4355341272616, 28.6126473586667], [-81.4347471267132, 28.6126593592436], [-81.4344611269312, 28.6126693588155], [-81.4344001267984, 28.6126683587707], [-81.4325671262762, 28.6127913591247], [-81.432391126203, 28.6128033587863], [-81.4322901260131, 28.612818358585], [-81.4320481264753, 28.6128573586006], [-81.4317891261485, 28.6128913592842], [-81.4297311259898, 28.6134003595511], [-81.4274031249977, 28.614059359584], [-81.4262031250792, 28.6143863594855], [-81.4260471250363, 28.6144393592485], [-81.4258451246583, 28.6145243595968], [-81.4257491247016, 28.6145733591727], [-81.4256151247814, 28.6146613596583], [-81.425495124612, 28.6147623598468], [-81.4253891241934, 28.6148763597382], [-81.4252471248056, 28.6150933599086], [-81.4240461239188, 28.614751359375], [-81.4233961234258, 28.614556359346], [-81.422938123751, 28.6144253595806], [-81.422660123438, 28.6143463595232], [-81.4225981232581, 28.614329359636], [-81.4220001233809, 28.6141743596612], [-81.4210031229698, 28.6138903591128], [-81.4208311230801, 28.6138413595439], [-81.4205891226389, 28.6137593593464], [-81.4204041230449, 28.6136973591751], [-81.4198871224293, 28.6135223591704], [-81.4192531226754, 28.6132283590482], [-81.4191221228891, 28.613158359404], [-81.4190481221519, 28.6131253596749], [-81.4189221225977, 28.6130593593166], [-81.418825122591, 28.6130023593749], [-81.4186521226532, 28.6129013591941], [-81.4183541223077, 28.612715359573], [-81.4181751220908, 28.6125943593645], [-81.4179491223892, 28.6124273588236], [-81.4176921221474, 28.6122303595908], [-81.4175261216341, 28.6121023590576], [-81.4170701220447, 28.6117503589401], [-81.4170291219396, 28.6117183592565], [-81.4169221214679, 28.6116343589626], [-81.4168651215192, 28.6115893586768], [-81.4165091220763, 28.6113103592426], [-81.4162521218342, 28.6111073588324], [-81.4158411216358, 28.6107743586951], [-81.4154451212351, 28.6104713590489], [-81.4153811209615, 28.6104233586241], [-81.41528212176, 28.6103303588122], [-81.4152521212662, 28.6103023584143], [-81.4151101209789, 28.610513359206], [-81.4150271216298, 28.6106923585126], [-81.4149291215965, 28.6112203587094], [-81.4149341209359, 28.6114203589873], [-81.4149341209573, 28.6120523595059], [-81.4149461215431, 28.6129093596625], [-81.414948121637, 28.6129403593009], [-81.4149731210142, 28.6134043592256], [-81.4149791213264, 28.6144033596695], [-81.4149971213075, 28.6157383604003], [-81.4150351213625, 28.6184063608698], [-81.4150481220121, 28.6197783615171], [-81.4150641219178, 28.6216263617468], [-81.4150791217326, 28.6221623614122], [-81.4150831219385, 28.6227593621069], [-81.4150931215289, 28.6235173621708], [-81.4151221220232, 28.6249323621131], [-81.4151161217675, 28.6256053627338], [-81.4151101215487, 28.627368362621], [-81.4151001220192, 28.62841036326], [-81.415102122135, 28.6290893632594], [-81.4151261223674, 28.6296223636847], [-81.4150931217582, 28.6302973634995], [-81.4150921217188, 28.6305063632953], [-81.4151301217489, 28.6324343645348], [-81.4151141219171, 28.6327703639231], [-81.4151141219324, 28.6332243642842], [-81.4151181221329, 28.6336633648492], [-81.4151241224271, 28.6341303649135], [-81.4151241224424, 28.6345803650892], [-81.4151241224594, 28.6350823649775], [-81.4151251225238, 28.6356143644577], [-81.4151261225816, 28.6359513647911], [-81.4151591223277, 28.636345365068], [-81.4152041226355, 28.6368803655855], [-81.4152121221108, 28.6369793647786], [-81.4153071220504, 28.637797365823], [-81.4153691222573, 28.6386143659225], [-81.4153741225139, 28.6393393653561], [-81.4153691223008, 28.6398993661345], [-81.4153711223992, 28.6400633656429], [-81.4152071219831, 28.6400623656008], [-81.4149941219911, 28.6400603664131], [-81.4149431223223, 28.640059366368], [-81.4125131219695, 28.6400353662189], [-81.4108811208776, 28.6400203664659], [-81.409450121021, 28.6400463659102], [-81.4091251203283, 28.6400513661505], [-81.4089401207364, 28.6400543662945], [-81.4085261204103, 28.6400623657769], [-81.4083291202619, 28.640073366292], [-81.4079941200049, 28.6400923662823], [-81.4077481202805, 28.6401033658994], [-81.4076361204791, 28.6401093661805], [-81.4075921202359, 28.6401093661816], [-81.4073251204358, 28.6401043659568], [-81.4071011199333, 28.6401053660091], [-81.406438119743, 28.640109366212], [-81.4037801187035, 28.6401253661244], [-81.4028941189565, 28.6401313664259], [-81.3985771173716, 28.6401573668456], [-81.3977081175144, 28.6401673664327], [-81.3974701172617, 28.6401713666244], [-81.3967591166429, 28.6401853663928], [-81.396523116483, 28.6401903666308], [-81.3957481164912, 28.6401963669294], [-81.3934251157093, 28.640212366833], [-81.3926531158566, 28.6402183662321], [-81.3924481153366, 28.6402183662375], [-81.3918391158534, 28.6402153670138], [-81.3916361154261, 28.6402153670192], [-81.3915861158037, 28.6402153670205], [-81.3915051156421, 28.6402143669762], [-81.3911121153907, 28.6402113668475], [-81.3909811156068, 28.640211366851], [-81.3907551150117, 28.6402163670887], [-81.3900801151642, 28.6402323669489], [-81.3898551146155, 28.6402383663336], [-81.3897581146109, 28.6402433665679], [-81.3894661145506, 28.6402583663717], [-81.3893701145924, 28.6402643666523], [-81.3891741144903, 28.6402733670747], [-81.3887751148607, 28.6402943671593], [-81.3885891143219, 28.6402613665338], [-81.3884031146824, 28.640229366854], [-81.3883181143352, 28.6402293668562], [-81.3880831142217, 28.6402323670015], [-81.3880051141993, 28.6402343670963], [-81.3879841141241, 28.6402343670968], [-81.3879161145658, 28.640235367145], [-81.3878761145083, 28.6402373663394], [-81.3877651147532, 28.640239366435], [-81.3874121145598, 28.6402473668152], [-81.3862351138999, 28.6402773664382], [-81.386095113698, 28.6402693669704], [-81.3856891137423, 28.6402553672314], [-81.3849381130658, 28.6402683669545], [-81.3839421136103, 28.640278366545], [-81.3821081130375, 28.6402843668714], [-81.3820821127303, 28.6402853669185], [-81.3779591111558, 28.6403403668787], [-81.3763751113927, 28.6403443671059], [-81.376222110588, 28.6403493673417], [-81.3760581110714, 28.6403553667248], [-81.3760101106427, 28.6403573668188], [-81.3759241111483, 28.6403553667283], [-81.3758571107369, 28.6403533666373], [-81.3754521108279, 28.6403443671302], [-81.3754261105205, 28.6403433670845], [-81.3733321104708, 28.6402953667132], [-81.3730191103372, 28.6403653672684], [-81.3728141098171, 28.6403673673665], [-81.3720231099822, 28.6403743668125], [-81.3715881095807, 28.6403813671485], [-81.3713111093167, 28.6403833672485], [-81.3706681091553, 28.6403903675899], [-81.3704791093778, 28.6403913676412], [-81.3701251091378, 28.6403943668903], [-81.36986310957, 28.6403973670363], [-81.3696131087602, 28.6403963669965], [-81.3693911092498, 28.6403923668169], [-81.3691671087472, 28.6403913676758], [-81.3689181088832, 28.6403913676823], [-81.3684211083026, 28.640399367167], [-81.3681551085491, 28.6404013672667], [-81.3677381080835, 28.6404033673704], [-81.3660861078626, 28.6404043674602], [-81.3657591079763, 28.6404073676079], [-81.3654951074162, 28.6404083676612], [-81.3653861077539, 28.6404083676641], [-81.3652371080339, 28.6404093677144], [-81.3651971079763, 28.6404093677155], [-81.3651201080003, 28.6404093677175], [-81.3644211079379, 28.6404113678286], [-81.3627691068178, 28.6404143671118], [-81.3620701067553, 28.6404153671766], [-81.3618721065601, 28.6404163672282], [-81.3616581065217, 28.6404153671875], [-81.3616471068949, 28.639953367355], [-81.3616451068004, 28.6399043677816], [-81.361643106701, 28.6397083676891], [-81.3616361063634, 28.6393313673003], [-81.3609541061906, 28.6393353675037], [-81.3604321062482, 28.6393363675638], [-81.3601811062915, 28.6393383676631], [-81.360134105909, 28.6393363675716], [-81.3593991059747, 28.6393393668307], [-81.3580881053906, 28.6393433670506], [-81.357930105253, 28.6393443671011], [-81.3578451058051, 28.6393443671034], [-81.357812105173, 28.6393443671042], [-81.3577851057186, 28.6393443671049], [-81.3575151057795, 28.6393463672048], [-81.3572481050802, 28.6393453671655], [-81.3570521049777, 28.6393453671706], [-81.35664110569, 28.6393513674596], [-81.3549071043618, 28.6393543676444], [-81.3531541039507, 28.639362367162], [-81.3491721035239, 28.6394353679529], [-81.346904102597, 28.6394773672616], [-81.3453981019576, 28.6395023675608], [-81.3412661008635, 28.6395293680219], [-81.3387111001072, 28.639552368256], [-81.3355090990027, 28.6395533683866], [-81.332046098378, 28.6395963677732], [-81.3311960976037, 28.6396043681664], [-81.3311020977375, 28.6395863682338]]]}}, {"type": "Feature", "properties": {"district": 7, "county": "orange"}, "geometry": {"type": "Polygon", "coordinates": [[[-81.4968341451278, 28.6049063552434], [-81.4968471448259, 28.6047343553637], [-81.4968471448204, 28.6045713550023], [-81.4968501449416, 28.6040383554756], [-81.496857145249, 28.6035223549382], [-81.4968571452458, 28.6034293551237], [-81.4968581443801, 28.6030493545956], [-81.4968551451279, 28.6026863548556], [-81.4968551451266, 28.6026493549391], [-81.4968531450203, 28.6022483543369], [-81.4968531450183, 28.6021883551528], [-81.4968531450022, 28.6017113546248], [-81.4968531449983, 28.6015973547362], [-81.4968541450324, 28.6012343540968], [-81.4968521449275, 28.6008773546349], [-81.4968471446593, 28.5998063544507], [-81.4968461446008, 28.5994493540895], [-81.4968441444836, 28.5987253538028], [-81.4968411442979, 28.5973493538691], [-81.4968281445779, 28.5968753534805], [-81.4968281445672, 28.5965573531285], [-81.4968301446355, 28.5958343528881], [-81.4968261444333, 28.5953413534171], [-81.4968191440742, 28.5943273531772], [-81.4968191440585, 28.5938623523062], [-81.4968191440418, 28.5933693528351], [-81.4968191440335, 28.5931233522234], [-81.4968211441015, 28.5923873522797], [-81.4968221441396, 28.5921423526137], [-81.4968311445185, 28.5909943524569], [-81.4967911444498, 28.590665351596], [-81.4967541445132, 28.5901263517922], [-81.4967501443227, 28.5899793521726], [-81.496750144272, 28.5884793509872], [-81.4967571445738, 28.5877963508022], [-81.4967571445573, 28.5873093507099], [-81.4967501442268, 28.5871393509236], [-81.4967091441167, 28.5869583506281], [-81.4966501440688, 28.5867253506206], [-81.4965691439012, 28.5865483505116], [-81.4965031444307, 28.5864003508473], [-81.4962111443573, 28.5860243505123], [-81.496308144359, 28.5859323507416], [-81.4963811441469, 28.5858623510921], [-81.4964481445561, 28.5858013509606], [-81.4966421445596, 28.5856203506589], [-81.4966491439847, 28.5856083510018], [-81.4967321442343, 28.5854673507587], [-81.4968181446207, 28.5852503505897], [-81.4968171445584, 28.5847803503862], [-81.4968161445051, 28.5845773508685], [-81.4968151444383, 28.5839713506559], [-81.4968151444315, 28.5837693502852], [-81.4968141443744, 28.5834523499796], [-81.4968121442495, 28.5825023500083], [-81.4968121442388, 28.582186349749], [-81.4968081440218, 28.5812543497129], [-81.4968031437348, 28.5796263488893], [-81.4967901440144, 28.579137349604], [-81.4967861438163, 28.5787693487329], [-81.4967901439915, 28.5784583487052], [-81.4967911440369, 28.5784293491595], [-81.4968171443324, 28.5780833493075], [-81.4968171443178, 28.5776513490668], [-81.4979901438933, 28.5776453487578], [-81.4989461441902, 28.5776263487513], [-81.4995421448685, 28.5776243486429], [-81.4995271450663, 28.5774643484209], [-81.4995181446379, 28.5771473490148], [-81.4995111443032, 28.5768553489689], [-81.4995161445258, 28.5765733484869], [-81.4994991446192, 28.576071348599], [-81.4994951444292, 28.5759393478761], [-81.4994941443751, 28.5757123481452], [-81.4994931443248, 28.5755983482566], [-81.4994931443238, 28.5755693478116], [-81.4994971445018, 28.5753403479878], [-81.4994921442671, 28.5752603478768], [-81.4994851448378, 28.5751483480811], [-81.4994651447998, 28.5748763480632], [-81.4994551443268, 28.5746113483697], [-81.4994551443208, 28.5744343482586], [-81.4994541442704, 28.5743163481846], [-81.4994541442674, 28.5742283477026], [-81.4994711450523, 28.574107347489], [-81.4995031447346, 28.573988348267], [-81.4995601446775, 28.5738603477279], [-81.499631144371, 28.5737413476056], [-81.4997951447785, 28.5734893476108], [-81.4998491445832, 28.5733923476094], [-81.4998871445447, 28.5732933475158], [-81.4999091446633, 28.5732053479325], [-81.4999191451239, 28.5731013476078], [-81.4999111447491, 28.5729973472837], [-81.4998851444376, 28.5728713477388], [-81.4998371449032, 28.5727263473137], [-81.4995811446907, 28.5720203469687], [-81.4995331442569, 28.5718743473965], [-81.4995211445976, 28.571824347777], [-81.4995061447979, 28.5717373473417], [-81.4995011445629, 28.5716483477128], [-81.4995071448377, 28.5715403472028], [-81.4995301441028, 28.5714343476844], [-81.4995601445927, 28.5713463472016], [-81.4996031447867, 28.5712623469039], [-81.4997151445828, 28.5710993474388], [-81.5004241450778, 28.5701723467164], [-81.5005541448088, 28.5699793467595], [-81.5006441444831, 28.5698113470632], [-81.5006961450931, 28.5696793463388], [-81.5007331450073, 28.5695533467922], [-81.5007601444568, 28.5694103464578], [-81.5007801444794, 28.5692273469674], [-81.5008131450977, 28.5688183468927], [-81.5008501450085, 28.5685943464005], [-81.5008971444855, 28.568410346863], [-81.5009451449095, 28.5682663464817], [-81.5010271451111, 28.5680773467116], [-81.5010931445726, 28.5679563464967], [-81.5011691444982, 28.5678403465133], [-81.501303145315, 28.567673345963], [-81.5015441447985, 28.5674013459383], [-81.5016411448, 28.5673023458431], [-81.5018511446468, 28.5671273458192], [-81.5020381452262, 28.5669873465191], [-81.5022061449247, 28.566874345773], [-81.5023731454767, 28.5667783458151], [-81.502591145697, 28.5666723462916], [-81.5027421455079, 28.5666163463896], [-81.5029391456549, 28.5665633457262], [-81.5031111455417, 28.5665303459906], [-81.5032951450866, 28.5665123460507], [-81.5035201456351, 28.5665023455812], [-81.5045161459896, 28.5664893458517], [-81.5046241456053, 28.5664793462847], [-81.5046871458304, 28.5664673457268], [-81.5048941455415, 28.5663933458883], [-81.5049421459693, 28.5663623462486], [-81.5049671462292, 28.566336345942], [-81.5049911455427, 28.5662883455149], [-81.504955145624, 28.5649013450721], [-81.5049551456216, 28.5648313454244], [-81.5049491462297, 28.5644503457494], [-81.504947146101, 28.5633863449901], [-81.5049391457119, 28.5628563447034], [-81.5049231457778, 28.5601563445484], [-81.5049331453157, 28.5593573443819], [-81.5049311461179, 28.5592323439834], [-81.5049261458772, 28.5589763438076], [-81.5049141452952, 28.5582273441608], [-81.5049131452482, 28.5582093442257], [-81.5049121451932, 28.5579543440962], [-81.5049111460411, 28.5578063435308], [-81.5049081458871, 28.5573653437723], [-81.5049081458821, 28.5572183432532], [-81.5049071458322, 28.5571153438745], [-81.5049071458299, 28.5570473434203], [-81.5049091459055, 28.5565353430683], [-81.5049101459461, 28.5563653432817], [-81.5049101459412, 28.5562183436619], [-81.504911145986, 28.5561683431427], [-81.5049081458336, 28.5557783430504], [-81.5049071457822, 28.555632343477], [-81.504906145728, 28.5553983434216], [-81.5049031455651, 28.5546963432554], [-81.5049031455597, 28.5545343429403], [-81.5049031455573, 28.5544633432463], [-81.5049031455567, 28.5544463433575], [-81.5048981453231, 28.5543973428849], [-81.5049031455545, 28.5543793429497], [-81.5049091458028, 28.553485342876], [-81.5049161451773, 28.5519683427009], [-81.5049101457958, 28.5518993422005], [-81.5049011453743, 28.551782342173], [-81.5048981452313, 28.5516703423771], [-81.5048831454113, 28.5509823419609], [-81.504879145218, 28.5507533421373], [-81.5048741449794, 28.5505573420449], [-81.5048691456394, 28.5503403418783], [-81.5048621453022, 28.5499723419066], [-81.5048581451099, 28.5497773418605], [-81.5048571450626, 28.5497503415082], [-81.5048561450082, 28.5495123421667], [-81.5048541448934, 28.5488573414812], [-81.5048521456951, 28.5487173412867], [-81.5048511456461, 28.5486373411755], [-81.504849145547, 28.5484533416393], [-81.5048431452522, 28.5479643414543], [-81.5048411451507, 28.5477073412321], [-81.5048321456072, 28.5469603407786], [-81.5048281454148, 28.5467563412146], [-81.5048251452704, 28.5466043413631], [-81.5048221451277, 28.5465003410388], [-81.5048181449336, 28.5462483410484], [-81.5053391457261, 28.5461693409699], [-81.507830146197, 28.5457723404876], [-81.5088921460121, 28.5456113410904], [-81.50898814597, 28.5455973404389], [-81.5092031460538, 28.5455683408876], [-81.5113411472328, 28.5452413409615], [-81.5115241467309, 28.5452123405117], [-81.5124441471514, 28.5450673409605], [-81.5130341475479, 28.5449673408061], [-81.5133091477173, 28.5449143401406], [-81.5135111480966, 28.5448703407936], [-81.5137301474659, 28.5448173401297], [-81.5142061479671, 28.5446883404325], [-81.5149061480686, 28.5444763404792], [-81.5156101483551, 28.5442463405907], [-81.5160191484444, 28.5440973399682], [-81.5163651483084, 28.5439583398109], [-81.5166861488111, 28.5438263399787], [-81.5171241484463, 28.5436403403382], [-81.5176021490375, 28.5434283403907], [-81.5179641487434, 28.5432523403165], [-81.5185021494187, 28.5429713398669], [-81.5187901492885, 28.5428133397297], [-81.519330149156, 28.5424943393171], [-81.5199671499244, 28.5420813399404], [-81.5203521497953, 28.541813339198], [-81.520721149823, 28.5415463394019], [-81.521208149927, 28.5411683389536], [-81.5214471502195, 28.5409703396614], [-81.5229261504626, 28.5396943389282], [-81.5232621507568, 28.5394053390124], [-81.5239631508912, 28.5387923384567], [-81.5243841506309, 28.5384323388446], [-81.5246121504129, 28.5382313385143], [-81.5248031511772, 28.5380713382869], [-81.5250491508945, 28.5378523389203], [-81.5267161508624, 28.5363903376539], [-81.5270741512779, 28.5360913381733], [-81.5272611509567, 28.5359153381036], [-81.5274411512091, 28.5357133377282], [-81.5275761511723, 28.5355253380029], [-81.5277261518302, 28.5352923379899], [-81.5278071510902, 28.5352243375335], [-81.5279751516871, 28.5350843373345], [-81.5282101517949, 28.534912337449], [-81.528398151522, 28.5347963374627], [-81.5285621519351, 28.5347103379684], [-81.5287221521631, 28.5346403374173], [-81.5287991521382, 28.5346133379622], [-81.5289551521812, 28.5345603372999], [-81.5290531522314, 28.534532337798], [-81.5292231520253, 28.5344943378307], [-81.5294341519293, 28.5346393373522], [-81.5297781517131, 28.5348763375377], [-81.529937151901, 28.5349923375149], [-81.5300011521746, 28.5350383378469], [-81.5302171523112, 28.5352013373035], [-81.5308481528321, 28.535708337407], [-81.531185152293, 28.5360013374907], [-81.5313631524648, 28.5361633378011], [-81.5315141522822, 28.5363023379454], [-81.5318101525381, 28.5365873376593], [-81.5318351527998, 28.5366113378718], [-81.5321461528534, 28.5369263380767], [-81.5324481533891, 28.5372493377533], [-81.5324811531232, 28.537289337808], [-81.532562153288, 28.5373853377594], [-81.5332161530867, 28.5381633387337], [-81.5337881535762, 28.538921338783], [-81.5340361534044, 28.539241338322], [-81.5345811535397, 28.5399853386223], [-81.5347461540097, 28.5402103391555], [-81.5352211535919, 28.5408773385863], [-81.5352361542887, 28.5408973386136], [-81.5352831537738, 28.5409593387886], [-81.5352991536177, 28.5409803388623], [-81.5353201536939, 28.5410083392604], [-81.5353861540616, 28.541095338795], [-81.5354081541842, 28.5411243392395], [-81.5355031541003, 28.5412493387362], [-81.5357151540546, 28.541509339092], [-81.5359881541434, 28.541819339066], [-81.5363041544301, 28.5421633388164], [-81.5364911541214, 28.5423583388577], [-81.5365331542733, 28.5424023390976], [-81.5370801544934, 28.5429103392498], [-81.5373931546389, 28.5431933397698], [-81.5376731550496, 28.543419339447], [-81.5379501544214, 28.5436313393747], [-81.5382341550171, 28.5438393400161], [-81.5388271546703, 28.5442363395181], [-81.5390271549624, 28.5443613399114], [-81.5395881549268, 28.5446873397202], [-81.5400341558468, 28.5449253399494], [-81.5404241559651, 28.5451153397535], [-81.5405201559249, 28.5451583399457], [-81.541027156078, 28.5453853396633], [-81.5414611555397, 28.5455613397167], [-81.5418661563528, 28.5457123395113], [-81.5420441556219, 28.5457733396364], [-81.542441156063, 28.5459033402563], [-81.5426311558888, 28.5459603401956], [-81.5426881558366, 28.5459773400829], [-81.5431521566888, 28.5461053397089], [-81.5435611567864, 28.5462033397445], [-81.5439521569476, 28.5462893401236], [-81.5443691565165, 28.5463693402238], [-81.5444331567889, 28.5463793397864], [-81.544803156874, 28.5464393398601], [-81.5449261571865, 28.5464563397455], [-81.5450431572207, 28.5464733396312], [-81.5451641565411, 28.5464903404161], [-81.5455821570548, 28.5465413400713], [-81.5460131572719, 28.5465793400228], [-81.546080156784, 28.5465833402066], [-81.5463661574663, 28.5466043402732], [-81.5468051571546, 28.5466183400114], [-81.5471641576267, 28.5466233402337], [-81.5478521580775, 28.5466183399839], [-81.5492091580975, 28.546608340384], [-81.54989115827, 28.5466043401807], [-81.5502531588809, 28.5465963398003], [-81.550688158383, 28.5465943396962], [-81.5513651583235, 28.5465913395393], [-81.551803158864, 28.5465863401954], [-81.5519941587342, 28.5465833400513], [-81.5524161594316, 28.5465783398085], [-81.552430159182, 28.5465783398081], [-81.5525671592443, 28.5465763397118], [-81.5529831596633, 28.5465723395154], [-81.5531211588727, 28.5465723395118], [-81.5533101595494, 28.5465703394142], [-81.5533781591078, 28.5465703394124], [-81.5538771597814, 28.5465733395384], [-81.5540671596054, 28.546575339626], [-81.5542081598532, 28.5465703393906], [-81.5543531593875, 28.5465703393868], [-81.5544391597811, 28.5465703393845], [-81.5545461593505, 28.5465693402347], [-81.5547331599347, 28.5465733395159], [-81.5554401603675, 28.5465533394695], [-81.5554771602858, 28.5465533394685], [-81.5555131601578, 28.546554339514], [-81.555588160041, 28.5465533394656], [-81.5556261600057, 28.5465533394646], [-81.5557021599353, 28.5465523394163], [-81.5559321598166, 28.5465493401705], [-81.5560091597926, 28.5465493401685], [-81.5562671600741, 28.5465463400226], [-81.5570421600656, 28.5465383396315], [-81.5573011603934, 28.5465363395319], [-81.5575001606349, 28.5465333393876], [-81.5576491603548, 28.5465323393374], [-81.5579761602411, 28.5465343394215], [-81.5583901605669, 28.5465193396146], [-81.5585001611749, 28.546517339519], [-81.5585271606292, 28.5465173395183], [-81.5586651607378, 28.5465143393756], [-81.5588511612754, 28.5465113392317], [-81.5589111613617, 28.546510340083], [-81.5590361608672, 28.5465093400334], [-81.5597541609114, 28.546499339551], [-81.5599841616921, 28.5464963394059], [-81.5603221611894, 28.5464923392116], [-81.5607071610687, 28.5464773394055], [-81.5611821615267, 28.5464463397546], [-81.561599161991, 28.5464083397808], [-81.5619061618473, 28.5463733399489], [-81.5621471622383, 28.5463463395903], [-81.5625851618777, 28.5462863394954], [-81.5626191616566, 28.5462803392164], [-81.563038162213, 28.5462223392147], [-81.5631791624603, 28.5462003390905], [-81.563621162285, 28.546132339524], [-81.5648531627924, 28.5459113391395], [-81.5654121626496, 28.5458113389859], [-81.5655831624899, 28.5457783392503], [-81.5657141631724, 28.5457533389873], [-81.5661001630962, 28.5456813392368], [-81.5661271634497, 28.5456773390507], [-81.5662731630294, 28.5456483395012], [-81.5664801627416, 28.5456103395328], [-81.5666021630064, 28.5455883394091], [-81.5668681636578, 28.5455443391611], [-81.5672201629039, 28.545494339532], [-81.5675981633567, 28.5454503392811], [-81.5677381635577, 28.545434339435], [-81.5679331636131, 28.5454173395412], [-81.5679541636882, 28.5454133393552], [-81.5680201631534, 28.5454053389826], [-81.5680411632285, 28.545402338843], [-81.5680661634892, 28.5453983395563], [-81.5681451635576, 28.5453883390906], [-81.5681711638648, 28.5453863389972], [-81.5682711640083, 28.5453733392913], [-81.5685021639355, 28.5453513391648], [-81.5688801634894, 28.5453193394701], [-81.5692771639253, 28.5452963392928], [-81.5694961641954, 28.5452883389162], [-81.5698291643598, 28.5452773392969], [-81.5698541637212, 28.5452753392035], [-81.56993016455, 28.5452713390161], [-81.5699561639578, 28.5452693389227], [-81.5699801641722, 28.545269338922], [-81.570023164369, 28.5452703389673], [-81.5700811643626, 28.5452713390121], [-81.5700941640666, 28.5452713390118], [-81.5701331640779, 28.5452733391034], [-81.5701461637819, 28.5452733391031], [-81.5703351644586, 28.5452723390518], [-81.5703891642666, 28.5452733390967], [-81.5709051648295, 28.5452693388978], [-81.5710951646535, 28.5452703389392], [-81.5713761642036, 28.5452673387927], [-81.5721751644097, 28.545265338679], [-81.5741991657046, 28.5452523389226], [-81.5743151656918, 28.5452523389195], [-81.5747851659188, 28.5452513388608], [-81.5749501654818, 28.5452513388565], [-81.5751151659442, 28.5452503388058], [-81.5751701657987, 28.5452533389434], [-81.5751841655491, 28.545253338943], [-81.5752311659314, 28.5452503388027], [-81.5755481653535, 28.5452473386553], [-81.5764951661321, 28.5452363390199], [-81.5768131664998, 28.5452333388725], [-81.5777161661357, 28.5452163389601], [-81.5781211669434, 28.5452093386249], [-81.5820501676067, 28.5451383388278], [-81.5832711676103, 28.5451163386752], [-81.5833591680967, 28.5451163386729], [-81.5833811682183, 28.5451153386259], [-81.5834491677766, 28.5451153386242], [-81.5834721679446, 28.5451153386236], [-81.5835441676885, 28.5451143385753], [-81.583761167866, 28.5451133385233], [-81.5838341685557, 28.5451133385214], [-81.5845611681184, 28.5451093383169], [-81.5867421686053, 28.5450993386953], [-81.5874701691137, 28.5450963385372], [-81.5875181695425, 28.5450953384895], [-81.5876621690304, 28.5450953384857], [-81.5877111695056, 28.5450953384845], [-81.5877231691632, 28.5450953384841], [-81.5877591690351, 28.5450953384832], [-81.5877721696384, 28.5450953384829], [-81.5886791694602, 28.5450903382273], [-81.5914001707244, 28.5450773384526], [-81.5918251706618, 28.5450753383486], [-81.5923081705927, 28.5450743382896], [-81.5924201703942, 28.5450733382403], [-81.59267417049, 28.545071338141], [-81.5927561706981, 28.5450713381388], [-81.592869170546, 28.5450713381358], [-81.5930481707587, 28.5450703380847], [-81.5935861705439, 28.5450673388309], [-81.5937661708031, 28.5450673388262], [-81.5950061716889, 28.5450613385155], [-81.5951541713624, 28.5450613385116], [-81.5959221719286, 28.5450643386305], [-81.5961521718099, 28.5450583383463], [-81.5966691715201, 28.5450603384254], [-81.5987251725013, 28.5450453385754], [-81.599966172534, 28.5450363381256], [-81.6003451730345, 28.5450323379303], [-81.6013961732434, 28.5450243384311], [-81.6014871729698, 28.5450233383824], [-81.6018681735632, 28.5450213382796], [-81.6021821737454, 28.5450203382251], [-81.6031241733928, 28.5450153379685], [-81.6034391736215, 28.5450153379602], [-81.6035151735511, 28.5450153379582], [-81.6039251736916, 28.5450113377621], [-81.6053811747084, 28.5450043382987], [-81.6054531744524, 28.5450043382968], [-81.6058781743896, 28.5450003381002], [-81.6059501741335, 28.5449993380519], [-81.6072801746993, 28.544996337878], [-81.6078421746991, 28.5449973379095], [-81.6079781756143, 28.5449953378132], [-81.6080591748765, 28.5449953378111], [-81.6091781755431, 28.5449893384029], [-81.6104301760866, 28.54498933837], [-81.6108171760596, 28.5449993379241], [-81.6111911763286, 28.5450103375249], [-81.6117121762248, 28.5450233381138], [-81.6125391768328, 28.54507933799], [-81.6129451767888, 28.5451113376641], [-81.6136461769459, 28.5451753379145], [-81.6144401769233, 28.5452753380326], [-81.6150251770935, 28.545348337804], [-81.6157771778198, 28.5454453377841], [-81.6163901774915, 28.5455423377679], [-81.6171431782656, 28.5456833379891], [-81.61805117814, 28.5458643382617], [-81.618858178724, 28.5460633375728], [-81.6189931786947, 28.546097338246], [-81.6192401784678, 28.5461573383229], [-81.6193701782063, 28.5461883379579], [-81.6195361787166, 28.5462333382409], [-81.6199701790755, 28.5463473381181], [-81.6203211791794, 28.5464433380624], [-81.6203361789762, 28.5464473382475], [-81.6203821784134, 28.5464593379032], [-81.6203981791561, 28.5464643381346], [-81.6204901789296, 28.5464893383917], [-81.620922179196, 28.5466143378796], [-81.6210641785925, 28.5466563380242], [-81.6215831793002, 28.5468183383256], [-81.6224831797064, 28.5471083382553], [-81.6225431797935, 28.5471283382816], [-81.6230011794688, 28.5472813381673], [-81.6235161799912, 28.5474543380795], [-81.6242541800723, 28.5476863380228], [-81.625010180088, 28.54787833791], [-81.6254641804754, 28.5479833382688], [-81.6257781806591, 28.5480273385016], [-81.6264131804516, 28.5481003382716], [-81.6275571813819, 28.5481813383991], [-81.627786181217, 28.5481803383467], [-81.62814218155, 28.5481923379943], [-81.6284931816512, 28.5482093378738], [-81.6287321810513, 28.548216338192], [-81.629306181608, 28.5482213384087], [-81.6298171819389, 28.5482173382099], [-81.6303221819913, 28.5482143380575], [-81.6308551815445, 28.5482113379044], [-81.6313221816319, 28.5481973381425], [-81.6313521821247, 28.5481973381417], [-81.6318401822878, 28.5482013383143], [-81.6330101826232, 28.5481993381909], [-81.6331811824648, 28.5482023383254], [-81.6335921826525, 28.5482233383888], [-81.6343241833468, 28.548228337702], [-81.6345851828683, 28.5482313378342], [-81.6351381833503, 28.5482493377547], [-81.6353251830355, 28.5482643384452], [-81.6356121828648, 28.5482863376588], [-81.6357901830317, 28.5483033384422], [-81.635966183106, 28.5483253376587], [-81.6362531838352, 28.548362338467], [-81.6366631839782, 28.5484323381039], [-81.6370321840173, 28.5485063379272], [-81.6373821840744, 28.548591338261], [-81.6377511841142, 28.5486883382512], [-81.6378581836849, 28.5487203379331], [-81.6382181842068, 28.5488293384798], [-81.6382931840908, 28.5488533377918], [-81.6384741843983, 28.548912337824], [-81.6385001838065, 28.5489203381942], [-81.6385781838297, 28.5489453384517], [-81.6386051841836, 28.5489543379689], [-81.6386321845376, 28.5489633383854], [-81.6387141838471, 28.5489903378362], [-81.6387421842475, 28.5489993382527], [-81.6388091846595, 28.5490213383714], [-81.6392341846011, 28.5491483379521], [-81.6395251846183, 28.5492363384265], [-81.6407081846703, 28.549609338599], [-81.6412001850241, 28.549765338623], [-81.6413081846412, 28.5497993383976], [-81.6413911848964, 28.549824338655], [-81.6419671855517, 28.5500003387046], [-81.6421591854704, 28.5500593387366], [-81.6423241850352, 28.550109338352], [-81.6427841857023, 28.5502553388127], [-81.6430581858299, 28.5503433383882], [-81.643384185673, 28.5504383382868], [-81.6441221857536, 28.5506573385267], [-81.6445221863332, 28.5507703383585], [-81.6446691859618, 28.550815338642], [-81.6448811859096, 28.550882338145], [-81.6452991864253, 28.550997338069], [-81.6453621866515, 28.5510143388554], [-81.6455511864307, 28.5510663385629], [-81.6455831861173, 28.55107533808], [-81.6456151867033, 28.5510843384964], [-81.6456681864654, 28.5510983382446], [-81.6458281866972, 28.5511433385278], [-81.6458821865056, 28.5511583383224], [-81.6469291865389, 28.5514483382482], [-81.6474291872635, 28.5515913385687], [-81.6474751867007, 28.5516043382707], [-81.6491001874816, 28.5520563384964], [-81.650456187468, 28.5524353389425], [-81.6508581881402, 28.5525413384497], [-81.6513341877499, 28.5526473388542], [-81.6517961885083, 28.5527453388884], [-81.6520941879499, 28.5528003387321], [-81.6522921881463, 28.5528373386434], [-81.6528941882068, 28.5529313384884], [-81.65350918887, 28.5530103385371], [-81.653685188944, 28.5530273384212], [-81.6539571889768, 28.5530543387663], [-81.6544241890657, 28.5530883385315], [-81.6544441890946, 28.5530903386237], [-81.6548231886966, 28.5531093385952], [-81.6551821891689, 28.5531223391884], [-81.6556651891, 28.5531283385545], [-81.6561821897094, 28.5531273384945], [-81.6566501898435, 28.5531273384822], [-81.6573021895231, 28.553127338465], [-81.6573031895755, 28.5533043385761], [-81.6573031895759, 28.5533163391324], [-81.6573031895765, 28.5533333390211], [-81.6573041896346, 28.5536803389187], [-81.6573061897458, 28.5542253390015], [-81.657312190093, 28.5562623389992], [-81.6572981894684, 28.5570073393604], [-81.6573101900353, 28.5573063397305], [-81.6572501901486, 28.5632203413853], [-81.6572301902078, 28.5658253416332], [-81.6572141904803, 28.5692493429742], [-81.6572081902215, 28.5698323430201], [-81.6571211906802, 28.5698133430409], [-81.6570101900257, 28.5698123429975], [-81.6568831904277, 28.569819342426], [-81.6567801901465, 28.5698793425121], [-81.6567071903561, 28.5698773424213], [-81.6566551897406, 28.5698463427843], [-81.6565941905067, 28.5698333430826], [-81.6565471901245, 28.5698393424626], [-81.6565151904393, 28.5698723430939], [-81.6565031898837, 28.5699103430571], [-81.6564781905236, 28.5699523423067], [-81.6563391903729, 28.570083342987], [-81.6561671895913, 28.5702513426854], [-81.6560051901698, 28.5703193431439], [-81.6558871900916, 28.5703723429059], [-81.6557301900018, 28.5704113429193], [-81.6556351900898, 28.5704073427363], [-81.6554731897686, 28.570467342824], [-81.6550491898805, 28.5705503430854], [-81.6542381891217, 28.5706703432735], [-81.6533161895108, 28.5709013432141], [-81.6532281890247, 28.5709113427806], [-81.6528801890647, 28.5709513428453], [-81.6527741886439, 28.5710003433209], [-81.6526681891259, 28.5711493430362], [-81.6526551894519, 28.5720353436381], [-81.6522251893172, 28.573063343639], [-81.6520621889623, 28.5734983440229], [-81.6519131892523, 28.5737903440729], [-81.6517631885913, 28.5739273441323], [-81.6516381890916, 28.5740983439685], [-81.6515381889579, 28.5744003435814], [-81.6514071891984, 28.5751213437324], [-81.651544189282, 28.5757543442936], [-81.651650188815, 28.5760463443368], [-81.6517561892439, 28.5762383442411], [-81.6518491890712, 28.5764803446649], [-81.6519241889618, 28.5767003440693], [-81.6520611890418, 28.5772233449273], [-81.6521421892348, 28.5781533448685], [-81.6521361889618, 28.578313345091], [-81.6521231892629, 28.5784613447574], [-81.651961188963, 28.5791493451781], [-81.651948189264, 28.5792973448445], [-81.6519851892014, 28.579859344815], [-81.6519731895538, 28.5801563450931], [-81.6519351886957, 28.5803323451589], [-81.6518791888013, 28.5805193457349], [-81.6517551893514, 28.5807893456637], [-81.6514431892751, 28.5811793457641], [-81.6511311891981, 28.5815483457905], [-81.650988188862, 28.5816853458497], [-81.6506381888168, 28.5819553457845], [-81.6504831888209, 28.5820263454825], [-81.6503701889741, 28.5820593461159], [-81.6500651883116, 28.5820983461332], [-81.6497221885849, 28.5821803454468], [-81.6495221882994, 28.5822523460917], [-81.6490611884971, 28.5824613458996], [-81.6488681885407, 28.5826593460899], [-81.6486681882615, 28.5829173463637], [-81.6484751883118, 28.5833133458399], [-81.6481821882284, 28.5840123467739], [-81.6481321877129, 28.5841943462187], [-81.6481071883612, 28.5844853462191], [-81.6481131877456, 28.5846393461631], [-81.6481501885666, 28.5847383462547], [-81.648561187877, 28.5854103468179], [-81.6488171880759, 28.5857123464214], [-81.6491911883569, 28.5860763470972], [-81.6494201882053, 28.586471346516], [-81.6497331883537, 28.5868413465721], [-81.6498951886826, 28.5870113472537], [-81.6501631885367, 28.587242347163], [-81.650568189355, 28.587551347087], [-81.6511291893245, 28.5880293476465], [-81.651415189116, 28.5883053469433], [-81.6517521894799, 28.5887063475366], [-81.6522691892086, 28.5892573478839], [-81.6525311896837, 28.5894933471257], [-81.6527371893577, 28.5896973475836], [-81.6530731896744, 28.5900773481028], [-81.6534601896596, 28.5904513474431], [-81.6538581901535, 28.5907703478309], [-81.6546441906738, 28.5913103476612], [-81.6551361901305, 28.5915303479539], [-81.6554601907828, 28.59170634801], [-81.6556781910114, 28.5918443481061], [-81.6563211911839, 28.592174348098], [-81.6567571907394, 28.5923833478823], [-81.656794190658, 28.5923893481595], [-81.656838190901, 28.5923833478802], [-81.65686919054, 28.5923563484264], [-81.6569751909576, 28.59221334809], [-81.6570191911995, 28.5921743480796], [-81.6570401912746, 28.5921723479864], [-81.6571251907233, 28.5921963481973], [-81.6571501909862, 28.5922573483264], [-81.657162190651, 28.5924713483536], [-81.6571811906363, 28.5925593479358], [-81.657202190712, 28.5925723485379], [-81.6572061909233, 28.5933303486018], [-81.6571711911601, 28.5951753486932], [-81.6569291911497, 28.6078083515486], [-81.6569491911943, 28.6082753516124], [-81.6575501925907, 28.6226103551009], [-81.6576351921706, 28.626502356549], [-81.6577261929397, 28.6307263571991], [-81.6578071923281, 28.6344403584899], [-81.6578451923522, 28.6361893586255], [-81.6578681925573, 28.6372793587902], [-81.6578951929762, 28.6392023597974], [-81.6579201932949, 28.6409053595997], [-81.6579311929339, 28.6417243597929], [-81.657947192814, 28.6428113598188], [-81.657962192646, 28.6438463601321], [-81.6579931932612, 28.6460833613056], [-81.658007193045, 28.6470643609144], [-81.6580201927797, 28.6479693614968], [-81.6580311933172, 28.6487653615232], [-81.6580531934902, 28.6502763623178], [-81.6580761937146, 28.6519333626857], [-81.6581051933148, 28.6534933630535], [-81.6581211931864, 28.6543283630889], [-81.6581331937653, 28.6549763634492], [-81.6581681936542, 28.6568363633343], [-81.6582051936393, 28.6587983643503], [-81.6582091938299, 28.6589473640625], [-81.6582551933511, 28.6614263647622], [-81.6583041939096, 28.6638723648315], [-81.6583301942676, 28.665363365598], [-81.6583601939296, 28.6673743661876], [-81.6584011941559, 28.670965367173], [-81.6584691939132, 28.6768033679967], [-81.6585011945928, 28.6795603689928], [-81.658521194708, 28.6820953695909], [-81.6585211947337, 28.6828493694692], [-81.6585221948195, 28.6840023698568], [-81.6585241949161, 28.6841133705055], [-81.6585241949261, 28.6844063705978], [-81.6585241949267, 28.6844243705329], [-81.6585241949336, 28.6846283700968], [-81.6585261950358, 28.6849033702539], [-81.658524194956, 28.6852843708282], [-81.6585241949778, 28.6859223707252], [-81.6585241949809, 28.6860123704005], [-81.6585221948938, 28.6861823701871], [-81.6585221948979, 28.6863023703538], [-81.6585231949639, 28.6868743707886], [-81.6585231949778, 28.6872823708158], [-81.658523195005, 28.688080370935], [-81.6585241950684, 28.6885783715368], [-81.6585241950768, 28.6888253712953], [-81.6585241950889, 28.6891783714709], [-81.6585241951059, 28.6896783712662], [-81.6585241951232, 28.6901833712932], [-81.6585241951436, 28.6907833721266], [-81.6585241951672, 28.6914733717361], [-81.6585241951757, 28.6917233716337], [-81.6585241951845, 28.6919803718558], [-81.6585241952047, 28.6925733723648], [-81.6585241952254, 28.6931783725307], [-81.6585231951993, 28.6937733722331], [-81.6585231952164, 28.6942733729276], [-81.6585231952372, 28.6948843724724], [-81.6585231952406, 28.6949843726113], [-81.658523195258, 28.69549437287], [-81.6585231952848, 28.6962783732396], [-81.6585231953019, 28.6967783730348], [-81.6585231953111, 28.6970473729138], [-81.6585231953224, 28.6973783729689], [-81.6585231953428, 28.6979753736633], [-81.6585231953633, 28.6985783737365], [-81.6585231953804, 28.6990783735317], [-81.6585231954042, 28.6997743743186], [-81.6585231954214, 28.7002783742992], [-81.6585231954288, 28.7004963736128], [-81.6585231954419, 28.7008783742334], [-81.658523195459, 28.7013783740286], [-81.6585231954726, 28.7017783745842], [-81.658523195483, 28.702082374287], [-81.6585231954999, 28.7025763747034], [-81.6585231955011, 28.7026113745271], [-81.6585231955102, 28.7028783743135], [-81.6585231955205, 28.7031783747302], [-81.6585231955274, 28.7033823751934], [-81.6585231955442, 28.7038743746178], [-81.6585231955546, 28.7041783752199], [-81.6585231955784, 28.7048733750612], [-81.6585231955862, 28.7051023748846], [-81.6585231955876, 28.7051423749402], [-81.65852319559, 28.7052123754871], [-81.6585231955997, 28.7054993753012], [-81.6585231956594, 28.7072453752982], [-81.6585231957343, 28.7094373761846], [-81.6585221958037, 28.7128243767073], [-81.6585231958591, 28.7130883772539], [-81.6585131955201, 28.7167453777022], [-81.6585111954539, 28.7175233777936], [-81.6585221960624, 28.720390378493], [-81.658528195619, 28.7255753796242], [-81.6585221962492, 28.7258503797815], [-81.6585261965134, 28.7281433808528], [-81.6585371961656, 28.7293423806743], [-81.6585541961216, 28.7312843816625], [-81.658576196332, 28.7338753821579], [-81.6585951963597, 28.7351993823775], [-81.6586001966823, 28.7378423825859], [-81.6586061961462, 28.7403183840461], [-81.6586151966418, 28.7425913841901], [-81.6586121965103, 28.7428183839209], [-81.6585641970841, 28.7458323851405], [-81.658563197038, 28.7458413846584], [-81.658552196551, 28.7465243848429], [-81.6585691965094, 28.7485313852467], [-81.6585711966658, 28.7503863857995], [-81.6585641973327, 28.7530803865734], [-81.658599197178, 28.753657387239], [-81.6586011972742, 28.7537543872387], [-81.6586001972421, 28.754169386691], [-81.6586001972636, 28.7547963869773], [-81.6585991972384, 28.755416386939], [-81.6585991972527, 28.7558323873369], [-81.658599197305, 28.7573563878347], [-81.6585991973835, 28.7596453878211], [-81.6585991974619, 28.7619283884287], [-81.6586001975607, 28.7634533889728], [-81.6586001975764, 28.7639103894726], [-81.6586001976, 28.7645973898421], [-81.6586001976236, 28.7652843893123], [-81.6586001976393, 28.7657423898585], [-81.6586001976624, 28.7664163896254], [-81.6586001976628, 28.7664283901817], [-81.6586001976635, 28.7664473901631], [-81.6585541973286, 28.7664823899881], [-81.6584721971232, 28.7665553897769], [-81.6583661976051, 28.7667023902986], [-81.6583461975773, 28.7667313898448], [-81.6582641973736, 28.7668573902918], [-81.6581721976063, 28.7670153904237], [-81.6581281973663, 28.7671063901466], [-81.6581061972463, 28.7671543896742], [-81.6580571976728, 28.7672243902224], [-81.6580201968566, 28.767267390418], [-81.6579931974035, 28.7673043903353], [-81.6579491971634, 28.7673933899654], [-81.6578681970082, 28.7675793904957], [-81.6576921969477, 28.7679603901751], [-81.6576451974671, 28.7680343900093], [-81.6576141969296, 28.7680823904366], [-81.6575731968282, 28.7681583903634], [-81.6575291974876, 28.7682563904107], [-81.6574131975091, 28.7685093904504], [-81.6573581967594, 28.768622390294], [-81.6573501972879, 28.7686333908041], [-81.6569961970642, 28.7691063902564], [-81.6569711968045, 28.7691403909338], [-81.6569491966845, 28.7691853903224], [-81.6569351969355, 28.7692243903319], [-81.6569361969839, 28.7692853904616], [-81.65692919666, 28.7693123908141], [-81.6569061973934, 28.7693713908516], [-81.6568801970873, 28.7694053906297], [-81.656850196595, 28.7694203904266], [-81.6568051972051, 28.769432390984], [-81.6567771968054, 28.7694433905953], [-81.6567441970736, 28.7694683908558], [-81.6566951966005, 28.7695313910794], [-81.6566731973792, 28.7695603906257], [-81.6566451969807, 28.7696073910065], [-81.6566111972037, 28.7696673910907], [-81.6565971965551, 28.7696993907758], [-81.6565811967131, 28.7697353906464], [-81.6565681970098, 28.7697543906282], [-81.6565611966853, 28.7697633910455], [-81.6565501970746, 28.7697763907491], [-81.6565381965181, 28.7697863903137], [-81.6565221966752, 28.7697953907313], [-81.6564821966181, 28.769809390482], [-81.6563911968927, 28.7698363908367], [-81.6563761970961, 28.7698403910225], [-81.6563431964642, 28.7698453903558], [-81.656319197149, 28.7698423911167], [-81.6562981970734, 28.7698313906073], [-81.6562851964698, 28.7698213910435], [-81.6562631972467, 28.7697973908309], [-81.6562531967816, 28.7697673903398], [-81.656248196549, 28.769752390544], [-81.6562451964093, 28.7697383907944], [-81.6562401970749, 28.7696863910821], [-81.6562331967472, 28.7696053909247], [-81.656220197041, 28.7695393905637], [-81.6562001970094, 28.7694583904067], [-81.6561681964207, 28.769370390825], [-81.6561511965297, 28.7693283906771], [-81.6561231970272, 28.7692773910118], [-81.6560851970605, 28.7692193910222], [-81.6560641969841, 28.7691863903923], [-81.6560371966287, 28.7691333906342], [-81.6560271970622, 28.7690823909683], [-81.6560231968762, 28.7690713904585], [-81.656003196846, 28.7690313904035], [-81.6559771965379, 28.7690063901447], [-81.6559441968044, 28.7689823908317], [-81.6559091969778, 28.768954390434], [-81.6558431966114, 28.7689083901021], [-81.6557021963599, 28.7688043906809], [-81.6555471963578, 28.7686923908892], [-81.6550791962129, 28.7683813899751], [-81.6548241960652, 28.7682263899915], [-81.6547521963196, 28.7681783904664], [-81.6546741962956, 28.7681293899957], [-81.6545861967071, 28.7680903899888], [-81.6545381962775, 28.7680673907226], [-81.6545241965268, 28.7680593903521], [-81.654476196097, 28.7680273906687], [-81.6543941958867, 28.7679613903094], [-81.6543031961577, 28.7678843903398], [-81.6542461962085, 28.7678253903043], [-81.654160195812, 28.7677393899174], [-81.6540911962053, 28.7676833900213], [-81.6540311961172, 28.7676313903104], [-81.6539881959185, 28.7675773905064], [-81.6539661957958, 28.767548390062], [-81.6539531960908, 28.7675153903313], [-81.6539481958576, 28.767481390554], [-81.6539501959495, 28.7674553902481], [-81.6539581963204, 28.7674443906372], [-81.6539841957275, 28.7674223905161], [-81.6540041957559, 28.7674113900056], [-81.6540761963971, 28.7673513899204], [-81.6541771965844, 28.767260390196], [-81.6541971957094, 28.7671303904646], [-81.6541251959602, 28.7669763905224], [-81.6541341963717, 28.7667983903649], [-81.6540631957697, 28.7666483897088], [-81.6540251958036, 28.7666093897007], [-81.6539821965048, 28.7665703896926], [-81.653969195901, 28.7665563899433], [-81.6539501959178, 28.7665343898233], [-81.653932195981, 28.7665093895643], [-81.6539061956726, 28.7664743897411], [-81.6538821963564, 28.7664433901035], [-81.6538641964199, 28.7664263902152], [-81.653805196378, 28.7663723904116], [-81.6537201960286, 28.7663083901451], [-81.6536841961558, 28.7662823898402], [-81.6536671962658, 28.76627139023], [-81.6536541956623, 28.7662633898596], [-81.6536371957723, 28.7662523902495], [-81.6535771956847, 28.7662153903345], [-81.6535391957193, 28.7661973895011], [-81.653477195539, 28.7661673899108], [-81.6533981954694, 28.7661423896533], [-81.6532121958298, 28.7661023896028], [-81.65316719554, 28.7660963902252], [-81.6530161957266, 28.7660793903405], [-81.6529831959938, 28.7660773902486], [-81.6529281961393, 28.766074390111], [-81.6528371955135, 28.766067389789], [-81.6527251957114, 28.7660523899959], [-81.6526791953752, 28.7660463897191], [-81.6525821953703, 28.7660433895826], [-81.652348195303, 28.76603739021], [-81.6522891952629, 28.7660333900262], [-81.6522741954661, 28.7660323899802], [-81.6521681959431, 28.7660353901221], [-81.6521171953753, 28.766043389595], [-81.6521031956251, 28.7660453896881], [-81.6520451956321, 28.766064389671], [-81.6519321957859, 28.7661123901004], [-81.6519071955256, 28.7661283899435], [-81.6518611951905, 28.7661563903433], [-81.6518391950692, 28.7661663899081], [-81.651790195494, 28.7661853898909], [-81.6517121954723, 28.7662073900134], [-81.6516691952758, 28.7662143903391], [-81.6515931953461, 28.7662123902484], [-81.6515381954914, 28.7662013897399], [-81.6515121951839, 28.7661943903155], [-81.6515011955727, 28.7661903901303], [-81.651475195265, 28.7661763903814], [-81.6514381953458, 28.7661553903082], [-81.651419195363, 28.7661423897061], [-81.6513201952631, 28.7660733901076], [-81.6513111948451, 28.7660623895979], [-81.6513051954649, 28.766032390006], [-81.6512841953886, 28.7659983902292], [-81.6512521957009, 28.7659593902209], [-81.6512371950044, 28.7659493897577], [-81.6511971949466, 28.7659403902409], [-81.6511701954923, 28.7659423903343], [-81.651141195046, 28.7659473896676], [-81.6510811949606, 28.7659753900678], [-81.6510501953238, 28.7660673898366], [-81.6510361955752, 28.7661163903097], [-81.651031195344, 28.7661423897165], [-81.6510311953449, 28.7661683900224], [-81.6510301952995, 28.7661983896144], [-81.6510291952553, 28.7662633899295], [-81.6510221949309, 28.766276389633], [-81.6509701952158, 28.7662763896344], [-81.6508841948219, 28.7662663900725], [-81.6508651948394, 28.7662653900266], [-81.6508361952924, 28.7662663900738], [-81.6507941951423, 28.7662773896854], [-81.6507231954454, 28.7662943904754], [-81.6506551949883, 28.7663123904122], [-81.6505901946708, 28.7663383898206], [-81.6505761949206, 28.7663433900527], [-81.6505251952529, 28.7663723904991], [-81.6504821950572, 28.7664053902313], [-81.6504501953722, 28.7664443902413], [-81.6504221949735, 28.7664843902976], [-81.6503961946673, 28.7665143898903], [-81.65037019526, 28.766529389687], [-81.6503151954064, 28.7665533899017], [-81.6502291950132, 28.7665643904138], [-81.6500681947376, 28.7665983901956], [-81.6498791949627, 28.7666723900336], [-81.6498061951728, 28.7666883898779], [-81.6497231949187, 28.7666973902973], [-81.6496411947112, 28.7667103900028], [-81.6493371949953, 28.7667773904187], [-81.6492741947706, 28.7668043898733], [-81.6492651943533, 28.7668153903835], [-81.6490981946992, 28.7668673901004], [-81.64908119481, 28.7668773905644], [-81.6490231948175, 28.766910390297], [-81.6489601945934, 28.7669513904006], [-81.6488751942491, 28.7670393899855], [-81.6488381943323, 28.7670843902738], [-81.6487911948516, 28.7671543899226], [-81.6487641945, 28.7672113898676], [-81.6487551949827, 28.7672423904055], [-81.6487531948919, 28.7673003903962], [-81.6487421943821, 28.7673213904706], [-81.6486801942054, 28.7673933902125], [-81.6486151947886, 28.7674593905757], [-81.6484981947584, 28.7675563905787], [-81.6484551945633, 28.7676083902923], [-81.6484231948783, 28.767646390256], [-81.6484121943685, 28.7676643901913], [-81.648405194044, 28.7676753907014], [-81.6483681941277, 28.7677353907857], [-81.6483541943781, 28.7677593901], [-81.6483361944433, 28.7677933907772], [-81.648318194508, 28.7678123907591], [-81.6482901941087, 28.7678353900273], [-81.6482661947942, 28.7678513907697], [-81.6482491940054, 28.7678543909092], [-81.6482361943015, 28.7678553900566], [-81.6482071947544, 28.7678563901037], [-81.6481591943261, 28.7678743900401], [-81.6481251945478, 28.7678983902542], [-81.6481061945663, 28.7679233905142], [-81.6480871945849, 28.7679523900604], [-81.6480771941218, 28.7679793904129], [-81.648073194837, 28.7680223906076], [-81.6480631943762, 28.7681193906077], [-81.648056194052, 28.7681393906357], [-81.6480431943493, 28.7681743904598], [-81.6480251944143, 28.7682033909053], [-81.6480071944792, 28.7682293903123], [-81.6479751947944, 28.7682733905541], [-81.6479371939318, 28.7683173907961], [-81.6478801939867, 28.768377390881], [-81.6478641941444, 28.7684013901953], [-81.6478481943017, 28.768416390891], [-81.6478071941999, 28.7684813903079], [-81.6477561945339, 28.768560390374], [-81.6477121942926, 28.7686163902731], [-81.6476831947465, 28.7686463907652], [-81.6476231946619, 28.7686983904793], [-81.6475771943273, 28.7687393905824], [-81.6475231945213, 28.7687973905745], [-81.6474931940294, 28.7688243909275], [-81.6474131939164, 28.7688883902991], [-81.6473451943602, 28.7689483903843], [-81.6472891944611, 28.7689973908585], [-81.6472331945618, 28.7690393910082], [-81.6471561945882, 28.7691093906579], [-81.6470391945584, 28.7692173911707], [-81.6469281939075, 28.7693193905059], [-81.6468591943069, 28.7694403907207], [-81.646818194205, 28.7695003908052], [-81.6466721937308, 28.7696703905955], [-81.6465491943232, 28.7698173911177], [-81.6465091942675, 28.7698733910167], [-81.6464411938139, 28.7699893909997], [-81.6463551943252, 28.7701533914096], [-81.6462841937328, 28.770282391096], [-81.6462321940208, 28.7703733908191], [-81.6462201943642, 28.7704033913108], [-81.6461841935954, 28.7704763910984], [-81.6461771941709, 28.7705043914971], [-81.6461711938938, 28.7705443915529], [-81.6461601942846, 28.7706003914511], [-81.6461051935346, 28.7707083910629], [-81.646021194138, 28.7708503913523], [-81.645969193527, 28.7709493914462], [-81.6459371938434, 28.7710303916045], [-81.6459031940666, 28.7710993912067], [-81.6458721935294, 28.7711583912444], [-81.6458271941421, 28.7712453916812], [-81.6457601937354, 28.7713783915529], [-81.6456791935792, 28.7715353916383], [-81.6456401935701, 28.7715953917227], [-81.6456021936077, 28.7716643913248], [-81.6454971941381, 28.7718693918372], [-81.6453981940493, 28.7721273912089], [-81.645354193812, 28.7723003920349], [-81.6453541938135, 28.7723423912838], [-81.6453461934435, 28.7723783920534], [-81.6453221941297, 28.7724143919243], [-81.6452911935919, 28.7724593913131], [-81.6452401939257, 28.7725323920004], [-81.6452071932958, 28.7725943912779], [-81.6451721934735, 28.7726903921317], [-81.6451411938385, 28.7728353916594], [-81.6451241939525, 28.7729373918914], [-81.645099193698, 28.7731223914745], [-81.6450931934236, 28.7732403915487], [-81.6450861940026, 28.7733723922718], [-81.6450761935416, 28.7734603918546], [-81.645061193747, 28.773522392031], [-81.6450451939105, 28.7737183921238], [-81.6450381935896, 28.7738333920589], [-81.6450141933787, 28.7739333921984], [-81.644971194084, 28.774014392357], [-81.6449431936866, 28.7740923923761], [-81.644943193688, 28.7741333924781], [-81.6449151932904, 28.7742043921727], [-81.644908193866, 28.774237391904], [-81.6449061937738, 28.7742533917464], [-81.6448571933099, 28.7745873919417], [-81.6448491938402, 28.7746503921643], [-81.6448341940467, 28.7747463921182], [-81.6448071936993, 28.7749273924153], [-81.6447991933328, 28.7750663925635], [-81.644812193939, 28.7751513920067], [-81.6448021934802, 28.7753033927577], [-81.6448111938998, 28.775358392609], [-81.6448131939976, 28.7755043921822], [-81.6447861936474, 28.7756043923218], [-81.6447791933262, 28.775710392739], [-81.6447751940438, 28.7758243926276], [-81.644777194138, 28.7758643926831], [-81.6447691937675, 28.7758853927575], [-81.6447491937398, 28.7759183924891], [-81.6447451935553, 28.7759503921739], [-81.6447441935102, 28.7759893921831], [-81.644749193743, 28.7760123923498], [-81.6447651935869, 28.7760323923772], [-81.6447851936158, 28.776036392562], [-81.6448041935983, 28.7760383926543], [-81.6448261937201, 28.7760453929782], [-81.6448361941844, 28.7760523924031], [-81.644847193796, 28.776064392959], [-81.6448491938896, 28.7760863921801], [-81.6448501939367, 28.7761083923006], [-81.6448381933818, 28.7761653922452], [-81.6448311939573, 28.7761943926903], [-81.6448391934318, 28.7762693925694], [-81.6448551941764, 28.7763303926987], [-81.6448581934183, 28.7763873926429], [-81.6448571933726, 28.7764103928097], [-81.6448501939474, 28.7764203923742], [-81.6448461937623, 28.7764343930232], [-81.6448361941979, 28.776442392495], [-81.6448281938269, 28.7764513929124], [-81.6448191934096, 28.7764603924305], [-81.6448131940311, 28.7764783923658], [-81.6448201934593, 28.7765573924303], [-81.6448251936925, 28.7765933923003], [-81.6448341941126, 28.7766633928469], [-81.6448441936788, 28.7767053929949], [-81.6448561933372, 28.7767313924012], [-81.6449371935007, 28.7767873922969], [-81.6449681940411, 28.7768203929265], [-81.64497719356, 28.7768333926296], [-81.645003193869, 28.7768873924341], [-81.6450131934359, 28.7769503926562], [-81.6450181936721, 28.7770713928691], [-81.6450291941842, 28.7771183923494], [-81.6450301942313, 28.7771383923772], [-81.6450341935182, 28.7771563932115], [-81.6450201937687, 28.7771803925258], [-81.6450121933978, 28.7771913930359], [-81.6449971936015, 28.7772033926932], [-81.6449861939907, 28.7772163923968], [-81.6449781936205, 28.777245392842], [-81.6449851939464, 28.7772753924338], [-81.6449981936516, 28.7773143924426], [-81.6450151935422, 28.7773433928871], [-81.6450281941465, 28.7773733924788], [-81.6450311942869, 28.7774073931555], [-81.6450301942438, 28.7775023930626], [-81.6450251940139, 28.7775643932388], [-81.6450101942186, 28.7776073925345], [-81.6450081941278, 28.7776673926179], [-81.6450131934618, 28.7777043925342], [-81.6450241939732, 28.7777323929325], [-81.6450581937551, 28.77781039295], [-81.6450681942202, 28.7778413925881], [-81.6450671941746, 28.777864392755], [-81.6450571937117, 28.7778983925326], [-81.6450551936199, 28.7779273929777], [-81.6450651940854, 28.7779693931256], [-81.6451011939597, 28.7780363926332], [-81.6451371938337, 28.7780963927156], [-81.6451461942521, 28.7781193928822], [-81.6451721936647, 28.7782553928905], [-81.6452011941134, 28.7783213932512], [-81.6452161939117, 28.7783653934917], [-81.6452261943773, 28.7784093928331], [-81.6452301936653, 28.7784593933521], [-81.645226194381, 28.7785163932965], [-81.6452251943361, 28.7785633927772], [-81.6452221941994, 28.7786343933705], [-81.6452501937022, 28.7786953934995], [-81.6452491936595, 28.7788023930635], [-81.6452521937997, 28.7788313935084], [-81.6452561939859, 28.7788473933507], [-81.6452631943112, 28.7788623931464], [-81.6452801942017, 28.7788873934055], [-81.6452961940452, 28.7788993930621], [-81.6453201942606, 28.7789273934601], [-81.6453281937338, 28.77896339333], [-81.6453181941705, 28.7790053934785], [-81.6452961940507, 28.7790593932842], [-81.645290193773, 28.7790783932658], [-81.6452901937737, 28.7791003933863], [-81.6453141939913, 28.7791923931538], [-81.6453281937436, 28.7792493930976], [-81.6453561941457, 28.7793093931802], [-81.6454011944388, 28.7794113934106], [-81.6454031936332, 28.7794343935774], [-81.6454071938212, 28.7795043932248], [-81.6454381943647, 28.7796293936224], [-81.6454521941176, 28.7797013933623], [-81.6454661938706, 28.7797793933803], [-81.645489194043, 28.7799063938708], [-81.6455121942145, 28.7800083932025], [-81.6455511942294, 28.7801163937112], [-81.645608194181, 28.7802463934406], [-81.6456401938693, 28.7803033933839], [-81.6456761937434, 28.7803643935126], [-81.6457661943291, 28.7805523932317], [-81.645798194018, 28.7806273940095], [-81.6458081944839, 28.7806803937681], [-81.6458091945314, 28.7807103933601], [-81.6458091945343, 28.7807943936566], [-81.6458181940558, 28.7808903936098], [-81.6458111946391, 28.7811463937857], [-81.6458171940196, 28.7811853937947], [-81.6458531938978, 28.7813673941364], [-81.6459161941304, 28.7815683935596], [-81.646003194579, 28.7818183934547], [-81.6460711941413, 28.7819363935269], [-81.6463791940607, 28.782389393833], [-81.646508194656, 28.782529394024], [-81.6465621944668, 28.7826133943191], [-81.6466111940462, 28.7827133944566], [-81.6468511944042, 28.7830763941899], [-81.6469711945831, 28.7832543943439], [-81.6471151949761, 28.7834223940338], [-81.6475641951409, 28.7837993944105], [-81.6475891945032, 28.7838213945303], [-81.6477171950504, 28.783916394434], [-81.6477711948615, 28.7840083942006], [-81.6478101948772, 28.7841373947834], [-81.6478251946778, 28.7842483945325], [-81.647807194742, 28.7842553948574], [-81.6477471946633, 28.7844763943115], [-81.6476761949693, 28.7845813946841], [-81.6476621952201, 28.7846153944619], [-81.6474001947593, 28.7847993949043], [-81.6471791944003, 28.7849223943166], [-81.6469941948131, 28.7850553941914], [-81.6469161947943, 28.7851593945178], [-81.6469081944241, 28.7851923942491], [-81.6468241950332, 28.7855003950388], [-81.6466501941606, 28.7857163951635], [-81.6465161942431, 28.7858773945364], [-81.6446931941813, 28.7858753944923], [-81.6430641932298, 28.7858743944894], [-81.6424531936541, 28.7858743945057], [-81.6411991930178, 28.7858753945855], [-81.6408281928883, 28.7858753945954], [-81.6380751919369, 28.7858653951047], [-81.6360371917916, 28.7858973948438], [-81.6357281918412, 28.7858913954732], [-81.626829188967, 28.7859263955345], [-81.6257161885787, 28.7859293957033], [-81.6249821886906, 28.7859193952593], [-81.6248991884364, 28.7859243954933], [-81.6248491879148, 28.7859263955873], [-81.6247341879742, 28.7859323958685], [-81.6246431882481, 28.7859373952034], [-81.6245171877971, 28.7859443955313], [-81.6244281881638, 28.7859493957654], [-81.624385187967, 28.7859513958593], [-81.624000188088, 28.7859753951834], [-81.6239891875775, 28.7859753951837], [-81.6238581877936, 28.7859753951872], [-81.6236991876096, 28.7859753951914], [-81.6236441877553, 28.7859753951929], [-81.6236141881617, 28.7859753951937], [-81.6234131878274, 28.7859753951991], [-81.6229851877507, 28.7859753952105], [-81.6225561876277, 28.7859753952219], [-81.6223401874965, 28.7859753952277], [-81.6222711878918, 28.7859753952295], [-81.6219681873207, 28.7859753952376], [-81.6215151869831, 28.7859753952497], [-81.6210601874522, 28.7859753952618], [-81.6207581869274, 28.7859753952699], [-81.6206291872363, 28.7859753952733], [-81.6204351872268, 28.7859753952785], [-81.6202421872636, 28.7859753952837], [-81.6201131866732, 28.7859753952871], [-81.6199541864893, 28.7859753952913], [-81.6197171871822, 28.7859753952977], [-81.6194801869759, 28.785975395304], [-81.6193221868383, 28.7859753953082], [-81.6173371864534, 28.7859753953612], [-81.6143611850462, 28.7859753954406], [-81.6113831844456, 28.78597539552], [-81.609399184107, 28.7859753955729], [-81.6013071818086, 28.7859753957888], [-81.5929741791181, 28.7859753960111], [-81.5764341741878, 28.7859743964058], [-81.5731451735438, 28.7859743964935], [-81.5721461730499, 28.785982396891], [-81.5666191710734, 28.7860243971866], [-81.5642641706057, 28.7860433972308], [-81.5639861702937, 28.7859943967655], [-81.5637961704695, 28.7859873973454], [-81.563517170113, 28.7859963968707], [-81.5630401704603, 28.785992396698], [-81.5628291705611, 28.7859923967036], [-81.5621991701037, 28.7859943968131], [-81.561989170251, 28.7859953968651], [-81.561784169731, 28.7859953968706], [-81.5611681699232, 28.7859963969333], [-81.5609641694496, 28.7859973969851], [-81.5599381695038, 28.7860753970308], [-81.5572371682674, 28.7860753971028], [-81.5560581684133, 28.7860753971343], [-81.5542911673528, 28.7860753971814], [-81.5525231671452, 28.7860753972285], [-81.5513431672447, 28.7860753972599], [-81.5509681669295, 28.7860753972699], [-81.5504031667905, 28.786075397285], [-81.5498371666049, 28.7860753973001], [-81.549460166197, 28.7860753973101], [-81.5475361659445, 28.7860753973614], [-81.5471471658791, 28.7860753973718], [-81.5449071653514, 28.7860743973851], [-81.5433441647651, 28.7860923973619], [-81.5433301650147, 28.7860913973159], [-81.5429971648494, 28.7860743974361], [-81.539205163346, 28.7860743975371], [-81.5389771635572, 28.7860743975432], [-81.5347971620347, 28.7860763977473], [-81.5331341613036, 28.7860733976526], [-81.5326011617503, 28.7860763978059], [-81.5319731613856, 28.7860763978226], [-81.5313361615025, 28.7860763978396], [-81.5309071613793, 28.786076397851], [-81.5304851606817, 28.7860763978622], [-81.5303651605089, 28.7860763978654], [-81.5301971608066, 28.7860763978699], [-81.5294231608611, 28.7860753978441], [-81.5286971604453, 28.7860763979099], [-81.5285661606612, 28.7860743978206], [-81.5284921599252, 28.7860763979153], [-81.5279891599653, 28.7860763979287], [-81.527873159978, 28.7860743978391], [-81.527395160279, 28.7860743978518], [-81.5265881597015, 28.7860763979661], [-81.5256481592472, 28.7860763979911], [-81.5227081586108, 28.7860763980695], [-81.5211161584767, 28.7860763981119], [-81.5209821576542, 28.7860763981154], [-81.5208791582703, 28.7860763981182], [-81.5207251583183, 28.7860763981223], [-81.5204681580832, 28.7860763981291], [-81.5202811574991, 28.7860763981341], [-81.5172701571652, 28.7860763982143], [-81.5071961537198, 28.7860763984827], [-81.5066601540271, 28.786076398497], [-81.5058571536352, 28.7860763985184], [-81.5056791534688, 28.7860763985231], [-81.5047861533976, 28.786097398621], [-81.5045201536443, 28.7861043989525], [-81.4982091512566, 28.7861193989167], [-81.4937181505903, 28.7861353988786], [-81.4930231498144, 28.7861373989899], [-81.4924611498145, 28.7861393990975], [-81.4919931496802, 28.7861403991564], [-81.4916011494755, 28.7861423992595], [-81.4909101488851, 28.7861443993706], [-81.4903591493958, 28.786146399478], [-81.4894441492023, 28.7861493987421], [-81.4887501484728, 28.7861513988533], [-81.4879481481273, 28.7861543990137], [-81.4873321483195, 28.7861563991228], [-81.4867361485404, 28.7861583992314], [-81.4860621478397, 28.7861603993421], [-81.4856431481806, 28.7861623994459], [-81.4853991476494, 28.7861633994988], [-81.4847911473135, 28.7861653996077], [-81.4841851470704, 28.7861683988636], [-81.4829321473795, 28.7861733991287], [-81.4820831466517, 28.7861773993368], [-81.4813901468678, 28.7861793994479], [-81.4808351462935, 28.7861823996018], [-81.4804971458967, 28.7861833996571], [-81.4794881458377, 28.7861873989701], [-81.4786651454171, 28.7861913991774], [-81.4773711456222, 28.7861953993973], [-81.4765861451648, 28.7861543993163], [-81.4760161447925, 28.7861253997858], [-81.4749021443554, 28.7860673998248], [-81.4739101441841, 28.7860163992858], [-81.4736011442331, 28.7859983993589], [-81.4723651435302, 28.7859363992158], [-81.4717951440573, 28.785906399639], [-81.4703841433268, 28.7858333998899], [-81.4696121434727, 28.7857933998549], [-81.46935714333, 28.7857843994445], [-81.4677211429516, 28.7857603992748], [-81.4659971420867, 28.7857343999141], [-81.4644991418172, 28.7857123998335], [-81.4612621408861, 28.7856673996324], [-81.4605151403949, 28.7856663996059], [-81.4502001374555, 28.7856603996023], [-81.4444731360873, 28.7856544003759], [-81.4425771353351, 28.7856524003336], [-81.4419531351558, 28.7856504002576], [-81.4412001352854, 28.7856474001385], [-81.4386121338961, 28.7856384006895], [-81.4369881331758, 28.7856334005009], [-81.4326121324488, 28.7856184008214], [-81.4310311319253, 28.7856124005853], [-81.4292381314563, 28.7856064003549], [-81.4274581306911, 28.7856004010234], [-81.4263471303949, 28.7855964008676], [-81.4243251300906, 28.7855904006433], [-81.4229631298377, 28.7855864004941], [-81.4214121289077, 28.7855824003499], [-81.4196481288851, 28.7855774010644], [-81.4180551278047, 28.7855724008749], [-81.4165691280927, 28.7855714008681], [-81.4156241274062, 28.785573400986], [-81.414685126998, 28.7855694008255], [-81.4146661270156, 28.785569400826], [-81.41457212715, 28.7855694008285], [-81.4144951271652, 28.7853104005158], [-81.4144901269328, 28.7852994009054], [-81.4144851267003, 28.7852874012485], [-81.4144771272279, 28.7852734005998], [-81.4144701269025, 28.7852594008503], [-81.41446512667, 28.7852444010544], [-81.4144591272905, 28.785231400452], [-81.4144531270115, 28.7852174007025], [-81.4144471267327, 28.7852054010457], [-81.4144421273995, 28.7851914012962], [-81.4144271267021, 28.7851534004344], [-81.4144201272758, 28.7851294011207], [-81.414415127043, 28.7851074010003], [-81.4144171271346, 28.7850724011765], [-81.4144211273193, 28.7850464008705], [-81.4144491268171, 28.7849604004805], [-81.4144811274011, 28.7849114009062], [-81.4146051268582, 28.7848514008196], [-81.4146821268333, 28.7848254005116], [-81.4150361270665, 28.7846254011237], [-81.4150911269185, 28.7845554005753], [-81.4151351271594, 28.7844874010193], [-81.4151701269824, 28.7844124002397], [-81.415201127519, 28.7843334010734], [-81.4152321271555, 28.78423440098], [-81.4152511271325, 28.7840754008036], [-81.4152451268457, 28.7838334003776], [-81.4152511271172, 28.7836294008136], [-81.4152651268613, 28.7834484005168], [-81.4152941273003, 28.7832304003031], [-81.4153301271648, 28.7830114000429], [-81.4153731273582, 28.7829103998565], [-81.4155291273947, 28.7826694003719], [-81.4155731276334, 28.7825364005008], [-81.4155801270573, 28.7824884000742], [-81.4155801270555, 28.7824364003617], [-81.4155641272105, 28.7823814005105], [-81.4155561268369, 28.7823154001492], [-81.4155371268519, 28.7822384001777], [-81.4155341276058, 28.782056399835], [-81.4155121274732, 28.7817374003367], [-81.4155051271292, 28.781177399559], [-81.4155001268891, 28.7809423994575], [-81.4154931274618, 28.7808913997916], [-81.4154791268096, 28.7808173999589], [-81.4154641270102, 28.7807403999873], [-81.415449127212, 28.7806983998394], [-81.4154031268728, 28.7806064000725], [-81.4153581274797, 28.7805243998699], [-81.4152931271583, 28.7804393995287], [-81.4152031274752, 28.7803463997167], [-81.4151451274792, 28.7802773992177], [-81.4151371271075, 28.7802643995146], [-81.415132126865, 28.7799593997656], [-81.4151511268419, 28.7797983994964], [-81.415178127192, 28.7796963992641], [-81.4152011273572, 28.7796123998662], [-81.4152071267346, 28.7795623993469], [-81.415229126851, 28.7794093994486], [-81.4153111270515, 28.7791893991408], [-81.4153581274282, 28.7790223994921], [-81.4153631267582, 28.7789453995199], [-81.4153631267514, 28.7787443991957], [-81.4153481269492, 28.7785863990666], [-81.4153391274297, 28.7785523992894], [-81.4153331271506, 28.7785343993545], [-81.4153051267487, 28.7784793995036], [-81.4152411273725, 28.7783763992274], [-81.4152081267393, 28.7783463996362], [-81.4151911268485, 28.7783093988208], [-81.4151421272704, 28.7782473995454], [-81.4151281266202, 28.7782293996107], [-81.4150931267935, 28.7781983990739], [-81.4150571269207, 28.7781733988154], [-81.415048127402, 28.778165399344], [-81.4150221270936, 28.7781293994746], [-81.4150161268148, 28.7781213991039], [-81.4149511264932, 28.7780273992449], [-81.4149041270055, 28.7778943993761], [-81.4147971265237, 28.7775163989438], [-81.414776126443, 28.7773583988148], [-81.4147541272179, 28.7772743985188], [-81.4146911269844, 28.7770443986506], [-81.4146881268371, 28.7768093985491], [-81.4147451267785, 28.7766393987611], [-81.4147541271957, 28.7766253990112], [-81.4147631267126, 28.7765863990017], [-81.4147771264616, 28.7765453988995], [-81.4147991265817, 28.7765003986116], [-81.4148331272579, 28.7764323990558], [-81.4148831268767, 28.7763303988228], [-81.4148911272474, 28.7763153990266], [-81.4148921272921, 28.7762653985074], [-81.4149181266983, 28.7762153988869], [-81.414923126929, 28.7761743987849], [-81.4149131264518, 28.7757903989712], [-81.4149031268861, 28.7757623985728], [-81.414890127181, 28.7757283987957], [-81.4148811267625, 28.7757063986755], [-81.4148741264371, 28.7756883987406], [-81.414866126963, 28.7756273986111], [-81.4148861269874, 28.7754973988797], [-81.4148951265024, 28.7754003988796], [-81.4148981266402, 28.7753583987312], [-81.4148821267934, 28.7752543984073], [-81.4148731263737, 28.7751953983705], [-81.4148551264281, 28.7749133987887], [-81.414858126566, 28.774873398733], [-81.4148721272126, 28.7747853982507], [-81.4148851269131, 28.7746843980651], [-81.4148901271444, 28.774661397898], [-81.4148991266619, 28.7746353984912], [-81.414944126948, 28.7745343983048], [-81.4149641269755, 28.774495398295], [-81.4150141265953, 28.7744213984607], [-81.415060126929, 28.7743533980053], [-81.4152561270244, 28.7741483983898], [-81.4153531270256, 28.7740413979238], [-81.4153661267291, 28.7740303983129], [-81.4153971272675, 28.7740043980061], [-81.4154281269066, 28.7739783976994], [-81.4156711273863, 28.7738273978879], [-81.4158381270273, 28.7733893982642], [-81.4157991270073, 28.7731343981358], [-81.4156621269387, 28.7729543978894], [-81.4156001267547, 28.7728123976039], [-81.4156191267267, 28.7725093979469], [-81.4156321273265, 28.7724093978076], [-81.4156951266463, 28.7722183979453], [-81.4157661272375, 28.772052397443], [-81.4158061272832, 28.7717033974518], [-81.4158181269324, 28.7714603978783], [-81.415844127226, 28.7710623974146], [-81.4160951271654, 28.7705553972882], [-81.4163731274407, 28.7695243971526], [-81.4163681272067, 28.7694683972548], [-81.4163661271128, 28.7694373967171], [-81.4163021268354, 28.7692803966357], [-81.4162341272704, 28.7690863966377], [-81.4162291270303, 28.7688513965363], [-81.4161941271976, 28.7686413966951], [-81.416179127398, 28.7685583964453], [-81.4161721270549, 28.7680273970118], [-81.4161631266259, 28.7676933968179], [-81.4161531270547, 28.76750739629], [-81.4161381272565, 28.7674633969487], [-81.4161111269011, 28.7674143964767], [-81.4160931269642, 28.7673873961248], [-81.4160611272764, 28.7673443968304], [-81.4160301267354, 28.7672943963121], [-81.4160161269837, 28.7672563963496], [-81.4159761269223, 28.7671453966011], [-81.415957126939, 28.7671173962031], [-81.4158831270978, 28.7669893965668], [-81.4158711265402, 28.766968396493], [-81.4157551265462, 28.7667683962182], [-81.4156421266893, 28.766507396713], [-81.4156321271203, 28.7663853964539], [-81.4156321271184, 28.7663293965559], [-81.4156351263575, 28.7663043962963], [-81.4156591265689, 28.766216396713], [-81.4156621267078, 28.7662073962957], [-81.4156701270771, 28.7661513963975], [-81.4156721271676, 28.7660833959433], [-81.4156671269329, 28.7660043958787], [-81.4156481269476, 28.7659183963892], [-81.4156161263577, 28.7657953960843], [-81.4156131271125, 28.7656413961402], [-81.4156171263975, 28.7656043962237], [-81.4156831267537, 28.7653493960924], [-81.4158101263352, 28.7648573957653], [-81.4158411268708, 28.7647503962004], [-81.4158481271935, 28.7646883960241], [-81.4158501263854, 28.7646433957367], [-81.4158491263366, 28.7645733960892], [-81.4158471271417, 28.7645303958946], [-81.4158371266757, 28.7644733959506], [-81.4157171264984, 28.7643453954162], [-81.415537126233, 28.7641643960239], [-81.4153281264195, 28.7639533961411], [-81.4153111265291, 28.7639333961137], [-81.4152921265456, 28.7639003954838], [-81.4152691263761, 28.7638553960964], [-81.4152401268261, 28.7637743959397], [-81.4152181267012, 28.7636773959404], [-81.4152141265121, 28.7635763957553], [-81.4152121264177, 28.7635273952825], [-81.4152171266481, 28.7634803958017], [-81.4152311263966, 28.7634253959497], [-81.4152341265355, 28.7634163955325], [-81.4152431269524, 28.7633963955044], [-81.4152671262658, 28.7633443957913], [-81.4152931265715, 28.7633003955496], [-81.4153031261354, 28.7632753952898], [-81.4153081263659, 28.7632303959016], [-81.4153331266177, 28.7629663953543], [-81.4153391268948, 28.762927395345], [-81.4153851263218, 28.7626423956223], [-81.4153911265989, 28.7626053957056], [-81.4154051263478, 28.762563395557], [-81.4154441263554, 28.7624553950462], [-81.4154811262721, 28.7624063954718], [-81.4155111267636, 28.7623663954154], [-81.4155331268843, 28.7623383950162], [-81.4155421264018, 28.7623163948955], [-81.4155471266308, 28.7622243951272], [-81.4155461265828, 28.7621803948863], [-81.4154831263501, 28.7619713950922], [-81.4154741268295, 28.7619053956303], [-81.4154691265924, 28.7617593951578], [-81.4155091266246, 28.761016394889], [-81.4155191261886, 28.7609933947218], [-81.4155261265128, 28.7609753947866], [-81.4155721268461, 28.7608963947206], [-81.4155881266883, 28.7608683952209], [-81.4156091267625, 28.7608373946826], [-81.4156321269294, 28.7608043949509], [-81.4156441265861, 28.7607783946447], [-81.4156581263354, 28.760747395006], [-81.4156651266594, 28.7607253948853], [-81.4156711269373, 28.7607073949501], [-81.415678126361, 28.760654395191], [-81.4156781263532, 28.7604263945145], [-81.4156771263041, 28.7603483944961], [-81.4156681267815, 28.7602243950436], [-81.4156661266862, 28.760152394404], [-81.4156611264497, 28.7600203945805], [-81.4156601264, 28.7599213944879], [-81.4156681267688, 28.7598513948401], [-81.4156701268603, 28.7598123948309], [-81.4156741261446, 28.7597533947938], [-81.4157141261997, 28.7596823950988], [-81.4157471268287, 28.7595893943841], [-81.4157801265573, 28.7594683950695], [-81.4157921262137, 28.7594373945315], [-81.4158171264736, 28.7594073949389], [-81.4159001267247, 28.7593093948904], [-81.4159241269377, 28.7592693948342], [-81.4159631269464, 28.7591953950002], [-81.4159981267696, 28.7591253944523], [-81.4160051261948, 28.7591173949806], [-81.4160381268261, 28.7590933947665], [-81.4161081264744, 28.7590093944681], [-81.416139127012, 28.7589623940873], [-81.4161601270859, 28.7589223949304], [-81.4161801262138, 28.7588773946425], [-81.4161841263984, 28.7588483941975], [-81.4162041264226, 28.7587133942342], [-81.4162651265524, 28.7586253946499], [-81.4162971262364, 28.7585563941485], [-81.4163111268844, 28.7585073945747], [-81.4163181263089, 28.7584743948434], [-81.4163311269101, 28.7584153948061], [-81.416268126676, 28.7581683941498], [-81.4162671266211, 28.7579183942523], [-81.4163461266816, 28.757676393824], [-81.4165001266134, 28.7570853943029], [-81.4165591266423, 28.7567623937177], [-81.41656212678, 28.7567173943296], [-81.4165781266217, 28.7566743941346], [-81.4165901262769, 28.756603393541], [-81.4165821268027, 28.7565373940791], [-81.4164831266927, 28.7561743934425], [-81.4164701269843, 28.7560453937582], [-81.4164651267471, 28.7558933939069], [-81.4164631266477, 28.7557023940463], [-81.416463126644, 28.7555913933975], [-81.4164661267785, 28.7554533932956], [-81.4165051267854, 28.7553303938881], [-81.4165791266181, 28.7552083936267], [-81.4172041268373, 28.7550223939813], [-81.4174651272542, 28.7549073931401], [-81.4176791272859, 28.7547093938486], [-81.4184281269683, 28.7546403933281], [-81.4184771274434, 28.7546373931878], [-81.4187491274442, 28.75372339308], [-81.4215451273805, 28.7445513905156], [-81.4215301274899, 28.7418053900286], [-81.4216571279584, 28.740954390147], [-81.4212421275744, 28.7406243901491], [-81.4211631275027, 28.7405403898547], [-81.4213601276441, 28.7403253897756], [-81.4216761279069, 28.7399603899346], [-81.4217081275925, 28.7399373897669], [-81.4218871277987, 28.7397443898087], [-81.422014127387, 28.7394503896667], [-81.4220331273681, 28.7394103896107], [-81.4220331273675, 28.7393933897219], [-81.422134127549, 28.7391333893581], [-81.4221201277898, 28.7388733898965], [-81.4221661281036, 28.7382243894883], [-81.4222271273319, 28.7380703895425], [-81.4224341279302, 28.7376443895747], [-81.4224841275508, 28.7375933890079], [-81.4226731282161, 28.7372523893835], [-81.4227731274495, 28.7369203892793], [-81.4230811282377, 28.7364793886135], [-81.4230891277089, 28.7364573884928], [-81.4232711280535, 28.7362393891743], [-81.4235281282724, 28.7357613885934], [-81.4235661282345, 28.7356823885276], [-81.4237641284182, 28.7353453890883], [-81.4250461285525, 28.7352463889617], [-81.4260111283465, 28.7346023887609], [-81.4268791290279, 28.7337523880066], [-81.4277461287553, 28.7326563875401], [-81.429151129149, 28.7310173870694], [-81.4297091298397, 28.7303443873337], [-81.4298831298117, 28.7300873871069], [-81.43009212961, 28.7298523869997], [-81.4302471296016, 28.7296523867177], [-81.4312331303559, 28.7285923870176], [-81.4315081296124, 28.728140386742], [-81.4316411303514, 28.7270513866195], [-81.4324831298365, 28.7265013862826], [-81.4325771305856, 28.726037386355], [-81.433369130436, 28.7251243862796], [-81.4341591311003, 28.7244283854715], [-81.4344101310389, 28.7238943858921], [-81.4362301308906, 28.721800385003], [-81.4365081311934, 28.7215763854039], [-81.4376571314339, 28.720982384818], [-81.4382011314842, 28.7205823851471], [-81.438558131843, 28.7199823843041], [-81.4390901322321, 28.7194723840311], [-81.4394381321807, 28.7190913843469], [-81.4396391324976, 28.7185773838972], [-81.4396621317507, 28.7181213843422], [-81.4397831319632, 28.7179233841539], [-81.440096132086, 28.7175343840997], [-81.4404901323477, 28.7164843839795], [-81.4407971321927, 28.7161133838606], [-81.4408971323324, 28.7159873834131], [-81.440999132565, 28.7158623839112], [-81.4406741318708, 28.7158233839106], [-81.4409451327495, 28.7156423836069], [-81.4411701323913, 28.7154143838238], [-81.4412041321687, 28.7153623832111], [-81.4414231324302, 28.715101383697], [-81.4417821328952, 28.7148953831315], [-81.4421491328349, 28.7147693835763], [-81.4427481327511, 28.7147043832452], [-81.4432771330125, 28.7145363835374], [-81.443386132672, 28.7144513831916], [-81.4435581334548, 28.714318383317], [-81.443635133429, 28.7142683827958], [-81.4437651331638, 28.7141853834415], [-81.4438261332955, 28.7141543829022], [-81.4439281335308, 28.7141073834187], [-81.4440101328377, 28.7140573828974], [-81.4441131331185, 28.713984383108], [-81.4442771335316, 28.7138993827608], [-81.444386133193, 28.7138693831659], [-81.4444851332899, 28.7138503831818], [-81.4446301337226, 28.7138223827793], [-81.4447501329958, 28.7138133832583], [-81.444856133418, 28.713806382931], [-81.4450811339662, 28.7137873829436], [-81.4451291334955, 28.7137793825715], [-81.4452031333319, 28.7137673829126], [-81.445243133389, 28.7137553832545], [-81.4452921338639, 28.7137413826043], [-81.4453551331893, 28.713715383196], [-81.4454291339241, 28.7136793824246], [-81.4455181335567, 28.7136503828766], [-81.4455451339101, 28.713642382505], [-81.445561133753, 28.7136353830794], [-81.4456141335141, 28.7136233825217], [-81.4457031340468, 28.7136163830942], [-81.4457491334835, 28.713616383093], [-81.4458681336099, 28.7136163830898], [-81.4459191341782, 28.713621382421], [-81.4459811334584, 28.7136323829292], [-81.4461601336723, 28.7136613824702], [-81.4463211339501, 28.7136913829572], [-81.4463991339728, 28.7137013825194], [-81.4464581340134, 28.7137183824066], [-81.4464841343212, 28.7137353831939], [-81.4464991341186, 28.7137523830822], [-81.4465061335445, 28.713764382739], [-81.4465341339462, 28.7138113831183], [-81.4466191342976, 28.7139333824761], [-81.4466541341258, 28.7140103833466], [-81.4467431337653, 28.7141843833162], [-81.4468311342582, 28.7143733830819], [-81.4468811338836, 28.7144653828486], [-81.4470121336732, 28.7146313833456], [-81.4470621341968, 28.7146873832422], [-81.4471971341694, 28.7147763828677], [-81.4472651346296, 28.7148473834591], [-81.4473441338023, 28.7149433834106], [-81.4474191345879, 28.7150343831303], [-81.4474741344448, 28.7151093830082], [-81.4475251341155, 28.7151653829048], [-81.4475561346556, 28.7151893831172], [-81.4476261343082, 28.71523238331], [-81.4476711345985, 28.7152533833829], [-81.4477671345581, 28.7152893832505], [-81.4478331340241, 28.7153013829058], [-81.4479541342434, 28.7153033829952], [-81.4482551347221, 28.7153103833117], [-81.4483001341125, 28.7153153835423], [-81.4484401343146, 28.7153283832419], [-81.4486001345452, 28.7153333834695], [-81.4486641348171, 28.7153303833287], [-81.4487271350427, 28.7153283832343], [-81.4487781347109, 28.7153133834369], [-81.448829134379, 28.7152923833615], [-81.4488561347323, 28.7152823828972], [-81.4489281344752, 28.7152523833032], [-81.4491641346303, 28.7151083829171], [-81.4494411348876, 28.7149133828636], [-81.449585135273, 28.7148573829619], [-81.4496131347732, 28.7148403830725], [-81.4496511347369, 28.7148113826265], [-81.4497041344979, 28.7147943827363], [-81.4497601352973, 28.714771382568], [-81.4498251347148, 28.7147263831782], [-81.4499061348742, 28.7146603828146], [-81.4499871350336, 28.7145943833502], [-81.4500341354148, 28.7145593826259], [-81.4501031350181, 28.7145163833288], [-81.4501701354283, 28.7144843827429], [-81.4502591350611, 28.7144633826665], [-81.4503081346364, 28.71444538273], [-81.4503711348613, 28.7144223825615], [-81.4504471347899, 28.7143953831066], [-81.4505461348862, 28.7143563830948], [-81.4506071350186, 28.7143443825369], [-81.4506661350583, 28.7143353830174], [-81.4509871355654, 28.7143293827308], [-81.4510341350483, 28.7143233824514], [-81.4510851356161, 28.7143173830712], [-81.4511801355277, 28.7143053825124], [-81.4512311351963, 28.714301383225], [-81.4513231349689, 28.7142953829444], [-81.4514931356634, 28.7142963829863], [-81.4516621354121, 28.7142963829818], [-81.4517331351094, 28.714288382609], [-81.4520391358214, 28.714332382842], [-81.4523731360345, 28.714385382592], [-81.4526901354582, 28.7144293828246], [-81.4529331359422, 28.7144033825122], [-81.4533731356727, 28.7142923827511], [-81.4542021363738, 28.7143443824416], [-81.4546441362039, 28.7144333829582], [-81.4550451368266, 28.7144413824191], [-81.455520136384, 28.7143653824808], [-81.455710136207, 28.7143383830228], [-81.4563291370506, 28.7142523826171], [-81.4570041368975, 28.714225382247], [-81.4574491368668, 28.7143093825318], [-81.4574971372959, 28.7143183829477], [-81.4576241368943, 28.7143193829907], [-81.4579551369664, 28.714322383121], [-81.4581321370833, 28.7142323825416], [-81.4582901372183, 28.7141533824726], [-81.4585531377264, 28.7139943822897], [-81.4593601373929, 28.7136453822781], [-81.4595271379353, 28.7132693828304], [-81.4595151373613, 28.712766381997], [-81.4595271378213, 28.7099273816946], [-81.4595151372466, 28.7094033816863], [-81.4595361372792, 28.7081533812981], [-81.4595301378306, 28.7061133802626], [-81.459546137578, 28.7033013803122], [-81.4595781371367, 28.6995543792872], [-81.4595881375727, 28.6987313789079], [-81.4595981371018, 28.697682378844], [-81.4596131368472, 28.6961723780947], [-81.4595591369237, 28.6927793772939], [-81.4595991368389, 28.6885943766491], [-81.4596571366678, 28.6837523752259], [-81.4596401367178, 28.6819763747372], [-81.4596341364383, 28.6819443750526], [-81.4596321363398, 28.6817773745059], [-81.4596221367535, 28.681142374748], [-81.4596251368613, 28.6802193742298], [-81.459633136301, 28.679273374444], [-81.4596341363171, 28.6783813735643], [-81.4596391365198, 28.6775183740288], [-81.4596471368573, 28.6765243738165], [-81.4596481368632, 28.6753323734193], [-81.4596521361232, 28.6745583735128], [-81.4596581363647, 28.6734713725869], [-81.4596611365021, 28.6734173727815], [-81.4596621365432, 28.6732613727446], [-81.4596621365407, 28.6731893730043], [-81.4596641366245, 28.6729233723648], [-81.4596671367577, 28.6727453722073], [-81.4596641366162, 28.6726783726989], [-81.4596601364298, 28.6726563725785], [-81.4596601364292, 28.6726393726898], [-81.4596621365084, 28.6722373729405], [-81.4596711359724, 28.6706383725621], [-81.4596741360925, 28.6700763716912], [-81.4596751361352, 28.6699673720343], [-81.4596961360465, 28.6651393712607], [-81.4597021363036, 28.6645133710201], [-81.4597001361997, 28.6641843701584], [-81.4597081356169, 28.6625723700766], [-81.4597071364624, 28.6623543698636], [-81.4597101356768, 28.661603370124], [-81.4597101356729, 28.6614903702818], [-81.4597111356992, 28.6608983698188], [-81.4597161358777, 28.6593193694682], [-81.4597191359909, 28.6585543690796], [-81.4597291354259, 28.654729368036], [-81.4597281352649, 28.6513523670757], [-81.4597311353957, 28.6511023671778], [-81.4597281352113, 28.6497723675781], [-81.4597281352019, 28.6494933672353], [-81.4597261359537, 28.6478813662544], [-81.4597251358308, 28.6456233659046], [-81.4597011355883, 28.6447983663326], [-81.4597011355854, 28.6447103658506], [-81.45970213563, 28.6446583661381], [-81.4597041357207, 28.6445953659155], [-81.4596981354383, 28.6444803659807], [-81.4596961353445, 28.644448366296], [-81.4596921351559, 28.6443623659068], [-81.4597211355786, 28.6436613657863], [-81.4597301350615, 28.6426163650084], [-81.4597311350261, 28.6402013645752], [-81.4579651349111, 28.6402023646682], [-81.4565631346007, 28.6401983645197], [-81.4563401341449, 28.6402033647574], [-81.4562751338263, 28.6401993645737], [-81.4513071326073, 28.6401953654185], [-81.4506281325738, 28.6401953654364], [-81.4489631317495, 28.6401853650168], [-81.446571131362, 28.6401723653765], [-81.4454141307299, 28.6401663651289], [-81.4447221309923, 28.6401633650081], [-81.4446281311266, 28.6401613649179], [-81.4445871310227, 28.6401633650116], [-81.4438121310306, 28.6401573656533], [-81.4436061304641, 28.640155365566], [-81.4429261303844, 28.6401643651018], [-81.4392121289023, 28.6401463652646], [-81.4369891282635, 28.64013336562], [-81.4355751282935, 28.6400703654348], [-81.4354751281494, 28.640066365252], [-81.4301991270295, 28.6401563659658], [-81.4292821267435, 28.640171365786], [-81.4273301260919, 28.6402053656149], [-81.425281125432, 28.6401353660213], [-81.4241981246369, 28.6401383661889], [-81.4241971245895, 28.6401103657903], [-81.4239881247829, 28.6401043655177], [-81.4234921251478, 28.6401023654381], [-81.4229971246597, 28.6401013654047], [-81.4213781241718, 28.6401053656328], [-81.420999123671, 28.6401073657355], [-81.4206741238772, 28.6400993662726], [-81.4205711235937, 28.6400923659508], [-81.4201261236272, 28.6400883657771], [-81.419464123483, 28.6400833655628], [-81.4191371235968, 28.6400863657105], [-81.4184821228783, 28.640084365635], [-81.4179341235279, 28.6400833656031], [-81.4176171232063, 28.6400823655651], [-81.4174451233182, 28.6400793663299], [-81.416266122564, 28.6400633656193], [-81.4159791227353, 28.6400633656268], [-81.4157131220824, 28.6400643656802], [-81.4156401222921, 28.6400663657748], [-81.4153711223992, 28.6400633656429], [-81.4153691223008, 28.6398993661345], [-81.4153741225139, 28.6393393653561], [-81.4153691222573, 28.6386143659225], [-81.4153071220504, 28.637797365823], [-81.4152121221108, 28.6369793647786], [-81.4152041226355, 28.6368803655855], [-81.4151591223277, 28.636345365068], [-81.4151261225816, 28.6359513647911], [-81.4151251225238, 28.6356143644577], [-81.4151241224594, 28.6350823649775], [-81.4151241224424, 28.6345803650892], [-81.4151241224271, 28.6341303649135], [-81.4151181221329, 28.6336633648492], [-81.4151141219324, 28.6332243642842], [-81.4151141219171, 28.6327703639231], [-81.4151301217489, 28.6324343645348], [-81.4150921217188, 28.6305063632953], [-81.4150931217582, 28.6302973634995], [-81.4151261223674, 28.6296223636847], [-81.415102122135, 28.6290893632594], [-81.4151001220192, 28.62841036326], [-81.4151101215487, 28.627368362621], [-81.4151161217675, 28.6256053627338], [-81.4151221220232, 28.6249323621131], [-81.4150931215289, 28.6235173621708], [-81.4150831219385, 28.6227593621069], [-81.4150791217326, 28.6221623614122], [-81.4150641219178, 28.6216263617468], [-81.4150481220121, 28.6197783615171], [-81.4150351213625, 28.6184063608698], [-81.4149971213075, 28.6157383604003], [-81.4149791213264, 28.6144033596695], [-81.4149731210142, 28.6134043592256], [-81.414948121637, 28.6129403593009], [-81.4149461215431, 28.6129093596625], [-81.4149341209573, 28.6120523595059], [-81.4149341209359, 28.6114203589873], [-81.4149291215965, 28.6112203587094], [-81.4150271216298, 28.6106923585126], [-81.4151101209789, 28.610513359206], [-81.4152521212662, 28.6103023584143], [-81.41528212176, 28.6103303588122], [-81.4153811209615, 28.6104233586241], [-81.4154451212351, 28.6104713590489], [-81.4158411216358, 28.6107743586951], [-81.4162521218342, 28.6111073588324], [-81.4165091220763, 28.6113103592426], [-81.4168651215192, 28.6115893586768], [-81.4169221214679, 28.6116343589626], [-81.4170291219396, 28.6117183592565], [-81.4170701220447, 28.6117503589401], [-81.4175261216341, 28.6121023590576], [-81.4176921221474, 28.6122303595908], [-81.4179491223892, 28.6124273588236], [-81.4181751220908, 28.6125943593645], [-81.4183541223077, 28.612715359573], [-81.4186521226532, 28.6129013591941], [-81.418825122591, 28.6130023593749], [-81.4189221225977, 28.6130593593166], [-81.4190481221519, 28.6131253596749], [-81.4191221228891, 28.613158359404], [-81.4192531226754, 28.6132283590482], [-81.4198871224293, 28.6135223591704], [-81.4204041230449, 28.6136973591751], [-81.4205891226389, 28.6137593593464], [-81.4208311230801, 28.6138413595439], [-81.4210031229698, 28.6138903591128], [-81.4220001233809, 28.6141743596612], [-81.4225981232581, 28.614329359636], [-81.422660123438, 28.6143463595232], [-81.422938123751, 28.6144253595806], [-81.4233961234258, 28.614556359346], [-81.4240461239188, 28.614751359375], [-81.4252471248056, 28.6150933599086], [-81.4253891241934, 28.6148763597382], [-81.425495124612, 28.6147623598468], [-81.4256151247814, 28.6146613596583], [-81.4257491247016, 28.6145733591727], [-81.4258451246583, 28.6145243595968], [-81.4260471250363, 28.6144393592485], [-81.4262031250792, 28.6143863594855], [-81.4274031249977, 28.614059359584], [-81.4297311259898, 28.6134003595511], [-81.4317891261485, 28.6128913592842], [-81.4320481264753, 28.6128573586006], [-81.4322901260131, 28.612818358585], [-81.432391126203, 28.6128033587863], [-81.4325671262762, 28.6127913591247], [-81.4344001267984, 28.6126683587707], [-81.4344611269312, 28.6126693588155], [-81.4347471267132, 28.6126593592436], [-81.4355341272616, 28.6126473586667], [-81.4361931272663, 28.6126453585566], [-81.4365091275419, 28.6126553590119], [-81.4367111279229, 28.6126603592384], [-81.4373171281666, 28.6126773591111], [-81.4375191276484, 28.6126833584846], [-81.4377211280294, 28.6126903588038], [-81.4379181281785, 28.6126973591231], [-81.4383281283195, 28.6127063586302], [-81.4385311278477, 28.6127113588566], [-81.4387361283678, 28.612716359083], [-81.4393511281299, 28.6127313588628], [-81.4395561286501, 28.6127373591356], [-81.4398771282583, 28.6127453585986], [-81.4408401288815, 28.6127693587866], [-81.441161129389, 28.6127773591489], [-81.4417171291109, 28.6127873586985], [-81.4418171292549, 28.6127893587886], [-81.4422551288969, 28.6128033585267], [-81.442419129313, 28.6128033585224], [-81.4427021289558, 28.6127953590435], [-81.4430281296941, 28.6127683586826], [-81.4433421298752, 28.6127273585724], [-81.4435751298946, 28.6126863584643], [-81.4436061295344, 28.6126833583244], [-81.4436251295166, 28.6126773589451], [-81.4438451298321, 28.6126383589301], [-81.4451661299718, 28.6123743583485], [-81.4456421304745, 28.6122863587533], [-81.4467211301777, 28.6120773580297], [-81.4471171305657, 28.6120063583254], [-81.4475731310395, 28.6119173586843], [-81.447682130701, 28.6118933584682], [-81.4482371312717, 28.6117833578511], [-81.4482541311612, 28.6117803586109], [-81.4482811306154, 28.6117753583784], [-81.4485361307562, 28.6117273579452], [-81.4497271311596, 28.6115023582757], [-81.4497851311529, 28.6114913577642], [-81.4499981311434, 28.6114483584633], [-81.4501521310945, 28.6114223581533], [-81.4502151313198, 28.6114133577344], [-81.4504071312358, 28.6113913585082], [-81.4504711315074, 28.6113783579039], [-81.4507321319276, 28.6113583578692], [-81.4508431316824, 28.6113503583948], [-81.4515201316223, 28.6113253581174], [-81.4517831321357, 28.6113163576933], [-81.4521191324389, 28.6112943584632], [-81.4526561321777, 28.6112863580783], [-81.4531871325375, 28.6112803577861], [-81.4552791333896, 28.6112163583616], [-81.4557191331235, 28.6112033577474], [-81.4561541335245, 28.6111863578472], [-81.4568591338646, 28.6111663578008], [-81.4573991337424, 28.611152358037], [-81.4580371336711, 28.6111293578533], [-81.4587821340688, 28.6111083577595], [-81.4589771341245, 28.6111003582829], [-81.4596831345108, 28.6110733579121], [-81.4600071342572, 28.6110533578757], [-81.4609791343959, 28.6109953578594], [-81.4613041350882, 28.6109773579158], [-81.4616771344101, 28.6109443581749], [-81.4617921352503, 28.610948357458], [-81.4619111344772, 28.6109403579833], [-81.4637351354813, 28.6108303573327], [-81.464343135816, 28.6107943574466], [-81.4646211361259, 28.6107783575969], [-81.4652381359791, 28.6107443578032], [-81.4654551361562, 28.6107303571485], [-81.4657341356131, 28.6107133572524], [-81.4659281365216, 28.610700357544], [-81.4660951361771, 28.6106903579754], [-81.4664181358774, 28.6106783574106], [-81.4665101365496, 28.6106813575473], [-81.4666471366122, 28.6106863577754], [-81.466705136606, 28.6106923571527], [-81.4668731363088, 28.61070835789], [-81.4669311363027, 28.6107173574063], [-81.4671661364176, 28.6107543573167], [-81.4673441365854, 28.6107973575066], [-81.4675161364752, 28.6108523573537], [-81.467595136545, 28.6108793577039], [-81.4677611370557, 28.6109373576902], [-81.4678101366323, 28.6109573577167], [-81.467940136372, 28.6110173577967], [-81.4679871367553, 28.6110433572021], [-81.4685041364753, 28.6113343580875], [-81.4686771373124, 28.6114323572299], [-81.4691411372701, 28.6117003579498], [-81.469236137184, 28.6117533577062], [-81.4697811373046, 28.6120583574413], [-81.4700711372778, 28.6122163575633], [-81.4702841372731, 28.6123123575112], [-81.4705041375927, 28.612396357802], [-81.4707301372911, 28.61246735749], [-81.4709971379925, 28.6125323577982], [-81.4713371375856, 28.6126153580395], [-81.4716241374167, 28.6126863577259], [-81.4717851376947, 28.6127223575918], [-81.4722701377224, 28.6128333582279], [-81.4724321380469, 28.6128713581865], [-81.4731801385905, 28.6130473582316], [-81.4734701385607, 28.6131163578252], [-81.4737541382526, 28.6131863583647], [-81.4742691387734, 28.6133063576185], [-81.4747221391147, 28.6134143581165], [-81.4751551385274, 28.6135123581513], [-81.4754271385617, 28.6135783576063], [-81.4757701391933, 28.6136623578939], [-81.4761811393829, 28.6137343576234], [-81.4764141394043, 28.6137523584516], [-81.476676138973, 28.6137783578513], [-81.4767141389379, 28.6137803579431], [-81.4769221395975, 28.6137913584476], [-81.4771201397927, 28.6137913584423], [-81.4772461393449, 28.6137983578642], [-81.4776281399851, 28.6138053581786], [-81.4780611393942, 28.61379635775], [-81.4783211397682, 28.6137823579935], [-81.4784361397088, 28.6137763577123], [-81.4788571403598, 28.6137703583224], [-81.4789791397261, 28.6137713583655], [-81.4790571397484, 28.6137693582708], [-81.4796601398519, 28.6137563576523], [-81.4798611401862, 28.613753357508], [-81.4799541400053, 28.6137513583121], [-81.4801941403511, 28.6137583577309], [-81.4802451400199, 28.6137583577296], [-81.4803421400247, 28.613758357727], [-81.480447140401, 28.6137663580951], [-81.4807641407234, 28.6137903583], [-81.4808701402468, 28.6137993578151], [-81.4810761408138, 28.6138143576057], [-81.4815731404966, 28.6138533576018], [-81.4816951407626, 28.6138643581085], [-81.4819021404767, 28.6138843581308], [-81.4823601410476, 28.6139213580353], [-81.4826021414867, 28.6139413580567], [-81.4837091416002, 28.6140383580275], [-81.4837351410081, 28.6140393580731], [-81.4839751413541, 28.6140513577238], [-81.4841951416708, 28.6140483575789], [-81.4842431412003, 28.614046357485], [-81.4845271417882, 28.6140193580245], [-81.4850141419034, 28.6139753577707], [-81.4851121419542, 28.6139623580648], [-81.4852911421663, 28.6139433580787], [-81.4864491419414, 28.6138273580668], [-81.4869781422068, 28.613775357441], [-81.4871471419548, 28.6137553574087], [-81.4885801427994, 28.6136123579367], [-81.4887041431574, 28.6136003573772], [-81.4888801432303, 28.6135793572984], [-81.4891661430118, 28.6135533578843], [-81.4896761432946, 28.6134983580192], [-81.4898201427818, 28.6134783579876], [-81.489992143568, 28.6134463573991], [-81.4901621433615, 28.6133973578211], [-81.4902361431973, 28.6133673573278], [-81.4903241436826, 28.6133323575016], [-81.4904731433999, 28.6132573576183], [-81.4906131435986, 28.6131713572253], [-81.4908061435568, 28.6130233575542], [-81.4910901432378, 28.6127733576489], [-81.4912271432966, 28.6126663571819], [-81.4913391430958, 28.6125973575776], [-81.4915011434163, 28.6125173574622], [-81.4916351433377, 28.6124653577461], [-81.4916891440445, 28.6124503570494], [-81.4917741434916, 28.6124273568803], [-81.491918143878, 28.6124013574699], [-81.4921001433302, 28.6123863576691], [-81.4921921440021, 28.6123823574813], [-81.4922611436068, 28.6123823574795], [-81.4923301441109, 28.6123823574776], [-81.4923761435476, 28.6123833575228], [-81.4934811444649, 28.612399357336], [-81.4942171444459, 28.6124103569272], [-81.4950041449954, 28.6124353571661], [-81.4965601452599, 28.6125033575793], [-81.4971331448714, 28.6125183573603], [-81.4983611451998, 28.6124883568365], [-81.4982461452445, 28.612059356738], [-81.4982421459577, 28.6120443569421], [-81.4981761455867, 28.6118613565547], [-81.498090145187, 28.6116853573915], [-81.4980111451139, 28.6115553567633], [-81.4978891457419, 28.6113873570726], [-81.4977861454547, 28.6112683569549], [-81.4974911452452, 28.6109873565272], [-81.4974001455159, 28.6109003569933], [-81.4972851455709, 28.6107753565977], [-81.4971951449877, 28.6106593566188], [-81.4971551449281, 28.6106003565828], [-81.4971201451008, 28.6105483568712], [-81.4970501454453, 28.6104183562427], [-81.4970171448111, 28.6103573570132], [-81.4969651450919, 28.6102363568014], [-81.4969111452782, 28.6100663570163], [-81.4968691451212, 28.6098723561182], [-81.4968661449814, 28.6098553562296], [-81.4968511451802, 28.609725356499], [-81.4968461449421, 28.609545356249], [-81.4968451448748, 28.6089273563794], [-81.4968451448263, 28.6074923564087], [-81.4968251447912, 28.6073053558346], [-81.4967991453786, 28.6071663556871], [-81.4967541450844, 28.6070313557255], [-81.49669514504, 28.606901355996], [-81.496621145199, 28.6067763555994], [-81.49650414516, 28.6066163553801], [-81.4963861450746, 28.6064553560138], [-81.4963281450772, 28.6063423552738], [-81.4962931443486, 28.6062323555715], [-81.4962801446419, 28.6061513554143], [-81.4962811446855, 28.6060693552104], [-81.4962991446182, 28.6059703560166], [-81.4963291451081, 28.6058853556729], [-81.4963351444867, 28.6058693558304], [-81.4963741444955, 28.6057983552361], [-81.4964391448109, 28.6057083555589], [-81.4965291444867, 28.6055853552507], [-81.4966151448764, 28.6054693552671], [-81.4966961450336, 28.6053383554876], [-81.4967381451812, 28.6052563552826], [-81.4967621444936, 28.6051783552635], [-81.4968241446662, 28.6049793550303], [-81.4968281448508, 28.6049513555309], [-81.4968341451278, 28.6049063552434]]]}}]}