{"type": "FeatureCollection", "features": [{"type": "Feature", "geometry": {"type": "Polygon", "coordinates": [[[-81.15781199967456, 28.612225000179187], [-81.16065700011198, 28.612203000218884], [-81.16491699983548, 28.612072000324126], [-81.16544200044035, 28.612067999680658], [-81.16592799978885, 28.612062999861813], [-81.16623999995838, 28.612059999970462], [-81.16671199996149, 28.61205700007896], [-81.16729600011759, 28.612055000151237], [-81.16781400015145, 28.612052000259595], [-81.16816399995581, 28.612047999615363], [-81.16879499996756, 28.612047999615363], [-81.16928700006217, 28.612043999759553], [-81.16972399990516, 28.612039999903644], [-81.16996599975451, 28.61203899993963], [-81.17030300003839, 28.612037999975605], [-81.1706400003223, 28.612035000083466], [-81.17111399997522, 28.61203200019126], [-81.17152599970386, 28.612029000299017], [-81.17193800033083, 28.612025999617988], [-81.17258699988594, 28.612020999797224], [-81.17308599965322, 28.612017999904598], [-81.17352800041739, 28.612015000011887], [-81.17380899972649, 28.61201300008339], [-81.17384399988659, 28.612012000119112], [-81.17416899957661, 28.612011000154894], [-81.17439399970749, 28.612011000154894], [-81.17444499976112, 28.6120100001906], [-81.17446800022564, 28.612012000119112], [-81.17448999996697, 28.61201599997614], [-81.17451099988337, 28.61202299972558], [-81.17453099997483, 28.612037999975605], [-81.17779599963852, 28.612033000155336], [-81.17793100025605, 28.61202800033489], [-81.18356900035403, 28.612003999616018], [-81.18362700008035, 28.612001999687354], [-81.18476500025531, 28.611988000185274], [-81.18691799968327, 28.611965000210613], [-81.187080000065, 28.611964000245887], [-81.18818999975255, 28.611951999879885], [-81.1893329999504, 28.611943000195858], [-81.19073800008906, 28.612015000011887], [-81.19184500030188, 28.612072000324126], [-81.19202699987676, 28.612080999997083], [-81.19401699999644, 28.612067999680658], [-81.19611599989604, 28.612059000006628], [-81.20122099989155, 28.612036000047528], [-81.2012870000138, 28.612036000047528], [-81.2013089997551, 28.612036000047528], [-81.20381899955845, 28.612021999761403], [-81.20412099968225, 28.61201599997614], [-81.20532499997945, 28.612001999687354], [-81.20732299959673, 28.611983000362628], [-81.20749500002418, 28.611876000158443], [-81.20753299965901, 28.611873000261685], [-81.20770699973629, 28.611876000158443], [-81.20962900008388, 28.61189700022186], [-81.20975600030549, 28.611902000048552], [-81.21160900015781, 28.611904999944482], [-81.21220599983438, 28.61189800018722], [-81.2134179996292, 28.611885999813634], [-81.2137569995629, 28.611882999917157], [-81.21493300027103, 28.611871000330467], [-81.21541500031987, 28.61186899961065], [-81.21789499998599, 28.6118579999881], [-81.21834900044574, 28.611857000022354], [-81.21870799957263, 28.6118560000566], [-81.21881300005292, 28.6118560000566], [-81.22245400035855, 28.611807000145856], [-81.22408700010284, 28.61178500009801], [-81.2242800004467, 28.61175900017895], [-81.22442500021164, 28.61176000014562], [-81.2248100001761, 28.611756000278856], [-81.22532300018709, 28.611768999845257], [-81.22596000004665, 28.611768999845257], [-81.22618500017755, 28.611816999807612], [-81.22624799992674, 28.61180000038208], [-81.22764100036983, 28.61176400001219], [-81.2277230003856, 28.6117620000789], [-81.22804499970256, 28.611753000378663], [-81.22819799986344, 28.611748999723044], [-81.22830199962051, 28.61174699978946], [-81.22861600033818, 28.611744999855837], [-81.22872099992016, 28.61174399988901], [-81.22964300018505, 28.61173600015415], [-81.23123400009655, 28.61172399976204], [-81.23240900008145, 28.61171600002564], [-81.23320900014761, 28.611709000255797], [-81.23333200017126, 28.611709000255797], [-81.23449100026264, 28.61173600015415], [-81.23452700024765, 28.611735000187238], [-81.23744499958167, 28.611690000089492], [-81.2390530001099, 28.611665000114442], [-81.24188699977839, 28.61164499997241], [-81.24225699967423, 28.611638000197846], [-81.24316700024356, 28.611662000211656], [-81.24330000031294, 28.61164899984342], [-81.2446979998806, 28.61153600027496], [-81.24472499964479, 28.61154699993122], [-81.2458100001163, 28.611651999746517], [-81.24672900000816, 28.61164200006906], [-81.24948999988167, 28.611612000242335], [-81.25040999959842, 28.61160299974061], [-81.25045499980428, 28.611601999772436], [-81.25047999991862, 28.611601999772436], [-81.25054699986578, 28.611600999804253], [-81.25132000016777, 28.61158900018535], [-81.25205300028676, 28.61157699977651], [-81.25534100041499, 28.61154699993122], [-81.25748999964499, 28.61153099964216], [-81.25828499968829, 28.611527999735607], [-81.25844600024507, 28.611525999797824], [-81.2585740002916, 28.611523999859987], [-81.26185099965083, 28.61149999981459], [-81.26233000022495, 28.6114910000919], [-81.26316999957578, 28.61147599976376], [-81.26631700013698, 28.611420999856488], [-81.26699300035459, 28.611416000006923], [-81.26801799965334, 28.611389000026268], [-81.26972900011374, 28.611358000156777], [-81.26984600028962, 28.611356000215764], [-81.26994900022179, 28.611354000274748], [-81.270043999758, 28.611352000333643], [-81.27026200021622, 28.611347999662698], [-81.27030400004901, 28.611347999662698], [-81.27078600009786, 28.61133899992699], [-81.27252699979718, 28.611307000071758], [-81.27255199991154, 28.61130600010077], [-81.2726690000874, 28.611304000158817], [-81.27374199996504, 28.611283999948043], [-81.27384599972211, 28.61128299997683], [-81.27459399990975, 28.61126900037891], [-81.2768140001832, 28.61122799996851], [-81.27783400035736, 28.6112089997152], [-81.27843000020903, 28.611198000023542], [-81.27851100039989, 28.61119899999557], [-81.27856400010333, 28.611196000079474], [-81.27921199983354, 28.611182999653508], [-81.2794419999873, 28.611175999848143], [-81.27966999959293, 28.611173999903652], [-81.27997500008978, 28.611168000070023], [-81.28017000008344, 28.611168000070023], [-81.28048499972772, 28.611158000346478], [-81.28087200024032, 28.611151999723294], [-81.28147399993975, 28.611139000080506], [-81.28174500010142, 28.611133000244802], [-81.28186599957694, 28.611132000272153], [-81.28230499996806, 28.611122999729297], [-81.28240200005244, 28.61112199975656], [-81.2827579997046, 28.611117999865545], [-81.28433799974543, 28.61110000035388], [-81.28449400027937, 28.611089999835283], [-81.28500200026748, 28.611080000104266], [-81.2853629999425, 28.611073000292045], [-81.28551600010339, 28.61107000037235], [-81.28584300034153, 28.61107700018484], [-81.28587799960331, 28.611075000238454], [-81.28645000006385, 28.611050000117036], [-81.2865449996001, 28.611048000170197], [-81.28677499975386, 28.611046000223265], [-81.28694700018131, 28.611043000302804], [-81.28758400004085, 28.61103499972591], [-81.28764000011736, 28.611032999778736], [-81.28861199971264, 28.611026999937042], [-81.28898099978359, 28.611018000173765], [-81.28963799973461, 28.610998999882465], [-81.28966000037424, 28.610998999882465], [-81.28970499968176, 28.61099699993467], [-81.29067600035049, 28.610985000246764], [-81.29070399993957, 28.610983000298635], [-81.29072400003106, 28.610983000298635], [-81.29170700039532, 28.610977999639516], [-81.29268300018859, 28.610914999674165], [-81.29272699967119, 28.610915999648814], [-81.2930999999401, 28.610901000027187], [-81.29379299987615, 28.610892000253177], [-81.294683000354, 28.61088199971473], [-81.29476000034688, 28.610889000328314], [-81.2947970001568, 28.610935999929644], [-81.29480899985238, 28.610934999955177], [-81.29531900038863, 28.610927000158636], [-81.29566199962198, 28.610922000285544], [-81.29588099990511, 28.61091800038685], [-81.29622200038695, 28.61091099977519], [-81.2963880000683, 28.610907999850873], [-81.29684599982772, 28.61090299997688], [-81.29753600028901, 28.610889000328314], [-81.29774100032843, 28.610856000360727], [-81.29798999985047, 28.610810999886404], [-81.29895200029833, 28.610826000309515], [-81.29898200043556, 28.610826000309515], [-81.29980800044099, 28.610807999959228], [-81.30002400035106, 28.610807999959228], [-81.30239299968909, 28.61077699991828], [-81.30241399960549, 28.610777999894314], [-81.30342999958172, 28.610773999990137], [-81.30452500009899, 28.610771000061902], [-81.30508900016359, 28.610768000133643], [-81.30529599985283, 28.610767000157534], [-81.3076099998376, 28.610755999630943], [-81.30838200031468, 28.610752999702214], [-81.30840200040616, 28.610752999702214], [-81.30846299960723, 28.610752999702214], [-81.30848400042193, 28.610752999702214], [-81.3085460003462, 28.610751999725935], [-81.30862800036198, 28.610751999725935], [-81.30873399976888, 28.610746999844512], [-81.30879700041638, 28.610744999891857], [-81.30882599983038, 28.610743999915517], [-81.30902199964895, 28.61073500012804], [-81.31052300004708, 28.610716999762168], [-81.31117300032543, 28.61071199987903], [-81.31125000031832, 28.6107099999257], [-81.31131999974019, 28.61070899994903], [-81.3127700000847, 28.610692000344176], [-81.31340199992137, 28.61068399974055], [-81.31429099967599, 28.61067200001688], [-81.314374000415, 28.61067100003984], [-81.31447800017206, 28.6106700000628], [-81.31828599998396, 28.610621000387432], [-81.32262500024848, 28.610568999966578], [-81.3229509997634, 28.610563000098306], [-81.32339500017741, 28.610560000164117], [-81.3265550002591, 28.6105170003086], [-81.32788800042775, 28.610500999862648], [-81.32788199968164, 28.611013000305014], [-81.32788199968164, 28.611040000382268], [-81.32791099999396, 28.61126799961892], [-81.32792299968952, 28.61136999980208], [-81.32790900034412, 28.612522000374923], [-81.32797700011619, 28.615516000224172], [-81.32801099955309, 28.617667999830186], [-81.32802200032205, 28.618531000199695], [-81.32805099973605, 28.62079100010081], [-81.32797700011619, 28.621066999925304], [-81.32797899976603, 28.621193000255357], [-81.32798600033703, 28.62157399995802], [-81.32798899981177, 28.621701000340227], [-81.32798299996398, 28.621745000219477], [-81.32796899972028, 28.62188399962736], [-81.32796500042063, 28.621931999697814], [-81.32796500042063, 28.62213499988458], [-81.32797200009331, 28.62275100027835], [-81.32797700011619, 28.62295899975891], [-81.32797799994113, 28.623162000325507], [-81.32798700016194, 28.623778000213214], [-81.32799300000971, 28.623985000174443], [-81.32799300000971, 28.624076999763343], [-81.32799899985751, 28.62435799964554], [-81.32800300005547, 28.6244520001763], [-81.32800399988037, 28.624566999729634], [-81.32801099955309, 28.624911000158], [-81.32801300010121, 28.624999000361587], [-81.32801300010121, 28.625032999667777], [-81.32809299956884, 28.625570000051578], [-81.32809299956884, 28.625594000035452], [-81.32813699994978, 28.626036000268464], [-81.32815200001839, 28.626468000374775], [-81.32817999960747, 28.627349000050025], [-81.32820899991978, 28.628236999673152], [-81.32821999979043, 28.62857600008116], [-81.32822300016349, 28.628675999610987], [-81.32825699960037, 28.62972699975614], [-81.3282590001485, 28.629792999647425], [-81.32830400035434, 28.63109899968737], [-81.32833100011852, 28.631987999685556], [-81.32833600014139, 28.632143000027366], [-81.32834100016427, 28.63233399977762], [-81.32834299981411, 28.632408000132315], [-81.32834799983696, 28.632661999759645], [-81.3283500003851, 28.63274900000591], [-81.32841099958615, 28.63599899990085], [-81.32841300013429, 28.636868999835958], [-81.32846199963979, 28.638626999667228], [-81.32848000008143, 28.63962800025254], [-81.32860800012796, 28.63962399987068], [-81.32894600023675, 28.639610000109776], [-81.32936700018625, 28.63960599972719], [-81.33061999998893, 28.63958800036902], [-81.33103900028861, 28.639583000283963], [-81.33109899966475, 28.63958100009223], [-81.33119300027438, 28.639599000239944], [-81.33204299967095, 28.639591000262293], [-81.33550599970134, 28.639547999681888], [-81.3387079996158, 28.639546999979874], [-81.34126299962502, 28.639523999735303], [-81.3453950002003, 28.63949699988734], [-81.34690099972299, 28.6394720002264], [-81.34916899967699, 28.639430000088748], [-81.35315099956615, 28.639356999659327], [-81.35490399985937, 28.639348999663163], [-81.35663799988599, 28.63934599976303], [-81.35704899978974, 28.63933999996244], [-81.35724499960831, 28.63933999996244], [-81.35751199957201, 28.639340999666423], [-81.35778199990874, 28.63933900025846], [-81.35780899967293, 28.63933900025846], [-81.35784200018321, 28.63933900025846], [-81.3579269996737, 28.63933900025846], [-81.35808499985745, 28.639337999766017], [-81.35939600028478, 28.639334000161522], [-81.36013100005363, 28.639331000260906], [-81.36017799990927, 28.63933299966904], [-81.36042899997945, 28.639331000260906], [-81.36095100021126, 28.639329999768453], [-81.36163300027665, 28.6393260001636], [-81.36163999994933, 28.639702999894478], [-81.36164199959917, 28.639899000145803], [-81.36164400014731, 28.639948000348497], [-81.36165500001796, 28.640410000233572], [-81.36186900027819, 28.640410999927365], [-81.3620669997466, 28.640410000233572], [-81.36276600042875, 28.640408999751358], [-81.3644180004396, 28.640405999881533], [-81.36511700022344, 28.640403999705423], [-81.36519400021635, 28.640403999705423], [-81.3652340003993, 28.640403999705423], [-81.36538300036221, 28.640403000011567], [-81.36549200014215, 28.640403000011567], [-81.36575599973281, 28.64040200031775], [-81.36608299997097, 28.640398999659247], [-81.3677349999818, 28.64039799996534], [-81.36815199973336, 28.640395999789156], [-81.36841799987212, 28.640393999612844], [-81.36891499998958, 28.64038599969581], [-81.36916400040992, 28.64038599969581], [-81.3693879998176, 28.64038700017819], [-81.36960999957546, 28.640390999742596], [-81.36985999982072, 28.640392000224924], [-81.37012199976152, 28.640389000354617], [-81.37047599976385, 28.64038599969581], [-81.37066499990975, 28.640385000001775], [-81.37130799961706, 28.640377999778103], [-81.37158499962649, 28.64037600038988], [-81.37201999981968, 28.6403690001656], [-81.37281099966502, 28.640361999940925], [-81.37301599970442, 28.640359999763977], [-81.37332899969887, 28.640289999854943], [-81.37542299957562, 28.64033800018054], [-81.3754490004132, 28.64033899987502], [-81.37585399957085, 28.64034800027844], [-81.3759210004163, 28.640349999667208], [-81.37600699973171, 28.64035199984435], [-81.3760550003106, 28.640349999667208], [-81.37621900034213, 28.640343999924045], [-81.3763719996047, 28.64033899987502], [-81.37795599984351, 28.640335000308617], [-81.38207900019798, 28.640279999751446], [-81.38210500013723, 28.640279000056392], [-81.38393899972297, 28.640273000309172], [-81.38493499960772, 28.64026300020411], [-81.3856860001684, 28.640250000223816], [-81.38609200004926, 28.640263999899304], [-81.38623199979133, 28.64027199982571], [-81.38740900032437, 28.640242000295743], [-81.38776199960348, 28.64023400036706], [-81.38787299993156, 28.64023200018773], [-81.38791300011452, 28.6402300000083], [-81.3879809998866, 28.64022900031279], [-81.388001999803, 28.64022900031279], [-81.38807999962079, 28.64022700013336], [-81.38831499979743, 28.640224000258282], [-81.38840000018625, 28.640224000258282], [-81.38858599995908, 28.64025599997236], [-81.38877199973193, 28.640289000160003], [-81.38917099994009, 28.640268000256775], [-81.38936699975868, 28.640258999846473], [-81.38946300001814, 28.640253000098095], [-81.38975500009619, 28.64023799993729], [-81.38985200018058, 28.640232999883214], [-81.39007700031148, 28.64022700013336], [-81.39075199980586, 28.640211000273087], [-81.39097799976166, 28.640206000217727], [-81.39110900018123, 28.640206000217727], [-81.3915019996433, 28.64020900009333], [-81.39158299983416, 28.64020999978903], [-81.39163300006287, 28.64020999978903], [-81.39183599955415, 28.64020999978903], [-81.39244499982459, 28.640212999664453], [-81.392649999864, 28.640212999664453], [-81.39342200034108, 28.640206999913453], [-81.39574499964836, 28.640191000050194], [-81.39651999960019, 28.640185000297933], [-81.39675599960172, 28.64018000024134], [-81.39746699997943, 28.64016599976621], [-81.3977049996308, 28.64016200019323], [-81.39857400019227, 28.640152000077595], [-81.40289099981717, 28.64012600008782], [-81.40377700009707, 28.640120000331848], [-81.40643500003841, 28.6401039996669], [-81.40709799983723, 28.640100000091536], [-81.40732200014321, 28.640098999606433], [-81.40758900010691, 28.6401039996669], [-81.40763299958952, 28.6401039996669], [-81.40774499974253, 28.640097999909663], [-81.4079909997898, 28.640087000091054], [-81.40832600042388, 28.64006800032994], [-81.40852300006738, 28.640056999719764], [-81.40893700034417, 28.64004899977697], [-81.40912200029207, 28.640045999896852], [-81.40944699998208, 28.640040999833627], [-81.41087800006002, 28.640014999816287], [-81.41250999997942, 28.640030000009048], [-81.41494000031511, 28.640053999839825], [-81.41499100036876, 28.64005500032542], [-81.41520399990578, 28.640056999719764], [-81.41536799993729, 28.640058000205336], [-81.41563700044912, 28.640061000085122], [-81.41571000024406, 28.640058999902486], [-81.41597600038286, 28.640058000205336], [-81.41626300043804, 28.640058000205336], [-81.41744199972257, 28.64007400008889], [-81.41761400015001, 28.640076999968205], [-81.41793100034242, 28.64007799966518], [-81.41847899961519, 28.64007900015055], [-81.41913399991638, 28.64008100033279], [-81.41946100015456, 28.64007799966518], [-81.42012300012844, 28.640082999726634], [-81.42056800036737, 28.640087000091054], [-81.42067100029954, 28.6400940003341], [-81.42099599998954, 28.640102000273448], [-81.42137500010622, 28.640100000091536], [-81.42299399960683, 28.64009599972769], [-81.42348900007445, 28.640097000212894], [-81.423985000367, 28.640098999606433], [-81.42419399970606, 28.640105000151962], [-81.42419500042928, 28.640133000328248], [-81.42527800035266, 28.64012999966213], [-81.42732700002357, 28.640199999677964], [-81.42927899961009, 28.64016599976621], [-81.43019599985212, 28.640151000381334], [-81.43547199955185, 28.640061000085122], [-81.43557200000929, 28.64006499966195], [-81.43698600036878, 28.640128000269172], [-81.43920900011695, 28.640141000264645], [-81.4429230002175, 28.64015900031634], [-81.44360299973475, 28.64014999989665], [-81.44380899959909, 28.640152000077595], [-81.44458399955087, 28.640157999831736], [-81.44462499955877, 28.640155999650894], [-81.4447190001684, 28.640157999831736], [-81.44541100027953, 28.640160999708712], [-81.44656799982276, 28.64016700025069], [-81.44895999962534, 28.64018000024134], [-81.450625000055, 28.640190000354302], [-81.45130399974732, 28.640190000354302], [-81.45627200037381, 28.640193999926225], [-81.45633699977283, 28.640198000286343], [-81.45656000025389, 28.64019300023036], [-81.4579620000195, 28.640196999802107], [-81.45972799983319, 28.64019600010627], [-81.45972700000829, 28.642611000130117], [-81.45971799978744, 28.64365599991053], [-81.45968900037344, 28.644357000111764], [-81.4596929996731, 28.644442999677768], [-81.45969500022123, 28.644474999681623], [-81.459701000069, 28.64459000015687], [-81.45969900041918, 28.644652999623396], [-81.45969799969598, 28.644704999717685], [-81.45969799969598, 28.644792999879133], [-81.45972199998539, 28.645617999674972], [-81.45972299981032, 28.64787599966871], [-81.45972500035846, 28.64948800019493], [-81.45972500035846, 28.64976699983243], [-81.45972799983319, 28.651097000028827], [-81.45972500035846, 28.65134700019766], [-81.45972600018335, 28.654724000013193], [-81.45971600013762, 28.65854899978629], [-81.45971299976456, 28.659314000178604], [-81.45970799974171, 28.660892999856333], [-81.45970699991679, 28.661485000071337], [-81.45970699991679, 28.661598000250304], [-81.45970400044207, 28.66234899979558], [-81.45970500026696, 28.66256699994375], [-81.45969699987106, 28.66417900004152], [-81.45969900041918, 28.66450800001248], [-81.4596929996731, 28.66513400001362], [-81.4596719997567, 28.669961999768798], [-81.45967099993177, 28.67007100025756], [-81.45966799955873, 28.67063300035642], [-81.45965900023621, 28.672232000169963], [-81.45965699968808, 28.672634000250355], [-81.45965699968808, 28.67265100006685], [-81.45966099988604, 28.672672999964334], [-81.4596640002591, 28.672739999802822], [-81.45966099988604, 28.672917999836198], [-81.45965900023621, 28.6731840003319], [-81.45965900023621, 28.673255999899567], [-81.45965800041131, 28.673412000106705], [-81.45965500003825, 28.673465999669602], [-81.45964900019047, 28.674553000364032], [-81.4596449999925, 28.675327000348542], [-81.4596440001676, 28.676519000179724], [-81.45963599977168, 28.67751299987765], [-81.45963099974882, 28.678375999736065], [-81.4596299999239, 28.679267999659558], [-81.4596220004263, 28.68021399989269], [-81.45961900005325, 28.681136999677708], [-81.45962900009899, 28.681771999627575], [-81.45963099974882, 28.68193899991945], [-81.4596369995966, 28.681971000298926], [-81.45965400021335, 28.68374700011804], [-81.4595959995887, 28.688588999811955], [-81.45955600030405, 28.692773999609884], [-81.45960999983241, 28.696166999994087], [-81.45959499976381, 28.697677000278983], [-81.45958499971805, 28.698725999931806], [-81.45957499967231, 28.69954900003747], [-81.45954299988526, 28.703296000387837], [-81.45952699999174, 28.706108000002317], [-81.45953299983951, 28.70814800029302], [-81.45951199992312, 28.709397999953826], [-81.45952399961868, 28.70992199995105], [-81.45951199992312, 28.712761000206072], [-81.45952399961868, 28.713263999657926], [-81.45935700011242, 28.71363999990031], [-81.45855000037358, 28.713989000015715], [-81.45828699970951, 28.71414800031875], [-81.45812900042408, 28.71422700009701], [-81.45795199997377, 28.71431699972183], [-81.45762100043598, 28.71431400039213], [-81.45749400021437, 28.71431299982773], [-81.45744599963547, 28.714304000262285], [-81.45700100029485, 28.714220000079198], [-81.45632599990218, 28.714247000370527], [-81.45570699958597, 28.714333000084732], [-81.45551699961517, 28.714360000346893], [-81.45504200013733, 28.71443599985095], [-81.45464100027934, 28.714428000071624], [-81.45419900041347, 28.71433900031868], [-81.45337000003498, 28.7142870001181], [-81.45292999981893, 28.714397999711874], [-81.45268700014468, 28.714424000181694], [-81.45236999995227, 28.714379999807054], [-81.45203600004143, 28.71432699985043], [-81.45172999971969, 28.71428300022284], [-81.45165899957458, 28.714291000013272], [-81.45149000041849, 28.714291000013272], [-81.45131999964086, 28.714290000236442], [-81.45122799957936, 28.714295999685007], [-81.45117700042404, 28.714300000367622], [-81.45108199998948, 28.714312000051102], [-81.45103099993585, 28.71431800028627], [-81.4509840000802, 28.714323999733157], [-81.45066299968983, 28.714329999967624], [-81.4506040001386, 28.71433900031868], [-81.45054300003923, 28.71435099999763], [-81.45044400030503, 28.71438999992962], [-81.45036800013706, 28.71441700017707], [-81.45030500038786, 28.71443999974037], [-81.45025599998405, 28.71445799963486], [-81.45016700029558, 28.71447899963917], [-81.45010000034843, 28.71451100031295], [-81.45003099985315, 28.714554000070393], [-81.44998399999749, 28.714589000043063], [-81.44990299980662, 28.71465500007229], [-81.44982199961578, 28.714721000059896], [-81.44975700021678, 28.714766000063367], [-81.44970100014027, 28.714789000337774], [-81.44964800043684, 28.71480599961246], [-81.44960999990367, 28.714835000083575], [-81.44958200031458, 28.71485200013868], [-81.44943800037454, 28.71490799992981], [-81.4491610003651, 28.71510299998161], [-81.44892500036354, 28.715246999713678], [-81.44885300039354, 28.7152769998299], [-81.44882599973103, 28.71528699986672], [-81.44877499967741, 28.71530799970458], [-81.44872399962378, 28.715323000148913], [-81.44866099987459, 28.715324999682753], [-81.4485970003005, 28.71532799977131], [-81.44843699956861, 28.715323000148913], [-81.44829699982652, 28.71531000002655], [-81.44825199962068, 28.715304999615437], [-81.44795100022012, 28.715297999669772], [-81.44782999984629, 28.71529600013536], [-81.44776399972405, 28.71528399977698], [-81.44766800036288, 28.71524800026921], [-81.44762300015705, 28.71522699963145], [-81.44755299983686, 28.715184000150703], [-81.44752199987472, 28.715160000194704], [-81.44747099982108, 28.715103999750603], [-81.4474159995695, 28.715028999713848], [-81.44734100012475, 28.71493800014328], [-81.44726199958373, 28.71484200006022], [-81.44719399981166, 28.714770999712393], [-81.44705900009245, 28.714682000251337], [-81.44700899986373, 28.71462600033914], [-81.44687800034248, 28.71445999997309], [-81.44682800011375, 28.714368000131422], [-81.44674000025022, 28.71417899974027], [-81.44665099966345, 28.71400499964092], [-81.44661600040165, 28.71392800004339], [-81.44653100001283, 28.713805999992015], [-81.44650300042376, 28.713759000011766], [-81.44649599985274, 28.713747000264878], [-81.44648099978413, 28.713730000030164], [-81.44645499984486, 28.71371299979275], [-81.44639600029363, 28.71369600034035], [-81.44631799957752, 28.713686000151423], [-81.44615699991904, 28.713656000366704], [-81.44597799981888, 28.71362700035655], [-81.4459159998946, 28.713616000377755], [-81.44586499984098, 28.713610999885702], [-81.44574600001529, 28.713610999885702], [-81.44569999998453, 28.713610999885702], [-81.44561100029608, 28.713617999944276], [-81.44555799969432, 28.71362999970596], [-81.4455419998008, 28.713636999763317], [-81.44551500003662, 28.713645000390958], [-81.44542600034816, 28.713673999608314], [-81.44535199983, 28.713709999657844], [-81.44528900008079, 28.713736000298713], [-81.445239999677, 28.713749999610855], [-81.44520000039235, 28.713762000145234], [-81.4451259998742, 28.713773999890456], [-81.4450780001936, 28.713781999719806], [-81.44485300006271, 28.713801000296858], [-81.4447469997575, 28.713808000342777], [-81.4446270001069, 28.713816999950826], [-81.44448200034195, 28.713845000127282], [-81.44438299970942, 28.71386399990501], [-81.44427399992948, 28.713893999630073], [-81.44410999989795, 28.713978999854806], [-81.4440069999658, 28.7140520002985], [-81.44392499995003, 28.71410200027081], [-81.44382299984278, 28.71414900009693], [-81.4437619997434, 28.71418000030594], [-81.44363200004706, 28.71426299995627], [-81.44355500005418, 28.71431299982773], [-81.44338299962673, 28.714445999968188], [-81.44327399984678, 28.71453099974423], [-81.44274499994226, 28.71469900033126], [-81.44214599971755, 28.714763999730927], [-81.44177900019474, 28.714890000112764], [-81.44142000016954, 28.715096000022356], [-81.44120099988645, 28.715357000097676], [-81.44116699955124, 28.71540899976621], [-81.44094200031866, 28.715636999765167], [-81.44067100015701, 28.715818000212142], [-81.44099599984702, 28.715857000384947], [-81.44089399973977, 28.715981999689333], [-81.44079400018066, 28.71610800017942], [-81.440487000034, 28.716479000084377], [-81.4400929998487, 28.717529000054878], [-81.43977999985425, 28.71791799973257], [-81.43965900037874, 28.718115999695353], [-81.4396359999142, 28.71857199999805], [-81.43943500007275, 28.7190860000562], [-81.43908699991819, 28.71946700006282], [-81.43855499964064, 28.719976999983185], [-81.43819800016358, 28.720577000319544], [-81.43765400019045, 28.7209769996815], [-81.43650500014483, 28.721570999975633], [-81.43622700031048, 28.721795000324384], [-81.43440700007012, 28.72388899987035], [-81.43415599999997, 28.724422999690802], [-81.43336599997954, 28.725118999912223], [-81.43257400030932, 28.72603200013314], [-81.43247999969965, 28.726496000218855], [-81.4316379998007, 28.72704600010803], [-81.4315049997313, 28.72813499984326], [-81.43123000027, 28.728586999640182], [-81.43024400043102, 28.729647000357797], [-81.430088999722, 28.729847000209293], [-81.42988000038295, 28.73008199997897], [-81.42970600030567, 28.73033900038935], [-81.42914800008883, 28.73101199996864], [-81.42774299995017, 28.732650999675702], [-81.42687599993685, 28.733747000378564], [-81.42600800009863, 28.73459700038803], [-81.42504300017603, 28.735240999800748], [-81.423761000061, 28.735340000360296], [-81.42356299969428, 28.735677000129716], [-81.42352500005947, 28.73575600018252], [-81.42326800014152, 28.73623399987625], [-81.42308599966833, 28.736451999771912], [-81.42307800017072, 28.73647399964937], [-81.42277000019914, 28.73691499972532], [-81.42266999974171, 28.737246999779725], [-81.42248099959582, 28.73758800027962], [-81.42243100026543, 28.737639000365007], [-81.42222399967788, 28.738064999920283], [-81.42216299957852, 28.738218999738862], [-81.42211700044608, 28.73886799974368], [-81.42213099979146, 28.73912800000792], [-81.42203000040743, 28.739387999625144], [-81.42203000040743, 28.7394049996261], [-81.42201100014086, 28.73944499998794], [-81.42188399991926, 28.73973900028759], [-81.42170499981911, 28.739931999857642], [-81.42167300003206, 28.7399550001091], [-81.42135699966457, 28.740320000134613], [-81.42116000002108, 28.74053500001684], [-81.42123899966379, 28.740619000323168], [-81.42165399976548, 28.74094899980402], [-81.4215270004422, 28.74179999981555], [-81.4215419996125, 28.744545999711796], [-81.41874599957887, 28.753717999718038], [-81.41847399959231, 28.75463199989119], [-81.41842500008681, 28.75463499963907], [-81.41767600007428, 28.754704000116377], [-81.41746199981404, 28.754901999691956], [-81.41720099969814, 28.755017000168042], [-81.41657600043247, 28.75520300022482], [-81.41650199991432, 28.75532499999746], [-81.41646299955624, 28.755447999798207], [-81.41646000008151, 28.75558599963269], [-81.41646000008151, 28.75569700025746], [-81.41646199973134, 28.75588799993526], [-81.41646699975422, 28.756039999924006], [-81.416480000173, 28.756168999865203], [-81.4165789999072, 28.75653199961367], [-81.41658700030312, 28.7565979999335], [-81.41657499970924, 28.756669000219013], [-81.41655899981572, 28.756711999958085], [-81.41655600034098, 28.756756999995666], [-81.41649699989144, 28.757080000168987], [-81.41634299990565, 28.75767100034222], [-81.41626400026293, 28.757912999983354], [-81.41626500008785, 28.75816300022118], [-81.41632799983704, 28.758410000221026], [-81.41631500031656, 28.758468999936827], [-81.41630799974554, 28.7585019998835], [-81.41629400040017, 28.758550999713407], [-81.41626199971479, 28.758619999965287], [-81.41620099961543, 28.758707999672552], [-81.41618100042226, 28.758843000296334], [-81.4161770002243, 28.758872000360864], [-81.4161570001328, 28.758917000254964], [-81.4161360002164, 28.758957000232094], [-81.41610500025428, 28.759004000362772], [-81.41603499993407, 28.75908799999076], [-81.41600200032211, 28.759112000097062], [-81.41599499975109, 28.75912000039379], [-81.415959999591, 28.759189999616915], [-81.41592100013126, 28.759264000117117], [-81.4158969998418, 28.759303999961286], [-81.41581400000115, 28.75940199963283], [-81.41578899988679, 28.759431999674565], [-81.41577700019121, 28.75946299983996], [-81.41574399968094, 28.759584000016208], [-81.41571100006898, 28.759677000349274], [-81.415670999886, 28.7597480001159], [-81.41566699968804, 28.759806999863113], [-81.41566500003822, 28.75984600015817], [-81.41565699964231, 28.759915999681972], [-81.41565800036553, 28.760014999693432], [-81.4156630003884, 28.760146999825146], [-81.41566500003822, 28.76021900018458], [-81.41567400025906, 28.760342999855972], [-81.41567500008397, 28.760421000031094], [-81.41567500008397, 28.760649000269304], [-81.41566800041126, 28.760702000360414], [-81.41566199966518, 28.760720000162376], [-81.41565499999248, 28.760741999653586], [-81.41564099974877, 28.76077300021743], [-81.41562900005322, 28.76079900017513], [-81.41560599958868, 28.76083200017278], [-81.41558499967229, 28.760862999922388], [-81.41556899977876, 28.760891000094734], [-81.41552299974799, 28.760969999978155], [-81.4155160000753, 28.760987999733896], [-81.41550600002957, 28.76101100007349], [-81.41546599984659, 28.761754000374918], [-81.41547099986946, 28.761899999832625], [-81.41548000009028, 28.761965999908774], [-81.41554299983949, 28.76217500026843], [-81.4155439996644, 28.76221900020792], [-81.41553899964153, 28.76231099966352], [-81.41553000031901, 28.76233299960694], [-81.41550799967939, 28.762361000172476], [-81.41547800044047, 28.762400999617462], [-81.41544099973224, 28.762449999979705], [-81.41540200027248, 28.76255800008631], [-81.41538800002878, 28.762599999660043], [-81.41538200018101, 28.762637000283057], [-81.41533600015025, 28.762921999768295], [-81.41533000030248, 28.762960999687067], [-81.41530500018811, 28.76322500020785], [-81.41530000016523, 28.763269999800485], [-81.4152900001195, 28.76329499982827], [-81.41526400018023, 28.763339000083114], [-81.41523999989077, 28.76339100028881], [-81.41523099966996, 28.763410999815864], [-81.41522800019521, 28.763419999877375], [-81.41521399995152, 28.76347500032409], [-81.41520899992864, 28.763521999995596], [-81.41521099957846, 28.763570999831597], [-81.41521499977641, 28.763671999710347], [-81.41523700041604, 28.76376899991514], [-81.41526599983005, 28.76385000016319], [-81.41528900029458, 28.763895000273806], [-81.41530799966284, 28.763928000080128], [-81.4153250002796, 28.763948000291762], [-81.41553399961865, 28.764159000007226], [-81.41571400044202, 28.764339999885998], [-81.41583400009262, 28.76446799972389], [-81.41584400013835, 28.764524999785806], [-81.4158459997882, 28.764568000226305], [-81.4158469996131, 28.76463799973353], [-81.41584499996328, 28.764683000291882], [-81.41583800029058, 28.764744999856966], [-81.41580700032844, 28.76485199987072], [-81.41568000010685, 28.765343999766017], [-81.41561399998459, 28.765598999898774], [-81.41560999978664, 28.765636000246072], [-81.4156130001597, 28.765790000359033], [-81.41564499994674, 28.765912999641653], [-81.4156640002133, 28.765999000148785], [-81.41566900023618, 28.766078000103512], [-81.41566699968804, 28.76614600003657], [-81.41565900019044, 28.766201999901885], [-81.41565599981737, 28.766210999722727], [-81.41563200042626, 28.766299000117733], [-81.41562900005322, 28.766324000207472], [-81.41562900005322, 28.766379999977268], [-81.41563900009895, 28.76650200007472], [-81.41575200007685, 28.766763000114224], [-81.4158680004278, 28.766962999775178], [-81.41588000012337, 28.766984000252815], [-81.41595399974322, 28.767111999997883], [-81.4159730000098, 28.767140000068885], [-81.41601300019276, 28.767251000219993], [-81.41602700043646, 28.767289000038875], [-81.41605800039862, 28.767338999738065], [-81.41609000018565, 28.76738199980664], [-81.41610799972902, 28.767408999749104], [-81.4161350003915, 28.767458000122634], [-81.41614999956181, 28.767502000197396], [-81.41615999960754, 28.76768800005782], [-81.41616899982839, 28.768022000033582], [-81.41617600039937, 28.76855300013775], [-81.41619099956968, 28.768635999911357], [-81.41622599972978, 28.76884600034346], [-81.41623099975266, 28.769080999782293], [-81.41629900042304, 28.769275000283972], [-81.41636299999713, 28.769431999861744], [-81.41636499964696, 28.769463000206894], [-81.41636999966983, 28.769518999867138], [-81.41609199983547, 28.77055000023661], [-81.41584099976532, 28.771057000359427], [-81.41581499982604, 28.77145500012765], [-81.41580300013048, 28.771698000110263], [-81.4157629999475, 28.772047000025182], [-81.41569199980239, 28.77221300024741], [-81.41562900005322, 28.772403999626125], [-81.41561599963441, 28.77250399961077], [-81.41559700026616, 28.772806999790017], [-81.41565900019044, 28.77294900030929], [-81.41579599955946, 28.773128999902355], [-81.41583499991754, 28.773383999909722], [-81.41566800041126, 28.773822000042582], [-81.4154249998387, 28.773972999906682], [-81.41539399987657, 28.77399899972565], [-81.41536299991444, 28.774025000325487], [-81.41535000039396, 28.774036000244212], [-81.41525300030958, 28.77414300018045], [-81.41505699959268, 28.77434799981794], [-81.41501099956191, 28.77441599987378], [-81.41496100023151, 28.774489999814648], [-81.41494100014003, 28.774529000134816], [-81.41489599993419, 28.774629999644354], [-81.41488699971337, 28.774656000087013], [-81.4148819996905, 28.774678999776654], [-81.41486900017001, 28.774779999928384], [-81.4148549999263, 28.774868000183623], [-81.41485199955326, 28.774908000346677], [-81.41486999999493, 28.775190000234232], [-81.41487900021575, 28.77524899991327], [-81.41489500010928, 28.775353000240475], [-81.41489199973623, 28.775395000176598], [-81.41488300041374, 28.775491999720902], [-81.41486300032223, 28.77562200000777], [-81.41487099981984, 28.7756830001834], [-81.41487800039086, 28.775700999763725], [-81.41488699971337, 28.775723000033967], [-81.41490000013215, 28.775757000012998], [-81.41491000017791, 28.775785000126387], [-81.41492000022365, 28.77616900036043], [-81.41491500020076, 28.776209999996365], [-81.41488900026151, 28.77626000014517], [-81.41488800043659, 28.77631000026997], [-81.41488000004067, 28.776324999830326], [-81.41482999981197, 28.776426999933015], [-81.41479600037508, 28.77649500020849], [-81.41477399973544, 28.776540000378002], [-81.41476000039006, 28.776580999868116], [-81.41475100016923, 28.77662000019401], [-81.41474199994842, 28.77663399974211], [-81.414685000047, 28.776803999616718], [-81.41468800042006, 28.77703900002935], [-81.41475100016923, 28.777269000104823], [-81.41477299991055, 28.77735299999227], [-81.41479399982695, 28.77751099997231], [-81.41490099995707, 28.777888999631084], [-81.41494799981274, 28.77802199994342], [-81.41501300011006, 28.778116000334272], [-81.41501899995785, 28.778123999961583], [-81.41504499989712, 28.778159999851486], [-81.41505400011795, 28.778168000262802], [-81.41509000010296, 28.778192999870942], [-81.41512500026305, 28.778223999975143], [-81.41513899960843, 28.778241999904417], [-81.41518800001224, 28.778304000074428], [-81.41520499973068, 28.7783409998536], [-81.41523800024096, 28.7783709999628], [-81.41530199981507, 28.77847400037701], [-81.41533000030248, 28.778528999975638], [-81.41533600015025, 28.778546999852228], [-81.41534500037108, 28.77858099969828], [-81.41536000043969, 28.778739000180355], [-81.41536000043969, 28.77893999966543], [-81.41535500041684, 28.77901700016862], [-81.41530799966284, 28.779184000266945], [-81.41522599964708, 28.779404000139294], [-81.41520399990578, 28.77955699967672], [-81.41519800005798, 28.779606999795973], [-81.41517499959345, 28.779691000162835], [-81.41514799982926, 28.77979300012362], [-81.4151289995627, 28.77995400015217], [-81.41513399958556, 28.780258999818287], [-81.41514199998149, 28.780271999732626], [-81.41519999970781, 28.78034099979585], [-81.4152900001195, 28.78043399974033], [-81.41535500041684, 28.780519000158947], [-81.41539999972434, 28.7806009999321], [-81.41544599975511, 28.78069299971606], [-81.41546099982372, 28.78073499986435], [-81.41547599989234, 28.78081199982976], [-81.41549000013603, 28.780885999957693], [-81.41549699980874, 28.780937000153628], [-81.41550199983159, 28.781171999916104], [-81.41550900040261, 28.781732000030043], [-81.41553100014393, 28.782050999616843], [-81.41553399961865, 28.782232999867094], [-81.41555299988524, 28.7823100003013], [-81.41556100028114, 28.78237600006581], [-81.41557700017468, 28.78243099996893], [-81.41557700017468, 28.782483000108304], [-81.41556999960366, 28.78253099979003], [-81.41552600012105, 28.782663999694833], [-81.41536999958711, 28.782904999735532], [-81.41532699992942, 28.783005999796032], [-81.4152909999444, 28.78322500036305], [-81.4152619996321, 28.783442999780444], [-81.41524800028671, 28.783624000062932], [-81.41524200043892, 28.783828000065608], [-81.41524800028671, 28.784069999674823], [-81.41522900002013, 28.784228999610185], [-81.41519800005798, 28.784328000175353], [-81.41516700009585, 28.78440699963645], [-81.41513199993575, 28.784482000255363], [-81.41508799955483, 28.78455000000358], [-81.41503300020155, 28.784620000277027], [-81.41467900019921, 28.78482000034943], [-81.41460200020632, 28.78484599982678], [-81.41447800035778, 28.78490600023111], [-81.4144459996724, 28.784955000260197], [-81.4144180000833, 28.785041000030546], [-81.41441399988534, 28.78506700024012], [-81.41441200023553, 28.785102000209214], [-81.41441700025841, 28.785124000071317], [-81.41442399993109, 28.785147999700825], [-81.4144389999997, 28.785186000087073], [-81.41444400002258, 28.78520000006013], [-81.41444999987036, 28.78521200026049], [-81.41445599971814, 28.785226000230075], [-81.41446199956593, 28.78523900031258], [-81.4144669995888, 28.78525400016352], [-81.4144740001598, 28.78526800012747], [-81.41448199965741, 28.785282000089524], [-81.41448699968028, 28.785294000280444], [-81.41449199970315, 28.785304999798175], [-81.41456899969604, 28.78556400027463], [-81.4146630003057, 28.78556400027463], [-81.41468199967395, 28.78556400027463], [-81.41562099965729, 28.78556799980275], [-81.41656600038672, 28.785566000038717], [-81.41805199981792, 28.78556699992076], [-81.41964500027755, 28.785572000118023], [-81.42140900044141, 28.78557700031506], [-81.42296000016994, 28.785580999842676], [-81.42432199975259, 28.7855850001574], [-81.42634399965931, 28.78559100023564], [-81.42745500007008, 28.78559499976272], [-81.42923500012748, 28.785600999840312], [-81.43102799970534, 28.785606999917622], [-81.43260899957109, 28.785612999994527], [-81.43698499964555, 28.785627999791743], [-81.43860900006732, 28.78563299998608], [-81.44119699968849, 28.785641999705415], [-81.44194999989897, 28.785645000136608], [-81.44257400023803, 28.78564699989913], [-81.44446999974808, 28.785648999661564], [-81.45019700043282, 28.785654999736114], [-81.46051200000583, 28.785660999810258], [-81.46125900036854, 28.785661999691396], [-81.46449600044313, 28.785706999842624], [-81.46599399956989, 28.785729000364363], [-81.46771800044908, 28.785754999615087], [-81.46935399966812, 28.785778999886688], [-81.46960899993626, 28.785788000380805], [-81.47038100041333, 28.7858280002929], [-81.47179200039974, 28.7859010001322], [-81.47236200031216, 28.785930999641558], [-81.47359800039642, 28.785992999964833], [-81.4739070001929, 28.786011000128017], [-81.47489899987967, 28.786062000179705], [-81.47601299976519, 28.786120000131056], [-81.4765829996776, 28.78614899970093], [-81.47736799967515, 28.786190000137896], [-81.47866200038405, 28.786185999846325], [-81.47948500001642, 28.786182000341956], [-81.48049400031996, 28.78617800005008], [-81.48083200042876, 28.78617700017395], [-81.48138700027255, 28.786173999758038], [-81.4820800002086, 28.78617200000568], [-81.48292899978023, 28.786167999713424], [-81.48418199958293, 28.786163000332046], [-81.48478800037864, 28.786159999915725], [-81.48539599992587, 28.786158000163113], [-81.48564000032336, 28.786157000286718], [-81.48605899972469, 28.786154999746653], [-81.48673300029247, 28.786152999993938], [-81.48732900014413, 28.786151000241123], [-81.48794500008728, 28.78614899970093], [-81.48874699980328, 28.786146000071618], [-81.48944099956422, 28.78614400031865], [-81.49035600015644, 28.78614099990186], [-81.49090699980226, 28.7861390001488], [-81.49159800008847, 28.786136999608406], [-81.49198999972563, 28.78613499985527], [-81.49245800042908, 28.786133999978738], [-81.49301999994557, 28.78613200022554], [-81.49371500042975, 28.786129999685002], [-81.49820600013194, 28.78611400008326], [-81.50451700007449, 28.786099000356003], [-81.50478300021327, 28.786091999642743], [-81.50567600016583, 28.786070999862066], [-81.50585400044108, 28.786070999862066], [-81.50665699998197, 28.786070999862066], [-81.50719299955918, 28.786070999862066], [-81.51726700000609, 28.786070999862066], [-81.52027800012485, 28.786070999862066], [-81.5204649997226, 28.786070999862066], [-81.52072199964054, 28.786070999862066], [-81.52087599962634, 28.786070999862066], [-81.52097899955851, 28.786070999862066], [-81.52111300035111, 28.786070999862066], [-81.52270500008751, 28.786070999862066], [-81.52564500006119, 28.786070999862066], [-81.52658499986943, 28.786070999862066], [-81.5273919996083, 28.786069000107673], [-81.52787000035748, 28.786069000107673], [-81.52798599981013, 28.786070999862066], [-81.52848899977538, 28.786070999862066], [-81.52856300029353, 28.786069000107673], [-81.52869399981478, 28.786070999862066], [-81.5294200002611, 28.786069999984896], [-81.53019400038801, 28.786070999862066], [-81.53036199971916, 28.786070999862066], [-81.53048200026808, 28.786070999862066], [-81.53090400004248, 28.786070999862066], [-81.53133300038789, 28.786070999862066], [-81.53197000024743, 28.786070999862066], [-81.53259799988615, 28.786070999862066], [-81.53313099998861, 28.78606800023049], [-81.53479399987013, 28.786070999862066], [-81.538974000126, 28.786069000107673], [-81.53920199973165, 28.786069000107673], [-81.54299399965001, 28.786069000107673], [-81.54332699973592, 28.78608600038066], [-81.54334099997962, 28.786087000257716], [-81.54490400030203, 28.786069000107673], [-81.54714399976865, 28.786069999984896], [-81.54753299993108, 28.786069999984896], [-81.5494569999285, 28.786069999984896], [-81.54983400039538, 28.786069999984896], [-81.5504000001098, 28.786069999984896], [-81.55096499999932, 28.786069999984896], [-81.55133999991806, 28.786069999984896], [-81.5525199999258, 28.786069999984896], [-81.55428800028764, 28.786069999984896], [-81.55605499992622, 28.786069999984896], [-81.55723400010908, 28.786069999984896], [-81.55993499970812, 28.786069999984896], [-81.5609609997301, 28.78599200008694], [-81.56116499994461, 28.785991000208952], [-81.56178099988774, 28.78599000033102], [-81.56198599992717, 28.78599000033102], [-81.56219599998946, 28.78598899966577], [-81.5628260001763, 28.7859869999098], [-81.5630370000635, 28.7859869999098], [-81.56351400008947, 28.785991000208952], [-81.56379299974873, 28.78598199973243], [-81.56398299971953, 28.78598899966577], [-81.56426099955387, 28.78603799997323], [-81.56661600044484, 28.786018999937063], [-81.57214300021475, 28.785977000342086], [-81.57286299991495, 28.78597100028612], [-81.5731419995742, 28.785968999742483], [-81.57333999994093, 28.785968999742483], [-81.57643100042566, 28.785968999742483], [-81.59297099972747, 28.785969999620672], [-81.60130399957673, 28.785969999620672], [-81.6093960002999, 28.785969999620672], [-81.61137999967346, 28.785969999620672], [-81.61435800018026, 28.785969999620672], [-81.61733400013892, 28.785969999620672], [-81.61931900023572, 28.785969999620672], [-81.61947700041948, 28.785969999620672], [-81.61971400024595, 28.785969999620672], [-81.61995100007239, 28.785969999620672], [-81.62011000008106, 28.785969999620672], [-81.62023899995249, 28.785969999620672], [-81.62043200029633, 28.785969999620672], [-81.62062599956677, 28.785969999620672], [-81.62075500033653, 28.785969999620672], [-81.621056999562, 28.785969999620672], [-81.62151199984667, 28.785969999620672], [-81.62160999975595, 28.785969999620672], [-81.6219649995832, 28.785969999620672], [-81.62226800043022, 28.785969999620672], [-81.6223370000272, 28.785969999620672], [-81.62255299993726, 28.785969999620672], [-81.62298200028266, 28.785969999620672], [-81.62340999990482, 28.785969999620672], [-81.62361099974629, 28.785969999620672], [-81.6236409998835, 28.785969999620672], [-81.6236960001351, 28.785969999620672], [-81.62385500014375, 28.785969999620672], [-81.62398599966501, 28.785969999620672], [-81.62399700043399, 28.785969999620672], [-81.62438200039844, 28.78594600018029], [-81.62442500005616, 28.785943999636242], [-81.62451399974461, 28.785939000244063], [-81.6246400001413, 28.78593200030738], [-81.6247310003779, 28.785927000127366], [-81.62484600000563, 28.785921000068527], [-81.62489600023433, 28.785919000311246], [-81.62497900007503, 28.785914000130624], [-81.62571300001895, 28.785923999704327], [-81.62682600007956, 28.785921000068527], [-81.63572499964326, 28.78588600037432], [-81.63603400033806, 28.78589199964792], [-81.6380720001383, 28.785860000368938], [-81.64082499961589, 28.78586999994782], [-81.64119600023497, 28.78586999994782], [-81.64244999986259, 28.78586900006873], [-81.64306099978285, 28.78586900006873], [-81.6446900002275, 28.78586999994782], [-81.64651299994259, 28.785871999706032], [-81.64664699983689, 28.785711000152517], [-81.64682099991415, 28.785494999730265], [-81.64690499957975, 28.7851869999727], [-81.64691299997567, 28.78515399980414], [-81.64699099979347, 28.78504999980102], [-81.6471759997414, 28.784916999789772], [-81.64739699967434, 28.78479400007827], [-81.64765899961516, 28.78460999979095], [-81.64767299985887, 28.784576000335566], [-81.64774400000398, 28.78447099986355], [-81.64780400027844, 28.78424999976179], [-81.64782199982179, 28.784242999711726], [-81.64780699975317, 28.784132000317197], [-81.64776800029342, 28.784003000297947], [-81.64771399986675, 28.78391100028439], [-81.64758599982024, 28.783815999706004], [-81.64756099970586, 28.7837940003553], [-81.64711200016731, 28.783416999953324], [-81.64696800022725, 28.783248999642225], [-81.64684799967833, 28.783071000001534], [-81.64660800037716, 28.782707999655607], [-81.64655899997334, 28.78260800000422], [-81.64650500044499, 28.782523999624576], [-81.64637599967523, 28.782384000153762], [-81.64606799970367, 28.781931000212555], [-81.64599999993162, 28.7818129997189], [-81.64591299989296, 28.781563000233696], [-81.64585000014377, 28.781362000291754], [-81.64581400015875, 28.78118000009633], [-81.64580800031098, 28.781140999900664], [-81.64581499998367, 28.780885000030818], [-81.64580599976284, 28.78078899991763], [-81.64580599976284, 28.780704999647714], [-81.64580499993792, 28.78067500020974], [-81.64579499989219, 28.780622000026852], [-81.64576300010513, 28.780546999781524], [-81.64567299969345, 28.78035900014717], [-81.64563699970846, 28.780298000343752], [-81.6456049999214, 28.780241000237055], [-81.64554800001999, 28.780111000194914], [-81.64550899966193, 28.780003000145722], [-81.64548600009572, 28.779901000390236], [-81.64546299963116, 28.779773999737095], [-81.64544900028578, 28.779695999854454], [-81.64543500004208, 28.779624000334955], [-81.64540400007995, 28.779499000012258], [-81.64539999988197, 28.77942900023859], [-81.64539800023215, 28.779406000021496], [-81.64535300002632, 28.77930399968221], [-81.64532500043723, 28.7792439999918], [-81.64531100019352, 28.779187000096517], [-81.64528699990407, 28.779094999771612], [-81.64528699990407, 28.779073000212488], [-81.64529299975185, 28.77905399969481], [-81.64531500039148, 28.779000000318025], [-81.64532500043723, 28.778958000258545], [-81.6453170000413, 28.77892199985661], [-81.64529299975185, 28.778893999797837], [-81.64527699985834, 28.778881999657898], [-81.64526000013988, 28.778857000214877], [-81.6452529995689, 28.77884200023122], [-81.64524900026923, 28.7788260002988], [-81.64524599989619, 28.778797000267414], [-81.6452469997211, 28.778690000380344], [-81.64521900013202, 28.77862900038832], [-81.64522199960673, 28.778558000081514], [-81.64522300032998, 28.778511000095882], [-81.64522699962963, 28.77845399979999], [-81.64522300032998, 28.778403999915437], [-81.64521300028424, 28.77835999971377], [-81.64519800021561, 28.778316000280867], [-81.6451689999033, 28.778250000309384], [-81.64514299996404, 28.778113999639974], [-81.6451339997432, 28.778090999920295], [-81.64509799975818, 28.77803100031956], [-81.64506199977319, 28.777964000212886], [-81.64505199972743, 28.77792199973621], [-81.64505400027556, 28.777893000240837], [-81.64506400032133, 28.777859000170604], [-81.64506500014623, 28.777835999607326], [-81.64505500010048, 28.7778050001752], [-81.6450209997653, 28.777726999607594], [-81.64500999989463, 28.777699000015446], [-81.64500499987177, 28.777662000008622], [-81.64500700041991, 28.77760200016114], [-81.64502199959021, 28.777559000367322], [-81.64502699961307, 28.77749699975453], [-81.64502800033631, 28.777401999632936], [-81.64502499996325, 28.777368000190048], [-81.64501200044276, 28.777337999792397], [-81.64499499982604, 28.77730900013469], [-81.64498200030555, 28.777270000066434], [-81.64497499973454, 28.777239999640553], [-81.64498300013045, 28.777210999955592], [-81.64499400000112, 28.777197999659826], [-81.64500900006973, 28.777186000112103], [-81.64501699956733, 28.77717499973813], [-81.64503099981103, 28.777150999848757], [-81.64502699961307, 28.77713299973122], [-81.64502599978817, 28.777112999684476], [-81.6450149999175, 28.777065999835113], [-81.64500999989463, 28.776945000242787], [-81.64499999984889, 28.776882000087138], [-81.64497399990964, 28.776828000373378], [-81.6449649996888, 28.776815000029814], [-81.64493399972666, 28.776782000361834], [-81.64485300043413, 28.77672599987537], [-81.64484099984024, 28.776699999948672], [-81.6448309997945, 28.776657999750473], [-81.64482199957367, 28.776587999645074], [-81.64481700044911, 28.776551999999956], [-81.6448099998781, 28.776473000101028], [-81.64481599972588, 28.776454999866512], [-81.64482499994672, 28.7764460001418], [-81.64483300034263, 28.776436999628892], [-81.64484300038836, 28.776428999872223], [-81.64484699968801, 28.776415000296605], [-81.64485400025903, 28.776404999811213], [-81.64485500008394, 28.77638199971469], [-81.6448519997109, 28.776324999830326], [-81.64483599981736, 28.77626400003008], [-81.64482800031976, 28.77618899980078], [-81.64483499999245, 28.77615999982364], [-81.64484699968801, 28.776102999817983], [-81.64484599986312, 28.776080999627865], [-81.6448440002133, 28.776059000220506], [-81.64483300034263, 28.77604699975438], [-81.6448230002969, 28.77603999994118], [-81.64480099965728, 28.776033000127505], [-81.64478200028901, 28.77603100018065], [-81.64476200019753, 28.776027000286817], [-81.644746000304, 28.77600700002803], [-81.64474100028114, 28.77598399984381], [-81.64474200010604, 28.77594500006762], [-81.644746000304, 28.775913000098967], [-81.64476600039548, 28.77588000014564], [-81.64477399989309, 28.77585899988362], [-81.64477200024328, 28.7758190000852], [-81.64477600044123, 28.775704999670054], [-81.64478300011393, 28.7755989997386], [-81.6448099998781, 28.775499000358263], [-81.6448080002283, 28.775353000240475], [-81.64479900000744, 28.77529799975479], [-81.64480900005319, 28.77514600025169], [-81.6447959996344, 28.775061000179235], [-81.64480400003033, 28.774922000124512], [-81.6448309997945, 28.774740999702093], [-81.64484599986312, 28.774645000233654], [-81.64485400025903, 28.774582000263877], [-81.64490299976451, 28.774248000025846], [-81.64490500031265, 28.774232000176237], [-81.64491199998535, 28.774198999691183], [-81.64493999957445, 28.77412800030638], [-81.64493999957445, 28.774086999852162], [-81.64496800006184, 28.774008999654253], [-81.64501099971956, 28.773928000204663], [-81.64503500000899, 28.773828000010077], [-81.64504199968168, 28.7737129997859], [-81.64505799957522, 28.77351699966624], [-81.64507299964382, 28.773454999800833], [-81.64508299968958, 28.773366999928598], [-81.64509000026057, 28.773234999981092], [-81.64509600010837, 28.773116999886632], [-81.64512100022272, 28.77293200025729], [-81.64513799994116, 28.77282999988728], [-81.6451689999033, 28.77268499997702], [-81.6452040000634, 28.772589000191658], [-81.64523699967536, 28.772526999774747], [-81.64528799972899, 28.772454000024133], [-81.64531899969113, 28.772408999666983], [-81.64534299998057, 28.772373000154765], [-81.6453510003765, 28.772336999842647], [-81.6453510003765, 28.772295000250267], [-81.6453949998591, 28.772122000082373], [-81.64549399959331, 28.771864000100283], [-81.6455990000736, 28.77165900030672], [-81.64563699970846, 28.771590000012843], [-81.64567600006652, 28.77152999982293], [-81.64575700025735, 28.77137300025208], [-81.6458240002045, 28.771240000124788], [-81.64586900041036, 28.77115299997945], [-81.64590000037249, 28.77109400034647], [-81.64593399980937, 28.771024999678993], [-81.64596599959643, 28.77094400027515], [-81.64601800037327, 28.77084500039342], [-81.64610200003885, 28.77070300016045], [-81.64615700029044, 28.77059499982063], [-81.64616800016108, 28.770538999950382], [-81.64617400000888, 28.770498999687216], [-81.64618099968156, 28.770470999730094], [-81.64621699966658, 28.7703980001159], [-81.64622900026046, 28.770368000076253], [-81.646281000139, 28.770276999877034], [-81.64635200028411, 28.770148000047037], [-81.64643799959953, 28.769983999752125], [-81.64650600026988, 28.769867999983273], [-81.64654599955455, 28.76981199972287], [-81.6466689995782, 28.769665000274333], [-81.64681500006638, 28.769494999791448], [-81.64685600007427, 28.76943499997178], [-81.64692499967124, 28.769314000191102], [-81.64703599999932, 28.769212000221497], [-81.64715300017518, 28.769103999913348], [-81.64723000016807, 28.7690340002518], [-81.64728600024459, 28.7689920001174], [-81.64734200032107, 28.7689429996767], [-81.64741000009312, 28.76888300032709], [-81.64748999956076, 28.768818999985374], [-81.64751999969799, 28.768791999620266], [-81.64757400012466, 28.768734000270598], [-81.64762000015541, 28.768693000059198], [-81.64768000042987, 28.768641000132767], [-81.64770899984389, 28.768611000375454], [-81.64775300022481, 28.768555000227945], [-81.64780400027844, 28.768475999785945], [-81.64784500028631, 28.768410999935632], [-81.64786100017986, 28.768396000024996], [-81.64787700007336, 28.76837199969097], [-81.64793399997478, 28.76831200001306], [-81.64797199960961, 28.76826800027981], [-81.64800400029497, 28.768223999740623], [-81.64802199983832, 28.76819800005756], [-81.64804000027999, 28.76816900022165], [-81.64805299980046, 28.76813400008313], [-81.64806000037147, 28.768113999886253], [-81.6480700004172, 28.768016999782436], [-81.64807399971686, 28.767973999975506], [-81.64808399976259, 28.76794700017922], [-81.64810300002917, 28.76791800027363], [-81.64812200029576, 28.76789299977827], [-81.64815599973262, 28.76786900011609], [-81.64820400031151, 28.767850999972055], [-81.64823299972551, 28.767849999920244], [-81.6482460001443, 28.767848999868374], [-81.64826299986275, 28.76784599971278], [-81.64828700015218, 28.767829999668876], [-81.64831499974127, 28.7678070000445], [-81.64833300018296, 28.767787999837356], [-81.64835099972629, 28.767753999623856], [-81.64836499997, 28.767729999929642], [-81.64840199977992, 28.767669999882628], [-81.64840900035092, 28.76765900008026], [-81.64842000022158, 28.767640999900006], [-81.64845200000863, 28.767603000209284], [-81.64849499966634, 28.767550999739793], [-81.64861199984222, 28.767453999900145], [-81.64867700013953, 28.767388000144443], [-81.64873900006381, 28.76731600000541], [-81.64874999993447, 28.76729500038203], [-81.64875199958429, 28.76723700020038], [-81.64876099980513, 28.767205999981424], [-81.64878799956931, 28.767148999808853], [-81.64883500032326, 28.767078999623404], [-81.64887200013321, 28.767034000098132], [-81.64895699962369, 28.76694600032288], [-81.64902000027121, 28.766905000196424], [-81.64907799999752, 28.766871999756486], [-81.64909499971596, 28.7668619999313], [-81.64926200012054, 28.766809999880042], [-81.64927100034137, 28.766798999986978], [-81.64933400009055, 28.766771999886746], [-81.64963799986418, 28.766704999636897], [-81.64971999987993, 28.766691999606962], [-81.6498029997206, 28.76668299982754], [-81.64987600041387, 28.766667000392843], [-81.65006499966144, 28.766592999628617], [-81.65022600021823, 28.766558999813263], [-81.65031200043195, 28.76654799989374], [-81.65036699978523, 28.766523999922242], [-81.6503929997245, 28.76650899974038], [-81.65041899966376, 28.766479000157602], [-81.65044700015117, 28.766438999913127], [-81.65047899993823, 28.766399999718985], [-81.65052199959592, 28.766366999906772], [-81.65057299964955, 28.766338000349545], [-81.65058699989325, 28.766333000017795], [-81.65065200019059, 28.766306999863613], [-81.65071999996265, 28.766289000237638], [-81.65079100010774, 28.76627199988809], [-81.65083299994056, 28.76626099993838], [-81.65086200025286, 28.766259999871327], [-81.65088099962112, 28.76626099993838], [-81.65096699983485, 28.766270999821142], [-81.65101899971339, 28.766270999821142], [-81.6510260002844, 28.76625799973715], [-81.65102700010932, 28.766193000080253], [-81.65102799993421, 28.766162999619183], [-81.65102799993421, 28.766137000210115], [-81.6510329999571, 28.766111000007108], [-81.65104700020079, 28.766061999788562], [-81.65107800016293, 28.76596999970189], [-81.6511380004374, 28.765942000104463], [-81.6511669998514, 28.76593699975373], [-81.65119399961557, 28.765934999613346], [-81.65123399979855, 28.765944000244694], [-81.65124899986716, 28.76595400015784], [-81.6512809996542, 28.76599299973118], [-81.6513019995706, 28.766026999730933], [-81.6513080003167, 28.766057000231047], [-81.6513169996392, 28.76606800020226], [-81.65141600027174, 28.766137000210115], [-81.65143499963999, 28.766150000309196], [-81.65147200034822, 28.76617100016295], [-81.6514980002875, 28.766185000325635], [-81.65150900015816, 28.76618899980929], [-81.65153500009743, 28.76619600028335], [-81.651590000349, 28.76620700023992], [-81.65166599961869, 28.766209000375078], [-81.65170900017469, 28.766201999901885], [-81.6517869999925, 28.766179999986477], [-81.6518360003963, 28.766161000270603], [-81.65185800013761, 28.76615100037734], [-81.65190400016837, 28.76612300004101], [-81.65192900028273, 28.76610699973299], [-81.65204200026064, 28.766059000369076], [-81.65209999998694, 28.766039999843702], [-81.65211400023064, 28.766037999705315], [-81.65216500028427, 28.766029999938798], [-81.65227099969117, 28.766026999730933], [-81.65228599975978, 28.766027999800208], [-81.65234500020932, 28.766032000077352], [-81.65257899966275, 28.766037999705315], [-81.65267599974713, 28.76604099991285], [-81.6527219997779, 28.76604700032776], [-81.65283399993088, 28.766061999788562], [-81.65292500016747, 28.766069000271205], [-81.65298000041905, 28.7660719996904], [-81.65301300003102, 28.766073999828137], [-81.65316399964375, 28.766091000209947], [-81.65320899984961, 28.766096999834513], [-81.65339499962244, 28.766137000210115], [-81.65347400016346, 28.76616200033866], [-81.65353600008775, 28.766192000012502], [-81.65357399972258, 28.766209999655207], [-81.65363399999704, 28.766246999785896], [-81.65365099971547, 28.76625799973715], [-81.65366400013427, 28.76626600027359], [-81.65368099985271, 28.766277000222832], [-81.6537169998377, 28.766303000384482], [-81.65380200022652, 28.766366999906772], [-81.65386099977776, 28.76642100030991], [-81.65387900021942, 28.76643799984773], [-81.65390299961055, 28.766469000294823], [-81.65392900044813, 28.766504000204215], [-81.65394699999148, 28.76652900024486], [-81.65396600025807, 28.766551000086682], [-81.65397899977853, 28.766565000198323], [-81.65402200033455, 28.7666040003308], [-81.65405999996939, 28.766642999661194], [-81.65413100011449, 28.766792999615365], [-81.65412199989366, 28.766971000257637], [-81.65419399986368, 28.767124999975557], [-81.65417399977221, 28.767254999662786], [-81.65407300038818, 28.76734600013499], [-81.65400100041816, 28.767406000368283], [-81.65398100032668, 28.767417000197366], [-81.6539550003874, 28.767438999851954], [-81.65394699999148, 28.767449999677513], [-81.65394500034166, 28.76747600033439], [-81.65395000036452, 28.767509999851065], [-81.65396299988501, 28.767543000089255], [-81.65398499962633, 28.767572000099115], [-81.65402800018234, 28.7676259998787], [-81.65408799955848, 28.767678000310887], [-81.65415700005377, 28.767734000141548], [-81.6542430002675, 28.767819999935547], [-81.6543000001689, 28.76787899984478], [-81.65439100040548, 28.76795599984965], [-81.65447300042126, 28.768022000033582], [-81.65452100010184, 28.768054000060015], [-81.65453500034555, 28.76806199967137], [-81.65458300002612, 28.76808500002701], [-81.65467099988966, 28.768124000378933], [-81.65474899970748, 28.768172999629282], [-81.6548209996775, 28.768221000383225], [-81.65507599994562, 28.76837599987828], [-81.65554399975076, 28.768686999796422], [-81.65569899956147, 28.768798999919774], [-81.65584000002677, 28.768903000376582], [-81.655906000149, 28.768948999924756], [-81.6559410003091, 28.768977000290274], [-81.65597399992107, 28.769000999697642], [-81.65599999986034, 28.769025999927553], [-81.65601999995182, 28.769065999967914], [-81.65602400014978, 28.76907699962203], [-81.65603400019553, 28.76912800007897], [-81.6560609999597, 28.769180999801772], [-81.6560819998761, 28.769214000299062], [-81.65612000040926, 28.769272000169384], [-81.65614799999835, 28.769322999743633], [-81.6561649997168, 28.769364999744816], [-81.65619700040214, 28.769452999842528], [-81.65621699959532, 28.769533999616353], [-81.65623000001412, 28.769600000377174], [-81.65623699968681, 28.769681000036833], [-81.65624199970968, 28.769733000232463], [-81.65624500008273, 28.769746999917224], [-81.6562500001056, 28.76976199963367], [-81.65626000015133, 28.769791999847545], [-81.65628199989266, 28.769815999854917], [-81.65629500031145, 28.769826000184487], [-81.65631600022783, 28.76983699975844], [-81.65633999961896, 28.76983999985683], [-81.65637300012925, 28.769834999692808], [-81.65638800019785, 28.76983100034888], [-81.65647900043446, 28.76980400024567], [-81.65651899971911, 28.76978999978105], [-81.65653499961263, 28.769781000268836], [-81.65654700020653, 28.769770999934966], [-81.65655800007717, 28.769758000286952], [-81.65656499974988, 28.769748999984547], [-81.65657800016866, 28.76973000013099], [-81.65659400006217, 28.769693999694493], [-81.6566080003059, 28.769662000170964], [-81.65664199974276, 28.769601999659855], [-81.65667000023016, 28.769555000364072], [-81.65669199997147, 28.769526000117832], [-81.65674100037528, 28.769463000206894], [-81.65677399998722, 28.76943800008167], [-81.65680199957633, 28.76942699967822], [-81.65684699978218, 28.769415000024193], [-81.65687699991939, 28.769400000257864], [-81.65690299985867, 28.769365999782174], [-81.6569260003232, 28.769306999926183], [-81.6569329999959, 28.769279999687384], [-81.65693200017098, 28.76921899970535], [-81.65694600041469, 28.76917999976271], [-81.656968000156, 28.76913500035595], [-81.65699300027035, 28.76910099979385], [-81.65734700027268, 28.768628000343995], [-81.65735499977028, 28.76861699985515], [-81.65741000002187, 28.76850400027838], [-81.65752600037283, 28.768251000252647], [-81.65756999985544, 28.768153000227272], [-81.65761099986331, 28.768076999630022], [-81.65764199982547, 28.76802900038469], [-81.65768899968113, 28.767954999798782], [-81.65786500030653, 28.767574000208114], [-81.6579459995991, 28.767388000144443], [-81.65798999998002, 28.767298999823147], [-81.65801699974419, 28.767262000065358], [-81.65805399955411, 28.767218999947342], [-81.65810299995792, 28.767148999808853], [-81.65812499969923, 28.76710100013669], [-81.65816900008015, 28.76701000023834], [-81.65826100014166, 28.76685200010515], [-81.65834300015743, 28.766726000166454], [-81.65836300024891, 28.766696999921514], [-81.6584689996558, 28.766550000022352], [-81.65855099967156, 28.766477000027663], [-81.65859699970233, 28.766442000109162], [-81.65859699970233, 28.766422999653503], [-81.65859699970233, 28.766410999654056], [-81.65859699970233, 28.76573699970154], [-81.65859699970233, 28.765279000327368], [-81.65859699970233, 28.76459199986015], [-81.65859699970233, 28.763905000383257], [-81.65859699970233, 28.763448000151396], [-81.6585959998774, 28.761922999971286], [-81.6585959998774, 28.75964000025211], [-81.6585959998774, 28.757351000092083], [-81.6585959998774, 28.755827000001965], [-81.6585959998774, 28.755410999777375], [-81.65859699970233, 28.754790999797137], [-81.65859699970233, 28.754164000367744], [-81.65859800042556, 28.75374900000493], [-81.6585959998774, 28.753651999940427], [-81.65856099971732, 28.753075000203225], [-81.65856800028831, 28.750380999673165], [-81.65856599974019, 28.74852600030232], [-81.65854900002174, 28.74651900003933], [-81.65855999989239, 28.745836000043653], [-81.65856099971732, 28.74582700004162], [-81.65860900029621, 28.742813000102256], [-81.65861199977094, 28.742585999807336], [-81.65860300044842, 28.740313000288523], [-81.65859699970233, 28.73783699999709], [-81.65859199967946, 28.735194000003585], [-81.6585730003112, 28.733870000383313], [-81.65855099967156, 28.731278999750504], [-81.65853399995315, 28.72933700038321], [-81.65852300008248, 28.728138000351983], [-81.65851899988452, 28.725844999674212], [-81.65852499973231, 28.725569999689117], [-81.65851899988452, 28.720385000176854], [-81.65850800001387, 28.717517999698703], [-81.65850999966369, 28.716739999859602], [-81.65851999970943, 28.713083000306042], [-81.65851899988452, 28.712818999910674], [-81.65851999970943, 28.70943200025278], [-81.65851999970943, 28.70723999994216], [-81.65851999970943, 28.70549399976436], [-81.65851999970943, 28.705206999902178], [-81.65851999970943, 28.705136999970104], [-81.65851999970943, 28.70509699987532], [-81.65851999970943, 28.704867999885355], [-81.65851999970943, 28.7041730002844], [-81.65851999970943, 28.703868999689096], [-81.65851999970943, 28.70337700024437], [-81.65851999970943, 28.70317299987298], [-81.65851999970943, 28.7028729998558], [-81.65851999970943, 28.70260600003119], [-81.65851999970943, 28.702570999988904], [-81.65851999970943, 28.702077000169652], [-81.65851999970943, 28.70177299978844], [-81.65851999970943, 28.701373000263775], [-81.65851999970943, 28.700873000086688], [-81.65851999970943, 28.700491000207478], [-81.65851999970943, 28.700273000187785], [-81.65851999970943, 28.699768999820602], [-81.65851999970943, 28.699073000313533], [-81.65851999970943, 28.69857300017917], [-81.65851999970943, 28.69796999990317], [-81.65851999970943, 28.697372999723918], [-81.65851999970943, 28.697041999865096], [-81.65851999970943, 28.696773000246704], [-81.65851999970943, 28.696273000156232], [-81.65851999970943, 28.695489000179403], [-81.65851999970943, 28.694978999858314], [-81.65851999970943, 28.694878999735746], [-81.65851999970943, 28.69426799970911], [-81.65851999970943, 28.693768000260675], [-81.65852100043267, 28.693172999712058], [-81.65852100043267, 28.692567999878232], [-81.65852100043267, 28.691975000369244], [-81.65852100043267, 28.691718000248322], [-81.65852100043267, 28.691468000248896], [-81.65852100043267, 28.690777999926713], [-81.65852100043267, 28.690177999684618], [-81.65852100043267, 28.68967300034223], [-81.65852100043267, 28.6891730002243], [-81.65852100043267, 28.688820000000153], [-81.65852100043267, 28.68857300024059], [-81.65851999970943, 28.688074999652446], [-81.65851999970943, 28.687277000047104], [-81.65851999970943, 28.686868999979016], [-81.65851899988452, 28.686296999856822], [-81.65851899988452, 28.686176999991304], [-81.65852100043267, 28.686007000012005], [-81.65852100043267, 28.68591699967951], [-81.65852100043267, 28.685279000270583], [-81.65852300008248, 28.684898000281734], [-81.65852100043267, 28.684622999831767], [-81.65852100043267, 28.684418999948427], [-81.65852100043267, 28.68440099961512], [-81.65852100043267, 28.68410799984052], [-81.65851899988452, 28.68399699963925], [-81.6585180000596, 28.682843999663174], [-81.6585180000596, 28.682090000171208], [-81.65849799996813, 28.679554999713414], [-81.65846600018108, 28.676798000381062], [-81.65839800040901, 28.670960000176777], [-81.65835700040112, 28.667369000185886], [-81.6583270002639, 28.665357999775555], [-81.65830100032464, 28.663867000279375], [-81.65825199992084, 28.66142100018798], [-81.65820599989009, 28.658941999946364], [-81.65820199969212, 28.658793000053073], [-81.65816499988219, 28.656831000046065], [-81.65812999972209, 28.654970999964313], [-81.65811800002653, 28.654323000165103], [-81.658102000133, 28.65348799984344], [-81.65807299982067, 28.651927999769995], [-81.65805000025446, 28.65027100037317], [-81.65802799961484, 28.648759999770384], [-81.65801699974419, 28.647964000323107], [-81.65800400022371, 28.647058999698558], [-81.65798999998002, 28.64607799974871], [-81.65795900001788, 28.64384099965838], [-81.65794399994925, 28.642806000007788], [-81.65792800005572, 28.64171899963415], [-81.65791700018508, 28.640899999632552], [-81.65789200007073, 28.639196999620477], [-81.65786500030653, 28.6372739998735], [-81.657841999842, 28.636183999747768], [-81.65780400020716, 28.634435000106578], [-81.65772300001632, 28.63072100000784], [-81.65763199977971, 28.626497000073652], [-81.65754700028921, 28.6226049998205], [-81.65694600041469, 28.608270000129963], [-81.6569260003232, 28.607802999929955], [-81.65716800017255, 28.59517000036575], [-81.65720300033264, 28.593324999643098], [-81.65719900013468, 28.592566999606337], [-81.65717800021828, 28.592554000030432], [-81.6571589999517, 28.592466000250152], [-81.65714700025615, 28.592252000208163], [-81.6571220001418, 28.59219100036335], [-81.65703699975298, 28.59216699984575], [-81.65701599983657, 28.592169000152033], [-81.65697200035395, 28.592207999806423], [-81.65686600004877, 28.592351000255906], [-81.6568350000866, 28.592377999607407], [-81.65679099970568, 28.592383999725303], [-81.65675399989576, 28.592377999607407], [-81.65631799987767, 28.592169000152033], [-81.65567500017033, 28.59183900037347], [-81.65545699971213, 28.591701000015455], [-81.65513299984701, 28.591524999741853], [-81.65464099975244, 28.591304999971424], [-81.65385499992999, 28.59076499980203], [-81.65345700044503, 28.5904459998477], [-81.65306999993243, 28.59007199967493], [-81.65273400037177, 28.58969200026687], [-81.65252799960912, 28.589488000308656], [-81.6522659996683, 28.589251999692983], [-81.65174900035767, 28.58870100034113], [-81.65141200007378, 28.58829999987915], [-81.6511259998435, 28.588023999945307], [-81.65056500015196, 28.587545999894907], [-81.650160000096, 28.587237000062345], [-81.64989200030739, 28.587006000138043], [-81.64972999992568, 28.586836000327164], [-81.64941699993125, 28.586465999974312], [-81.64918799960239, 28.586071000143317], [-81.64881400040687, 28.585706999963907], [-81.64855800031384, 28.585405000193518], [-81.64814700041009, 28.58473300020413], [-81.64810999970187, 28.584634000082254], [-81.6481039998541, 28.584480000057958], [-81.64812899996845, 28.584189000072417], [-81.64817900019715, 28.584007000038085], [-81.64847200010011, 28.583307999695776], [-81.64866500044397, 28.582912000382166], [-81.64886499956219, 28.58265400015857], [-81.64905799990603, 28.582455999851245], [-81.64951900003848, 28.582247000393252], [-81.64971900005503, 28.582174999902588], [-81.6500620001867, 28.582093000028685], [-81.65036699978523, 28.58205399977765], [-81.65047999976314, 28.582021000221385], [-81.65063499957382, 28.58194999982632], [-81.65098500027653, 28.581679999730408], [-81.65112800039165, 28.581542999703036], [-81.65143999966287, 28.581173999916135], [-81.6517519998324, 28.58078399965753], [-81.65187599968097, 28.58051399972362], [-81.65193199975745, 28.580326999889035], [-81.6519700002906, 28.58015100029779], [-81.65198199998616, 28.579854000122488], [-81.65194500017626, 28.579291999769502], [-81.65195799969673, 28.579143999895656], [-81.65212000007844, 28.578456000327765], [-81.6521329995989, 28.57830800006644], [-81.65213900034502, 28.578148000104026], [-81.65205800015414, 28.5772180001385], [-81.6519209998868, 28.57669499978679], [-81.65184600044203, 28.57647499975485], [-81.6517529996573, 28.576232999661546], [-81.65164700025042, 28.576041000149864], [-81.65154099994521, 28.575749000171484], [-81.65140399967787, 28.575115999699186], [-81.65153500009743, 28.5743950002367], [-81.65163499965655, 28.57409300032834], [-81.65176000022832, 28.573921999828595], [-81.65191000001616, 28.573784999951968], [-81.65205899997906, 28.573493000022747], [-81.65222200018569, 28.573057999613916], [-81.65265200035599, 28.572029999808215], [-81.65266499987648, 28.571143999957595], [-81.65277100018167, 28.570995000099302], [-81.65287699958859, 28.57094600007336], [-81.65322499974313, 28.570906000067414], [-81.65331299960667, 28.570895999669105], [-81.65423499987158, 28.57066500014385], [-81.6550459998084, 28.570544999759953], [-81.65547000013092, 28.57046199992719], [-81.65563199961431, 28.570401999636594], [-81.65572700004886, 28.570406000288177], [-81.65588400040771, 28.57036699964854], [-81.65600200040848, 28.57031400025303], [-81.65616399989187, 28.570246000141022], [-81.65633600031931, 28.57007800000081], [-81.6564750002365, 28.56994699967244], [-81.65650000035085, 28.569905000134852], [-81.65651200004642, 28.56986699967469], [-81.65654399983347, 28.56983400023981], [-81.65659099968914, 28.56982799962422], [-81.6566519997885, 28.569840999642643], [-81.65670399966703, 28.569871999922885], [-81.6567770003603, 28.569873999864292], [-81.65688000029245, 28.569814000027332], [-81.65700699961573, 28.569806999833748], [-81.65711799994382, 28.569808000199544], [-81.65720499998245, 28.56982700004755], [-81.65721099983024, 28.56924399986982], [-81.65722699972376, 28.56582000031886], [-81.65724699981526, 28.563214999668887], [-81.6573070000897, 28.55730100024912], [-81.65729500039414, 28.557002000086467], [-81.65733600040203, 28.555410999870666], [-81.65737300021195, 28.554038999610263], [-81.65739199958021, 28.553298999676112], [-81.65739300030343, 28.553262999789734], [-81.65739699960308, 28.553178000272283], [-81.65738999993039, 28.553122000116417], [-81.65738699955733, 28.55308799964088], [-81.65729600021906, 28.552178000332805], [-81.65729399967091, 28.549470999647074], [-81.65729399967091, 28.548380000312367], [-81.65739599977816, 28.54787799969385], [-81.65728799982313, 28.546391000185423], [-81.65728100015045, 28.54629399988711], [-81.65727500030268, 28.546178999922088], [-81.65727299975453, 28.5461479997659], [-81.6572700002798, 28.54600200023144], [-81.65729200002109, 28.544729000363553], [-81.657292999846, 28.544579000385568], [-81.65729600021906, 28.543248000351337], [-81.65729600021906, 28.543074999793035], [-81.65738800028058, 28.538199999682366], [-81.65739599977816, 28.537779000125187], [-81.65739599977816, 28.537686999986764], [-81.65739599977816, 28.537677000378554], [-81.65739599977816, 28.537638000240452], [-81.65739599977816, 28.53758099983056], [-81.65739599977816, 28.537411999762988], [-81.65739599977816, 28.53735599990495], [-81.65739599977816, 28.537155999830777], [-81.65739599977816, 28.536967999620078], [-81.65739599977816, 28.53677899997265], [-81.65742900028845, 28.53199099973902], [-81.65749500041069, 28.522398999762707], [-81.65749299986255, 28.52226399999129], [-81.65749200003764, 28.522191000276727], [-81.6574829998168, 28.5213849999713], [-81.65739800032631, 28.51423899965566], [-81.65739699960308, 28.511322000046796], [-81.65742099989252, 28.51102100015792], [-81.65743799961096, 28.5108139996782], [-81.65746000025058, 28.508814000039465], [-81.65748000034206, 28.506954999648627], [-81.65748100016698, 28.50667499968023], [-81.6574829998168, 28.506138000103014], [-81.65748799983967, 28.504718999607128], [-81.65747399959598, 28.504222999830173], [-81.65744600000689, 28.50337900037608], [-81.6574960002356, 28.500280000169276], [-81.65750299990829, 28.49971300026062], [-81.65751399977896, 28.498894000189484], [-81.65751499960386, 28.49878499974991], [-81.6575949999698, 28.49245399989904], [-81.6575949999698, 28.492442999637657], [-81.65757800025136, 28.48896200002509], [-81.65757700042646, 28.488871999828202], [-81.657517000152, 28.47791399991679], [-81.65749799988541, 28.4742809999833], [-81.6574960002356, 28.474175000062584], [-81.65749000038782, 28.474162999781772], [-81.65749000038782, 28.472381999911978], [-81.6574960002356, 28.45059100003026], [-81.65743000011337, 28.45005999989584], [-81.65744400035706, 28.44983700036966], [-81.65748500036494, 28.44962299971279], [-81.65746299972531, 28.449246999798007], [-81.65749000038782, 28.449085999866845], [-81.65748000034206, 28.446035000099634], [-81.65748100016698, 28.445967000394205], [-81.65748100016698, 28.445886000351173], [-81.65748000034206, 28.445738000356087], [-81.65747000029633, 28.44364600034644], [-81.65746799974819, 28.443312999925304], [-81.65746199990039, 28.441837999676757], [-81.65744900037993, 28.43921299981398], [-81.65744600000689, 28.438944999885578], [-81.65739699960308, 28.43778300022424], [-81.6573990001512, 28.434142000371455], [-81.65739699960308, 28.43408300000225], [-81.65739599977816, 28.434020000093856], [-81.65735200029556, 28.43218299974033], [-81.65734700027268, 28.4319719999857], [-81.65734200024983, 28.43176199990575], [-81.65731899978528, 28.43077399976813], [-81.65729600021906, 28.429789000228762], [-81.65730200006685, 28.42791100003412], [-81.65730999956445, 28.42653799975595], [-81.65731999961018, 28.42624099978957], [-81.65734999974741, 28.425345999796452], [-81.65733499967881, 28.42444100007079], [-81.65733399985389, 28.424313999631664], [-81.65733300002898, 28.42419599975268], [-81.65732899983102, 28.42396400027662], [-81.65732499963308, 28.423036999835997], [-81.65731999961018, 28.422230000173403], [-81.6573149995873, 28.421978999931657], [-81.65730999956445, 28.421331000254696], [-81.65730200006685, 28.42076599975637], [-81.657292999846, 28.419327999644977], [-81.657292999846, 28.419290000238647], [-81.65729100019618, 28.419250999814995], [-81.65725500021117, 28.415185999888628], [-81.65724799964016, 28.414635000225864], [-81.6572490003634, 28.414488000235778], [-81.65724799964016, 28.41427500024284], [-81.65724199979238, 28.41361499999254], [-81.65723699976951, 28.413070000109148], [-81.65723000009682, 28.412197000028815], [-81.65723099992174, 28.411931999700258], [-81.65723099992174, 28.411709999904538], [-81.65717700039336, 28.409930999685045], [-81.65724500016543, 28.408326999886697], [-81.65725400038627, 28.408146000071063], [-81.65728299980026, 28.407544999735364], [-81.65730000041701, 28.404854999817957], [-81.6572989996938, 28.40428099988244], [-81.6572989996938, 28.403282999622398], [-81.6572989996938, 28.40228399986022], [-81.6572989996938, 28.401637999753063], [-81.65729700004397, 28.394876999788238], [-81.65729600021906, 28.394498000027124], [-81.65729600021906, 28.394118999701032], [-81.65729600021906, 28.393804000221117], [-81.65729600021906, 28.393331999870295], [-81.65729600021906, 28.392859000115845], [-81.65729700004397, 28.39254499972799], [-81.65729700004397, 28.392483999746066], [-81.65729700004397, 28.392295999619893], [-81.65729700004397, 28.39155099989754], [-81.65729700004397, 28.391303000302827], [-81.65729700004397, 28.390183999804695], [-81.65729700004397, 28.390143000332618], [-81.65729600021906, 28.387742999692527], [-81.65729600021906, 28.38541000022089], [-81.65729700004397, 28.38528499989173], [-81.65729700004397, 28.38515199987286], [-81.65729600021906, 28.384446000342802], [-81.65729600021906, 28.384355999713367], [-81.65726299970878, 28.384075999813263], [-81.65721800040126, 28.383370999993993], [-81.65720800035552, 28.38322400009692], [-81.65718499989097, 28.383177000140602], [-81.65718400006605, 28.383114999745967], [-81.65718800026401, 28.382863000318324], [-81.65718400006605, 28.382820999828592], [-81.65718200041624, 28.381775000255853], [-81.65718200041624, 28.381086999638892], [-81.65718099969301, 28.3806259996138], [-81.6571799998681, 28.379636000246876], [-81.6571799998681, 28.379605000204503], [-81.6571799998681, 28.379520999789158], [-81.65717900004319, 28.379000999839697], [-81.65717499984522, 28.378401000013017], [-81.65716300014967, 28.37790100033089], [-81.65716099960153, 28.377818999775496], [-81.6571589999517, 28.377737999762225], [-81.65715700030188, 28.37764500031474], [-81.65715499975376, 28.37759699965012], [-81.65715499975376, 28.377550000361474], [-81.6571380000353, 28.37686299982268], [-81.65712499961651, 28.376521000390916], [-81.65712399979162, 28.37627199979896], [-81.65711600029398, 28.376005999907967], [-81.65710799989807, 28.375897999874717], [-81.65710500042336, 28.37566400008414], [-81.6571299996394, 28.369478999613758], [-81.6571380000353, 28.368291999845788], [-81.65713600038549, 28.367039000268743], [-81.65713600038549, 28.366897000246897], [-81.65713700021038, 28.366578999976273], [-81.6571380000353, 28.366023000136575], [-81.65713899986021, 28.36546599982423], [-81.6571380000353, 28.365385999796143], [-81.65713999968513, 28.365231000014695], [-81.65714100040834, 28.36517599973184], [-81.65714100040834, 28.36512100021096], [-81.65714300005818, 28.364810999647588], [-81.65714200023326, 28.364665999991164], [-81.65716700034763, 28.36126300030608], [-81.65716899999745, 28.360977999661173], [-81.65714499970801, 28.358567999988757], [-81.65713399983736, 28.35770000008568], [-81.65712600033976, 28.356765000154855], [-81.65712700016465, 28.356549000335722], [-81.6571220001418, 28.35634100021161], [-81.65711499957078, 28.354705999714398], [-81.65710600024825, 28.353015999865992], [-81.6571029998752, 28.35204700022281], [-81.65708699998169, 28.347846000057274], [-81.65708699998169, 28.34764700037434], [-81.65718900008893, 28.34756999986461], [-81.65722900027191, 28.34749999999961], [-81.65724500016543, 28.347401000326382], [-81.65726799973166, 28.347098000130103], [-81.65665599998647, 28.347100000337736], [-81.65644900029721, 28.34710099965096], [-81.65425499996306, 28.34707299990309], [-81.65270699970927, 28.347031000267418], [-81.65208900011629, 28.347017000385193], [-81.65122600030094, 28.346988999824553], [-81.65052400014406, 28.34696400036249], [-81.64995500005656, 28.3469569996266], [-81.6485690001845, 28.346928999840756], [-81.64836599979492, 28.346921999893144], [-81.64823400044875, 28.346917000156143], [-81.64732800007738, 28.346889000359752], [-81.64695399998357, 28.346896999624693], [-81.64633499966736, 28.34690499967961], [-81.6449150003584, 28.346907999996507], [-81.64439200030166, 28.346910000207767], [-81.64267699964329, 28.34693799999861], [-81.64137000031224, 28.346929999946173], [-81.63932800031405, 28.34694000020926], [-81.63863000035512, 28.34695199989125], [-81.63832300020847, 28.34695999994202], [-81.6378479998323, 28.346971999621758], [-81.63695200040499, 28.346984000090746], [-81.6365790001361, 28.346972999726773], [-81.63479499988074, 28.346988999824553], [-81.6340169995559, 28.346996999872548], [-81.6332009995962, 28.346987999719694], [-81.6327720001491, 28.346994999662968], [-81.63155100013347, 28.347015000175958], [-81.63119700013114, 28.347010999757444], [-81.63098000039616, 28.347018999803772], [-81.63062700021875, 28.347022000117448], [-81.63031400022432, 28.34703000016295], [-81.62956000018889, 28.347027999954005], [-81.62878500023709, 28.347035999999047], [-81.6279419996149, 28.347047000356472], [-81.62502599993068, 28.347085999674], [-81.62383800042532, 28.347092000297515], [-81.6215200002426, 28.34710700027363], [-81.61853599988801, 28.347085999674], [-81.61721699996306, 28.347067000069092], [-81.61626700010908, 28.347056999817955], [-81.61596099978733, 28.347052000087313], [-81.61515200039864, 28.347070000381436], [-81.61355499974105, 28.347057999922164], [-81.61275700022303, 28.347056999817955], [-81.61103200041723, 28.347069000277312], [-81.60908499995526, 28.347084000256686], [-81.60828900008705, 28.34710600016989], [-81.60786399993962, 28.347061000234774], [-81.60765200022752, 28.347039000312243], [-81.60697000016212, 28.347042999939127], [-81.60690099966683, 28.347042999939127], [-81.60451499971204, 28.347055999713728], [-81.60446100018369, 28.347056999817955], [-81.60430800002281, 28.347056999817955], [-81.60370899979809, 28.347060000130565], [-81.60135499963036, 28.34707199979899], [-81.60104900020691, 28.34707400000715], [-81.59068600005503, 28.347122000247612], [-81.59017100039421, 28.34713100038913], [-81.5885710002619, 28.347139999739237], [-81.58352800019065, 28.347167000156862], [-81.58180199966162, 28.347176000294567], [-81.58161599988878, 28.34717699960706], [-81.58130899974213, 28.34717799971014], [-81.58116800017514, 28.34717699960706], [-81.58079499990623, 28.34718100001934], [-81.58030100016181, 28.347183000225424], [-81.57976499968629, 28.347184999640884], [-81.5788840003276, 28.347189000052868], [-81.57793600012342, 28.347192999674107], [-81.57719700015663, 28.347193999777033], [-81.5771179996156, 28.3471970000858], [-81.5770549998664, 28.347199000291578], [-81.57684099960616, 28.34719800018869], [-81.57659100025923, 28.347199000291578], [-81.57630000000609, 28.347200999706722], [-81.5748649997302, 28.347207000323746], [-81.56722300016716, 28.347245000270668], [-81.56711500021213, 28.34724400016821], [-81.56699200018848, 28.347245000270668], [-81.5667620000347, 28.347246000373097], [-81.56661700026974, 28.347246999684945], [-81.56645300023823, 28.347247999787374], [-81.56624900002372, 28.34724899988978], [-81.56598299988495, 28.34724999999221], [-81.56575600010422, 28.347247999787374], [-81.56565399999697, 28.34724999999221], [-81.56546499985107, 28.34725300029936], [-81.56532599993392, 28.347252000196995], [-81.56524700029118, 28.34725300029936], [-81.56519799988739, 28.34725300029936], [-81.56504200025178, 28.347253999611144], [-81.56490499998442, 28.347253999611144], [-81.56465200026445, 28.347253999611144], [-81.56399100011545, 28.34725800002055], [-81.56350800024168, 28.347260000225166], [-81.56324899977561, 28.34726100032747], [-81.56296300044365, 28.347261999639176], [-81.56270399997756, 28.347262999741456], [-81.56244399968656, 28.347263999843733], [-81.56213099969213, 28.347264999945985], [-81.5619170003302, 28.347266000048265], [-81.56159500011492, 28.347267000150516], [-81.56095099968435, 28.3472699996666], [-81.55923400027449, 28.34727600027972], [-81.5529199999589, 28.347284999617553], [-81.5527290001632, 28.347284999617553], [-81.55029999965237, 28.3472869998217], [-81.55017900017687, 28.3472869998217], [-81.5499420003504, 28.3472869998217], [-81.54965799976995, 28.347285999719638], [-81.54950399978416, 28.34728799992375], [-81.54910399975107, 28.3472869998217], [-81.54826400040027, 28.347283000204], [-81.54773700014557, 28.34728099999979], [-81.54733700011249, 28.34727899979555], [-81.54519200018213, 28.347269000354956], [-81.54498899979254, 28.347268000252743], [-81.54120400044519, 28.34724899988978], [-81.54087499965891, 28.347247999787374], [-81.53863699984211, 28.34726100032747], [-81.53683199967037, 28.34727199987099], [-81.53344399998305, 28.34729100022982], [-81.53316799979854, 28.347290000127796], [-81.53279000040507, 28.34729499984724], [-81.53254199980962, 28.347292000331855], [-81.53242899983174, 28.347292000331855], [-81.53192400021668, 28.347284000306086], [-81.53163499961336, 28.347284000306086], [-81.53152800038156, 28.347282000101888], [-81.53127200028851, 28.347279999897676], [-81.52922799974216, 28.347261999639176], [-81.52900599998432, 28.347256999918194], [-81.52872300012712, 28.34725499971351], [-81.52465599984913, 28.347215000355316], [-81.52215299971847, 28.347205000118123], [-81.51949200030238, 28.347206000220933], [-81.51549799981935, 28.347199000291578], [-81.51449799973665, 28.34719800018869], [-81.51407099993938, 28.34719800018869], [-81.51190300044279, 28.347194999879946], [-81.51124300011872, 28.347194999879946], [-81.5105300000912, 28.347193999777033], [-81.51027999984592, 28.3471959999829], [-81.50987399996505, 28.347192999674107], [-81.50934699971039, 28.347192999674107], [-81.50796800040929, 28.3471910002588], [-81.50547000030153, 28.347189000052868], [-81.49980299989123, 28.347183000225424], [-81.49329799977991, 28.34713100038913], [-81.48923600042313, 28.347100000337736], [-81.48893500012426, 28.34709700002625], [-81.48803299995083, 28.34708899998581], [-81.4879390002395, 28.347087999881865], [-81.48759100008496, 28.347087999881865], [-81.48749300017568, 28.347087999881865], [-81.48654699962132, 28.34709399971468], [-81.4796170002609, 28.347139999739237], [-81.4685920001351, 28.347213000149832], [-81.4577500003074, 28.347284000306086], [-81.4577500003074, 28.347378000373137], [-81.45775100013232, 28.347463000244343], [-81.45775299978214, 28.34785199984727], [-81.4576659997435, 28.34785199984727], [-81.45583800000554, 28.347860999926894], [-81.4525390000067, 28.3478769998909], [-81.45234700038606, 28.347874999697897], [-81.44792799975558, 28.347905000217363], [-81.44724499986528, 28.34791799988646], [-81.44608999997189, 28.347938000225636], [-81.44501899974406, 28.34795699967471], [-81.44405399982145, 28.34797399971984], [-81.44387800009436, 28.34797700000656], [-81.44050799995038, 28.347969000032393], [-81.43953100033222, 28.34796699984112], [-81.43934899985902, 28.34796699984112], [-81.43828799967696, 28.347964999649783], [-81.43715200005013, 28.347962000153316], [-81.43677399975836, 28.347962000153316], [-81.4346930003004, 28.34795699967471], [-81.42845099995483, 28.34794199981868], [-81.4263710003218, 28.347938000225636], [-81.42593299975556, 28.347937000129704], [-81.42462100040164, 28.347933999841878], [-81.42444099957827, 28.347932999745886], [-81.4241839996603, 28.347932999745886], [-81.42373099992379, 28.34793199964992], [-81.42327800018725, 28.34793199964992], [-81.42290400009345, 28.34793100034455], [-81.42249800021258, 28.347929000152522], [-81.42217000014952, 28.347929000152522], [-81.4210699996094, 28.34792699996051], [-81.42054900010079, 28.347924999768434], [-81.41988399975385, 28.347923000366908], [-81.41978099982168, 28.347923000366908], [-81.4197389999889, 28.347923000366908], [-81.41964100007961, 28.347923000366908], [-81.4195420003454, 28.347922000270838], [-81.4195280001017, 28.347922000270838], [-81.41934999982645, 28.347922000270838], [-81.41927799985643, 28.347922000270838], [-81.41851899979814, 28.34792000007866], [-81.41779700044812, 28.34791799988646], [-81.41624199962332, 28.347914000292533], [-81.41548400028825, 28.34791300019635], [-81.4131989997175, 28.347906999619234], [-81.41215400032725, 28.347905000217363], [-81.40882500019117, 28.3478970002378], [-81.40634700017488, 28.347890999659757], [-81.40571399961497, 28.347890000353992], [-81.40418200015301, 28.347885999968415], [-81.40415799986357, 28.347885999968415], [-81.40406300032734, 28.347885999968415], [-81.40396799989279, 28.34788499987199], [-81.40336500036841, 28.34788200037327], [-81.40304499980296, 28.3478769998909], [-81.40290300041107, 28.3478759997944], [-81.40276799979354, 28.3478759997944], [-81.40162100029606, 28.347865000313423], [-81.39942299976391, 28.34784299976688], [-81.39826399967257, 28.347832000282477], [-81.39793999980745, 28.347828999991663], [-81.39704400038013, 28.347819999909312], [-81.39339100037894, 28.347785999767048], [-81.39216799981517, 28.34778400036291], [-81.39189300035386, 28.347785999767048], [-81.39150800038941, 28.347797000046814], [-81.38952900014039, 28.34785799963693], [-81.38886999964122, 28.34787799998738], [-81.38884299987704, 28.347879000083868], [-81.3887840003258, 28.347879000083868], [-81.38864799988337, 28.34788100027682], [-81.38852499985971, 28.34788299967914], [-81.38844000036923, 28.347885999968415], [-81.38752499977701, 28.347885999968415], [-81.38729399979833, 28.347885999968415], [-81.38722500020135, 28.347885999968415], [-81.38557999986318, 28.347885999968415], [-81.38478099962195, 28.347885999968415], [-81.38386699975294, 28.347885999968415], [-81.38377999971432, 28.347885999968415], [-81.38375200012523, 28.347885999968415], [-81.38371699996513, 28.347885999968415], [-81.38338300005428, 28.347885999968415], [-81.38326699970332, 28.347887000064816], [-81.38320700032719, 28.347885999968415], [-81.3829689997775, 28.347885999968415], [-81.38250900036827, 28.347888000161202], [-81.38190000009783, 28.347887000064816], [-81.38027400002622, 28.347885999968415], [-81.3790470001628, 28.347885999968415], [-81.37864799995462, 28.347885999968415], [-81.37798000013294, 28.347885999968415], [-81.37731300013617, 28.34788499987199], [-81.37706299989091, 28.347883999775576], [-81.37478900008911, 28.34788299967914], [-81.36757699979808, 28.34791200010019], [-81.36683700000636, 28.347915999694205], [-81.36355200025122, 28.347930000248528], [-81.36283099982776, 28.34793199964992], [-81.36276700025365, 28.347932999745886], [-81.3626929997355, 28.347933999841878], [-81.36240800022846, 28.347933999841878], [-81.36133000032795, 28.347939000321563], [-81.36097200012767, 28.347940999722763], [-81.35984999984623, 28.34794500010628], [-81.35964700035494, 28.34794500010628], [-81.35913599999378, 28.347948000393824], [-81.35875600005218, 28.347949999794846], [-81.35511300009674, 28.347964000344717], [-81.35489399981364, 28.347964000344717], [-81.35210799982576, 28.347975999911], [-81.34989199975028, 28.3479860000756], [-81.34879200010845, 28.3479860000756], [-81.34561899960798, 28.3479860000756], [-81.34549200028468, 28.3479860000756], [-81.34439199974456, 28.3479860000756], [-81.34404799978796, 28.3479860000756], [-81.34380000009084, 28.3479860000756], [-81.34371700025018, 28.3479860000756], [-81.34320699971391, 28.3479860000756], [-81.34301699974313, 28.3479860000756], [-81.34298400013115, 28.3479860000756], [-81.34275999982518, 28.3479860000756], [-81.34269399970295, 28.3479860000756], [-81.34267399961143, 28.3479860000756], [-81.34173200015337, 28.3479860000756], [-81.34101699957772, 28.3479860000756], [-81.33604700019973, 28.3479860000756], [-81.33547100043955, 28.3479860000756], [-81.3343909999909, 28.3479860000756], [-81.3342000001952, 28.3479860000756], [-81.33363000028281, 28.3479860000756], [-81.333440000312, 28.3479860000756], [-81.33342500024337, 28.3479860000756], [-81.33267000038306, 28.3479860000756], [-81.33150700009375, 28.3479860000756], [-81.33035999969793, 28.3479860000756], [-81.32959099959392, 28.3479860000756], [-81.32897100035112, 28.3479860000756], [-81.3271109999278, 28.3479860000756], [-81.32649099978669, 28.3479860000756], [-81.32557500026789, 28.3479860000756], [-81.32282799973976, 28.347988000266504], [-81.32191300004587, 28.34798999966681], [-81.32146899963186, 28.348016999868324], [-81.3210779998196, 28.34804099977817], [-81.32024199976844, 28.348091999865023], [-81.31969699997039, 28.34812299962683], [-81.31952799991599, 28.3481270000035], [-81.31935700021177, 28.348119000040633], [-81.31917200026385, 28.34811200017144], [-81.31834100023553, 28.34805200003151], [-81.31805300035543, 28.348030999618757], [-81.31800300012674, 28.34802800012415], [-81.31773600016304, 28.348020000153838], [-81.31704099967885, 28.348027000029074], [-81.31601899985485, 28.348038000283854], [-81.31415699978169, 28.34804299996807], [-81.31365100034172, 28.348044000062995], [-81.31343899973129, 28.348045000157907], [-81.31319600005706, 28.348047000347716], [-81.31246999961073, 28.348048999746904], [-81.31177800039791, 28.348050999936664], [-81.31141699982459, 28.34805699971504], [-81.311080000439, 28.34805699971504], [-81.31070299997214, 28.34804299996807], [-81.31033399990119, 28.348045000157907], [-81.31029500044144, 28.348045000157907], [-81.31000099981527, 28.348047000347716], [-81.3097000004147, 28.348044000062995], [-81.30957099964496, 28.348050999936664], [-81.30540800000583, 28.348047000347716], [-81.3022520001221, 28.34804299996807], [-81.30128899984932, 28.348041999873107], [-81.30116599982567, 28.348041999873107], [-81.29714999960132, 28.348055999620243], [-81.29300600022877, 28.348072000345436], [-81.29297100006868, 28.348070000156095], [-81.29259100012708, 28.3480659997773], [-81.28888000039957, 28.34807299964952], [-81.2847489996492, 28.348075999933418], [-81.28402300010117, 28.348077000028063], [-81.28284599956815, 28.34807800012267], [-81.28085499962357, 28.348080000311842], [-81.28061600014728, 28.348080000311842], [-81.27648299974706, 28.34808399989952], [-81.27234900042028, 28.348082999804976], [-81.26925200008777, 28.34808099961584], [-81.26821400037024, 28.348081999710406], [-81.2667470003073, 28.348082999804976], [-81.26408400034306, 28.34808399989952], [-81.26383200044798, 28.34808399989952], [-81.26148499995294, 28.34808399989952], [-81.26054199977163, 28.348044000062995], [-81.26007099959345, 28.348055999620243], [-81.25968599962899, 28.348064000378432], [-81.25940699996973, 28.348064000378432], [-81.25857299956837, 28.3480659997773], [-81.25829499973402, 28.348067999966744], [-81.25793200040918, 28.348067999966744], [-81.25788999967807, 28.348069000061425], [-81.2578639997388, 28.348069000061425], [-81.2571730003509, 28.348070000156095], [-81.25693399997631, 28.348070000156095], [-81.25380800022981, 28.348080000311842], [-81.25371100014543, 28.34808099961584], [-81.25268699977327, 28.34807900021726], [-81.25247500006117, 28.34807800012267], [-81.25210699981514, 28.348080000311842], [-81.25176000038381, 28.348081999710406], [-81.25172000020085, 28.348082999804976], [-81.25036799976563, 28.348087000183146], [-81.2497889996324, 28.348089000372156], [-81.24965399991319, 28.348089000372156], [-81.24924999968215, 28.348090999770555], [-81.24910800029025, 28.348091999865023], [-81.24796699974223, 28.34809600024285], [-81.24789899997016, 28.34809600024285], [-81.24468600018504, 28.34810599960557], [-81.24461400021501, 28.34810599960557], [-81.2420650000536, 28.348114000359978], [-81.24169099995979, 28.348114000359978], [-81.24056899967835, 28.348117999946382], [-81.24019600030778, 28.348119000040633], [-81.23999499956798, 28.348119000040633], [-81.23951099986932, 28.348119000040633], [-81.23939500041668, 28.348120000134845], [-81.23919500040014, 28.348121000229032], [-81.23831699961785, 28.34812200032323], [-81.2364899997048, 28.34812599990933], [-81.23626600029714, 28.3481270000035], [-81.23594599973168, 28.348128000097624], [-81.2358770001347, 28.348128000097624], [-81.235686000339, 28.348129000191747], [-81.23480900027994, 28.34813100037997], [-81.23445299972948, 28.34813100037997], [-81.234292000071, 28.34813100037997], [-81.23338499987472, 28.34813499996576], [-81.23303000004748, 28.348137000153866], [-81.23267699987005, 28.348139000341934], [-81.23229500027863, 28.348141999833402], [-81.23215899983619, 28.348150999888446], [-81.23202800031495, 28.34814999979453], [-81.23193000040564, 28.34814999979453], [-81.22615199966727, 28.348117999946382], [-81.22014500039666, 28.348087000183146], [-81.22003099969552, 28.348086000088617], [-81.21992399956541, 28.348086000088617], [-81.21340699975855, 28.34808399989952], [-81.21112600028404, 28.348082999804976], [-81.20664499972929, 28.348081999710406], [-81.1982469995827, 28.348106999699898], [-81.17444399993622, 28.34818100032999], [-81.17434699985183, 28.34818100032999], [-81.17427800025486, 28.34818100032999], [-81.17420000043705, 28.348181999633045], [-81.17412799956871, 28.34818100032999], [-81.17405499977377, 28.34818100032999], [-81.16553199995373, 28.34818499991386], [-81.1644180000682, 28.348186000007477], [-81.1639600003088, 28.348186000007477], [-81.16350199965109, 28.348186000007477], [-81.16238899959046, 28.348187000101053], [-81.14509400042833, 28.34818900028819], [-81.1427750004207, 28.34818900028819], [-81.14212299959422, 28.34818900028819], [-81.14147200038929, 28.34818900028819], [-81.13953199960001, 28.34818900028819], [-81.13924200007011, 28.34818900028819], [-81.13838000007966, 28.34818900028819], [-81.1375180000892, 28.34818900028819], [-81.13086700038806, 28.348190000381727], [-81.12784299985049, 28.34818900028819], [-81.12519499995487, 28.348188000194625], [-81.12462199966943, 28.348186000007477], [-81.12206199963737, 28.348178000049057], [-81.11881200004231, 28.34816899999629], [-81.115564999922, 28.348164000318], [-81.10588800003343, 28.348137000153866], [-81.10125599986594, 28.348124999815166], [-81.10029299959317, 28.34812200032323], [-81.09964400003805, 28.348120000134845], [-81.09928699966267, 28.348117999946382], [-81.09892799963747, 28.348117999946382], [-81.09864999980313, 28.348116999852145], [-81.09707999980802, 28.348113000265716], [-81.09566799999666, 28.348106999699898], [-81.09488499964894, 28.3481050003018], [-81.09467399976175, 28.3481050003018], [-81.09462299970812, 28.3481050003018], [-81.09399800044245, 28.34810400020745], [-81.0933740001034, 28.34810200001872], [-81.09311600036055, 28.348100999924316], [-81.0922769999363, 28.348098999735523], [-81.09176399992533, 28.34809799964111], [-81.09125199973926, 28.34809600024285], [-81.0887980000124, 28.348089999676063], [-81.08844200036023, 28.348089000372156], [-81.08784200031062, 28.348088000277652], [-81.08688499988561, 28.348084999994086], [-81.08628599966092, 28.34808099961584], [-81.0856859996113, 28.348077000028063], [-81.07414400017484, 28.348003000116073], [-81.07386999964015, 28.348002000020756], [-81.07336000000221, 28.347998999734735], [-81.07285000036428, 28.347996000239235], [-81.07223500024604, 28.347992999953075], [-81.07172200023504, 28.347989000361952], [-81.07121000004896, 28.3479860000756], [-81.0679799996471, 28.347965999745444], [-81.06564999976878, 28.347951999986474], [-81.06331900006559, 28.347937000129704], [-81.05898800019698, 28.34790999990785], [-81.05864199969226, 28.347907999715446], [-81.05829500026093, 28.34790600031362], [-81.05800200035797, 28.34790400012114], [-81.05662200033366, 28.347895000045153], [-81.05524300013428, 28.347885999968415], [-81.05022500017739, 28.347855000137436], [-81.04892600034397, 28.347847000154083], [-81.04762800033541, 28.34783900017012], [-81.0425929997618, 28.347807000228258], [-81.04229999985884, 28.347805000033933], [-81.04200600013097, 28.347802999839555], [-81.03621999989498, 28.347767000287373], [-81.03592399961897, 28.347765000092295], [-81.03471199982414, 28.34775800019977], [-81.03320499957826, 28.34774800001372], [-81.03210999995929, 28.347741000120077], [-81.03169800023065, 28.347737999826716], [-81.03128499977878, 28.347735999631066], [-81.02620700044577, 28.34770399965819], [-81.02572799987163, 28.347701000154355], [-81.02524800037092, 28.34769799985984], [-81.0231839997331, 28.347685000163846], [-81.02243600044379, 28.34770900014869], [-81.01748399971085, 28.347901999928645], [-81.01613499964868, 28.347955000273792], [-81.01556999975915, 28.34797700000656], [-81.01500400004473, 28.347998999734735], [-81.01091900022341, 28.34815600035793], [-81.01013900024871, 28.348186000007477], [-81.00935900027405, 28.34821599964852], [-81.00038500036727, 28.348560000355608], [-80.99978299976952, 28.348584000142733], [-80.99468299979688, 28.348483999808064], [-80.99436200030482, 28.348479000144636], [-80.98804200014145, 28.348362999822747], [-80.96991199985473, 28.348036000093877], [-80.96812199975162, 28.348003000116073], [-80.9640949996566, 28.34793100034455], [-80.96382199984514, 28.347928000056516], [-80.96354999985857, 28.347923000366908], [-80.96148199992108, 28.34788499987199], [-80.95554800044542, 28.34779000015641], [-80.94907099992321, 28.347686000262144], [-80.94689400020579, 28.347711000344848], [-80.9467829998777, 28.34771199965232], [-80.944796999956, 28.347735000323848], [-80.9428119998592, 28.34775800019977], [-80.94239900030564, 28.34776299989718], [-80.94198699967868, 28.34776800038493], [-80.94170600036959, 28.34777099988687], [-80.9408619999225, 28.347781000070757], [-80.94058200043833, 28.347784999669692], [-80.94022300041314, 28.34774800001372], [-80.93958200035564, 28.347682999967194], [-80.93914499961431, 28.347682999967194], [-80.9387849997642, 28.347684000065538], [-80.93860400001424, 28.347684000065538], [-80.93827299957812, 28.347685000163846], [-80.93806099986602, 28.347682999967194], [-80.93788000011605, 28.347684000065538], [-80.93606599972348, 28.347684000065538], [-80.93062400034239, 28.347685000163846], [-80.92881300032286, 28.347685000163846], [-80.92811399964073, 28.347686000262144], [-80.92806799960996, 28.347686000262144], [-80.92602200031213, 28.347685000163846], [-80.92538000042971, 28.347685000163846], [-80.92532600000303, 28.347687000360427], [-80.92214900020292, 28.347636000079063], [-80.92185799994976, 28.347631000375713], [-80.92035200042709, 28.347607000373213], [-80.91210700044137, 28.347607000373213], [-80.91195699975523, 28.347605000175097], [-80.90389599989254, 28.347541000140733], [-80.89559700037847, 28.347602999976964], [-80.88760199973969, 28.34759800027206], [-80.8873769996088, 28.347583000365283], [-80.88598400006403, 28.347596000073764], [-80.88498900000418, 28.347605000175097], [-80.88419399996089, 28.34761300017668], [-80.88312600010613, 28.347623999683762], [-80.8821539996125, 28.3476329997827], [-80.88205800025135, 28.347633999881516], [-80.88191599996115, 28.347634999980297], [-80.87700199976133, 28.34768099977054], [-80.87216700010255, 28.347684000065538], [-80.8717749995671, 28.347684000065538], [-80.87031300042534, 28.34765099997835], [-80.86475800016804, 28.347527999634924], [-80.86290799979044, 28.347487000279383], [-80.8662770001095, 28.349965999883487], [-80.86670999975455, 28.35031600010638], [-80.86865200019363, 28.352471999976167], [-80.8696639999719, 28.35385899991037], [-80.87179100035893, 28.35722700031292], [-80.87281200035804, 28.359299999923856], [-80.87290600006936, 28.359497999913657], [-80.87357999973882, 28.36058000013714], [-80.87390699997698, 28.361579999938606], [-80.8739720002743, 28.362490000383843], [-80.87388199986263, 28.363125999973548], [-80.87386299959604, 28.363756000022935], [-80.87382099976325, 28.36410699978326], [-80.87380099967176, 28.364210000249326], [-80.87357800008901, 28.36479200005278], [-80.87345300041552, 28.36511699968419], [-80.87322499991159, 28.365525999608128], [-80.87305300038246, 28.36582199988985], [-80.87254000037146, 28.366842999954912], [-80.87245900018061, 28.36711899984111], [-80.87239200023346, 28.367651000047825], [-80.87238200018773, 28.367884000215167], [-80.87237299996688, 28.36810199970153], [-80.87240499975394, 28.36837200005438], [-80.87242900004337, 28.368568999816805], [-80.87245900018061, 28.368692000285456], [-80.87254899969398, 28.368955999749613], [-80.87273000034226, 28.36945300002144], [-80.87274899971052, 28.36949799995021], [-80.87276700015218, 28.369542999859867], [-80.87279200026653, 28.369612000316664], [-80.87290100004648, 28.369874999973735], [-80.87303699959061, 28.370137999769298], [-80.87310100006303, 28.370260999999942], [-80.87336999967656, 28.370540000129473], [-80.87355499962449, 28.370730999741287], [-80.87365400025698, 28.370833000220784], [-80.87386199977112, 28.371031999913107], [-80.87413799995566, 28.371292000374627], [-80.87446500019381, 28.37159600015486], [-80.87468399957862, 28.371965999960057], [-80.87500199959592, 28.37261899971505], [-80.87531399976545, 28.37321000033126], [-80.87537300021499, 28.37328999999315], [-80.87548000034512, 28.373360000240623], [-80.8755770004295, 28.373423999726402], [-80.87591499964, 28.37349399988544], [-80.87624100005321, 28.373447000359615], [-80.87668700011707, 28.373296999782855], [-80.8768519999735, 28.37315500023229], [-80.87697900019512, 28.37295499991953], [-80.87718800043248, 28.372624999685673], [-80.87729700021242, 28.37255599960763], [-80.87755099975733, 28.3723959999069], [-80.87783299978965, 28.372223000112086], [-80.87820199986058, 28.372192000274413], [-80.87874500000879, 28.37229500000614], [-80.87902399966805, 28.372350999626473], [-80.87928999980683, 28.372395000041394], [-80.87958199988488, 28.372569000209975], [-80.87982799993217, 28.372807999812792], [-80.88001399970501, 28.373123999876533], [-80.88012900023105, 28.373322000157167], [-80.88019100015534, 28.373455999849998], [-80.88029900011037, 28.373689999768878], [-80.88032199967658, 28.374017000300764], [-80.88029200043769, 28.374296999885026], [-80.88028599969157, 28.374356000360866], [-80.8800830002003, 28.37491500032052], [-80.88013799955357, 28.37512500007866], [-80.8803150000039, 28.37516699966425], [-80.88046099959377, 28.375159999997926], [-80.88061899977751, 28.375100000129237], [-80.88070199961818, 28.37502100009232], [-80.88150099985943, 28.374585999705538], [-80.88152500014888, 28.374585999705538], [-80.88155899958576, 28.374587000340764], [-80.88162800008105, 28.374597000369594], [-80.88166499989097, 28.374606999607114], [-80.88170000005108, 28.374619000113544], [-80.88173199983812, 28.37463800031987], [-80.88181999970166, 28.374704000302906], [-80.88183499977029, 28.37471699985165], [-80.88186200043278, 28.37474400036847], [-80.88189500004475, 28.374791000110076], [-80.88192500018197, 28.37484500030878], [-80.88194299972533, 28.374891000163625], [-80.88195899961885, 28.37496600014194], [-80.88197200003763, 28.375064000349838], [-80.88197399968745, 28.375218000154867], [-80.88196899966458, 28.375253000043433], [-80.88194000025058, 28.37536000010544], [-80.88190500009048, 28.375419999827077], [-80.88185999988463, 28.375477000005386], [-80.88168599980736, 28.37559600023735], [-80.88126900005585, 28.375883999847726], [-80.88106400001644, 28.376042999989192], [-80.88075400039503, 28.376228000201774], [-80.87978199990143, 28.376808999860938], [-80.87964999965695, 28.376915000111158], [-80.8795190001357, 28.37715099994486], [-80.87941799985335, 28.377530999886403], [-80.87942299987623, 28.378146000224625], [-80.87941500037861, 28.378956999793864], [-80.87946499970901, 28.379741000246604], [-80.87954300042514, 28.380172000082194], [-80.8796039996262, 28.380421000212195], [-80.87984200017587, 28.380537000273108], [-80.8800199995528, 28.380601000170667], [-80.8812180000022, 28.380541000218457], [-80.88143999976006, 28.38061900030778], [-80.88211400032785, 28.381608999982536], [-80.88248699969844, 28.382051000020834], [-80.88393200002008, 28.38321899969899], [-80.88554200019813, 28.384766000293585], [-80.8858989996752, 28.385024999746662], [-80.88619599977613, 28.38518100038438], [-80.8865670003952, 28.385282999613413], [-80.88838799956216, 28.38546800030459], [-80.88847799997384, 28.385585000118], [-80.88855400014182, 28.385846000209217], [-80.88855400014182, 28.385925000085948], [-80.8880169998414, 28.387210000159154], [-80.88788799996996, 28.387759999686892], [-80.88784600013717, 28.38800900017579], [-80.88787700009931, 28.388152999820264], [-80.88796900016082, 28.388584000238147], [-80.88835300030038, 28.389560000032727], [-80.88855099976877, 28.389849999846614], [-80.88871200032557, 28.390086999833024], [-80.88877699972458, 28.39016500001278], [-80.88885600026562, 28.390285999752503], [-80.88895900019777, 28.390477000157812], [-80.88904399968827, 28.39065899981839], [-80.88913300027505, 28.390907999820456], [-80.88919000017647, 28.39109300017961], [-80.8892429998799, 28.39132600021954], [-80.8896010000802, 28.39231600028808], [-80.8896360002403, 28.39261099963001], [-80.8896350004154, 28.392656999681115], [-80.88961799979865, 28.393006000088487], [-80.88960299973002, 28.39305299963892], [-80.8895580004225, 28.393087000292706], [-80.88799400027519, 28.39360699991503], [-80.88771399989268, 28.393778000269894], [-80.88749399978465, 28.393963000361627], [-80.88731800005756, 28.39418500020349], [-80.88717199956939, 28.394408999686583], [-80.88708500042907, 28.394631999830665], [-80.88700400023822, 28.395692000361517], [-80.88694899998663, 28.396202000276322], [-80.8868770000166, 28.39645099990092], [-80.88678900015306, 28.396542999810983], [-80.88665699990858, 28.396621999618475], [-80.8865380000829, 28.39663600006839], [-80.88644900039442, 28.39661099965884], [-80.88542300037246, 28.395911000021275], [-80.88512600027154, 28.395808000309827], [-80.8849339997526, 28.395808999954614], [-80.88472700006336, 28.395888999953225], [-80.88463900019981, 28.39596800024821], [-80.88450699995535, 28.396125999871316], [-80.88444900022901, 28.396282999618613], [-80.88439200032762, 28.396531999843138], [-80.8843499995965, 28.39685900026812], [-80.88437300006105, 28.39787899984574], [-80.8844199999167, 28.39811400001875], [-80.88451000032839, 28.398270999981843], [-80.88467400035991, 28.39842700009229], [-80.88624799965467, 28.399150000295347], [-80.88635200031005, 28.399214000019935], [-80.88653100041019, 28.399395999692217], [-80.8866510000608, 28.399605000350057], [-80.88669700009154, 28.399839999856383], [-80.88666899960414, 28.400036000034607], [-80.88603799959238, 28.40073400009557], [-80.88587699993391, 28.400930999797072], [-80.88578900007036, 28.401061999792883], [-80.88563000006168, 28.401546999905904], [-80.8855310003275, 28.402057999676178], [-80.88550399966499, 28.402397999749162], [-80.8856099999702, 28.402684999675095], [-80.88640300036367, 28.403804999716442], [-80.88649399970197, 28.404131999823036], [-80.88637900007423, 28.404485999764912], [-80.8863349996933, 28.40460400027283], [-80.88621800041575, 28.404748000286055], [-80.88540900012876, 28.40538099986674], [-80.88532200009011, 28.40551300023519], [-80.88503199966189, 28.4062859997197], [-80.88498800017926, 28.406365000165074], [-80.88490000031572, 28.4064310001519], [-80.88463400017694, 28.406459000038122], [-80.88343499990262, 28.406374000022037], [-80.88319899990105, 28.406453999946095], [-80.88305199958796, 28.406678000360287], [-80.88293699996024, 28.40707099987902], [-80.88291199984589, 28.407673000066332], [-80.88298999966369, 28.408156000095175], [-80.883095000144, 28.408286000322246], [-80.883243000282, 28.408376999912186], [-80.88364300031506, 28.4084530002218], [-80.88431000031186, 28.408553999654817], [-80.88475499965244, 28.4086679999083], [-80.88484599988905, 28.40893000035861], [-80.88487900039932, 28.409439000252583], [-80.88478300013986, 28.41038199965932], [-80.88482900017061, 28.410590999979092], [-80.88490399961536, 28.410747000122875], [-80.88502400016428, 28.410850999827737], [-80.88790999971128, 28.412848000328427], [-80.8880739997428, 28.413004000308344], [-80.88824000032247, 28.413381999975307], [-80.8882710002846, 28.413616999736156], [-80.88830200024674, 28.413853000030237], [-80.88827399975933, 28.41404900035685], [-80.88791399990924, 28.41522899965569], [-80.88791499973414, 28.415345999797037], [-80.88791599955906, 28.415437999891672], [-80.8879459996963, 28.415582000188554], [-80.88802100003936, 28.415685999886115], [-80.8882439996221, 28.415815000105994], [-80.88857000003536, 28.415866000002573], [-80.89040600016922, 28.415984999929126], [-80.8908060002023, 28.416074000317938], [-80.891073000166, 28.41619000007324], [-80.89131099981738, 28.41635899984352], [-80.89141600029768, 28.416502000228554], [-80.89186599966116, 28.4172839998247], [-80.89203499971556, 28.41809399993707], [-80.8921850004017, 28.41836800027561], [-80.89236399960353, 28.418497999819145], [-80.89335700001355, 28.418752999706033], [-80.89415899972953, 28.41913999974606], [-80.89445599983046, 28.41923000006712], [-80.89458899989984, 28.419228999853278], [-80.89470699990062, 28.41920199960673], [-80.89475100028154, 28.419110999837024], [-80.89486199971131, 28.41816799993692], [-80.89497899988717, 28.418023999996386], [-80.89506699975072, 28.417997000232646], [-80.89537800009535, 28.41798200000977], [-80.89564500005905, 28.418071999734956], [-80.89589699995413, 28.418148999632248], [-80.89617999981134, 28.41832999973469], [-80.8963730001552, 28.41849900003985], [-80.89653800001162, 28.41874599975762], [-80.89653899983654, 28.418915999615624], [-80.89648100011023, 28.41903500006491], [-80.89589299975617, 28.41952199968658], [-80.89589399958108, 28.419600999740137], [-80.89643300042964, 28.420446999688405], [-80.89643400025456, 28.420537999889994], [-80.89642000001086, 28.42060399973549], [-80.89628699994145, 28.420643999861216], [-80.89570899963314, 28.420556000354694], [-80.89560599970099, 28.42059599970851], [-80.89554700014976, 28.42068799998206], [-80.89575899986187, 28.423119000168143], [-80.89581800031141, 28.42315799995698], [-80.89595200020571, 28.423196999731466], [-80.89648399958496, 28.423128000181446], [-80.89673600037834, 28.42315199968653], [-80.89687000027264, 28.42326899976352], [-80.89694600044064, 28.423517000377], [-80.89691799995322, 28.42370099971766], [-80.89637800017807, 28.424671999919074], [-80.89634899986574, 28.424777000329883], [-80.89637999982789, 28.42495999969083], [-80.89648399958496, 28.425010999922616], [-80.89780300040822, 28.425264999766146], [-80.8980850004405, 28.42540699981739], [-80.89847299987971, 28.425758000083594], [-80.89863699991125, 28.425979000297804], [-80.89869800001061, 28.42613600004095], [-80.8986689996983, 28.42624099978957], [-80.89858099983475, 28.426320000359393], [-80.89843299969674, 28.426373000228615], [-80.89741199969764, 28.426314000268178], [-80.89722000007701, 28.426341000280942], [-80.8970569998704, 28.426407999814696], [-80.89691100028054, 28.426579000154], [-80.89679499992957, 28.426840999740648], [-80.89675200027186, 28.427128999931092], [-80.89674100040122, 28.427494999684264], [-80.89677300018828, 28.427808999970484], [-80.89689399966379, 28.428148000197353], [-80.89746199992635, 28.42892999988161], [-80.8976419998514, 28.42921599967883], [-80.89776200040032, 28.429450999845354], [-80.89783799966999, 28.429633999815316], [-80.89825199994677, 28.431475999878995], [-80.89832800011474, 28.431750000339985], [-80.89844799976535, 28.431918999760306], [-80.89858099983475, 28.431996999948623], [-80.89869899983552, 28.431943999735786], [-80.89874300021644, 28.431851999765332], [-80.8987819996762, 28.431224000131923], [-80.89885500036945, 28.431078999679443], [-80.8989869997156, 28.430934999921497], [-80.89914999992222, 28.43097299988763], [-80.89924000033392, 28.431063999730245], [-80.8993010004333, 28.431377000388473], [-80.89921799969429, 28.432058000086226], [-80.89926299990013, 28.432189000288773], [-80.89932200034968, 28.43216200018793], [-80.8997180001848, 28.431715000150543], [-80.89998299960034, 28.431529999633884], [-80.90011599966975, 28.43148999967182], [-80.90033900015082, 28.431593000234713], [-80.90054699966498, 28.431775000355405], [-80.90074199965863, 28.43206199966666], [-80.90101299982028, 28.43268799968355], [-80.90117299965385, 28.43313799980805], [-80.90118000022487, 28.433157999874513], [-80.90123799995119, 28.43339700029705], [-80.90127200028637, 28.433537000340145], [-80.90125700021775, 28.433615000125805], [-80.90091699956082, 28.43358800038879], [-80.90056799958137, 28.433560999854976], [-80.90027100037877, 28.433437999617894], [-80.89983799983541, 28.433339999673485], [-80.89956500002393, 28.433370999794683], [-80.89935499996164, 28.433516000266476], [-80.89929300003736, 28.433844999624924], [-80.89927799996875, 28.434020000093856], [-80.89920900037177, 28.434300999997628], [-80.89893300018726, 28.434679000251304], [-80.89866399967542, 28.434857999605647], [-80.89822299963446, 28.43502600031732], [-80.89703199975604, 28.43544300035272], [-80.8969020000597, 28.435505000143745], [-80.89679699957941, 28.43560200039374], [-80.89686199987672, 28.435695000321896], [-80.89695399993823, 28.435748000235915], [-80.89703299958094, 28.435778999651667], [-80.89732200018427, 28.435890999707475], [-80.8977959998372, 28.436045999645597], [-80.89811200020468, 28.43619900003965], [-80.8981559996873, 28.43626400033627], [-80.89822500018259, 28.436401000381085], [-80.89815999988527, 28.436494999657626], [-80.89792200023389, 28.43647700032364], [-80.89781400027886, 28.43646999996743], [-80.89770700014873, 28.4364620003497], [-80.8975859997749, 28.436404999797354], [-80.89726399955963, 28.43637799998232], [-80.89712999966534, 28.436404999797354], [-80.89699099974816, 28.436489000143276], [-80.8969370002198, 28.43668200028112], [-80.89687600012041, 28.437099000109427], [-80.89671499956363, 28.437344999828426], [-80.89669299982232, 28.437348999998957], [-80.89656700032396, 28.43737200018661], [-80.89641099979002, 28.437358000382083], [-80.89633700017018, 28.437294000010763], [-80.89628000026876, 28.43715400019902], [-80.89621800034449, 28.437106999679017], [-80.89576399988472, 28.436762000214554], [-80.89554499960163, 28.436440000015413], [-80.89548699987529, 28.436327999750795], [-80.89537399989739, 28.436288000022532], [-80.89515100031464, 28.436446000322487], [-80.89501200039747, 28.437012000110457], [-80.89478499971842, 28.437395999621533], [-80.89425800036204, 28.437861000039568], [-80.89454700006704, 28.43826100017397], [-80.89458800007493, 28.438338000393593], [-80.89468199978626, 28.438510999687505], [-80.89468199978626, 28.43857900023656], [-80.89468299961116, 28.438667999797232], [-80.8945780000292, 28.4391590000304], [-80.89456299996058, 28.439225000113215], [-80.89454500041722, 28.439277999838765], [-80.89439100043144, 28.43948499994317], [-80.89430799969244, 28.43963700008248], [-80.89424300029343, 28.43976200026208], [-80.89418399984389, 28.439876000088514], [-80.89409400033051, 28.440260000263116], [-80.8940850001097, 28.440450999814423], [-80.89407400023903, 28.440758000289538], [-80.89407000004108, 28.440833000252177], [-80.89406300036838, 28.440888999989518], [-80.89405699962228, 28.44093899964529], [-80.89405499997247, 28.44096199984237], [-80.89402300018541, 28.441013000261542], [-80.89401099959153, 28.441032999629325], [-80.89395799988807, 28.441076999962885], [-80.89394199999457, 28.44109000005792], [-80.89383499986444, 28.44115999975238], [-80.89374799982579, 28.441219000124637], [-80.89360399988576, 28.441290999744425], [-80.89346099977062, 28.44135100004838], [-80.8933260000514, 28.44139900026706], [-80.89330000011215, 28.441408000305646], [-80.8932130000735, 28.44145299969714], [-80.89320300002775, 28.44145999972363], [-80.89314600012635, 28.441556000040286], [-80.89310699976829, 28.44167100030493], [-80.89310000009559, 28.4416930003413], [-80.8930790001792, 28.44175499962933], [-80.89308400020208, 28.441813999669716], [-80.8930990002707, 28.441907999666103], [-80.89319800000487, 28.442023000337947], [-80.89326099975408, 28.44206500026368], [-80.89334500031798, 28.44212200013617], [-80.89351299964915, 28.442192999934434], [-80.89363200037317, 28.442250999734277], [-80.8937629998944, 28.442351000104342], [-80.89384099971221, 28.442433999684113], [-80.89384699956, 28.442447999606802], [-80.89389000011603, 28.442517999982375], [-80.89399300004817, 28.442742999916714], [-80.89399600042123, 28.44276299974728], [-80.89401899998745, 28.442868000375526], [-80.89403499988096, 28.443018999614328], [-80.89403900007892, 28.443048000081628], [-80.89403400005607, 28.44319999984066], [-80.89402400001033, 28.44344499960567], [-80.89400700029188, 28.44357100000861], [-80.89397700015466, 28.443678999783153], [-80.89392899957576, 28.443781000346604], [-80.89389000011603, 28.443864000384018], [-80.89386599982657, 28.443896999752745], [-80.89379399985656, 28.44395300023763], [-80.89369000009948, 28.444034000181276], [-80.89358499961918, 28.444114000084227], [-80.893233000165, 28.444386000249548], [-80.89293699988899, 28.44456999963952], [-80.8926709997502, 28.44461100015969], [-80.89222700023448, 28.444628999689495], [-80.89208599976918, 28.444607000263765], [-80.89197199996637, 28.444566999716425], [-80.89195500024795, 28.44456099986996], [-80.89182700020142, 28.444531999817492], [-80.89170900020063, 28.444527999918567], [-80.89156199988754, 28.44453399976688], [-80.89153000010049, 28.4445369996909], [-80.89142299997036, 28.444555999997682], [-80.89122100030401, 28.444617999977204], [-80.89112400021963, 28.444653999821245], [-80.89103200015812, 28.44468899967981], [-80.8908270001187, 28.44479799986474], [-80.8905369996905, 28.44494900029765], [-80.89036599998626, 28.44506899988118], [-80.89017199981751, 28.445285000210163], [-80.89012099976388, 28.445412999933684], [-80.89009900002256, 28.44556700017329], [-80.89009900002256, 28.44570499998205], [-80.89011300026627, 28.445751999841463], [-80.89018000021342, 28.445976000044098], [-80.89029200036641, 28.446169000250784], [-80.89041500039006, 28.44636100014783], [-80.89055400030725, 28.446578000163154], [-80.8906709995848, 28.446789999966544], [-80.89080799985213, 28.447060999618007], [-80.89086999977641, 28.447167999828373], [-80.89104999970147, 28.44760000015998], [-80.89123100034976, 28.44795799986189], [-80.89156100006264, 28.44853499975849], [-80.89195199987488, 28.449107000009114], [-80.89202800004287, 28.449199999912093], [-80.89249300037328, 28.44972699992372], [-80.89266800027546, 28.449896999774865], [-80.89291299959953, 28.45012800012887], [-80.8935920001902, 28.450591999947683], [-80.89370900036606, 28.450657000088228], [-80.89389799961363, 28.45076100007205], [-80.89431299971532, 28.450886999657207], [-80.89472899964194, 28.45102099997901], [-80.89494899974997, 28.451054000273864], [-80.89520700039112, 28.451082000204817], [-80.89554200012688, 28.45112399969244], [-80.89572399970176, 28.45116100039319], [-80.89585900031929, 28.451258999625026], [-80.89605599996278, 28.451483999919443], [-80.89641800036104, 28.451858999872773], [-80.89676700034047, 28.452178999929153], [-80.8970150000376, 28.4525120000776], [-80.89716400000052, 28.452746999835778], [-80.89722599992479, 28.452850000237355], [-80.89727899962824, 28.452937999741803], [-80.89732100035936, 28.453003000019862], [-80.89726500028286, 28.453350999893086], [-80.89723599997055, 28.453701999864617], [-80.89723000012276, 28.453737999775562], [-80.89722199972682, 28.453782000352103], [-80.89703000010623, 28.454172999770844], [-80.89696700035704, 28.45443499973776], [-80.89697300020481, 28.45466100026081], [-80.8970569998704, 28.454760000075677], [-80.89716099962747, 28.45476099995365], [-80.89726399955963, 28.454758000319654], [-80.89744100000995, 28.454751000383517], [-80.89772999971495, 28.4547369997201], [-80.89775599965422, 28.4547369997201], [-80.89789899976937, 28.454741999900826], [-80.89795099964789, 28.454743999657126], [-80.89797400011243, 28.454756999651835], [-80.8981549998624, 28.454876000075853], [-80.8983459996581, 28.45508400032939], [-80.89835400005403, 28.455267000187458], [-80.89835400005403, 28.455725000355727], [-80.89836099972672, 28.456160000073424], [-80.89817800032694, 28.456571999624444], [-80.89800300042474, 28.457051999668007], [-80.8977959998372, 28.45737600000541], [-80.89756900005648, 28.4577620003104], [-80.89740599984985, 28.45780199981537], [-80.89733399987983, 28.457789000195117], [-80.89720199963536, 28.45762399965121], [-80.89715300012986, 28.457479999698414], [-80.89717599969607, 28.457399999639893], [-80.89722799957461, 28.457277000270928], [-80.89721900025211, 28.457150999613198], [-80.89715800015274, 28.45685699986378], [-80.89706299971817, 28.456693999953973], [-80.89682500006681, 28.456603000045202], [-80.89662800042332, 28.456603000045202], [-80.89646000019383, 28.456701999621078], [-80.89635200023879, 28.456972999932432], [-80.8962259998421, 28.457365000039488], [-80.89608199990207, 28.45764399982659], [-80.89595999970331, 28.45780199981537], [-80.89590100015208, 28.457879000024242], [-80.89581499993835, 28.457955000329243], [-80.89554200012688, 28.45806500011276], [-80.89523099978224, 28.458046999710884], [-80.89493500040456, 28.458000999635185], [-80.89475700012933, 28.457974999652244], [-80.8943539997232, 28.45797600028958], [-80.89410299965303, 28.45802099973923], [-80.89391500023038, 28.458180999645627], [-80.89376200006951, 28.458432999935063], [-80.89351699984711, 28.458737999864184], [-80.89336000038658, 28.459036999888166], [-80.89328099984557, 28.45931900029535], [-80.89321399989842, 28.459624999869295], [-80.89319499963183, 28.45970800010688], [-80.89321600044654, 28.459913000052783], [-80.89331699983059, 28.460015999790794], [-80.893445999702, 28.46006800032583], [-80.8936080000837, 28.460043999717573], [-80.89388400026823, 28.45991799998872], [-80.89415100023191, 28.45983599974605], [-80.89443999993692, 28.459844999795042], [-80.89455299991482, 28.459935000242965], [-80.89480300016008, 28.460157999794117], [-80.89482099970344, 28.46017400018297], [-80.8949599996206, 28.460383000103924], [-80.89498599955988, 28.460651000199004], [-80.89488400035094, 28.461013999821787], [-80.89482099970344, 28.46120099973922], [-80.89479599958908, 28.46161200036314], [-80.89480800018295, 28.46195499969882], [-80.89491500031308, 28.46222999998775], [-80.89501200039747, 28.462329999628256], [-80.89508400036748, 28.46248799972029], [-80.89535499963081, 28.462696999804077], [-80.89561699957163, 28.46284300015019], [-80.89578399997622, 28.463010999844503], [-80.8958450000756, 28.463202999957918], [-80.89579400002197, 28.463427000307483], [-80.89567900039424, 28.463564999708304], [-80.89553200008113, 28.463625000009625], [-80.8955150003627, 28.46362899997586], [-80.89544900024046, 28.463654000353657], [-80.89530699995024, 28.463621000043258], [-80.89519099959928, 28.463536000129587], [-80.89517800007883, 28.463528999984995], [-80.89509199986509, 28.463462000269836], [-80.89488699982567, 28.463312000011044], [-80.89453299982334, 28.463081999832497], [-80.89437999966248, 28.463056000309603], [-80.8942900001491, 28.46307399985848], [-80.89424199957021, 28.46308400022077], [-80.89413199996535, 28.46311200012451], [-80.89402599966014, 28.463137999633627], [-80.89389500013888, 28.46317100009486], [-80.89381700032108, 28.463191000010426], [-80.89373100010735, 28.463221000271492], [-80.8935009999536, 28.46330099987312], [-80.893297999564, 28.46340900002897], [-80.89325300025648, 28.463524000219866], [-80.89315899964683, 28.46366700004236], [-80.89302899995049, 28.463812999838197], [-80.89285900007118, 28.464027000202186], [-80.89277899970523, 28.46428500028632], [-80.89271299958298, 28.464553999749274], [-80.8927190003291, 28.464731000305335], [-80.89276299981171, 28.464860999744126], [-80.89287499996469, 28.4649720000192], [-80.89300899985899, 28.465032000311435], [-80.89320100037794, 28.46503399987309], [-80.89327599982269, 28.46499300016484], [-80.89350500015155, 28.4648969998034], [-80.89367400020593, 28.464746000218362], [-80.89378299998589, 28.464689999689814], [-80.89388000007027, 28.46464199977724], [-80.89405699962228, 28.464611999919523], [-80.89414100018618, 28.46459900034708], [-80.89416299992749, 28.46460899977534], [-80.8942120003313, 28.46463099977777], [-80.89431699991327, 28.464837000224243], [-80.89444300030998, 28.46504300026918], [-80.89454100021926, 28.46520200003311], [-80.89461200036438, 28.465317999630503], [-80.89470600007571, 28.46553699977593], [-80.89476100032728, 28.46566600002782], [-80.89479499976416, 28.465972000179192], [-80.8948049998099, 28.46606699979303], [-80.89476600035016, 28.466402999720415], [-80.89472799981701, 28.466595999755018], [-80.89469699985489, 28.466756999870206], [-80.89452199995269, 28.467039000211678], [-80.8944249998683, 28.467099999881295], [-80.89438800005838, 28.467118000320816], [-80.89403400005607, 28.46729099991369], [-80.89391600005528, 28.46734900016114], [-80.89333199989917, 28.467544000351204], [-80.89299999963818, 28.46765299987544], [-80.89229900020452, 28.46788199982822], [-80.89146399997826, 28.468180000292627], [-80.8910170000895, 28.468319000343758], [-80.8908120000501, 28.468383000101298], [-80.89066700028515, 28.468360000340944], [-80.89058500026938, 28.468181000043682], [-80.89064299999569, 28.468038000011845], [-80.89089700043891, 28.467759999777204], [-80.89100399967072, 28.467594000038254], [-80.89105499972435, 28.467232999634398], [-80.89094500011949, 28.466877999736464], [-80.89077299969203, 28.466685999982097], [-80.8906079998356, 28.466540000206844], [-80.89032900017634, 28.466433999627004], [-80.89005299999181, 28.466435999951823], [-80.88977199978441, 28.46648600016311], [-80.88957400031602, 28.466601000164502], [-80.88940100006366, 28.466776999896823], [-80.88907800002347, 28.46708099967727], [-80.88863000030982, 28.467516999799663], [-80.88851499978377, 28.46761099984749], [-80.88822600007876, 28.467849999802556], [-80.88770700021999, 28.4681680001206], [-80.88727100020189, 28.468474000133984], [-80.88714200033047, 28.468602000212172], [-80.88695099963645, 28.46885199985611], [-80.88682599996298, 28.46907800035181], [-80.88675200034314, 28.469359000286996], [-80.8866589995584, 28.46960799998163], [-80.8863410004394, 28.46968999974948], [-80.88620800037, 28.469641000001808], [-80.88604799963812, 28.469514999869407], [-80.88596499979745, 28.46933999969947], [-80.88593399983532, 28.469275999731913], [-80.88581400018471, 28.469079000094368], [-80.88578700042054, 28.469036000100584], [-80.88553499962714, 28.468894999924764], [-80.88517700032516, 28.468718000025742], [-80.88490299979047, 28.468702999886844], [-80.88474999962959, 28.46872199979921], [-80.88465699974316, 28.4688350002465], [-80.88457899992535, 28.468992000345935], [-80.88449199988673, 28.469119999796664], [-80.88435799999243, 28.469372999803326], [-80.88421700042544, 28.46954499991455], [-80.8840180002338, 28.469638000000398], [-80.88399800014231, 28.469644999740318], [-80.88376100031584, 28.469736000265485], [-80.88353600018495, 28.46976900024564], [-80.88334399966601, 28.469737000001807], [-80.88316299991604, 28.46965999974549], [-80.88290500017318, 28.46956800020663], [-80.8825119998128, 28.46954499991455], [-80.88229000005495, 28.46960799998163], [-80.88208400019063, 28.469695999749234], [-80.88190500009048, 28.469817000198415], [-80.88186699955735, 28.469954999941145], [-80.881772999846, 28.470212000034536], [-80.88168099978449, 28.47037499962844], [-80.88155199991307, 28.470385999819673], [-80.88142399986654, 28.47030099981973], [-80.88139000042968, 28.470180999656957], [-80.88133699982792, 28.46993300025746], [-80.88113799963628, 28.46974099973668], [-80.88098000035086, 28.469571999947913], [-80.88099299987132, 28.46948300033831], [-80.88109800035164, 28.469320999898244], [-80.88114400038238, 28.46905499995308], [-80.88117000032165, 28.468785000357], [-80.88115500025303, 28.46871499999816], [-80.88111900026801, 28.46850399968501], [-80.88105999981848, 28.468412999678122], [-80.88083399986266, 28.468330999708954], [-80.88044300005042, 28.468320999843186], [-80.88012300038326, 28.46831499976535], [-80.8796670002737, 28.468316000304803], [-80.87945800003632, 28.468437999713867], [-80.87940699998269, 28.468603999706282], [-80.87944799999059, 28.469006999654134], [-80.87950300024217, 28.46918399985871], [-80.87952099978551, 28.469487999821478], [-80.87937099999769, 28.469683000012534], [-80.87911900010262, 28.4697919996993], [-80.87886700020753, 28.46982399992648], [-80.8788360002454, 28.46982699992261], [-80.87837400028803, 28.4699150002975], [-80.87812700041583, 28.470005999800435], [-80.87798799960035, 28.470056999635144], [-80.87764199999394, 28.47028899988855], [-80.87738300042616, 28.47040399969939], [-80.87706100021089, 28.47043700026061], [-80.87698699969272, 28.470444999677227], [-80.8766390004365, 28.470449000174973], [-80.87646100016126, 28.470636999708354], [-80.87630700017547, 28.47080699988888], [-80.87604500023465, 28.47088300037349], [-80.87591499964, 28.47086600030102], [-80.8758739996321, 28.470846999984516], [-80.8758319997993, 28.4708269999386], [-80.87580900023309, 28.47081400034103], [-80.87574800013373, 28.470754999899867], [-80.87569399970705, 28.470694999698495], [-80.87566399956982, 28.47065900003511], [-80.87557200040663, 28.470450999634107], [-80.87549600023867, 28.469933999991923], [-80.87553100039877, 28.469913000038545], [-80.87561400023942, 28.469862999869473], [-80.87601699974724, 28.469757999990172], [-80.87621699976378, 28.46972400027013], [-80.87638400016836, 28.469562999937548], [-80.87638199962022, 28.469411000173373], [-80.87628200006111, 28.469219000283427], [-80.87606799980087, 28.46907699981957], [-80.87574999978354, 28.469033999824976], [-80.87531700013851, 28.468851000111403], [-80.87514300006124, 28.46884200003964], [-80.8749859997024, 28.469006999654134], [-80.87490000038699, 28.469116000038255], [-80.87482300039409, 28.469211999725594], [-80.87456399992801, 28.469501000371867], [-80.87439700042174, 28.46968699974944], [-80.87432899975137, 28.469733000266782], [-80.87381699956529, 28.47007600009373], [-80.8733670002018, 28.470530000350973], [-80.87329100003382, 28.470606000245173], [-80.87307699977357, 28.4708269999386], [-80.87285599984064, 28.47105199964465], [-80.87284099977204, 28.47107099992431], [-80.87266500004495, 28.471156999817314], [-80.87250500021136, 28.47110400027719], [-80.87242099964746, 28.471073000161347], [-80.87233699998187, 28.471045999721902], [-80.87182099959784, 28.47086799975227], [-80.87156700005293, 28.470800000225953], [-80.87129199969331, 28.4707639998087], [-80.87120800002774, 28.47079299977286], [-80.871085999829, 28.470904999859357], [-80.87087999996469, 28.47120700016371], [-80.8707960002991, 28.471355000039477], [-80.87077299983457, 28.47156100001235], [-80.87087999996469, 28.471745000277156], [-80.871085999829, 28.472005999613884], [-80.87120100035504, 28.472142999942594], [-80.87161300008368, 28.4726489998761], [-80.87202499981234, 28.473154000051093], [-80.87207000001818, 28.47321299994218], [-80.87275700010643, 28.47411200034986], [-80.87310799973572, 28.474519999853765], [-80.87324500000307, 28.474797999673687], [-80.8732679995693, 28.475039000115682], [-80.87333899971442, 28.475262999853292], [-80.87339399996598, 28.47545600028622], [-80.8735000002712, 28.475613999703032], [-80.87369299971672, 28.475770999993948], [-80.87380200039499, 28.475859000155562], [-80.87393600028929, 28.475977000041823], [-80.8740070004344, 28.47606299988928], [-80.87419099965909, 28.47634499987112], [-80.87422900019224, 28.476794999778182], [-80.87426000015441, 28.476930999755375], [-80.87427500022301, 28.47699499982341], [-80.8741759995905, 28.477452999795403], [-80.87406900035869, 28.477923999664192], [-80.87395499965756, 28.478102000378726], [-80.87384000002983, 28.478282999759703], [-80.87362699959449, 28.478394999801505], [-80.87332899966866, 28.478460000215463], [-80.87314600026887, 28.47854999981151], [-80.87314600026887, 28.478565000131542], [-80.87315399976649, 28.478628000346927], [-80.87316100033748, 28.47868899964233], [-80.87343599979877, 28.479100999798764], [-80.87371799983109, 28.479563000266605], [-80.87375600036424, 28.479656000219], [-80.8739010001292, 28.479984000084993], [-80.87393999958893, 28.480215000219477], [-80.87394700015994, 28.480417000165673], [-80.87361099970097, 28.480884999768275], [-80.8734509998674, 28.48109999992473], [-80.87335999963081, 28.481290999913245], [-80.87329100003382, 28.481506999657686], [-80.87330600010245, 28.481805000378433], [-80.87331799979802, 28.482060000038725], [-80.87333299986662, 28.48208999967958], [-80.87340300018681, 28.482232999640352], [-80.87363900018839, 28.482376999813766], [-80.87399499984053, 28.482553999725003], [-80.87445900034602, 28.482792000213102], [-80.87487000024976, 28.48311300017772], [-80.87518599971894, 28.48338599987424], [-80.87529299984905, 28.483548000063287], [-80.87541199967475, 28.483841000168752], [-80.8754729997741, 28.4840599998164], [-80.87546000025365, 28.48423399968854], [-80.87541000002493, 28.484470999951647], [-80.87539099975835, 28.484783000046644], [-80.87538999993343, 28.485087999714043], [-80.87542599991845, 28.48537799993984], [-80.87549500041375, 28.485628000148644], [-80.8755849999271, 28.485845000080598], [-80.8757110003238, 28.4859669997737], [-80.87584000019524, 28.486034000218265], [-80.87593399990656, 28.48609899987829], [-80.87600400022676, 28.486130000321552], [-80.87623699985525, 28.486230999817874], [-80.87648899975034, 28.486320999897373], [-80.87669100031503, 28.486358999697366], [-80.87676099973692, 28.48637300011892], [-80.87698099984495, 28.486371999750467], [-80.87726000040252, 28.486367999855766], [-80.87769499969737, 28.486345999642683], [-80.87796000001124, 28.48644499977601], [-80.87807200016425, 28.48656700035497], [-80.87811300017212, 28.486728999611515], [-80.87807200016425, 28.486985999949646], [-80.87790399993474, 28.487269000338703], [-80.87763500032123, 28.487672999702472], [-80.87732899999948, 28.487971000392214], [-80.87682000018644, 28.48816500006069], [-80.87639500003903, 28.488219999637295], [-80.87599500000594, 28.488325999673602], [-80.87572499966919, 28.48840099983612], [-80.87527299975758, 28.488695999800456], [-80.87522300042718, 28.489214000326115], [-80.87524299962034, 28.489487000039187], [-80.87536800019214, 28.48972600023808], [-80.87556599966054, 28.489914999744606], [-80.87587100015737, 28.490068000338038], [-80.87599199963289, 28.49007299963639], [-80.8762329996573, 28.490084000144737], [-80.8766469999341, 28.490042999894992], [-80.87707499955627, 28.489937000003575], [-80.8779499999655, 28.489766000274635], [-80.87865899979506, 28.489756999616365], [-80.87904700013259, 28.48980899972467], [-80.87967200029657, 28.49002899996014], [-80.87983999962775, 28.490213999964773], [-80.87997199987221, 28.490696999746145], [-80.88005200023817, 28.49087000019773], [-80.88013000005597, 28.491011000251124], [-80.88032599987454, 28.491123000215293], [-80.88057399957167, 28.491213000072232], [-80.88084700028145, 28.491285000376234], [-80.88106300019152, 28.491336000200018], [-80.88140499959997, 28.491353999667474], [-80.88151599992806, 28.491331999703835], [-80.88161100036261, 28.491312999910978], [-80.8817519999296, 28.491279000023805], [-80.88198799993116, 28.491221000283897], [-80.88224300019928, 28.491285999908595], [-80.88259100035383, 28.49149100016333], [-80.88282200033251, 28.492034000373877], [-80.88327000004617, 28.493083000090913], [-80.8835689997969, 28.49385100009181], [-80.88375899976772, 28.494220999802124], [-80.8839060000808, 28.494479000351856], [-80.88407699978504, 28.494866999887222], [-80.88414000043254, 28.49518099983027], [-80.88415999962571, 28.49554200023975], [-80.88395200011156, 28.495796999881065], [-80.88372799980557, 28.496000000294412], [-80.88335000041211, 28.49615900003828], [-80.882906999823, 28.496238999957836], [-80.88282599963216, 28.496254000133383], [-80.88262300014088, 28.49628900027152], [-80.88241200025368, 28.4963260001568], [-80.88205599970323, 28.496387999764806], [-80.88194699992329, 28.496413000284072], [-80.88178899973953, 28.49645099960931], [-80.88162800008105, 28.49649100025549], [-80.88136199994227, 28.496555999792935], [-80.88098700002354, 28.496648000296513], [-80.8802659996001, 28.496994999835216], [-80.88016799969081, 28.49713699986803], [-80.88006300010882, 28.497284999721177], [-80.8799069995749, 28.49759600036853], [-80.87993199968925, 28.49784600006454], [-80.88001299988011, 28.498171999751108], [-80.88001299988011, 28.498474000237998], [-80.87997299969713, 28.498740999757864], [-80.87995099995582, 28.498840000108917], [-80.87989099968136, 28.499120000343794], [-80.87983999962775, 28.499395000189722], [-80.87983799997791, 28.49967899992144], [-80.879873000138, 28.500005999711085], [-80.87996600002444, 28.50040299999379], [-80.88005999973576, 28.500773999860453], [-80.88015500017033, 28.50116499983172], [-80.88022100029258, 28.501352999944213], [-80.88029200043769, 28.501553000048883], [-80.88040600024048, 28.50178400035719], [-80.88049800030198, 28.50196900028384], [-80.88053099991397, 28.50203400039444], [-80.88066900000622, 28.50222899969654], [-80.88067700040214, 28.50224099994546], [-80.88080000042581, 28.502413000205447], [-80.88092599992416, 28.502712999969617], [-80.88093900034296, 28.50300299993078], [-80.88090599983269, 28.503231999805134], [-80.88090599983269, 28.503531999608974], [-80.88099700006929, 28.503716999628534], [-80.88102600038161, 28.50377599980978], [-80.88123999974353, 28.50392100000803], [-80.88131799956133, 28.5039749998567], [-80.8815610001339, 28.503989000310032], [-80.88167900013468, 28.503994999939838], [-80.8818709997553, 28.50399099992354], [-80.88202999976394, 28.50398699990705], [-80.88217799990197, 28.503984000091968], [-80.88231000014643, 28.503985999705563], [-80.88251299963771, 28.503989000310032], [-80.88268400024026, 28.50399099992354], [-80.88280600043898, 28.50399300032642], [-80.88281800013455, 28.50399399973843], [-80.88285499994447, 28.503997999754628], [-80.88300999975517, 28.504011000003615], [-80.88316399974096, 28.504103000323244], [-80.88331199987896, 28.504289999738887], [-80.88338200019916, 28.504477999809414], [-80.88350100002485, 28.504894999756903], [-80.8835889998884, 28.505086000112037], [-80.88362800024647, 28.505170999741416], [-80.88365699966047, 28.505228000309003], [-80.88372199995779, 28.505348000115198], [-80.88379800012578, 28.505492000334], [-80.88384800035449, 28.505623000307498], [-80.88396999965491, 28.505948000256495], [-80.88400900001297, 28.50618099998754], [-80.88405800041677, 28.506459000121563], [-80.88412799983865, 28.506718000135308], [-80.88414700010523, 28.50678200030283], [-80.88420900002951, 28.506838999999978], [-80.88444900022901, 28.50705599974242], [-80.88452200002396, 28.507183000246773], [-80.88466199976604, 28.50762499999581], [-80.8847710004443, 28.508144000139357], [-80.88489399956963, 28.50877000028259], [-80.88499200037724, 28.509220000123268], [-80.88518499982276, 28.50964899967854], [-80.8852719998614, 28.509771000274906], [-80.88529000030306, 28.50979700013785], [-80.88542099982432, 28.50997999993333], [-80.88545400033459, 28.510012999966193], [-80.88574100038979, 28.510312000080425], [-80.88612399980612, 28.510533000340807], [-80.88654599958049, 28.51066599985645], [-80.88764399957249, 28.510871000354204], [-80.887995999925, 28.510999000347407], [-80.89033099982616, 28.511847000128693], [-80.89108599968648, 28.51200699979949], [-80.89192299956257, 28.512087999668555], [-80.89265400003177, 28.51205799987049], [-80.89300999968391, 28.51199299962094], [-80.89339100034873, 28.51184100015606], [-80.89354299978639, 28.5117190003752], [-80.89488199980282, 28.509978999788657], [-80.89500499982645, 28.509847000342113], [-80.89538200029331, 28.50962899987787], [-80.89590500035004, 28.50944399996337], [-80.89643500007945, 28.509421999823925], [-80.89675999976949, 28.50955499995101], [-80.89710100025133, 28.509697999805613], [-80.89744900040587, 28.509837999817705], [-80.89753600044452, 28.509845000050234], [-80.89764799969919, 28.509854999930567], [-80.89767500036169, 28.509847000342113], [-80.89827200003826, 28.509678000014244], [-80.89864600013208, 28.509689000057847], [-80.89885100017149, 28.509782000308803], [-80.89906100023376, 28.509962999840617], [-80.8991120002874, 28.510047000132758], [-80.89931300012884, 28.510388999898634], [-80.89952700038909, 28.51069999981254], [-80.89963299979598, 28.510882000273384], [-80.89972800023054, 28.51104799984735], [-80.89977900028417, 28.511142999956792], [-80.89980699987325, 28.51120900007382], [-80.89986399977467, 28.511308999909385], [-80.89994499996553, 28.511436000029576], [-80.8999790003007, 28.511481000383572], [-80.90001500028572, 28.511517999677917], [-80.90005100027074, 28.51153799990973], [-80.90009499975335, 28.511552000148747], [-80.90013499993631, 28.511553000278504], [-80.90019299966264, 28.511552000148747], [-80.90024700008932, 28.5115400001695], [-80.90028899992211, 28.51152200019818], [-80.90033300030304, 28.511488999848087], [-80.90037199976278, 28.51144699988984], [-80.90042799983927, 28.511368999923107], [-80.90049800015947, 28.511274000017206], [-80.90052800029672, 28.51124000024615], [-80.90061100013737, 28.511148999969144], [-80.90067499971148, 28.511092000232754], [-80.90076000010029, 28.511020000023123], [-80.9008019999331, 28.510977999878165], [-80.90101500036843, 28.51075900003535], [-80.90108599961523, 28.510691000150242], [-80.90117900039995, 28.510607000370946], [-80.9012520001949, 28.51054900020239], [-80.90132099979186, 28.51049800019113], [-80.9013790004165, 28.510465999660678], [-80.90144899983838, 28.510441000102894], [-80.90152300035653, 28.51042199980354], [-80.90165499970269, 28.51041800003088], [-80.90178899959702, 28.510419000171456], [-80.90191400016879, 28.51043399990992], [-80.90198399959068, 28.51045599983828], [-80.90209599974366, 28.510505000379865], [-80.90222799998814, 28.510568999828575], [-80.9023009997831, 28.510613999763052], [-80.90232099987456, 28.510623000221305], [-80.90234599998892, 28.510634000166352], [-80.90236199988246, 28.510642999833447], [-80.90259899970891, 28.510801999615047], [-80.90261899980041, 28.510814999814954], [-80.90266400000625, 28.51084399983008], [-80.90268800029568, 28.51085900029754], [-80.90273000012849, 28.510883999756206], [-80.90285499980196, 28.510951000170824], [-80.90294400038871, 28.510998000212393], [-80.90301299998569, 28.51102600004246], [-80.90309099980351, 28.511052000385504], [-80.90322399987289, 28.511082999814526], [-80.90337299983581, 28.51110199999486], [-80.90358899974588, 28.511098000248005], [-80.90374399955658, 28.511061000016937], [-80.9038570004328, 28.510979000013368], [-80.90394000027347, 28.510808999783606], [-80.90399499962675, 28.510617000179042], [-80.90400700022063, 28.5105830001962], [-80.90404599968036, 28.51048399981222], [-80.9041679998791, 28.510403000290154], [-80.90426900016145, 28.510392999672373], [-80.90433199991064, 28.51038600026561], [-80.90446499998001, 28.510441000102894], [-80.90457999960775, 28.51052000010616], [-80.90469799960853, 28.510633000027877], [-80.90473500031678, 28.51066800013276], [-80.90488799957933, 28.51084399983008], [-80.90498899986166, 28.51094000025883], [-80.90502400002177, 28.510975000261844], [-80.90503999991529, 28.5109870003053], [-80.90505800035696, 28.51099999969308], [-80.90506800040271, 28.511006999848487], [-80.90519899992394, 28.51109999972673], [-80.90538100039714, 28.511181999636282], [-80.90563499994205, 28.511245000120308], [-80.90593100021805, 28.511325999785168], [-80.90616999969434, 28.51140100017955], [-80.90634899979447, 28.51145400001559], [-80.90654999963593, 28.511547999629578], [-80.90663000000187, 28.51160999976577], [-80.9066669998118, 28.51173700031292], [-80.9066679996367, 28.511875999860088], [-80.90666299961384, 28.5119660001734], [-80.90660900008547, 28.512075999750362], [-80.90650600015331, 28.512153999983628], [-80.90602199955633, 28.512394999611384], [-80.9059909995942, 28.5124109999799], [-80.90595100030953, 28.512438000102826], [-80.90585500005008, 28.512503000078198], [-80.90572299980559, 28.51259399997632], [-80.90561900004852, 28.512688000153062], [-80.90560700035296, 28.51276300036825], [-80.90569799969123, 28.512857999722385], [-80.90570699991207, 28.512863000309153], [-80.90584800037738, 28.51293700028334], [-80.90592600019518, 28.512972999739965], [-80.90608500020383, 28.513048999868126], [-80.90629600009105, 28.513114000256255], [-80.90632799987809, 28.513131999955956], [-80.90651500037416, 28.513238000229876], [-80.90688400044509, 28.513439000017357], [-80.90701999998922, 28.513572999925994], [-80.90712999959408, 28.513784000161543], [-80.90714399983776, 28.514059999780113], [-80.90716499975417, 28.514292999748086], [-80.90711899972342, 28.514524999889073], [-80.90702199963903, 28.514712999873915], [-80.9068989996154, 28.514885999631094], [-80.90664900026844, 28.51507000016552], [-80.90623800036471, 28.515243000126407], [-80.90620099965648, 28.515257999968167], [-80.90597300005084, 28.51538700025606], [-80.90580300017152, 28.515575000282958], [-80.90577700023226, 28.5156180002672], [-80.90564199961473, 28.51584400011642], [-80.90554600025358, 28.516033000205244], [-80.9054690002607, 28.51625499961381], [-80.90544499997124, 28.516579999956676], [-80.90547699975829, 28.516885000083818], [-80.90553799985767, 28.517215999730865], [-80.90555200010137, 28.51728799965718], [-80.90556799999489, 28.51738000023703], [-80.90562300024646, 28.517582000095977], [-80.90564099978982, 28.517650000274063], [-80.90571500030798, 28.517810999894], [-80.90585099985212, 28.517976999612465], [-80.90604699967068, 28.518037999847547], [-80.90628400039546, 28.51799099978604], [-80.90631299980946, 28.51798099988778], [-80.90637200025901, 28.51796100008848], [-80.90652200004685, 28.51791099978425], [-80.9066889995531, 28.517877999854647], [-80.90677499976682, 28.51786100024565], [-80.90698999985199, 28.51783700014296], [-80.90701300031652, 28.51783700014296], [-80.90702800038514, 28.51783700014296], [-80.90704199973052, 28.51783700014296], [-80.9071179998985, 28.51783700014296], [-80.90720800031019, 28.51783700014296], [-80.90727799973206, 28.517835000002616], [-80.90742500004517, 28.517830999721756], [-80.90748799979436, 28.517829000370646], [-80.9075470002439, 28.517827000230145], [-80.90761800038901, 28.51782500008956], [-80.90764699980302, 28.517828000300405], [-80.90776300015396, 28.51783900028326], [-80.90789899969809, 28.517911999853702], [-80.90796499982034, 28.51798800036916], [-80.90796800019339, 28.518095999844228], [-80.9078910002005, 28.51821199974185], [-80.90779599976594, 28.51831600030368], [-80.90774399988739, 28.518373000082374], [-80.90764400032829, 28.51858400018588], [-80.90762300041189, 28.518652999780223], [-80.90755200026678, 28.51888599986123], [-80.90747100007592, 28.519015999716533], [-80.90739099970999, 28.519141999969833], [-80.90731899973996, 28.51923399972135], [-80.90719300024158, 28.519386999636602], [-80.90712799994425, 28.519463999932942], [-80.90711600024869, 28.519478999963674], [-80.90702099981412, 28.519592999811444], [-80.9069060001864, 28.519790999960353], [-80.9068350000413, 28.5199640000692], [-80.90689000029286, 28.52017900033802], [-80.90703400023293, 28.520363000319104], [-80.90722599985354, 28.52051900030893], [-80.90725799964059, 28.52054499989014], [-80.9073430000294, 28.5205920003918], [-80.9074839995964, 28.520669999851503], [-80.90750000038825, 28.52067500006789], [-80.90762300041189, 28.52071900038323], [-80.90781800040554, 28.52078700011683], [-80.90794399990394, 28.520838999929982], [-80.90805799970676, 28.5208880003831], [-80.90810600028564, 28.52091199979134], [-80.90816800020991, 28.520943000268574], [-80.90823299960893, 28.52097600002824], [-80.90832999969332, 28.521024999628438], [-80.90840800040944, 28.521073999995117], [-80.90844000019649, 28.521093999993266], [-80.90851800001428, 28.521143000327875], [-80.9085399997556, 28.52115700008103], [-80.90858400013654, 28.521184000332642], [-80.90863500019016, 28.52121599997876], [-80.90873399992435, 28.52127799995609], [-80.90887399966645, 28.521366000065036], [-80.90895200038257, 28.521414000237], [-80.90904799974372, 28.52146000031554], [-80.90911700023901, 28.521491999877895], [-80.90913499978234, 28.52150100019703], [-80.90955499990692, 28.521698999920048], [-80.90977300036512, 28.521801000134516], [-80.90988799999285, 28.521853000236867], [-80.91008200016161, 28.521905000313495], [-80.91025399969075, 28.52190100018711], [-80.9102989998966, 28.52190000015549], [-80.91047499962369, 28.521836999722407], [-80.91057699973094, 28.52173100019916], [-80.91064799987605, 28.521657000081632], [-80.91075800037922, 28.521478000169243], [-80.91079000016627, 28.52144399974145], [-80.9107990003871, 28.521435000206704], [-80.91088300005268, 28.521345000081595], [-80.91102600016782, 28.52126500025668], [-80.91111099965833, 28.52126400021903], [-80.91139699988858, 28.521355999697604], [-80.9118420001275, 28.521505000338642], [-80.91199399956517, 28.521621999677297], [-80.91214300042638, 28.521890999870415], [-80.91235099994054, 28.522309999698958], [-80.91247399996419, 28.5225789997152], [-80.9125109997741, 28.522721000039656], [-80.91256199982773, 28.523015000325923], [-80.912551999782, 28.523122000156775], [-80.91251499997206, 28.52317300037725], [-80.9124389998041, 28.523201000131845], [-80.91241600023787, 28.523201000131845], [-80.91235699978833, 28.523200000112553], [-80.91222799991688, 28.52319800007396], [-80.91207499975602, 28.52314799988537], [-80.91187999976235, 28.523086000218424], [-80.91154300037677, 28.522981000393802], [-80.91124200007789, 28.52292099988325], [-80.91099299965754, 28.522912999707387], [-80.91081000025775, 28.522955999856343], [-80.91065000042417, 28.52306499978829], [-80.91057799955585, 28.523246000201144], [-80.91055900018759, 28.523296000343244], [-80.91054900014184, 28.523480999636785], [-80.9106389996552, 28.523612000156167], [-80.91084000039498, 28.523735999624183], [-80.91102000032004, 28.523902000274944], [-80.91113999997064, 28.52410900032085], [-80.91119699987205, 28.524358000317967], [-80.91129499978135, 28.524453000275976], [-80.91134500001004, 28.52450299984568], [-80.9114119999572, 28.524569000283126], [-80.91165499963145, 28.524665000056377], [-80.91188999980808, 28.524727000373264], [-80.91206399988536, 28.524725000363564], [-80.91214300042638, 28.52467300009931], [-80.9122010001527, 28.52463499988999], [-80.91231099975757, 28.52452499999608], [-80.91233000002414, 28.524482999704944], [-80.91236000016137, 28.524419000018394], [-80.9124260002836, 28.52434400020061], [-80.91248300018502, 28.524275000384264], [-80.91255900035299, 28.524184000305826], [-80.91262600030014, 28.52410600028879], [-80.91267499980565, 28.524051999696738], [-80.91271900018657, 28.524008999994816], [-80.91276600004224, 28.523974000371318], [-80.91284999970782, 28.523922999749065], [-80.91291500000516, 28.523890000122535], [-80.9130039996936, 28.523844000315016], [-80.9130460004247, 28.52382400004925], [-80.91307099964075, 28.523812999901512], [-80.91309400010529, 28.523802999766133], [-80.9131290002654, 28.523787000336917], [-80.91315400037975, 28.52377700019907], [-80.91322200015179, 28.523754999892567], [-80.91326700035765, 28.523739999680938], [-80.91327900005321, 28.523736999638395], [-80.91330499999249, 28.52373000032799], [-80.91334799965018, 28.523721000199103], [-80.91339600022907, 28.523711000055048], [-80.91341399977243, 28.523709000026148], [-80.91347200039706, 28.523699999895506], [-80.91349300031347, 28.52369899988091], [-80.91351199968172, 28.52369599983717], [-80.9135240002756, 28.52369599983717], [-80.9135590004357, 28.52369399980798], [-80.91362200018489, 28.523690999764064], [-80.91366800021565, 28.523687999720106], [-80.91373599998771, 28.523682999646617], [-80.91378299984338, 28.52368000039172], [-80.91380399975978, 28.52367800036216], [-80.91387499990488, 28.523670000243733], [-80.91391000006497, 28.523665000169366], [-80.91393699982916, 28.523659000079917], [-80.91396600014149, 28.523651999975044], [-80.91399499955548, 28.523647999914893], [-80.91400700014935, 28.523644999869717], [-80.91402899989068, 28.523640999809295], [-80.91411299955625, 28.523624000340217], [-80.91420200014302, 28.523604000032716], [-80.91425999986936, 28.52358899979961], [-80.91440100033465, 28.523554000036693], [-80.9144740001296, 28.523535999748145], [-80.9146010003512, 28.52349899993471], [-80.91471099995606, 28.523468000208993], [-80.91484599967526, 28.52343299961665], [-80.91496200002622, 28.523398999819342], [-80.91501499972968, 28.523384000346315], [-80.91511600001202, 28.523357999886684], [-80.91521800011925, 28.52332800013764], [-80.91525900012715, 28.523313999883484], [-80.9154459997249, 28.523241000106673], [-80.91552799974065, 28.52320500020897], [-80.9155729999465, 28.523182999783085], [-80.91559800006087, 28.52317000031856], [-80.91564599974143, 28.52313999972672], [-80.91575200004665, 28.523072999952642], [-80.91581499979583, 28.523029999851406], [-80.91595399971301, 28.52293500018961], [-80.91600999978951, 28.522898000165252], [-80.91605300034553, 28.52287299960811], [-80.91613799983604, 28.522833000282954], [-80.91626199968456, 28.52278800003744], [-80.91631399956313, 28.52277399971157], [-80.91633299982969, 28.522770999641523], [-80.9164109996475, 28.522762000220055], [-80.91647900031788, 28.52276000017314], [-80.91654200006707, 28.522755000055632], [-80.91664099980127, 28.52275300000859], [-80.91669000020507, 28.52275300000859], [-80.91680700038094, 28.52275300000859], [-80.91684199964271, 28.522759000149676], [-80.91697899991007, 28.52279600022281], [-80.91729199990452, 28.522906000342275], [-80.91738399996603, 28.52293800025504], [-80.91751700003542, 28.522982999647233], [-80.91783800042577, 28.523134999627224], [-80.91798800021361, 28.523214999611778], [-80.91816599959053, 28.523322000028916], [-80.91824699978137, 28.52337700022319], [-80.91836300013233, 28.523453999973487], [-80.91843400027744, 28.523500999967617], [-80.91846900043755, 28.52352300032713], [-80.91854100040757, 28.523567000243162], [-80.9186409999667, 28.523624000340217], [-80.9187129999367, 28.523659000079917], [-80.91888899966379, 28.523767000060346], [-80.91929000042009, 28.524014000052848], [-80.91952800007148, 28.524178000245843], [-80.91972600043819, 28.524330000081374], [-80.91991200021104, 28.52448399971206], [-80.9201149997023, 28.524652999990824], [-80.9203259995895, 28.52483500004883], [-80.92041799965102, 28.524928000360408], [-80.920457999834, 28.524975999699883], [-80.92057199963679, 28.525122999958153], [-80.92063799975905, 28.525200000011676], [-80.92071800012499, 28.5253389999658], [-80.9209030000729, 28.525754000316933], [-80.921014000401, 28.526127000187383], [-80.92103699996723, 28.526304000119026], [-80.92105600023379, 28.526451000103933], [-80.92105600023379, 28.52646399995315], [-80.92105100021092, 28.52681999993605], [-80.92099299958629, 28.527269000119812], [-80.92098900028662, 28.52731500001131], [-80.92097400021804, 28.527496000230162], [-80.92097099984497, 28.527526000371573], [-80.92097900024089, 28.527981999733576], [-80.9209940003095, 28.528459999608916], [-80.92104899966277, 28.528693000114504], [-80.92107399977714, 28.528810000157215], [-80.92125200005236, 28.52914899995242], [-80.92158900033627, 28.5296980002344], [-80.92197799960037, 28.53026699986067], [-80.92257799964999, 28.531220999718723], [-80.92289800021547, 28.53195700033449], [-80.92313800041495, 28.53238299992723], [-80.92337699989125, 28.532727999641416], [-80.92358500030372, 28.532824999803765], [-80.92378299977211, 28.532879999774735], [-80.92382999962777, 28.532911999816424], [-80.92389599975002, 28.532938000287057], [-80.92437899962378, 28.53312599979596], [-80.92447999990611, 28.533144999950153], [-80.92470500003701, 28.53319099964466], [-80.92483100043371, 28.53320200039216], [-80.92507499993287, 28.533204000241], [-80.92536899966073, 28.533178999760626], [-80.92577299989178, 28.533116999680193], [-80.9258950000905, 28.53309399981927], [-80.9265069998357, 28.5329099999621], [-80.92752100016212, 28.53269299975621], [-80.92824300041048, 28.532712999917567], [-80.92871399969034, 28.5329099999621], [-80.92889399961541, 28.533053999637424], [-80.92974700028333, 28.533735999712956], [-80.93060000005296, 28.534418000109774], [-80.93135900011123, 28.535024999929178], [-80.93176900019004, 28.535343999804248], [-80.93182500026654, 28.53538699961708], [-80.93192800019871, 28.535446000230987], [-80.93198699974995, 28.535469000367765], [-80.93206100026809, 28.535491999710306], [-80.93217599989582, 28.535499999720642], [-80.9322799996529, 28.53546699977275], [-80.9323070003154, 28.535457999856934], [-80.93234599977514, 28.535432000008075], [-80.93237799956219, 28.53540700005628], [-80.93240100002672, 28.53538800030995], [-80.93243199998885, 28.535357000134976], [-80.93245999957796, 28.53532500004657], [-80.9324830000425, 28.535291000139296], [-80.93248999971519, 28.535277999800503], [-80.9325320004463, 28.53519800029054], [-80.93255199963946, 28.53515099998783], [-80.9325829996016, 28.53504499964788], [-80.93259000017262, 28.534941999714302], [-80.93260199986817, 28.53485100016426], [-80.93263200000541, 28.53458399972127], [-80.93263700002828, 28.53451299968174], [-80.9326599995945, 28.534363000152318], [-80.93267700021126, 28.534274999844943], [-80.93270099960237, 28.534188000168342], [-80.93286999965679, 28.533820999925677], [-80.93317099995566, 28.533530000342846], [-80.93318900039733, 28.533516999786784], [-80.93365499965432, 28.533350000149877], [-80.93406999975603, 28.533401000156807], [-80.93466899998074, 28.533593000101042], [-80.93504100042473, 28.533858000061823], [-80.9352430000911, 28.534104000167563], [-80.93544200028273, 28.53451299968174], [-80.9354759997196, 28.5347460002215], [-80.93546900004691, 28.534993999647412], [-80.93546999987181, 28.535881999704063], [-80.93559200007054, 28.536308999897425], [-80.93573000016282, 28.53651999961295], [-80.93576899962255, 28.5365769998077], [-80.93580899980553, 28.53660799962373], [-80.93604900000504, 28.536714999860774], [-80.93625999989224, 28.53677600030124], [-80.93627499996086, 28.53677600030124], [-80.9363760002432, 28.53677700019172], [-80.93650400028972, 28.53677600030124], [-80.93659999965087, 28.536772999840547], [-80.936630999613, 28.536770000168893], [-80.93669099988746, 28.53676499992686], [-80.93673199989534, 28.536755000231224], [-80.93676200003257, 28.536747000316165], [-80.9367989998425, 28.536734000157008], [-80.93683300017769, 28.536718000323113], [-80.93688699970603, 28.536690000213387], [-80.93699399983616, 28.53663499986345], [-80.93707300037718, 28.536569999771576], [-80.9371169998598, 28.536530000120084], [-80.93721700031725, 28.536421999801348], [-80.93728500008929, 28.53630199984357], [-80.93732500027227, 28.536189999707013], [-80.93736100025728, 28.53607200006852], [-80.93742200035665, 28.535708999676523], [-80.93746800038741, 28.535440999926116], [-80.93758399984004, 28.535115000211928], [-80.93759899990867, 28.535074000101453], [-80.9376309996957, 28.53498399978369], [-80.93765300033533, 28.53492199997606], [-80.93766599985581, 28.53488600012192], [-80.93768699977221, 28.53482699998361], [-80.93769900036608, 28.534800999979055], [-80.93771699990943, 28.53473900006374], [-80.93775799991732, 28.534711000217328], [-80.9377780000088, 28.534696999896763], [-80.93779700027537, 28.53468500018416], [-80.93786199967438, 28.53465299989173], [-80.93789500018468, 28.53464000026336], [-80.93799800011683, 28.534633000098562], [-80.9380099998124, 28.53463000036605], [-80.93812799981318, 28.53463000036605], [-80.93818399988967, 28.534633000098562], [-80.9382009996081, 28.534634000009447], [-80.9383270000048, 28.53465100007039], [-80.93836499963965, 28.534655999623595], [-80.93837899988334, 28.534660999965766], [-80.93867400033443, 28.534723999836935], [-80.93869699990064, 28.534730999995634], [-80.93871600016722, 28.534738000153926], [-80.93883599981783, 28.534781000214057], [-80.93890699996294, 28.534806000314354], [-80.93893799992507, 28.534818000013114], [-80.93898099958278, 28.53482899980156], [-80.93900599969714, 28.53483899968004], [-80.93902400013882, 28.534846999739905], [-80.93905799957567, 28.534864999675158], [-80.93915300001022, 28.53491499982998], [-80.93919499984302, 28.534937000174676], [-80.93927900040693, 28.534990999925114], [-80.93931100019398, 28.535017999789968], [-80.93936100042269, 28.535078999634543], [-80.93939099966161, 28.535118999836918], [-80.93945599995895, 28.535254999622094], [-80.939459000332, 28.535266000154117], [-80.93950899966237, 28.53544700013416], [-80.9395170000583, 28.535495000207476], [-80.9395229999061, 28.535648000196723], [-80.93952000043134, 28.535763999720643], [-80.93949199994394, 28.535932000165506], [-80.93931200001889, 28.53631699984574], [-80.93918999982016, 28.536705000160318], [-80.9391439997894, 28.536853999622796], [-80.93910500032966, 28.5370579998216], [-80.93908900043614, 28.537142999722075], [-80.9390519997279, 28.53733699972087], [-80.93904599988011, 28.537398999685877], [-80.93899900002444, 28.53793199995455], [-80.9389889999787, 28.538035000121976], [-80.93897399991009, 28.538506000263656], [-80.93895800001657, 28.539066999941763], [-80.93895600036674, 28.539114000076015], [-80.93896399986434, 28.539328000086265], [-80.9389680000623, 28.539452000003934], [-80.93906099994872, 28.539673999810198], [-80.93918399997236, 28.53996700029583], [-80.93920200041403, 28.540006000360922], [-80.93941900014902, 28.540417000351656], [-80.93945299958588, 28.54045299989432], [-80.93952499955591, 28.540540999776706], [-80.9396509999526, 28.540696000036508], [-80.9396080002949, 28.5407970001645], [-80.93960300027203, 28.540808000117902], [-80.93958400000545, 28.54085100006828], [-80.93956499973889, 28.540895999703814], [-80.9395229999061, 28.54099400008873], [-80.93950000033988, 28.541064999706734], [-80.93947900042347, 28.541130000181987], [-80.93945299958588, 28.54120800022587], [-80.93944099989032, 28.541245000135458], [-80.93943199966948, 28.54127100012809], [-80.93942099979883, 28.541307000168082], [-80.93940699955513, 28.541349999914697], [-80.93939599968446, 28.541380000057828], [-80.93935800004964, 28.54148399985672], [-80.93931500039194, 28.541600999902307], [-80.9392989996001, 28.541647999695197], [-80.93920999991164, 28.54179899974409], [-80.93916899990376, 28.541837000077713], [-80.93907199981938, 28.541931000221005], [-80.93906199977363, 28.541941000214518], [-80.93905000007807, 28.54195200004847], [-80.93903699965927, 28.54196500035298], [-80.93902400013882, 28.541977000025557], [-80.93900099967425, 28.541998999684765], [-80.93897499973501, 28.54202399965064], [-80.938946000321, 28.541997000002915], [-80.9388409998407, 28.54196200004], [-80.93880300020587, 28.54195000036572], [-80.93874499958122, 28.541937999900917], [-80.9387069999464, 28.541931000221005], [-80.93863400015145, 28.54191700007066], [-80.9385670002043, 28.541911000231153], [-80.93843900015779, 28.541887999922434], [-80.93836399981473, 28.54187600023968], [-80.93825099983682, 28.5418560002394], [-80.93816899982104, 28.54184200007903], [-80.93807599993463, 28.541837000077713], [-80.9379470000632, 28.541832000076102], [-80.93786599987234, 28.54182799991687], [-80.93776700013815, 28.54182399975747], [-80.9376519996121, 28.541817999912617], [-80.9375450003803, 28.541813999752836], [-80.9374959999765, 28.541811000224715], [-80.93743900007509, 28.541808999750145], [-80.93735299986136, 28.541811000224715], [-80.93726400017289, 28.541812999910153], [-80.93721099957115, 28.541813999752836], [-80.93710400033935, 28.541816000227318], [-80.93704900008774, 28.541817000069972], [-80.93695200000337, 28.541818999755233], [-80.93692199986613, 28.541820000387023], [-80.93686199959168, 28.541821000229643], [-80.93681599956093, 28.541822000072234], [-80.93677899975101, 28.54182299991489], [-80.936750000337, 28.54182299991489], [-80.93671900037486, 28.54182299991489], [-80.9366659997731, 28.541822000072234], [-80.93659499962799, 28.541821000229643], [-80.93655500034333, 28.541820000387023], [-80.93647900017537, 28.541818999755233], [-80.93643399996951, 28.541817999912617], [-80.93640999968005, 28.541817000069972], [-80.93635299977866, 28.541816000227318], [-80.93629800042538, 28.541815000384663], [-80.93624700037176, 28.541813999752836], [-80.9361949995949, 28.541812999910153], [-80.93611900032525, 28.541812000067473], [-80.936045999632, 28.541805000379167], [-80.93601399984495, 28.54179899974409], [-80.93598899973058, 28.541793999740722], [-80.9358830003237, 28.54177200003869], [-80.93585700038442, 28.541767000034003], [-80.93583100044515, 28.54176200002912], [-80.93579000043727, 28.541747999856323], [-80.93574400040652, 28.541728999675172], [-80.9356099996139, 28.541670000212225], [-80.93553599999406, 28.54163299966281], [-80.93543499971172, 28.54156800028706], [-80.93528900012186, 28.54139699981953], [-80.93505200029539, 28.540894999852416], [-80.93500600026464, 28.5407970001645], [-80.9349469998151, 28.54067199960901], [-80.93489499993656, 28.540562999735815], [-80.93479200000439, 28.540537000357613], [-80.93461299990425, 28.540492999634765], [-80.9345960001858, 28.540490999924266], [-80.93437899955251, 28.540461000317073], [-80.93424700020634, 28.54047099966099], [-80.93419899962745, 28.540490999924266], [-80.9341020004414, 28.540544000130105], [-80.93390700044772, 28.540653000022957], [-80.93383999960224, 28.540683000364627], [-80.9337519997387, 28.540733000125876], [-80.93354800042253, 28.54085799981989], [-80.93348800014806, 28.540888000103195], [-80.93328800013153, 28.540989999897665], [-80.93318299965122, 28.54104500034158], [-80.93307600041943, 28.54110900019067], [-80.93289499977114, 28.54123799962032], [-80.93277400029562, 28.541333000145425], [-80.93257400027909, 28.541513999961744], [-80.93252400005038, 28.54156800028706], [-80.93246100030119, 28.54164199984032], [-80.93243399963869, 28.54167900038658], [-80.93241100007246, 28.541716000130744], [-80.93240000020182, 28.54173799984448], [-80.93232700040689, 28.5418770000818], [-80.93228899987373, 28.54194899973519], [-80.93226100028464, 28.542001000155736], [-80.9322379998201, 28.542047999770123], [-80.93220600003305, 28.542150000019728], [-80.93213300023812, 28.54235599989761], [-80.93207200013875, 28.542606000020488], [-80.93207299996367, 28.5427040003929], [-80.93209100040534, 28.542892999669903], [-80.93215499997943, 28.5430020002887], [-80.93234199957718, 28.543095000351087], [-80.93235199962292, 28.543106000064537], [-80.93269800012766, 28.543459000374014], [-80.93270800017339, 28.543469000222494], [-80.93272099969387, 28.543488000089734], [-80.93280600008268, 28.543610000194324], [-80.93288700027355, 28.543725999632283], [-80.93292800028142, 28.543785000311043], [-80.93305299995488, 28.54396300039308], [-80.93321299978845, 28.544186999802815], [-80.93347499972927, 28.544347000104164], [-80.93388200033336, 28.544539999646087], [-80.93420299982542, 28.54484800037826], [-80.93430400010776, 28.545202000184194], [-80.93436799968187, 28.54572699961826], [-80.93416799966532, 28.54745499978141], [-80.9341450000991, 28.547657000393652], [-80.93390900009754, 28.54814600015829], [-80.9335530004454, 28.548549999922862], [-80.93340100010944, 28.54897099983314], [-80.9332710004131, 28.549493000108278], [-80.93328300010866, 28.54982499969595], [-80.93342299985075, 28.55022900012111], [-80.9333910000637, 28.55050400002589], [-80.93316199973484, 28.550918999899825], [-80.93270700034847, 28.551322000320805], [-80.9326250003327, 28.55159800027728], [-80.93271400002118, 28.55181699970225], [-80.93292400008346, 28.55193499985218], [-80.93317099995566, 28.55191500018382], [-80.93321000031372, 28.551912000154278], [-80.93343899974425, 28.551862000176243], [-80.93366800007311, 28.551922999735964], [-80.93366100040043, 28.552068999741707], [-80.93352800033104, 28.552221000375646], [-80.93329900000218, 28.5524460001119], [-80.93325399979635, 28.552631000306327], [-80.93331700044385, 28.552894999982573], [-80.9335269996078, 28.553047000213205], [-80.93384899982308, 28.55330499965596], [-80.93408399999973, 28.553613000004038], [-80.93410900011408, 28.55398399963946], [-80.93418500028207, 28.554404999918024], [-80.9341020004414, 28.554657000075974], [-80.933969000372, 28.554842000330833], [-80.93382999955651, 28.55499400011789], [-80.93330400002505, 28.555308999839667], [-80.93284700009058, 28.555504999734403], [-80.93237599991237, 28.555572000190452], [-80.93198900029809, 28.55572300000196], [-80.93174099970265, 28.555880999928235], [-80.93164500034149, 28.556145000134844], [-80.93165100018929, 28.55641399977801], [-80.93167799995346, 28.556699999970593], [-80.93168399980124, 28.556970000261565], [-80.93173400002995, 28.557138000022963], [-80.9318999997113, 28.557193999620857], [-80.93217000004805, 28.5572390001638], [-80.93248700024046, 28.557328999613933], [-80.93264000040132, 28.557492000333397], [-80.93275400020414, 28.55776099969083], [-80.93285700013631, 28.55803099962769], [-80.93296400026644, 28.55823299967701], [-80.93304100025932, 28.558339000352472], [-80.93324999959839, 28.558435000127705], [-80.93328700030662, 28.558448999660243], [-80.93352400013308, 28.558535999813202], [-80.93384100032549, 28.558592000245483], [-80.93409499987038, 28.55875499979832], [-80.93427399997051, 28.55897400011686], [-80.93423899981042, 28.55920400037884], [-80.93408599964955, 28.55933299973627], [-80.93377500020324, 28.55932700009996], [-80.93330999987285, 28.559354999714895], [-80.93277599994545, 28.55946699967824], [-80.93236300039189, 28.55958599960739], [-80.931841999985, 28.559691999709383], [-80.93165100018929, 28.559821000046878], [-80.93155599975472, 28.5599389999052], [-80.9315750000213, 28.560062000345518], [-80.93166999955754, 28.560224999989178], [-80.93180900037302, 28.560511000085114], [-80.93187999961981, 28.560797999855403], [-80.93199799962059, 28.56112899964144], [-80.9321249998422, 28.561409999787074], [-80.93219400033749, 28.56164599975377], [-80.9321809999187, 28.561797000320713], [-80.93199699979569, 28.561881999980308], [-80.9317869997334, 28.562049999792393], [-80.93157699967112, 28.562173000132866], [-80.93121500017119, 28.562308000052475], [-80.93035400000565, 28.56258500004669], [-80.93011999965391, 28.562742000286576], [-80.93001300042211, 28.56296100019976], [-80.93004299966103, 28.56321699973683], [-80.93020000001987, 28.56345899978687], [-80.93034599960974, 28.563729000098828], [-80.93046299978559, 28.563933999946173], [-80.9305180000372, 28.563987999820206], [-80.93065600012945, 28.56395300006571], [-80.93080400026743, 28.563880000044353], [-80.9309709997737, 28.56387599993364], [-80.93107399970587, 28.56397999960686], [-80.93114599967589, 28.564162999996185], [-80.93124100011045, 28.56435499988149], [-80.93135499991328, 28.56449600028921], [-80.93153900003628, 28.564513999891215], [-80.9316529998391, 28.56446400037552], [-80.93179599995425, 28.56446400037552], [-80.93193900006936, 28.564560999714093], [-80.93202799975782, 28.564707000339418], [-80.93206299991792, 28.56502099977685], [-80.93216500002518, 28.565644000125957], [-80.93204000035169, 28.565963000357463], [-80.93188899984065, 28.566222000103686], [-80.93187600032017, 28.566394999713165], [-80.93200099999365, 28.566462999946935], [-80.93228800004881, 28.566400999735553], [-80.93264200005115, 28.566283999631608], [-80.9329330003043, 28.56622899974686], [-80.93309899998566, 28.5663070001343], [-80.93313499997065, 28.566521999719722], [-80.93308700029007, 28.566720000039233], [-80.93298799965756, 28.566911000388885], [-80.93284100024279, 28.56713499989467], [-80.93279600003693, 28.567245999867517], [-80.93282199997621, 28.567324000290174], [-80.9329340001292, 28.567376000013837], [-80.93322100018437, 28.567379000391597], [-80.93350099966855, 28.56747299982419], [-80.93372199960149, 28.567619999951955], [-80.93385100037122, 28.567745999672653], [-80.9339059997245, 28.56782399972469], [-80.93402200007546, 28.56787200003142], [-80.93405499968742, 28.56789599978206], [-80.93407200030417, 28.567916000359105], [-80.93406999975603, 28.567961000262784], [-80.93405499968742, 28.567996000262198], [-80.93404100034203, 28.568025999914337], [-80.93402100025054, 28.56806499984382], [-80.93397699986961, 28.568134000169106], [-80.93396799964877, 28.56816100021551], [-80.93396500017404, 28.568175000032266], [-80.93395799960304, 28.56821100034153], [-80.93395299958016, 28.568258000091205], [-80.93395500012831, 28.56828399972544], [-80.93396099997608, 28.568312000113377], [-80.933969000372, 28.568331999822334], [-80.93398299971739, 28.568356999847722], [-80.9340110002048, 28.56839199971541], [-80.93405800006046, 28.568433000267003], [-80.93409800024342, 28.56845800026839], [-80.93413900025132, 28.56849300010249], [-80.9341879997568, 28.568533999825753], [-80.93421299987116, 28.568554999870287], [-80.93426200027497, 28.56859600035831], [-80.93430999995553, 28.56862799980451], [-80.93441799991058, 28.568742999706238], [-80.93442499958327, 28.56875700023452], [-80.93443499962902, 28.568791000382703], [-80.93443100032937, 28.568873999955745], [-80.93443100032937, 28.568904999731917], [-80.93443100032937, 28.568927999661806], [-80.9344329999792, 28.568948999627654], [-80.9344329999792, 28.568997000210153], [-80.93443200015427, 28.569014999831204], [-80.93443100032937, 28.569033000238132], [-80.93442399975835, 28.569052999810108], [-80.93441500043583, 28.56907799966413], [-80.9344129998877, 28.569107999796763], [-80.93441399971262, 28.569124999815493], [-80.93441399971262, 28.569145999742016], [-80.9344120000628, 28.56916499970956], [-80.93440399966688, 28.569198000143214], [-80.93440000036722, 28.5692249999166], [-80.934398999644, 28.569234000102494], [-80.93439299979622, 28.569251999682997], [-80.93438799977334, 28.569262000237572], [-80.93438699994844, 28.56929200031774], [-80.93438399957537, 28.569302999661204], [-80.9343779997276, 28.56932400034116], [-80.93437699990268, 28.56936699969171], [-80.934406000215, 28.569435999952166], [-80.93443899982698, 28.569469000300884], [-80.93448999988061, 28.56950900006419], [-80.93450099975125, 28.569518000225774], [-80.93457699991923, 28.56956700012779], [-80.93460899970628, 28.569591999859767], [-80.93462600032304, 28.569612000114383], [-80.93467800020157, 28.56970700028582], [-80.93473000008011, 28.56977800026656], [-80.93477299973782, 28.569851999717685], [-80.93479500037743, 28.5698660000984], [-80.93482799998938, 28.569901000253164], [-80.93485200027885, 28.569931000151087], [-80.93488700043895, 28.56994800003691], [-80.93491099983008, 28.569968000223852], [-80.9349540003861, 28.569996999738677], [-80.935059999793, 28.570042000330286], [-80.93508900010531, 28.570053000384323], [-80.9351519998545, 28.57007699963757], [-80.93517699996886, 28.570089000051066], [-80.93521299995388, 28.570109000211204], [-80.93525800015972, 28.570135999750764], [-80.9352730002283, 28.570146999795018], [-80.93528900012186, 28.570157999838063], [-80.93533099995464, 28.57020799980409], [-80.93535299969595, 28.57022799994162], [-80.93542999968884, 28.570294999704082], [-80.93547400006979, 28.570327000211417], [-80.9355319997961, 28.570366000076994], [-80.93567099971328, 28.570437999972867], [-80.93570199967542, 28.570452000275612], [-80.93571900029217, 28.57046300028676], [-80.93574600005634, 28.57048700023538], [-80.93575699992701, 28.570502999672193], [-80.9357860002393, 28.570555000191632], [-80.93579399973692, 28.570593999972697], [-80.93579499956184, 28.570621999745867], [-80.93579799993488, 28.570661000291043], [-80.93579999958469, 28.5708009997823], [-80.93579999958469, 28.570822000163275], [-80.9358070001557, 28.570860999845372], [-80.93580600033079, 28.571053999697796], [-80.93580100030793, 28.57118500022571], [-80.93580600033079, 28.571225000125594], [-80.93582700024719, 28.57127599993641], [-80.93584700033868, 28.571301999613866], [-80.93587599975268, 28.571331999901265], [-80.93594400042308, 28.571366000006307], [-80.93599799995143, 28.5713910000997], [-80.93604800018014, 28.571414000275063], [-80.93608300034023, 28.57142500018563], [-80.93611599995221, 28.571434000183338], [-80.93613600004367, 28.5714369996565], [-80.93617200002869, 28.57144100026867], [-80.93624399999872, 28.57144700000341], [-80.93632299964143, 28.57144500009182], [-80.93640999968005, 28.57141699974873], [-80.93650400028972, 28.571396999837212], [-80.93659299997817, 28.571360999829132], [-80.9366370003591, 28.571344999733867], [-80.93669699973525, 28.571326999722462], [-80.93675100016192, 28.571308000145386], [-80.93682200030703, 28.571281000117636], [-80.93685400009409, 28.571266999925143], [-80.93693500028493, 28.571228000393585], [-80.93696399969892, 28.571214000194097], [-80.9370109995546, 28.571185999789535], [-80.93706300033145, 28.5711620000003], [-80.93708500007276, 28.571147999792032], [-80.93710599998916, 28.571131999664427], [-80.9371300002786, 28.571107999862924], [-80.93723599968551, 28.57098999990448], [-80.93728099989134, 28.57095300019117], [-80.93731600005145, 28.57093700003386], [-80.93734500036376, 28.57092900034878], [-80.93739800006722, 28.57092699963849], [-80.93742800020443, 28.570931000270114], [-80.93745900016657, 28.57094099987622], [-80.93753600015948, 28.570969000346], [-80.93757200014448, 28.570991000259053], [-80.93766900022885, 28.57104600002162], [-80.93780099957502, 28.571120000158828], [-80.93791699992596, 28.57120199990892], [-80.93798600042126, 28.571255999998037], [-80.93800700033766, 28.571290000127657], [-80.93802700042914, 28.571313000325084], [-80.93810799972168, 28.571387000274513], [-80.93817700021697, 28.571450999826308], [-80.9382080001791, 28.571482999982063], [-80.93823900014125, 28.571513999778503], [-80.9382559998597, 28.571560999630655], [-80.93825900023275, 28.571606999902], [-80.93825800040783, 28.571662000131493], [-80.93825400020987, 28.57173399992943], [-80.93823999996616, 28.571828999762726], [-80.9382349999433, 28.571867999860423], [-80.9382290000955, 28.57194299976501], [-80.93822300024773, 28.571967999721295], [-80.93820999982893, 28.572022000206196], [-80.9382080001791, 28.57205099994389], [-80.93820900000402, 28.57211400032572], [-80.93821300020198, 28.57213499965575], [-80.93825400020987, 28.572217000192566], [-80.93828299962388, 28.572245999876497], [-80.93837200021063, 28.572279000132752], [-80.93842599973901, 28.572288000057394], [-80.93845300040151, 28.572293000190527], [-80.9384750001428, 28.572300999771883], [-80.93853399969403, 28.57230599990439], [-80.9385589998084, 28.572312999931707], [-80.93859099959545, 28.572325999643105], [-80.93861099968693, 28.57233900014183], [-80.93862499993064, 28.572348000061396], [-80.93863300032656, 28.572353999744333], [-80.93865099986989, 28.572367999792135], [-80.93868799967983, 28.57240400024458], [-80.93871600016722, 28.572429000091336], [-80.93875200015223, 28.57245900005737], [-80.93879800018298, 28.572487999674596], [-80.93882199957413, 28.5724999998131], [-80.93884800041171, 28.572506000276302], [-80.93889500026737, 28.572506000276302], [-80.93892200003155, 28.572497999921612], [-80.93894799997084, 28.572487999674596], [-80.93904699970504, 28.57244399968095], [-80.93906299959855, 28.57243400021775], [-80.93908500023815, 28.5724250003056], [-80.9391089996293, 28.57242200007173], [-80.93914100031468, 28.572415000051663], [-80.93921800030756, 28.572423999964666], [-80.93926000014035, 28.57243999989579], [-80.93927900040693, 28.572464000182425], [-80.93932399971446, 28.572508999718853], [-80.93934899982882, 28.572540000001904], [-80.93939400003465, 28.57263100011843], [-80.9394030002555, 28.57267300014563], [-80.93940999992819, 28.572697000379065], [-80.9394180003241, 28.57273600015508], [-80.9394180003241, 28.57280499978394], [-80.93941699960088, 28.57282300033141], [-80.93940699955513, 28.57284899962661], [-80.93939200038484, 28.57287900026181], [-80.93937399994317, 28.572909999646917], [-80.93934899982882, 28.572938999928702], [-80.93933600030834, 28.572966000319887], [-80.93933600030834, 28.572975999732595], [-80.93933499958511, 28.57299900035036], [-80.93933499958511, 28.573036999679264], [-80.93933600030834, 28.573076999663886], [-80.9393410003312, 28.573109000114], [-80.93935200020186, 28.57313199991383], [-80.93937099957013, 28.573154000163527], [-80.9394049999053, 28.57318000016579], [-80.93943699969236, 28.573197000315524], [-80.93946900037773, 28.57320900037315], [-80.93950100016478, 28.573216000340395], [-80.93953100030201, 28.573225000184888], [-80.93956300008907, 28.573253000046797], [-80.93958300018053, 28.573273999938397], [-80.9396080002949, 28.573291999616696], [-80.93962099981538, 28.573299000367335], [-80.93963199968604, 28.573311999956893], [-80.93966199982326, 28.573337000376785], [-80.93968500028781, 28.5733689999589], [-80.93971899972466, 28.573418999976756], [-80.93974300001412, 28.573439000292804], [-80.93975499970968, 28.573453999738504], [-80.93977700034931, 28.57347599992085], [-80.9398540003422, 28.573563000274145], [-80.93988100010637, 28.57358999971627], [-80.93988899960398, 28.5735960001173], [-80.93992600031221, 28.573671000367852], [-80.93993200016001, 28.57368099971349], [-80.93993399980982, 28.573699000111063], [-80.9399399996576, 28.57371600017692], [-80.93995200025148, 28.57373800030448], [-80.93996599959688, 28.573783000084894], [-80.94000599977984, 28.57386899985719], [-80.94004699978773, 28.573940999722517], [-80.94008600014578, 28.573996999846678], [-80.9401079998871, 28.57402599982888], [-80.94012299995572, 28.57406499990108], [-80.94013899984924, 28.574098000375674], [-80.94015599956766, 28.574117000237827], [-80.94016599961341, 28.574122999819874], [-80.94018300023016, 28.57414199967751], [-80.94020400014657, 28.574168000224518], [-80.94025100000223, 28.574246000249165], [-80.94026699989575, 28.574263000226637], [-80.94027699994149, 28.574270999658214], [-80.94029899968281, 28.574293999992847], [-80.94032299997225, 28.57433600014512], [-80.94033999969068, 28.574390000203476], [-80.94034499971356, 28.574451000119176], [-80.94034100041392, 28.574503999797376], [-80.94033200019308, 28.574547000186488], [-80.9403120001016, 28.574572000312905], [-80.94028799981216, 28.574599000284973], [-80.9402550002002, 28.57463399965414], [-80.94018300023016, 28.574670000120094], [-80.9401220001308, 28.574673000289845], [-80.94008299977274, 28.574673000289845], [-80.93996399994704, 28.574666999950253], [-80.9398769999084, 28.57466000007956], [-80.93980800031144, 28.574665000099948], [-80.93975200023496, 28.574666999950253], [-80.93971399970181, 28.57466899980052], [-80.93962500001334, 28.57467500014001], [-80.93960499992185, 28.57467399982049], [-80.93959099967815, 28.57467099965075], [-80.9395530000433, 28.57465500005893], [-80.93953299995184, 28.574643000166194], [-80.939495000317, 28.574623999610182], [-80.93946299963163, 28.57461300003402], [-80.93944199971523, 28.5746160002054], [-80.93939900005753, 28.574628000101175], [-80.93933299993527, 28.57465699990944], [-80.93928000023185, 28.57468099969024], [-80.93926000014035, 28.574693999897946], [-80.93918399997236, 28.574757000274886], [-80.93915300001022, 28.574794000228213], [-80.93911799985013, 28.574849000369355], [-80.93908400041326, 28.57489699983791], [-80.93906199977363, 28.574936999904235], [-80.93905299955281, 28.574958000248532], [-80.93904699970504, 28.574980999644076], [-80.9390450000552, 28.57501899983488], [-80.9390450000552, 28.575040000162815], [-80.93904599988011, 28.575085000175193], [-80.93904900025316, 28.575135999692677], [-80.93905699975078, 28.57518000013813], [-80.93906099994872, 28.57520000011939], [-80.93907099999447, 28.575250000055963], [-80.93907600001734, 28.575268999710048], [-80.93910000030678, 28.575331000218252], [-80.93911600020031, 28.575366000132732], [-80.93915700020818, 28.57544299974581], [-80.93917099955357, 28.575470000283225], [-80.93918499979728, 28.575493999878564], [-80.93922599980516, 28.57554000000804], [-80.93925000009462, 28.57556100023196], [-80.93928100005675, 28.575582999973683], [-80.93932399971446, 28.575609999686268], [-80.93933999960798, 28.575619000114866], [-80.93935899987456, 28.575624999611268], [-80.93939400003465, 28.57563599987046], [-80.9394109997531, 28.575639000012668], [-80.9394390002405, 28.57564000032302], [-80.93950100016478, 28.575637000180837], [-80.93953200012692, 28.575632000206642], [-80.93956800011193, 28.575622999779167], [-80.93958999985324, 28.575610999996897], [-80.93960699957168, 28.575599000213256], [-80.9396159997925, 28.575594000237267], [-80.93964099990686, 28.575579999829873], [-80.93966099999834, 28.575574000330914], [-80.93968899958745, 28.575574999852982], [-80.93970600020418, 28.575587999950205], [-80.93975100041004, 28.57564000032302], [-80.93976899995337, 28.575657000075218], [-80.9397990000906, 28.57567599965578], [-80.93982500002988, 28.57569100036027], [-80.93988600012925, 28.575701999823664], [-80.93991000041869, 28.575704999963975], [-80.93995800009927, 28.57571600021481], [-80.94002099984844, 28.575729000294608], [-80.94006500022938, 28.57573400026418], [-80.94009100016866, 28.575746000032417], [-80.9401210003059, 28.57576400007666], [-80.94015100044311, 28.575782000117822], [-80.94018900007795, 28.575818000190903], [-80.940220999865, 28.575859000215225], [-80.9402550002002, 28.57590800031964], [-80.94026699989575, 28.575929999988794], [-80.94028699998725, 28.575980000367238], [-80.94030600025383, 28.57603699971255], [-80.94033200019308, 28.576137999860666], [-80.94033999969068, 28.576196999730495], [-80.94034999973643, 28.57629400008635], [-80.94036499980504, 28.576381999990225], [-80.9403680001781, 28.576458999648505], [-80.9403680001781, 28.576484000109367], [-80.94036099960708, 28.576542000272248], [-80.94033899986577, 28.576654000088233], [-80.94033200019308, 28.576689000351415], [-80.94031799994937, 28.57676599978497], [-80.9403120001016, 28.5768230002821], [-80.94030200005585, 28.576854000082815], [-80.94029000036028, 28.576892000385932], [-80.94028299978928, 28.576928000079125], [-80.94028500033743, 28.576977999983193], [-80.94028699998725, 28.577075999915557], [-80.94029000036028, 28.577098999636902], [-80.94029200001012, 28.577155999953593], [-80.94029500038316, 28.577342999903863], [-80.94029500038316, 28.577393999904334], [-80.94029899968281, 28.577444999880083], [-80.94030700007872, 28.577492000237953], [-80.94031899977429, 28.5775760003386], [-80.94032299997225, 28.57762700022611], [-80.9403260003453, 28.577654000202948], [-80.9403339998429, 28.577687000340465], [-80.94035599958423, 28.577757999669064], [-80.9403680001781, 28.57782800023797], [-80.94037300020098, 28.577879000003232], [-80.94038300024671, 28.577929000244133], [-80.94040900018597, 28.57803099965204], [-80.94042199970644, 28.578063999671354], [-80.9404379996, 28.578093999608203], [-80.94046299971434, 28.578115999609043], [-80.9405220001639, 28.57815299995862], [-80.94054499973011, 28.578162000169627], [-80.94058599973798, 28.578174999947127], [-80.94062799957078, 28.578185999939652], [-80.94066899957865, 28.57819399986177], [-80.9406850003705, 28.578195000147836], [-80.94076999986099, 28.578195000147836], [-80.9408689995952, 28.578190999792437], [-80.94089899973244, 28.5781829998701], [-80.94096400002975, 28.578171000379857], [-80.94100599986254, 28.578160999883256], [-80.94102699977896, 28.578151999672222], [-80.9410450002206, 28.5781460003199], [-80.94111499964251, 28.57811399982432], [-80.94119800038148, 28.5780960001822], [-80.94127100017643, 28.578080000322437], [-80.94129999959043, 28.57807499967548], [-80.94131399983412, 28.57807499967548], [-80.94135099964404, 28.57807499967548], [-80.94137999995638, 28.578079000035295], [-80.94142099996425, 28.578088000252624], [-80.94144899955334, 28.578105999896106], [-80.9414660001701, 28.578113000326386], [-80.94149799995714, 28.57813500032319], [-80.94153599959196, 28.578171000379857], [-80.94157099975209, 28.578206000138273], [-80.94158499999577, 28.57822600033308], [-80.94159800041457, 28.57825900029121], [-80.94160400026236, 28.578295999801593], [-80.9416000000644, 28.57830800006644], [-80.94159500004152, 28.578328000241868], [-80.94159400021661, 28.57843999973387], [-80.94158800036884, 28.578545000283338], [-80.94159800041457, 28.5785939999254], [-80.94161000011013, 28.57863700022037], [-80.94161000011013, 28.57864999993916], [-80.94159099984357, 28.57868599981951], [-80.94159599986644, 28.578740000011457], [-80.94161000011013, 28.57877100003607], [-80.94163600004941, 28.57879299989526], [-80.94163699987432, 28.578834999828914], [-80.94165899961564, 28.578941000263008], [-80.94167500040746, 28.578989999720587], [-80.94170899984434, 28.579024999995283], [-80.94172100043822, 28.579041999989293], [-80.94174499982935, 28.579071999647212], [-80.94178199963928, 28.579103999851387], [-80.94182000017243, 28.579125999640922], [-80.94185799980725, 28.57912999996075], [-80.94190300001308, 28.57914299961861], [-80.94191499970867, 28.579154000298786], [-80.94192700030254, 28.57917799984247], [-80.94192999977727, 28.579197000364754], [-80.94195200041689, 28.5792340003341], [-80.94198099983089, 28.579273000053195], [-80.94201000014321, 28.57930200015851], [-80.94204000028044, 28.579325999668416], [-80.94207399971732, 28.579343999888913], [-80.94209200015898, 28.579365999628298], [-80.94211200025048, 28.579400999777945], [-80.94212700031909, 28.579423000294227], [-80.94217599982457, 28.57949800033452], [-80.94222199985532, 28.57957099977549], [-80.94226600023624, 28.579663000392717], [-80.94235499992472, 28.579746000066006], [-80.9424520000091, 28.579813000077593], [-80.94247999959818, 28.57982899967375], [-80.94249300001697, 28.5798340002373], [-80.94254599972042, 28.57986799996101], [-80.94259799959896, 28.579898000172204], [-80.9427340000414, 28.57994800024213], [-80.94290399992072, 28.580024999656487], [-80.94291499979137, 28.580027000193766], [-80.94300600002796, 28.580060999855146], [-80.94303100014233, 28.580071999650425], [-80.94312499985365, 28.580113999862164], [-80.94325100025034, 28.580154000311225], [-80.943438999673, 28.580218000051385], [-80.94363000036702, 28.5802469998962], [-80.94365799995612, 28.5802469998962], [-80.94368600044353, 28.5802469998962], [-80.94370800018484, 28.58023799986361], [-80.94373599977393, 28.58021699978457], [-80.94375099984255, 28.58020499973753], [-80.94377299958386, 28.580177000148332], [-80.94378099997977, 28.58016099981632], [-80.94379299967532, 28.580121000158773], [-80.94380799974395, 28.580092000279226], [-80.94383799988117, 28.580051999806628], [-80.94386499964534, 28.580036000244412], [-80.94390900002628, 28.58002299990805], [-80.94395900025499, 28.580021999639442], [-80.94407300005781, 28.580021000159572], [-80.944107000393, 28.580021999639442], [-80.94414699967767, 28.580027000193766], [-80.94416500011931, 28.580031999959036], [-80.94424899978492, 28.58011000036863], [-80.94426300002861, 28.58012899993372], [-80.94437699983142, 28.580245000151983], [-80.94441100016662, 28.580284000284998], [-80.94441799983932, 28.580313000111605], [-80.94442899970997, 28.580391999789093], [-80.9444310002581, 28.580430000391665], [-80.94443299990792, 28.580528999738146], [-80.94442000038745, 28.580591000301336], [-80.94439799974782, 28.580645999777907], [-80.94434400021947, 28.580750000229934], [-80.94433199962559, 28.58077199967523], [-80.94428899996788, 28.580825000112828], [-80.94423799991425, 28.580880000255878], [-80.94421100015008, 28.58090299993429], [-80.94416000009646, 28.58094000009229], [-80.94412900013431, 28.58096599974784], [-80.94406899985987, 28.581026000324048], [-80.94405399979124, 28.581035999759386], [-80.94393499996556, 28.581151999766067], [-80.9438400004293, 28.581288000046214], [-80.94382799983543, 28.581328000048714], [-80.94382399963747, 28.581368000036008], [-80.94382199998766, 28.58141500021862], [-80.94382199998766, 28.58152600011326], [-80.94382700001051, 28.581599999977957], [-80.94384100025422, 28.581648000310057], [-80.94385799997268, 28.581730999994505], [-80.94391200039934, 28.58189500024283], [-80.94394599983622, 28.58195299978843], [-80.94407600043087, 28.582157000166607], [-80.94422100019584, 28.582367000049782], [-80.94430800023446, 28.582481999920798], [-80.94434099984642, 28.582507999983978], [-80.94439199990005, 28.582541000176242], [-80.94443899975572, 28.582570999624878], [-80.94449099963425, 28.582596999666073], [-80.94458000022102, 28.582619999757764], [-80.94463200009956, 28.582629999830395], [-80.94474799955219, 28.58263400001693], [-80.94498299972884, 28.58263999990206], [-80.9451690004, 28.58262800013147], [-80.94527300015706, 28.58262900037536], [-80.94542200011998, 28.58261900030265], [-80.94561000044096, 28.582621000001726], [-80.94567300019014, 28.582621000001726], [-80.94569699958129, 28.582623999944705], [-80.9457340002895, 28.582631000074247], [-80.94577399957417, 28.582647000030544], [-80.94580999955917, 28.58265899979896], [-80.94582399980287, 28.582664999682663], [-80.94584499971927, 28.58267899993579], [-80.9458530001152, 28.58269000024609], [-80.94585999978788, 28.58270600019342], [-80.94586499981077, 28.58272300038124], [-80.94586599963567, 28.582733999898107], [-80.9458670003589, 28.58277199965451], [-80.94586499981077, 28.58281700030309], [-80.94584999974215, 28.582847999914854], [-80.94582800000084, 28.582881000000416], [-80.94576699990148, 28.582948000381368], [-80.94565899994645, 28.583072000196672], [-80.94555400036445, 28.58317999999306], [-80.94537000024144, 28.583376000041405], [-80.94528900005058, 28.58344000018739], [-80.94523100032426, 28.583483000078672], [-80.94513000004193, 28.583544999689156], [-80.9450229999118, 28.58360199966782], [-80.94489800023834, 28.583686999855374], [-80.94479600013109, 28.583767000386754], [-80.94473599985663, 28.58382800038622], [-80.94471999996311, 28.58387800016541], [-80.94471999996311, 28.583906999789757], [-80.94472699963579, 28.58394700037379], [-80.94473599985663, 28.58396700026572], [-80.94475599994813, 28.584005999807314], [-80.94481500039765, 28.584062000094686], [-80.94484899983453, 28.58408099973462], [-80.9448820003448, 28.584096000029213], [-80.94493199967522, 28.58411700012246], [-80.94502200008691, 28.58413899965227], [-80.94509099968387, 28.584159999736933], [-80.9454229999449, 28.584259000305128], [-80.9454730001736, 28.584273000346098], [-80.94567200036524, 28.58432599980807], [-80.9458039997114, 28.584363000339433], [-80.94598199998663, 28.584404000188226], [-80.94614400036835, 28.58445200002926], [-80.94627800026264, 28.584508000079122], [-80.94635100005758, 28.58454899987134], [-80.94643300007334, 28.58461000020596], [-80.94652799960959, 28.584688000375397], [-80.94659999957962, 28.58476299981635], [-80.94668900016637, 28.584829000352876], [-80.94673199982408, 28.584854999835734], [-80.94679399974837, 28.584868000363617], [-80.94684800017502, 28.584871000242487], [-80.94692900036588, 28.584867000141024], [-80.94700800000861, 28.584857999714973], [-80.94709000002437, 28.584856000058437], [-80.94712299963632, 28.584857000281133], [-80.94714500027595, 28.584868000363617], [-80.94716100016949, 28.584892000180957], [-80.94716199999439, 28.58491199989316], [-80.94715899962134, 28.5849399997993], [-80.94714600010086, 28.584968999919617], [-80.94697000037377, 28.585129999979806], [-80.94686200041873, 28.585203000244334], [-80.94679100027363, 28.585254000377482], [-80.94675500028862, 28.585289000145185], [-80.94668999999129, 28.58535999986354], [-80.94661999967109, 28.585443999990613], [-80.94653900037855, 28.585537999846625], [-80.94648900014984, 28.585621999831513], [-80.94641499963168, 28.585785000108395], [-80.94637699999684, 28.58590499967167], [-80.94634199983675, 28.58600000011622], [-80.9463240002934, 28.586075999621244], [-80.94632299957017, 28.58613200038388], [-80.94632599994321, 28.586180999646224], [-80.94633199979098, 28.586222999784628], [-80.94634400038488, 28.586267000324835], [-80.94636600012619, 28.58631200026658], [-80.9464160003549, 28.586389999962346], [-80.94646200038565, 28.586483000343083], [-80.94649599982253, 28.586574999646473], [-80.94653199980755, 28.586662999624988], [-80.94656899961745, 28.58678799999674], [-80.94660499960247, 28.586917000243503], [-80.94664899998341, 28.58702299963076], [-80.9466780002957, 28.587085999721964], [-80.94670500005991, 28.587128000287617], [-80.94674600006778, 28.587159000206103], [-80.9467750003801, 28.58716600003377], [-80.94680899981697, 28.587167999646372], [-80.9468530001979, 28.58716600003377], [-80.94692799964267, 28.587140999745664], [-80.9469660001758, 28.5871259998855], [-80.94698700009221, 28.58712099966868], [-80.94700600035877, 28.587117999853994], [-80.94703899997074, 28.587111000023132], [-80.94710300044316, 28.587111000023132], [-80.94713000020734, 28.587116000240435], [-80.9471489995756, 28.5871259998855], [-80.94716700001726, 28.587147000162442], [-80.94717299986505, 28.587170000047767], [-80.94717200004014, 28.587234999662222], [-80.94716700001726, 28.58729600001627], [-80.94714399955272, 28.58734599972406], [-80.94709400022234, 28.587423000032064], [-80.9470499998414, 28.58748300007932], [-80.94700700018369, 28.58751699969652], [-80.94694600008434, 28.587555000090866], [-80.94685999987061, 28.587587000080166], [-80.94678799990058, 28.587604999675428], [-80.94671099990768, 28.58761200026222], [-80.94664399996054, 28.587615000062808], [-80.94654500022634, 28.58761399986635], [-80.94646400003548, 28.58760599987198], [-80.94637600017192, 28.587580999688488], [-80.94632299957017, 28.587549999894442], [-80.94628099973738, 28.587497999888612], [-80.94623100040698, 28.58742700003629], [-80.94617799980522, 28.58734599972406], [-80.94610800038333, 28.587258000317114], [-80.94595500022244, 28.587046999745066], [-80.94592599991014, 28.5869809998119], [-80.94589099975005, 28.586814999988096], [-80.94588499990225, 28.586739999644415], [-80.94586800018382, 28.586639000211846], [-80.94586399998585, 28.58661799983339], [-80.94585700031317, 28.586574999646473], [-80.94581200010732, 28.586491999841225], [-80.94577399957417, 28.58645799989259], [-80.94571800039598, 28.586437999685685], [-80.94564800007578, 28.586434999851523], [-80.94560399969485, 28.58643899989333], [-80.94554900034159, 28.58644999981027], [-80.94543999966332, 28.58650299975267], [-80.94539299980767, 28.586539000100142], [-80.9453600001957, 28.586586999755408], [-80.94532199966255, 28.58668399999441], [-80.94530499994413, 28.58678299976384], [-80.9452980002714, 28.586875000382314], [-80.94530300029429, 28.586991000258617], [-80.94530800031716, 28.587068000037785], [-80.94532099983763, 28.587136000318374], [-80.945345999952, 28.587199000341865], [-80.94537799973905, 28.58727899977893], [-80.94540399967833, 28.587328000084383], [-80.9454589999299, 28.58742099963549], [-80.94551300035658, 28.58751699969652], [-80.94554299959549, 28.58757699969014], [-80.9455640004102, 28.587640000238196], [-80.94557199990781, 28.587678999995152], [-80.94558000030374, 28.587794999773173], [-80.94557500028085, 28.587867000359825], [-80.94556000021224, 28.587940999706323], [-80.94555099999141, 28.587959000029795], [-80.94552699970197, 28.58799399968591], [-80.94550699961049, 28.5880199999638], [-80.94548300021934, 28.58804699963879], [-80.94542700014286, 28.588100999756776], [-80.94540899970119, 28.588117999861254], [-80.94536299967044, 28.58816299979963], [-80.94532800040865, 28.588207999718804], [-80.94526700030927, 28.588293000127027], [-80.94520700003483, 28.58836999974149], [-80.94515000013341, 28.588449999865137], [-80.94510199955452, 28.58853100011565], [-80.94508200036135, 28.588587999757888], [-80.94507399996543, 28.588642999784696], [-80.94507399996543, 28.58868400033097], [-80.94507499979035, 28.588702999924546], [-80.94507800016339, 28.58875900007676], [-80.94508300018626, 28.588794999651803], [-80.945085999661, 28.58883399976905], [-80.945085999661, 28.588871000291725], [-80.9450849998361, 28.588889999851496], [-80.94507399996543, 28.588923999802496], [-80.94506599956951, 28.588934000064413], [-80.94505300004904, 28.58894400032532], [-80.94503799998041, 28.588949999850396], [-80.94500600019336, 28.588957999742508], [-80.94496099998753, 28.588957999742508], [-80.94490699956086, 28.588953999796523], [-80.94486800010111, 28.588941999957676], [-80.94480000032905, 28.588915999907805], [-80.94478000023756, 28.588905999644236], [-80.94469999987162, 28.588867999738156], [-80.94466200023679, 28.588851999939703], [-80.94465200019104, 28.588847999989685], [-80.94463100027464, 28.588845000224282], [-80.94457600002306, 28.588834999953896], [-80.94449099963425, 28.5888270000525], [-80.94444200012876, 28.588825999867566], [-80.94441199999152, 28.5888270000525], [-80.94438000020449, 28.588832000188127], [-80.94435199971707, 28.58883899990441], [-80.94433800037169, 28.588844000039526], [-80.94431999993002, 28.58885899965466], [-80.9443040000365, 28.58887500024085], [-80.94429200034094, 28.58889100003582], [-80.94427999974705, 28.588906999828396], [-80.94425899983065, 28.588961999688326], [-80.94425700018083, 28.588977000075356], [-80.94425499963269, 28.588999000165884], [-80.94425499963269, 28.5890240000122], [-80.94425600035594, 28.589055000160446], [-80.94428200029517, 28.58912999964165], [-80.94429599964057, 28.589163000122056], [-80.94432099975494, 28.589200999921502], [-80.9443530004403, 28.589267000038653], [-80.94440799979357, 28.589352999770632], [-80.9444580000223, 28.589425000079125], [-80.9445299999923, 28.58950500018879], [-80.94458199987083, 28.58955599981282], [-80.94463299992447, 28.589608000378387], [-80.94468599962792, 28.58967499962816], [-80.94472900018394, 28.589736000144082], [-80.94473099983375, 28.58975500033639], [-80.94473400020681, 28.589827999756174], [-80.94473099983375, 28.589871000190286], [-80.94471699959006, 28.58991799972746], [-80.94470400006958, 28.589979000102435], [-80.94467499975727, 28.590048000251137], [-80.94463799994735, 28.590120000083655], [-80.94461899968077, 28.59015800032601], [-80.94458500024389, 28.590227000357224], [-80.94451200044897, 28.59030900019828], [-80.94445999967212, 28.590353999987663], [-80.94440600014374, 28.590382000022185], [-80.94422200002073, 28.59043900023841], [-80.94418299966269, 28.59043999961925], [-80.94415099987562, 28.590434000179204], [-80.94413400015718, 28.590430999670254], [-80.94411400006571, 28.590427999950016], [-80.94407300005781, 28.590427999950016], [-80.94394900020926, 28.590458999684284], [-80.94390900002628, 28.59047700036544], [-80.94388499973685, 28.590499000142085], [-80.94386200017063, 28.590534999910098], [-80.94384100025422, 28.590583000107443], [-80.94381600013988, 28.590731999824428], [-80.94380299972109, 28.590897999774043], [-80.9438040004443, 28.591003999880275], [-80.94382799983543, 28.59108099987558], [-80.94385899979757, 28.591147999764118], [-80.94388499973685, 28.59118500026113], [-80.9439450000113, 28.591239000344917], [-80.94403200004994, 28.591304999971424], [-80.94409099960116, 28.591341000252218], [-80.94418500021082, 28.591351000284163], [-80.9442899997928, 28.59134600026828], [-80.94455400028176, 28.59129999995335], [-80.94461700003095, 28.591301000114736], [-80.94464600034325, 28.59131100015055], [-80.94466200023679, 28.591320000024204], [-80.944684999803, 28.591356000299808], [-80.94471800031329, 28.59144699991177], [-80.94476400034405, 28.591605999989508], [-80.94478899956009, 28.591669999858645], [-80.94484200016186, 28.59176599998373], [-80.9448749997738, 28.591843000209685], [-80.94494799956874, 28.5919750002404], [-80.94498899957661, 28.592069999932807], [-80.94501200004117, 28.59212300019722], [-80.94507599961526, 28.592279999737155], [-80.94507300014051, 28.592357999737896], [-80.9450720003156, 28.592377999607407], [-80.94506200026987, 28.59241200000791], [-80.94504200017838, 28.592445999608593], [-80.94497799970597, 28.59254599962325], [-80.94493500004826, 28.592603000243685], [-80.94482999956796, 28.59276700009898], [-80.94477299966654, 28.592849999682937], [-80.9447259998109, 28.592915999875544], [-80.94465700021392, 28.592988000110132], [-80.94462399970362, 28.593016000231806], [-80.9445919999166, 28.593031000040448], [-80.94452400014453, 28.593033999686412], [-80.94446300004516, 28.593027000249442], [-80.94440199994578, 28.592993000047855], [-80.9443819998543, 28.59297599994297], [-80.94429999983853, 28.592883999930773], [-80.94421899964767, 28.59277099989988], [-80.94411800026367, 28.592657000387785], [-80.94409499979913, 28.592634000125297], [-80.94405600033937, 28.592614000304476], [-80.94396500010279, 28.592603000243685], [-80.9439170004222, 28.59261099985781], [-80.94386800001841, 28.59262099976895], [-80.94383600023136, 28.5926359996339], [-80.94380500026921, 28.59266399984941], [-80.94377400030707, 28.592705999764245], [-80.94371999988039, 28.59284700003173], [-80.94366600035204, 28.59294199972493], [-80.94356800044275, 28.59308600010911], [-80.94350499979525, 28.593169000229956], [-80.94349200027477, 28.593186000303632], [-80.943410000259, 28.59329500010762], [-80.94334499996168, 28.593425999751446], [-80.94333800028897, 28.593454999897343], [-80.94333499991593, 28.593555999880785], [-80.94334400013678, 28.59366799971772], [-80.94338699979447, 28.59378299984863], [-80.9434179997566, 28.593838000312584], [-80.9434589997645, 28.59389199982227], [-80.94350399997033, 28.59392599973308], [-80.94367600039779, 28.59408500000497], [-80.94378500017773, 28.594147999808065], [-80.94392599974472, 28.594211999707035], [-80.94415400024866, 28.594306999744088], [-80.94430700040955, 28.59436599967407], [-80.94462399970362, 28.59449600021845], [-80.94477299966654, 28.59456200016628], [-80.94515799963102, 28.594745000199342], [-80.9454730001736, 28.59493399988608], [-80.94552400022722, 28.594961000151585], [-80.94554299959549, 28.594975000344967], [-80.94580999955917, 28.595181000157915], [-80.94595400039755, 28.595305999866778], [-80.94601100029894, 28.595366000147425], [-80.94617199995744, 28.59554200029996], [-80.94620100026975, 28.59556800028851], [-80.94634400038488, 28.59570299994383], [-80.9464160003549, 28.595741999864543], [-80.94647699955594, 28.59576299999789], [-80.94656299976968, 28.595774999846824], [-80.94660799997553, 28.595775999965642], [-80.946888000358, 28.595768999922498], [-80.94690099987848, 28.595766999684788], [-80.94704700036667, 28.59574899990943], [-80.94716600019235, 28.595726000323538], [-80.9473029995614, 28.595694999776306], [-80.94745300024753, 28.59565900019788], [-80.9477040003177, 28.595595999722978], [-80.94780200022699, 28.59559099990902], [-80.94786199960312, 28.5955969998435], [-80.94788500006767, 28.595606000138893], [-80.94793100009841, 28.595639000163885], [-80.94794799981686, 28.59567300029835], [-80.9479579998626, 28.595699000254488], [-80.94796100023565, 28.595727999773334], [-80.94796200006056, 28.59575200026658], [-80.94796000041073, 28.595799000329386], [-80.94795600021277, 28.59584600037112], [-80.94792600007555, 28.595919000293627], [-80.9478800000448, 28.595993999610155], [-80.94782300014339, 28.596055999730357], [-80.94770500014262, 28.596170000288538], [-80.94769599992178, 28.596177999631212], [-80.94768900024908, 28.59618499964704], [-80.94760700023332, 28.596267000361642], [-80.94754000028617, 28.596371000348718], [-80.94751199979876, 28.596441000357938], [-80.94749099988236, 28.596490999659967], [-80.94744300020179, 28.59657900001425], [-80.947401000369, 28.59665100010585], [-80.94736799985873, 28.596689000353436], [-80.94732900039897, 28.596725999688797], [-80.94720300000228, 28.59677599964392], [-80.94714100007799, 28.596781000190255], [-80.94709199967419, 28.596778999971743], [-80.94706400008509, 28.59677599964392], [-80.94697899969628, 28.59673999964706], [-80.94692799964267, 28.59671000029758], [-80.94681200019004, 28.596648999884923], [-80.94674299969473, 28.596603999635352], [-80.9466990002121, 28.59658499989228], [-80.94657500036357, 28.596586000003374], [-80.9464869996017, 28.596641999899933], [-80.94642499967742, 28.596698999876672], [-80.9464089997839, 28.596710999618754], [-80.946367999776, 28.59677199999542], [-80.94635799973027, 28.596806999872317], [-80.94635400043062, 28.596848000389368], [-80.94635899955517, 28.596893999853858], [-80.94637000032415, 28.596938999979272], [-80.9464089997839, 28.597006000077663], [-80.94647099970817, 28.597090000364336], [-80.94650599986826, 28.597136999828763], [-80.94657299981542, 28.59719599974766], [-80.9466129999984, 28.597223000220847], [-80.94672199977833, 28.597295999975685], [-80.94681700021289, 28.59735300038643], [-80.94687900013719, 28.597384999759402], [-80.94694000023655, 28.597414000390476], [-80.94703899997074, 28.597461999812847], [-80.94708800037455, 28.597480000083532], [-80.94716899966707, 28.59748700001265], [-80.94729199969075, 28.597483000391207], [-80.94743399998094, 28.597470999948552], [-80.94755899965443, 28.597465000121044], [-80.9476840002262, 28.597465000121044], [-80.94782700034135, 28.597467000326503], [-80.9479229997025, 28.597475999673087], [-80.94804099970327, 28.59749299983891], [-80.94811100002346, 28.59751200020658], [-80.94818899984126, 28.597542000115876], [-80.94847099987359, 28.597718999879778], [-80.94872299976866, 28.597869999932943], [-80.9487460002332, 28.597882999640067], [-80.94881999985304, 28.597937000226544], [-80.9488449999674, 28.59797700020487], [-80.94884800034045, 28.5980180002655], [-80.9488449999674, 28.598064000006634], [-80.94883999994452, 28.5981060001299], [-80.9488180002032, 28.59816699969696], [-80.94878700024107, 28.598240000373526], [-80.94874700005809, 28.598295000082672], [-80.94873899966218, 28.598301999957513], [-80.94870600005022, 28.598321000178927], [-80.9486680004154, 28.5983360000192], [-80.94862599968428, 28.59834899966874], [-80.94857499963065, 28.598371000163976], [-80.94854200001869, 28.598397000241416], [-80.94850600003369, 28.598430000178812], [-80.94847699972136, 28.598472000155876], [-80.94845499998004, 28.59849900030123], [-80.94844499993431, 28.598510999837785], [-80.94841099959912, 28.598584000275448], [-80.94840300010152, 28.59862600019091], [-80.94840300010152, 28.598673999848415], [-80.94842099964488, 28.598726999937742], [-80.94845300033022, 28.59875800037939], [-80.9484790002695, 28.598775999639372], [-80.9485079996835, 28.598794999775027], [-80.9485289995999, 28.598808000156478], [-80.94857499963065, 28.5988270002864], [-80.94861700036176, 28.598831999946427], [-80.94864300030103, 28.598831999946427], [-80.94867699973791, 28.598831999946427], [-80.94869600000449, 28.598830999856695], [-80.94871299972291, 28.598828999677202], [-80.94875299990589, 28.598822999927282], [-80.9487670001496, 28.59881900035668], [-80.94881999985304, 28.59880399979663], [-80.94884900016537, 28.598790000113304], [-80.94886599988381, 28.598781000090497], [-80.94889000017324, 28.598768999796043], [-80.94890400041695, 28.59876199995226], [-80.94891600011252, 28.59875600019851], [-80.94893100018112, 28.598748000263324], [-80.94895499957225, 28.598733999783807], [-80.94898399988456, 28.598715999727887], [-80.94900499980096, 28.598703000123813], [-80.94901700039486, 28.598694000093612], [-80.94905000000682, 28.598668000089578], [-80.949076999771, 28.598646999748006], [-80.94911000028125, 28.598619000337596], [-80.94912399962666, 28.598608000116503], [-80.94913700004544, 28.59859699989428], [-80.94915899978676, 28.598578999814897], [-80.94919300012195, 28.59855299978248], [-80.94923300030493, 28.598523000161702], [-80.94924400017555, 28.598516000301565], [-80.94927500013772, 28.59849800020833], [-80.94929100003122, 28.598489000160587], [-80.94931000029781, 28.598481000205084], [-80.94934499955959, 28.598466000385514], [-80.94939200031358, 28.598456000241725], [-80.94945400023785, 28.598456000241725], [-80.94948699984982, 28.59846099991934], [-80.9495200003601, 28.598479000018923], [-80.94953799990343, 28.598506000162548], [-80.94954700012427, 28.598545999924294], [-80.94954700012427, 28.598579999907024], [-80.94954399975121, 28.598636000318518], [-80.94953299988057, 28.598688000335923], [-80.94950100009352, 28.598778999910063], [-80.94946000008562, 28.598849999982466], [-80.94941900007775, 28.59892699975124], [-80.94939700033645, 28.598969000318355], [-80.94935299995551, 28.599044999912234], [-80.9493150003207, 28.59912699997286], [-80.94931199994762, 28.599177999660885], [-80.94931299977254, 28.59920699979719], [-80.94931799979541, 28.599234999839616], [-80.94932799984116, 28.599275000112627], [-80.94934700010772, 28.599339000044576], [-80.94936499965108, 28.59937800019354], [-80.9494009996361, 28.599443000146625], [-80.94948100000202, 28.599533999855772], [-80.94950100009352, 28.599559000351427], [-80.94950799976623, 28.599569000390243], [-80.9495270000328, 28.599609999829788], [-80.94953000040583, 28.59965699974466], [-80.94952899968261, 28.59969399961257], [-80.94951699998704, 28.599732000337276], [-80.9494990004437, 28.59977199963246], [-80.94945599988766, 28.59980100039358], [-80.94939200031358, 28.59981399986184], [-80.9493239996432, 28.59982399987642], [-80.94930000025207, 28.599824999956702], [-80.94928600000836, 28.59982700011724], [-80.94925800041928, 28.59982900027774], [-80.94924300035066, 28.599830999649473], [-80.94918399990112, 28.599838000210728], [-80.94915799996184, 28.599851999754513], [-80.94906099987747, 28.59994399997725], [-80.94905300037988, 28.59997099974449], [-80.94905199965663, 28.60000600013342], [-80.9490559998546, 28.60003199980642], [-80.94906099987747, 28.60004399995664], [-80.94907400029625, 28.600072999853985], [-80.94908900036486, 28.600097000143712], [-80.9491050002584, 28.600116000040586], [-80.94912000032701, 28.600134999934035], [-80.94914100024342, 28.600167000037313], [-80.94919899996972, 28.60025499967975], [-80.94925800041928, 28.60033500022277], [-80.94930399955172, 28.600369999701794], [-80.94934399973468, 28.60038099973845], [-80.94935499960533, 28.600383999963352], [-80.94942499992553, 28.600387000188142], [-80.94946199973545, 28.600386000113268], [-80.94950799976623, 28.60038099973845], [-80.94954700012427, 28.600371999851962], [-80.9495770002615, 28.600358999663925], [-80.94960499985058, 28.600343000037068], [-80.949633000338, 28.600326000332334], [-80.94965799955403, 28.60030999991174], [-80.94969500026227, 28.60028500038342], [-80.94979700036953, 28.60022799998547], [-80.94988600005799, 28.600181000325936], [-80.94992399969281, 28.600163999806266], [-80.9499720002717, 28.600142999763577], [-80.95009600012027, 28.600086000077336], [-80.95017999978585, 28.60003900035428], [-80.95023400021253, 28.599996000136166], [-80.95026099997672, 28.59997199982337], [-80.95029899961155, 28.5999290003665], [-80.95032799992387, 28.59988500002367], [-80.9503510003884, 28.599851999754513], [-80.95037099958157, 28.599828000197483], [-80.95040699956657, 28.59978499989305], [-80.95043500005399, 28.599751000300152], [-80.9504860001076, 28.59969000007511], [-80.9505279999404, 28.59965400028776], [-80.95057599962098, 28.599636999682787], [-80.95059599971248, 28.599630999978938], [-80.95066299965961, 28.599628999814673], [-80.9507179999112, 28.59963200006105], [-80.950759999744, 28.599645000338956], [-80.95081300034576, 28.599700000101546], [-80.95082000001845, 28.599730000174997], [-80.95082599986623, 28.599758000078076], [-80.95082699969115, 28.599767000017145], [-80.9508230003915, 28.59985000038316], [-80.95082400021641, 28.599877000174498], [-80.95085699982839, 28.5999429998981], [-80.95091000043013, 28.600011999815855], [-80.95091399972976, 28.60002099973317], [-80.95094499969193, 28.600036000119506], [-80.95098200040016, 28.60004099972203], [-80.9510350001036, 28.600042999878447], [-80.95109200000502, 28.600038000276033], [-80.951160999602, 28.60003199980642], [-80.95118400006652, 28.600037000197787], [-80.95120099978496, 28.60005500002742], [-80.95121400020373, 28.600083999921722], [-80.95121599985357, 28.600130000336], [-80.95121300037884, 28.600155999978266], [-80.95120499998292, 28.600236999884352], [-80.95118800026448, 28.600386000113268], [-80.95118800026448, 28.600429000171793], [-80.95120199960986, 28.60046000011131], [-80.95123000009728, 28.600474000360897], [-80.95126000023451, 28.600481000090653], [-80.95132200015878, 28.600492000115683], [-80.9514989997108, 28.600512000014902], [-80.95165799971946, 28.600516000309767], [-80.95175300015401, 28.60051400016236], [-80.95183199979672, 28.600485000386715], [-80.95188799987321, 28.60044599985994], [-80.95197699956168, 28.600334000147324], [-80.95201799956956, 28.60024699985867], [-80.95211999967681, 28.600134999934035], [-80.95222500015711, 28.6000590003397], [-80.95229899977694, 28.60005299987122], [-80.95232700026436, 28.60005500002742], [-80.9524079995569, 28.600090000388374], [-80.95249299994572, 28.600138000165924], [-80.9525490000222, 28.60020000020763], [-80.95259900025091, 28.600271000108666], [-80.95271999972644, 28.600387000188142], [-80.95280000009238, 28.600449000082932], [-80.95287999956, 28.600509999867405], [-80.95288999960576, 28.600518999742125], [-80.95296800032187, 28.600591000289274], [-80.95301600000245, 28.60063500033651], [-80.95304699996458, 28.600664000070804], [-80.95305299981237, 28.600675000076688], [-80.95306700005605, 28.600699000228914], [-80.95310100039126, 28.600755000299962], [-80.95311999975952, 28.600875000126397], [-80.95312499978239, 28.600936999733257], [-80.95309600036839, 28.601062999762952], [-80.95303000024614, 28.601197000179564], [-80.9529220002911, 28.601380999767024], [-80.95282799968146, 28.601500000391606], [-80.95277199960498, 28.601568000011977], [-80.95249999961841, 28.60180499985278], [-80.95240599990707, 28.60187099994295], [-80.95225399957111, 28.601980000204186], [-80.95209399973754, 28.60208900035236], [-80.9520200001177, 28.60213700000545], [-80.95194599959954, 28.602225999632925], [-80.95192800005618, 28.602302000026075], [-80.9519289998811, 28.602348000258118], [-80.95195900001832, 28.602401000071833], [-80.95201099989687, 28.602436999706836], [-80.95212700024781, 28.602491000319255], [-80.95220000004275, 28.602502000133885], [-80.95222000013423, 28.602506999619074], [-80.95227799986056, 28.602518000220726], [-80.95237699959476, 28.602548000278375], [-80.95239000001355, 28.602550000387083], [-80.95244400044022, 28.602627999864417], [-80.9524710002044, 28.60268599980227], [-80.95247500040236, 28.60274499976061], [-80.95246299980849, 28.602832999610097], [-80.95242000015078, 28.60299700006512], [-80.95234099960975, 28.603169999911803], [-80.95219300037006, 28.603463000287935], [-80.9520560001027, 28.603685999978243], [-80.95191899983536, 28.603874000106348], [-80.95189799991896, 28.603961999798983], [-80.9519270002313, 28.604099999831792], [-80.9519430001248, 28.604142999947886], [-80.9519499997975, 28.60415499962866], [-80.95199699965316, 28.604196999683566], [-80.95207299982114, 28.604233000280598], [-80.95214099959321, 28.604242999874632], [-80.95222199978406, 28.604243999912867], [-80.95228200005852, 28.604238999721634], [-80.9523719995719, 28.604217999704705], [-80.95245399958765, 28.604182999930018], [-80.95256499991575, 28.60417200029131], [-80.95265299977929, 28.60417499961931], [-80.95282799968146, 28.604199999799466], [-80.95291100042047, 28.604232000242263], [-80.95298199966726, 28.604274000266347], [-80.95305500036051, 28.60432499982239], [-80.95315200044487, 28.60440300034814], [-80.95336300033208, 28.604594000086664], [-80.9536810003494, 28.604866999791405], [-80.95370800011358, 28.604887999678677], [-80.95383399961196, 28.6049340003559], [-80.95397199970422, 28.604961999660993], [-80.95409499972786, 28.604954000198273], [-80.95420000020816, 28.604889999742795], [-80.95429899994235, 28.60479299974218], [-80.95442899963871, 28.604594000086664], [-80.95452200042344, 28.604441000158612], [-80.95466999966312, 28.604194999606207], [-80.95467899988397, 28.604180999852403], [-80.95479600005983, 28.604018999748764], [-80.95491300023568, 28.60385700018409], [-80.95496099991628, 28.603799000103926], [-80.95498100000775, 28.603775999913715], [-80.95509800018361, 28.603638000244047], [-80.95522200003218, 28.603558999894346], [-80.95524399977349, 28.603552000369632], [-80.95532499996435, 28.60353999983131], [-80.95538600006371, 28.603538999786444], [-80.95545100036104, 28.60354700014552], [-80.9554630000566, 28.60355000028005], [-80.95563499958573, 28.603624999671446], [-80.95576099998243, 28.603691000195784], [-80.9559219996409, 28.603775999913715], [-80.95596099999898, 28.603799000103926], [-80.95621700009201, 28.60389300010893], [-80.95623200016063, 28.60389900035813], [-80.95635500018427, 28.60389900035813], [-80.95641899975838, 28.60388899994261], [-80.95649900012432, 28.603822000289163], [-80.95656299969842, 28.60367899967334], [-80.95659500038379, 28.603584000221087], [-80.95662700017084, 28.60341899984756], [-80.95662799999575, 28.6032979997244], [-80.95662399979778, 28.603251999908245], [-80.95661200010223, 28.603114000339072], [-80.95648700042874, 28.6027469998655], [-80.9564689999871, 28.60269600033223], [-80.95638799979623, 28.602471000008066], [-80.95633500009279, 28.602255999773956], [-80.9563560000092, 28.60214499968264], [-80.95642499960616, 28.602050999691265], [-80.95654000013221, 28.60197900014441], [-80.9566460004374, 28.60195400022445], [-80.95676899956275, 28.601932999750822], [-80.95695100003593, 28.601905999699063], [-80.95710500002173, 28.601901000185272], [-80.95733500017549, 28.60192099981632], [-80.95744300013054, 28.60193399981104], [-80.95753199981898, 28.601944999683976], [-80.95766400006346, 28.601980000204186], [-80.95802499973848, 28.60208299999979], [-80.95818600029527, 28.60213700000545], [-80.95839700018249, 28.602211000347907], [-80.9586459997045, 28.602294000360892], [-80.95889000010199, 28.602365999691912], [-80.95905199958537, 28.60241600011843], [-80.9592640001958, 28.60249899996949], [-80.95927500006644, 28.602501000079137], [-80.95949500017448, 28.602621000277736], [-80.95950900041817, 28.602625999757187], [-80.9597029996886, 28.60272500028639], [-80.95981800021467, 28.602805999789577], [-80.95996100032978, 28.602923000276206], [-80.9600319995766, 28.603003000365426], [-80.9601300003842, 28.60316000021558], [-80.96016499964598, 28.603238000028796], [-80.9601880001105, 28.603307000148988], [-80.96020499982895, 28.60338399980666], [-80.96025800043071, 28.603630999935902], [-80.9602709999512, 28.603820000204667], [-80.9602850001949, 28.604171000252403], [-80.96028799966963, 28.604199999799466], [-80.960320000355, 28.604503000027425], [-80.96034000044648, 28.6047140002609], [-80.9603839999291, 28.604915999784662], [-80.96039099960178, 28.60495000007241], [-80.9604190000892, 28.604999000026957], [-80.9604819998384, 28.60506200038555], [-80.96053500044016, 28.60510200001781], [-80.96057600044803, 28.6051310000966], [-80.96069799974846, 28.6052019998205], [-80.96082300032025, 28.605267000114413], [-80.96091700003157, 28.60530899972482], [-80.96099599967428, 28.605339999802013], [-80.96107000019245, 28.605370999870047], [-80.96113100029181, 28.605396999792887], [-80.96119700041405, 28.605417000335862], [-80.96129399960012, 28.605447000354417], [-80.96134700020188, 28.60545699983292], [-80.96148399957092, 28.605484999787308], [-80.96167199989189, 28.60550200023483], [-80.9617770003722, 28.60550200023483], [-80.96197700038873, 28.605492999998223], [-80.9621580001387, 28.605473000258453], [-80.96229000038316, 28.605451999699483], [-80.96230799992654, 28.605446000327632], [-80.96245500023963, 28.605400999901807], [-80.96275200034054, 28.605307999696738], [-80.96292800006763, 28.60525199968615], [-80.96312300006129, 28.60519100028853], [-80.96329899978839, 28.605173999790747], [-80.96352999976708, 28.60515199993105], [-80.96369700017166, 28.605135000215643], [-80.9640319999074, 28.605096999867477], [-80.96411700029623, 28.605064999688143], [-80.96427499958165, 28.60496499975505], [-80.96459599997202, 28.604789999643202], [-80.9647700000493, 28.604687000135108], [-80.96488999969989, 28.604606999750683], [-80.96497900028668, 28.604512000348784], [-80.96503600018809, 28.604447000376517], [-80.96508499969356, 28.604413999962595], [-80.96511900002875, 28.604400000237963], [-80.96519199982367, 28.604384999685976], [-80.96524399970222, 28.60438399964909], [-80.96534800035761, 28.604391999943832], [-80.9654310001983, 28.604409999816173], [-80.96553300030554, 28.604449999696655], [-80.96570300018486, 28.604525000023006], [-80.96581399961462, 28.604593000051775], [-80.96587999973686, 28.604651999727974], [-80.96591800027001, 28.604689000203038], [-80.96592400011778, 28.604699999787627], [-80.9659740003465, 28.60476699966988], [-80.96600899960829, 28.604821999906246], [-80.96607599955544, 28.604935000387556], [-80.96613800037802, 28.60502199994944], [-80.96622299986853, 28.60508600032453], [-80.9663059997092, 28.605106000137962], [-80.9663750002045, 28.605109000227955], [-80.96650800027389, 28.605098999927673], [-80.96657400039614, 28.605077000052276], [-80.9666649997344, 28.605043999836287], [-80.96689599971309, 28.605012999671768], [-80.96696100001041, 28.605011999640862], [-80.96702899978249, 28.60501499973349], [-80.96714299958529, 28.60504199977506], [-80.96719100016418, 28.605064999688143], [-80.96726899998198, 28.605105000107933], [-80.9673119996397, 28.60513800030476], [-80.96733500010423, 28.60515399999019], [-80.96735600002063, 28.605167000373612], [-80.96738299978482, 28.605183000054616], [-80.96741600029507, 28.6051940003761], [-80.96747400002141, 28.6052019998205], [-80.96753299957263, 28.605206999965883], [-80.96759700004505, 28.6052019998205], [-80.9676360004031, 28.60519100028853], [-80.96768300025879, 28.605165000314713], [-80.96778899966567, 28.60508000014311], [-80.96781499960494, 28.605042999805676], [-80.96782899984863, 28.605008000305823], [-80.96783100039679, 28.60499099977837], [-80.96783100039679, 28.604901000095], [-80.96782499965069, 28.604783000200484], [-80.967817999978, 28.60471999967453], [-80.96776600009945, 28.604593000051775], [-80.96776699992436, 28.604519999845156], [-80.96777199994725, 28.604486000206997], [-80.96780499955919, 28.60439900020123], [-80.96785300013809, 28.604335000196425], [-80.96792199973507, 28.604272000190463], [-80.96795500024534, 28.60425200021827], [-80.96801999964434, 28.60422499997369], [-80.96814000019326, 28.604199999799466], [-80.9682489999732, 28.604194999606207], [-80.96834500023267, 28.60420299991535], [-80.96852599998265, 28.604253000256403], [-80.96870199970974, 28.604327999934686], [-80.96892799966555, 28.60451699973833], [-80.96927800036823, 28.60484799996495], [-80.96939100034615, 28.604979000193094], [-80.969464999966, 28.60507900011284], [-80.96952600006536, 28.6051940003761], [-80.96953500028619, 28.605300000260353], [-80.96953399956297, 28.605325000172847], [-80.96953299973805, 28.605461999966167], [-80.96952600006536, 28.60554799985454], [-80.96946300031617, 28.605866999715207], [-80.96947900020969, 28.60602400001783], [-80.969536999936, 28.60632000037718], [-80.96957499957084, 28.606564999881268], [-80.96958899981453, 28.60684100002565], [-80.96958600033982, 28.606943999788076], [-80.96939700019392, 28.607309999788264], [-80.96932799969863, 28.607430000014954], [-80.96932299967575, 28.607452000186232], [-80.96922599959139, 28.607668000046008], [-80.96919100032959, 28.607757999725024], [-80.9691839997586, 28.60787700022502], [-80.9692209995685, 28.608006999828564], [-80.96923099961425, 28.608042999908665], [-80.96927599982011, 28.608142000065527], [-80.96928500004093, 28.608160000083995], [-80.9692900000638, 28.608169000092083], [-80.96929500008667, 28.608177000098603], [-80.96930199975937, 28.608188000106612], [-80.96930799960714, 28.608197000112334], [-80.96931699982798, 28.608210000119154], [-80.96948500005746, 28.608379000061884], [-80.96958600033982, 28.60840600002758], [-80.96967500002827, 28.608429999991237], [-80.96975299984607, 28.60844999995675], [-80.96979300002904, 28.60845399994941], [-80.97004800029718, 28.608476999904184], [-80.9702540001615, 28.60850499984229], [-80.97064900017169, 28.608580999636757], [-80.97076600034757, 28.608811000257045], [-80.97083999996741, 28.608975000055768], [-80.97085599986094, 28.609076000107375], [-80.97085500003602, 28.6091959998941], [-80.97078600043906, 28.609403000209543], [-80.9707129997458, 28.6098890001013], [-80.97064999999661, 28.610175000005757], [-80.97062900008022, 28.610519000265608], [-80.97063800030107, 28.610701000135325], [-80.97069699985228, 28.610855000385442], [-80.97072299979156, 28.61093100005699], [-80.97073200001239, 28.61095800015531], [-80.97081900005101, 28.61105200006388], [-80.97090899956439, 28.611113999974318], [-80.97098700028052, 28.611154999640586], [-80.9711200003499, 28.611167000097705], [-80.97116700020557, 28.61117099998691], [-80.97130699994766, 28.61117499987591], [-80.9714800002, 28.61118099970921], [-80.97164500005645, 28.611191000219183], [-80.97181599976068, 28.611210999659036], [-80.97195399985293, 28.61123999962866], [-80.97197399994442, 28.611242000360523], [-80.97212999958003, 28.61128499991918], [-80.97223800043338, 28.611344999750912], [-80.97235899990889, 28.611420999856488], [-80.97252799996329, 28.61146899997787], [-80.97257399999404, 28.611480999610475], [-80.9725990001084, 28.61148500027636], [-80.97262099984971, 28.61148600024565], [-80.97264299959103, 28.61148800018415], [-80.97273700020067, 28.61148800018415], [-80.9727680001628, 28.61148500027636], [-80.97283400028503, 28.611470999916737], [-80.97287600011785, 28.611459000282988], [-80.9729220001486, 28.611442000010882], [-80.97296800017934, 28.611419999886586], [-80.97303000010362, 28.611385000145408], [-80.97306199989067, 28.61136699989087], [-80.97310500044671, 28.611336000014887], [-80.97312299999005, 28.611317999752004], [-80.9731349996856, 28.61129099974621], [-80.97315300012727, 28.611253000047576], [-80.9731840000894, 28.611185000386467], [-80.97318599973923, 28.611163000208332], [-80.97319099976211, 28.611137000135308], [-80.97321599987646, 28.611022000068658], [-80.97328500037176, 28.610852999646262], [-80.97335499979364, 28.610739000033647], [-80.97336300018956, 28.61072199964502], [-80.97341599989299, 28.610635000071646], [-80.97344199983226, 28.610612999778386], [-80.97351299997737, 28.61053499992011], [-80.97361400025972, 28.61048100028763], [-80.97370100029836, 28.6104120001473], [-80.97379500000969, 28.610308999842044], [-80.97397499993474, 28.60997800025984], [-80.97401799959245, 28.60991599967889], [-80.97418400017212, 28.609567999860232], [-80.97424299972334, 28.6094329998785], [-80.97428600027936, 28.609343000057198], [-80.97450300001435, 28.608945000256], [-80.97462100001512, 28.608700999988923], [-80.97474499986367, 28.608512999823237], [-80.97491399991807, 28.608329000107183], [-80.97505100018543, 28.60816600008945], [-80.97512599963018, 28.60810700002075], [-80.97533200039283, 28.607953999688068], [-80.97540500018775, 28.607905000323107], [-80.9754560002414, 28.607881000239516], [-80.97558699976264, 28.60783800007603], [-80.97566100028078, 28.60782300001484], [-80.97574199957334, 28.607817999993955], [-80.97592499987145, 28.60781899999816], [-80.97610200032176, 28.6078470001117], [-80.97619100001022, 28.607871000203065], [-80.97635800041479, 28.607928999612565], [-80.97642299981382, 28.607955999693864], [-80.97660899958666, 28.608073999967857], [-80.97668399992973, 28.608129000050262], [-80.97676299957243, 28.60820200011514], [-80.9769140000835, 28.608346000094436], [-80.9770839999628, 28.608535999765085], [-80.97725600039026, 28.608679000079203], [-80.97752099980582, 28.608865999953597], [-80.97796400039492, 28.609131999656874], [-80.97817899958174, 28.609170000122795], [-80.97826999981835, 28.609173000096753], [-80.97834500016141, 28.609174000088053], [-80.9785829998128, 28.609174000088053], [-80.97864599956199, 28.609168000140116], [-80.97871500005726, 28.60915600024332], [-80.97888199956353, 28.609107999853602], [-80.97890500002806, 28.60909899992597], [-80.9790349997244, 28.609073000130657], [-80.97912699978592, 28.60906000023059], [-80.97926300022836, 28.60906000023059], [-80.97950099987973, 28.6090720001384], [-80.97969099985053, 28.60908900000547], [-80.97983200031584, 28.60911299981309], [-80.97989199969199, 28.60913799960681], [-80.97994500029375, 28.609169000131455], [-80.98000700021802, 28.60922099966813], [-80.98007099979213, 28.609263000063713], [-80.9801600003789, 28.60932800021096], [-80.98034100012887, 28.609421000011935], [-80.98047500002318, 28.609501999873327], [-80.98060200024477, 28.60958299967218], [-80.98069599995611, 28.609652000357123], [-80.98080599956096, 28.60974699984295], [-80.9808709998583, 28.609806999764487], [-80.9809200002621, 28.609866999651814], [-80.98096700011774, 28.609944000022093], [-80.98099300005703, 28.60999799993063], [-80.98101899999631, 28.610054999760177], [-80.98104199956252, 28.610152999616155], [-80.98104199956252, 28.610192999675927], [-80.98103700043795, 28.610230999758034], [-80.98100800012564, 28.610277999653835], [-80.98099100040722, 28.610301999978383], [-80.9809699995925, 28.6103199996268], [-80.98094399965322, 28.6103380000607], [-80.98091000021637, 28.610353999742784], [-80.98089299959962, 28.61036100039162], [-80.98087500005624, 28.610367000271353], [-80.98085999998764, 28.61037100019103], [-80.98082200035282, 28.61037700007019], [-80.98079999971318, 28.6103809999895], [-80.98078800001763, 28.610387999847827], [-80.98075200003261, 28.61040600027007], [-80.9807160000476, 28.610426999838744], [-80.98065800032128, 28.610466999794248], [-80.98062300016117, 28.61049499999057], [-80.98058800000108, 28.610527000093164], [-80.98056600025977, 28.610565000054436], [-80.98055100019116, 28.61063000018465], [-80.98055100019116, 28.610652999663003], [-80.98055700003894, 28.61071099990237], [-80.9805689997345, 28.610775999942245], [-80.98059899987173, 28.610945999674374], [-80.98061999978813, 28.61098100035047], [-80.98064200042774, 28.61099999985639], [-80.98066900019194, 28.61102300004234], [-80.98070900037489, 28.6110450002498], [-80.9807379997889, 28.6110579999042], [-80.98078800001763, 28.611080000104266], [-80.98083200039855, 28.611091999781323], [-80.98091100004126, 28.611113000001488], [-80.98098300001129, 28.611139000080506], [-80.98102999986693, 28.611154999640586], [-80.9810540001564, 28.61116100026359], [-80.9811040003851, 28.61117199995913], [-80.98114899969265, 28.61117899976481], [-80.98119100042375, 28.611181999681392], [-80.98123300025655, 28.611185000386467], [-80.98129099998286, 28.61118700033074], [-80.98135299990713, 28.611185000386467], [-80.98138600041743, 28.611176999820387], [-80.98141700037957, 28.61116600012537], [-80.98144800034169, 28.611155999613022], [-80.98151699993866, 28.611134000217444], [-80.98157200019025, 28.611104000245632], [-80.98160999982508, 28.611083000023672], [-80.98173299984873, 28.611019000147497], [-80.98176299998596, 28.611001999804184], [-80.98181099966654, 28.61097199979468], [-80.98187599996388, 28.610927000158636], [-80.98190199990314, 28.610900000052336], [-80.98191699997176, 28.610884999639723], [-80.98194499956084, 28.610863000187415], [-80.9819770002462, 28.610837000040128], [-80.98201099968308, 28.610821999618594], [-80.98213000040708, 28.610788999629953], [-80.98221700044573, 28.610762000276758], [-80.98230299976113, 28.610732000198702], [-80.98233899974615, 28.610716999762168], [-80.98238499977691, 28.61069700022822], [-80.98240900006634, 28.610685999694365], [-80.98243800037865, 28.610662000246123], [-80.98245500009709, 28.610644999845036], [-80.98247600001349, 28.610616999688634], [-80.98257800012075, 28.61046199989921], [-80.98262099977845, 28.61037100019103], [-80.98265799958835, 28.610301999978383], [-80.98267699985495, 28.61023699964525], [-80.98270199996931, 28.610101999734663], [-80.98275200019802, 28.609943000038122], [-80.98277499976423, 28.609897999961316], [-80.98280999992433, 28.60983600012174], [-80.98283800041175, 28.609797999896738], [-80.98288600009232, 28.60975199977198], [-80.9829339997729, 28.609717000263593], [-80.9829970004204, 28.609683999927878], [-80.98305299959857, 28.609670000116846], [-80.98312000044403, 28.60965900026404], [-80.98318300019322, 28.60965900026404], [-80.98324099991956, 28.60966300021067], [-80.98332999960802, 28.60969699975073], [-80.9834479996088, 28.609776000216765], [-80.98346000020267, 28.609796999911378], [-80.983517999929, 28.60984400000137], [-80.9835389998454, 28.609865999667104], [-80.98358300022632, 28.60991899963154], [-80.98365699984616, 28.610026000251967], [-80.98367899958747, 28.61006399960589], [-80.98373800003702, 28.610166000169546], [-80.98377599967186, 28.610303999939475], [-80.98379999996129, 28.610426999838744], [-80.98381699967973, 28.610588000335635], [-80.98383000009852, 28.610774999966196], [-80.98381199965685, 28.610963000026747], [-80.98381900022787, 28.61116100026359], [-80.98381500002992, 28.61119200019122], [-80.9838130003801, 28.611226000025013], [-80.98381599985483, 28.611241000388915], [-80.9838130003801, 28.61128499991918], [-80.9838130003801, 28.611380000294062], [-80.98381500002992, 28.611434000253002], [-80.98380900018213, 28.611522999891065], [-80.98380900018213, 28.611638000197846], [-80.98381000000704, 28.61165299971423], [-80.9838130003801, 28.61170800028864], [-80.98381699967973, 28.611768999845257], [-80.98382199970261, 28.61186399978233], [-80.98382000005279, 28.61190100008328], [-80.98383099992343, 28.61193699961752], [-80.98383400029648, 28.611948000020412], [-80.98385199983983, 28.612037000011565], [-80.98385500021288, 28.61205300022348], [-80.98386100006066, 28.61207800010619], [-80.9838700002815, 28.61208999966923], [-80.98388299980198, 28.612122000074535], [-80.9838910001979, 28.61214999982969], [-80.98394499972626, 28.61227799974198], [-80.98397499986348, 28.61234600027269], [-80.98399599977988, 28.61238500032526], [-80.98404199981063, 28.612460999678344], [-80.98409899971205, 28.612541000390724], [-80.98413399987214, 28.612592999835325], [-80.98417200040528, 28.61263700037651], [-80.98421800043604, 28.61268200006858], [-80.98425500024597, 28.61271300033592], [-80.98432600039109, 28.612765999652463], [-80.98436599967572, 28.612793000067736], [-80.98439400016314, 28.612810000121172], [-80.98444699986659, 28.612833999867256], [-80.98450299994309, 28.612850999914052], [-80.98455300017179, 28.61286200022122], [-80.98457699956293, 28.612865000089673], [-80.98461300044626, 28.612866000045823], [-80.98467600019545, 28.612867999958098], [-80.98472800007399, 28.612868999914223], [-80.9847990002191, 28.612868999914223], [-80.98487100018912, 28.612867999958098], [-80.98488799990756, 28.61286400013351], [-80.98493399993832, 28.61283899964933], [-80.98503000019777, 28.612736000146732], [-80.98508600027426, 28.612662000120192], [-80.98511800006132, 28.61262100025355], [-80.98515400004634, 28.612549000064288], [-80.98527500042016, 28.6122519999449], [-80.98528200009285, 28.612196999655406], [-80.98528600029081, 28.612166999987195], [-80.98528399974268, 28.61209400031186], [-80.98528100026793, 28.611977999751165], [-80.98525799980341, 28.61191099973608], [-80.98525799980341, 28.61189700022186], [-80.98524299973478, 28.611870000364902], [-80.985052999764, 28.611763000045546], [-80.98502199980186, 28.611689000122148], [-80.98502199980186, 28.611668999984694], [-80.98501500012917, 28.611655999617263], [-80.98501500012917, 28.61156200024921], [-80.98500699973324, 28.611547999899916], [-80.98500699973324, 28.61152099995318], [-80.98503699987047, 28.61140700027698], [-80.98512899993197, 28.611380000294062], [-80.98534499984204, 28.611358000156777], [-80.98550700022375, 28.611378000353454], [-80.98564799979074, 28.611412000127043], [-80.98580299960143, 28.6114910000919], [-80.98603799977808, 28.61162599979454], [-80.98629999971891, 28.611823000392807], [-80.98647399979617, 28.61198900014977], [-80.98659900036796, 28.612111999653187], [-80.98673499991207, 28.612253999868866], [-80.98676599987424, 28.612296999801927], [-80.98724999957291, 28.61299699973892], [-80.98824499963274, 28.6129919999643], [-80.99122999981223, 28.612978999760696], [-80.99222599969698, 28.612974999940327], [-80.99223499991781, 28.6129919999643], [-80.99224400013865, 28.61300899998559], [-80.99274700010389, 28.613033999640688], [-80.99326099993979, 28.61306000003276], [-80.99513300005867, 28.61315800023954], [-80.99537499990801, 28.6131720003743], [-80.99631200024153, 28.613124000242575], [-80.99732999986757, 28.613073000226418], [-80.99930800029168, 28.612992999919257], [-80.99978100011968, 28.612974999940327], [-81.00478200035815, 28.612874999650693], [-81.00524799961515, 28.612874999650693], [-81.0072310000621, 28.612874999650693], [-81.01032900021953, 28.612874999650693], [-81.0196289996412, 28.612874999650693], [-81.02272900034676, 28.612874999650693], [-81.02629899960895, 28.612874999650693], [-81.03028200022133, 28.612874999650693], [-81.0370109997403, 28.612939999928678], [-81.04058199972572, 28.612974999940327], [-81.04070300009955, 28.612974999940327], [-81.04106799997254, 28.612974999940327], [-81.04119000017127, 28.612974999940327], [-81.04128300005769, 28.612974999940327], [-81.0435359999431, 28.61295500004774], [-81.0505769996316, 28.612895000347148], [-81.05292400012664, 28.612874999650693], [-81.05327499975593, 28.612874999650693], [-81.05433099991511, 28.61287700035143], [-81.05468300026764, 28.61287700035143], [-81.0547650002834, 28.612875999606754], [-81.05729400035331, 28.612836999736494], [-81.06513099991002, 28.612716000208636], [-81.06774299982062, 28.61267700027896], [-81.06788299956271, 28.612675000363122], [-81.07299099993128, 28.612675000363122], [-81.08873500026321, 28.612675000363122], [-81.09398400019877, 28.612676000321066], [-81.094086000306, 28.612676000321066], [-81.0941780003675, 28.612676000321066], [-81.09518400029802, 28.612676000321066], [-81.09538500013946, 28.612676000321066], [-81.09803600040813, 28.612731000359744], [-81.09807999989074, 28.612731000359744], [-81.10618199976132, 28.612643000126287], [-81.1067020003433, 28.612635999629596], [-81.10726200020996, 28.612629999879413], [-81.10788300017597, 28.61262300017048], [-81.10834400030843, 28.612618000378074], [-81.11151799973551, 28.612583000247444], [-81.11298899999642, 28.61256600015728], [-81.1146929998858, 28.612548000105175], [-81.11513700029982, 28.612542000349965], [-81.11646899974524, 28.612528000131277], [-81.11683299979329, 28.612525000253143], [-81.11691399998416, 28.61252600021254], [-81.11710499977985, 28.612529000090596], [-81.11767800006531, 28.612537999724395], [-81.11786899986102, 28.612541000390724], [-81.11823100025926, 28.61254700014601], [-81.12107599979836, 28.612546000186818], [-81.12354100029418, 28.612545000227612], [-81.12382800034936, 28.61252400029375], [-81.12589200008888, 28.61250800015359], [-81.12784500039864, 28.61249399993031], [-81.12849399995375, 28.61248900013181], [-81.1289910000712, 28.612487000212322], [-81.13025200026982, 28.61247599986588], [-81.13777800038022, 28.61241699985207], [-81.14193500017156, 28.612367000242152], [-81.14608100009224, 28.612316999819804], [-81.15781199967456, 28.612225000179187]]]}, "properties": {"GEOID": "12095", "NAME": "Orange County", "STATE": "12", "COUNTY": "095"}}]}