{"type": "FeatureCollection", "features": [{"type": "Feature", "geometry": {"type": "Point", "coordinates": [-80.210186734902, 25.995210833425]}, "properties": {"school_code": 9385, "name": "A Change In The Game", "county": "broward", "address": "6150 PEMBROKE RD.", "city": "Miramar", "state": "FL", "zip": "33023", "grade_levels": "PK-08", "enroll_pk": 17, "enroll_k4": 30, "enroll_58": 10, "enroll_912": 0, "enroll_k8": 40, "enroll_total": 57, "non_profit": false, "religious": true, "denomination": "NON-DENOMINATIONAL", "sbd": 1}}, {"type": "Feature", "geometry": {"type": "Point", "coordinates": [-80.228003641961, 26.064213438915]}, "properties": {"school_code": 4106, "name": "A E F - Lower School", "county": "broward", "address": "4650 SW 61ST AVENUE", "city": "Fort Lauderdale", "state": "FL", "zip": "33314", "grade_levels": "PK-08", "enroll_pk": 0, "enroll_k4": 42, "enroll_58": 49, "enroll_912": 0, "enroll_k8": 91, "enroll_total": 91, "non_profit": true, "religious": false, "denomination": null, "sbd": 6}}, {"type": "Feature", "geometry": {"type": "Point", "coordinates": [-80.194097927871, 26.248475402054]}, "properties": {"school_code": 2255, "name": "Abundant Life Christian Academy", "county": "broward", "address": "1494 BANKS ROAD", "city": "Margate", "state": "FL", "zip": "33063", "grade_levels": "PK-12", "enroll_pk": 47, "enroll_k4": 211, "enroll_58": 178, "enroll_912": 77, "enroll_k8": 389, "enroll_total": 513, "non_profit": true, "religious": true, "denomination": "NON-DENOMINATIONAL", "sbd": 7}}, {"type": "Feature", "geometry": {"type": "Point", "coordinates": [-80.261756505323, 26.045224631212]}, "properties": {"school_code": 6272, "name": "Academic School 4 Arts", "county": "broward", "address": "8673 STIRLING ROAD", "city": "Cooper City", "state": "FL", "zip": "33328", "grade_levels": "KG-12", "enroll_pk": 0, "enroll_k4": 11, "enroll_58": 12, "enroll_912": 3, "enroll_k8": 23, "enroll_total": 26, "non_profit": true, "religious": false, "denomination": null, "sbd": 6}}, {"type": "Feature", "geometry": {"type": "Point", "coordinates": [-80.185586303695, 26.094005363785]}, "properties": {"school_code": 2312, "name": "Acton Academy Fort Lauderdale", "county": "broward", "address": "2250 SW 31ST AVE", "city": "Fort Lauderdale", "state": "FL", "zip": "33312", "grade_levels": "KG-12", "enroll_pk": 0, "enroll_k4": 19, "enroll_58": 22, "enroll_912": 0, "enroll_k8": 41, "enroll_total": 41, "non_profit": false, "religious": false, "denomination": null, "sbd": 3}}, {"type": "Feature", "geometry": {"type": "Point", "coordinates": [-80.15819509062, 25.975033557592]}, "properties": {"school_code": 8657, "name": "Adhere Academy", "county": "broward", "address": "905 SW 8TH AVE", "city": "Hallandale", "state": "FL", "zip": "33009", "grade_levels": "PK-02", "enroll_pk": 15, "enroll_k4": 0, "enroll_58": 0, "enroll_912": 0, "enroll_k8": 0, "enroll_total": 15, "non_profit": false, "religious": false, "denomination": null, "sbd": 1}}, {"type": "Feature", "geometry": {"type": "Point", "coordinates": [-80.24738603061, 26.208461729858]}, "properties": {"school_code": 3414, "name": "Alazhar School", "county": "broward", "address": "7201 W. MCNAB ROAD", "city": "Tamarac", "state": "FL", "zip": "33321", "grade_levels": "PK-08", "enroll_pk": 67, "enroll_k4": 237, "enroll_58": 116, "enroll_912": 0, "enroll_k8": 353, "enroll_total": 420, "non_profit": true, "religious": true, "denomination": "ISLAMIC/MUSLIM", "sbd": 4}}, {"type": "Feature", "geometry": {"type": "Point", "coordinates": [-80.293830300247, 26.169102286275]}, "properties": {"school_code": 6946, "name": "All Saints Catholic School", "county": "broward", "address": "10900 WEST OAKLAND PARK BLVD.", "city": "Sunrise", "state": "FL", "zip": "33351", "grade_levels": "PK-08", "enroll_pk": 42, "enroll_k4": 158, "enroll_58": 129, "enroll_912": 0, "enroll_k8": 287, "enroll_total": 329, "non_profit": true, "religious": true, "denomination": "CATHOLIC", "sbd": 6}}, {"type": "Feature", "geometry": {"type": "Point", "coordinates": [-80.252023058992, 26.185094563427]}, "properties": {"school_code": 6775, "name": "Amberwood Preschool Academy", "county": "broward", "address": "4939 NORTH UNIVERSITY DR", "city": "Lauderhill", "state": "FL", "zip": "33351", "grade_levels": "PK-01", "enroll_pk": 36, "enroll_k4": 23, "enroll_58": 0, "enroll_912": 0, "enroll_k8": 23, "enroll_total": 59, "non_profit": false, "religious": false, "denomination": null, "sbd": 5}}, {"type": "Feature", "geometry": {"type": "Point", "coordinates": [-80.310616098724, 26.121105932596]}, "properties": {"school_code": 1060, "name": "American Heritage School Of Plantation", "county": "broward", "address": "12200 W. BROWARD BOULEVARD", "city": "Plantation", "state": "FL", "zip": "33325", "grade_levels": "PK-12", "enroll_pk": 83, "enroll_k4": 557, "enroll_58": 879, "enroll_912": 1544, "enroll_k8": 1436, "enroll_total": 3063, "non_profit": false, "religious": false, "denomination": null, "sbd": 6}}, {"type": "Feature", "geometry": {"type": "Point", "coordinates": [-80.240587453744, 26.128274632907]}, "properties": {"school_code": 5567, "name": "American High School", "county": "broward", "address": "499 NW 70TH AVE", "city": "Plantation", "state": "FL", "zip": "33317", "grade_levels": "KG-12", "enroll_pk": 0, "enroll_k4": 11, "enroll_58": 23, "enroll_912": 47, "enroll_k8": 34, "enroll_total": 81, "non_profit": false, "religious": false, "denomination": null, "sbd": 5}}, {"type": "Feature", "geometry": {"type": "Point", "coordinates": [-80.259966679865, 26.060608246788]}, "properties": {"school_code": 75, "name": "American Preparatory Academy", "county": "broward", "address": "4850 S. PINE ISLAND RD", "city": "Davie", "state": "FL", "zip": "33328", "grade_levels": "KG-12", "enroll_pk": 0, "enroll_k4": 14, "enroll_58": 28, "enroll_912": 50, "enroll_k8": 42, "enroll_total": 92, "non_profit": false, "religious": false, "denomination": null, "sbd": 6}}, {"type": "Feature", "geometry": {"type": "Point", "coordinates": [-80.251369234179, 26.079536321716]}, "properties": {"school_code": 6002, "name": "Angelic Steps Academy", "county": "broward", "address": "3341 N. UNIVERSITY DRIVE", "city": "Davie", "state": "FL", "zip": "33024", "grade_levels": "PK-04", "enroll_pk": 0, "enroll_k4": 9, "enroll_58": 0, "enroll_912": 0, "enroll_k8": 9, "enroll_total": 9, "non_profit": false, "religious": false, "denomination": null, "sbd": 6}}, {"type": "Feature", "geometry": {"type": "Point", "coordinates": [-80.108951533308, 26.275441215959]}, "properties": {"school_code": 6918, "name": "Angels Christian Academy Of Pompano Beach", "county": "broward", "address": "1111 E SAMPLE RD", "city": "Pompano Beach", "state": "FL", "zip": "33064", "grade_levels": "PK-12", "enroll_pk": 0, "enroll_k4": 13, "enroll_58": 9, "enroll_912": 6, "enroll_k8": 22, "enroll_total": 28, "non_profit": false, "religious": true, "denomination": "PENTECOSTAL", "sbd": 7}}, {"type": "Feature", "geometry": {"type": "Point", "coordinates": [-80.20750822298, 26.100770687255]}, "properties": {"school_code": 4972, "name": "Ann Storck Center", "county": "broward", "address": "1790 SW 43RD WAY", "city": "Fort Lauderdale", "state": "FL", "zip": "33317", "grade_levels": "PK-08", "enroll_pk": 21, "enroll_k4": 27, "enroll_58": 9, "enroll_912": 0, "enroll_k8": 36, "enroll_total": 57, "non_profit": true, "religious": false, "denomination": null, "sbd": 3}}, {"type": "Feature", "geometry": {"type": "Point", "coordinates": [-80.179997614763, 25.9752039078]}, "properties": {"school_code": 1207, "name": "Annunciation School", "county": "broward", "address": "3751 SW 39TH STREET", "city": "West Hollywood", "state": "FL", "zip": "33023", "grade_levels": "PK-08", "enroll_pk": 11, "enroll_k4": 93, "enroll_58": 74, "enroll_912": 0, "enroll_k8": 167, "enroll_total": 178, "non_profit": true, "religious": true, "denomination": "CATHOLIC", "sbd": 1}}, {"type": "Feature", "geometry": {"type": "Point", "coordinates": [-80.361477809047, 26.041256445721]}, "properties": {"school_code": 2333, "name": "Apple Tree Montessori School Inc.", "county": "broward", "address": "6301 SOUTH WEST 160 AVE.", "city": "Davie", "state": "FL", "zip": "33331", "grade_levels": "PK-03", "enroll_pk": 70, "enroll_k4": 35, "enroll_58": 0, "enroll_912": 0, "enroll_k8": 35, "enroll_total": 105, "non_profit": false, "religious": false, "denomination": null, "sbd": 2}}, {"type": "Feature", "geometry": {"type": "Point", "coordinates": [-80.313365475052, 26.052377376841]}, "properties": {"school_code": 1767, "name": "Archbishop Edward A. Mccarthy High School", "county": "broward", "address": "5451 S. FLAMINGO ROAD", "city": "Southwest Ranches", "state": "FL", "zip": "33330", "grade_levels": "09-12", "enroll_pk": 0, "enroll_k4": 0, "enroll_58": 0, "enroll_912": 1940, "enroll_k8": 0, "enroll_total": 1940, "non_profit": true, "religious": true, "denomination": "CATHOLIC", "sbd": 2}}, {"type": "Feature", "geometry": {"type": "Point", "coordinates": [-80.18460109403, 26.107865595616]}, "properties": {"school_code": 7890, "name": "Baldwin Academy Preparatory School Ii", "county": "broward", "address": "1161 SW 30 AVENUE", "city": "Fort Lauderdale", "state": "FL", "zip": "33312", "grade_levels": "PK-05", "enroll_pk": 31, "enroll_k4": 76, "enroll_58": 14, "enroll_912": 0, "enroll_k8": 90, "enroll_total": 121, "non_profit": true, "religious": false, "denomination": null, "sbd": 3}}, {"type": "Feature", "geometry": {"type": "Point", "coordinates": [-80.106526395995, 26.23184849158]}, "properties": {"school_code": 3270, "name": "Bb Country Day School", "county": "broward", "address": "1735 E. ATLANTIC BLVD.", "city": "Pompano Beach", "state": "FL", "zip": "33060", "grade_levels": "PK-08", "enroll_pk": 13, "enroll_k4": 34, "enroll_58": 2, "enroll_912": 0, "enroll_k8": 36, "enroll_total": 49, "non_profit": false, "religious": false, "denomination": null, "sbd": 7}}, {"type": "Feature", "geometry": {"type": "Point", "coordinates": [-80.240751825446, 26.036550003356]}, "properties": {"school_code": 1377, "name": "Beacon Hill School Inc", "county": "broward", "address": "7600 N DAVIE ROAD EXTENSION", "city": "Hollywood", "state": "FL", "zip": "33024-2698", "grade_levels": "PK-08", "enroll_pk": 16, "enroll_k4": 23, "enroll_58": 15, "enroll_912": 0, "enroll_k8": 38, "enroll_total": 54, "non_profit": false, "religious": false, "denomination": null, "sbd": 1}}, {"type": "Feature", "geometry": {"type": "Point", "coordinates": [-80.204625929099, 26.024927996716]}, "properties": {"school_code": 8488, "name": "Benjamin Academy", "county": "broward", "address": "5812 TAFT STREET", "city": "Hollywood", "state": "FL", "zip": "33021", "grade_levels": "PK-KG", "enroll_pk": 11, "enroll_k4": 4, "enroll_58": 0, "enroll_912": 0, "enroll_k8": 4, "enroll_total": 15, "non_profit": false, "religious": false, "denomination": null, "sbd": 1}}, {"type": "Feature", "geometry": {"type": "Point", "coordinates": [-80.13681489249, 26.111433125714]}, "properties": {"school_code": 263, "name": "Bethany Christian School", "county": "broward", "address": "615 SE 9TH ST.", "city": "Fort Lauderdale", "state": "FL", "zip": "33316", "grade_levels": "PK-08", "enroll_pk": 103, "enroll_k4": 171, "enroll_58": 116, "enroll_912": 0, "enroll_k8": 287, "enroll_total": 390, "non_profit": true, "religious": true, "denomination": "PRESBYTERIAN", "sbd": 3}}, {"type": "Feature", "geometry": {"type": "Point", "coordinates": [-80.170010023083, 26.183391830666]}, "properties": {"school_code": 6199, "name": "Bethlehem Junior Academy", "county": "broward", "address": "2099 WEST PROSPECT ROAD", "city": "Tamarac", "state": "FL", "zip": "33309", "grade_levels": "KG-08", "enroll_pk": 0, "enroll_k4": 197, "enroll_58": 69, "enroll_912": 0, "enroll_k8": 266, "enroll_total": 266, "non_profit": false, "religious": true, "denomination": "NON-DENOMINATIONAL", "sbd": 3}}, {"type": "Feature", "geometry": {"type": "Point", "coordinates": [-80.172469810922, 26.154732004509]}, "properties": {"school_code": 8407, "name": "Bishop Mack Preparatory School", "county": "broward", "address": "2230 NW 22ND STREET", "city": "Fort Lauderdale", "state": "FL", "zip": "33311", "grade_levels": "PK-12", "enroll_pk": 18, "enroll_k4": 109, "enroll_58": 123, "enroll_912": 103, "enroll_k8": 232, "enroll_total": 353, "non_profit": true, "religious": true, "denomination": "NON-DENOMINATIONAL", "sbd": 5}}, {"type": "Feature", "geometry": {"type": "Point", "coordinates": [-80.243148777062, 26.148763885768]}, "properties": {"school_code": 1443, "name": "Blake School", "county": "broward", "address": "7011 W SUNRISE BOULEVARD", "city": "Plantation", "state": "FL", "zip": "33313", "grade_levels": "PK-08", "enroll_pk": 13, "enroll_k4": 74, "enroll_58": 43, "enroll_912": 0, "enroll_k8": 117, "enroll_total": 130, "non_profit": false, "religious": false, "denomination": null, "sbd": 5}}, {"type": "Feature", "geometry": {"type": "Point", "coordinates": [-80.178779319643, 26.051827688929]}, "properties": {"school_code": 6036, "name": "Brilliant Minds Academy Of The Arts", "county": "broward", "address": "2950 W CYPRESS CREEK", "city": "Fort Lauderdale", "state": "FL", "zip": "33309", "grade_levels": "KG-12", "enroll_pk": 0, "enroll_k4": 14, "enroll_58": 15, "enroll_912": 16, "enroll_k8": 29, "enroll_total": 45, "non_profit": false, "religious": true, "denomination": "NON-DENOMINATIONAL", "sbd": 3}}, {"type": "Feature", "geometry": {"type": "Point", "coordinates": [-80.199142083348, 26.047006540275]}, "properties": {"school_code": 6470, "name": "Broward Children'S Center Inc", "county": "broward", "address": "3891 STIRLING ROAD", "city": "Dania Beach", "state": "FL", "zip": "33312", "grade_levels": "PK-08", "enroll_pk": 34, "enroll_k4": 21, "enroll_58": 5, "enroll_912": 0, "enroll_k8": 26, "enroll_total": 60, "non_profit": true, "religious": false, "denomination": null, "sbd": 3}}, {"type": "Feature", "geometry": {"type": "Point", "coordinates": [-80.103931207113, 26.231444498879]}, "properties": {"school_code": 6471, "name": "Broward Children'S Center Inc.", "county": "broward", "address": "25 SE 20TH AVENUE", "city": "Pompano Beach", "state": "FL", "zip": "33060", "grade_levels": "PK-08", "enroll_pk": 0, "enroll_k4": 10, "enroll_58": 6, "enroll_912": 0, "enroll_k8": 16, "enroll_total": 16, "non_profit": true, "religious": false, "denomination": null, "sbd": 3}}, {"type": "Feature", "geometry": {"type": "Point", "coordinates": [-80.270093342916, 26.065029656647]}, "properties": {"school_code": 5102, "name": "Broward Christian Academy", "county": "broward", "address": "9191 ORANGE DRIVE", "city": "Davie", "state": "FL", "zip": "33328", "grade_levels": "PK-03", "enroll_pk": 33, "enroll_k4": 51, "enroll_58": 0, "enroll_912": 0, "enroll_k8": 51, "enroll_total": 84, "non_profit": true, "religious": true, "denomination": "NON-DENOMINATIONAL", "sbd": 6}}, {"type": "Feature", "geometry": {"type": "Point", "coordinates": [-80.203518354077, 26.190371346921]}, "properties": {"school_code": 2664, "name": "Broward Junior Academy", "county": "broward", "address": "5420-5430 NORTH STATE ROAD 7", "city": "Ft. Lauderdale", "state": "FL", "zip": "33319", "grade_levels": "KG-10", "enroll_pk": 0, "enroll_k4": 103, "enroll_58": 106, "enroll_912": 20, "enroll_k8": 209, "enroll_total": 229, "non_profit": true, "religious": true, "denomination": "SEVENTH DAY ADVENTIST", "sbd": 3}}, {"type": "Feature", "geometry": {"type": "Point", "coordinates": [-80.257288569767, 26.031017506013]}, "properties": {"school_code": 9824, "name": "Bruckner Education", "county": "broward", "address": "8447 SHERIDAN STREET", "city": "Cooper City", "state": "FL", "zip": "33024", "grade_levels": "PK-KG", "enroll_pk": 39, "enroll_k4": 11, "enroll_58": 0, "enroll_912": 0, "enroll_k8": 11, "enroll_total": 50, "non_profit": false, "religious": false, "denomination": null, "sbd": 6}}, {"type": "Feature", "geometry": {"type": "Point", "coordinates": [-80.201846617428, 26.114229931954]}, "properties": {"school_code": 5902, "name": "C.G. Smith Academy - East", "county": "broward", "address": "601 SOUTH STATE ROAD 7", "city": "Plantation", "state": "FL", "zip": "33317", "grade_levels": "KG-08", "enroll_pk": 0, "enroll_k4": 12, "enroll_58": 2, "enroll_912": 0, "enroll_k8": 14, "enroll_total": 14, "non_profit": true, "religious": false, "denomination": null, "sbd": 3}}, {"type": "Feature", "geometry": {"type": "Point", "coordinates": [-80.34508118427, 26.027249884978]}, "properties": {"school_code": 4804, "name": "Cambridge International Academy", "county": "broward", "address": "14850 NW 20 STREET", "city": "Pembroke Pines", "state": "FL", "zip": "33028", "grade_levels": "KG-08", "enroll_pk": 0, "enroll_k4": 80, "enroll_58": 45, "enroll_912": 0, "enroll_k8": 125, "enroll_total": 125, "non_profit": true, "religious": false, "denomination": null, "sbd": 2}}, {"type": "Feature", "geometry": {"type": "Point", "coordinates": [-80.107295436083, 26.185795551795]}, "properties": {"school_code": 167, "name": "Cardinal Gibbons High School", "county": "broward", "address": "2900 N.E. 47TH ST.", "city": "Fort Lauderdale", "state": "FL", "zip": "33308", "grade_levels": "09-12", "enroll_pk": 0, "enroll_k4": 0, "enroll_58": 0, "enroll_912": 1054, "enroll_k8": 0, "enroll_total": 1054, "non_profit": true, "religious": true, "denomination": "CATHOLIC", "sbd": 3}}, {"type": "Feature", "geometry": {"type": "Point", "coordinates": [-80.146438434269, 26.168503709805]}, "properties": {"school_code": 7566, "name": "Care And Share Uxbridge Christian Academy", "county": "broward", "address": "3260 N. ANDREWS AVE", "city": "Oakland Park", "state": "FL", "zip": "33309", "grade_levels": "PK-05", "enroll_pk": 15, "enroll_k4": 44, "enroll_58": 4, "enroll_912": 0, "enroll_k8": 48, "enroll_total": 63, "non_profit": false, "religious": true, "denomination": "OTHER", "sbd": 3}}, {"type": "Feature", "geometry": {"type": "Point", "coordinates": [-80.234390698588, 26.287694334879]}, "properties": {"school_code": 4344, "name": "Center Academy-Coral Springs", "county": "broward", "address": "4700 RIVERSIDE DR. STE 100", "city": "Coral Springs", "state": "FL", "zip": "33067", "grade_levels": "04-12", "enroll_pk": 0, "enroll_k4": 0, "enroll_58": 32, "enroll_912": 39, "enroll_k8": 32, "enroll_total": 71, "non_profit": false, "religious": false, "denomination": null, "sbd": 4}}, {"type": "Feature", "geometry": {"type": "Point", "coordinates": [-80.24206217481, 26.193949504118]}, "properties": {"school_code": 3063, "name": "Charismata Christian Academy", "county": "broward", "address": "6855 WEST COMMERCIAL BOULEVARD", "city": "Tamarac", "state": "FL", "zip": "33319", "grade_levels": "KG-08", "enroll_pk": 0, "enroll_k4": 53, "enroll_58": 3, "enroll_912": 0, "enroll_k8": 56, "enroll_total": 56, "non_profit": true, "religious": true, "denomination": "NON-DENOMINATIONAL", "sbd": 4}}, {"type": "Feature", "geometry": {"type": "Point", "coordinates": [-80.296058011153, 26.208222021409]}, "properties": {"school_code": 6804, "name": "Children In The Spirit Christian School", "county": "broward", "address": "10066 W. MCNAB RD.", "city": "Tamarac", "state": "FL", "zip": "33321", "grade_levels": "KG-10", "enroll_pk": 0, "enroll_k4": 100, "enroll_58": 46, "enroll_912": 2, "enroll_k8": 146, "enroll_total": 148, "non_profit": true, "religious": true, "denomination": "BAPTIST", "sbd": 4}}, {"type": "Feature", "geometry": {"type": "Point", "coordinates": [-80.236068270283, 26.064836769672]}, "properties": {"school_code": 9336, "name": "Children'S World South Of Davie", "county": "broward", "address": "6700 GRIFFIN ROAD", "city": "Davie", "state": "FL", "zip": "33314", "grade_levels": "PK-02", "enroll_pk": 31, "enroll_k4": 28, "enroll_58": 0, "enroll_912": 0, "enroll_k8": 28, "enroll_total": 59, "non_profit": false, "religious": false, "denomination": null, "sbd": 6}}, {"type": "Feature", "geometry": {"type": "Point", "coordinates": [-80.111591059036, 26.187808306836]}, "properties": {"school_code": 1690, "name": "Christ Church School", "county": "broward", "address": "4845 NE 25TH AVENUE", "city": "Fort Lauderdale", "state": "FL", "zip": "33308", "grade_levels": "PK-05", "enroll_pk": 125, "enroll_k4": 158, "enroll_58": 18, "enroll_912": 0, "enroll_k8": 176, "enroll_total": 301, "non_profit": true, "religious": true, "denomination": "METHODIST", "sbd": 3}}, {"type": "Feature", "geometry": {"type": "Point", "coordinates": [-80.29634774589, 26.170235418942]}, "properties": {"school_code": 3319, "name": "Christi Academy", "county": "broward", "address": "3495 HIATUS ROAD", "city": "Sunrise", "state": "FL", "zip": "33351", "grade_levels": "KG-12", "enroll_pk": 0, "enroll_k4": 52, "enroll_58": 59, "enroll_912": 48, "enroll_k8": 111, "enroll_total": 159, "non_profit": false, "religious": true, "denomination": "NON-DENOMINATIONAL", "sbd": 6}}, {"type": "Feature", "geometry": {"type": "Point", "coordinates": [-80.175070317021, 26.18658122953]}, "properties": {"school_code": 7935, "name": "Christian Life Academy", "county": "broward", "address": "4905 WEST PROSPECT RD.", "city": "Tamarac", "state": "FL", "zip": "33309", "grade_levels": "KG-05", "enroll_pk": 0, "enroll_k4": 137, "enroll_58": 12, "enroll_912": 0, "enroll_k8": 149, "enroll_total": 149, "non_profit": true, "religious": true, "denomination": "ASSEMBLIES OF GOD", "sbd": 3}}, {"type": "Feature", "geometry": {"type": "Point", "coordinates": [-80.258309613899, 26.106087252857]}, "properties": {"school_code": 9427, "name": "Clever Oaks Academy", "county": "broward", "address": "8250 PETERS ROAD", "city": "Plantation", "state": "FL", "zip": "33324", "grade_levels": "PK-06", "enroll_pk": 109, "enroll_k4": 62, "enroll_58": 0, "enroll_912": 0, "enroll_k8": 62, "enroll_total": 171, "non_profit": false, "religious": false, "denomination": null, "sbd": 6}}, {"type": "Feature", "geometry": {"type": "Point", "coordinates": [-80.140805319237, 26.132423258567]}, "properties": {"school_code": 8283, "name": "Colossal Academy", "county": "broward", "address": "746 NE 3RD AVENUE", "city": "Fort Lauderdale", "state": "FL", "zip": "33304", "grade_levels": "KG-12", "enroll_pk": 0, "enroll_k4": 2, "enroll_58": 22, "enroll_912": 5, "enroll_k8": 24, "enroll_total": 29, "non_profit": false, "religious": false, "denomination": null, "sbd": 3}}, {"type": "Feature", "geometry": {"type": "Point", "coordinates": [-80.162991935505, 26.114462449836]}, "properties": {"school_code": 9184, "name": "Compass Outreach And Education Center", "county": "broward", "address": "1600 SW 5TH PLACE", "city": "Fort Lauderdale", "state": "FL", "zip": "33312", "grade_levels": "KG-12", "enroll_pk": 0, "enroll_k4": 18, "enroll_58": 7, "enroll_912": 0, "enroll_k8": 25, "enroll_total": 25, "non_profit": true, "religious": false, "denomination": null, "sbd": 3}}, {"type": "Feature", "geometry": {"type": "Point", "coordinates": [-80.259637041195, 26.047791613732]}, "properties": {"school_code": 4917, "name": "Conservatory Prep Schools Inc.", "county": "broward", "address": "5850 PINE ISLAND ROAD", "city": "Davie", "state": "FL", "zip": "33328", "grade_levels": "07-12", "enroll_pk": 0, "enroll_k4": 0, "enroll_58": 5, "enroll_912": 15, "enroll_k8": 5, "enroll_total": 20, "non_profit": false, "religious": false, "denomination": null, "sbd": 6}}, {"type": "Feature", "geometry": {"type": "Point", "coordinates": [-80.313677521107, 26.063097859183]}, "properties": {"school_code": 4230, "name": "Cooper City Christian Academy", "county": "broward", "address": "5201 SO. FLAMINGO ROAD", "city": "Cooper City", "state": "FL", "zip": "33330", "grade_levels": "KG-12", "enroll_pk": 0, "enroll_k4": 64, "enroll_58": 46, "enroll_912": 27, "enroll_k8": 110, "enroll_total": 137, "non_profit": true, "religious": true, "denomination": "PENTECOSTAL", "sbd": 2}}, {"type": "Feature", "geometry": {"type": "Point", "coordinates": [-80.261296558718, 26.272404086367]}, "properties": {"school_code": 5068, "name": "Coral Springs Montessori School", "county": "broward", "address": "10154 WEST SAMPLE ROAD", "city": "Coral Springs", "state": "FL", "zip": "33065", "grade_levels": "PK-KG", "enroll_pk": 35, "enroll_k4": 10, "enroll_58": 0, "enroll_912": 0, "enroll_k8": 10, "enroll_total": 45, "non_profit": false, "religious": false, "denomination": null, "sbd": 4}}, {"type": "Feature", "geometry": {"type": "Point", "coordinates": [-80.266273327846, 26.285466040768]}, "properties": {"school_code": 613, "name": "Coral Springs Preschool", "county": "broward", "address": "4441 CORAL SPRINGS DR", "city": "Coral Springs", "state": "FL", "zip": "33065", "grade_levels": "PK-01", "enroll_pk": 25, "enroll_k4": 15, "enroll_58": 0, "enroll_912": 0, "enroll_k8": 15, "enroll_total": 40, "non_profit": false, "religious": false, "denomination": null, "sbd": 4}}, {"type": "Feature", "geometry": {"type": "Point", "coordinates": [-80.124483506047, 26.242857685868]}, "properties": {"school_code": 7505, "name": "Cornerstone Preschool Llc", "county": "broward", "address": "153 NW 12TH STREET", "city": "Pompano Beach", "state": "FL", "zip": "33060", "grade_levels": "PK-05", "enroll_pk": 80, "enroll_k4": 64, "enroll_58": 8, "enroll_912": 0, "enroll_k8": 72, "enroll_total": 152, "non_profit": false, "religious": true, "denomination": "BAPTIST", "sbd": 7}}, {"type": "Feature", "geometry": {"type": "Point", "coordinates": [-80.30124427187, 26.111044808523]}, "properties": {"school_code": 3998, "name": "Crayons Childcare", "county": "broward", "address": "11406 STATE RD. 84", "city": "Davie", "state": "FL", "zip": "33325", "grade_levels": "PK-06", "enroll_pk": 65, "enroll_k4": 67, "enroll_58": 4, "enroll_912": 0, "enroll_k8": 71, "enroll_total": 136, "non_profit": false, "religious": true, "denomination": "BAPTIST", "sbd": 6}}, {"type": "Feature", "geometry": {"type": "Point", "coordinates": [-80.259690511713, 26.049313279027]}, "properties": {"school_code": 2125, "name": "David Posnack Jewish Day School", "county": "broward", "address": "5810 S PINE ISLAND RD.", "city": "Davie", "state": "FL", "zip": "33328", "grade_levels": "PK-12", "enroll_pk": 32, "enroll_k4": 241, "enroll_58": 307, "enroll_912": 349, "enroll_k8": 548, "enroll_total": 929, "non_profit": true, "religious": true, "denomination": "JEWISH", "sbd": 6}}, {"type": "Feature", "geometry": {"type": "Point", "coordinates": [-80.234889407951, 26.07299797878]}, "properties": {"school_code": 8272, "name": "Davie Christian School", "county": "broward", "address": "6590 SW 39TH STREET", "city": "Davie", "state": "FL", "zip": "33314", "grade_levels": "PK-08", "enroll_pk": 17, "enroll_k4": 26, "enroll_58": 4, "enroll_912": 0, "enroll_k8": 30, "enroll_total": 47, "non_profit": true, "religious": true, "denomination": "NON-DENOMINATIONAL", "sbd": 6}}, {"type": "Feature", "geometry": {"type": "Point", "coordinates": [-80.120495931361, 26.138124228972]}, "properties": {"school_code": 7350, "name": "Delmar Arts Academy", "county": "broward", "address": "1400 N FEDERAL HWY", "city": "Ft. Lauderdale", "state": "FL", "zip": "33304", "grade_levels": "PK-03", "enroll_pk": 98, "enroll_k4": 30, "enroll_58": 0, "enroll_912": 0, "enroll_k8": 30, "enroll_total": 128, "non_profit": true, "religious": false, "denomination": null, "sbd": 3}}, {"type": "Feature", "geometry": {"type": "Point", "coordinates": [-80.160481001934, 26.129338518632]}, "properties": {"school_code": 3093, "name": "Delmar Arts Academy At The Y", "county": "broward", "address": "1409 NORTHWEST 6TH STREET", "city": "Ft Lauderdale", "state": "FL", "zip": "33311", "grade_levels": "PK-02", "enroll_pk": 52, "enroll_k4": 16, "enroll_58": 0, "enroll_912": 0, "enroll_k8": 16, "enroll_total": 68, "non_profit": true, "religious": false, "denomination": null, "sbd": 5}}, {"type": "Feature", "geometry": {"type": "Point", "coordinates": [-80.239284452547, 26.140938468035]}, "properties": {"school_code": 7344, "name": "Dickens Sanomi Academy", "county": "broward", "address": "6820 W SUNRISE BLVD", "city": "Plantation", "state": "FL", "zip": "33313", "grade_levels": "PK-12", "enroll_pk": 0, "enroll_k4": 86, "enroll_58": 66, "enroll_912": 33, "enroll_k8": 152, "enroll_total": 185, "non_profit": true, "religious": false, "denomination": null, "sbd": 5}}, {"type": "Feature", "geometry": {"type": "Point", "coordinates": [-80.32991992119, 26.0629919483]}, "properties": {"school_code": 5126, "name": "Diverse Abilities Inc", "county": "broward", "address": "13900 GRIFFIN RD.", "city": "Southwest Ranches", "state": "FL", "zip": "33330", "grade_levels": "KG-12", "enroll_pk": 0, "enroll_k4": 9, "enroll_58": 9, "enroll_912": 6, "enroll_k8": 18, "enroll_total": 24, "non_profit": false, "religious": false, "denomination": null, "sbd": 2}}, {"type": "Feature", "geometry": {"type": "Point", "coordinates": [-80.344615133351, 26.02720957786]}, "properties": {"school_code": 4782, "name": "Divine Academy International Inc.", "county": "broward", "address": "14900 NW 20TH STREET", "city": "Pembroke Pines", "state": "FL", "zip": "33028", "grade_levels": "03-12", "enroll_pk": 0, "enroll_k4": 5, "enroll_58": 28, "enroll_912": 52, "enroll_k8": 33, "enroll_total": 85, "non_profit": false, "religious": false, "denomination": null, "sbd": 2}}, {"type": "Feature", "geometry": {"type": "Point", "coordinates": [-80.14044923476, 26.12248244867]}, "properties": {"school_code": 3168, "name": "Downtown Christian Academy", "county": "broward", "address": "301 EAST BROWARD BOULEVARD", "city": "Fort Lauderdale", "state": "FL", "zip": "33301", "grade_levels": "KG-05", "enroll_pk": 0, "enroll_k4": 32, "enroll_58": 0, "enroll_912": 0, "enroll_k8": 32, "enroll_total": 32, "non_profit": true, "religious": true, "denomination": "NON-DENOMINATIONAL", "sbd": 3}}, {"type": "Feature", "geometry": {"type": "Point", "coordinates": [-80.26448648112, 26.259282771344]}, "properties": {"school_code": 8985, "name": "Ecokids Bilingual Preschools", "county": "broward", "address": "10387 ROYAL PALM BLVD.", "city": "Coral Springs", "state": "FL", "zip": "33065", "grade_levels": "PK-02", "enroll_pk": 28, "enroll_k4": 36, "enroll_58": 0, "enroll_912": 0, "enroll_k8": 36, "enroll_total": 64, "non_profit": false, "religious": false, "denomination": null, "sbd": 4}}, {"type": "Feature", "geometry": {"type": "Point", "coordinates": [-80.170937303446, 26.175584970348]}, "properties": {"school_code": 6759, "name": "Elite Academy School Of Excellence", "county": "broward", "address": "3970 NW 21ST AVENUE", "city": "Oakland Park", "state": "FL", "zip": "33309", "grade_levels": "KG-12", "enroll_pk": 0, "enroll_k4": 14, "enroll_58": 17, "enroll_912": 25, "enroll_k8": 31, "enroll_total": 56, "non_profit": false, "religious": true, "denomination": "NON-DENOMINATIONAL", "sbd": 3}}, {"type": "Feature", "geometry": {"type": "Point", "coordinates": [-80.175500647857, 26.047513800215]}, "properties": {"school_code": 115, "name": "Emerald Hills School", "county": "broward", "address": "3270 STIRLING ROAD", "city": "Hollywood", "state": "FL", "zip": "33021", "grade_levels": "PK-KG", "enroll_pk": 45, "enroll_k4": 6, "enroll_58": 0, "enroll_912": 0, "enroll_k8": 6, "enroll_total": 51, "non_profit": true, "religious": true, "denomination": "NON-DENOMINATIONAL", "sbd": 1}}, {"type": "Feature", "geometry": {"type": "Point", "coordinates": [-80.259621817163, 26.272631778412]}, "properties": {"school_code": 3300, "name": "Excelsior Artz Preparatory School", "county": "broward", "address": "10021 WEST SAMPLE ROAD", "city": "Coral Springs", "state": "FL", "zip": "33065", "grade_levels": "PK-08", "enroll_pk": 0, "enroll_k4": 52, "enroll_58": 23, "enroll_912": 0, "enroll_k8": 75, "enroll_total": 75, "non_profit": false, "religious": true, "denomination": "NON-DENOMINATIONAL", "sbd": 4}}, {"type": "Feature", "geometry": {"type": "Point", "coordinates": [-80.111892639121, 26.211451267486]}, "properties": {"school_code": 2625, "name": "Excelsior International Academy", "county": "broward", "address": "760 E MCNAB RD", "city": "Pompano Beach", "state": "FL", "zip": "33060", "grade_levels": "PK-05", "enroll_pk": 16, "enroll_k4": 23, "enroll_58": 1, "enroll_912": 0, "enroll_k8": 24, "enroll_total": 40, "non_profit": false, "religious": false, "denomination": null, "sbd": 3}}, {"type": "Feature", "geometry": {"type": "Point", "coordinates": [-80.218870895254, 26.252942147147]}, "properties": {"school_code": 170, "name": "Faith Baptist Academy", "county": "broward", "address": "6950 ROYAL PALM BOULEVARD", "city": "Margate", "state": "FL", "zip": "33063", "grade_levels": "KG-12", "enroll_pk": 0, "enroll_k4": 17, "enroll_58": 16, "enroll_912": 7, "enroll_k8": 33, "enroll_total": 40, "non_profit": true, "religious": true, "denomination": "BAPTIST", "sbd": 7}}, {"type": "Feature", "geometry": {"type": "Point", "coordinates": [-80.154565036663, 26.153739817766]}, "properties": {"school_code": 8908, "name": "Fidelis Academy", "county": "broward", "address": "1999 NW 9TH AVENUE", "city": "Fort Lauderdale", "state": "FL", "zip": "33311", "grade_levels": "PK-12", "enroll_pk": 12, "enroll_k4": 50, "enroll_58": 23, "enroll_912": 0, "enroll_k8": 73, "enroll_total": 85, "non_profit": false, "religious": true, "denomination": "NON-DENOMINATIONAL", "sbd": 5}}, {"type": "Feature", "geometry": {"type": "Point", "coordinates": [-80.233202579498, 26.272075812426]}, "properties": {"school_code": 7663, "name": "Fig Tree Montessori", "county": "broward", "address": "8034 W SAMPLE RD", "city": "Margate", "state": "FL", "zip": "33063", "grade_levels": "PK-12", "enroll_pk": 0, "enroll_k4": 8, "enroll_58": 0, "enroll_912": 0, "enroll_k8": 8, "enroll_total": 8, "non_profit": true, "religious": false, "denomination": null, "sbd": 4}}, {"type": "Feature", "geometry": {"type": "Point", "coordinates": [-80.174710173254, 26.152305519181]}, "properties": {"school_code": 6179, "name": "Fintech Academy", "county": "broward", "address": "2404 NW 20TH ST", "city": "Fort Lauderdale", "state": "FL", "zip": "33311", "grade_levels": "PK-08", "enroll_pk": 1, "enroll_k4": 25, "enroll_58": 1, "enroll_912": 0, "enroll_k8": 26, "enroll_total": 27, "non_profit": false, "religious": false, "denomination": null, "sbd": 5}}, {"type": "Feature", "geometry": {"type": "Point", "coordinates": [-80.139105494381, 26.011592139339]}, "properties": {"school_code": 6117, "name": "First Presbyterian Learning Center", "county": "broward", "address": "1600 HOLLYWOOD BOULEVARD", "city": "Hollywood", "state": "FL", "zip": "33020", "grade_levels": "PK-KG", "enroll_pk": 26, "enroll_k4": 0, "enroll_58": 0, "enroll_912": 0, "enroll_k8": 0, "enroll_total": 26, "non_profit": true, "religious": true, "denomination": "PRESBYTERIAN", "sbd": 1}}, {"type": "Feature", "geometry": {"type": "Point", "coordinates": [-80.362243437633, 26.104819163111]}, "properties": {"school_code": 9277, "name": "Flex Learning Academy", "county": "broward", "address": "1374 SW 160TH AVE", "city": "Sunrise", "state": "FL", "zip": "33326", "grade_levels": "02-12", "enroll_pk": 0, "enroll_k4": 4, "enroll_58": 22, "enroll_912": 29, "enroll_k8": 26, "enroll_total": 55, "non_profit": false, "religious": false, "denomination": null, "sbd": 6}}, {"type": "Feature", "geometry": {"type": "Point", "coordinates": [-80.29242249969, 26.271267199735]}, "properties": {"school_code": 565, "name": "Florida Sports Virtual Academy", "county": "broward", "address": "3299 SPORTSPLEX DRIVE", "city": "Coral Springs", "state": "FL", "zip": "33065", "grade_levels": "05-12", "enroll_pk": 0, "enroll_k4": 0, "enroll_58": 17, "enroll_912": 9, "enroll_k8": 17, "enroll_total": 26, "non_profit": false, "religious": false, "denomination": null, "sbd": 4}}, {"type": "Feature", "geometry": {"type": "Point", "coordinates": [-80.131265569341, 26.271528246074]}, "properties": {"school_code": 7787, "name": "Fp Elementary School", "county": "broward", "address": "3301 NW 5TH TERRACE", "city": "Pompano Beach", "state": "FL", "zip": "33064", "grade_levels": "PK-05", "enroll_pk": 0, "enroll_k4": 22, "enroll_58": 0, "enroll_912": 0, "enroll_k8": 22, "enroll_total": 22, "non_profit": true, "religious": false, "denomination": null, "sbd": 7}}, {"type": "Feature", "geometry": {"type": "Point", "coordinates": [-80.190787707476, 26.165410510191]}, "properties": {"school_code": 1806, "name": "Ft. Lauderdale Preparatory School", "county": "broward", "address": "3275 WEST OAKLAND PARK BLVD.", "city": "Fort Lauderdale", "state": "FL", "zip": "33311", "grade_levels": "KG-12", "enroll_pk": 0, "enroll_k4": 70, "enroll_58": 54, "enroll_912": 45, "enroll_k8": 124, "enroll_total": 169, "non_profit": false, "religious": false, "denomination": null, "sbd": 5}}, {"type": "Feature", "geometry": {"type": "Point", "coordinates": [-80.336882044391, 26.000713578804]}, "properties": {"school_code": 1726, "name": "Fusion Academy Pembroke Pines", "county": "broward", "address": "880 SW 145TH AVE SUITE 100", "city": "Pembroke Pines", "state": "FL", "zip": "33027", "grade_levels": "06-12", "enroll_pk": 0, "enroll_k4": 0, "enroll_58": 3, "enroll_912": 1, "enroll_k8": 3, "enroll_total": 4, "non_profit": false, "religious": false, "denomination": null, "sbd": 2}}, {"type": "Feature", "geometry": {"type": "Point", "coordinates": [-80.156665562654, 26.129304493734]}, "properties": {"school_code": 6964, "name": "Future Leaders Academy", "county": "broward", "address": "1120 NW 6TH STREET", "city": "Fort.Lauderdale", "state": "FL", "zip": "33311", "grade_levels": "KG-05", "enroll_pk": 0, "enroll_k4": 6, "enroll_58": 0, "enroll_912": 0, "enroll_k8": 6, "enroll_total": 6, "non_profit": false, "religious": false, "denomination": null, "sbd": 5}}, {"type": "Feature", "geometry": {"type": "Point", "coordinates": [-80.171323624263, 26.158179941148]}, "properties": {"school_code": 4277, "name": "Gateway Christian Academy", "county": "broward", "address": "2130 NW 26TH STREET", "city": "Ft. Lauderdale", "state": "FL", "zip": "33311", "grade_levels": "PK-05", "enroll_pk": 38, "enroll_k4": 66, "enroll_58": 6, "enroll_912": 0, "enroll_k8": 72, "enroll_total": 110, "non_profit": true, "religious": true, "denomination": "NON-DENOMINATIONAL", "sbd": 5}}, {"type": "Feature", "geometry": {"type": "Point", "coordinates": [-80.241358762703, 26.193949504103]}, "properties": {"school_code": 7318, "name": "Genesis Montessori Gifted Academy Inc", "county": "broward", "address": "6801 W. COMMERCIAL BLVD.", "city": "Tamarac", "state": "FL", "zip": "33319", "grade_levels": "PK-12", "enroll_pk": 53, "enroll_k4": 16, "enroll_58": 2, "enroll_912": 0, "enroll_k8": 18, "enroll_total": 71, "non_profit": false, "religious": true, "denomination": "NON-DENOMINATIONAL", "sbd": 4}}, {"type": "Feature", "geometry": {"type": "Point", "coordinates": [-80.163825243694, 26.006067464398]}, "properties": {"school_code": 634, "name": "Grace And Faith International Academy Inc.", "county": "broward", "address": "2835 MADISON STREET", "city": "Hollywood", "state": "FL", "zip": "33020", "grade_levels": "PK-12", "enroll_pk": 21, "enroll_k4": 9, "enroll_58": 0, "enroll_912": 0, "enroll_k8": 9, "enroll_total": 30, "non_profit": true, "religious": true, "denomination": "JEWISH", "sbd": 1}}, {"type": "Feature", "geometry": {"type": "Point", "coordinates": [-80.138619219795, 26.271259679105]}, "properties": {"school_code": 8023, "name": "Grace Place School", "county": "broward", "address": "1101 NW 33RD ST", "city": "Pompano Beach", "state": "FL", "zip": "33064", "grade_levels": "08-12", "enroll_pk": 0, "enroll_k4": 0, "enroll_58": 1, "enroll_912": 11, "enroll_k8": 1, "enroll_total": 12, "non_profit": true, "religious": true, "denomination": "NON-DENOMINATIONAL", "sbd": 7}}, {"type": "Feature", "geometry": {"type": "Point", "coordinates": [-80.121406367221, 26.232532491735]}, "properties": {"school_code": 7425, "name": "Green Children'S House Montessori School", "county": "broward", "address": "307 NE 1ST STREET", "city": "Pompano Beach", "state": "FL", "zip": "33060", "grade_levels": "PK-02", "enroll_pk": 14, "enroll_k4": 18, "enroll_58": 0, "enroll_912": 0, "enroll_k8": 18, "enroll_total": 32, "non_profit": true, "religious": false, "denomination": null, "sbd": 7}}, {"type": "Feature", "geometry": {"type": "Point", "coordinates": [-80.154529077901, 26.011107956987]}, "properties": {"school_code": 9489, "name": "Guidepost Montessori At Hollywood Beach", "county": "broward", "address": "2402 HOLLYWOOD BLVD", "city": "Hollywood", "state": "FL", "zip": "33020", "grade_levels": "PK-06", "enroll_pk": 31, "enroll_k4": 77, "enroll_58": 0, "enroll_912": 0, "enroll_k8": 77, "enroll_total": 108, "non_profit": false, "religious": false, "denomination": null, "sbd": 1}}, {"type": "Feature", "geometry": {"type": "Point", "coordinates": [-80.147798221502, 25.987115267811]}, "properties": {"school_code": 6335, "name": "Hallandale House Of Learning", "county": "broward", "address": "124 NE 1ST AVENUE", "city": "Hallandale Beach", "state": "FL", "zip": "33009", "grade_levels": "PK-KG", "enroll_pk": 65, "enroll_k4": 14, "enroll_58": 0, "enroll_912": 0, "enroll_k8": 14, "enroll_total": 79, "non_profit": false, "religious": false, "denomination": null, "sbd": 1}}, {"type": "Feature", "geometry": {"type": "Point", "coordinates": [-80.270141671485, 26.186544371699]}, "properties": {"school_code": 4345, "name": "Harvard Academy", "county": "broward", "address": "8955 NW 50TH STREET", "city": "Sunrise", "state": "FL", "zip": "33351", "grade_levels": "PK-05", "enroll_pk": 22, "enroll_k4": 80, "enroll_58": 8, "enroll_912": 0, "enroll_k8": 88, "enroll_total": 110, "non_profit": false, "religious": false, "denomination": null, "sbd": 5}}, {"type": "Feature", "geometry": {"type": "Point", "coordinates": [-80.175220090677, 26.047530948225]}, "properties": {"school_code": 5232, "name": "Harvard International Academy", "county": "broward", "address": "3260 STIRLING ROAD", "city": "Hollywood", "state": "FL", "zip": "33021", "grade_levels": "KG-12", "enroll_pk": 0, "enroll_k4": 24, "enroll_58": 18, "enroll_912": 26, "enroll_k8": 42, "enroll_total": 68, "non_profit": true, "religious": false, "denomination": null, "sbd": 1}}, {"type": "Feature", "geometry": {"type": "Point", "coordinates": [-80.114504468163, 26.211429905508]}, "properties": {"school_code": 6998, "name": "Hi Tech Kidz Kollege", "county": "broward", "address": "560 E MCNAB RD", "city": "Pompano", "state": "FL", "zip": "33060", "grade_levels": "PK-05", "enroll_pk": 0, "enroll_k4": 32, "enroll_58": 1, "enroll_912": 0, "enroll_k8": 33, "enroll_total": 33, "non_profit": false, "religious": false, "denomination": null, "sbd": 3}}, {"type": "Feature", "geometry": {"type": "Point", "coordinates": [-80.117453158539, 26.289924399679]}, "properties": {"school_code": 2155, "name": "Highlands Christian Academy", "county": "broward", "address": "501 NE 48TH STREET", "city": "Pompano Beach", "state": "FL", "zip": "33064", "grade_levels": "PK-12", "enroll_pk": 75, "enroll_k4": 254, "enroll_58": 163, "enroll_912": 105, "enroll_k8": 417, "enroll_total": 597, "non_profit": true, "religious": true, "denomination": "BAPTIST", "sbd": 7}}, {"type": "Feature", "geometry": {"type": "Point", "coordinates": [-80.152834738127, 25.974306518232]}, "properties": {"school_code": 3196, "name": "Hochberg Preparatory School", "county": "broward", "address": "412 SW 11 STREET", "city": "Hallandale", "state": "FL", "zip": "33009", "grade_levels": "KG-05", "enroll_pk": 0, "enroll_k4": 218, "enroll_58": 40, "enroll_912": 0, "enroll_k8": 258, "enroll_total": 258, "non_profit": true, "religious": true, "denomination": "JEWISH", "sbd": 1}}, {"type": "Feature", "geometry": {"type": "Point", "coordinates": [-80.154249671294, 26.150741552913]}, "properties": {"school_code": 2382, "name": "Holy Temple Christian Academy", "county": "broward", "address": "1800 NORTH WEST 9TH AVENUE", "city": "Fort Lauderdale", "state": "FL", "zip": "33311", "grade_levels": "KG-12", "enroll_pk": 0, "enroll_k4": 15, "enroll_58": 23, "enroll_912": 11, "enroll_k8": 38, "enroll_total": 49, "non_profit": true, "religious": true, "denomination": "NON-DENOMINATIONAL", "sbd": 5}}, {"type": "Feature", "geometry": {"type": "Point", "coordinates": [-80.189125106754, 26.121362611109]}, "properties": {"school_code": 7173, "name": "Hope For The Future Christian Academy", "county": "broward", "address": "3271 W. BROWARD BLVD.", "city": "Lauderhill", "state": "FL", "zip": "33312", "grade_levels": "KG-08", "enroll_pk": 0, "enroll_k4": 15, "enroll_58": 3, "enroll_912": 0, "enroll_k8": 18, "enroll_total": 18, "non_profit": true, "religious": true, "denomination": "NON-DENOMINATIONAL", "sbd": 5}}, {"type": "Feature", "geometry": {"type": "Point", "coordinates": [-80.095631571415, 26.289233318502]}, "properties": {"school_code": 8790, "name": "Hosanna Christian Academy", "county": "broward", "address": "4699 N FEDERAL HWY STE 105", "city": "Pompano Beach", "state": "FL", "zip": "33064", "grade_levels": "KG-12", "enroll_pk": 0, "enroll_k4": 3, "enroll_58": 5, "enroll_912": 0, "enroll_k8": 8, "enroll_total": 8, "non_profit": true, "religious": true, "denomination": "NON-DENOMINATIONAL", "sbd": 7}}, {"type": "Feature", "geometry": {"type": "Point", "coordinates": [-80.108503660473, 26.231586545806]}, "properties": {"school_code": 2849, "name": "Imk Pompano Llc", "county": "broward", "address": "1512 E ATLANTIC BLVD", "city": "Pompano Beach", "state": "FL", "zip": "33060", "grade_levels": "PK-12", "enroll_pk": 20, "enroll_k4": 5, "enroll_58": 0, "enroll_912": 0, "enroll_k8": 5, "enroll_total": 25, "non_profit": false, "religious": false, "denomination": null, "sbd": 3}}, {"type": "Feature", "geometry": {"type": "Point", "coordinates": [-80.178057732572, 26.118219722862]}, "properties": {"school_code": 8155, "name": "Jacklyn Academy", "county": "broward", "address": "325 SW 27TH AVENUE", "city": "Fort Lauderdale", "state": "FL", "zip": "33312", "grade_levels": "KG-12", "enroll_pk": 0, "enroll_k4": 25, "enroll_58": 7, "enroll_912": 16, "enroll_k8": 32, "enroll_total": 48, "non_profit": true, "religious": false, "denomination": null, "sbd": 3}}, {"type": "Feature", "geometry": {"type": "Point", "coordinates": [-80.153839523742, 26.138789898996]}, "properties": {"school_code": 9443, "name": "Jam Preparatory Academy Of Excellence", "county": "broward", "address": "1122 NW 9 AVENUE", "city": "Fort Lauderdale", "state": "FL", "zip": "33311", "grade_levels": "PK-12", "enroll_pk": 0, "enroll_k4": 24, "enroll_58": 43, "enroll_912": 80, "enroll_k8": 67, "enroll_total": 147, "non_profit": false, "religious": false, "denomination": null, "sbd": 5}}, {"type": "Feature", "geometry": {"type": "Point", "coordinates": [-80.162220284617, 26.00980656915]}, "properties": {"school_code": 5528, "name": "Jewish Cooperative School", "county": "broward", "address": "2751 VAN BUREN ST.", "city": "Hollywood", "state": "FL", "zip": "33020", "grade_levels": "08-12", "enroll_pk": 0, "enroll_k4": 0, "enroll_58": 9, "enroll_912": 138, "enroll_k8": 9, "enroll_total": 147, "non_profit": true, "religious": true, "denomination": "JEWISH", "sbd": 1}}, {"type": "Feature", "geometry": {"type": "Point", "coordinates": [-80.152727566566, 26.087015134328]}, "properties": {"school_code": 5666, "name": "Jewish School Of Miami", "county": "broward", "address": "3100 SW 9TH AVE", "city": "Ft. Lauderdale", "state": "FL", "zip": "33315", "grade_levels": "PK-12", "enroll_pk": 0, "enroll_k4": 138, "enroll_58": 140, "enroll_912": 158, "enroll_k8": 278, "enroll_total": 436, "non_profit": true, "religious": true, "denomination": "JEWISH", "sbd": 3}}, {"type": "Feature", "geometry": {"type": "Point", "coordinates": [-80.142002261495, 25.974998798822]}, "properties": {"school_code": 3755, "name": "Key Point Academy", "county": "broward", "address": "601 NORTH FEDERAL HIGHWAY", "city": "Hallandalebeach", "state": "FL", "zip": "33009", "grade_levels": "PK-KG", "enroll_pk": 82, "enroll_k4": 10, "enroll_58": 0, "enroll_912": 0, "enroll_k8": 10, "enroll_total": 92, "non_profit": false, "religious": false, "denomination": null, "sbd": 1}}, {"type": "Feature", "geometry": {"type": "Point", "coordinates": [-80.255979851284, 26.171066215896]}, "properties": {"school_code": 7452, "name": "Kids Haven Academy Sunrise", "county": "broward", "address": "3816 NORTH UNIVERSITY DR", "city": "Sunrise", "state": "FL", "zip": "33351", "grade_levels": "PK-06", "enroll_pk": 4, "enroll_k4": 20, "enroll_58": 4, "enroll_912": 0, "enroll_k8": 24, "enroll_total": 28, "non_profit": false, "religious": false, "denomination": null, "sbd": 5}}, {"type": "Feature", "geometry": {"type": "Point", "coordinates": [-80.386976372174, 26.010092043639]}, "properties": {"school_code": 7999, "name": "Kla School Of Pembroke Pines", "county": "broward", "address": "18055 NW 8TH ST", "city": "Pembroke Pines", "state": "FL", "zip": "33029", "grade_levels": "PK-KG", "enroll_pk": 87, "enroll_k4": 0, "enroll_58": 0, "enroll_912": 0, "enroll_k8": 0, "enroll_total": 87, "non_profit": false, "religious": false, "denomination": null, "sbd": 2}}, {"type": "Feature", "geometry": {"type": "Point", "coordinates": [-80.252234692674, 26.069436990978]}, "properties": {"school_code": 7700, "name": "Know It All Preparatory School", "county": "broward", "address": "4188 S. UNIVERSITY DRIVE", "city": "Davie", "state": "FL", "zip": "33328", "grade_levels": "KG-12", "enroll_pk": 0, "enroll_k4": 17, "enroll_58": 21, "enroll_912": 26, "enroll_k8": 38, "enroll_total": 64, "non_profit": false, "religious": true, "denomination": "NON-DENOMINATIONAL", "sbd": 6}}, {"type": "Feature", "geometry": {"type": "Point", "coordinates": [-80.203223630032, 26.139426616867]}, "properties": {"school_code": 8562, "name": "Kradle To Kindergarten Preschool Ii", "county": "broward", "address": "1269 NW 40TH AVENUE", "city": "Lauderhill", "state": "FL", "zip": "33313", "grade_levels": "PK-03", "enroll_pk": 88, "enroll_k4": 9, "enroll_58": 0, "enroll_912": 0, "enroll_k8": 9, "enroll_total": 97, "non_profit": false, "religious": false, "denomination": null, "sbd": 5}}, {"type": "Feature", "geometry": {"type": "Point", "coordinates": [-80.147683403315, 25.977923357741]}, "properties": {"school_code": 5689, "name": "Learning Academy", "county": "broward", "address": "715 SE 1ST AVE.", "city": "Hallandale", "state": "FL", "zip": "33009", "grade_levels": "PK-06", "enroll_pk": 0, "enroll_k4": 118, "enroll_58": 21, "enroll_912": 0, "enroll_k8": 139, "enroll_total": 139, "non_profit": false, "religious": false, "denomination": null, "sbd": 1}}, {"type": "Feature", "geometry": {"type": "Point", "coordinates": [-80.14752559392, 25.974707506873]}, "properties": {"school_code": 5076, "name": "Learning Corner Academy", "county": "broward", "address": "1003 SE 1 AVE", "city": "Hallandale", "state": "FL", "zip": "33009", "grade_levels": "PK-KG", "enroll_pk": 25, "enroll_k4": 1, "enroll_58": 0, "enroll_912": 0, "enroll_k8": 1, "enroll_total": 26, "non_profit": false, "religious": false, "denomination": null, "sbd": 1}}, {"type": "Feature", "geometry": {"type": "Point", "coordinates": [-80.123270812885, 26.211995695007]}, "properties": {"school_code": 8713, "name": "Learning Land Montessori", "county": "broward", "address": "1465 SOUTH CYPRESS ROAD", "city": "Pompano Beach", "state": "FL", "zip": "33060", "grade_levels": "PK-KG", "enroll_pk": 16, "enroll_k4": 5, "enroll_58": 0, "enroll_912": 0, "enroll_k8": 5, "enroll_total": 21, "non_profit": false, "religious": false, "denomination": null, "sbd": 3}}, {"type": "Feature", "geometry": {"type": "Point", "coordinates": [-80.287583025418, 26.135586326518]}, "properties": {"school_code": 7345, "name": "Learning Scope Academy", "county": "broward", "address": "867 N NOB HILL RD", "city": "Plantation", "state": "FL", "zip": "33324", "grade_levels": "PK-06", "enroll_pk": 26, "enroll_k4": 4, "enroll_58": 1, "enroll_912": 0, "enroll_k8": 5, "enroll_total": 31, "non_profit": false, "religious": false, "denomination": null, "sbd": 6}}, {"type": "Feature", "geometry": {"type": "Point", "coordinates": [-80.136371567418, 26.170424893223]}, "properties": {"school_code": 4205, "name": "Lighthouse Christian Academy", "county": "broward", "address": "801 NE 34 COURT", "city": "Oakland Park", "state": "FL", "zip": "33334", "grade_levels": "02-12", "enroll_pk": 0, "enroll_k4": 1, "enroll_58": 6, "enroll_912": 7, "enroll_k8": 7, "enroll_total": 14, "non_profit": true, "religious": true, "denomination": "NON-DENOMINATIONAL", "sbd": 3}}, {"type": "Feature", "geometry": {"type": "Point", "coordinates": [-80.097538358233, 26.260039968544]}, "properties": {"school_code": 5163, "name": "Lighthouse Christian School", "county": "broward", "address": "2331 NE 26 AVE", "city": "Pompano Beach", "state": "FL", "zip": "33062", "grade_levels": "KG-08", "enroll_pk": 0, "enroll_k4": 137, "enroll_58": 74, "enroll_912": 0, "enroll_k8": 211, "enroll_total": 211, "non_profit": true, "religious": true, "denomination": "PRESBYTERIAN", "sbd": 7}}, {"type": "Feature", "geometry": {"type": "Point", "coordinates": [-80.112611532654, 26.230811996316]}, "properties": {"school_code": 1940, "name": "Lil. Treazures Academy Inc", "county": "broward", "address": "101 SE 11TH AVE", "city": "Pompano Beach", "state": "FL", "zip": "33060", "grade_levels": "KG-12", "enroll_pk": 0, "enroll_k4": 0, "enroll_58": 0, "enroll_912": 0, "enroll_k8": 0, "enroll_total": 0, "non_profit": false, "religious": false, "denomination": null, "sbd": 3}}, {"type": "Feature", "geometry": {"type": "Point", "coordinates": [-80.094737382027, 26.320651859786]}, "properties": {"school_code": 5799, "name": "Little Bee'S Academy", "county": "broward", "address": "701 NE 2ND ST", "city": "Deerfield Beach", "state": "FL", "zip": "33441", "grade_levels": "PK-12", "enroll_pk": 21, "enroll_k4": 61, "enroll_58": 0, "enroll_912": 0, "enroll_k8": 61, "enroll_total": 82, "non_profit": true, "religious": true, "denomination": "NON-DENOMINATIONAL", "sbd": 7}}, {"type": "Feature", "geometry": {"type": "Point", "coordinates": [-80.139776281736, 26.159380714815]}, "properties": {"school_code": 9667, "name": "Little Flower Montessori School", "county": "broward", "address": "519 NE 26TH STREET", "city": "Wilton Manors", "state": "FL", "zip": "33305", "grade_levels": "PK-06", "enroll_pk": 15, "enroll_k4": 37, "enroll_58": 0, "enroll_912": 0, "enroll_k8": 37, "enroll_total": 52, "non_profit": false, "religious": false, "denomination": null, "sbd": 3}}, {"type": "Feature", "geometry": {"type": "Point", "coordinates": [-80.143998046353, 26.016221519822]}, "properties": {"school_code": 2405, "name": "Little Flower School", "county": "broward", "address": "1843 PIERCE STREET", "city": "Hollywood", "state": "FL", "zip": "33020", "grade_levels": "PK-08", "enroll_pk": 8, "enroll_k4": 98, "enroll_58": 81, "enroll_912": 0, "enroll_k8": 179, "enroll_total": 187, "non_profit": true, "religious": true, "denomination": "CATHOLIC", "sbd": 1}}, {"type": "Feature", "geometry": {"type": "Point", "coordinates": [-80.177532144251, 26.102308244099]}, "properties": {"school_code": 2853, "name": "Living Water Christian Academy", "county": "broward", "address": "1501 RIVERLAND ROAD", "city": "Fort Lauderdale", "state": "FL", "zip": "33312", "grade_levels": "PK-08", "enroll_pk": 13, "enroll_k4": 19, "enroll_58": 14, "enroll_912": 0, "enroll_k8": 33, "enroll_total": 46, "non_profit": true, "religious": true, "denomination": "BAPTIST", "sbd": 3}}, {"type": "Feature", "geometry": {"type": "Point", "coordinates": [-80.226776279501, 25.98205462722]}, "properties": {"school_code": 353, "name": "Love Outreach Christian Academy", "county": "broward", "address": "6969 MIRAMAR PARKWAY", "city": "Miramar", "state": "FL", "zip": "33023", "grade_levels": "05-12", "enroll_pk": 0, "enroll_k4": 0, "enroll_58": 3, "enroll_912": 2, "enroll_k8": 3, "enroll_total": 5, "non_profit": true, "religious": true, "denomination": "NON-DENOMINATIONAL", "sbd": 1}}, {"type": "Feature", "geometry": {"type": "Point", "coordinates": [-80.174473507983, 26.244920275774]}, "properties": {"school_code": 3756, "name": "Luna Christian Academy", "county": "broward", "address": "3720 COCONUT CREEK PARKWAY", "city": "Coconut Creek", "state": "FL", "zip": "33066", "grade_levels": "KG-08", "enroll_pk": 0, "enroll_k4": 42, "enroll_58": 9, "enroll_912": 0, "enroll_k8": 51, "enroll_total": 51, "non_profit": true, "religious": true, "denomination": "NON-DENOMINATIONAL", "sbd": 7}}, {"type": "Feature", "geometry": {"type": "Point", "coordinates": [-80.26522300175, 26.044892581675]}, "properties": {"school_code": 2546, "name": "Lycee Franco-American", "county": "broward", "address": "8900 STIRLING ROAD", "city": "Cooper City", "state": "FL", "zip": "33024", "grade_levels": "PK-08", "enroll_pk": 37, "enroll_k4": 70, "enroll_58": 43, "enroll_912": 0, "enroll_k8": 113, "enroll_total": 150, "non_profit": true, "religious": false, "denomination": null, "sbd": 6}}, {"type": "Feature", "geometry": {"type": "Point", "coordinates": [-80.287484807757, 26.032249206836]}, "properties": {"school_code": 2653, "name": "M.O.T. Academy", "county": "broward", "address": "2525 EMBASSY DR SUITE 13", "city": "Hollywood", "state": "FL", "zip": "33026", "grade_levels": "KG-12", "enroll_pk": 0, "enroll_k4": 4, "enroll_58": 0, "enroll_912": 0, "enroll_k8": 4, "enroll_total": 4, "non_profit": false, "religious": false, "denomination": null, "sbd": 6}}, {"type": "Feature", "geometry": {"type": "Point", "coordinates": [-80.158649747444, 26.122094825479]}, "properties": {"school_code": 8439, "name": "Madelaine Halmos Academy", "county": "broward", "address": "1315 W BROWARD BLVD", "city": "Fort Lauderdale", "state": "FL", "zip": "33312", "grade_levels": "KG-05", "enroll_pk": 0, "enroll_k4": 163, "enroll_58": 26, "enroll_912": 0, "enroll_k8": 189, "enroll_total": 189, "non_profit": true, "religious": false, "denomination": null, "sbd": 5}}, {"type": "Feature", "geometry": {"type": "Point", "coordinates": [-80.200818260293, 26.056092404885]}, "properties": {"school_code": 335, "name": "Maimonides Shalom/Brauser Academy", "county": "broward", "address": "5300 SW 40TH AVENUE", "city": "Ft. Lauderdale", "state": "FL", "zip": "33314", "grade_levels": "PK-08", "enroll_pk": 48, "enroll_k4": 357, "enroll_58": 238, "enroll_912": 0, "enroll_k8": 595, "enroll_total": 643, "non_profit": true, "religious": true, "denomination": "JEWISH", "sbd": 3}}, {"type": "Feature", "geometry": {"type": "Point", "coordinates": [-80.191637538265, 26.233573589413]}, "properties": {"school_code": 9518, "name": "Margate Christian Academy", "county": "broward", "address": "4850 W ATLANTIC BLVD", "city": "Margate", "state": "FL", "zip": "33063", "grade_levels": "PK-KG", "enroll_pk": 22, "enroll_k4": 9, "enroll_58": 0, "enroll_912": 0, "enroll_k8": 9, "enroll_total": 31, "non_profit": true, "religious": true, "denomination": "PENTECOSTAL", "sbd": 7}}, {"type": "Feature", "geometry": {"type": "Point", "coordinates": [-80.25111484326, 26.304491311852]}, "properties": {"school_code": 3258, "name": "Mary Help Of Christians School", "county": "broward", "address": "6000 UNIVERSITY DRIVE", "city": "Parkland", "state": "FL", "zip": "33067", "grade_levels": "PK-08", "enroll_pk": 89, "enroll_k4": 244, "enroll_58": 188, "enroll_912": 0, "enroll_k8": 432, "enroll_total": 521, "non_profit": true, "religious": true, "denomination": "CATHOLIC", "sbd": 4}}, {"type": "Feature", "geometry": {"type": "Point", "coordinates": [-80.228278056858, 26.228215904216]}, "properties": {"school_code": 8403, "name": "Master Minds Academy", "county": "broward", "address": "7540 SOUTHGATE BLVD", "city": "North Lauderdale", "state": "FL", "zip": "33068", "grade_levels": "PK-08", "enroll_pk": 20, "enroll_k4": 53, "enroll_58": 26, "enroll_912": 0, "enroll_k8": 79, "enroll_total": 99, "non_profit": true, "religious": true, "denomination": "NON-DENOMINATIONAL", "sbd": 4}}, {"type": "Feature", "geometry": {"type": "Point", "coordinates": [-80.145359044879, 26.189374009897]}, "properties": {"school_code": 6300, "name": "Millennium Leadership Christian Academy Inc", "county": "broward", "address": "110 NE 51ST STREET", "city": "Oakland Park", "state": "FL", "zip": "33334", "grade_levels": "PK-12", "enroll_pk": 3, "enroll_k4": 13, "enroll_58": 10, "enroll_912": 5, "enroll_k8": 23, "enroll_total": 31, "non_profit": true, "religious": true, "denomination": "NON-DENOMINATIONAL", "sbd": 3}}, {"type": "Feature", "geometry": {"type": "Point", "coordinates": [-80.192973348691, 25.984112295619]}, "properties": {"school_code": 7234, "name": "Mimi'S Learning Center", "county": "broward", "address": "4900 W. HALLANDALE BEACH BLVD", "city": "Hollywood", "state": "FL", "zip": "33023", "grade_levels": "PK-05", "enroll_pk": 9, "enroll_k4": 24, "enroll_58": 3, "enroll_912": 0, "enroll_k8": 27, "enroll_total": 36, "non_profit": true, "religious": true, "denomination": "NON-DENOMINATIONAL", "sbd": 1}}, {"type": "Feature", "geometry": {"type": "Point", "coordinates": [-80.23675776409, 26.136340115684]}, "properties": {"school_code": 9490, "name": "Mizrahi Torah Academy", "county": "broward", "address": "6515 W SUNRISE BLVD", "city": "Plantation", "state": "FL", "zip": "33313", "grade_levels": "KG-08", "enroll_pk": 0, "enroll_k4": 62, "enroll_58": 53, "enroll_912": 0, "enroll_k8": 115, "enroll_total": 115, "non_profit": true, "religious": true, "denomination": "JEWISH", "sbd": 5}}, {"type": "Feature", "geometry": {"type": "Point", "coordinates": [-80.170904651626, 26.162603039398]}, "properties": {"school_code": 5348, "name": "Mlmpi Prep Academy 2", "county": "broward", "address": "2913 NW 21 AVE", "city": "Oakland Park", "state": "FL", "zip": "33311", "grade_levels": "06-12", "enroll_pk": 0, "enroll_k4": 0, "enroll_58": 11, "enroll_912": 35, "enroll_k8": 11, "enroll_total": 46, "non_profit": false, "religious": false, "denomination": null, "sbd": 5}}, {"type": "Feature", "geometry": {"type": "Point", "coordinates": [-80.397989541014, 26.007446377893]}, "properties": {"school_code": 4123, "name": "Montessori Academy", "county": "broward", "address": "19200 PINES BLVD.", "city": "Pembroke Pines", "state": "FL", "zip": "33029", "grade_levels": "PK-08", "enroll_pk": 163, "enroll_k4": 299, "enroll_58": 113, "enroll_912": 0, "enroll_k8": 412, "enroll_total": 575, "non_profit": false, "religious": false, "denomination": null, "sbd": 2}}, {"type": "Feature", "geometry": {"type": "Point", "coordinates": [-80.314867158843, 26.064313768919]}, "properties": {"school_code": 5110, "name": "Montessori Institute Of Broward", "county": "broward", "address": "12425 ORANGE DR.", "city": "Davie", "state": "FL", "zip": "33330", "grade_levels": "PK-06", "enroll_pk": 81, "enroll_k4": 74, "enroll_58": 2, "enroll_912": 0, "enroll_k8": 76, "enroll_total": 157, "non_profit": false, "religious": false, "denomination": null, "sbd": 6}}, {"type": "Feature", "geometry": {"type": "Point", "coordinates": [-80.171580537146, 26.231620181863]}, "properties": {"school_code": 7117, "name": "Moreland'S Alternative Educational Academy", "county": "broward", "address": "3171 WEST ATLANTIC BOULEVARD", "city": "Pompano Beach", "state": "FL", "zip": "33069", "grade_levels": "KG-12", "enroll_pk": 0, "enroll_k4": 74, "enroll_58": 63, "enroll_912": 63, "enroll_k8": 137, "enroll_total": 200, "non_profit": true, "religious": true, "denomination": "NON-DENOMINATIONAL", "sbd": 7}}, {"type": "Feature", "geometry": {"type": "Point", "coordinates": [-80.144011558462, 26.109297931937]}, "properties": {"school_code": 7227, "name": "Murl-Windsor Academy At Hollywood", "county": "broward", "address": "110 SW 11 STREET", "city": "Fort Lauderdale", "state": "FL", "zip": "33315", "grade_levels": "KG-12", "enroll_pk": 0, "enroll_k4": 47, "enroll_58": 47, "enroll_912": 30, "enroll_k8": 94, "enroll_total": 124, "non_profit": true, "religious": true, "denomination": "NON-DENOMINATIONAL", "sbd": 3}}, {"type": "Feature", "geometry": {"type": "Point", "coordinates": [-80.141452697589, 25.985537733418]}, "properties": {"school_code": 7222, "name": "Nana'S Preschool Daycare Llc", "county": "broward", "address": "704 EAST HALLANDALE BEACH BLVD", "city": "Hallandale", "state": "FL", "zip": "33009", "grade_levels": "PK-05", "enroll_pk": 27, "enroll_k4": 0, "enroll_58": 0, "enroll_912": 0, "enroll_k8": 0, "enroll_total": 27, "non_profit": false, "religious": false, "denomination": null, "sbd": 1}}, {"type": "Feature", "geometry": {"type": "Point", "coordinates": [-80.197032913402, 26.017828254348]}, "properties": {"school_code": 87, "name": "Nativity School", "county": "broward", "address": "5200 JOHNSON STREET", "city": "Hollywood", "state": "FL", "zip": "33021", "grade_levels": "PK-08", "enroll_pk": 157, "enroll_k4": 352, "enroll_58": 306, "enroll_912": 0, "enroll_k8": 658, "enroll_total": 815, "non_profit": true, "religious": true, "denomination": "CATHOLIC", "sbd": 1}}, {"type": "Feature", "geometry": {"type": "Point", "coordinates": [-80.151696097553, 26.244063438128]}, "properties": {"school_code": 4646, "name": "New Dominion Christian Academy", "county": "broward", "address": "1417-1419 S POWERLINE ROAD", "city": "Pompano Beach", "state": "FL", "zip": "33069", "grade_levels": "PK-12", "enroll_pk": 0, "enroll_k4": 64, "enroll_58": 38, "enroll_912": 0, "enroll_k8": 102, "enroll_total": 102, "non_profit": true, "religious": true, "denomination": "NON-DENOMINATIONAL", "sbd": 7}}, {"type": "Feature", "geometry": {"type": "Point", "coordinates": [-80.346418990993, 26.115348320004]}, "properties": {"school_code": 8337, "name": "New Generation Christian Academy", "county": "broward", "address": "405 SW 148TH AVENUE SUITE 2", "city": "Davie", "state": "FL", "zip": "33325", "grade_levels": "KG-12", "enroll_pk": 0, "enroll_k4": 10, "enroll_58": 9, "enroll_912": 25, "enroll_k8": 19, "enroll_total": 44, "non_profit": false, "religious": true, "denomination": "NON-DENOMINATIONAL", "sbd": 6}}, {"type": "Feature", "geometry": {"type": "Point", "coordinates": [-80.126915279555, 26.222667163562]}, "properties": {"school_code": 8271, "name": "New Generation Montessori Childrens Academy", "county": "broward", "address": "251 SW 6TH STREET", "city": "Pompano Beach", "state": "FL", "zip": "33060", "grade_levels": "PK-03", "enroll_pk": 21, "enroll_k4": 4, "enroll_58": 0, "enroll_912": 0, "enroll_k8": 4, "enroll_total": 25, "non_profit": false, "religious": false, "denomination": null, "sbd": 3}}, {"type": "Feature", "geometry": {"type": "Point", "coordinates": [-80.187829905149, 26.20552144596]}, "properties": {"school_code": 6904, "name": "New Hope Christian School", "county": "broward", "address": "6400 NW 31ST AVE", "city": "Fort Lauderdale", "state": "FL", "zip": "33309", "grade_levels": "PK-12", "enroll_pk": 22, "enroll_k4": 107, "enroll_58": 57, "enroll_912": 8, "enroll_k8": 164, "enroll_total": 194, "non_profit": true, "religious": true, "denomination": "OTHER", "sbd": 3}}, {"type": "Feature", "geometry": {"type": "Point", "coordinates": [-80.192964675165, 26.114828602128]}, "properties": {"school_code": 4822, "name": "New Hope Sda School And Learning Center Inc", "county": "broward", "address": "545 EAST CAMPUS CIRCLE", "city": "Fort Lauderdale", "state": "FL", "zip": "33312", "grade_levels": "KG-08", "enroll_pk": 0, "enroll_k4": 51, "enroll_58": 45, "enroll_912": 0, "enroll_k8": 96, "enroll_total": 96, "non_profit": true, "religious": true, "denomination": "SEVENTH DAY ADVENTIST", "sbd": 3}}, {"type": "Feature", "geometry": {"type": "Point", "coordinates": [-80.156566923214, 26.129423022752]}, "properties": {"school_code": 4482, "name": "North Broward Christian School", "county": "broward", "address": "1107 NW 6TH ST.", "city": "Fort Lauderdale", "state": "FL", "zip": "33311", "grade_levels": "KG-12", "enroll_pk": 0, "enroll_k4": 52, "enroll_58": 70, "enroll_912": 81, "enroll_k8": 122, "enroll_total": 203, "non_profit": true, "religious": false, "denomination": null, "sbd": 5}}, {"type": "Feature", "geometry": {"type": "Point", "coordinates": [-80.1907273875, 26.317396024962]}, "properties": {"school_code": 2576, "name": "North Creek Christian Academy", "county": "broward", "address": "5000 W. HILLSBORO BLVD.", "city": "Coconut Creek", "state": "FL", "zip": "33073", "grade_levels": "KG-KG", "enroll_pk": 0, "enroll_k4": 0, "enroll_58": 0, "enroll_912": 0, "enroll_k8": 0, "enroll_total": 0, "non_profit": true, "religious": true, "denomination": "BAPTIST", "sbd": 7}}, {"type": "Feature", "geometry": {"type": "Point", "coordinates": [-80.287921736316, 26.045694393221]}, "properties": {"school_code": 3162, "name": "Nur Ul-Islam Academy", "county": "broward", "address": "10600 SW 59TH STREET", "city": "Cooper City", "state": "FL", "zip": "33328", "grade_levels": "PK-12", "enroll_pk": 44, "enroll_k4": 238, "enroll_58": 216, "enroll_912": 169, "enroll_k8": 454, "enroll_total": 667, "non_profit": false, "religious": true, "denomination": "ISLAMIC/MUSLIM", "sbd": 6}}, {"type": "Feature", "geometry": {"type": "Point", "coordinates": [-80.15273017445, 26.011129333791]}, "properties": {"school_code": 9563, "name": "Ohr Hatorah Yeshiva High School", "county": "broward", "address": "2300 HOLLYWOOD BLVD", "city": "Hollywood", "state": "FL", "zip": "33020", "grade_levels": "06-12", "enroll_pk": 0, "enroll_k4": 0, "enroll_58": 50, "enroll_912": 130, "enroll_k8": 50, "enroll_total": 180, "non_profit": true, "religious": true, "denomination": "JEWISH", "sbd": 1}}, {"type": "Feature", "geometry": {"type": "Point", "coordinates": [-80.178398953474, 26.108071524394]}, "properties": {"school_code": 195, "name": "Our Lady Queen Of Martyrs", "county": "broward", "address": "2785 SW 11TH COURT", "city": "Fort Lauderdale", "state": "FL", "zip": "33312-2901", "grade_levels": "PK-08", "enroll_pk": 43, "enroll_k4": 127, "enroll_58": 118, "enroll_912": 0, "enroll_k8": 245, "enroll_total": 288, "non_profit": true, "religious": true, "denomination": "CATHOLIC", "sbd": 3}}, {"type": "Feature", "geometry": {"type": "Point", "coordinates": [-80.255528861856, 26.128291499193]}, "properties": {"school_code": 2584, "name": "Our Savior Lutheran School", "county": "broward", "address": "8001 NW 5TH STREET", "city": "Plantation", "state": "FL", "zip": "33324-1998", "grade_levels": "PK-08", "enroll_pk": 44, "enroll_k4": 92, "enroll_58": 63, "enroll_912": 0, "enroll_k8": 155, "enroll_total": 199, "non_profit": true, "religious": true, "denomination": "LUTHERAN", "sbd": 5}}, {"type": "Feature", "geometry": {"type": "Point", "coordinates": [-80.19136659431, 26.251009357776]}, "properties": {"school_code": 6336, "name": "Paideia Classical Academy Inc.", "county": "broward", "address": "2370 HAMMOCK BLVD.", "city": "Coconut Creek", "state": "FL", "zip": "33063", "grade_levels": "PK-12", "enroll_pk": 8, "enroll_k4": 66, "enroll_58": 25, "enroll_912": 15, "enroll_k8": 91, "enroll_total": 114, "non_profit": true, "religious": true, "denomination": "OTHER", "sbd": 7}}, {"type": "Feature", "geometry": {"type": "Point", "coordinates": [-80.278941980039, 26.299329299351]}, "properties": {"school_code": 5354, "name": "Parkridge Christian Academy", "county": "broward", "address": "5600 CORAL RIDGE DRIVE", "city": "Coral Springs", "state": "FL", "zip": "33076", "grade_levels": "PK-11", "enroll_pk": 114, "enroll_k4": 250, "enroll_58": 219, "enroll_912": 50, "enroll_k8": 469, "enroll_total": 633, "non_profit": true, "religious": true, "denomination": "BAPTIST", "sbd": 4}}, {"type": "Feature", "geometry": {"type": "Point", "coordinates": [-80.313552969651, 26.104573530426]}, "properties": {"school_code": 2644, "name": "Parkway Christian School", "county": "broward", "address": "1200 S. FLAMINGO ROAD", "city": "Davie", "state": "FL", "zip": "33325", "grade_levels": "PK-08", "enroll_pk": 170, "enroll_k4": 276, "enroll_58": 191, "enroll_912": 0, "enroll_k8": 467, "enroll_total": 637, "non_profit": true, "religious": true, "denomination": "OTHER", "sbd": 6}}, {"type": "Feature", "geometry": {"type": "Point", "coordinates": [-80.234285732094, 26.009341111602]}, "properties": {"school_code": 7745, "name": "Pathway Schools", "county": "broward", "address": "7200 PINES BLVD", "city": "Pembroke Pines", "state": "FL", "zip": "33024", "grade_levels": "03-12", "enroll_pk": 0, "enroll_k4": 21, "enroll_58": 61, "enroll_912": 2, "enroll_k8": 82, "enroll_total": 84, "non_profit": false, "religious": false, "denomination": null, "sbd": 1}}, {"type": "Feature", "geometry": {"type": "Point", "coordinates": [-80.15339040869, 26.121234854711]}, "properties": {"school_code": 9398, "name": "Permission To Succeed Education Center", "county": "broward", "address": "100 SW 9TH AVENUE STE 1", "city": "Fort Lauderdale", "state": "FL", "zip": "33312", "grade_levels": "KG-12", "enroll_pk": 0, "enroll_k4": 34, "enroll_58": 18, "enroll_912": 33, "enroll_k8": 52, "enroll_total": 85, "non_profit": true, "religious": false, "denomination": null, "sbd": 3}}, {"type": "Feature", "geometry": {"type": "Point", "coordinates": [-80.222730585249, 26.253295488735]}, "properties": {"school_code": 7619, "name": "Phyl'S Academy Preparatory School", "county": "broward", "address": "7205 ROYAL PALM BLVD", "city": "Margate", "state": "FL", "zip": "33063", "grade_levels": "PK-12", "enroll_pk": 51, "enroll_k4": 165, "enroll_58": 64, "enroll_912": 21, "enroll_k8": 229, "enroll_total": 301, "non_profit": false, "religious": true, "denomination": "CHURCH OF GOD", "sbd": 4}}, {"type": "Feature", "geometry": {"type": "Point", "coordinates": [-80.225446983978, 25.97282105557]}, "properties": {"school_code": 6159, "name": "Phyl'S Academy Preschool Of Miramar", "county": "broward", "address": "4052 SW 69TH AVE", "city": "Miramar", "state": "FL", "zip": "33023", "grade_levels": "PK-01", "enroll_pk": 25, "enroll_k4": 8, "enroll_58": 0, "enroll_912": 0, "enroll_k8": 8, "enroll_total": 33, "non_profit": false, "religious": false, "denomination": null, "sbd": 1}}, {"type": "Feature", "geometry": {"type": "Point", "coordinates": [-80.255801567965, 26.04913054097]}, "properties": {"school_code": 5693, "name": "Pine Island Montessori", "county": "broward", "address": "5499 SW 82 AVENUE", "city": "Davie", "state": "FL", "zip": "33328", "grade_levels": "PK-05", "enroll_pk": 19, "enroll_k4": 20, "enroll_58": 1, "enroll_912": 0, "enroll_k8": 21, "enroll_total": 40, "non_profit": true, "religious": false, "denomination": null, "sbd": 6}}, {"type": "Feature", "geometry": {"type": "Point", "coordinates": [-80.212012338513, 26.164942510774]}, "properties": {"school_code": 6279, "name": "Piney Grove Academy", "county": "broward", "address": "4699 W. OAKLAND PARK BLVD.", "city": "Lauderdale Lks.", "state": "FL", "zip": "33313", "grade_levels": "KG-12", "enroll_pk": 0, "enroll_k4": 29, "enroll_58": 25, "enroll_912": 18, "enroll_k8": 54, "enroll_total": 72, "non_profit": true, "religious": true, "denomination": "BAPTIST", "sbd": 5}}, {"type": "Feature", "geometry": {"type": "Point", "coordinates": [-80.22696933112, 26.045982289339]}, "properties": {"school_code": 8444, "name": "Pk-12 Virtual Academy Inc.", "county": "broward", "address": "6900 STIRLING ROAD", "city": "Hollywood", "state": "FL", "zip": "33024", "grade_levels": "PK-12", "enroll_pk": 0, "enroll_k4": 0, "enroll_58": 4, "enroll_912": 21, "enroll_k8": 4, "enroll_total": 25, "non_profit": false, "religious": false, "denomination": null, "sbd": 6}}, {"type": "Feature", "geometry": {"type": "Point", "coordinates": [-80.277608677853, 26.272602893688]}, "properties": {"school_code": 1989, "name": "Play Learn And Grow Llc", "county": "broward", "address": "11380 WEST SAMPLE ROAD", "city": "Coral Springs", "state": "FL", "zip": "33065", "grade_levels": "PK-KG", "enroll_pk": 29, "enroll_k4": 0, "enroll_58": 0, "enroll_912": 0, "enroll_k8": 0, "enroll_total": 29, "non_profit": false, "religious": false, "denomination": null, "sbd": 4}}, {"type": "Feature", "geometry": {"type": "Point", "coordinates": [-80.313451048476, 26.044189543472]}, "properties": {"school_code": 1140, "name": "Potential Christian Academy", "county": "broward", "address": "12401 STIRLING ROAD", "city": "Cooper City", "state": "FL", "zip": "33330", "grade_levels": "PK-09", "enroll_pk": 103, "enroll_k4": 199, "enroll_58": 110, "enroll_912": 0, "enroll_k8": 309, "enroll_total": 412, "non_profit": true, "religious": true, "denomination": "BAPTIST", "sbd": 2}}, {"type": "Feature", "geometry": {"type": "Point", "coordinates": [-80.174473507983, 26.244920275774]}, "properties": {"school_code": 5643, "name": "Premier Academy School", "county": "broward", "address": "3720 COCONUT CREEK PKWY STE J", "city": "Coconut Creek", "state": "FL", "zip": "33066", "grade_levels": "KG-08", "enroll_pk": 0, "enroll_k4": 17, "enroll_58": 16, "enroll_912": 0, "enroll_k8": 33, "enroll_total": 33, "non_profit": true, "religious": true, "denomination": "NON-DENOMINATIONAL", "sbd": 7}}, {"type": "Feature", "geometry": {"type": "Point", "coordinates": [-80.132539254491, 26.226507576801]}, "properties": {"school_code": 9328, "name": "Purpose Academy", "county": "broward", "address": "600 SW 3RD STREET", "city": "Pompano Beach", "state": "FL", "zip": "33060", "grade_levels": "06-08", "enroll_pk": 0, "enroll_k4": 0, "enroll_58": 133, "enroll_912": 0, "enroll_k8": 133, "enroll_total": 133, "non_profit": true, "religious": true, "denomination": "NON-DENOMINATIONAL", "sbd": 3}}, {"type": "Feature", "geometry": {"type": "Point", "coordinates": [-80.172225118246, 26.183577570701]}, "properties": {"school_code": 7040, "name": "R.E.D.D. Learning Academy", "county": "broward", "address": "2850 W PROSPECT ROAD", "city": "Fort Lauderdale", "state": "FL", "zip": "33309", "grade_levels": "PK-12", "enroll_pk": 0, "enroll_k4": 19, "enroll_58": 16, "enroll_912": 8, "enroll_k8": 35, "enroll_total": 43, "non_profit": true, "religious": true, "denomination": "OTHER", "sbd": 5}}, {"type": "Feature", "geometry": {"type": "Point", "coordinates": [-80.174016661138, 26.165360246125]}, "properties": {"school_code": 6778, "name": "Refine Learning Center Ii Inc.", "county": "broward", "address": "2350 W OAKLAND PARK", "city": "Fort Lauderdale", "state": "FL", "zip": "33311", "grade_levels": "PK-12", "enroll_pk": 0, "enroll_k4": 31, "enroll_58": 39, "enroll_912": 29, "enroll_k8": 70, "enroll_total": 99, "non_profit": true, "religious": true, "denomination": "PENTECOSTAL", "sbd": 5}}, {"type": "Feature", "geometry": {"type": "Point", "coordinates": [-80.173399543038, 26.165365276965]}, "properties": {"school_code": 8320, "name": "Refine Therapeutic Learning Center Inc.", "county": "broward", "address": "2300 W OAKLAND PARK BLVD", "city": "Oakland Park", "state": "FL", "zip": "33311", "grade_levels": "PK-12", "enroll_pk": 1, "enroll_k4": 33, "enroll_58": 31, "enroll_912": 33, "enroll_k8": 64, "enroll_total": 98, "non_profit": true, "religious": true, "denomination": "PENTECOSTAL", "sbd": 5}}, {"type": "Feature", "geometry": {"type": "Point", "coordinates": [-80.171116137606, 26.183365366029]}, "properties": {"school_code": 6154, "name": "Rhema Word Christian Academy", "county": "broward", "address": "2800 W PROSPECT RD", "city": "Fort Lauderdale", "state": "FL", "zip": "33309", "grade_levels": "KG-12", "enroll_pk": 0, "enroll_k4": 77, "enroll_58": 62, "enroll_912": 65, "enroll_k8": 139, "enroll_total": 204, "non_profit": true, "religious": true, "denomination": "NON-DENOMINATIONAL", "sbd": 5}}, {"type": "Feature", "geometry": {"type": "Point", "coordinates": [-80.154249671294, 26.150741552913]}, "properties": {"school_code": 4019, "name": "Rise Christian Academy", "county": "broward", "address": "1800 NORTHWEST 9TH AVENUE", "city": "Fort Lauderdale", "state": "FL", "zip": "33311", "grade_levels": "KG-08", "enroll_pk": 0, "enroll_k4": 2, "enroll_58": 1, "enroll_912": 0, "enroll_k8": 3, "enroll_total": 3, "non_profit": false, "religious": true, "denomination": "NON-DENOMINATIONAL", "sbd": 5}}, {"type": "Feature", "geometry": {"type": "Point", "coordinates": [-80.087653805505, 26.313242890744]}, "properties": {"school_code": 2686, "name": "Saint Ambrose", "county": "broward", "address": "363 S.E. 12TH AVENUE", "city": "Deerfield Beach", "state": "FL", "zip": "33441", "grade_levels": "PK-08", "enroll_pk": 24, "enroll_k4": 127, "enroll_58": 117, "enroll_912": 0, "enroll_k8": 244, "enroll_total": 268, "non_profit": true, "religious": true, "denomination": "CATHOLIC", "sbd": 7}}, {"type": "Feature", "geometry": {"type": "Point", "coordinates": [-80.260127936393, 26.26702681944]}, "properties": {"school_code": 2689, "name": "Saint Andrew Catholic School", "county": "broward", "address": "9990 NORTHWEST 29TH STREET", "city": "Coral Springs", "state": "FL", "zip": "33065", "grade_levels": "PK-08", "enroll_pk": 59, "enroll_k4": 183, "enroll_58": 122, "enroll_912": 0, "enroll_k8": 305, "enroll_total": 364, "non_profit": true, "religious": true, "denomination": "CATHOLIC", "sbd": 4}}, {"type": "Feature", "geometry": {"type": "Point", "coordinates": [-80.135086772467, 26.125264547473]}, "properties": {"school_code": 2694, "name": "Saint Anthony School", "county": "broward", "address": "820 NE 3RD STREET", "city": "Fort Lauderdale", "state": "FL", "zip": "33301-1698", "grade_levels": "PK-08", "enroll_pk": 53, "enroll_k4": 208, "enroll_58": 205, "enroll_912": 0, "enroll_k8": 413, "enroll_total": 466, "non_profit": true, "religious": true, "denomination": "CATHOLIC", "sbd": 3}}, {"type": "Feature", "geometry": {"type": "Point", "coordinates": [-80.247356214827, 25.981619463561]}, "properties": {"school_code": 124, "name": "Saint Bartholomew School", "county": "broward", "address": "8003 MIRAMAR PARKWAY", "city": "Miramar", "state": "FL", "zip": "33025", "grade_levels": "PK-08", "enroll_pk": 5, "enroll_k4": 79, "enroll_58": 84, "enroll_912": 0, "enroll_k8": 163, "enroll_total": 168, "non_profit": true, "religious": true, "denomination": "CATHOLIC", "sbd": 2}}, {"type": "Feature", "geometry": {"type": "Point", "coordinates": [-80.330148467368, 26.103540036702]}, "properties": {"school_code": 4092, "name": "Saint Bonaventure Catholic School", "county": "broward", "address": "1301 SW 136TH AVE.", "city": "Davie", "state": "FL", "zip": "33325", "grade_levels": "PK-08", "enroll_pk": 74, "enroll_k4": 361, "enroll_58": 305, "enroll_912": 0, "enroll_k8": 666, "enroll_total": 740, "non_profit": true, "religious": true, "denomination": "CATHOLIC", "sbd": 6}}, {"type": "Feature", "geometry": {"type": "Point", "coordinates": [-80.103657970248, 26.215347772292]}, "properties": {"school_code": 127, "name": "Saint Coleman School", "county": "broward", "address": "2250 SE 12TH STREET", "city": "Pompano Beach", "state": "FL", "zip": "33062", "grade_levels": "PK-08", "enroll_pk": 35, "enroll_k4": 207, "enroll_58": 228, "enroll_912": 0, "enroll_k8": 435, "enroll_total": 470, "non_profit": true, "religious": true, "denomination": "CATHOLIC", "sbd": 3}}, {"type": "Feature", "geometry": {"type": "Point", "coordinates": [-80.252368896139, 26.072813904837]}, "properties": {"school_code": 304, "name": "Saint David Catholic School", "county": "broward", "address": "3900 S. UNIVERSITY DRIVE", "city": "Davie", "state": "FL", "zip": "33328", "grade_levels": "PK-08", "enroll_pk": 40, "enroll_k4": 224, "enroll_58": 227, "enroll_912": 0, "enroll_k8": 451, "enroll_total": 491, "non_profit": true, "religious": true, "denomination": "CATHOLIC", "sbd": 6}}, {"type": "Feature", "geometry": {"type": "Point", "coordinates": [-80.192310279491, 26.165151918892]}, "properties": {"school_code": 130, "name": "Saint Helen Catholic School", "county": "broward", "address": "3340 W. OAKLAND PARK BOULEVARD", "city": "Fort Lauderdale", "state": "FL", "zip": "33311", "grade_levels": "PK-08", "enroll_pk": 16, "enroll_k4": 147, "enroll_58": 97, "enroll_912": 0, "enroll_k8": 244, "enroll_total": 260, "non_profit": true, "religious": true, "denomination": "CATHOLIC", "sbd": 5}}, {"type": "Feature", "geometry": {"type": "Point", "coordinates": [-80.15289111934, 26.09029893693]}, "properties": {"school_code": 169, "name": "Saint Jerome Catholic School", "county": "broward", "address": "2601 SW 9TH AVENUE", "city": "Fort Lauderdale", "state": "FL", "zip": "33315", "grade_levels": "PK-08", "enroll_pk": 21, "enroll_k4": 118, "enroll_58": 111, "enroll_912": 0, "enroll_k8": 229, "enroll_total": 250, "non_profit": true, "religious": true, "denomination": "CATHOLIC", "sbd": 3}}, {"type": "Feature", "geometry": {"type": "Point", "coordinates": [-80.252004655653, 26.199601502912]}, "properties": {"school_code": 3077, "name": "Saint Malachy School", "county": "broward", "address": "7595 N.W. 61ST STREET", "city": "Tamarac", "state": "FL", "zip": "33321", "grade_levels": "PK-05", "enroll_pk": 35, "enroll_k4": 83, "enroll_58": 7, "enroll_912": 0, "enroll_k8": 90, "enroll_total": 125, "non_profit": true, "religious": true, "denomination": "CATHOLIC", "sbd": 4}}, {"type": "Feature", "geometry": {"type": "Point", "coordinates": [-80.313332553674, 26.051327634851]}, "properties": {"school_code": 316, "name": "Saint Mark Catholic School", "county": "broward", "address": "5601 SOUTH FLAMINGO ROAD", "city": "Southwest Ranches", "state": "FL", "zip": "33330", "grade_levels": "PK-08", "enroll_pk": 60, "enroll_k4": 257, "enroll_58": 278, "enroll_912": 0, "enroll_k8": 535, "enroll_total": 595, "non_profit": true, "religious": true, "denomination": "CATHOLIC", "sbd": 2}}, {"type": "Feature", "geometry": {"type": "Point", "coordinates": [-80.123349876045, 26.166900467352]}, "properties": {"school_code": 2497, "name": "Saint Marks Episcopal School", "county": "broward", "address": "1750 EAST OAKLAND PARK BLVD.", "city": "Fort Lauderdale", "state": "FL", "zip": "33334-5239", "grade_levels": "PK-08", "enroll_pk": 156, "enroll_k4": 227, "enroll_58": 230, "enroll_912": 0, "enroll_k8": 457, "enroll_total": 613, "non_profit": true, "religious": true, "denomination": "EPISCOPALIAN", "sbd": 3}}, {"type": "Feature", "geometry": {"type": "Point", "coordinates": [-80.179555250782, 26.107224022072]}, "properties": {"school_code": 135, "name": "Saint Thomas Aquinas High School", "county": "broward", "address": "2801 SW 12TH STREET", "city": "Fort Lauderdale", "state": "FL", "zip": "33312", "grade_levels": "09-12", "enroll_pk": 0, "enroll_k4": 0, "enroll_58": 0, "enroll_912": 2070, "enroll_k8": 0, "enroll_total": 2070, "non_profit": true, "religious": true, "denomination": "CATHOLIC", "sbd": 3}}, {"type": "Feature", "geometry": {"type": "Point", "coordinates": [-80.292613594645, 26.191579623246]}, "properties": {"school_code": 3505, "name": "Salah Tawfik Elementary Middle School", "county": "broward", "address": "5455 NW 108TH AVE", "city": "Sunrise", "state": "FL", "zip": "33351", "grade_levels": "PK-08", "enroll_pk": 20, "enroll_k4": 113, "enroll_58": 72, "enroll_912": 0, "enroll_k8": 185, "enroll_total": 205, "non_profit": true, "religious": true, "denomination": "ISLAMIC/MUSLIM", "sbd": 6}}, {"type": "Feature", "geometry": {"type": "Point", "coordinates": [-80.304627275025, 26.12401052313]}, "properties": {"school_code": 137, "name": "Sawgrass Adventist School", "county": "broward", "address": "11701 NW 4TH STREET", "city": "Plantation", "state": "FL", "zip": "33325", "grade_levels": "KG-08", "enroll_pk": 0, "enroll_k4": 85, "enroll_58": 80, "enroll_912": 0, "enroll_k8": 165, "enroll_total": 165, "non_profit": true, "religious": true, "denomination": "SEVENTH DAY ADVENTIST", "sbd": 6}}, {"type": "Feature", "geometry": {"type": "Point", "coordinates": [-80.195412895713, 26.104686351338]}, "properties": {"school_code": 289, "name": "School Of Excellence Inc", "county": "broward", "address": "3601 DAVIE BLVD", "city": "Ft. Lauderdale", "state": "FL", "zip": "33312", "grade_levels": "KG-08", "enroll_pk": 0, "enroll_k4": 22, "enroll_58": 7, "enroll_912": 0, "enroll_k8": 29, "enroll_total": 29, "non_profit": false, "religious": false, "denomination": null, "sbd": 3}}, {"type": "Feature", "geometry": {"type": "Point", "coordinates": [-80.164916443863, 26.013501490643]}, "properties": {"school_code": 4613, "name": "Sha'Arei Bina Torah Academy For Girls", "county": "broward", "address": "2907 TAYLOR STREET", "city": "Hollywood", "state": "FL", "zip": "33020", "grade_levels": "06-12", "enroll_pk": 0, "enroll_k4": 0, "enroll_58": 34, "enroll_912": 51, "enroll_k8": 34, "enroll_total": 85, "non_profit": true, "religious": true, "denomination": "JEWISH", "sbd": 1}}, {"type": "Feature", "geometry": {"type": "Point", "coordinates": [-80.120858117728, 26.189268490994]}, "properties": {"school_code": 2593, "name": "Shepherd Of The Coast", "county": "broward", "address": "1901 E. COMMERCIAL BOULEVARD", "city": "Fort Lauderdale", "state": "FL", "zip": "33308", "grade_levels": "KG-08", "enroll_pk": 0, "enroll_k4": 39, "enroll_58": 37, "enroll_912": 0, "enroll_k8": 76, "enroll_total": 76, "non_profit": true, "religious": true, "denomination": "LUTHERAN", "sbd": 3}}, {"type": "Feature", "geometry": {"type": "Point", "coordinates": [-80.181490674235, 26.032999504207]}, "properties": {"school_code": 3059, "name": "Sheridan Hills Christian School", "county": "broward", "address": "3751 SHERIDAN STREET", "city": "Hollywood", "state": "FL", "zip": "33021", "grade_levels": "PK-12", "enroll_pk": 61, "enroll_k4": 233, "enroll_58": 179, "enroll_912": 152, "enroll_k8": 412, "enroll_total": 625, "non_profit": true, "religious": true, "denomination": "BAPTIST", "sbd": 1}}, {"type": "Feature", "geometry": {"type": "Point", "coordinates": [-80.236700790879, 26.136316705036]}, "properties": {"school_code": 5769, "name": "Shorashim Academy", "county": "broward", "address": "6511 WEST SUNRISE BLVD", "city": "Plantation", "state": "FL", "zip": "33313", "grade_levels": "KG-08", "enroll_pk": 0, "enroll_k4": 144, "enroll_58": 36, "enroll_912": 0, "enroll_k8": 180, "enroll_total": 180, "non_profit": true, "religious": true, "denomination": "JEWISH", "sbd": 5}}, {"type": "Feature", "geometry": {"type": "Point", "coordinates": [-80.203456682449, 26.185204720744]}, "properties": {"school_code": 7949, "name": "South Florida Fashion Academy", "county": "broward", "address": "4850 N STATE ROAD 7 SUITE G109", "city": "Lauderdale Lakes", "state": "FL", "zip": "33319", "grade_levels": "PK-12", "enroll_pk": 0, "enroll_k4": 19, "enroll_58": 19, "enroll_912": 40, "enroll_k8": 38, "enroll_total": 78, "non_profit": true, "religious": false, "denomination": null, "sbd": 3}}, {"type": "Feature", "geometry": {"type": "Point", "coordinates": [-80.174262171356, 26.244927575825]}, "properties": {"school_code": 3239, "name": "South Florida Jewish Academy", "county": "broward", "address": "3700 COCONUT CREEK PKWY", "city": "Coconut Creek", "state": "FL", "zip": "33066", "grade_levels": "PK-12", "enroll_pk": 10, "enroll_k4": 43, "enroll_58": 41, "enroll_912": 15, "enroll_k8": 84, "enroll_total": 109, "non_profit": true, "religious": false, "denomination": null, "sbd": 7}}, {"type": "Feature", "geometry": {"type": "Point", "coordinates": [-80.260625649232, 26.208439500874]}, "properties": {"school_code": 6824, "name": "South Florida Montessori Academy", "county": "broward", "address": "8201 W MCNAB ROAD", "city": "Tamarac", "state": "FL", "zip": "33321", "grade_levels": "PK-06", "enroll_pk": 34, "enroll_k4": 38, "enroll_58": 5, "enroll_912": 0, "enroll_k8": 43, "enroll_total": 77, "non_profit": false, "religious": false, "denomination": null, "sbd": 4}}, {"type": "Feature", "geometry": {"type": "Point", "coordinates": [-80.120495931361, 26.138124228972]}, "properties": {"school_code": 9891, "name": "Spark Learning Xv", "county": "broward", "address": "1400 N FEDERAL HWY", "city": "Fort Lauderdale", "state": "FL", "zip": "33304", "grade_levels": "KG-08", "enroll_pk": 0, "enroll_k4": 51, "enroll_58": 30, "enroll_912": 0, "enroll_k8": 81, "enroll_total": 81, "non_profit": false, "religious": false, "denomination": null, "sbd": 3}}, {"type": "Feature", "geometry": {"type": "Point", "coordinates": [-80.238004071355, 26.045667950061]}, "properties": {"school_code": 2704, "name": "St. Bernadette Catholic School", "county": "broward", "address": "7450 STIRLING ROAD", "city": "Hollywood", "state": "FL", "zip": "33024", "grade_levels": "PK-08", "enroll_pk": 26, "enroll_k4": 114, "enroll_58": 98, "enroll_912": 0, "enroll_k8": 212, "enroll_total": 238, "non_profit": true, "religious": true, "denomination": "CATHOLIC", "sbd": 6}}, {"type": "Feature", "geometry": {"type": "Point", "coordinates": [-80.253228170125, 26.12264147616]}, "properties": {"school_code": 4883, "name": "St. Gregory", "county": "broward", "address": "200 N UNIVERSITY DR", "city": "Plantation", "state": "FL", "zip": "33324", "grade_levels": "PK-08", "enroll_pk": 36, "enroll_k4": 357, "enroll_58": 303, "enroll_912": 0, "enroll_k8": 660, "enroll_total": 696, "non_profit": true, "religious": true, "denomination": "CATHOLIC", "sbd": 5}}, {"type": "Feature", "geometry": {"type": "Point", "coordinates": [-80.141244951944, 26.168355918663]}, "properties": {"school_code": 436, "name": "St. Luke Christian Academy", "county": "broward", "address": "420 NE 33RD STREET", "city": "Oakland Park", "state": "FL", "zip": "33334", "grade_levels": "KG-12", "enroll_pk": 1, "enroll_k4": 11, "enroll_58": 5, "enroll_912": 1, "enroll_k8": 16, "enroll_total": 18, "non_profit": true, "religious": true, "denomination": "BAPTIST", "sbd": 3}}, {"type": "Feature", "geometry": {"type": "Point", "coordinates": [-80.241043618666, 26.036553211512]}, "properties": {"school_code": 6426, "name": "Steps 2 Progress Learning Development Cent", "county": "broward", "address": "7619 DAVIE ROAD EXT", "city": "Davie", "state": "FL", "zip": "33024", "grade_levels": "PK-08", "enroll_pk": 4, "enroll_k4": 18, "enroll_58": 6, "enroll_912": 0, "enroll_k8": 24, "enroll_total": 28, "non_profit": false, "religious": false, "denomination": null, "sbd": 6}}, {"type": "Feature", "geometry": {"type": "Point", "coordinates": [-80.231783370244, 26.053208454608]}, "properties": {"school_code": 2678, "name": "Summit-Questa Montessori School", "county": "broward", "address": "5451 S.W. 64TH AVE.", "city": "Davie", "state": "FL", "zip": "33314", "grade_levels": "PK-08", "enroll_pk": 66, "enroll_k4": 228, "enroll_58": 138, "enroll_912": 0, "enroll_k8": 366, "enroll_total": 432, "non_profit": false, "religious": false, "denomination": null, "sbd": 6}}, {"type": "Feature", "geometry": {"type": "Point", "coordinates": [-80.16080720216, 26.093680361102]}, "properties": {"school_code": 2176, "name": "Sunset Sudbury School", "county": "broward", "address": "2300 SW 15 AVE", "city": "Fort Lauderdale", "state": "FL", "zip": "33315", "grade_levels": "KG-12", "enroll_pk": 0, "enroll_k4": 8, "enroll_58": 11, "enroll_912": 2, "enroll_k8": 19, "enroll_total": 21, "non_profit": true, "religious": false, "denomination": null, "sbd": 3}}, {"type": "Feature", "geometry": {"type": "Point", "coordinates": [-80.142876165433, 26.000339647895]}, "properties": {"school_code": 8799, "name": "Sunshine State Academy", "county": "broward", "address": "1308 S FEDERAL HWY", "city": "Hollywood", "state": "FL", "zip": "33020", "grade_levels": "PK-08", "enroll_pk": 60, "enroll_k4": 135, "enroll_58": 13, "enroll_912": 0, "enroll_k8": 148, "enroll_total": 208, "non_profit": false, "religious": false, "denomination": null, "sbd": 1}}, {"type": "Feature", "geometry": {"type": "Point", "coordinates": [-80.20797063913, 26.135997825579]}, "properties": {"school_code": 7446, "name": "Super School", "county": "broward", "address": "4343 W SUNRISE BLVD", "city": "Plantation", "state": "FL", "zip": "33313", "grade_levels": "KG-12", "enroll_pk": 0, "enroll_k4": 6, "enroll_58": 17, "enroll_912": 17, "enroll_k8": 23, "enroll_total": 40, "non_profit": true, "religious": false, "denomination": null, "sbd": 5}}, {"type": "Feature", "geometry": {"type": "Point", "coordinates": [-80.227280789861, 26.065886043026]}, "properties": {"school_code": 7135, "name": "T.I.E.S.", "county": "broward", "address": "6045 SW 45TH ST.", "city": "Davie", "state": "FL", "zip": "33314", "grade_levels": "KG-12", "enroll_pk": 0, "enroll_k4": 55, "enroll_58": 18, "enroll_912": 0, "enroll_k8": 73, "enroll_total": 73, "non_profit": true, "religious": true, "denomination": "ISLAMIC/MUSLIM", "sbd": 6}}, {"type": "Feature", "geometry": {"type": "Point", "coordinates": [-80.228337861662, 26.071868707659]}, "properties": {"school_code": 6965, "name": "Tabernacle Christian Center Academy", "county": "broward", "address": "4101 SW 61ST AVENUE", "city": "Davie", "state": "FL", "zip": "33314", "grade_levels": "PK-12", "enroll_pk": 0, "enroll_k4": 11, "enroll_58": 3, "enroll_912": 2, "enroll_k8": 14, "enroll_total": 16, "non_profit": false, "religious": true, "denomination": "PENTECOSTAL", "sbd": 6}}, {"type": "Feature", "geometry": {"type": "Point", "coordinates": [-80.287793879104, 26.045988865156]}, "properties": {"school_code": 5821, "name": "Tag Academy", "county": "broward", "address": "5960 SW 106TH AVE", "city": "Cooper City", "state": "FL", "zip": "33328", "grade_levels": "09-12", "enroll_pk": 0, "enroll_k4": 0, "enroll_58": 0, "enroll_912": 16, "enroll_k8": 0, "enroll_total": 16, "non_profit": true, "religious": true, "denomination": "JEWISH", "sbd": 6}}, {"type": "Feature", "geometry": {"type": "Point", "coordinates": [-80.277274631951, 26.008143875223]}, "properties": {"school_code": 164, "name": "Tanglewood Academy", "county": "broward", "address": "9860 PINES BOULEVARD", "city": "Pembroke Pines", "state": "FL", "zip": "33024", "grade_levels": "PK-01", "enroll_pk": 21, "enroll_k4": 15, "enroll_58": 0, "enroll_912": 0, "enroll_k8": 15, "enroll_total": 36, "non_profit": false, "religious": false, "denomination": null, "sbd": 2}}, {"type": "Feature", "geometry": {"type": "Point", "coordinates": [-80.313653760542, 26.061657527122]}, "properties": {"school_code": 3938, "name": "Temple Beth Emet Day School", "county": "broward", "address": "4807 S FLAMINGO ROAD", "city": "Cooper City", "state": "FL", "zip": "33330", "grade_levels": "KG-08", "enroll_pk": 0, "enroll_k4": 146, "enroll_58": 73, "enroll_912": 0, "enroll_k8": 219, "enroll_total": 219, "non_profit": true, "religious": true, "denomination": "JEWISH", "sbd": 2}}, {"type": "Feature", "geometry": {"type": "Point", "coordinates": [-80.176397948984, 26.165331989268]}, "properties": {"school_code": 8053, "name": "The Embassy Academy", "county": "broward", "address": "2516-18 W OAKLAND PARK BLVD", "city": "Oakland", "state": "FL", "zip": "33311", "grade_levels": "PK-12", "enroll_pk": 1, "enroll_k4": 36, "enroll_58": 20, "enroll_912": 6, "enroll_k8": 56, "enroll_total": 63, "non_profit": true, "religious": true, "denomination": "NON-DENOMINATIONAL", "sbd": 5}}, {"type": "Feature", "geometry": {"type": "Point", "coordinates": [-80.161330681313, 26.129556771667]}, "properties": {"school_code": 9187, "name": "The International Family Academy", "county": "broward", "address": "615 NW 14 WAY", "city": "Fort Lauderdale", "state": "FL", "zip": "33311", "grade_levels": "PK-12", "enroll_pk": 0, "enroll_k4": 85, "enroll_58": 78, "enroll_912": 36, "enroll_k8": 163, "enroll_total": 199, "non_profit": true, "religious": true, "denomination": "NON-DENOMINATIONAL", "sbd": 5}}, {"type": "Feature", "geometry": {"type": "Point", "coordinates": [-80.30006286425, 26.121067527369]}, "properties": {"school_code": 2790, "name": "The Learning Nest", "county": "broward", "address": "11401 WEST BROWARD BLVD.", "city": "Plantation", "state": "FL", "zip": "33325", "grade_levels": "PK-KG", "enroll_pk": 78, "enroll_k4": 7, "enroll_58": 0, "enroll_912": 0, "enroll_k8": 7, "enroll_total": 85, "non_profit": false, "religious": false, "denomination": null, "sbd": 6}}, {"type": "Feature", "geometry": {"type": "Point", "coordinates": [-80.186536717142, 26.325197209188]}, "properties": {"school_code": 2599, "name": "The North Broward Preparatory Schools", "county": "broward", "address": "7600 LYONS RD", "city": "Coconut Creek", "state": "FL", "zip": "33073-0730", "grade_levels": "PK-12", "enroll_pk": 60, "enroll_k4": 353, "enroll_58": 513, "enroll_912": 880, "enroll_k8": 866, "enroll_total": 1806, "non_profit": false, "religious": false, "denomination": null, "sbd": 7}}, {"type": "Feature", "geometry": {"type": "Point", "coordinates": [-80.390594780937, 26.106452738566]}, "properties": {"school_code": 633, "name": "Three Village Montessori School", "county": "broward", "address": "1400 INDIAN TRACE", "city": "Weston", "state": "FL", "zip": "33326", "grade_levels": "PK-05", "enroll_pk": 18, "enroll_k4": 46, "enroll_58": 2, "enroll_912": 0, "enroll_k8": 48, "enroll_total": 66, "non_profit": false, "religious": false, "denomination": null, "sbd": 6}}, {"type": "Feature", "geometry": {"type": "Point", "coordinates": [-80.102815591314, 26.228386789744]}, "properties": {"school_code": 9111, "name": "Transformational Technologies Academy 1", "county": "broward", "address": "371 SOUTH FEDERAL HWY", "city": "Pompano Beach", "state": "FL", "zip": "33020", "grade_levels": "06-12", "enroll_pk": 0, "enroll_k4": 0, "enroll_58": 11, "enroll_912": 62, "enroll_k8": 11, "enroll_total": 73, "non_profit": false, "religious": false, "denomination": null, "sbd": 3}}, {"type": "Feature", "geometry": {"type": "Point", "coordinates": [-80.213303610599, 26.107470933911]}, "properties": {"school_code": 596, "name": "Trinitas Academy", "county": "broward", "address": "1101 SW 49TH AVENUE", "city": "Plantation", "state": "FL", "zip": "33317", "grade_levels": "PK-12", "enroll_pk": 18, "enroll_k4": 97, "enroll_58": 87, "enroll_912": 51, "enroll_k8": 184, "enroll_total": 253, "non_profit": true, "religious": true, "denomination": "BAPTIST", "sbd": 3}}, {"type": "Feature", "geometry": {"type": "Point", "coordinates": [-80.094138728762, 26.279914440818]}, "properties": {"school_code": 5268, "name": "Trinity Christian School A Ministry Of Coa", "county": "broward", "address": "3901 NE 22ND AVENUE", "city": "Lighthouse Point", "state": "FL", "zip": "33064", "grade_levels": "KG-05", "enroll_pk": 0, "enroll_k4": 89, "enroll_58": 7, "enroll_912": 0, "enroll_k8": 96, "enroll_total": 96, "non_profit": true, "religious": true, "denomination": "NON-DENOMINATIONAL", "sbd": 7}}, {"type": "Feature", "geometry": {"type": "Point", "coordinates": [-80.18675933917, 26.103744401066]}, "properties": {"school_code": 5849, "name": "Ucp Early Beginnings", "county": "broward", "address": "3150 SW 13TH COURT", "city": "Ft Lauderdale", "state": "FL", "zip": "33312", "grade_levels": "PK-12", "enroll_pk": 6, "enroll_k4": 19, "enroll_58": 12, "enroll_912": 1, "enroll_k8": 31, "enroll_total": 38, "non_profit": true, "religious": false, "denomination": null, "sbd": 3}}, {"type": "Feature", "geometry": {"type": "Point", "coordinates": [-80.111576454257, 26.196802933649]}, "properties": {"school_code": 2798, "name": "Westminster Academy", "county": "broward", "address": "5601 N. FEDERAL HIGHWAY", "city": "Fort Lauderdale", "state": "FL", "zip": "33308", "grade_levels": "PK-12", "enroll_pk": 107, "enroll_k4": 295, "enroll_58": 311, "enroll_912": 324, "enroll_k8": 606, "enroll_total": 1037, "non_profit": true, "religious": true, "denomination": "PRESBYTERIAN", "sbd": 3}}, {"type": "Feature", "geometry": {"type": "Point", "coordinates": [-80.389437580522, 26.105778226136]}, "properties": {"school_code": 368, "name": "Weston Christian Academy", "county": "broward", "address": "1420 INDIAN TRACE", "city": "Weston", "state": "FL", "zip": "33326", "grade_levels": "PK-08", "enroll_pk": 59, "enroll_k4": 209, "enroll_58": 151, "enroll_912": 0, "enroll_k8": 360, "enroll_total": 419, "non_profit": true, "religious": true, "denomination": "BAPTIST", "sbd": 6}}, {"type": "Feature", "geometry": {"type": "Point", "coordinates": [-80.140547639176, 26.121528928772]}, "properties": {"school_code": 6037, "name": "Xceed Prep Fort Lauderdale", "county": "broward", "address": "101 SE 3RD AVENUE", "city": "Fort Lauderdale", "state": "FL", "zip": "33301", "grade_levels": "05-12", "enroll_pk": 0, "enroll_k4": 0, "enroll_58": 26, "enroll_912": 35, "enroll_k8": 26, "enroll_total": 61, "non_profit": false, "religious": false, "denomination": null, "sbd": 3}}, {"type": "Feature", "geometry": {"type": "Point", "coordinates": [-80.25001696954, 26.27143610943]}, "properties": {"school_code": 8903, "name": "Xceed Preparatory Academy Coral Springs", "county": "broward", "address": "3301 NORTH UNIVERSITY DRIVE", "city": "Coral Springs", "state": "FL", "zip": "33065", "grade_levels": "05-12", "enroll_pk": 0, "enroll_k4": 0, "enroll_58": 22, "enroll_912": 47, "enroll_k8": 22, "enroll_total": 69, "non_profit": false, "religious": false, "denomination": null, "sbd": 4}}, {"type": "Feature", "geometry": {"type": "Point", "coordinates": [-80.423364805971, 26.136209710319]}, "properties": {"school_code": 5169, "name": "Xceed Preparatory Academy-Weston", "county": "broward", "address": "2900 GLADES CIRCLE SUITE 1600", "city": "Weston", "state": "FL", "zip": "33327", "grade_levels": "05-12", "enroll_pk": 0, "enroll_k4": 0, "enroll_58": 19, "enroll_912": 94, "enroll_k8": 19, "enroll_total": 113, "non_profit": false, "religious": false, "denomination": null, "sbd": 6}}, {"type": "Feature", "geometry": {"type": "Point", "coordinates": [-80.265865988572, 26.044871201442]}, "properties": {"school_code": 879, "name": "Yeshivat Torat Yosef", "county": "broward", "address": "8950 STIRLING RD", "city": "Cooper City", "state": "FL", "zip": "33024", "grade_levels": "PK-12", "enroll_pk": 22, "enroll_k4": 63, "enroll_58": 6, "enroll_912": 1, "enroll_k8": 69, "enroll_total": 92, "non_profit": true, "religious": true, "denomination": "BAPTIST", "sbd": 6}}, {"type": "Feature", "geometry": {"type": "Point", "coordinates": [-80.121636090297, 26.211086792093]}, "properties": {"school_code": 8459, "name": "Young Brilliant Mindz Academy Llc", "county": "broward", "address": "118 E MCNAB RD", "city": "Pompano Beach", "state": "FL", "zip": "33060", "grade_levels": "KG-08", "enroll_pk": 0, "enroll_k4": 30, "enroll_58": 12, "enroll_912": 0, "enroll_k8": 42, "enroll_total": 42, "non_profit": false, "religious": false, "denomination": null, "sbd": 3}}, {"type": "Feature", "geometry": {"type": "Point", "coordinates": [-80.212712009657, 25.99549051288]}, "properties": {"school_code": 4536, "name": "Young Kidz Academy", "county": "broward", "address": "6281 PEMBROKE ROAD", "city": "Hollywood", "state": "FL", "zip": "33023", "grade_levels": "PK-12", "enroll_pk": 95, "enroll_k4": 28, "enroll_58": 0, "enroll_912": 0, "enroll_k8": 28, "enroll_total": 123, "non_profit": false, "religious": false, "denomination": null, "sbd": 1}}, {"type": "Feature", "geometry": {"type": "Point", "coordinates": [-80.267915375149, 26.045044154208]}, "properties": {"school_code": 8792, "name": "Youth Investments Of Cooper City", "county": "broward", "address": "8951 STIRLING ROAD", "city": "Cooper City", "state": "FL", "zip": "33328", "grade_levels": "KG-KG", "enroll_pk": 0, "enroll_k4": 0, "enroll_58": 0, "enroll_912": 0, "enroll_k8": 0, "enroll_total": 0, "non_profit": false, "religious": false, "denomination": null, "sbd": 6}}, {"type": "Feature", "geometry": {"type": "Point", "coordinates": [-80.234365318561, 26.073009668495]}, "properties": {"school_code": 8743, "name": "Youth Investments Of Davie", "county": "broward", "address": "6550 SW 39TH STREET", "city": "Davie", "state": "FL", "zip": "33314", "grade_levels": "KG-KG", "enroll_pk": 0, "enroll_k4": 11, "enroll_58": 0, "enroll_912": 0, "enroll_k8": 11, "enroll_total": 11, "non_profit": false, "religious": false, "denomination": null, "sbd": 6}}, {"type": "Feature", "geometry": {"type": "Point", "coordinates": [-80.316442017463, 26.022391549044]}, "properties": {"school_code": 8791, "name": "Youth Investments Of Pembroke Pines", "county": "broward", "address": "12499 TAFT STREET", "city": "Pembroke Pines", "state": "FL", "zip": "33028", "grade_levels": "KG-KG", "enroll_pk": 0, "enroll_k4": 11, "enroll_58": 0, "enroll_912": 0, "enroll_k8": 11, "enroll_total": 11, "non_profit": false, "religious": false, "denomination": null, "sbd": 2}}, {"type": "Feature", "geometry": {"type": "Point", "coordinates": [-80.365194713771, 26.097273950372]}, "properties": {"school_code": 8793, "name": "Youth Investments Of Weston", "county": "broward", "address": "1685 NORTH COMMERCE PARKWAY", "city": "Weston", "state": "FL", "zip": "33326", "grade_levels": "KG-KG", "enroll_pk": 0, "enroll_k4": 9, "enroll_58": 0, "enroll_912": 0, "enroll_k8": 9, "enroll_total": 9, "non_profit": false, "religious": false, "denomination": null, "sbd": 6}}, {"type": "Feature", "geometry": {"type": "Point", "coordinates": [-80.253324928271, 26.252468920035]}, "properties": {"school_code": 95, "name": "Zimmerman School House Dba Lion Star Academ", "county": "broward", "address": "1710 N. UNIVERSITY DRIVE", "city": "Coral Springs", "state": "FL", "zip": "33071", "grade_levels": "KG-12", "enroll_pk": 0, "enroll_k4": 1, "enroll_58": 3, "enroll_912": 9, "enroll_k8": 4, "enroll_total": 13, "non_profit": true, "religious": false, "denomination": null, "sbd": 4}}, {"type": "Feature", "geometry": {"type": "Point", "coordinates": [-80.128345004701, 26.316087927694]}, "properties": {"school_code": 8659, "name": "Zucker Jewish Academy Of Boca Raton Llc", "county": "broward", "address": "201 S MILITARY TRAIL", "city": "Deerfield Beach", "state": "FL", "zip": "33442", "grade_levels": "PK-04", "enroll_pk": 5, "enroll_k4": 4, "enroll_58": 0, "enroll_912": 0, "enroll_k8": 4, "enroll_total": 9, "non_profit": true, "religious": true, "denomination": "JEWISH", "sbd": 7}}, {"type": "Feature", "geometry": {"type": "Point", "coordinates": [-80.245528664032, 25.928503220388]}, "properties": {"school_code": 923, "name": "A Better Learning Experience Llc", "county": "miamidade", "address": "2740 NW 169TH TERRACE", "city": "Miami Gardens", "state": "FL", "zip": "33056", "grade_levels": "KG-03", "enroll_pk": 0, "enroll_k4": 0, "enroll_58": 0, "enroll_912": 0, "enroll_k8": 0, "enroll_total": 0, "non_profit": false, "religious": false, "denomination": null, "sbd": null, "mdc_sbd": 1}}, {"type": "Feature", "geometry": {"type": "Point", "coordinates": [-80.192796797345, 25.848723959303]}, "properties": {"school_code": 8069, "name": "A Gsa Academy School Inc", "county": "miamidade", "address": "8017 NE 2 AVENUE", "city": "Miami", "state": "FL", "zip": "33138", "grade_levels": "PK-12", "enroll_pk": 0, "enroll_k4": 2, "enroll_58": 4, "enroll_912": 2, "enroll_k8": 6, "enroll_total": 8, "non_profit": true, "religious": true, "denomination": "NON-DENOMINATIONAL", "sbd": null, "mdc_sbd": 2}}, {"type": "Feature", "geometry": {"type": "Point", "coordinates": [-80.232157866906, 25.813198379585]}, "properties": {"school_code": 6830, "name": "A League Of Their Own Academy Llc", "county": "miamidade", "address": "4111 NW 22 AVENUE", "city": "Miami", "state": "FL", "zip": "33142", "grade_levels": "PK-KG", "enroll_pk": 0, "enroll_k4": 0, "enroll_58": 0, "enroll_912": 0, "enroll_k8": 0, "enroll_total": 0, "non_profit": false, "religious": false, "denomination": null, "sbd": null, "mdc_sbd": 2}}, {"type": "Feature", "geometry": {"type": "Point", "coordinates": [-80.205169930259, 25.943706254025]}, "properties": {"school_code": 6983, "name": "A Perfect Place 4 Kidz", "county": "miamidade", "address": "18425 NW 2ND AVE", "city": "Miami Garden", "state": "FL", "zip": "33169", "grade_levels": "PK-12", "enroll_pk": 0, "enroll_k4": 28, "enroll_58": 12, "enroll_912": 11, "enroll_k8": 40, "enroll_total": 51, "non_profit": true, "religious": true, "denomination": "NON-DENOMINATIONAL", "sbd": null, "mdc_sbd": 1}}, {"type": "Feature", "geometry": {"type": "Point", "coordinates": [-80.285608504439, 25.82448063829]}, "properties": {"school_code": 5108, "name": "A.K.T.I.V. Learning Academy", "county": "miamidade", "address": "300 N. ROYAL POINCIANA BLVD.", "city": "Miami Springs", "state": "FL", "zip": "33166", "grade_levels": "KG-12", "enroll_pk": 0, "enroll_k4": 13, "enroll_58": 4, "enroll_912": 11, "enroll_k8": 17, "enroll_total": 28, "non_profit": false, "religious": false, "denomination": null, "sbd": null, "mdc_sbd": 5}}, {"type": "Feature", "geometry": {"type": "Point", "coordinates": [-80.301891297667, 25.841602981739]}, "properties": {"school_code": 8452, "name": "Abc Daycare And Preschool", "county": "miamidade", "address": "990 WEST 22ND STREET", "city": "Hialeah", "state": "FL", "zip": "33010", "grade_levels": "PK-03", "enroll_pk": 19, "enroll_k4": 23, "enroll_58": 0, "enroll_912": 0, "enroll_k8": 23, "enroll_total": 42, "non_profit": false, "religious": false, "denomination": null, "sbd": null, "mdc_sbd": 4}}, {"type": "Feature", "geometry": {"type": "Point", "coordinates": [-80.281884694332, 25.83855054443]}, "properties": {"school_code": 2245, "name": "Abf Academy Hialeah Campus", "county": "miamidade", "address": "1851 PALM AVENUE", "city": "Hialeah", "state": "FL", "zip": "33010", "grade_levels": "06-12", "enroll_pk": 0, "enroll_k4": 0, "enroll_58": 18, "enroll_912": 85, "enroll_k8": 18, "enroll_total": 103, "non_profit": false, "religious": false, "denomination": null, "sbd": null, "mdc_sbd": 4}}, {"type": "Feature", "geometry": {"type": "Point", "coordinates": [-80.397831860279, 25.507198695208]}, "properties": {"school_code": 7696, "name": "Abf Learning Center", "county": "miamidade", "address": "12767 SW 280 STREET", "city": "Miami", "state": "FL", "zip": "33032", "grade_levels": "KG-12", "enroll_pk": 0, "enroll_k4": 76, "enroll_58": 68, "enroll_912": 139, "enroll_k8": 144, "enroll_total": 283, "non_profit": false, "religious": false, "denomination": null, "sbd": null, "mdc_sbd": 9}}, {"type": "Feature", "geometry": {"type": "Point", "coordinates": [-80.311912930658, 25.937415619835]}, "properties": {"school_code": 5557, "name": "Academy For Young Learners Inc.", "county": "miamidade", "address": "18191 NW 68 AVE", "city": "Hialeah", "state": "FL", "zip": "33015", "grade_levels": "PK-05", "enroll_pk": 27, "enroll_k4": 108, "enroll_58": 16, "enroll_912": 0, "enroll_k8": 124, "enroll_total": 151, "non_profit": false, "religious": false, "denomination": null, "sbd": null, "mdc_sbd": 4}}, {"type": "Feature", "geometry": {"type": "Point", "coordinates": [-80.20951731902, 25.828516878483]}, "properties": {"school_code": 5910, "name": "Academy Of Excellence", "county": "miamidade", "address": "740 NW 58TH STREET", "city": "Miami", "state": "FL", "zip": "33127", "grade_levels": "KG-12", "enroll_pk": 0, "enroll_k4": 4, "enroll_58": 15, "enroll_912": 22, "enroll_k8": 19, "enroll_total": 41, "non_profit": false, "religious": false, "denomination": null, "sbd": null, "mdc_sbd": 2}}, {"type": "Feature", "geometry": {"type": "Point", "coordinates": [-80.25091289605, 25.904199480507]}, "properties": {"school_code": 7354, "name": "Academy Of Excellence 1", "county": "miamidade", "address": "940 CALIPH STREET", "city": "Opa Locka", "state": "FL", "zip": "33054", "grade_levels": "PK-12", "enroll_pk": 0, "enroll_k4": 2, "enroll_58": 6, "enroll_912": 24, "enroll_k8": 8, "enroll_total": 32, "non_profit": true, "religious": false, "denomination": null, "sbd": null, "mdc_sbd": 1}}, {"type": "Feature", "geometry": {"type": "Point", "coordinates": [-80.371791536941, 25.690292024345]}, "properties": {"school_code": 5972, "name": "Ace Academy Central", "county": "miamidade", "address": "11025 SW 84TH ST. COTTAGE 10", "city": "Miami", "state": "FL", "zip": "33173", "grade_levels": "PK-12", "enroll_pk": 13, "enroll_k4": 5, "enroll_58": 1, "enroll_912": 5, "enroll_k8": 6, "enroll_total": 24, "non_profit": true, "religious": false, "denomination": null, "sbd": null, "mdc_sbd": 7}}, {"type": "Feature", "geometry": {"type": "Point", "coordinates": [-80.260007864571, 25.954828631629]}, "properties": {"school_code": 5970, "name": "Ace Academy North", "county": "miamidade", "address": "3450 NW 199TH STREET", "city": "Miami", "state": "FL", "zip": "33056", "grade_levels": "KG-12", "enroll_pk": 0, "enroll_k4": 5, "enroll_58": 9, "enroll_912": 12, "enroll_k8": 14, "enroll_total": 26, "non_profit": true, "religious": false, "denomination": null, "sbd": null, "mdc_sbd": 1}}, {"type": "Feature", "geometry": {"type": "Point", "coordinates": [-80.48569159815, 25.447849040177]}, "properties": {"school_code": 5762, "name": "Ace Academy School", "county": "miamidade", "address": "616 W. PALM DRIVE", "city": "Florida City", "state": "FL", "zip": "33034", "grade_levels": "PK-05", "enroll_pk": 85, "enroll_k4": 0, "enroll_58": 0, "enroll_912": 0, "enroll_k8": 0, "enroll_total": 85, "non_profit": true, "religious": false, "denomination": null, "sbd": null, "mdc_sbd": 9}}, {"type": "Feature", "geometry": {"type": "Point", "coordinates": [-80.4808282859, 25.447751892358]}, "properties": {"school_code": 5990, "name": "Ace Academy South", "county": "miamidade", "address": "303 W PALM DR.", "city": "Florida City", "state": "FL", "zip": "33034", "grade_levels": "PK-12", "enroll_pk": 28, "enroll_k4": 159, "enroll_58": 10, "enroll_912": 0, "enroll_k8": 169, "enroll_total": 197, "non_profit": true, "religious": false, "denomination": null, "sbd": null, "mdc_sbd": 9}}, {"type": "Feature", "geometry": {"type": "Point", "coordinates": [-80.479242446715, 25.463350868597]}, "properties": {"school_code": 9461, "name": "Ace Academy South 2", "county": "miamidade", "address": "683 SW 1ST AVE", "city": "Homestead", "state": "FL", "zip": "33030", "grade_levels": "PK-12", "enroll_pk": 0, "enroll_k4": 0, "enroll_58": 50, "enroll_912": 21, "enroll_k8": 50, "enroll_total": 71, "non_profit": true, "religious": false, "denomination": null, "sbd": null, "mdc_sbd": 9}}, {"type": "Feature", "geometry": {"type": "Point", "coordinates": [-80.487545053316, 25.447770916751]}, "properties": {"school_code": 5634, "name": "Advance Achievers Academy", "county": "miamidade", "address": "713 W PALM DRIVE", "city": "Florida City", "state": "FL", "zip": "33034", "grade_levels": "KG-12", "enroll_pk": 0, "enroll_k4": 122, "enroll_58": 142, "enroll_912": 69, "enroll_k8": 264, "enroll_total": 333, "non_profit": true, "religious": false, "denomination": null, "sbd": null, "mdc_sbd": 9}}, {"type": "Feature", "geometry": {"type": "Point", "coordinates": [-80.187901551434, 25.890260832085]}, "properties": {"school_code": 6984, "name": "Advance Christian Academy", "county": "miamidade", "address": "525 NE 125TH STREET", "city": "North Miami", "state": "FL", "zip": "33161", "grade_levels": "PK-12", "enroll_pk": 5, "enroll_k4": 12, "enroll_58": 9, "enroll_912": 12, "enroll_k8": 21, "enroll_total": 38, "non_profit": true, "religious": true, "denomination": "NON-DENOMINATIONAL", "sbd": null, "mdc_sbd": 2}}, {"type": "Feature", "geometry": {"type": "Point", "coordinates": [-80.201051641427, 25.78070257629]}, "properties": {"school_code": 6807, "name": "Aguamarina Elementary", "county": "miamidade", "address": "375 NW 7TH ST.", "city": "Miami", "state": "FL", "zip": "33136", "grade_levels": "KG-04", "enroll_pk": 0, "enroll_k4": 67, "enroll_58": 0, "enroll_912": 0, "enroll_k8": 67, "enroll_total": 67, "non_profit": false, "religious": false, "denomination": null, "sbd": null, "mdc_sbd": 2}}, {"type": "Feature", "geometry": {"type": "Point", "coordinates": [-80.414013081502, 25.607872940971]}, "properties": {"school_code": 3152, "name": "Aladdin Academy Inc.", "county": "miamidade", "address": "17200 SOUTHWEST 137TH AVENUE", "city": "Miami", "state": "FL", "zip": "33177", "grade_levels": "PK-03", "enroll_pk": 9, "enroll_k4": 0, "enroll_58": 0, "enroll_912": 0, "enroll_k8": 0, "enroll_total": 9, "non_profit": false, "religious": false, "denomination": null, "sbd": null, "mdc_sbd": 7}}, {"type": "Feature", "geometry": {"type": "Point", "coordinates": [-80.162428483394, 25.927135387489]}, "properties": {"school_code": 608, "name": "Allison Academy", "county": "miamidade", "address": "1881 NE 164TH STREET", "city": "North Miami Beach", "state": "FL", "zip": "33162", "grade_levels": "06-12", "enroll_pk": 0, "enroll_k4": 0, "enroll_58": 30, "enroll_912": 52, "enroll_k8": 30, "enroll_total": 82, "non_profit": false, "religious": false, "denomination": null, "sbd": null, "mdc_sbd": 1}}, {"type": "Feature", "geometry": {"type": "Point", "coordinates": [-80.360399551351, 25.701234065849]}, "properties": {"school_code": 8587, "name": "Alta Career Academy", "county": "miamidade", "address": "10300 S.W. 72ND ST SUITE 321", "city": "Miami", "state": "FL", "zip": "33173", "grade_levels": "06-12", "enroll_pk": 0, "enroll_k4": 0, "enroll_58": 6, "enroll_912": 53, "enroll_k8": 6, "enroll_total": 59, "non_profit": false, "religious": false, "denomination": null, "sbd": null, "mdc_sbd": 7}}, {"type": "Feature", "geometry": {"type": "Point", "coordinates": [-80.18795979707, 25.889232738714]}, "properties": {"school_code": 3977, "name": "Amazing Learning Academy", "county": "miamidade", "address": "516 N.E. 124 STREET", "city": "Miami", "state": "FL", "zip": "33161", "grade_levels": "KG-01", "enroll_pk": 19, "enroll_k4": 18, "enroll_58": 0, "enroll_912": 0, "enroll_k8": 18, "enroll_total": 37, "non_profit": false, "religious": false, "denomination": null, "sbd": null, "mdc_sbd": 2}}, {"type": "Feature", "geometry": {"type": "Point", "coordinates": [-80.309588102603, 25.866541455182]}, "properties": {"school_code": 6969, "name": "America'S Christian Future Preschool Elem", "county": "miamidade", "address": "1306 W 49TH ST", "city": "Hialeah", "state": "FL", "zip": "33012", "grade_levels": "PK-08", "enroll_pk": 28, "enroll_k4": 101, "enroll_58": 82, "enroll_912": 0, "enroll_k8": 183, "enroll_total": 211, "non_profit": false, "religious": true, "denomination": "BAPTIST", "sbd": null, "mdc_sbd": 4}}, {"type": "Feature", "geometry": {"type": "Point", "coordinates": [-80.32385609226, 25.876693603678]}, "properties": {"school_code": 5197, "name": "American Christian School Art Center", "county": "miamidade", "address": "5888 W 20 AVE", "city": "Hialeah", "state": "FL", "zip": "33016", "grade_levels": "KG-12", "enroll_pk": 0, "enroll_k4": 18, "enroll_58": 35, "enroll_912": 37, "enroll_k8": 53, "enroll_total": 90, "non_profit": true, "religious": true, "denomination": "PENTECOSTAL", "sbd": null, "mdc_sbd": 4}}, {"type": "Feature", "geometry": {"type": "Point", "coordinates": [-80.24293451308, 25.877761841972]}, "properties": {"school_code": 1663, "name": "American High School Academy North Campus", "county": "miamidade", "address": "11380 NW 27 AVE 8350", "city": "Miami", "state": "FL", "zip": "33167", "grade_levels": "06-12", "enroll_pk": 0, "enroll_k4": 0, "enroll_58": 0, "enroll_912": 16, "enroll_k8": 0, "enroll_total": 16, "non_profit": true, "religious": false, "denomination": null, "sbd": null, "mdc_sbd": 2}}, {"type": "Feature", "geometry": {"type": "Point", "coordinates": [-80.347815897609, 25.884805810421]}, "properties": {"school_code": 5539, "name": "Angels Love Care", "county": "miamidade", "address": "6900 WEST 32ND 18-25", "city": "Hialeah", "state": "FL", "zip": "33018", "grade_levels": "PK-KG", "enroll_pk": 28, "enroll_k4": 7, "enroll_58": 0, "enroll_912": 0, "enroll_k8": 7, "enroll_total": 35, "non_profit": false, "religious": false, "denomination": null, "sbd": null, "mdc_sbd": 4}}, {"type": "Feature", "geometry": {"type": "Point", "coordinates": [-80.319100781176, 25.760027682267]}, "properties": {"school_code": 8730, "name": "Apple Learning Center", "county": "miamidade", "address": "860 SW 76TH COURT", "city": "Miami", "state": "FL", "zip": "33144", "grade_levels": "PK-05", "enroll_pk": 11, "enroll_k4": 46, "enroll_58": 3, "enroll_912": 0, "enroll_k8": 49, "enroll_total": 60, "non_profit": false, "religious": false, "denomination": null, "sbd": null, "mdc_sbd": 8}}, {"type": "Feature", "geometry": {"type": "Point", "coordinates": [-80.2310919343, 25.775098609824]}, "properties": {"school_code": 7309, "name": "Arcadia Academy", "county": "miamidade", "address": "200 NW 22ND AVENUE", "city": "Miami", "state": "FL", "zip": "33125", "grade_levels": "PK-04", "enroll_pk": 28, "enroll_k4": 134, "enroll_58": 0, "enroll_912": 0, "enroll_k8": 134, "enroll_total": 162, "non_profit": false, "religious": false, "denomination": null, "sbd": null, "mdc_sbd": 6}}, {"type": "Feature", "geometry": {"type": "Point", "coordinates": [-80.465596694096, 25.672078854424]}, "properties": {"school_code": 3163, "name": "Archbishop Coleman F. Carroll High", "county": "miamidade", "address": "10300 S.W. 167TH AVE.", "city": "Miami", "state": "FL", "zip": "33196", "grade_levels": "09-12", "enroll_pk": 0, "enroll_k4": 0, "enroll_58": 0, "enroll_912": 542, "enroll_k8": 0, "enroll_total": 542, "non_profit": true, "religious": true, "denomination": "CATHOLIC", "sbd": null, "mdc_sbd": 8}}, {"type": "Feature", "geometry": {"type": "Point", "coordinates": [-80.280396816103, 25.92497070842]}, "properties": {"school_code": 4127, "name": "Arlington Academy Of Miami Inc.", "county": "miamidade", "address": "4814 NW 167TH STREET", "city": "Miami Gardens", "state": "FL", "zip": "33014", "grade_levels": "KG-12", "enroll_pk": 0, "enroll_k4": 19, "enroll_58": 16, "enroll_912": 48, "enroll_k8": 35, "enroll_total": 83, "non_profit": true, "religious": false, "denomination": null, "sbd": null, "mdc_sbd": 1}}, {"type": "Feature", "geometry": {"type": "Point", "coordinates": [-80.283200067017, 25.872980275474]}, "properties": {"school_code": 6355, "name": "Asbury Christian School", "county": "miamidade", "address": "5559 PALM AVENUE", "city": "Hialeah", "state": "FL", "zip": "33012", "grade_levels": "PK-12", "enroll_pk": 17, "enroll_k4": 123, "enroll_58": 75, "enroll_912": 34, "enroll_k8": 198, "enroll_total": 249, "non_profit": true, "religious": true, "denomination": "METHODIST", "sbd": null, "mdc_sbd": 4}}, {"type": "Feature", "geometry": {"type": "Point", "coordinates": [-80.477376706858, 25.467692779155]}, "properties": {"school_code": 5729, "name": "Atala Montessori School", "county": "miamidade", "address": "240 N. KROME AVE", "city": "Homestead", "state": "FL", "zip": "33030", "grade_levels": "PK-08", "enroll_pk": 66, "enroll_k4": 73, "enroll_58": 49, "enroll_912": 0, "enroll_k8": 122, "enroll_total": 188, "non_profit": false, "religious": false, "denomination": null, "sbd": null, "mdc_sbd": 9}}, {"type": "Feature", "geometry": {"type": "Point", "coordinates": [-80.368122055646, 25.679634822308]}, "properties": {"school_code": 409, "name": "Atlantis Academy", "county": "miamidade", "address": "9600 S.W. 107TH AVENUE", "city": "Miami", "state": "FL", "zip": "33176-2759", "grade_levels": "KG-12", "enroll_pk": 0, "enroll_k4": 41, "enroll_58": 31, "enroll_912": 54, "enroll_k8": 72, "enroll_total": 126, "non_profit": false, "religious": false, "denomination": null, "sbd": null, "mdc_sbd": 7}}, {"type": "Feature", "geometry": {"type": "Point", "coordinates": [-80.369044188898, 25.701049053486]}, "properties": {"school_code": 7887, "name": "Atlantis Academy 2", "county": "miamidade", "address": "10855 SW 72 ST 49", "city": "Miami", "state": "FL", "zip": "33173", "grade_levels": "12-12", "enroll_pk": 0, "enroll_k4": 0, "enroll_58": 0, "enroll_912": 41, "enroll_k8": 0, "enroll_total": 41, "non_profit": false, "religious": false, "denomination": null, "sbd": null, "mdc_sbd": 8}}, {"type": "Feature", "geometry": {"type": "Point", "coordinates": [-80.488858093871, 25.447764588872]}, "properties": {"school_code": 7335, "name": "Avant School Of Excellence", "county": "miamidade", "address": "777 WEST PALM DRIVE", "city": "Florida City", "state": "FL", "zip": "33034", "grade_levels": "PK-12", "enroll_pk": 4, "enroll_k4": 67, "enroll_58": 62, "enroll_912": 43, "enroll_k8": 129, "enroll_total": 176, "non_profit": false, "religious": true, "denomination": "BAPTIST", "sbd": null, "mdc_sbd": 9}}, {"type": "Feature", "geometry": {"type": "Point", "coordinates": [-80.154150843091, 25.933639078798]}, "properties": {"school_code": 265, "name": "Aventura Learning Center", "county": "miamidade", "address": "2300 NE 171ST ST", "city": "North Miami Beach", "state": "FL", "zip": "33160", "grade_levels": "PK-05", "enroll_pk": 65, "enroll_k4": 30, "enroll_58": 0, "enroll_912": 0, "enroll_k8": 30, "enroll_total": 95, "non_profit": false, "religious": false, "denomination": null, "sbd": null, "mdc_sbd": 1}}, {"type": "Feature", "geometry": {"type": "Point", "coordinates": [-80.208514614103, 25.83141711521]}, "properties": {"school_code": 7130, "name": "B.Wright Leadership Academy", "county": "miamidade", "address": "6100 NW 7TH AVENUE", "city": "Miami", "state": "FL", "zip": "33127", "grade_levels": "PK-12", "enroll_pk": 0, "enroll_k4": 52, "enroll_58": 57, "enroll_912": 0, "enroll_k8": 109, "enroll_total": 109, "non_profit": true, "religious": true, "denomination": "OTHER", "sbd": null, "mdc_sbd": 2}}, {"type": "Feature", "geometry": {"type": "Point", "coordinates": [-80.268076268056, 25.780494488035]}, "properties": {"school_code": 6408, "name": "Bamby'S Daycare Center Nursery School Inc", "county": "miamidade", "address": "860 NW 44 AVE", "city": "Miami", "state": "FL", "zip": "33126", "grade_levels": "PK-05", "enroll_pk": 5, "enroll_k4": 23, "enroll_58": 2, "enroll_912": 0, "enroll_k8": 25, "enroll_total": 30, "non_profit": false, "religious": false, "denomination": null, "sbd": null, "mdc_sbd": 5}}, {"type": "Feature", "geometry": {"type": "Point", "coordinates": [-80.134406670119, 25.771053655391]}, "properties": {"school_code": 5755, "name": "Basecamp305", "county": "miamidade", "address": "224 2ND ST", "city": "Miami Beach", "state": "FL", "zip": "33139", "grade_levels": "PK-05", "enroll_pk": 6, "enroll_k4": 22, "enroll_58": 4, "enroll_912": 0, "enroll_k8": 26, "enroll_total": 32, "non_profit": false, "religious": false, "denomination": null, "sbd": null, "mdc_sbd": 3}}, {"type": "Feature", "geometry": {"type": "Point", "coordinates": [-80.371791536941, 25.690292024345]}, "properties": {"school_code": 7501, "name": "Be Unique Academy Prep Inc.", "county": "miamidade", "address": "11025 SW 84 ST. COTTAGE 16", "city": "Miami", "state": "FL", "zip": "33173", "grade_levels": "KG-12", "enroll_pk": 0, "enroll_k4": 4, "enroll_58": 12, "enroll_912": 19, "enroll_k8": 16, "enroll_total": 35, "non_profit": true, "religious": false, "denomination": null, "sbd": null, "mdc_sbd": 7}}, {"type": "Feature", "geometry": {"type": "Point", "coordinates": [-80.237106287285, 25.938509935477]}, "properties": {"school_code": 2064, "name": "Beacon Hill Center Inc.", "county": "miamidade", "address": "18001 NW 22ND AVENUE", "city": "Miami", "state": "FL", "zip": "33056", "grade_levels": "PK-08", "enroll_pk": 41, "enroll_k4": 120, "enroll_58": 31, "enroll_912": 0, "enroll_k8": 151, "enroll_total": 192, "non_profit": false, "religious": false, "denomination": null, "sbd": null, "mdc_sbd": 1}}, {"type": "Feature", "geometry": {"type": "Point", "coordinates": [-80.400916557069, 25.767315291698]}, "properties": {"school_code": 2087, "name": "Belen Jesuit Preparatory School", "county": "miamidade", "address": "500 SW 127TH AVENUE", "city": "Miami", "state": "FL", "zip": "33184", "grade_levels": "06-12", "enroll_pk": 0, "enroll_k4": 0, "enroll_58": 545, "enroll_912": 822, "enroll_k8": 545, "enroll_total": 1367, "non_profit": true, "religious": true, "denomination": "CATHOLIC", "sbd": null, "mdc_sbd": 5}}, {"type": "Feature", "geometry": {"type": "Point", "coordinates": [-80.253794490021, 25.89680798806]}, "properties": {"school_code": 3844, "name": "Betesda Christian School", "county": "miamidade", "address": "3300 N.W. 135TH STREET", "city": "Opa Locka", "state": "FL", "zip": "33054", "grade_levels": "KG-12", "enroll_pk": 0, "enroll_k4": 41, "enroll_58": 24, "enroll_912": 30, "enroll_k8": 65, "enroll_total": 95, "non_profit": true, "religious": true, "denomination": "ASSEMBLIES OF GOD", "sbd": null, "mdc_sbd": 1}}, {"type": "Feature", "geometry": {"type": "Point", "coordinates": [-80.177695786711, 25.92556958143]}, "properties": {"school_code": 2900, "name": "Beth Jacob High School Inc.", "county": "miamidade", "address": "1110 N. E. 163 ST.", "city": "North Miami Beach", "state": "FL", "zip": "33162", "grade_levels": "PK-12", "enroll_pk": 20, "enroll_k4": 65, "enroll_58": 171, "enroll_912": 261, "enroll_k8": 236, "enroll_total": 517, "non_profit": true, "religious": true, "denomination": "JEWISH", "sbd": null, "mdc_sbd": 1}}, {"type": "Feature", "geometry": {"type": "Point", "coordinates": [-80.273447489052, 25.939807387071]}, "properties": {"school_code": 6347, "name": "Bethany Academy Of Arts", "county": "miamidade", "address": "4400 NW 183RD STREET", "city": "Miami Gardens", "state": "FL", "zip": "33055", "grade_levels": "PK-12", "enroll_pk": 18, "enroll_k4": 54, "enroll_58": 24, "enroll_912": 9, "enroll_k8": 78, "enroll_total": 105, "non_profit": false, "religious": true, "denomination": "NON-DENOMINATIONAL", "sbd": null, "mdc_sbd": 1}}, {"type": "Feature", "geometry": {"type": "Point", "coordinates": [-80.493558698466, 25.46136186039]}, "properties": {"school_code": 3915, "name": "Bethel Elementary School Of Seventh-Day Adv", "county": "miamidade", "address": "32920 SW 187TH AVENUE", "city": "Florida City", "state": "FL", "zip": "33034", "grade_levels": "KG-08", "enroll_pk": 0, "enroll_k4": 24, "enroll_58": 19, "enroll_912": 0, "enroll_k8": 43, "enroll_total": 43, "non_profit": true, "religious": true, "denomination": "SEVENTH DAY ADVENTIST", "sbd": null, "mdc_sbd": 9}}, {"type": "Feature", "geometry": {"type": "Point", "coordinates": [-80.26396002169, 25.925243418283]}, "properties": {"school_code": 6090, "name": "Betty'S Preschool Academy Inc.", "county": "miamidade", "address": "3888 NW 167 STREET", "city": "Miami Gardens", "state": "FL", "zip": "33054", "grade_levels": "PK-10", "enroll_pk": 0, "enroll_k4": 3, "enroll_58": 8, "enroll_912": 0, "enroll_k8": 11, "enroll_total": 11, "non_profit": false, "religious": false, "denomination": null, "sbd": null, "mdc_sbd": 1}}, {"type": "Feature", "geometry": {"type": "Point", "coordinates": [-80.368984572655, 25.598079387381]}, "properties": {"school_code": 756, "name": "Beyond Expectations Academy", "county": "miamidade", "address": "10920 SW 184 STREET", "city": "Miami", "state": "FL", "zip": "33157", "grade_levels": "PK-12", "enroll_pk": 2, "enroll_k4": 20, "enroll_58": 18, "enroll_912": 40, "enroll_k8": 38, "enroll_total": 80, "non_profit": true, "religious": false, "denomination": null, "sbd": null, "mdc_sbd": 7}}, {"type": "Feature", "geometry": {"type": "Point", "coordinates": [-80.141795422385, 25.961527843389]}, "properties": {"school_code": 3645, "name": "Bh Academy Llc", "county": "miamidade", "address": "20295 NORTHEAST 29TH PLACE", "city": "Aventura", "state": "FL", "zip": "33180", "grade_levels": "PK-KG", "enroll_pk": 48, "enroll_k4": 0, "enroll_58": 0, "enroll_912": 0, "enroll_k8": 0, "enroll_total": 48, "non_profit": true, "religious": true, "denomination": "JEWISH", "sbd": null, "mdc_sbd": 3}}, {"type": "Feature", "geometry": {"type": "Point", "coordinates": [-80.306769909161, 25.8617407292]}, "properties": {"school_code": 5730, "name": "Big Star Day Care Inc.", "county": "miamidade", "address": "4246 W 12 AVE", "city": "Hialeah", "state": "FL", "zip": "33012", "grade_levels": "PK-05", "enroll_pk": 43, "enroll_k4": 21, "enroll_58": 4, "enroll_912": 0, "enroll_k8": 25, "enroll_total": 68, "non_profit": false, "religious": false, "denomination": null, "sbd": null, "mdc_sbd": 4}}, {"type": "Feature", "geometry": {"type": "Point", "coordinates": [-80.287632196527, 25.756235099422]}, "properties": {"school_code": 2786, "name": "Biltmore School", "county": "miamidade", "address": "1600 SW RED ROAD", "city": "Miami", "state": "FL", "zip": "33155", "grade_levels": "PK-08", "enroll_pk": 38, "enroll_k4": 45, "enroll_58": 32, "enroll_912": 0, "enroll_k8": 77, "enroll_total": 115, "non_profit": false, "religious": false, "denomination": null, "sbd": null, "mdc_sbd": 8}}, {"type": "Feature", "geometry": {"type": "Point", "coordinates": [-80.289348935984, 25.811841214643]}, "properties": {"school_code": 2169, "name": "Blessed Trinity Catholic School", "county": "miamidade", "address": "4020 CURTISS PARKWAY", "city": "Miami Springs", "state": "FL", "zip": "33166", "grade_levels": "PK-08", "enroll_pk": 36, "enroll_k4": 117, "enroll_58": 86, "enroll_912": 0, "enroll_k8": 203, "enroll_total": 239, "non_profit": true, "religious": true, "denomination": "CATHOLIC", "sbd": null, "mdc_sbd": 5}}, {"type": "Feature", "geometry": {"type": "Point", "coordinates": [-80.193803152944, 25.765495196179]}, "properties": {"school_code": 7249, "name": "Brickell Heights Elementary", "county": "miamidade", "address": "25 SW 9TH ST CU-6", "city": "Miami", "state": "FL", "zip": "33130", "grade_levels": "PK-01", "enroll_pk": 6, "enroll_k4": 5, "enroll_58": 0, "enroll_912": 0, "enroll_k8": 5, "enroll_total": 11, "non_profit": false, "religious": false, "denomination": null, "sbd": null, "mdc_sbd": 3}}, {"type": "Feature", "geometry": {"type": "Point", "coordinates": [-80.303124340075, 25.740048218088]}, "properties": {"school_code": 159, "name": "Bright Bridge Preparatory", "county": "miamidade", "address": "3201 SW 67TH AVE", "city": "Miami", "state": "FL", "zip": "33155", "grade_levels": "KG-08", "enroll_pk": 0, "enroll_k4": 18, "enroll_58": 1, "enroll_912": 0, "enroll_k8": 19, "enroll_total": 19, "non_profit": false, "religious": false, "denomination": null, "sbd": null, "mdc_sbd": 6}}, {"type": "Feature", "geometry": {"type": "Point", "coordinates": [-80.211932560665, 25.870114102513]}, "properties": {"school_code": 8056, "name": "Bright Future School Of Excellence", "county": "miamidade", "address": "10401 NW 8TH AVE.", "city": "Miami", "state": "FL", "zip": "33150", "grade_levels": "KG-08", "enroll_pk": 0, "enroll_k4": 18, "enroll_58": 15, "enroll_912": 0, "enroll_k8": 33, "enroll_total": 33, "non_profit": false, "religious": false, "denomination": null, "sbd": null, "mdc_sbd": 2}}, {"type": "Feature", "geometry": {"type": "Point", "coordinates": [-80.417121040436, 25.688558444222]}, "properties": {"school_code": 8957, "name": "Bright Futures Preschool", "county": "miamidade", "address": "13724 SW 84 ST", "city": "Miami", "state": "FL", "zip": "33183", "grade_levels": "PK-01", "enroll_pk": 14, "enroll_k4": 15, "enroll_58": 0, "enroll_912": 0, "enroll_k8": 15, "enroll_total": 29, "non_profit": false, "religious": false, "denomination": null, "sbd": null, "mdc_sbd": 7}}, {"type": "Feature", "geometry": {"type": "Point", "coordinates": [-80.215423252353, 25.942055294617]}, "properties": {"school_code": 8334, "name": "Bright Sky Preparatory School", "county": "miamidade", "address": "836 NW 183RD STREET", "city": "Miami Gardens", "state": "FL", "zip": "33169", "grade_levels": "KG-12", "enroll_pk": 0, "enroll_k4": 52, "enroll_58": 5, "enroll_912": 0, "enroll_k8": 57, "enroll_total": 57, "non_profit": false, "religious": false, "denomination": null, "sbd": null, "mdc_sbd": 1}}, {"type": "Feature", "geometry": {"type": "Point", "coordinates": [-80.391513250304, 25.582224961688]}, "properties": {"school_code": 5947, "name": "Bumble Bee Daycare Learning Center", "county": "miamidade", "address": "12332 QUAIL ROOST DRIVE", "city": "Miami", "state": "FL", "zip": "33177", "grade_levels": "PK-12", "enroll_pk": 26, "enroll_k4": 106, "enroll_58": 15, "enroll_912": 0, "enroll_k8": 121, "enroll_total": 147, "non_profit": false, "religious": false, "denomination": null, "sbd": null, "mdc_sbd": 7}}, {"type": "Feature", "geometry": {"type": "Point", "coordinates": [-80.396644315284, 25.700580561649]}, "properties": {"school_code": 445, "name": "Calusa Preparatory School", "county": "miamidade", "address": "12515 S.W. 72ND STREET", "city": "Miami", "state": "FL", "zip": "33183", "grade_levels": "PK-12", "enroll_pk": 8, "enroll_k4": 59, "enroll_58": 37, "enroll_912": 46, "enroll_k8": 96, "enroll_total": 150, "non_profit": true, "religious": true, "denomination": "NON-DENOMINATIONAL", "sbd": null, "mdc_sbd": 8}}, {"type": "Feature", "geometry": {"type": "Point", "coordinates": [-80.211837994859, 25.898843812462]}, "properties": {"school_code": 993, "name": "Calvary Christian Academy North Miami", "county": "miamidade", "address": "951 NW 136TH STREET", "city": "Miami", "state": "FL", "zip": "33168", "grade_levels": "PK-08", "enroll_pk": 21, "enroll_k4": 121, "enroll_58": 91, "enroll_912": 0, "enroll_k8": 212, "enroll_total": 233, "non_profit": true, "religious": true, "denomination": "NON-DENOMINATIONAL", "sbd": null, "mdc_sbd": 1}}, {"type": "Feature", "geometry": {"type": "Point", "coordinates": [-80.196665490852, 25.795847119126]}, "properties": {"school_code": 7666, "name": "Care Elementary School", "county": "miamidade", "address": "2025 NW 1ST AVENUE", "city": "Miami", "state": "FL", "zip": "33127", "grade_levels": "PK-05", "enroll_pk": 19, "enroll_k4": 106, "enroll_58": 19, "enroll_912": 0, "enroll_k8": 125, "enroll_total": 144, "non_profit": true, "religious": true, "denomination": "NON-DENOMINATIONAL", "sbd": null, "mdc_sbd": 2}}, {"type": "Feature", "geometry": {"type": "Point", "coordinates": [-80.36304911937, 25.589769007255]}, "properties": {"school_code": 7482, "name": "Career Prep Academy Of South Florida 106", "county": "miamidade", "address": "19001 SW 106TH AVE", "city": "Miami", "state": "FL", "zip": "33157", "grade_levels": "06-12", "enroll_pk": 0, "enroll_k4": 0, "enroll_58": 3, "enroll_912": 78, "enroll_k8": 3, "enroll_total": 81, "non_profit": false, "religious": true, "denomination": "NON-DENOMINATIONAL", "sbd": null, "mdc_sbd": 7}}, {"type": "Feature", "geometry": {"type": "Point", "coordinates": [-80.371791536941, 25.690292024345]}, "properties": {"school_code": 4870, "name": "Carpe Diem Academia Inc.", "county": "miamidade", "address": "11025 SW 84 STREET COTTAGE 8", "city": "Miami", "state": "FL", "zip": "33173", "grade_levels": "KG-12", "enroll_pk": 0, "enroll_k4": 4, "enroll_58": 7, "enroll_912": 11, "enroll_k8": 11, "enroll_total": 22, "non_profit": true, "religious": false, "denomination": null, "sbd": null, "mdc_sbd": 7}}, {"type": "Feature", "geometry": {"type": "Point", "coordinates": [-80.126497632393, 25.813323705449]}, "properties": {"school_code": 3906, "name": "Casa Dei Bambini Montessori School", "county": "miamidade", "address": "4025 PINE TREE DRIVE", "city": "Miami Beach", "state": "FL", "zip": "33140", "grade_levels": "PK-05", "enroll_pk": 39, "enroll_k4": 57, "enroll_58": 12, "enroll_912": 0, "enroll_k8": 69, "enroll_total": 108, "non_profit": true, "religious": true, "denomination": "EPISCOPALIAN", "sbd": null, "mdc_sbd": 3}}, {"type": "Feature", "geometry": {"type": "Point", "coordinates": [-80.283284487552, 25.872364602395]}, "properties": {"school_code": 8347, "name": "Caterpillar Academy Daycare", "county": "miamidade", "address": "5480 PALM AVE", "city": "Hialeah", "state": "FL", "zip": "33012", "grade_levels": "PK-02", "enroll_pk": 11, "enroll_k4": 15, "enroll_58": 0, "enroll_912": 0, "enroll_k8": 15, "enroll_total": 26, "non_profit": false, "religious": false, "denomination": null, "sbd": null, "mdc_sbd": 4}}, {"type": "Feature", "geometry": {"type": "Point", "coordinates": [-80.323195985772, 25.683244647825]}, "properties": {"school_code": 9397, "name": "Cattoira Montessori School", "county": "miamidade", "address": "9385 SW 79 AVE.", "city": "Miami", "state": "FL", "zip": "33156", "grade_levels": "PK-06", "enroll_pk": 12, "enroll_k4": 31, "enroll_58": 10, "enroll_912": 0, "enroll_k8": 41, "enroll_total": 53, "non_profit": false, "religious": false, "denomination": null, "sbd": null, "mdc_sbd": 7}}, {"type": "Feature", "geometry": {"type": "Point", "coordinates": [-80.224411801262, 25.819549354834]}, "properties": {"school_code": 4860, "name": "Center Of Life Academy", "county": "miamidade", "address": "4850 NW 17 AVENUE", "city": "Miami", "state": "FL", "zip": "33142", "grade_levels": "01-12", "enroll_pk": 0, "enroll_k4": 24, "enroll_58": 44, "enroll_912": 37, "enroll_k8": 68, "enroll_total": 105, "non_profit": false, "religious": true, "denomination": "NON-DENOMINATIONAL", "sbd": null, "mdc_sbd": 2}}, {"type": "Feature", "geometry": {"type": "Point", "coordinates": [-80.199304341776, 25.809309410206]}, "properties": {"school_code": 8098, "name": "Centner Academy - Elementary School", "county": "miamidade", "address": "3465 NW 2ND AVE", "city": "Miami", "state": "FL", "zip": "33127", "grade_levels": "KG-05", "enroll_pk": 0, "enroll_k4": 145, "enroll_58": 24, "enroll_912": 0, "enroll_k8": 169, "enroll_total": 169, "non_profit": false, "religious": false, "denomination": null, "sbd": null, "mdc_sbd": 2}}, {"type": "Feature", "geometry": {"type": "Point", "coordinates": [-80.194031754502, 25.79470400497]}, "properties": {"school_code": 7686, "name": "Centner Academy - Middle And High Schools", "county": "miamidade", "address": "1911 NE MIAMI COURT", "city": "Miami", "state": "FL", "zip": "33132", "grade_levels": "06-12", "enroll_pk": 0, "enroll_k4": 0, "enroll_58": 49, "enroll_912": 18, "enroll_k8": 49, "enroll_total": 67, "non_profit": false, "religious": false, "denomination": null, "sbd": null, "mdc_sbd": 2}}, {"type": "Feature", "geometry": {"type": "Point", "coordinates": [-80.195564465, 25.814869598977]}, "properties": {"school_code": 5685, "name": "Centner Academy - Preschool", "county": "miamidade", "address": "4136 NORTH MIAMI AVE", "city": "Miami", "state": "FL", "zip": "33127", "grade_levels": "PK-PK", "enroll_pk": 93, "enroll_k4": 0, "enroll_58": 0, "enroll_912": 0, "enroll_k8": 0, "enroll_total": 93, "non_profit": false, "religious": false, "denomination": null, "sbd": null, "mdc_sbd": 2}}, {"type": "Feature", "geometry": {"type": "Point", "coordinates": [-80.217461901785, 25.809708256511]}, "properties": {"school_code": 8577, "name": "Central Miami Christian Academy", "county": "miamidade", "address": "1290 NORTHWEST 36TH STREET", "city": "Miami", "state": "FL", "zip": "33142", "grade_levels": "KG-12", "enroll_pk": 0, "enroll_k4": 10, "enroll_58": 2, "enroll_912": 4, "enroll_k8": 12, "enroll_total": 16, "non_profit": true, "religious": true, "denomination": "OTHER", "sbd": null, "mdc_sbd": 2}}, {"type": "Feature", "geometry": {"type": "Point", "coordinates": [-80.129652516621, 25.929714582808]}, "properties": {"school_code": 8898, "name": "Chabad Lubavitch Russian Center Of S Fl Inc", "county": "miamidade", "address": "488 SUNNY ISLES BLVD", "city": "Sunny Isles Beach", "state": "FL", "zip": "33160", "grade_levels": "KG-05", "enroll_pk": 0, "enroll_k4": 68, "enroll_58": 0, "enroll_912": 0, "enroll_k8": 68, "enroll_total": 68, "non_profit": true, "religious": true, "denomination": "JEWISH", "sbd": null, "mdc_sbd": 3}}, {"type": "Feature", "geometry": {"type": "Point", "coordinates": [-80.300065709465, 25.848054533926]}, "properties": {"school_code": 5214, "name": "Chanty Learning Center Dba We Love Kids", "county": "miamidade", "address": "891 WEST 29 ST", "city": "Hialeah", "state": "FL", "zip": "33012", "grade_levels": "PK-06", "enroll_pk": 33, "enroll_k4": 66, "enroll_58": 24, "enroll_912": 0, "enroll_k8": 90, "enroll_total": 123, "non_profit": false, "religious": false, "denomination": null, "sbd": null, "mdc_sbd": 4}}, {"type": "Feature", "geometry": {"type": "Point", "coordinates": [-80.376252884803, 25.761088025072]}, "properties": {"school_code": 225, "name": "Children'S Creative Lrng Ctr @ Fiu", "county": "miamidade", "address": "11200 SW 8TH STREET", "city": "Miami", "state": "FL", "zip": "33199", "grade_levels": "PK-PK", "enroll_pk": 37, "enroll_k4": 0, "enroll_58": 0, "enroll_912": 0, "enroll_k8": 0, "enroll_total": 37, "non_profit": true, "religious": false, "denomination": null, "sbd": null, "mdc_sbd": 8}}, {"type": "Feature", "geometry": {"type": "Point", "coordinates": [-80.331442611279, 25.91454698524]}, "properties": {"school_code": 6379, "name": "Children'S Kingdom Enrichment Center", "county": "miamidade", "address": "8080 NW 155 STREET", "city": "Miami Lakes", "state": "FL", "zip": "33016", "grade_levels": "PK-03", "enroll_pk": 20, "enroll_k4": 33, "enroll_58": 0, "enroll_912": 0, "enroll_k8": 33, "enroll_total": 53, "non_profit": false, "religious": false, "denomination": null, "sbd": null, "mdc_sbd": 4}}, {"type": "Feature", "geometry": {"type": "Point", "coordinates": [-80.346961015179, 25.891443991421]}, "properties": {"school_code": 2094, "name": "Children'S Paradise Learning Academy 8", "county": "miamidade", "address": "3144 WEST 76TH STREET", "city": "Hialeah", "state": "FL", "zip": "33018", "grade_levels": "PK-11", "enroll_pk": 3, "enroll_k4": 21, "enroll_58": 3, "enroll_912": 4, "enroll_k8": 24, "enroll_total": 31, "non_profit": false, "religious": false, "denomination": null, "sbd": null, "mdc_sbd": 4}}, {"type": "Feature", "geometry": {"type": "Point", "coordinates": [-80.332210400917, 25.89512404758]}, "properties": {"school_code": 5748, "name": "Children'S Paradise Learning Center 3", "county": "miamidade", "address": "2400 W 80TH ST UNIT 1", "city": "Hialeah", "state": "FL", "zip": "33016", "grade_levels": "PK-01", "enroll_pk": 6, "enroll_k4": 10, "enroll_58": 0, "enroll_912": 16, "enroll_k8": 10, "enroll_total": 32, "non_profit": false, "religious": false, "denomination": null, "sbd": null, "mdc_sbd": 4}}, {"type": "Feature", "geometry": {"type": "Point", "coordinates": [-80.325740268593, 25.915406983776]}, "properties": {"school_code": 8773, "name": "Children'S Paradise Learning Center 5", "county": "miamidade", "address": "15520 NW 77 COURT REAR", "city": "Miami Lakes", "state": "FL", "zip": "33016", "grade_levels": "PK-05", "enroll_pk": 10, "enroll_k4": 72, "enroll_58": 12, "enroll_912": 0, "enroll_k8": 84, "enroll_total": 94, "non_profit": false, "religious": false, "denomination": null, "sbd": null, "mdc_sbd": 4}}, {"type": "Feature", "geometry": {"type": "Point", "coordinates": [-80.322249093713, 25.884595026572]}, "properties": {"school_code": 7259, "name": "Children'S Paradise Learning Center 6 Inc.", "county": "miamidade", "address": "1937 WEST 68 ST", "city": "Hialeah", "state": "FL", "zip": "33014", "grade_levels": "PK-09", "enroll_pk": 8, "enroll_k4": 40, "enroll_58": 33, "enroll_912": 4, "enroll_k8": 73, "enroll_total": 85, "non_profit": false, "religious": false, "denomination": null, "sbd": null, "mdc_sbd": 4}}, {"type": "Feature", "geometry": {"type": "Point", "coordinates": [-80.292478927603, 25.866597546524]}, "properties": {"school_code": 6692, "name": "Children'S Paradise Learning Center Inc 4", "county": "miamidade", "address": "470-B WEST 49TH ST.", "city": "Hialeah", "state": "FL", "zip": "33012", "grade_levels": "PK-06", "enroll_pk": 14, "enroll_k4": 70, "enroll_58": 28, "enroll_912": 0, "enroll_k8": 98, "enroll_total": 112, "non_profit": false, "religious": false, "denomination": null, "sbd": null, "mdc_sbd": 4}}, {"type": "Feature", "geometry": {"type": "Point", "coordinates": [-80.340449010706, 25.942480569765]}, "properties": {"school_code": 8469, "name": "Children'S Paradise Learning Center Inc. 9", "county": "miamidade", "address": "8567 NW 186 STREET", "city": "Miami", "state": "FL", "zip": "33015", "grade_levels": "PK-05", "enroll_pk": 1, "enroll_k4": 20, "enroll_58": 0, "enroll_912": 0, "enroll_k8": 20, "enroll_total": 21, "non_profit": false, "religious": false, "denomination": null, "sbd": null, "mdc_sbd": 4}}, {"type": "Feature", "geometry": {"type": "Point", "coordinates": [-80.282506927712, 25.876054622576]}, "properties": {"school_code": 1298, "name": "Children'S Paradise Learning Center.Inc", "county": "miamidade", "address": "21 EAST 59 ST", "city": "Hialeah", "state": "FL", "zip": "33013", "grade_levels": "PK-03", "enroll_pk": 13, "enroll_k4": 23, "enroll_58": 0, "enroll_912": 0, "enroll_k8": 23, "enroll_total": 36, "non_profit": true, "religious": false, "denomination": null, "sbd": null, "mdc_sbd": 4}}, {"type": "Feature", "geometry": {"type": "Point", "coordinates": [-80.394398796514, 25.554476184677]}, "properties": {"school_code": 567, "name": "Children'S Rainbow Dayschool Academy", "county": "miamidade", "address": "22940 OLD DIXIE HWY", "city": "Goulds", "state": "FL", "zip": "33170", "grade_levels": "PK-08", "enroll_pk": 69, "enroll_k4": 171, "enroll_58": 99, "enroll_912": 0, "enroll_k8": 270, "enroll_total": 339, "non_profit": true, "religious": true, "denomination": "NON-DENOMINATIONAL", "sbd": null, "mdc_sbd": 7}}, {"type": "Feature", "geometry": {"type": "Point", "coordinates": [-80.333291246487, 25.666155259563]}, "properties": {"school_code": 2152, "name": "Children'S Resources", "county": "miamidade", "address": "8571 SW 112 ST", "city": "Miami", "state": "FL", "zip": "33156", "grade_levels": "PK-05", "enroll_pk": 22, "enroll_k4": 38, "enroll_58": 9, "enroll_912": 0, "enroll_k8": 47, "enroll_total": 69, "non_profit": true, "religious": false, "denomination": null, "sbd": null, "mdc_sbd": 7}}, {"type": "Feature", "geometry": {"type": "Point", "coordinates": [-80.289705278965, 25.840531927488]}, "properties": {"school_code": 5527, "name": "Childrens Christian Schoolhouse", "county": "miamidade", "address": "380 W. 21 STREET", "city": "Hialeah", "state": "FL", "zip": "33010", "grade_levels": "PK-06", "enroll_pk": 20, "enroll_k4": 100, "enroll_58": 12, "enroll_912": 0, "enroll_k8": 112, "enroll_total": 132, "non_profit": false, "religious": true, "denomination": "NON-DENOMINATIONAL", "sbd": null, "mdc_sbd": 5}}, {"type": "Feature", "geometry": {"type": "Point", "coordinates": [-80.248167271852, 25.940753028953]}, "properties": {"school_code": 6485, "name": "Christ Children Academy", "county": "miamidade", "address": "2900 NW 183RD ST", "city": "Miami Gardens", "state": "FL", "zip": "33056", "grade_levels": "KG-12", "enroll_pk": 0, "enroll_k4": 6, "enroll_58": 3, "enroll_912": 0, "enroll_k8": 9, "enroll_total": 9, "non_profit": false, "religious": false, "denomination": null, "sbd": null, "mdc_sbd": 1}}, {"type": "Feature", "geometry": {"type": "Point", "coordinates": [-80.336871453541, 25.614206425126]}, "properties": {"school_code": 5448, "name": "Christ Fellowship Academy", "county": "miamidade", "address": "8900 SW 168 STREET", "city": "Palmetto Bay", "state": "FL", "zip": "33157", "grade_levels": "PK-06", "enroll_pk": 135, "enroll_k4": 205, "enroll_58": 30, "enroll_912": 0, "enroll_k8": 235, "enroll_total": 370, "non_profit": true, "religious": true, "denomination": "BAPTIST", "sbd": null, "mdc_sbd": 9}}, {"type": "Feature", "geometry": {"type": "Point", "coordinates": [-80.335802386389, 25.741018029302]}, "properties": {"school_code": 1284, "name": "Christopher Columbus High School", "county": "miamidade", "address": "3000 SW 87TH AVENUE", "city": "Miami", "state": "FL", "zip": "33165-3293", "grade_levels": "09-12", "enroll_pk": 0, "enroll_k4": 0, "enroll_58": 0, "enroll_912": 1735, "enroll_k8": 0, "enroll_total": 1735, "non_profit": true, "religious": true, "denomination": "CATHOLIC", "sbd": null, "mdc_sbd": 6}}, {"type": "Feature", "geometry": {"type": "Point", "coordinates": [-80.30382893885, 25.842477868632]}, "properties": {"school_code": 4821, "name": "Cinderella School", "county": "miamidade", "address": "1084 WEST 23RD STREET", "city": "Hialeah", "state": "FL", "zip": "33010", "grade_levels": "PK-05", "enroll_pk": 36, "enroll_k4": 34, "enroll_58": 0, "enroll_912": 0, "enroll_k8": 34, "enroll_total": 70, "non_profit": false, "religious": false, "denomination": null, "sbd": null, "mdc_sbd": 4}}, {"type": "Feature", "geometry": {"type": "Point", "coordinates": [-80.228951814294, 25.808542320716]}, "properties": {"school_code": 6960, "name": "Citi Christian Academy", "county": "miamidade", "address": "2001 NW 35 STREET", "city": "Miami", "state": "FL", "zip": "33142", "grade_levels": "01-08", "enroll_pk": 0, "enroll_k4": 47, "enroll_58": 52, "enroll_912": 0, "enroll_k8": 99, "enroll_total": 99, "non_profit": true, "religious": true, "denomination": "NON-DENOMINATIONAL", "sbd": null, "mdc_sbd": 2}}, {"type": "Feature", "geometry": {"type": "Point", "coordinates": [-80.20803071037, 25.823516847581]}, "properties": {"school_code": 4826, "name": "Clara Mohammed School Of Miami Florida", "county": "miamidade", "address": "5245 NW 7TH AVENUE", "city": "Miami", "state": "FL", "zip": "33127", "grade_levels": "PK-08", "enroll_pk": 0, "enroll_k4": 10, "enroll_58": 9, "enroll_912": 0, "enroll_k8": 19, "enroll_total": 19, "non_profit": true, "religious": true, "denomination": "ISLAMIC/MUSLIM", "sbd": null, "mdc_sbd": 2}}, {"type": "Feature", "geometry": {"type": "Point", "coordinates": [-80.237844037882, 25.738308119049]}, "properties": {"school_code": 8672, "name": "Coconut Grove Montessori School", "county": "miamidade", "address": "2850 SW 27 AVE", "city": "Miami", "state": "FL", "zip": "33133", "grade_levels": "PK-05", "enroll_pk": 30, "enroll_k4": 62, "enroll_58": 7, "enroll_912": 0, "enroll_k8": 69, "enroll_total": 99, "non_profit": false, "religious": false, "denomination": null, "sbd": null, "mdc_sbd": 3}}, {"type": "Feature", "geometry": {"type": "Point", "coordinates": [-80.468266100242, 25.491917104186]}, "properties": {"school_code": 328, "name": "Colonial Christian School", "county": "miamidade", "address": "17105 S.W. 296TH ST.", "city": "Homestead", "state": "FL", "zip": "33030", "grade_levels": "PK-12", "enroll_pk": 20, "enroll_k4": 103, "enroll_58": 121, "enroll_912": 102, "enroll_k8": 224, "enroll_total": 346, "non_profit": true, "religious": true, "denomination": "BAPTIST", "sbd": null, "mdc_sbd": 7}}, {"type": "Feature", "geometry": {"type": "Point", "coordinates": [-80.273927659098, 25.840347939957]}, "properties": {"school_code": 9475, "name": "Color In Preschool Inc", "county": "miamidade", "address": "2019 E 4TH AVE", "city": "Hialeah", "state": "FL", "zip": "33010", "grade_levels": "PK-02", "enroll_pk": 18, "enroll_k4": 29, "enroll_58": 0, "enroll_912": 0, "enroll_k8": 29, "enroll_total": 47, "non_profit": false, "religious": false, "denomination": null, "sbd": null, "mdc_sbd": 4}}, {"type": "Feature", "geometry": {"type": "Point", "coordinates": [-80.406315937887, 25.762069331963]}, "properties": {"school_code": 2320, "name": "Conchita Espinosa Academy", "county": "miamidade", "address": "12975 S.W. 6TH STREET", "city": "Miami", "state": "FL", "zip": "33184", "grade_levels": "PK-08", "enroll_pk": 79, "enroll_k4": 326, "enroll_58": 188, "enroll_912": 0, "enroll_k8": 514, "enroll_total": 593, "non_profit": false, "religious": false, "denomination": null, "sbd": null, "mdc_sbd": 5}}, {"type": "Feature", "geometry": {"type": "Point", "coordinates": [-80.275729664708, 25.925590784656]}, "properties": {"school_code": 6143, "name": "Cool Academy", "county": "miamidade", "address": "4601 NW 167TH STREET", "city": "Miami Gardens", "state": "FL", "zip": "33055", "grade_levels": "PK-08", "enroll_pk": 14, "enroll_k4": 98, "enroll_58": 49, "enroll_912": 0, "enroll_k8": 147, "enroll_total": 161, "non_profit": true, "religious": true, "denomination": "ASSEMBLIES OF GOD", "sbd": null, "mdc_sbd": 1}}, {"type": "Feature", "geometry": {"type": "Point", "coordinates": [-80.3371238131, 25.754950924625]}, "properties": {"school_code": 3204, "name": "Coral Park Christian Academy", "county": "miamidade", "address": "8755 SOUTHWEST 16TH STREET", "city": "Miami", "state": "FL", "zip": "33165", "grade_levels": "PK-08", "enroll_pk": 65, "enroll_k4": 87, "enroll_58": 41, "enroll_912": 0, "enroll_k8": 128, "enroll_total": 193, "non_profit": true, "religious": true, "denomination": "BAPTIST", "sbd": null, "mdc_sbd": 8}}, {"type": "Feature", "geometry": {"type": "Point", "coordinates": [-80.377938869667, 25.668149528945]}, "properties": {"school_code": 2297, "name": "Courageous Minds Learning Center", "county": "miamidade", "address": "10870 SOUTHWEST 113TH PLACE", "city": "Miami", "state": "FL", "zip": "33176", "grade_levels": "PK-12", "enroll_pk": 7, "enroll_k4": 2, "enroll_58": 1, "enroll_912": 0, "enroll_k8": 3, "enroll_total": 10, "non_profit": false, "religious": false, "denomination": null, "sbd": null, "mdc_sbd": 7}}, {"type": "Feature", "geometry": {"type": "Point", "coordinates": [-80.453838096866, 25.499320684594]}, "properties": {"school_code": 7614, "name": "Creative Kids Academy", "county": "miamidade", "address": "16325 SW 288 ST", "city": "Homestead", "state": "FL", "zip": "33033", "grade_levels": "PK-KG", "enroll_pk": 0, "enroll_k4": 0, "enroll_58": 0, "enroll_912": 0, "enroll_k8": 0, "enroll_total": 0, "non_profit": false, "religious": false, "denomination": null, "sbd": null, "mdc_sbd": 7}}, {"type": "Feature", "geometry": {"type": "Point", "coordinates": [-80.195546161233, 25.884462575874]}, "properties": {"school_code": 5909, "name": "Cristo Rey Miami High School", "county": "miamidade", "address": "125 NE 119TH STREET", "city": "North Miami", "state": "FL", "zip": "33161", "grade_levels": "09-12", "enroll_pk": 0, "enroll_k4": 0, "enroll_58": 0, "enroll_912": 204, "enroll_k8": 0, "enroll_total": 204, "non_profit": true, "religious": true, "denomination": "CATHOLIC", "sbd": null, "mdc_sbd": 2}}, {"type": "Feature", "geometry": {"type": "Point", "coordinates": [-80.257264848091, 25.761292187425]}, "properties": {"school_code": 6250, "name": "Crystal Academy Primary School Caps Intern", "county": "miamidade", "address": "110 PHOENETIA AVE.", "city": "Coral Gables", "state": "FL", "zip": "33134", "grade_levels": "KG-12", "enroll_pk": 0, "enroll_k4": 13, "enroll_58": 14, "enroll_912": 12, "enroll_k8": 27, "enroll_total": 39, "non_profit": true, "religious": false, "denomination": null, "sbd": null, "mdc_sbd": 6}}, {"type": "Feature", "geometry": {"type": "Point", "coordinates": [-80.372604581103, 25.590373306019]}, "properties": {"school_code": 3373, "name": "Cutler Bay Christian Academy", "county": "miamidade", "address": "19000 SW 112TH AVE", "city": "Miami", "state": "FL", "zip": "33157", "grade_levels": "KG-12", "enroll_pk": 0, "enroll_k4": 49, "enroll_58": 44, "enroll_912": 21, "enroll_k8": 93, "enroll_total": 114, "non_profit": true, "religious": true, "denomination": "NON-DENOMINATIONAL", "sbd": null, "mdc_sbd": 7}}, {"type": "Feature", "geometry": {"type": "Point", "coordinates": [-80.357811796392, 25.576378662983]}, "properties": {"school_code": 2984, "name": "Cutler Ridge Christian Academy", "county": "miamidade", "address": "10301 CARIBBEAN BOULEVARD", "city": "Miami", "state": "FL", "zip": "33189", "grade_levels": "PK-08", "enroll_pk": 9, "enroll_k4": 88, "enroll_58": 56, "enroll_912": 0, "enroll_k8": 144, "enroll_total": 153, "non_profit": true, "religious": true, "denomination": "NON-DENOMINATIONAL", "sbd": null, "mdc_sbd": 9}}, {"type": "Feature", "geometry": {"type": "Point", "coordinates": [-80.306882219759, 25.925210304909]}, "properties": {"school_code": 2383, "name": "Dade Christian School", "county": "miamidade", "address": "6601 NW 167TH STREET", "city": "Miami", "state": "FL", "zip": "33015-4299", "grade_levels": "PK-12", "enroll_pk": 56, "enroll_k4": 284, "enroll_58": 184, "enroll_912": 106, "enroll_k8": 468, "enroll_total": 630, "non_profit": true, "religious": true, "denomination": "BAPTIST", "sbd": null, "mdc_sbd": 4}}, {"type": "Feature", "geometry": {"type": "Point", "coordinates": [-80.218743457604, 25.921331142405]}, "properties": {"school_code": 1720, "name": "Diamond Minds Transformational Leadership A", "county": "miamidade", "address": "1160 NW 159 DRIVE", "city": "Miami", "state": "FL", "zip": "33169", "grade_levels": "PK-12", "enroll_pk": 11, "enroll_k4": 70, "enroll_58": 63, "enroll_912": 16, "enroll_k8": 133, "enroll_total": 160, "non_profit": true, "religious": false, "denomination": null, "sbd": null, "mdc_sbd": 1}}, {"type": "Feature", "geometry": {"type": "Point", "coordinates": [-80.327200289657, 25.93405996483]}, "properties": {"school_code": 6939, "name": "Discover Montessori Academy-Psn", "county": "miamidade", "address": "17660 NW 78TH AVE 103", "city": "Miami", "state": "FL", "zip": "33015", "grade_levels": "PK-05", "enroll_pk": 9, "enroll_k4": 7, "enroll_58": 0, "enroll_912": 0, "enroll_k8": 7, "enroll_total": 16, "non_profit": false, "religious": false, "denomination": null, "sbd": null, "mdc_sbd": 4}}, {"type": "Feature", "geometry": {"type": "Point", "coordinates": [-80.303392289968, 25.915925596803]}, "properties": {"school_code": 7382, "name": "Discover Montessori Children'S House Inc.", "county": "miamidade", "address": "15650 MIAMI LAKE WAY NORTH", "city": "Miami Lakes", "state": "FL", "zip": "33014", "grade_levels": "PK-06", "enroll_pk": 5, "enroll_k4": 50, "enroll_58": 5, "enroll_912": 0, "enroll_k8": 55, "enroll_total": 60, "non_profit": true, "religious": false, "denomination": null, "sbd": null, "mdc_sbd": 4}}, {"type": "Feature", "geometry": {"type": "Point", "coordinates": [-80.420607175623, 25.499519870816]}, "properties": {"school_code": 6718, "name": "Discovery Montessori Academy Corp.", "county": "miamidade", "address": "14112 SW 288TH ST.", "city": "Homestead", "state": "FL", "zip": "33033", "grade_levels": "PK-12", "enroll_pk": 4, "enroll_k4": 49, "enroll_58": 41, "enroll_912": 9, "enroll_k8": 90, "enroll_total": 103, "non_profit": false, "religious": false, "denomination": null, "sbd": null, "mdc_sbd": 9}}, {"type": "Feature", "geometry": {"type": "Point", "coordinates": [-80.288036054597, 25.76691002315]}, "properties": {"school_code": 9671, "name": "Discovery Years Inc", "county": "miamidade", "address": "410 SW 57 AVE", "city": "Miami", "state": "FL", "zip": "33144", "grade_levels": "KG-05", "enroll_pk": 0, "enroll_k4": 5, "enroll_58": 0, "enroll_912": 0, "enroll_k8": 5, "enroll_total": 5, "non_profit": true, "religious": false, "denomination": null, "sbd": null, "mdc_sbd": 8}}, {"type": "Feature", "geometry": {"type": "Point", "coordinates": [-80.366273668679, 25.826154922164]}, "properties": {"school_code": 4537, "name": "Divine Savior Lutheran Academy", "county": "miamidade", "address": "10311 NW 58TH ST.", "city": "Doral", "state": "FL", "zip": "33178", "grade_levels": "PK-12", "enroll_pk": 61, "enroll_k4": 358, "enroll_58": 386, "enroll_912": 431, "enroll_k8": 744, "enroll_total": 1236, "non_profit": true, "religious": true, "denomination": "LUTHERAN", "sbd": null, "mdc_sbd": 5}}, {"type": "Feature", "geometry": {"type": "Point", "coordinates": [-80.281480637038, 25.82520606472]}, "properties": {"school_code": 7506, "name": "Donoso Academy Dbr Llc", "county": "miamidade", "address": "368-386 PALM AVENUE", "city": "Hialeah", "state": "FL", "zip": "33010", "grade_levels": "PK-02", "enroll_pk": 11, "enroll_k4": 19, "enroll_58": 0, "enroll_912": 0, "enroll_k8": 19, "enroll_total": 30, "non_profit": false, "religious": false, "denomination": null, "sbd": null, "mdc_sbd": 5}}, {"type": "Feature", "geometry": {"type": "Point", "coordinates": [-80.235536255759, 25.897391464027]}, "properties": {"school_code": 4628, "name": "Dr. John A. Mckinney Christian Academy", "county": "miamidade", "address": "2300 NW 135 STREET", "city": "Miami", "state": "FL", "zip": "33167", "grade_levels": "KG-06", "enroll_pk": 0, "enroll_k4": 12, "enroll_58": 0, "enroll_912": 0, "enroll_k8": 12, "enroll_total": 12, "non_profit": true, "religious": true, "denomination": "BAPTIST", "sbd": null, "mdc_sbd": 2}}, {"type": "Feature", "geometry": {"type": "Point", "coordinates": [-80.190443620912, 25.890146890905]}, "properties": {"school_code": 6874, "name": "Early Step Learning Academy", "county": "miamidade", "address": "401 NE 125", "city": "North Miami", "state": "FL", "zip": "33161", "grade_levels": "PK-03", "enroll_pk": 30, "enroll_k4": 20, "enroll_58": 0, "enroll_912": 0, "enroll_k8": 20, "enroll_total": 50, "non_profit": true, "religious": false, "denomination": null, "sbd": null, "mdc_sbd": 2}}, {"type": "Feature", "geometry": {"type": "Point", "coordinates": [-80.327238494384, 25.934904714323]}, "properties": {"school_code": 5475, "name": "Early Years Academy", "county": "miamidade", "address": "17790 NW 78 AVE", "city": "Miami", "state": "FL", "zip": "33015", "grade_levels": "PK-01", "enroll_pk": 40, "enroll_k4": 44, "enroll_58": 0, "enroll_912": 0, "enroll_k8": 44, "enroll_total": 84, "non_profit": false, "religious": false, "denomination": null, "sbd": null, "mdc_sbd": 4}}, {"type": "Feature", "geometry": {"type": "Point", "coordinates": [-80.218965812168, 25.788699703896]}, "properties": {"school_code": 2418, "name": "Easter Seals Academy", "county": "miamidade", "address": "1475 NW 14TH AVENUE", "city": "Miami", "state": "FL", "zip": "33125-1616", "grade_levels": "PK-12", "enroll_pk": 26, "enroll_k4": 22, "enroll_58": 12, "enroll_912": 29, "enroll_k8": 34, "enroll_total": 89, "non_profit": true, "religious": false, "denomination": null, "sbd": null, "mdc_sbd": 2}}, {"type": "Feature", "geometry": {"type": "Point", "coordinates": [-80.201918192, 25.892355544804]}, "properties": {"school_code": 1877, "name": "Ebenezer Christian Academy", "county": "miamidade", "address": "175 NW 128TH STREET", "city": "Miami", "state": "FL", "zip": "33168", "grade_levels": "PK-12", "enroll_pk": 5, "enroll_k4": 29, "enroll_58": 28, "enroll_912": 20, "enroll_k8": 57, "enroll_total": 82, "non_profit": true, "religious": false, "denomination": null, "sbd": null, "mdc_sbd": 2}}, {"type": "Feature", "geometry": {"type": "Point", "coordinates": [-80.483963487089, 25.446772964403]}, "properties": {"school_code": 5707, "name": "Ebenezer Christian School Inc.", "county": "miamidade", "address": "530 SW 1ST SUITE 305-308", "city": "Florida City", "state": "FL", "zip": "33034", "grade_levels": "PK-12", "enroll_pk": 6, "enroll_k4": 22, "enroll_58": 9, "enroll_912": 6, "enroll_k8": 31, "enroll_total": 43, "non_profit": true, "religious": true, "denomination": "NON-DENOMINATIONAL", "sbd": null, "mdc_sbd": 9}}, {"type": "Feature", "geometry": {"type": "Point", "coordinates": [-80.262623991312, 25.768592801889]}, "properties": {"school_code": 774, "name": "Ebenezer Day Care", "county": "miamidade", "address": "4111 SW 4TH STREET", "city": "Miami", "state": "FL", "zip": "33134", "grade_levels": "PK-04", "enroll_pk": 14, "enroll_k4": 41, "enroll_58": 0, "enroll_912": 0, "enroll_k8": 41, "enroll_total": 55, "non_profit": true, "religious": true, "denomination": "BAPTIST", "sbd": null, "mdc_sbd": 6}}, {"type": "Feature", "geometry": {"type": "Point", "coordinates": [-80.212072205263, 25.824868596793]}, "properties": {"school_code": 4396, "name": "Edc Academy Of Excellence", "county": "miamidade", "address": "991 NW 54TH STREET", "city": "Miami", "state": "FL", "zip": "33127", "grade_levels": "KG-12", "enroll_pk": 0, "enroll_k4": 13, "enroll_58": 23, "enroll_912": 42, "enroll_k8": 36, "enroll_total": 78, "non_profit": false, "religious": false, "denomination": null, "sbd": null, "mdc_sbd": 2}}, {"type": "Feature", "geometry": {"type": "Point", "coordinates": [-80.27472629132, 25.856281055262]}, "properties": {"school_code": 3198, "name": "Edison Private School", "county": "miamidade", "address": "3720 E. 4TH AVENUE", "city": "Hialeah", "state": "FL", "zip": "33013", "grade_levels": "PK-12", "enroll_pk": 7, "enroll_k4": 174, "enroll_58": 152, "enroll_912": 104, "enroll_k8": 326, "enroll_total": 437, "non_profit": false, "religious": false, "denomination": null, "sbd": null, "mdc_sbd": 4}}, {"type": "Feature", "geometry": {"type": "Point", "coordinates": [-80.270681900189, 25.830330624664]}, "properties": {"school_code": 1710, "name": "Einsteins Learning Center 1 Inc", "county": "miamidade", "address": "543 E 9TH ST", "city": "Hialeah", "state": "FL", "zip": "33010", "grade_levels": "PK-02", "enroll_pk": 4, "enroll_k4": 14, "enroll_58": 0, "enroll_912": 0, "enroll_k8": 14, "enroll_total": 18, "non_profit": false, "religious": false, "denomination": null, "sbd": null, "mdc_sbd": 5}}, {"type": "Feature", "geometry": {"type": "Point", "coordinates": [-80.230863564934, 25.913555800779]}, "properties": {"school_code": 8909, "name": "Empowering Youth Inc.", "county": "miamidade", "address": "1840 NW 152 TERRACE", "city": "Miami Gardens", "state": "FL", "zip": "33054", "grade_levels": "PK-12", "enroll_pk": 10, "enroll_k4": 3, "enroll_58": 1, "enroll_912": 0, "enroll_k8": 4, "enroll_total": 14, "non_profit": true, "religious": false, "denomination": null, "sbd": null, "mdc_sbd": 1}}, {"type": "Feature", "geometry": {"type": "Point", "coordinates": [-80.283070081122, 25.693424600259]}, "properties": {"school_code": 2429, "name": "Epiphany School", "county": "miamidade", "address": "5557 SW 84TH STREET", "city": "Miami", "state": "FL", "zip": "33143", "grade_levels": "PK-08", "enroll_pk": 148, "enroll_k4": 432, "enroll_58": 337, "enroll_912": 0, "enroll_k8": 769, "enroll_total": 917, "non_profit": true, "religious": true, "denomination": "CATHOLIC", "sbd": null, "mdc_sbd": 6}}, {"type": "Feature", "geometry": {"type": "Point", "coordinates": [-80.261158870187, 25.936746921866]}, "properties": {"school_code": 6599, "name": "Etta Mae Anderson Learning Academy", "county": "miamidade", "address": "17901 NW 37TH AVE", "city": "Miami", "state": "FL", "zip": "33056", "grade_levels": "KG-12", "enroll_pk": 0, "enroll_k4": 8, "enroll_58": 20, "enroll_912": 22, "enroll_k8": 28, "enroll_total": 50, "non_profit": true, "religious": false, "denomination": null, "sbd": null, "mdc_sbd": 1}}, {"type": "Feature", "geometry": {"type": "Point", "coordinates": [-80.349175436694, 25.59952431467]}, "properties": {"school_code": 6884, "name": "Eureka Educational Academy Inc.", "county": "miamidade", "address": "9730 9750 SW 183RD STREET", "city": "Palmetto Bay", "state": "FL", "zip": "33157", "grade_levels": "PK-12", "enroll_pk": 13, "enroll_k4": 21, "enroll_58": 2, "enroll_912": 0, "enroll_k8": 23, "enroll_total": 36, "non_profit": true, "religious": false, "denomination": null, "sbd": null, "mdc_sbd": 9}}, {"type": "Feature", "geometry": {"type": "Point", "coordinates": [-80.453783637671, 25.713273390264]}, "properties": {"school_code": 9454, "name": "Excelsior Prep Academy Of Kendall", "county": "miamidade", "address": "15785 SOUTHWEST 56TH STREET", "city": "Miami", "state": "FL", "zip": "33185", "grade_levels": "KG-05", "enroll_pk": 0, "enroll_k4": 0, "enroll_58": 0, "enroll_912": 0, "enroll_k8": 0, "enroll_total": 0, "non_profit": false, "religious": false, "denomination": null, "sbd": null, "mdc_sbd": 8}}, {"type": "Feature", "geometry": {"type": "Point", "coordinates": [-80.226949251444, 25.83369599983]}, "properties": {"school_code": 5669, "name": "Faces Learning Academy", "county": "miamidade", "address": "6427 NW 18TH AVENUE", "city": "Miami", "state": "FL", "zip": "33147", "grade_levels": "01-12", "enroll_pk": 0, "enroll_k4": 4, "enroll_58": 15, "enroll_912": 20, "enroll_k8": 19, "enroll_total": 39, "non_profit": false, "religious": false, "denomination": null, "sbd": null, "mdc_sbd": 2}}, {"type": "Feature", "geometry": {"type": "Point", "coordinates": [-80.493840989133, 25.497726639526]}, "properties": {"school_code": 5166, "name": "Faith Fellowship School", "county": "miamidade", "address": "28945 SW 187TH AVE", "city": "Homestead", "state": "FL", "zip": "33030", "grade_levels": "KG-12", "enroll_pk": 0, "enroll_k4": 84, "enroll_58": 86, "enroll_912": 65, "enroll_k8": 170, "enroll_total": 235, "non_profit": true, "religious": true, "denomination": "NON-DENOMINATIONAL", "sbd": null, "mdc_sbd": 7}}, {"type": "Feature", "geometry": {"type": "Point", "coordinates": [-80.27551158585, 25.822908826644]}, "properties": {"school_code": 2440, "name": "Faith Lutheran School", "county": "miamidade", "address": "293 HIALEAH DRIVE", "city": "Hialeah", "state": "FL", "zip": "33010-5294", "grade_levels": "PK-08", "enroll_pk": 15, "enroll_k4": 36, "enroll_58": 27, "enroll_912": 0, "enroll_k8": 63, "enroll_total": 78, "non_profit": true, "religious": true, "denomination": "LUTHERAN", "sbd": null, "mdc_sbd": 5}}, {"type": "Feature", "geometry": {"type": "Point", "coordinates": [-80.350927464168, 25.761628543933]}, "properties": {"school_code": 3965, "name": "Fantastic Land Learning Center", "county": "miamidade", "address": "9600 SW 8TH ST SUITE 13", "city": "Miami", "state": "FL", "zip": "33174", "grade_levels": "PK-01", "enroll_pk": 14, "enroll_k4": 11, "enroll_58": 0, "enroll_912": 0, "enroll_k8": 11, "enroll_total": 25, "non_profit": false, "religious": false, "denomination": null, "sbd": null, "mdc_sbd": 8}}, {"type": "Feature", "geometry": {"type": "Point", "coordinates": [-80.39017337927, 25.583233592347]}, "properties": {"school_code": 7648, "name": "First Impressions Pre-School", "county": "miamidade", "address": "12300 QUAIL ROOST DRIVE", "city": "Miami", "state": "FL", "zip": "33177", "grade_levels": "PK-01", "enroll_pk": 15, "enroll_k4": 18, "enroll_58": 0, "enroll_912": 0, "enroll_k8": 18, "enroll_total": 33, "non_profit": false, "religious": false, "denomination": null, "sbd": null, "mdc_sbd": 7}}, {"type": "Feature", "geometry": {"type": "Point", "coordinates": [-80.362847913676, 25.7324016739]}, "properties": {"school_code": 8834, "name": "Fl Academy", "county": "miamidade", "address": "10360 SW 40 ST", "city": "Miami", "state": "FL", "zip": "33165", "grade_levels": "PK-04", "enroll_pk": 18, "enroll_k4": 31, "enroll_58": 0, "enroll_912": 0, "enroll_k8": 31, "enroll_total": 49, "non_profit": false, "religious": false, "denomination": null, "sbd": null, "mdc_sbd": 6}}, {"type": "Feature", "geometry": {"type": "Point", "coordinates": [-80.493415214003, 25.45773752468]}, "properties": {"school_code": 6756, "name": "Flota Inc", "county": "miamidade", "address": "1013 N. REDLAND RD", "city": "Florida City", "state": "FL", "zip": "33034", "grade_levels": "PK-06", "enroll_pk": 15, "enroll_k4": 46, "enroll_58": 6, "enroll_912": 0, "enroll_k8": 52, "enroll_total": 67, "non_profit": true, "religious": true, "denomination": "BAPTIST", "sbd": null, "mdc_sbd": 9}}, {"type": "Feature", "geometry": {"type": "Point", "coordinates": [-80.161950752491, 25.927031705606]}, "properties": {"school_code": 8636, "name": "Fulford Christian Academy", "county": "miamidade", "address": "1900 NE 164 ST", "city": "North Miami Beach", "state": "FL", "zip": "33162", "grade_levels": "PK-05", "enroll_pk": 13, "enroll_k4": 11, "enroll_58": 0, "enroll_912": 0, "enroll_k8": 11, "enroll_total": 24, "non_profit": true, "religious": true, "denomination": "METHODIST", "sbd": null, "mdc_sbd": 1}}, {"type": "Feature", "geometry": {"type": "Point", "coordinates": [-80.315043106567, 25.685178238798]}, "properties": {"school_code": 9323, "name": "Fusion Academy Miami", "county": "miamidade", "address": "9130 S DADELAND BLVD", "city": "Miami", "state": "FL", "zip": "33156", "grade_levels": "06-12", "enroll_pk": 0, "enroll_k4": 0, "enroll_58": 14, "enroll_912": 47, "enroll_k8": 14, "enroll_total": 61, "non_profit": false, "religious": false, "denomination": null, "sbd": null, "mdc_sbd": 6}}, {"type": "Feature", "geometry": {"type": "Point", "coordinates": [-80.454954081993, 25.68417319376]}, "properties": {"school_code": 5889, "name": "Future Leaders Academy Of Kendall Corp", "county": "miamidade", "address": "16237 SW 88 ST", "city": "Miami", "state": "FL", "zip": "33196", "grade_levels": "PK-05", "enroll_pk": 43, "enroll_k4": 36, "enroll_58": 4, "enroll_912": 0, "enroll_k8": 40, "enroll_total": 83, "non_profit": false, "religious": false, "denomination": null, "sbd": null, "mdc_sbd": 8}}, {"type": "Feature", "geometry": {"type": "Point", "coordinates": [-80.131735012808, 25.856424467999]}, "properties": {"school_code": 8818, "name": "Gan Katan", "county": "miamidade", "address": "1211 MARSEILLE DR", "city": "Miami Beach", "state": "FL", "zip": "33141", "grade_levels": "PK-08", "enroll_pk": 20, "enroll_k4": 103, "enroll_58": 44, "enroll_912": 0, "enroll_k8": 147, "enroll_total": 167, "non_profit": false, "religious": true, "denomination": "JEWISH", "sbd": null, "mdc_sbd": 3}}, {"type": "Feature", "geometry": {"type": "Point", "coordinates": [-80.392197930795, 25.744363624584]}, "properties": {"school_code": 464, "name": "Gladeview Christian School", "county": "miamidade", "address": "12201 SW 26TH STREET", "city": "Miami", "state": "FL", "zip": "33175", "grade_levels": "PK-08", "enroll_pk": 63, "enroll_k4": 87, "enroll_58": 60, "enroll_912": 0, "enroll_k8": 147, "enroll_total": 210, "non_profit": true, "religious": true, "denomination": "BAPTIST", "sbd": null, "mdc_sbd": 8}}, {"type": "Feature", "geometry": {"type": "Point", "coordinates": [-80.343022705789, 25.79690476088]}, "properties": {"school_code": 7057, "name": "God'S Kids", "county": "miamidade", "address": "9044 NW 25TH ST", "city": "Doral", "state": "FL", "zip": "33172", "grade_levels": "PK-12", "enroll_pk": 21, "enroll_k4": 24, "enroll_58": 3, "enroll_912": 6, "enroll_k8": 27, "enroll_total": 54, "non_profit": false, "religious": true, "denomination": "NON-DENOMINATIONAL", "sbd": null, "mdc_sbd": 5}}, {"type": "Feature", "geometry": {"type": "Point", "coordinates": [-80.330849962547, 25.582408660884]}, "properties": {"school_code": 8454, "name": "Golden Horizon Academy Of Cutler Bay Inc.", "county": "miamidade", "address": "8601 SW 199 STREET", "city": "Cutler Bay", "state": "FL", "zip": "33189", "grade_levels": "KG-08", "enroll_pk": 0, "enroll_k4": 38, "enroll_58": 30, "enroll_912": 0, "enroll_k8": 68, "enroll_total": 68, "non_profit": false, "religious": false, "denomination": null, "sbd": null, "mdc_sbd": 9}}, {"type": "Feature", "geometry": {"type": "Point", "coordinates": [-80.422238174783, 25.699777390212]}, "properties": {"school_code": 685, "name": "Good Shepherd Catholic School", "county": "miamidade", "address": "14187 SW 72ND STREET", "city": "Miami", "state": "FL", "zip": "33183", "grade_levels": "PK-08", "enroll_pk": 60, "enroll_k4": 171, "enroll_58": 170, "enroll_912": 0, "enroll_k8": 341, "enroll_total": 401, "non_profit": true, "religious": true, "denomination": "CATHOLIC", "sbd": null, "mdc_sbd": 8}}, {"type": "Feature", "geometry": {"type": "Point", "coordinates": [-80.208382548247, 25.755176627919]}, "properties": {"school_code": 2934, "name": "Gordon Day School Of Beth David Cong.", "county": "miamidade", "address": "2625 S.W. 3RD AVENUE", "city": "Miami", "state": "FL", "zip": "33129", "grade_levels": "PK-07", "enroll_pk": 21, "enroll_k4": 72, "enroll_58": 16, "enroll_912": 0, "enroll_k8": 88, "enroll_total": 109, "non_profit": true, "religious": true, "denomination": "JEWISH", "sbd": null, "mdc_sbd": 3}}, {"type": "Feature", "geometry": {"type": "Point", "coordinates": [-80.396969963062, 25.587387868104]}, "properties": {"school_code": 646, "name": "Grace Baptist Academy", "county": "miamidade", "address": "19301 S.W. 127TH AVENUE", "city": "Miami", "state": "FL", "zip": "33177", "grade_levels": "KG-12", "enroll_pk": 0, "enroll_k4": 10, "enroll_58": 23, "enroll_912": 11, "enroll_k8": 33, "enroll_total": 44, "non_profit": true, "religious": true, "denomination": "BAPTIST", "sbd": null, "mdc_sbd": 7}}, {"type": "Feature", "geometry": {"type": "Point", "coordinates": [-80.409237731743, 25.477655805921]}, "properties": {"school_code": 8852, "name": "Great Beginnings Private School", "county": "miamidade", "address": "31220 SW 134 AVE", "city": "Homestead", "state": "FL", "zip": "33030", "grade_levels": "KG-10", "enroll_pk": 0, "enroll_k4": 0, "enroll_58": 3, "enroll_912": 1, "enroll_k8": 3, "enroll_total": 4, "non_profit": true, "religious": false, "denomination": null, "sbd": null, "mdc_sbd": 9}}, {"type": "Feature", "geometry": {"type": "Point", "coordinates": [-80.276675950436, 25.916827703727]}, "properties": {"school_code": 2894, "name": "Greater Love Christian Academy", "county": "miamidade", "address": "4715 NORTHWEST 157TH STREET", "city": "Miami Gardens", "state": "FL", "zip": "33014", "grade_levels": "KG-12", "enroll_pk": 0, "enroll_k4": 48, "enroll_58": 13, "enroll_912": 0, "enroll_k8": 61, "enroll_total": 61, "non_profit": true, "religious": true, "denomination": "BAPTIST", "sbd": null, "mdc_sbd": 1}}, {"type": "Feature", "geometry": {"type": "Point", "coordinates": [-80.393098937235, 25.772399005628]}, "properties": {"school_code": 2547, "name": "Greater Miami Academy", "county": "miamidade", "address": "500 NW 122ND AVENUE", "city": "Miami", "state": "FL", "zip": "33182", "grade_levels": "PK-12", "enroll_pk": 9, "enroll_k4": 98, "enroll_58": 114, "enroll_912": 184, "enroll_k8": 212, "enroll_total": 405, "non_profit": true, "religious": true, "denomination": "SEVENTH DAY ADVENTIST", "sbd": null, "mdc_sbd": 5}}, {"type": "Feature", "geometry": {"type": "Point", "coordinates": [-80.298256002371, 25.910918662361]}, "properties": {"school_code": 5992, "name": "Growing Days Childcare And Learning Center", "county": "miamidade", "address": "5969 NW 151 STREET", "city": "Miami Lakes", "state": "FL", "zip": "33014", "grade_levels": "PK-01", "enroll_pk": 24, "enroll_k4": 25, "enroll_58": 0, "enroll_912": 0, "enroll_k8": 25, "enroll_total": 49, "non_profit": false, "religious": false, "denomination": null, "sbd": null, "mdc_sbd": 4}}, {"type": "Feature", "geometry": {"type": "Point", "coordinates": [-80.318976577366, 25.853343152355]}, "properties": {"school_code": 9522, "name": "Growing Treasure Private School", "county": "miamidade", "address": "1905 W 35 ST SUITE 120", "city": "Hialeah", "state": "FL", "zip": "33012", "grade_levels": "PK-03", "enroll_pk": 18, "enroll_k4": 21, "enroll_58": 0, "enroll_912": 0, "enroll_k8": 21, "enroll_total": 39, "non_profit": false, "religious": false, "denomination": null, "sbd": null, "mdc_sbd": 4}}, {"type": "Feature", "geometry": {"type": "Point", "coordinates": [-80.334325498638, 25.869249154542]}, "properties": {"school_code": 1144, "name": "Growing Treasures Learning Center 2", "county": "miamidade", "address": "8318 NW 103 ST", "city": "Hialeah Gardens", "state": "FL", "zip": "33016", "grade_levels": "PK-08", "enroll_pk": 25, "enroll_k4": 81, "enroll_58": 35, "enroll_912": 0, "enroll_k8": 116, "enroll_total": 141, "non_profit": false, "religious": false, "denomination": null, "sbd": null, "mdc_sbd": 4}}, {"type": "Feature", "geometry": {"type": "Point", "coordinates": [-80.270083356334, 25.843838127783]}, "properties": {"school_code": 5510, "name": "Growing Treasures Learning Center 3", "county": "miamidade", "address": "600 EAST 24 STREET", "city": "Hialeah", "state": "FL", "zip": "33013", "grade_levels": "PK-01", "enroll_pk": 5, "enroll_k4": 10, "enroll_58": 0, "enroll_912": 0, "enroll_k8": 10, "enroll_total": 15, "non_profit": false, "religious": false, "denomination": null, "sbd": null, "mdc_sbd": 4}}, {"type": "Feature", "geometry": {"type": "Point", "coordinates": [-80.239250548885, 25.778094056976]}, "properties": {"school_code": 3907, "name": "Gtg Learning Center", "county": "miamidade", "address": "525 NW 27 AVE", "city": "Miami", "state": "FL", "zip": "33125", "grade_levels": "KG-12", "enroll_pk": 0, "enroll_k4": 0, "enroll_58": 0, "enroll_912": 0, "enroll_k8": 0, "enroll_total": 0, "non_profit": false, "religious": false, "denomination": null, "sbd": null, "mdc_sbd": 6}}, {"type": "Feature", "geometry": {"type": "Point", "coordinates": [-80.453217958213, 25.713175534208]}, "properties": {"school_code": 556, "name": "Hallbridge Preparatory", "county": "miamidade", "address": "15778 SW 56 ST.", "city": "Miami", "state": "FL", "zip": "33185", "grade_levels": "PK-12", "enroll_pk": 0, "enroll_k4": 18, "enroll_58": 23, "enroll_912": 21, "enroll_k8": 41, "enroll_total": 62, "non_profit": false, "religious": false, "denomination": null, "sbd": null, "mdc_sbd": 8}}, {"type": "Feature", "geometry": {"type": "Point", "coordinates": [-80.291302363848, 25.885912607452]}, "properties": {"school_code": 6341, "name": "Happy Hearts Learning Center", "county": "miamidade", "address": "6883 W 4 AVE", "city": "Hialeah", "state": "FL", "zip": "33014", "grade_levels": "PK-03", "enroll_pk": 9, "enroll_k4": 41, "enroll_58": 0, "enroll_912": 0, "enroll_k8": 41, "enroll_total": 50, "non_profit": false, "religious": false, "denomination": null, "sbd": null, "mdc_sbd": 4}}, {"type": "Feature", "geometry": {"type": "Point", "coordinates": [-80.297985977516, 25.933481913764]}, "properties": {"school_code": 9699, "name": "Happy K-12 Kindergarten Llc", "county": "miamidade", "address": "5901 NW 176TH ST", "city": "Hialeah", "state": "FL", "zip": "33015", "grade_levels": "KG-01", "enroll_pk": 9, "enroll_k4": 33, "enroll_58": 0, "enroll_912": 0, "enroll_k8": 33, "enroll_total": 42, "non_profit": false, "religious": false, "denomination": null, "sbd": null, "mdc_sbd": 1}}, {"type": "Feature", "geometry": {"type": "Point", "coordinates": [-80.415766650151, 25.732536262435]}, "properties": {"school_code": 8561, "name": "Happy Memories Learning Center 2", "county": "miamidade", "address": "3805 SW 137 AVE", "city": "Miami", "state": "FL", "zip": "33175", "grade_levels": "PK-05", "enroll_pk": 1, "enroll_k4": 30, "enroll_58": 3, "enroll_912": 0, "enroll_k8": 33, "enroll_total": 34, "non_profit": false, "religious": false, "denomination": null, "sbd": null, "mdc_sbd": 8}}, {"type": "Feature", "geometry": {"type": "Point", "coordinates": [-80.42168314748, 25.675168636225]}, "properties": {"school_code": 4759, "name": "Happy Memories Learning Center Corp.", "county": "miamidade", "address": "9937 SW 142 AVE.", "city": "Miami", "state": "FL", "zip": "33186", "grade_levels": "PK-05", "enroll_pk": 5, "enroll_k4": 81, "enroll_58": 8, "enroll_912": 0, "enroll_k8": 89, "enroll_total": 94, "non_profit": false, "religious": false, "denomination": null, "sbd": null, "mdc_sbd": 7}}, {"type": "Feature", "geometry": {"type": "Point", "coordinates": [-80.192336979122, 25.93098402637]}, "properties": {"school_code": 7767, "name": "Happy Place Academy", "county": "miamidade", "address": "16951 NE 4TH AVE", "city": "North Miami Beach", "state": "FL", "zip": "33162", "grade_levels": "PK-01", "enroll_pk": 10, "enroll_k4": 11, "enroll_58": 0, "enroll_912": 0, "enroll_k8": 11, "enroll_total": 21, "non_profit": false, "religious": false, "denomination": null, "sbd": null, "mdc_sbd": 1}}, {"type": "Feature", "geometry": {"type": "Point", "coordinates": [-80.389887730303, 25.737143976278]}, "properties": {"school_code": 2896, "name": "Highpoint Academy Inc.", "county": "miamidade", "address": "12101 S.W. 34TH STREET", "city": "Miami", "state": "FL", "zip": "33175", "grade_levels": "PK-08", "enroll_pk": 43, "enroll_k4": 149, "enroll_58": 98, "enroll_912": 0, "enroll_k8": 247, "enroll_total": 290, "non_profit": false, "religious": false, "denomination": null, "sbd": null, "mdc_sbd": 8}}, {"type": "Feature", "geometry": {"type": "Point", "coordinates": [-80.416295626187, 25.714297069944]}, "properties": {"school_code": 3800, "name": "Hollywood Education Literacy Project", "county": "miamidade", "address": "13828 SW 56TH STREET", "city": "Miami", "state": "FL", "zip": "33175", "grade_levels": "KG-12", "enroll_pk": 0, "enroll_k4": 8, "enroll_58": 20, "enroll_912": 11, "enroll_k8": 28, "enroll_total": 39, "non_profit": true, "religious": false, "denomination": null, "sbd": null, "mdc_sbd": 8}}, {"type": "Feature", "geometry": {"type": "Point", "coordinates": [-80.185810879478, 25.899432122411]}, "properties": {"school_code": 2594, "name": "Holy Cross Lutheran School", "county": "miamidade", "address": "650 NE 135TH STREET", "city": "North Miami", "state": "FL", "zip": "33161", "grade_levels": "PK-08", "enroll_pk": 38, "enroll_k4": 168, "enroll_58": 112, "enroll_912": 0, "enroll_k8": 280, "enroll_total": 318, "non_profit": true, "religious": true, "denomination": "LUTHERAN", "sbd": null, "mdc_sbd": 1}}, {"type": "Feature", "geometry": {"type": "Point", "coordinates": [-80.175359854172, 25.910303102224]}, "properties": {"school_code": 2600, "name": "Holy Family Catholic School", "county": "miamidade", "address": "14650 NE 12TH AVENUE", "city": "North Miami", "state": "FL", "zip": "33161", "grade_levels": "PK-08", "enroll_pk": 35, "enroll_k4": 134, "enroll_58": 96, "enroll_912": 0, "enroll_k8": 230, "enroll_total": 265, "non_profit": false, "religious": true, "denomination": "CATHOLIC", "sbd": null, "mdc_sbd": 1}}, {"type": "Feature", "geometry": {"type": "Point", "coordinates": [-80.46604836042, 25.480975130057]}, "properties": {"school_code": 3982, "name": "Hope Academy", "county": "miamidade", "address": "1100 OLD DIXIE HIGHWAY", "city": "Homestead", "state": "FL", "zip": "33030", "grade_levels": "KG-12", "enroll_pk": 0, "enroll_k4": 217, "enroll_58": 183, "enroll_912": 51, "enroll_k8": 400, "enroll_total": 451, "non_profit": true, "religious": false, "denomination": null, "sbd": null, "mdc_sbd": 9}}, {"type": "Feature", "geometry": {"type": "Point", "coordinates": [-80.307194105528, 25.886264152872]}, "properties": {"school_code": 3353, "name": "Hope And Light Academy", "county": "miamidade", "address": "1174 W. 70TH PLACE", "city": "Hialeah", "state": "FL", "zip": "33014", "grade_levels": "KG-08", "enroll_pk": 0, "enroll_k4": 46, "enroll_58": 27, "enroll_912": 0, "enroll_k8": 73, "enroll_total": 73, "non_profit": false, "religious": false, "denomination": null, "sbd": null, "mdc_sbd": 4}}, {"type": "Feature", "geometry": {"type": "Point", "coordinates": [-80.299437483221, 25.884367583588]}, "properties": {"school_code": 468, "name": "Horeb Christian School", "county": "miamidade", "address": "795 W. 68TH STREET", "city": "Hialeah", "state": "FL", "zip": "33014", "grade_levels": "PK-12", "enroll_pk": 30, "enroll_k4": 210, "enroll_58": 158, "enroll_912": 116, "enroll_k8": 368, "enroll_total": 514, "non_profit": true, "religious": true, "denomination": "BAPTIST", "sbd": null, "mdc_sbd": 4}}, {"type": "Feature", "geometry": {"type": "Point", "coordinates": [-80.245116823706, 25.935565924475]}, "properties": {"school_code": 5714, "name": "Iexcel Preparatory Academy", "county": "miamidade", "address": "17700 N.W. 27TH AVENUE", "city": "Miami Gardens", "state": "FL", "zip": "33056", "grade_levels": "PK-05", "enroll_pk": 6, "enroll_k4": 37, "enroll_58": 2, "enroll_912": 0, "enroll_k8": 39, "enroll_total": 45, "non_profit": false, "religious": false, "denomination": null, "sbd": null, "mdc_sbd": 1}}, {"type": "Feature", "geometry": {"type": "Point", "coordinates": [-80.21067830316, 25.747133077045]}, "properties": {"school_code": 229, "name": "Immaculata-La Salle High School", "county": "miamidade", "address": "3601 SOUTH MIAMI AVENUE", "city": "Miami", "state": "FL", "zip": "33133", "grade_levels": "09-12", "enroll_pk": 0, "enroll_k4": 0, "enroll_58": 0, "enroll_912": 882, "enroll_k8": 0, "enroll_total": 882, "non_profit": true, "religious": true, "denomination": "CATHOLIC", "sbd": null, "mdc_sbd": 3}}, {"type": "Feature", "geometry": {"type": "Point", "coordinates": [-80.285376371977, 25.863183035891]}, "properties": {"school_code": 2630, "name": "Immaculate Conception Catholic School", "county": "miamidade", "address": "125 WEST 45TH STREET", "city": "Hialeah", "state": "FL", "zip": "33012", "grade_levels": "PK-08", "enroll_pk": 74, "enroll_k4": 202, "enroll_58": 124, "enroll_912": 0, "enroll_k8": 326, "enroll_total": 400, "non_profit": true, "religious": true, "denomination": "CATHOLIC", "sbd": null, "mdc_sbd": 4}}, {"type": "Feature", "geometry": {"type": "Point", "coordinates": [-80.391315731985, 25.650781395273]}, "properties": {"school_code": 9197, "name": "Integral Development Services Inc", "county": "miamidade", "address": "12700 SW 122 AVE SUITE 108-109", "city": "Miami", "state": "FL", "zip": "33186", "grade_levels": "PK-12", "enroll_pk": 1, "enroll_k4": 13, "enroll_58": 6, "enroll_912": 2, "enroll_k8": 19, "enroll_total": 22, "non_profit": false, "religious": false, "denomination": null, "sbd": null, "mdc_sbd": 7}}, {"type": "Feature", "geometry": {"type": "Point", "coordinates": [-80.221786902541, 25.802253775625]}, "properties": {"school_code": 6102, "name": "Interamerican Learning Center", "county": "miamidade", "address": "1521 NW 28TH STREET", "city": "Miami", "state": "FL", "zip": "33142", "grade_levels": "PK-01", "enroll_pk": 40, "enroll_k4": 50, "enroll_58": 0, "enroll_912": 0, "enroll_k8": 50, "enroll_total": 90, "non_profit": false, "religious": false, "denomination": null, "sbd": null, "mdc_sbd": 2}}, {"type": "Feature", "geometry": {"type": "Point", "coordinates": [-80.231072046163, 25.773990617871]}, "properties": {"school_code": 6968, "name": "International Bilingual Preschool", "county": "miamidade", "address": "70 NW 22 AVE", "city": "Miami", "state": "FL", "zip": "33125", "grade_levels": "PK-02", "enroll_pk": 10, "enroll_k4": 9, "enroll_58": 0, "enroll_912": 0, "enroll_k8": 9, "enroll_total": 19, "non_profit": false, "religious": false, "denomination": null, "sbd": null, "mdc_sbd": 6}}, {"type": "Feature", "geometry": {"type": "Point", "coordinates": [-80.271034093566, 25.867290103444]}, "properties": {"school_code": 8421, "name": "International Children'S Academy", "county": "miamidade", "address": "585 E 49TH STREET SUITE 5", "city": "Hialeah", "state": "FL", "zip": "33013", "grade_levels": "PK-05", "enroll_pk": 31, "enroll_k4": 77, "enroll_58": 12, "enroll_912": 0, "enroll_k8": 89, "enroll_total": 120, "non_profit": false, "religious": false, "denomination": null, "sbd": null, "mdc_sbd": 4}}, {"type": "Feature", "geometry": {"type": "Point", "coordinates": [-80.429072182828, 25.6556659376]}, "properties": {"school_code": 6785, "name": "Islamic School Of Miami", "county": "miamidade", "address": "14501 SW 120TH STREET", "city": "Miami", "state": "FL", "zip": "33196", "grade_levels": "KG-08", "enroll_pk": 0, "enroll_k4": 64, "enroll_58": 50, "enroll_912": 0, "enroll_k8": 114, "enroll_total": 114, "non_profit": true, "religious": true, "denomination": "ISLAMIC/MUSLIM", "sbd": null, "mdc_sbd": 7}}, {"type": "Feature", "geometry": {"type": "Point", "coordinates": [-80.202636611737, 25.886091633196]}, "properties": {"school_code": 4866, "name": "It Takes A Village Academy Of Excellence", "county": "miamidade", "address": "12128 NW 2 AVENUE", "city": "Miami", "state": "FL", "zip": "33168", "grade_levels": "PK-12", "enroll_pk": 0, "enroll_k4": 0, "enroll_58": 0, "enroll_912": 0, "enroll_k8": 0, "enroll_total": 0, "non_profit": false, "religious": false, "denomination": null, "sbd": null, "mdc_sbd": 2}}, {"type": "Feature", "geometry": {"type": "Point", "coordinates": [-80.245761326388, 25.848005778069]}, "properties": {"school_code": 1456, "name": "It'S A Small World Academy", "county": "miamidade", "address": "2990 NW 81 TERRACE", "city": "Miami", "state": "FL", "zip": "33147", "grade_levels": "PK-05", "enroll_pk": 10, "enroll_k4": 35, "enroll_58": 5, "enroll_912": 0, "enroll_k8": 40, "enroll_total": 50, "non_profit": false, "religious": false, "denomination": null, "sbd": null, "mdc_sbd": 2}}, {"type": "Feature", "geometry": {"type": "Point", "coordinates": [-80.232317467838, 25.816953637401]}, "properties": {"school_code": 5636, "name": "It'S A Small World Elementary School", "county": "miamidade", "address": "4601-4617 NW 22 AVE", "city": "Miami", "state": "FL", "zip": "33142", "grade_levels": "KG-12", "enroll_pk": 0, "enroll_k4": 81, "enroll_58": 58, "enroll_912": 0, "enroll_k8": 139, "enroll_total": 139, "non_profit": false, "religious": false, "denomination": null, "sbd": null, "mdc_sbd": 2}}, {"type": "Feature", "geometry": {"type": "Point", "coordinates": [-80.276499063362, 25.822758671002]}, "properties": {"school_code": 4906, "name": "It'S A Small World Private School", "county": "miamidade", "address": "240 HIALEAH DRIVE", "city": "Hialeah", "state": "FL", "zip": "33010", "grade_levels": "PK-05", "enroll_pk": 13, "enroll_k4": 47, "enroll_58": 6, "enroll_912": 0, "enroll_k8": 53, "enroll_total": 66, "non_profit": false, "religious": false, "denomination": null, "sbd": null, "mdc_sbd": 5}}, {"type": "Feature", "geometry": {"type": "Point", "coordinates": [-80.214499637144, 25.825613099595]}, "properties": {"school_code": 8082, "name": "Jay'S Learning Center I Inc.", "county": "miamidade", "address": "1111 NW 55TH STREET", "city": "Miami", "state": "FL", "zip": "33127", "grade_levels": "PK-06", "enroll_pk": 2, "enroll_k4": 0, "enroll_58": 0, "enroll_912": 0, "enroll_k8": 0, "enroll_total": 2, "non_profit": true, "religious": false, "denomination": null, "sbd": null, "mdc_sbd": 2}}, {"type": "Feature", "geometry": {"type": "Point", "coordinates": [-80.306610173197, 25.855659778082]}, "properties": {"school_code": 5543, "name": "Jean Piaget Academy", "county": "miamidade", "address": "3764 WEST 12 AVE.", "city": "Hialeah", "state": "FL", "zip": "33012", "grade_levels": "PK-05", "enroll_pk": 7, "enroll_k4": 52, "enroll_58": 6, "enroll_912": 0, "enroll_k8": 58, "enroll_total": 65, "non_profit": false, "religious": false, "denomination": null, "sbd": null, "mdc_sbd": 4}}, {"type": "Feature", "geometry": {"type": "Point", "coordinates": [-80.226864622445, 25.941699397291]}, "properties": {"school_code": 5667, "name": "Jeremiah Academy", "county": "miamidade", "address": "1455 NW 183RD STREET", "city": "Miami", "state": "FL", "zip": "33169", "grade_levels": "PK-11", "enroll_pk": 3, "enroll_k4": 44, "enroll_58": 58, "enroll_912": 23, "enroll_k8": 102, "enroll_total": 128, "non_profit": true, "religious": true, "denomination": "BAPTIST", "sbd": null, "mdc_sbd": 1}}, {"type": "Feature", "geometry": {"type": "Point", "coordinates": [-80.213243794335, 25.86177151732]}, "properties": {"school_code": 7136, "name": "Jewish Leadership Academy Inc.", "county": "miamidade", "address": "975 NW 95TH STREET", "city": "Miami", "state": "FL", "zip": "33150", "grade_levels": "06-12", "enroll_pk": 0, "enroll_k4": 0, "enroll_58": 112, "enroll_912": 73, "enroll_k8": 112, "enroll_total": 185, "non_profit": true, "religious": true, "denomination": "JEWISH", "sbd": null, "mdc_sbd": 2}}, {"type": "Feature", "geometry": {"type": "Point", "coordinates": [-80.315080844982, 25.871329609777]}, "properties": {"school_code": 5613, "name": "Jinny'S Learning Center Inc.", "county": "miamidade", "address": "5356 W 16 AVE", "city": "Hialeah", "state": "FL", "zip": "33012", "grade_levels": "PK-KG", "enroll_pk": 18, "enroll_k4": 10, "enroll_58": 0, "enroll_912": 0, "enroll_k8": 10, "enroll_total": 28, "non_profit": false, "religious": false, "denomination": null, "sbd": null, "mdc_sbd": 4}}, {"type": "Feature", "geometry": {"type": "Point", "coordinates": [-80.238062941208, 25.755863364436]}, "properties": {"school_code": 1693, "name": "Jose Marti School 1St Campus", "county": "miamidade", "address": "2660 SW 17TH STREET", "city": "Miami", "state": "FL", "zip": "33145", "grade_levels": "PK-03", "enroll_pk": 6, "enroll_k4": 29, "enroll_58": 0, "enroll_912": 0, "enroll_k8": 29, "enroll_total": 35, "non_profit": false, "religious": false, "denomination": null, "sbd": null, "mdc_sbd": 6}}, {"type": "Feature", "geometry": {"type": "Point", "coordinates": [-80.246640232464, 25.755936396264]}, "properties": {"school_code": 495, "name": "Jose Marti School 3Rd Campus", "county": "miamidade", "address": "1685 SOUTHWEST 32ND AVENUE", "city": "Miami", "state": "FL", "zip": "33145", "grade_levels": "04-08", "enroll_pk": 0, "enroll_k4": 12, "enroll_58": 40, "enroll_912": 0, "enroll_k8": 52, "enroll_total": 52, "non_profit": false, "religious": false, "denomination": null, "sbd": null, "mdc_sbd": 6}}, {"type": "Feature", "geometry": {"type": "Point", "coordinates": [-80.398214952592, 25.760933098376]}, "properties": {"school_code": 606, "name": "Just Kids Centers Inc", "county": "miamidade", "address": "12470 SW 8TH STREET", "city": "Miami", "state": "FL", "zip": "33184", "grade_levels": "PK-05", "enroll_pk": 15, "enroll_k4": 45, "enroll_58": 4, "enroll_912": 0, "enroll_k8": 49, "enroll_total": 64, "non_profit": false, "religious": false, "denomination": null, "sbd": null, "mdc_sbd": 8}}, {"type": "Feature", "geometry": {"type": "Point", "coordinates": [-80.369044188898, 25.701049053486]}, "properties": {"school_code": 6344, "name": "Kayleens Learning Center", "county": "miamidade", "address": "10855 SW 72ND ST", "city": "Miami", "state": "FL", "zip": "33173", "grade_levels": "PK-05", "enroll_pk": 22, "enroll_k4": 40, "enroll_58": 5, "enroll_912": 0, "enroll_k8": 45, "enroll_total": 67, "non_profit": false, "religious": false, "denomination": null, "sbd": null, "mdc_sbd": 8}}, {"type": "Feature", "geometry": {"type": "Point", "coordinates": [-80.332256525163, 25.666185360526]}, "properties": {"school_code": 5519, "name": "Kendall Christian", "county": "miamidade", "address": "8485 SW 112 STREET", "city": "Miami", "state": "FL", "zip": "33156", "grade_levels": "PK-05", "enroll_pk": 164, "enroll_k4": 266, "enroll_58": 40, "enroll_912": 0, "enroll_k8": 306, "enroll_total": 470, "non_profit": true, "religious": true, "denomination": "PRESBYTERIAN", "sbd": null, "mdc_sbd": 7}}, {"type": "Feature", "geometry": {"type": "Point", "coordinates": [-80.150989482738, 25.951136769284]}, "properties": {"school_code": 3310, "name": "Kesher L.D.", "county": "miamidade", "address": "19000 NE 25TH AVENUE", "city": "North Miami Beach", "state": "FL", "zip": "33180", "grade_levels": "01-12", "enroll_pk": 0, "enroll_k4": 24, "enroll_58": 32, "enroll_912": 24, "enroll_k8": 56, "enroll_total": 80, "non_profit": true, "religious": true, "denomination": "JEWISH", "sbd": null, "mdc_sbd": 3}}, {"type": "Feature", "geometry": {"type": "Point", "coordinates": [-80.167356413077, 25.698828815022]}, "properties": {"school_code": 747, "name": "Key Biscayne Presbyterian School", "county": "miamidade", "address": "160 HARBOR DRIVE", "city": "Key Biscayne", "state": "FL", "zip": "33149", "grade_levels": "PK-02", "enroll_pk": 149, "enroll_k4": 38, "enroll_58": 0, "enroll_912": 0, "enroll_k8": 38, "enroll_total": 187, "non_profit": true, "religious": true, "denomination": "PRESBYTERIAN", "sbd": null, "mdc_sbd": 6}}, {"type": "Feature", "geometry": {"type": "Point", "coordinates": [-80.19021157544, 25.767834721113]}, "properties": {"school_code": 7643, "name": "Key Point Christian Academy", "county": "miamidade", "address": "609 BRICKELL AVENUE", "city": "Miami", "state": "FL", "zip": "33131", "grade_levels": "PK-12", "enroll_pk": 65, "enroll_k4": 106, "enroll_58": 43, "enroll_912": 15, "enroll_k8": 149, "enroll_total": 229, "non_profit": false, "religious": true, "denomination": "PRESBYTERIAN", "sbd": null, "mdc_sbd": 3}}, {"type": "Feature", "geometry": {"type": "Point", "coordinates": [-80.236329320522, 25.921343294584]}, "properties": {"school_code": 8515, "name": "Khaila Montessori Academy", "county": "miamidade", "address": "16101 NW 22 AVE", "city": "Miami Gardens", "state": "FL", "zip": "33054", "grade_levels": "PK-12", "enroll_pk": 6, "enroll_k4": 35, "enroll_58": 6, "enroll_912": 2, "enroll_k8": 41, "enroll_total": 49, "non_profit": true, "religious": false, "denomination": null, "sbd": null, "mdc_sbd": 1}}, {"type": "Feature", "geometry": {"type": "Point", "coordinates": [-80.311711054522, 25.884222118697]}, "properties": {"school_code": 3260, "name": "Kid'S Day Care Kindergarten", "county": "miamidade", "address": "1301 W 68 ST", "city": "Hialeah", "state": "FL", "zip": "33014", "grade_levels": "PK-05", "enroll_pk": 40, "enroll_k4": 42, "enroll_58": 0, "enroll_912": 0, "enroll_k8": 42, "enroll_total": 82, "non_profit": false, "religious": false, "denomination": null, "sbd": null, "mdc_sbd": 4}}, {"type": "Feature", "geometry": {"type": "Point", "coordinates": [-80.245282765226, 25.941571173817]}, "properties": {"school_code": 5598, "name": "Kid'S Haven Academy", "county": "miamidade", "address": "18373 NW 27TH AVENUE STE B", "city": "Miami Gardens", "state": "FL", "zip": "33056", "grade_levels": "PK-06", "enroll_pk": 7, "enroll_k4": 24, "enroll_58": 4, "enroll_912": 0, "enroll_k8": 28, "enroll_total": 35, "non_profit": false, "religious": false, "denomination": null, "sbd": null, "mdc_sbd": 1}}, {"type": "Feature", "geometry": {"type": "Point", "coordinates": [-80.27518272242, 25.867195026855]}, "properties": {"school_code": 593, "name": "Kid'S Love Day Care Preschool", "county": "miamidade", "address": "375 EAST 49TH STREET", "city": "Hialeah", "state": "FL", "zip": "33013", "grade_levels": "PK-05", "enroll_pk": 16, "enroll_k4": 51, "enroll_58": 6, "enroll_912": 0, "enroll_k8": 57, "enroll_total": 73, "non_profit": false, "religious": false, "denomination": null, "sbd": null, "mdc_sbd": 4}}, {"type": "Feature", "geometry": {"type": "Point", "coordinates": [-80.309186439049, 25.88300722811]}, "properties": {"school_code": 3692, "name": "Kid'S Playhouse Child Care Center Inc.", "county": "miamidade", "address": "1265 W. 66TH STREET", "city": "Hialeah", "state": "FL", "zip": "33012", "grade_levels": "PK-05", "enroll_pk": 34, "enroll_k4": 64, "enroll_58": 8, "enroll_912": 0, "enroll_k8": 72, "enroll_total": 106, "non_profit": false, "religious": false, "denomination": null, "sbd": null, "mdc_sbd": 4}}, {"type": "Feature", "geometry": {"type": "Point", "coordinates": [-80.341089949398, 25.897399708279]}, "properties": {"school_code": 7324, "name": "Kid'S University Elementary School", "county": "miamidade", "address": "2800 W 84TH ST 13", "city": "Hialeah", "state": "FL", "zip": "33018", "grade_levels": "PK-05", "enroll_pk": 19, "enroll_k4": 85, "enroll_58": 7, "enroll_912": 0, "enroll_k8": 92, "enroll_total": 111, "non_profit": false, "religious": false, "denomination": null, "sbd": null, "mdc_sbd": 4}}, {"type": "Feature", "geometry": {"type": "Point", "coordinates": [-80.376362932346, 25.594387116256]}, "properties": {"school_code": 7727, "name": "Kiddy Academy 2", "county": "miamidade", "address": "11304 QUAIL ROOST DR", "city": "Miami", "state": "FL", "zip": "33157", "grade_levels": "PK-12", "enroll_pk": 19, "enroll_k4": 111, "enroll_58": 28, "enroll_912": 0, "enroll_k8": 139, "enroll_total": 158, "non_profit": false, "religious": false, "denomination": null, "sbd": null, "mdc_sbd": 7}}, {"type": "Feature", "geometry": {"type": "Point", "coordinates": [-80.43016025716, 25.728666218165]}, "properties": {"school_code": 6477, "name": "Kids Adventure Learning Center", "county": "miamidade", "address": "14543 SW 42ND STREET", "city": "Miami", "state": "FL", "zip": "33175", "grade_levels": "PK-02", "enroll_pk": 2, "enroll_k4": 15, "enroll_58": 0, "enroll_912": 0, "enroll_k8": 15, "enroll_total": 17, "non_profit": false, "religious": false, "denomination": null, "sbd": null, "mdc_sbd": 8}}, {"type": "Feature", "geometry": {"type": "Point", "coordinates": [-80.332979659099, 25.804372450103]}, "properties": {"school_code": 6917, "name": "Kids Corner Llc", "county": "miamidade", "address": "3275 NW 84 AVENUE", "city": "Miami", "state": "FL", "zip": "33122", "grade_levels": "PK-KG", "enroll_pk": 100, "enroll_k4": 11, "enroll_58": 0, "enroll_912": 0, "enroll_k8": 11, "enroll_total": 111, "non_profit": false, "religious": false, "denomination": null, "sbd": null, "mdc_sbd": 5}}, {"type": "Feature", "geometry": {"type": "Point", "coordinates": [-80.427219986828, 25.629533161013]}, "properties": {"school_code": 5469, "name": "Kids For Kids Academy", "county": "miamidade", "address": "14451 COUNTRY WALK DRIVE", "city": "Miami", "state": "FL", "zip": "33186", "grade_levels": "PK-02", "enroll_pk": 35, "enroll_k4": 43, "enroll_58": 0, "enroll_912": 0, "enroll_k8": 43, "enroll_total": 78, "non_profit": false, "religious": false, "denomination": null, "sbd": null, "mdc_sbd": 7}}, {"type": "Feature", "geometry": {"type": "Point", "coordinates": [-80.379103393986, 25.592139687494]}, "properties": {"school_code": 3886, "name": "Kids Learning Center Of S.Dade 3", "county": "miamidade", "address": "11500 QUAIL ROOST DRIVE", "city": "Miami", "state": "FL", "zip": "33157", "grade_levels": "PK-02", "enroll_pk": 43, "enroll_k4": 91, "enroll_58": 0, "enroll_912": 0, "enroll_k8": 91, "enroll_total": 134, "non_profit": false, "religious": false, "denomination": null, "sbd": null, "mdc_sbd": 7}}, {"type": "Feature", "geometry": {"type": "Point", "coordinates": [-80.367971200685, 25.579355515141]}, "properties": {"school_code": 3884, "name": "Kids Learning Center Of South Dade Ii Inc", "county": "miamidade", "address": "10869 CARIBBEAN BLVD.", "city": "Miami", "state": "FL", "zip": "33189", "grade_levels": "PK-01", "enroll_pk": 31, "enroll_k4": 30, "enroll_58": 0, "enroll_912": 0, "enroll_k8": 30, "enroll_total": 61, "non_profit": false, "religious": false, "denomination": null, "sbd": null, "mdc_sbd": 9}}, {"type": "Feature", "geometry": {"type": "Point", "coordinates": [-80.367013851333, 25.59826156198]}, "properties": {"school_code": 5298, "name": "Kids Learning Center Of South Dade Iii", "county": "miamidade", "address": "10825 SW 184 ST", "city": "Miami", "state": "FL", "zip": "33157", "grade_levels": "03-08", "enroll_pk": 0, "enroll_k4": 80, "enroll_58": 104, "enroll_912": 0, "enroll_k8": 184, "enroll_total": 184, "non_profit": false, "religious": false, "denomination": null, "sbd": null, "mdc_sbd": 7}}, {"type": "Feature", "geometry": {"type": "Point", "coordinates": [-80.412206283955, 25.641160647665]}, "properties": {"school_code": 6595, "name": "Kids Paradise Learning Center", "county": "miamidade", "address": "13455 SW 136 ST", "city": "Miami", "state": "FL", "zip": "33186", "grade_levels": "PK-12", "enroll_pk": 0, "enroll_k4": 62, "enroll_58": 18, "enroll_912": 0, "enroll_k8": 80, "enroll_total": 80, "non_profit": false, "religious": false, "denomination": null, "sbd": null, "mdc_sbd": 7}}, {"type": "Feature", "geometry": {"type": "Point", "coordinates": [-80.284481600087, 25.821868085562]}, "properties": {"school_code": 7325, "name": "Kids Planet Preschool", "county": "miamidade", "address": "200 PARK STREET", "city": "Miami Springs", "state": "FL", "zip": "33166", "grade_levels": "PK-05", "enroll_pk": 6, "enroll_k4": 15, "enroll_58": 2, "enroll_912": 0, "enroll_k8": 17, "enroll_total": 23, "non_profit": false, "religious": false, "denomination": null, "sbd": null, "mdc_sbd": 5}}, {"type": "Feature", "geometry": {"type": "Point", "coordinates": [-80.22557377883, 25.772774417336]}, "properties": {"school_code": 6697, "name": "Kids Small World Learning Center Llc", "county": "miamidade", "address": "1835 WEST FLAGLER ST", "city": "Miami", "state": "FL", "zip": "33135", "grade_levels": "PK-08", "enroll_pk": 25, "enroll_k4": 126, "enroll_58": 7, "enroll_912": 0, "enroll_k8": 133, "enroll_total": 158, "non_profit": false, "religious": false, "denomination": null, "sbd": null, "mdc_sbd": 6}}, {"type": "Feature", "geometry": {"type": "Point", "coordinates": [-80.416575766362, 25.678549712546]}, "properties": {"school_code": 5817, "name": "Kidsville Learning Center", "county": "miamidade", "address": "9526 SW 137 AVENUE", "city": "Miami", "state": "FL", "zip": "33186", "grade_levels": "PK-06", "enroll_pk": 13, "enroll_k4": 32, "enroll_58": 7, "enroll_912": 0, "enroll_k8": 39, "enroll_total": 52, "non_profit": false, "religious": false, "denomination": null, "sbd": null, "mdc_sbd": 7}}, {"type": "Feature", "geometry": {"type": "Point", "coordinates": [-80.339638312148, 25.896845155131]}, "properties": {"school_code": 3942, "name": "Kidworks Usa Inc.", "county": "miamidade", "address": "8155 WEST 28TH AVENUE", "city": "Hialeah", "state": "FL", "zip": "33016", "grade_levels": "KG-07", "enroll_pk": 0, "enroll_k4": 151, "enroll_58": 48, "enroll_912": 0, "enroll_k8": 199, "enroll_total": 199, "non_profit": false, "religious": false, "denomination": null, "sbd": null, "mdc_sbd": 4}}, {"type": "Feature", "geometry": {"type": "Point", "coordinates": [-80.266688921785, 25.858364898308]}, "properties": {"school_code": 7310, "name": "Kidz City Learning Center", "county": "miamidade", "address": "3920 EAST 8TH AVENUE", "city": "Hialeah", "state": "FL", "zip": "33013", "grade_levels": "PK-02", "enroll_pk": 6, "enroll_k4": 10, "enroll_58": 0, "enroll_912": 0, "enroll_k8": 10, "enroll_total": 16, "non_profit": false, "religious": false, "denomination": null, "sbd": null, "mdc_sbd": 4}}, {"type": "Feature", "geometry": {"type": "Point", "coordinates": [-80.255639569972, 25.905801721264]}, "properties": {"school_code": 5728, "name": "Kiilys Kids Inc.", "county": "miamidade", "address": "630 SHARAR AVENUE", "city": "Opa-Locka", "state": "FL", "zip": "33054", "grade_levels": "PK-12", "enroll_pk": 0, "enroll_k4": 92, "enroll_58": 42, "enroll_912": 91, "enroll_k8": 134, "enroll_total": 225, "non_profit": true, "religious": true, "denomination": "PENTECOSTAL", "sbd": null, "mdc_sbd": 1}}, {"type": "Feature", "geometry": {"type": "Point", "coordinates": [-80.351211102905, 25.671448206878]}, "properties": {"school_code": 2618, "name": "Killian Oaks Academy", "county": "miamidade", "address": "10545 SW 97TH AVENUE", "city": "Miami", "state": "FL", "zip": "33176", "grade_levels": "PK-12", "enroll_pk": 5, "enroll_k4": 40, "enroll_58": 25, "enroll_912": 30, "enroll_k8": 65, "enroll_total": 100, "non_profit": false, "religious": false, "denomination": null, "sbd": null, "mdc_sbd": 7}}, {"type": "Feature", "geometry": {"type": "Point", "coordinates": [-80.421971144675, 25.525160325842]}, "properties": {"school_code": 5924, "name": "Kinderkids Learning Center And Preschool Ii", "county": "miamidade", "address": "26049 SOUTH DIXIE HIGHWAY", "city": "Homestead", "state": "FL", "zip": "33032", "grade_levels": "PK-03", "enroll_pk": 4, "enroll_k4": 22, "enroll_58": 0, "enroll_912": 0, "enroll_k8": 22, "enroll_total": 26, "non_profit": false, "religious": false, "denomination": null, "sbd": null, "mdc_sbd": 9}}, {"type": "Feature", "geometry": {"type": "Point", "coordinates": [-80.340292887046, 25.727529769198]}, "properties": {"school_code": 2990, "name": "King'S Christian School", "county": "miamidade", "address": "8951 SOUTH WEST 44TH STREET", "city": "Miami", "state": "FL", "zip": "33165", "grade_levels": "PK-11", "enroll_pk": 46, "enroll_k4": 76, "enroll_58": 44, "enroll_912": 24, "enroll_k8": 120, "enroll_total": 190, "non_profit": true, "religious": true, "denomination": "NON-DENOMINATIONAL", "sbd": null, "mdc_sbd": 6}}, {"type": "Feature", "geometry": {"type": "Point", "coordinates": [-80.446040612527, 25.683984799113]}, "properties": {"school_code": 2354, "name": "Kingdom Academy", "county": "miamidade", "address": "9010 S.W. 157 AVENUE", "city": "Miami", "state": "FL", "zip": "33196", "grade_levels": "PK-05", "enroll_pk": 72, "enroll_k4": 180, "enroll_58": 29, "enroll_912": 0, "enroll_k8": 209, "enroll_total": 281, "non_profit": false, "religious": true, "denomination": "NON-DENOMINATIONAL", "sbd": null, "mdc_sbd": 8}}, {"type": "Feature", "geometry": {"type": "Point", "coordinates": [-80.29164895461, 25.881262145699]}, "properties": {"school_code": 5955, "name": "Kingdom Palace Daycare Inc.", "county": "miamidade", "address": "6500 W 4TH AVENUE 19-22", "city": "Hialeah", "state": "FL", "zip": "33012", "grade_levels": "PK-07", "enroll_pk": 37, "enroll_k4": 59, "enroll_58": 11, "enroll_912": 0, "enroll_k8": 70, "enroll_total": 107, "non_profit": false, "religious": false, "denomination": null, "sbd": null, "mdc_sbd": 4}}, {"type": "Feature", "geometry": {"type": "Point", "coordinates": [-80.516903775446, 25.484143099116]}, "properties": {"school_code": 5538, "name": "Kingswood Montessori", "county": "miamidade", "address": "20130 SW 304 STREET", "city": "Homestead", "state": "FL", "zip": "33030", "grade_levels": "PK-05", "enroll_pk": 80, "enroll_k4": 96, "enroll_58": 15, "enroll_912": 0, "enroll_k8": 111, "enroll_total": 191, "non_profit": false, "religious": false, "denomination": null, "sbd": null, "mdc_sbd": 7}}, {"type": "Feature", "geometry": {"type": "Point", "coordinates": [-80.200578727652, 25.76318008059]}, "properties": {"school_code": 3916, "name": "Kla Academy", "county": "miamidade", "address": "1109 SW 4TH AVENUE", "city": "Miami", "state": "FL", "zip": "33130", "grade_levels": "PK-05", "enroll_pk": 57, "enroll_k4": 151, "enroll_58": 19, "enroll_912": 0, "enroll_k8": 170, "enroll_total": 227, "non_profit": false, "religious": false, "denomination": null, "sbd": null, "mdc_sbd": 6}}, {"type": "Feature", "geometry": {"type": "Point", "coordinates": [-80.35634072901, 25.588313303913]}, "properties": {"school_code": 4558, "name": "Klc Academy And Learning Center", "county": "miamidade", "address": "19350 BELVIEW DRIVE", "city": "Cutler Bay", "state": "FL", "zip": "33157", "grade_levels": "PK-05", "enroll_pk": 26, "enroll_k4": 52, "enroll_58": 0, "enroll_912": 0, "enroll_k8": 52, "enroll_total": 78, "non_profit": false, "religious": false, "denomination": null, "sbd": null, "mdc_sbd": 9}}, {"type": "Feature", "geometry": {"type": "Point", "coordinates": [-80.141018234228, 25.782158267345]}, "properties": {"school_code": 5470, "name": "Klurman/Lubavitch", "county": "miamidade", "address": "1140 ALTON ROAD", "city": "Miami Beach", "state": "FL", "zip": "33139", "grade_levels": "07-12", "enroll_pk": 0, "enroll_k4": 0, "enroll_58": 162, "enroll_912": 127, "enroll_k8": 162, "enroll_total": 289, "non_profit": true, "religious": true, "denomination": "JEWISH", "sbd": null, "mdc_sbd": 3}}, {"type": "Feature", "geometry": {"type": "Point", "coordinates": [-80.431171280033, 25.713820038227]}, "properties": {"school_code": 6635, "name": "Kukai Academy", "county": "miamidade", "address": "14702 SW 56 STREET", "city": "Miami", "state": "FL", "zip": "33185", "grade_levels": "KG-12", "enroll_pk": 0, "enroll_k4": 12, "enroll_58": 3, "enroll_912": 0, "enroll_k8": 15, "enroll_total": 15, "non_profit": false, "religious": false, "denomination": null, "sbd": null, "mdc_sbd": 8}}, {"type": "Feature", "geometry": {"type": "Point", "coordinates": [-80.209323036481, 25.754536374689]}, "properties": {"school_code": 2130, "name": "La Prima Casa Montessori", "county": "miamidade", "address": "2733 SW 3 AVE", "city": "Miami", "state": "FL", "zip": "33129", "grade_levels": "PK-05", "enroll_pk": 62, "enroll_k4": 38, "enroll_58": 5, "enroll_912": 0, "enroll_k8": 43, "enroll_total": 105, "non_profit": false, "religious": false, "denomination": null, "sbd": null, "mdc_sbd": 3}}, {"type": "Feature", "geometry": {"type": "Point", "coordinates": [-80.236881527427, 25.779479493389]}, "properties": {"school_code": 2670, "name": "La Progresiva Presbyterian School Inc.", "county": "miamidade", "address": "2480 NW 7TH STREET", "city": "Miami", "state": "FL", "zip": "33125", "grade_levels": "PK-12", "enroll_pk": 51, "enroll_k4": 292, "enroll_58": 270, "enroll_912": 229, "enroll_k8": 562, "enroll_total": 842, "non_profit": true, "religious": true, "denomination": "PRESBYTERIAN", "sbd": null, "mdc_sbd": 6}}, {"type": "Feature", "geometry": {"type": "Point", "coordinates": [-80.409737796233, 25.475835941855]}, "properties": {"school_code": 455, "name": "La Salle Educational Center", "county": "miamidade", "address": "13428 SOUTHWEST 314TH STREET", "city": "Homestead", "state": "FL", "zip": "33033", "grade_levels": "KG-04", "enroll_pk": 0, "enroll_k4": 28, "enroll_58": 0, "enroll_912": 0, "enroll_k8": 28, "enroll_total": 28, "non_profit": true, "religious": true, "denomination": "CATHOLIC", "sbd": null, "mdc_sbd": 9}}, {"type": "Feature", "geometry": {"type": "Point", "coordinates": [-80.272044408854, 25.841201297927]}, "properties": {"school_code": 7336, "name": "La Scala Musikids Learning Center Inc.", "county": "miamidade", "address": "499 E 21 ST", "city": "Hialeah", "state": "FL", "zip": "33013", "grade_levels": "PK-01", "enroll_pk": 31, "enroll_k4": 24, "enroll_58": 0, "enroll_912": 0, "enroll_k8": 24, "enroll_total": 55, "non_profit": false, "religious": false, "denomination": null, "sbd": null, "mdc_sbd": 4}}, {"type": "Feature", "geometry": {"type": "Point", "coordinates": [-80.314022351873, 25.703098289279]}, "properties": {"school_code": 4981, "name": "La Scuola", "county": "miamidade", "address": "7412 SUNSET DRIVE", "city": "Miami", "state": "FL", "zip": "33143", "grade_levels": "PK-08", "enroll_pk": 12, "enroll_k4": 53, "enroll_58": 42, "enroll_912": 0, "enroll_k8": 95, "enroll_total": 107, "non_profit": false, "religious": false, "denomination": null, "sbd": null, "mdc_sbd": 6}}, {"type": "Feature", "geometry": {"type": "Point", "coordinates": [-80.447306409579, 25.698795844501]}, "properties": {"school_code": 684, "name": "Lago Mar Preschool 1", "county": "miamidade", "address": "15732 SW 72 ST", "city": "Miami", "state": "FL", "zip": "33193", "grade_levels": "PK-02", "enroll_pk": 40, "enroll_k4": 15, "enroll_58": 0, "enroll_912": 0, "enroll_k8": 15, "enroll_total": 55, "non_profit": false, "religious": false, "denomination": null, "sbd": null, "mdc_sbd": 8}}, {"type": "Feature", "geometry": {"type": "Point", "coordinates": [-80.312088308593, 25.88644463586]}, "properties": {"school_code": 4665, "name": "Lakeview Academy", "county": "miamidade", "address": "7031 W 14 CT", "city": "Hialeah", "state": "FL", "zip": "33014", "grade_levels": "KG-08", "enroll_pk": 0, "enroll_k4": 78, "enroll_58": 61, "enroll_912": 0, "enroll_k8": 139, "enroll_total": 139, "non_profit": false, "religious": false, "denomination": null, "sbd": null, "mdc_sbd": 4}}, {"type": "Feature", "geometry": {"type": "Point", "coordinates": [-80.141539255938, 25.964662451171]}, "properties": {"school_code": 440, "name": "Lanaar", "county": "miamidade", "address": "20400 NE 30TH AVE.", "city": "Miami", "state": "FL", "zip": "33180", "grade_levels": "01-08", "enroll_pk": 0, "enroll_k4": 129, "enroll_58": 91, "enroll_912": 0, "enroll_k8": 220, "enroll_total": 220, "non_profit": true, "religious": true, "denomination": "JEWISH", "sbd": null, "mdc_sbd": 3}}, {"type": "Feature", "geometry": {"type": "Point", "coordinates": [-80.42927702196, 25.65565740264]}, "properties": {"school_code": 695, "name": "Learning Links School House", "county": "miamidade", "address": "14515 SW 120 STREET", "city": "Miami", "state": "FL", "zip": "33186", "grade_levels": "KG-12", "enroll_pk": 0, "enroll_k4": 24, "enroll_58": 38, "enroll_912": 43, "enroll_k8": 62, "enroll_total": 105, "non_profit": false, "religious": false, "denomination": null, "sbd": null, "mdc_sbd": 7}}, {"type": "Feature", "geometry": {"type": "Point", "coordinates": [-80.1964446566, 25.781810027698]}, "properties": {"school_code": 3683, "name": "Lebasi 2", "county": "miamidade", "address": "103 NW 8TH ST", "city": "Miami", "state": "FL", "zip": "33136", "grade_levels": "PK-KG", "enroll_pk": 13, "enroll_k4": 1, "enroll_58": 0, "enroll_912": 0, "enroll_k8": 1, "enroll_total": 14, "non_profit": false, "religious": false, "denomination": null, "sbd": null, "mdc_sbd": 2}}, {"type": "Feature", "geometry": {"type": "Point", "coordinates": [-80.190695038198, 25.793603363358]}, "properties": {"school_code": 8968, "name": "Lebasi Llc.", "county": "miamidade", "address": "1801 NE 2ND AVE", "city": "Miami", "state": "FL", "zip": "33132", "grade_levels": "PK-KG", "enroll_pk": 18, "enroll_k4": 8, "enroll_58": 0, "enroll_912": 0, "enroll_k8": 8, "enroll_total": 26, "non_profit": false, "religious": false, "denomination": null, "sbd": null, "mdc_sbd": 2}}, {"type": "Feature", "geometry": {"type": "Point", "coordinates": [-80.224715955527, 25.828779541575]}, "properties": {"school_code": 9844, "name": "Lenora Brown School Academy", "county": "miamidade", "address": "5851 NW 17TH AVE", "city": "Miami", "state": "FL", "zip": "33142", "grade_levels": "07-12", "enroll_pk": 0, "enroll_k4": 0, "enroll_58": 3, "enroll_912": 143, "enroll_k8": 3, "enroll_total": 146, "non_profit": false, "religious": false, "denomination": null, "sbd": null, "mdc_sbd": 2}}, {"type": "Feature", "geometry": {"type": "Point", "coordinates": [-80.217285165407, 25.845182519854]}, "properties": {"school_code": 6590, "name": "Liberty Academy Foundation Inc.", "county": "miamidade", "address": "7750 NW 12TH AVENUE", "city": "Miami", "state": "FL", "zip": "33150", "grade_levels": "PK-05", "enroll_pk": 20, "enroll_k4": 91, "enroll_58": 24, "enroll_912": 0, "enroll_k8": 115, "enroll_total": 135, "non_profit": true, "religious": false, "denomination": null, "sbd": null, "mdc_sbd": 2}}, {"type": "Feature", "geometry": {"type": "Point", "coordinates": [-80.435268769497, 25.684820114012]}, "properties": {"school_code": 6342, "name": "Lifted Academy", "county": "miamidade", "address": "14955 SW 88TH ST", "city": "Miami", "state": "FL", "zip": "33196", "grade_levels": "PK-06", "enroll_pk": 35, "enroll_k4": 78, "enroll_58": 15, "enroll_912": 0, "enroll_k8": 93, "enroll_total": 128, "non_profit": true, "religious": true, "denomination": "BAPTIST", "sbd": null, "mdc_sbd": 8}}, {"type": "Feature", "geometry": {"type": "Point", "coordinates": [-80.326762602006, 25.934967839981]}, "properties": {"school_code": 7957, "name": "Lightwork Education And Wellness Center", "county": "miamidade", "address": "7750 NW 178TH STREET", "city": "Hialeah", "state": "FL", "zip": "33015", "grade_levels": "PK-12", "enroll_pk": 0, "enroll_k4": 30, "enroll_58": 16, "enroll_912": 13, "enroll_k8": 46, "enroll_total": 59, "non_profit": false, "religious": false, "denomination": null, "sbd": null, "mdc_sbd": 4}}, {"type": "Feature", "geometry": {"type": "Point", "coordinates": [-80.473160817575, 25.46240566111]}, "properties": {"school_code": 6466, "name": "Lincoln-Marti Community Agency 04", "county": "miamidade", "address": "103 EAST LUCY STREET SUITE 13", "city": "Florida City", "state": "FL", "zip": "33034", "grade_levels": "PK-08", "enroll_pk": 37, "enroll_k4": 127, "enroll_58": 82, "enroll_912": 0, "enroll_k8": 209, "enroll_total": 246, "non_profit": true, "religious": false, "denomination": null, "sbd": null, "mdc_sbd": 9}}, {"type": "Feature", "geometry": {"type": "Point", "coordinates": [-80.211500593311, 25.772658080268]}, "properties": {"school_code": 4505, "name": "Lincoln-Marti Community Agency 10", "county": "miamidade", "address": "1001 SW 1 ST", "city": "Miami", "state": "FL", "zip": "33130", "grade_levels": "KG-12", "enroll_pk": 0, "enroll_k4": 73, "enroll_58": 113, "enroll_912": 91, "enroll_k8": 186, "enroll_total": 277, "non_profit": true, "religious": false, "denomination": null, "sbd": null, "mdc_sbd": 6}}, {"type": "Feature", "geometry": {"type": "Point", "coordinates": [-80.221096497207, 25.787358656112]}, "properties": {"school_code": 4509, "name": "Lincoln-Marti Community Agency 14", "county": "miamidade", "address": "1550 NW 14 ST", "city": "Miami", "state": "FL", "zip": "33125", "grade_levels": "PK-05", "enroll_pk": 12, "enroll_k4": 48, "enroll_58": 6, "enroll_912": 0, "enroll_k8": 54, "enroll_total": 66, "non_profit": true, "religious": false, "denomination": null, "sbd": null, "mdc_sbd": 2}}, {"type": "Feature", "geometry": {"type": "Point", "coordinates": [-80.27395328077, 25.83793961345]}, "properties": {"school_code": 4512, "name": "Lincoln-Marti Community Agency 17", "county": "miamidade", "address": "1750 E 4 AVE", "city": "Hialeah", "state": "FL", "zip": "33010", "grade_levels": "KG-12", "enroll_pk": 0, "enroll_k4": 99, "enroll_58": 109, "enroll_912": 88, "enroll_k8": 208, "enroll_total": 296, "non_profit": true, "religious": false, "denomination": null, "sbd": null, "mdc_sbd": 4}}, {"type": "Feature", "geometry": {"type": "Point", "coordinates": [-80.232701629315, 25.868419586195]}, "properties": {"school_code": 4516, "name": "Lincoln-Marti Community Agency 21", "county": "miamidade", "address": "2111 NW 103 ST", "city": "Miami", "state": "FL", "zip": "33147", "grade_levels": "KG-07", "enroll_pk": 0, "enroll_k4": 49, "enroll_58": 16, "enroll_912": 0, "enroll_k8": 65, "enroll_total": 65, "non_profit": true, "religious": false, "denomination": null, "sbd": null, "mdc_sbd": 2}}, {"type": "Feature", "geometry": {"type": "Point", "coordinates": [-80.23280080378, 25.764429631646]}, "properties": {"school_code": 1400, "name": "Lincoln-Marti Community Agency 23", "county": "miamidade", "address": "904 SW 23 AVE", "city": "Miami", "state": "FL", "zip": "33135", "grade_levels": "PK-08", "enroll_pk": 19, "enroll_k4": 98, "enroll_58": 42, "enroll_912": 0, "enroll_k8": 140, "enroll_total": 159, "non_profit": true, "religious": false, "denomination": null, "sbd": null, "mdc_sbd": 6}}, {"type": "Feature", "geometry": {"type": "Point", "coordinates": [-80.437014128598, 25.499393253109]}, "properties": {"school_code": 4495, "name": "Lincoln-Marti Community Agency 28", "county": "miamidade", "address": "28800 SW 152ND AVENUE", "city": "Miami", "state": "FL", "zip": "33033", "grade_levels": "PK-12", "enroll_pk": 34, "enroll_k4": 175, "enroll_58": 159, "enroll_912": 101, "enroll_k8": 334, "enroll_total": 469, "non_profit": true, "religious": false, "denomination": null, "sbd": null, "mdc_sbd": 9}}, {"type": "Feature", "geometry": {"type": "Point", "coordinates": [-80.383112732389, 25.644794872707]}, "properties": {"school_code": 5777, "name": "Lincoln-Marti Community Agency 30", "county": "miamidade", "address": "13301 SW 117 AVE", "city": "Miami", "state": "FL", "zip": "33186", "grade_levels": "PK-04", "enroll_pk": 17, "enroll_k4": 22, "enroll_58": 0, "enroll_912": 0, "enroll_k8": 22, "enroll_total": 39, "non_profit": true, "religious": false, "denomination": null, "sbd": null, "mdc_sbd": 7}}, {"type": "Feature", "geometry": {"type": "Point", "coordinates": [-80.303716565703, 25.758135520898]}, "properties": {"school_code": 4497, "name": "Lincoln-Marti Community Agency 35", "county": "miamidade", "address": "1335 SW 67 AVE", "city": "Miami", "state": "FL", "zip": "33144", "grade_levels": "PK-02", "enroll_pk": 15, "enroll_k4": 14, "enroll_58": 0, "enroll_912": 0, "enroll_k8": 14, "enroll_total": 29, "non_profit": true, "religious": false, "denomination": null, "sbd": null, "mdc_sbd": 8}}, {"type": "Feature", "geometry": {"type": "Point", "coordinates": [-80.426987857303, 25.759401884096]}, "properties": {"school_code": 872, "name": "Lincoln-Marti Community Agency 43", "county": "miamidade", "address": "890 SW 143RD AVENUE", "city": "Miami", "state": "FL", "zip": "33184", "grade_levels": "PK-02", "enroll_pk": 12, "enroll_k4": 14, "enroll_58": 0, "enroll_912": 0, "enroll_k8": 14, "enroll_total": 26, "non_profit": true, "religious": false, "denomination": null, "sbd": null, "mdc_sbd": 8}}, {"type": "Feature", "geometry": {"type": "Point", "coordinates": [-80.348062155527, 25.892393086117]}, "properties": {"school_code": 4518, "name": "Lincoln-Marti Community Agency 76", "county": "miamidade", "address": "7665 W 32 AVE", "city": "Hialeah", "state": "FL", "zip": "33018", "grade_levels": "PK-03", "enroll_pk": 17, "enroll_k4": 20, "enroll_58": 0, "enroll_912": 0, "enroll_k8": 20, "enroll_total": 37, "non_profit": true, "religious": false, "denomination": null, "sbd": null, "mdc_sbd": 4}}, {"type": "Feature", "geometry": {"type": "Point", "coordinates": [-80.372104510291, 25.560552275869]}, "properties": {"school_code": 4535, "name": "Lincoln-Marti Community Agency 88", "county": "miamidade", "address": "22165 SW 112 AVE", "city": "Gouldes", "state": "FL", "zip": "33170", "grade_levels": "PK-05", "enroll_pk": 12, "enroll_k4": 13, "enroll_58": 7, "enroll_912": 0, "enroll_k8": 20, "enroll_total": 32, "non_profit": true, "religious": false, "denomination": null, "sbd": null, "mdc_sbd": 9}}, {"type": "Feature", "geometry": {"type": "Point", "coordinates": [-80.283461728695, 25.831626967441]}, "properties": {"school_code": 4504, "name": "Lincoln-Marti Community Agency 90", "county": "miamidade", "address": "90 W 11 ST", "city": "Hialeah", "state": "FL", "zip": "33010", "grade_levels": "KG-05", "enroll_pk": 0, "enroll_k4": 43, "enroll_58": 6, "enroll_912": 0, "enroll_k8": 49, "enroll_total": 49, "non_profit": true, "religious": false, "denomination": null, "sbd": null, "mdc_sbd": 5}}, {"type": "Feature", "geometry": {"type": "Point", "coordinates": [-80.290846170373, 25.831281862493]}, "properties": {"school_code": 1743, "name": "Little Angel Academy 2", "county": "miamidade", "address": "441 WEST 11 ST", "city": "Hialeah", "state": "FL", "zip": "33010", "grade_levels": "PK-02", "enroll_pk": 0, "enroll_k4": 31, "enroll_58": 0, "enroll_912": 0, "enroll_k8": 31, "enroll_total": 31, "non_profit": false, "religious": false, "denomination": null, "sbd": null, "mdc_sbd": 5}}, {"type": "Feature", "geometry": {"type": "Point", "coordinates": [-80.287202686827, 25.881228195902]}, "properties": {"school_code": 260, "name": "Little Angels Christian School Daycare", "county": "miamidade", "address": "6491 WEST 2ND AVENUE", "city": "Hialeah", "state": "FL", "zip": "33012", "grade_levels": "PK-05", "enroll_pk": 13, "enroll_k4": 55, "enroll_58": 7, "enroll_912": 0, "enroll_k8": 62, "enroll_total": 75, "non_profit": false, "religious": true, "denomination": "BAPTIST", "sbd": null, "mdc_sbd": 4}}, {"type": "Feature", "geometry": {"type": "Point", "coordinates": [-80.416369063494, 25.745130401522]}, "properties": {"school_code": 8916, "name": "Little Angels Preschool Corp", "county": "miamidade", "address": "2420 SW 137 AVE", "city": "Miami", "state": "FL", "zip": "33175", "grade_levels": "PK-02", "enroll_pk": 3, "enroll_k4": 15, "enroll_58": 0, "enroll_912": 0, "enroll_k8": 15, "enroll_total": 18, "non_profit": false, "religious": false, "denomination": null, "sbd": null, "mdc_sbd": 8}}, {"type": "Feature", "geometry": {"type": "Point", "coordinates": [-80.321483639302, 25.877065315114]}, "properties": {"school_code": 6691, "name": "Little Children'S Learning Academy", "county": "miamidade", "address": "1919 W 60 ST", "city": "Hialeah", "state": "FL", "zip": "33012", "grade_levels": "KG-04", "enroll_pk": 6, "enroll_k4": 37, "enroll_58": 0, "enroll_912": 0, "enroll_k8": 37, "enroll_total": 43, "non_profit": false, "religious": false, "denomination": null, "sbd": null, "mdc_sbd": 4}}, {"type": "Feature", "geometry": {"type": "Point", "coordinates": [-80.36270404393, 25.590411359078]}, "properties": {"school_code": 8824, "name": "Little Genius Learn And Play", "county": "miamidade", "address": "18950 SW 106 AVE UNIT. 123124", "city": "Miami", "state": "FL", "zip": "33157", "grade_levels": "PK-04", "enroll_pk": 15, "enroll_k4": 20, "enroll_58": 0, "enroll_912": 0, "enroll_k8": 20, "enroll_total": 35, "non_profit": false, "religious": false, "denomination": null, "sbd": null, "mdc_sbd": 7}}, {"type": "Feature", "geometry": {"type": "Point", "coordinates": [-80.240860692938, 25.898141609548]}, "properties": {"school_code": 8591, "name": "Little Ones Academy", "county": "miamidade", "address": "2527 OPA LOCKA BLVD A", "city": "Opa Locka", "state": "FL", "zip": "33054", "grade_levels": "PK-KG", "enroll_pk": 30, "enroll_k4": 3, "enroll_58": 0, "enroll_912": 0, "enroll_k8": 3, "enroll_total": 33, "non_profit": false, "religious": false, "denomination": null, "sbd": null, "mdc_sbd": 1}}, {"type": "Feature", "geometry": {"type": "Point", "coordinates": [-80.439020574384, 25.713580853434]}, "properties": {"school_code": 3273, "name": "Little Promises Daycarelearning Center", "county": "miamidade", "address": "15194 SW 56 ST.", "city": "Miami", "state": "FL", "zip": "33185", "grade_levels": "PK-05", "enroll_pk": 5, "enroll_k4": 20, "enroll_58": 2, "enroll_912": 0, "enroll_k8": 22, "enroll_total": 27, "non_profit": false, "religious": false, "denomination": null, "sbd": null, "mdc_sbd": 8}}, {"type": "Feature", "geometry": {"type": "Point", "coordinates": [-80.245591575756, 25.895340005126]}, "properties": {"school_code": 6400, "name": "Little Rock Preparatory Academy", "county": "miamidade", "address": "13250 NORTHWEST 28TH AVENUE", "city": "Opa Locka", "state": "FL", "zip": "33054", "grade_levels": "06-12", "enroll_pk": 0, "enroll_k4": 0, "enroll_58": 0, "enroll_912": 0, "enroll_k8": 0, "enroll_total": 0, "non_profit": true, "religious": false, "denomination": null, "sbd": null, "mdc_sbd": 1}}, {"type": "Feature", "geometry": {"type": "Point", "coordinates": [-80.306938591143, 25.868420762873]}, "properties": {"school_code": 5771, "name": "Little Star Learning Academy Ii Llc", "county": "miamidade", "address": "5042 W 12 AVE", "city": "Hialeah", "state": "FL", "zip": "33012", "grade_levels": "PK-01", "enroll_pk": 15, "enroll_k4": 19, "enroll_58": 0, "enroll_912": 0, "enroll_k8": 19, "enroll_total": 34, "non_profit": false, "religious": false, "denomination": null, "sbd": null, "mdc_sbd": 4}}, {"type": "Feature", "geometry": {"type": "Point", "coordinates": [-80.291077735293, 25.8479558568]}, "properties": {"school_code": 7339, "name": "Los Pinos Nuevos Christian School Corp.", "county": "miamidade", "address": "432 WEST 29ST.", "city": "Hialeah", "state": "FL", "zip": "33012", "grade_levels": "PK-03", "enroll_pk": 15, "enroll_k4": 20, "enroll_58": 0, "enroll_912": 0, "enroll_k8": 20, "enroll_total": 35, "non_profit": false, "religious": false, "denomination": null, "sbd": null, "mdc_sbd": 4}}, {"type": "Feature", "geometry": {"type": "Point", "coordinates": [-80.371986783735, 25.5384245662]}, "properties": {"school_code": 5487, "name": "Lovely Stars Academy 2", "county": "miamidade", "address": "24655 SW 112TH AVE", "city": "Homestead", "state": "FL", "zip": "33032", "grade_levels": "PK-05", "enroll_pk": 25, "enroll_k4": 19, "enroll_58": 2, "enroll_912": 0, "enroll_k8": 21, "enroll_total": 46, "non_profit": false, "religious": false, "denomination": null, "sbd": null, "mdc_sbd": 9}}, {"type": "Feature", "geometry": {"type": "Point", "coordinates": [-80.411166517381, 25.535161027755]}, "properties": {"school_code": 6967, "name": "Lovely Stars Child Care Academy", "county": "miamidade", "address": "24953 SW 135 RD", "city": "Homestead", "state": "FL", "zip": "33032", "grade_levels": "PK-08", "enroll_pk": 11, "enroll_k4": 17, "enroll_58": 0, "enroll_912": 0, "enroll_k8": 17, "enroll_total": 28, "non_profit": false, "religious": false, "denomination": null, "sbd": null, "mdc_sbd": 9}}, {"type": "Feature", "geometry": {"type": "Point", "coordinates": [-80.211408251669, 25.933185896495]}, "properties": {"school_code": 256, "name": "Lubavitch Educational Center Inc.", "county": "miamidade", "address": "17330 NW 7TH AVENUE", "city": "Miami", "state": "FL", "zip": "33169", "grade_levels": "PK-12", "enroll_pk": 116, "enroll_k4": 793, "enroll_58": 424, "enroll_912": 241, "enroll_k8": 1217, "enroll_total": 1574, "non_profit": true, "religious": true, "denomination": "JEWISH", "sbd": null, "mdc_sbd": 1}}, {"type": "Feature", "geometry": {"type": "Point", "coordinates": [-80.347680772302, 25.884037277686]}, "properties": {"school_code": 5118, "name": "Magic Kids Learning Center Ii", "county": "miamidade", "address": "9160 NW 122 ST 10-16", "city": "Hialeah Gardens", "state": "FL", "zip": "33018", "grade_levels": "PK-05", "enroll_pk": 26, "enroll_k4": 24, "enroll_58": 1, "enroll_912": 0, "enroll_k8": 25, "enroll_total": 51, "non_profit": false, "religious": false, "denomination": null, "sbd": null, "mdc_sbd": 4}}, {"type": "Feature", "geometry": {"type": "Point", "coordinates": [-80.260330040072, 25.91940710769]}, "properties": {"school_code": 2687, "name": "Marian Center School And Services", "county": "miamidade", "address": "15701 NW 37TH AVENUE", "city": "Miami Gardens", "state": "FL", "zip": "33054-6397", "grade_levels": "01-12", "enroll_pk": 0, "enroll_k4": 1, "enroll_58": 4, "enroll_912": 9, "enroll_k8": 5, "enroll_total": 14, "non_profit": true, "religious": true, "denomination": "CATHOLIC", "sbd": null, "mdc_sbd": 1}}, {"type": "Feature", "geometry": {"type": "Point", "coordinates": [-80.273709036268, 25.834633178539]}, "properties": {"school_code": 4365, "name": "Masters Preparatory School- East Hialeah", "county": "miamidade", "address": "1395 EAST 4TH AVENUE", "city": "Hialeah", "state": "FL", "zip": "33010", "grade_levels": "PK-09", "enroll_pk": 25, "enroll_k4": 253, "enroll_58": 199, "enroll_912": 27, "enroll_k8": 452, "enroll_total": 504, "non_profit": true, "religious": false, "denomination": null, "sbd": null, "mdc_sbd": 5}}, {"type": "Feature", "geometry": {"type": "Point", "coordinates": [-80.20412979861, 25.924348305562]}, "properties": {"school_code": 8840, "name": "Masters Preparatory School- North Miami", "county": "miamidade", "address": "16301 NW 2ND AVE SUITE1", "city": "Miami", "state": "FL", "zip": "33169", "grade_levels": "PK-05", "enroll_pk": 18, "enroll_k4": 71, "enroll_58": 12, "enroll_912": 0, "enroll_k8": 83, "enroll_total": 101, "non_profit": true, "religious": false, "denomination": null, "sbd": null, "mdc_sbd": 1}}, {"type": "Feature", "geometry": {"type": "Point", "coordinates": [-80.325792946268, 25.867280835061]}, "properties": {"school_code": 1128, "name": "Mater Virtual Academy North Campus", "county": "miamidade", "address": "7901 NORTHWEST 103RD STREET", "city": "Hialeah Gardens", "state": "FL", "zip": "33016", "grade_levels": "06-12", "enroll_pk": 0, "enroll_k4": 0, "enroll_58": 3, "enroll_912": 19, "enroll_k8": 3, "enroll_total": 22, "non_profit": false, "religious": false, "denomination": null, "sbd": null, "mdc_sbd": 4}}, {"type": "Feature", "geometry": {"type": "Point", "coordinates": [-80.135914301006, 25.811542148511]}, "properties": {"school_code": 116, "name": "Mesivta Of Greater Miami", "county": "miamidade", "address": "4000 ALTON ROAD", "city": "Miami Beach", "state": "FL", "zip": "33140", "grade_levels": "09-12", "enroll_pk": 0, "enroll_k4": 0, "enroll_58": 0, "enroll_912": 48, "enroll_k8": 0, "enroll_total": 48, "non_profit": true, "religious": true, "denomination": "JEWISH", "sbd": null, "mdc_sbd": 3}}, {"type": "Feature", "geometry": {"type": "Point", "coordinates": [-80.222406479667, 25.831726758988]}, "properties": {"school_code": 8213, "name": "Meyga Learning Center", "county": "miamidade", "address": "1466 NW 62ND STREET", "city": "Miami", "state": "FL", "zip": "33147", "grade_levels": "KG-12", "enroll_pk": 0, "enroll_k4": 20, "enroll_58": 17, "enroll_912": 11, "enroll_k8": 37, "enroll_total": 48, "non_profit": false, "religious": false, "denomination": null, "sbd": null, "mdc_sbd": 2}}, {"type": "Feature", "geometry": {"type": "Point", "coordinates": [-80.227956466284, 25.771572593633]}, "properties": {"school_code": 8747, "name": "Miami Arts Montessori Academy Inc", "county": "miamidade", "address": "1999 SW 1 STREET", "city": "Miami", "state": "FL", "zip": "33135", "grade_levels": "KG-12", "enroll_pk": 0, "enroll_k4": 8, "enroll_58": 7, "enroll_912": 1, "enroll_k8": 15, "enroll_total": 16, "non_profit": true, "religious": false, "denomination": null, "sbd": null, "mdc_sbd": 6}}, {"type": "Feature", "geometry": {"type": "Point", "coordinates": [-80.373255635309, 25.770837517437]}, "properties": {"school_code": 2690, "name": "Miami Christian", "county": "miamidade", "address": "200 NW 109TH AVENUE", "city": "Miami", "state": "FL", "zip": "33172", "grade_levels": "KG-12", "enroll_pk": 0, "enroll_k4": 49, "enroll_58": 70, "enroll_912": 178, "enroll_k8": 119, "enroll_total": 297, "non_profit": true, "religious": true, "denomination": "NON-DENOMINATIONAL", "sbd": null, "mdc_sbd": 5}}, {"type": "Feature", "geometry": {"type": "Point", "coordinates": [-80.224089063568, 25.815099138308]}, "properties": {"school_code": 9131, "name": "Miami International Academy", "county": "miamidade", "address": "4343 NW 17TH AVE", "city": "Miami", "state": "FL", "zip": "33142", "grade_levels": "07-12", "enroll_pk": 0, "enroll_k4": 0, "enroll_58": 50, "enroll_912": 260, "enroll_k8": 50, "enroll_total": 310, "non_profit": false, "religious": false, "denomination": null, "sbd": null, "mdc_sbd": 2}}, {"type": "Feature", "geometry": {"type": "Point", "coordinates": [-80.154745054752, 25.888576769691]}, "properties": {"school_code": 8502, "name": "Miami Jewish Academy", "county": "miamidade", "address": "2180 NE 122ND STREET", "city": "North Miami", "state": "FL", "zip": "33181", "grade_levels": "KG-05", "enroll_pk": 0, "enroll_k4": 36, "enroll_58": 7, "enroll_912": 0, "enroll_k8": 43, "enroll_total": 43, "non_profit": true, "religious": true, "denomination": "JEWISH", "sbd": null, "mdc_sbd": 3}}, {"type": "Feature", "geometry": {"type": "Point", "coordinates": [-80.342384036567, 25.942478182039]}, "properties": {"school_code": 7102, "name": "Miami Lakes Preschool", "county": "miamidade", "address": "18600 NW 87 AVE", "city": "Hialeah", "state": "FL", "zip": "33015", "grade_levels": "PK-08", "enroll_pk": 55, "enroll_k4": 75, "enroll_58": 16, "enroll_912": 0, "enroll_k8": 91, "enroll_total": 146, "non_profit": false, "religious": false, "denomination": null, "sbd": null, "mdc_sbd": 4}}, {"type": "Feature", "geometry": {"type": "Point", "coordinates": [-80.185201910957, 25.863709703401]}, "properties": {"school_code": 3286, "name": "Miami Shores Presbyterian Church School", "county": "miamidade", "address": "602 NE 96 STREET", "city": "Miami Shores", "state": "FL", "zip": "33138", "grade_levels": "PK-05", "enroll_pk": 50, "enroll_k4": 76, "enroll_58": 10, "enroll_912": 0, "enroll_k8": 86, "enroll_total": 136, "non_profit": true, "religious": true, "denomination": "PRESBYTERIAN", "sbd": null, "mdc_sbd": 2}}, {"type": "Feature", "geometry": {"type": "Point", "coordinates": [-80.288537151058, 25.813165793179]}, "properties": {"school_code": 887, "name": "Miami Springs Seventh-Day Adventist", "county": "miamidade", "address": "701 CURTISS PARKWAY", "city": "Miami Springs", "state": "FL", "zip": "33166", "grade_levels": "KG-08", "enroll_pk": 0, "enroll_k4": 18, "enroll_58": 15, "enroll_912": 0, "enroll_k8": 33, "enroll_total": 33, "non_profit": true, "religious": true, "denomination": "SEVENTH DAY ADVENTIST", "sbd": null, "mdc_sbd": 5}}, {"type": "Feature", "geometry": {"type": "Point", "coordinates": [-80.204878012021, 25.890412736609]}, "properties": {"school_code": 2879, "name": "Miami Union Academy", "county": "miamidade", "address": "12600 NW 4TH AVENUE", "city": "North Miami", "state": "FL", "zip": "33168-3628", "grade_levels": "PK-12", "enroll_pk": 4, "enroll_k4": 77, "enroll_58": 61, "enroll_912": 72, "enroll_k8": 138, "enroll_total": 214, "non_profit": true, "religious": true, "denomination": "SEVENTH DAY ADVENTIST", "sbd": null, "mdc_sbd": 2}}, {"type": "Feature", "geometry": {"type": "Point", "coordinates": [-80.150919018666, 25.950168302889]}, "properties": {"school_code": 2954, "name": "Michael-Ann Russell Jcc", "county": "miamidade", "address": "18900 NORTHEAST 25TH AVENUE", "city": "North Miami Beach", "state": "FL", "zip": "33180", "grade_levels": "PK-KG", "enroll_pk": 36, "enroll_k4": 8, "enroll_58": 0, "enroll_912": 0, "enroll_k8": 8, "enroll_total": 44, "non_profit": true, "religious": true, "denomination": "JEWISH", "sbd": null, "mdc_sbd": 3}}, {"type": "Feature", "geometry": {"type": "Point", "coordinates": [-80.387905150204, 25.74630270332]}, "properties": {"school_code": 5808, "name": "Mini Me Daycare Learning Center Ii Inc.", "county": "miamidade", "address": "11865 SW 26 STREET SUITE H 1", "city": "Miami", "state": "FL", "zip": "33175", "grade_levels": "PK-05", "enroll_pk": 33, "enroll_k4": 26, "enroll_58": 0, "enroll_912": 0, "enroll_k8": 26, "enroll_total": 59, "non_profit": false, "religious": false, "denomination": null, "sbd": null, "mdc_sbd": 8}}, {"type": "Feature", "geometry": {"type": "Point", "coordinates": [-80.438564666411, 25.698069012596]}, "properties": {"school_code": 8897, "name": "Mini Me Learning Center Iii Inc", "county": "miamidade", "address": "7300 SW 152 AVE", "city": "Miami", "state": "FL", "zip": "33193", "grade_levels": "PK-05", "enroll_pk": 25, "enroll_k4": 34, "enroll_58": 0, "enroll_912": 0, "enroll_k8": 34, "enroll_total": 59, "non_profit": false, "religious": false, "denomination": null, "sbd": null, "mdc_sbd": 8}}, {"type": "Feature", "geometry": {"type": "Point", "coordinates": [-80.438128607375, 25.50665988562]}, "properties": {"school_code": 8429, "name": "Mini Me Learning Center Iv Inc", "county": "miamidade", "address": "15260 SW 280TH STREET STE. 103", "city": "Homestead", "state": "FL", "zip": "33032", "grade_levels": "PK-05", "enroll_pk": 29, "enroll_k4": 21, "enroll_58": 0, "enroll_912": 0, "enroll_k8": 21, "enroll_total": 50, "non_profit": false, "religious": false, "denomination": null, "sbd": null, "mdc_sbd": 9}}, {"type": "Feature", "geometry": {"type": "Point", "coordinates": [-80.269439940267, 25.859858066658]}, "properties": {"school_code": 8185, "name": "Mission Of God Academy Inc", "county": "miamidade", "address": "660 EAST 41 STREET", "city": "Hialeah", "state": "FL", "zip": "33013", "grade_levels": "PK-05", "enroll_pk": 12, "enroll_k4": 42, "enroll_58": 3, "enroll_912": 0, "enroll_k8": 45, "enroll_total": 57, "non_profit": false, "religious": false, "denomination": null, "sbd": null, "mdc_sbd": 4}}, {"type": "Feature", "geometry": {"type": "Point", "coordinates": [-80.254298410199, 25.741009027573]}, "properties": {"school_code": 7926, "name": "Mlc Preparatory Academy", "county": "miamidade", "address": "2710 SW 37TH AVE", "city": "Miami", "state": "FL", "zip": "33133", "grade_levels": "02-12", "enroll_pk": 0, "enroll_k4": 7, "enroll_58": 9, "enroll_912": 16, "enroll_k8": 16, "enroll_total": 32, "non_profit": true, "religious": false, "denomination": null, "sbd": null, "mdc_sbd": 6}}, {"type": "Feature", "geometry": {"type": "Point", "coordinates": [-80.215601252223, 25.824638719182]}, "properties": {"school_code": 9519, "name": "Mlmpi Prep Academy 1", "county": "miamidade", "address": "1168 NW 54TH ST", "city": "Miami", "state": "FL", "zip": "33127", "grade_levels": "06-12", "enroll_pk": 0, "enroll_k4": 0, "enroll_58": 16, "enroll_912": 80, "enroll_k8": 16, "enroll_total": 96, "non_profit": false, "religious": false, "denomination": null, "sbd": null, "mdc_sbd": 2}}, {"type": "Feature", "geometry": {"type": "Point", "coordinates": [-80.252397086524, 25.917413634867]}, "properties": {"school_code": 2713, "name": "Monsignor Edward Pace High School", "county": "miamidade", "address": "15600 NW 32ND AVENUE", "city": "Miami Gardens", "state": "FL", "zip": "33054", "grade_levels": "09-12", "enroll_pk": 0, "enroll_k4": 0, "enroll_58": 0, "enroll_912": 803, "enroll_k8": 0, "enroll_total": 803, "non_profit": true, "religious": true, "denomination": "CATHOLIC", "sbd": null, "mdc_sbd": 1}}, {"type": "Feature", "geometry": {"type": "Point", "coordinates": [-80.405604812811, 25.663529348721]}, "properties": {"school_code": 6125, "name": "Montessori Children'S House", "county": "miamidade", "address": "12985 SW 112 STREET", "city": "Miami", "state": "FL", "zip": "33186", "grade_levels": "PK-01", "enroll_pk": 29, "enroll_k4": 5, "enroll_58": 0, "enroll_912": 0, "enroll_k8": 5, "enroll_total": 34, "non_profit": false, "religious": false, "denomination": null, "sbd": null, "mdc_sbd": 7}}, {"type": "Feature", "geometry": {"type": "Point", "coordinates": [-80.303229542064, 25.915933653008]}, "properties": {"school_code": 9542, "name": "Montessori Children'S House Of Miami Lakes", "county": "miamidade", "address": "6381 MIAMI LAKEWAY N", "city": "Miami Lakes", "state": "FL", "zip": "33014", "grade_levels": "PK-03", "enroll_pk": 7, "enroll_k4": 13, "enroll_58": 0, "enroll_912": 0, "enroll_k8": 13, "enroll_total": 20, "non_profit": false, "religious": true, "denomination": "BAPTIST", "sbd": null, "mdc_sbd": 4}}, {"type": "Feature", "geometry": {"type": "Point", "coordinates": [-80.184517751956, 25.888592385177]}, "properties": {"school_code": 4559, "name": "Montessori School Of North Miami", "county": "miamidade", "address": "695 N.E. 123RD. STREET", "city": "North Miami", "state": "FL", "zip": "33161", "grade_levels": "PK-02", "enroll_pk": 21, "enroll_k4": 44, "enroll_58": 0, "enroll_912": 0, "enroll_k8": 44, "enroll_total": 65, "non_profit": false, "religious": false, "denomination": null, "sbd": null, "mdc_sbd": 2}}, {"type": "Feature", "geometry": {"type": "Point", "coordinates": [-80.423047408544, 25.708610631892]}, "properties": {"school_code": 5342, "name": "Mot Academy", "county": "miamidade", "address": "14202 SW 62 STREET", "city": "Miami", "state": "FL", "zip": "33183", "grade_levels": "KG-12", "enroll_pk": 0, "enroll_k4": 39, "enroll_58": 23, "enroll_912": 70, "enroll_k8": 62, "enroll_total": 132, "non_profit": false, "religious": false, "denomination": null, "sbd": null, "mdc_sbd": 8}}, {"type": "Feature", "geometry": {"type": "Point", "coordinates": [-80.423571286211, 25.743324622082]}, "properties": {"school_code": 3869, "name": "Mother Of Christ Catholic School", "county": "miamidade", "address": "14141 SW 26TH STREET", "city": "Miami", "state": "FL", "zip": "33175", "grade_levels": "PK-08", "enroll_pk": 24, "enroll_k4": 144, "enroll_58": 128, "enroll_912": 0, "enroll_k8": 272, "enroll_total": 296, "non_profit": true, "religious": true, "denomination": "CATHOLIC", "sbd": null, "mdc_sbd": 8}}, {"type": "Feature", "geometry": {"type": "Point", "coordinates": [-80.338730657953, 25.94234261564]}, "properties": {"school_code": 4440, "name": "Mother Of Our Redeemer Catholic School", "county": "miamidade", "address": "8445 NW 186 STREET", "city": "Miami", "state": "FL", "zip": "33015", "grade_levels": "PK-08", "enroll_pk": 37, "enroll_k4": 144, "enroll_58": 110, "enroll_912": 0, "enroll_k8": 254, "enroll_total": 291, "non_profit": true, "religious": true, "denomination": "CATHOLIC", "sbd": null, "mdc_sbd": 4}}, {"type": "Feature", "geometry": {"type": "Point", "coordinates": [-80.131858813826, 25.792326443914]}, "properties": {"school_code": 6576, "name": "Muss Family Montessori School", "county": "miamidade", "address": "1701 WASHINGTON AVENUE", "city": "Miami Beach", "state": "FL", "zip": "33139", "grade_levels": "PK-KG", "enroll_pk": 43, "enroll_k4": 7, "enroll_58": 0, "enroll_912": 0, "enroll_k8": 7, "enroll_total": 50, "non_profit": true, "religious": true, "denomination": "JEWISH", "sbd": null, "mdc_sbd": 3}}, {"type": "Feature", "geometry": {"type": "Point", "coordinates": [-80.470098076089, 25.477264520127]}, "properties": {"school_code": 8607, "name": "My 1St College Lc", "county": "miamidade", "address": "445 NE 8TH ST", "city": "Homestead", "state": "FL", "zip": "33030", "grade_levels": "PK-02", "enroll_pk": 8, "enroll_k4": 19, "enroll_58": 0, "enroll_912": 0, "enroll_k8": 19, "enroll_total": 27, "non_profit": false, "religious": false, "denomination": null, "sbd": null, "mdc_sbd": 9}}, {"type": "Feature", "geometry": {"type": "Point", "coordinates": [-80.396967508931, 25.58792679558]}, "properties": {"school_code": 9161, "name": "My Academy Preschool And Learning Center", "county": "miamidade", "address": "19201 SW 127TH AVE", "city": "Miami", "state": "FL", "zip": "33177", "grade_levels": "PK-03", "enroll_pk": 174, "enroll_k4": 4, "enroll_58": 0, "enroll_912": 0, "enroll_k8": 4, "enroll_total": 178, "non_profit": false, "religious": false, "denomination": null, "sbd": null, "mdc_sbd": 7}}, {"type": "Feature", "geometry": {"type": "Point", "coordinates": [-80.314216922299, 25.861005998425]}, "properties": {"school_code": 6375, "name": "My Child'S Dream", "county": "miamidade", "address": "1570 WEST 43 PL 15", "city": "Hialeah", "state": "FL", "zip": "33012", "grade_levels": "PK-05", "enroll_pk": 9, "enroll_k4": 20, "enroll_58": 2, "enroll_912": 0, "enroll_k8": 22, "enroll_total": 31, "non_profit": false, "religious": false, "denomination": null, "sbd": null, "mdc_sbd": 4}}, {"type": "Feature", "geometry": {"type": "Point", "coordinates": [-80.265627669519, 25.831625533049]}, "properties": {"school_code": 6285, "name": "My First Step Learning", "county": "miamidade", "address": "1006 E 8 AVE", "city": "Hialeah", "state": "FL", "zip": "33010", "grade_levels": "KG-08", "enroll_pk": 0, "enroll_k4": 54, "enroll_58": 32, "enroll_912": 0, "enroll_k8": 86, "enroll_total": 86, "non_profit": false, "religious": false, "denomination": null, "sbd": null, "mdc_sbd": 5}}, {"type": "Feature", "geometry": {"type": "Point", "coordinates": [-80.314612304352, 25.859977081042]}, "properties": {"school_code": 5712, "name": "My Happy House", "county": "miamidade", "address": "4203- 4235 W 16TH AVE", "city": "Hialeah", "state": "FL", "zip": "33012", "grade_levels": "PK-02", "enroll_pk": 22, "enroll_k4": 52, "enroll_58": 0, "enroll_912": 0, "enroll_k8": 52, "enroll_total": 74, "non_profit": false, "religious": false, "denomination": null, "sbd": null, "mdc_sbd": 4}}, {"type": "Feature", "geometry": {"type": "Point", "coordinates": [-80.380622403584, 25.76834254673]}, "properties": {"school_code": 9092, "name": "My Little World", "county": "miamidade", "address": "11369 WEST FLAGLER ST", "city": "Miami", "state": "FL", "zip": "33174", "grade_levels": "PK-05", "enroll_pk": 20, "enroll_k4": 70, "enroll_58": 8, "enroll_912": 0, "enroll_k8": 78, "enroll_total": 98, "non_profit": false, "religious": false, "denomination": null, "sbd": null, "mdc_sbd": 5}}, {"type": "Feature", "geometry": {"type": "Point", "coordinates": [-80.274510414859, 25.850584808578]}, "properties": {"school_code": 6382, "name": "My World Learning Center", "county": "miamidade", "address": "3101 E 4TH AVE", "city": "Hialeah", "state": "FL", "zip": "33013", "grade_levels": "PK-03", "enroll_pk": 17, "enroll_k4": 47, "enroll_58": 0, "enroll_912": 0, "enroll_k8": 47, "enroll_total": 64, "non_profit": false, "religious": false, "denomination": null, "sbd": null, "mdc_sbd": 4}}, {"type": "Feature", "geometry": {"type": "Point", "coordinates": [-80.332627055334, 25.769630798774]}, "properties": {"school_code": 6219, "name": "Nancy'S Land Learning Center", "county": "miamidade", "address": "8420 WEST FLAGLER ST SUITE116", "city": "Miami", "state": "FL", "zip": "33144", "grade_levels": "PK-01", "enroll_pk": 7, "enroll_k4": 10, "enroll_58": 0, "enroll_912": 0, "enroll_k8": 10, "enroll_total": 17, "non_profit": false, "religious": false, "denomination": null, "sbd": null, "mdc_sbd": 5}}, {"type": "Feature", "geometry": {"type": "Point", "coordinates": [-80.315306194104, 25.876277507308]}, "properties": {"school_code": 5073, "name": "New Aladdin Learning Center", "county": "miamidade", "address": "5918 W 16 AVE", "city": "Hialeah", "state": "FL", "zip": "33012", "grade_levels": "PK-05", "enroll_pk": 6, "enroll_k4": 83, "enroll_58": 10, "enroll_912": 0, "enroll_k8": 93, "enroll_total": 99, "non_profit": false, "religious": false, "denomination": null, "sbd": null, "mdc_sbd": 4}}, {"type": "Feature", "geometry": {"type": "Point", "coordinates": [-80.332844815561, 25.914661576639]}, "properties": {"school_code": 6725, "name": "New Angels Day Care", "county": "miamidade", "address": "8185 NW 155 STR 1", "city": "Miami Lakes", "state": "FL", "zip": "33016", "grade_levels": "PK-03", "enroll_pk": 0, "enroll_k4": 30, "enroll_58": 0, "enroll_912": 0, "enroll_k8": 30, "enroll_total": 30, "non_profit": false, "religious": false, "denomination": null, "sbd": null, "mdc_sbd": 4}}, {"type": "Feature", "geometry": {"type": "Point", "coordinates": [-80.43020732653, 25.760832921042]}, "properties": {"school_code": 2608, "name": "New Horizons Private School", "county": "miamidade", "address": "14520 SW 8 STREET", "city": "Miami", "state": "FL", "zip": "33184", "grade_levels": "PK-03", "enroll_pk": 15, "enroll_k4": 24, "enroll_58": 0, "enroll_912": 0, "enroll_k8": 24, "enroll_total": 39, "non_profit": false, "religious": false, "denomination": null, "sbd": null, "mdc_sbd": 8}}, {"type": "Feature", "geometry": {"type": "Point", "coordinates": [-80.210443974784, 25.853541526445]}, "properties": {"school_code": 4146, "name": "New Jerusalem Christian Academy", "county": "miamidade", "address": "777 NW 85TH ST", "city": "Miami", "state": "FL", "zip": "33150", "grade_levels": "KG-05", "enroll_pk": 0, "enroll_k4": 65, "enroll_58": 10, "enroll_912": 0, "enroll_k8": 75, "enroll_total": 75, "non_profit": true, "religious": true, "denomination": "BAPTIST", "sbd": null, "mdc_sbd": 2}}, {"type": "Feature", "geometry": {"type": "Point", "coordinates": [-80.356292449576, 25.613520193575]}, "properties": {"school_code": 5558, "name": "New Testament Church Little Angels Academy", "county": "miamidade", "address": "10190 S.W. 168TH STREET", "city": "Miami", "state": "FL", "zip": "33157", "grade_levels": "PK-01", "enroll_pk": 41, "enroll_k4": 14, "enroll_58": 0, "enroll_912": 0, "enroll_k8": 14, "enroll_total": 55, "non_profit": true, "religious": true, "denomination": "PENTECOSTAL", "sbd": null, "mdc_sbd": 7}}, {"type": "Feature", "geometry": {"type": "Point", "coordinates": [-80.205861397922, 25.966818558018]}, "properties": {"school_code": 554, "name": "North Dade Regional Academy", "county": "miamidade", "address": "20827 NW 2ND AVE", "city": "Miami Gardens", "state": "FL", "zip": "33169", "grade_levels": "KG-12", "enroll_pk": 0, "enroll_k4": 35, "enroll_58": 29, "enroll_912": 11, "enroll_k8": 64, "enroll_total": 75, "non_profit": true, "religious": false, "denomination": null, "sbd": null, "mdc_sbd": 1}}, {"type": "Feature", "geometry": {"type": "Point", "coordinates": [-80.209351826824, 25.923522922391]}, "properties": {"school_code": 6683, "name": "Oasis Academy Llc", "county": "miamidade", "address": "540 N.W 165 STREET RD. 104", "city": "Miami", "state": "FL", "zip": "33169", "grade_levels": "KG-12", "enroll_pk": 0, "enroll_k4": 15, "enroll_58": 5, "enroll_912": 0, "enroll_k8": 20, "enroll_total": 20, "non_profit": false, "religious": true, "denomination": "NON-DENOMINATIONAL", "sbd": null, "mdc_sbd": 1}}, {"type": "Feature", "geometry": {"type": "Point", "coordinates": [-80.303124340075, 25.740048218088]}, "properties": {"school_code": 2567, "name": "Our International Academy At Coral Gables", "county": "miamidade", "address": "3201 SW 67TH AVE", "city": "Miami", "state": "FL", "zip": "33155", "grade_levels": "PK-08", "enroll_pk": 16, "enroll_k4": 87, "enroll_58": 9, "enroll_912": 0, "enroll_k8": 96, "enroll_total": 112, "non_profit": false, "religious": false, "denomination": null, "sbd": null, "mdc_sbd": 6}}, {"type": "Feature", "geometry": {"type": "Point", "coordinates": [-80.319629453165, 25.862463998172]}, "properties": {"school_code": 6118, "name": "Our Lady Of Charity School Inc", "county": "miamidade", "address": "1900 WEST 44TH PLACE", "city": "Hialeah", "state": "FL", "zip": "33012", "grade_levels": "PK-12", "enroll_pk": 46, "enroll_k4": 93, "enroll_58": 63, "enroll_912": 28, "enroll_k8": 156, "enroll_total": 230, "non_profit": false, "religious": false, "denomination": null, "sbd": null, "mdc_sbd": 4}}, {"type": "Feature", "geometry": {"type": "Point", "coordinates": [-80.282653657124, 25.693440508583]}, "properties": {"school_code": 2770, "name": "Our Lady Of Lourdes Academy", "county": "miamidade", "address": "5525 SW 84TH STREET", "city": "Miami", "state": "FL", "zip": "33143", "grade_levels": "09-12", "enroll_pk": 0, "enroll_k4": 0, "enroll_58": 0, "enroll_912": 838, "enroll_k8": 0, "enroll_total": 838, "non_profit": true, "religious": true, "denomination": "CATHOLIC", "sbd": null, "mdc_sbd": 6}}, {"type": "Feature", "geometry": {"type": "Point", "coordinates": [-80.421869031038, 25.663256625306]}, "properties": {"school_code": 4672, "name": "Our Lady Of Lourdes Parish School", "county": "miamidade", "address": "14000 S.W. 112 STREET", "city": "Miami", "state": "FL", "zip": "33186", "grade_levels": "PK-08", "enroll_pk": 89, "enroll_k4": 303, "enroll_58": 229, "enroll_912": 0, "enroll_k8": 532, "enroll_total": 621, "non_profit": true, "religious": true, "denomination": "CATHOLIC", "sbd": null, "mdc_sbd": 7}}, {"type": "Feature", "geometry": {"type": "Point", "coordinates": [-80.306659646105, 25.886988502024]}, "properties": {"school_code": 415, "name": "Our Lady Of Lourdes Pre-School", "county": "miamidade", "address": "1164 WEST 71ST STREET", "city": "Hialeah", "state": "FL", "zip": "33014", "grade_levels": "PK-05", "enroll_pk": 9, "enroll_k4": 50, "enroll_58": 5, "enroll_912": 0, "enroll_k8": 55, "enroll_total": 64, "non_profit": false, "religious": false, "denomination": null, "sbd": null, "mdc_sbd": 4}}, {"type": "Feature", "geometry": {"type": "Point", "coordinates": [-80.309045067577, 25.917953440108]}, "properties": {"school_code": 1970, "name": "Our Lady Of The Lakes Catholic School", "county": "miamidade", "address": "6600 MIAMI LAKEWAY NORTH", "city": "Miami Lakes", "state": "FL", "zip": "33014", "grade_levels": "PK-08", "enroll_pk": 138, "enroll_k4": 260, "enroll_58": 202, "enroll_912": 0, "enroll_k8": 462, "enroll_total": 600, "non_profit": true, "religious": true, "denomination": "CATHOLIC", "sbd": null, "mdc_sbd": 4}}, {"type": "Feature", "geometry": {"type": "Point", "coordinates": [-80.368180461926, 25.68064307634]}, "properties": {"school_code": 3242, "name": "Our Lady Of The Rosary School", "county": "miamidade", "address": "10701 SW 95 STREET", "city": "Miami", "state": "FL", "zip": "33176-2612", "grade_levels": "PK-08", "enroll_pk": 51, "enroll_k4": 61, "enroll_58": 45, "enroll_912": 0, "enroll_k8": 106, "enroll_total": 157, "non_profit": false, "religious": true, "denomination": "CATHOLIC", "sbd": null, "mdc_sbd": 7}}, {"type": "Feature", "geometry": {"type": "Point", "coordinates": [-80.346150843525, 25.617228729692]}, "properties": {"school_code": 4724, "name": "Palmetto Bay Academy", "county": "miamidade", "address": "16637 S. DIXIE HWY", "city": "Miami", "state": "FL", "zip": "33157", "grade_levels": "KG-12", "enroll_pk": 0, "enroll_k4": 4, "enroll_58": 13, "enroll_912": 35, "enroll_k8": 17, "enroll_total": 52, "non_profit": false, "religious": false, "denomination": null, "sbd": null, "mdc_sbd": 9}}, {"type": "Feature", "geometry": {"type": "Point", "coordinates": [-80.231203755879, 25.938761700023]}, "properties": {"school_code": 3272, "name": "Parkway Baptist Church Wee Care", "county": "miamidade", "address": "18000 NW 18 AVE", "city": "Miami Gardens", "state": "FL", "zip": "33056", "grade_levels": "PK-KG", "enroll_pk": 47, "enroll_k4": 10, "enroll_58": 0, "enroll_912": 0, "enroll_k8": 10, "enroll_total": 57, "non_profit": true, "religious": true, "denomination": "BAPTIST", "sbd": null, "mdc_sbd": 1}}, {"type": "Feature", "geometry": {"type": "Point", "coordinates": [-80.213180664857, 25.943404452453]}, "properties": {"school_code": 3729, "name": "Pentab Academy", "county": "miamidade", "address": "18415 N.W. 7TH AVENUE", "city": "Miami", "state": "FL", "zip": "33169", "grade_levels": "PK-08", "enroll_pk": 49, "enroll_k4": 124, "enroll_58": 56, "enroll_912": 0, "enroll_k8": 180, "enroll_total": 229, "non_profit": true, "religious": true, "denomination": "PENTECOSTAL", "sbd": null, "mdc_sbd": 1}}, {"type": "Feature", "geometry": {"type": "Point", "coordinates": [-80.349053946541, 25.607334067288]}, "properties": {"school_code": 329, "name": "Perrine Sda School", "county": "miamidade", "address": "9750 E DATURA STREET", "city": "Palmetto Bay", "state": "FL", "zip": "33157", "grade_levels": "KG-08", "enroll_pk": 0, "enroll_k4": 22, "enroll_58": 26, "enroll_912": 0, "enroll_k8": 48, "enroll_total": 48, "non_profit": true, "religious": true, "denomination": "SEVENTH DAY ADVENTIST", "sbd": null, "mdc_sbd": 9}}, {"type": "Feature", "geometry": {"type": "Point", "coordinates": [-80.367766270775, 25.745932383297]}, "properties": {"school_code": 668, "name": "Peter Pan Child Care And Learning Center", "county": "miamidade", "address": "2500 S.W. 107 AVENUE SUITE 17", "city": "Miami", "state": "FL", "zip": "33165", "grade_levels": "PK-12", "enroll_pk": 11, "enroll_k4": 32, "enroll_58": 15, "enroll_912": 4, "enroll_k8": 47, "enroll_total": 62, "non_profit": false, "religious": false, "denomination": null, "sbd": null, "mdc_sbd": 8}}, {"type": "Feature", "geometry": {"type": "Point", "coordinates": [-80.285126440417, 25.866779438757]}, "properties": {"school_code": 6892, "name": "Pinocchio Day Care", "county": "miamidade", "address": "100 W 49 ST", "city": "Hialeah", "state": "FL", "zip": "33012", "grade_levels": "PK-02", "enroll_pk": 11, "enroll_k4": 25, "enroll_58": 0, "enroll_912": 0, "enroll_k8": 25, "enroll_total": 36, "non_profit": false, "religious": false, "denomination": null, "sbd": null, "mdc_sbd": 4}}, {"type": "Feature", "geometry": {"type": "Point", "coordinates": [-80.294901657328, 25.86779724274]}, "properties": {"school_code": 8645, "name": "Pla Fine Arts", "county": "miamidade", "address": "4975 WEST 6 AVENUE", "city": "Hialeah", "state": "FL", "zip": "33012", "grade_levels": "PK-03", "enroll_pk": 15, "enroll_k4": 38, "enroll_58": 0, "enroll_912": 0, "enroll_k8": 38, "enroll_total": 53, "non_profit": false, "religious": false, "denomination": null, "sbd": null, "mdc_sbd": 4}}, {"type": "Feature", "geometry": {"type": "Point", "coordinates": [-80.396370443616, 25.534378837178]}, "properties": {"school_code": 5922, "name": "Play Learn Childcare Center Inc", "county": "miamidade", "address": "25001 SW 127TH AVENUE UNIT 103", "city": "Miami", "state": "FL", "zip": "33032", "grade_levels": "PK-05", "enroll_pk": 49, "enroll_k4": 96, "enroll_58": 9, "enroll_912": 0, "enroll_k8": 105, "enroll_total": 154, "non_profit": false, "religious": false, "denomination": null, "sbd": null, "mdc_sbd": 9}}, {"type": "Feature", "geometry": {"type": "Point", "coordinates": [-80.396377512902, 25.700466416842]}, "properties": {"school_code": 5580, "name": "Pneuma Christian Academy", "county": "miamidade", "address": "7205 SW 125 AVENUE", "city": "Miami", "state": "FL", "zip": "33183", "grade_levels": "PK-12", "enroll_pk": 21, "enroll_k4": 52, "enroll_58": 68, "enroll_912": 35, "enroll_k8": 120, "enroll_total": 176, "non_profit": true, "religious": true, "denomination": "NON-DENOMINATIONAL", "sbd": null, "mdc_sbd": 7}}, {"type": "Feature", "geometry": {"type": "Point", "coordinates": [-80.280435830367, 25.820815932736]}, "properties": {"school_code": 7366, "name": "Prado Kids Vison Learning Center", "county": "miamidade", "address": "77 HOOK SQUARE", "city": "Miami Spring", "state": "FL", "zip": "33166", "grade_levels": "PK-01", "enroll_pk": 20, "enroll_k4": 12, "enroll_58": 0, "enroll_912": 0, "enroll_k8": 12, "enroll_total": 32, "non_profit": false, "religious": false, "denomination": null, "sbd": null, "mdc_sbd": 5}}, {"type": "Feature", "geometry": {"type": "Point", "coordinates": [-80.307092461812, 25.872335327705]}, "properties": {"school_code": 4695, "name": "Prats Early Learning Academy", "county": "miamidade", "address": "5490 W 12TH AVE", "city": "Hialeah", "state": "FL", "zip": "33012", "grade_levels": "PK-02", "enroll_pk": 10, "enroll_k4": 17, "enroll_58": 0, "enroll_912": 0, "enroll_k8": 17, "enroll_total": 27, "non_profit": false, "religious": false, "denomination": null, "sbd": null, "mdc_sbd": 4}}, {"type": "Feature", "geometry": {"type": "Point", "coordinates": [-80.289642062728, 25.848094847508]}, "properties": {"school_code": 315, "name": "Precious Little Angels Day Care Ii", "county": "miamidade", "address": "367 WEST 29 ST", "city": "Hialeah", "state": "FL", "zip": "33012", "grade_levels": "PK-09", "enroll_pk": 20, "enroll_k4": 49, "enroll_58": 23, "enroll_912": 0, "enroll_k8": 72, "enroll_total": 92, "non_profit": false, "religious": false, "denomination": null, "sbd": null, "mdc_sbd": 4}}, {"type": "Feature", "geometry": {"type": "Point", "coordinates": [-80.377938869667, 25.668149528945]}, "properties": {"school_code": 9652, "name": "Primer V", "county": "miamidade", "address": "10870 SW 113TH PL 2 FL", "city": "Miami", "state": "FL", "zip": "33176", "grade_levels": "KG-08", "enroll_pk": 0, "enroll_k4": 51, "enroll_58": 30, "enroll_912": 0, "enroll_k8": 81, "enroll_total": 81, "non_profit": false, "religious": false, "denomination": null, "sbd": null, "mdc_sbd": 7}}, {"type": "Feature", "geometry": {"type": "Point", "coordinates": [-80.460580176655, 25.454920183744]}, "properties": {"school_code": 7997, "name": "Principitos Learning Daycare Elementary", "county": "miamidade", "address": "1541 SE 12 AVE SUIT 16", "city": "Homestead", "state": "FL", "zip": "33034", "grade_levels": "PK-04", "enroll_pk": 19, "enroll_k4": 41, "enroll_58": 0, "enroll_912": 0, "enroll_k8": 41, "enroll_total": 60, "non_profit": false, "religious": false, "denomination": null, "sbd": null, "mdc_sbd": 9}}, {"type": "Feature", "geometry": {"type": "Point", "coordinates": [-80.436234336212, 25.511461432164]}, "properties": {"school_code": 8384, "name": "Promised Land Academy For Christian Educat", "county": "miamidade", "address": "27500 OLD DIXIE HWY", "city": "Homestead", "state": "FL", "zip": "33032", "grade_levels": "PK-12", "enroll_pk": 0, "enroll_k4": 27, "enroll_58": 22, "enroll_912": 19, "enroll_k8": 49, "enroll_total": 68, "non_profit": true, "religious": true, "denomination": "NON-DENOMINATIONAL", "sbd": null, "mdc_sbd": 7}}, {"type": "Feature", "geometry": {"type": "Point", "coordinates": [-80.129898106876, 25.800220827889]}, "properties": {"school_code": 714, "name": "Rabbi Alexander S. Gross Hebrew Academy", "county": "miamidade", "address": "2400 PINE TREE DRIVE", "city": "Miami Beach", "state": "FL", "zip": "33140", "grade_levels": "PK-12", "enroll_pk": 38, "enroll_k4": 189, "enroll_58": 183, "enroll_912": 173, "enroll_k8": 372, "enroll_total": 583, "non_profit": true, "religious": true, "denomination": "JEWISH", "sbd": null, "mdc_sbd": 3}}, {"type": "Feature", "geometry": {"type": "Point", "coordinates": [-80.477817098853, 25.506324531376]}, "properties": {"school_code": 388, "name": "Redland Christian Academy Inc.", "county": "miamidade", "address": "17700 SW 280TH STREET", "city": "Homestead", "state": "FL", "zip": "33031", "grade_levels": "03-12", "enroll_pk": 12, "enroll_k4": 104, "enroll_58": 79, "enroll_912": 65, "enroll_k8": 183, "enroll_total": 260, "non_profit": true, "religious": true, "denomination": "OTHER", "sbd": null, "mdc_sbd": 7}}, {"type": "Feature", "geometry": {"type": "Point", "coordinates": [-80.430245464386, 25.614385620372]}, "properties": {"school_code": 3405, "name": "Rem Learning Center South", "county": "miamidade", "address": "16400 SW 147TH AVE.", "city": "Miami", "state": "FL", "zip": "33187-1402", "grade_levels": "PK-01", "enroll_pk": 75, "enroll_k4": 17, "enroll_58": 0, "enroll_912": 0, "enroll_k8": 17, "enroll_total": 92, "non_profit": false, "religious": false, "denomination": null, "sbd": null, "mdc_sbd": 7}}, {"type": "Feature", "geometry": {"type": "Point", "coordinates": [-80.20978063577, 25.923147052824]}, "properties": {"school_code": 8809, "name": "Reviver Academy", "county": "miamidade", "address": "560 NW 165TH ST", "city": "Miami", "state": "FL", "zip": "33169", "grade_levels": "KG-12", "enroll_pk": 0, "enroll_k4": 44, "enroll_58": 22, "enroll_912": 2, "enroll_k8": 66, "enroll_total": 68, "non_profit": true, "religious": true, "denomination": "ISLAMIC/MUSLIM", "sbd": null, "mdc_sbd": 1}}, {"type": "Feature", "geometry": {"type": "Point", "coordinates": [-80.362309815781, 25.590914629049]}, "properties": {"school_code": 9374, "name": "Rise Preparatory Academy", "county": "miamidade", "address": "18900 SW 106TH AVE", "city": "Cutler Bay", "state": "FL", "zip": "33157", "grade_levels": "06-12", "enroll_pk": 0, "enroll_k4": 0, "enroll_58": 67, "enroll_912": 132, "enroll_k8": 67, "enroll_total": 199, "non_profit": true, "religious": false, "denomination": null, "sbd": null, "mdc_sbd": 7}}, {"type": "Feature", "geometry": {"type": "Point", "coordinates": [-80.236700535527, 25.821490089005]}, "properties": {"school_code": 2310, "name": "Rise Vocational Preparatory", "county": "miamidade", "address": "5120 NW 24 AVENUE", "city": "Miami", "state": "FL", "zip": "33142", "grade_levels": "06-12", "enroll_pk": 0, "enroll_k4": 0, "enroll_58": 4, "enroll_912": 35, "enroll_k8": 4, "enroll_total": 39, "non_profit": false, "religious": false, "denomination": null, "sbd": null, "mdc_sbd": 2}}, {"type": "Feature", "geometry": {"type": "Point", "coordinates": [-80.281168612055, 25.706031828554]}, "properties": {"school_code": 2802, "name": "Riviera Schools", "county": "miamidade", "address": "6800 NERVIA STREET", "city": "Coral Gables", "state": "FL", "zip": "33146", "grade_levels": "PK-05", "enroll_pk": 97, "enroll_k4": 279, "enroll_58": 49, "enroll_912": 0, "enroll_k8": 328, "enroll_total": 425, "non_profit": false, "religious": false, "denomination": null, "sbd": null, "mdc_sbd": 6}}, {"type": "Feature", "geometry": {"type": "Point", "coordinates": [-80.339785221351, 25.876104662868]}, "properties": {"school_code": 8174, "name": "Rufo The Kangaroo Integral Center", "county": "miamidade", "address": "11300 NW 87TH CT", "city": "Hialeah", "state": "FL", "zip": "33018", "grade_levels": "PK-01", "enroll_pk": 10, "enroll_k4": 9, "enroll_58": 0, "enroll_912": 0, "enroll_k8": 9, "enroll_total": 19, "non_profit": false, "religious": false, "denomination": null, "sbd": null, "mdc_sbd": 4}}, {"type": "Feature", "geometry": {"type": "Point", "coordinates": [-80.368198260298, 25.758237753897]}, "properties": {"school_code": 3214, "name": "Saint Agatha School", "county": "miamidade", "address": "1125 S.W. 107TH AVENUE", "city": "Miami", "state": "FL", "zip": "33174", "grade_levels": "PK-08", "enroll_pk": 46, "enroll_k4": 153, "enroll_58": 172, "enroll_912": 0, "enroll_k8": 325, "enroll_total": 371, "non_profit": true, "religious": true, "denomination": "CATHOLIC", "sbd": null, "mdc_sbd": 8}}, {"type": "Feature", "geometry": {"type": "Point", "coordinates": [-80.165904428043, 25.699366513193]}, "properties": {"school_code": 2804, "name": "Saint Agnes Catholic Academy", "county": "miamidade", "address": "122 HARBOR DRIVE", "city": "Key Biscayne", "state": "FL", "zip": "33149", "grade_levels": "PK-08", "enroll_pk": 110, "enroll_k4": 255, "enroll_58": 182, "enroll_912": 0, "enroll_k8": 437, "enroll_total": 547, "non_profit": true, "religious": true, "denomination": "CATHOLIC", "sbd": null, "mdc_sbd": 6}}, {"type": "Feature", "geometry": {"type": "Point", "coordinates": [-80.336155522351, 25.740424084937]}, "properties": {"school_code": 2806, "name": "Saint Brendan Elementary School", "county": "miamidade", "address": "8755 SW 32ND STREET", "city": "Miami", "state": "FL", "zip": "33165", "grade_levels": "PK-08", "enroll_pk": 223, "enroll_k4": 416, "enroll_58": 407, "enroll_912": 0, "enroll_k8": 823, "enroll_total": 1046, "non_profit": true, "religious": true, "denomination": "CATHOLIC", "sbd": null, "mdc_sbd": 6}}, {"type": "Feature", "geometry": {"type": "Point", "coordinates": [-80.335769513077, 25.743294197075]}, "properties": {"school_code": 2808, "name": "Saint Brendan High School", "county": "miamidade", "address": "2950 SW 87TH AVENUE", "city": "Miami", "state": "FL", "zip": "33165-3295", "grade_levels": "09-12", "enroll_pk": 0, "enroll_k4": 0, "enroll_58": 0, "enroll_912": 1315, "enroll_k8": 0, "enroll_total": 1315, "non_profit": true, "religious": true, "denomination": "CATHOLIC", "sbd": null, "mdc_sbd": 6}}, {"type": "Feature", "geometry": {"type": "Point", "coordinates": [-80.247098029562, 25.725049639469]}, "properties": {"school_code": 2816, "name": "Saint Hugh", "county": "miamidade", "address": "3460 ROYAL ROAD", "city": "Miami", "state": "FL", "zip": "33133", "grade_levels": "PK-08", "enroll_pk": 45, "enroll_k4": 153, "enroll_58": 112, "enroll_912": 0, "enroll_k8": 265, "enroll_total": 310, "non_profit": true, "religious": true, "denomination": "CATHOLIC", "sbd": null, "mdc_sbd": 3}}, {"type": "Feature", "geometry": {"type": "Point", "coordinates": [-80.208079110385, 25.894825193032]}, "properties": {"school_code": 2822, "name": "Saint James Catholic School", "county": "miamidade", "address": "601 NW 131ST STREET", "city": "Miami", "state": "FL", "zip": "33168", "grade_levels": "PK-08", "enroll_pk": 7, "enroll_k4": 235, "enroll_58": 185, "enroll_912": 0, "enroll_k8": 420, "enroll_total": 427, "non_profit": true, "religious": true, "denomination": "CATHOLIC", "sbd": null, "mdc_sbd": 1}}, {"type": "Feature", "geometry": {"type": "Point", "coordinates": [-80.271409865699, 25.825798764056]}, "properties": {"school_code": 3095, "name": "Saint John The Apostle School", "county": "miamidade", "address": "479 EAST FOURTH STREET", "city": "Hialeah", "state": "FL", "zip": "33010", "grade_levels": "PK-08", "enroll_pk": 12, "enroll_k4": 80, "enroll_58": 69, "enroll_912": 0, "enroll_k8": 149, "enroll_total": 161, "non_profit": true, "religious": true, "denomination": "CATHOLIC", "sbd": null, "mdc_sbd": 5}}, {"type": "Feature", "geometry": {"type": "Point", "coordinates": [-80.474365807573, 25.479974757245]}, "properties": {"school_code": 3097, "name": "Saint Johns Episcopal School", "county": "miamidade", "address": "145 N.E. 10TH ST.", "city": "Homestead", "state": "FL", "zip": "33030", "grade_levels": "PK-08", "enroll_pk": 15, "enroll_k4": 77, "enroll_58": 50, "enroll_912": 0, "enroll_k8": 127, "enroll_total": 142, "non_profit": true, "religious": true, "denomination": "EPISCOPALIAN", "sbd": null, "mdc_sbd": 9}}, {"type": "Feature", "geometry": {"type": "Point", "coordinates": [-80.399604621673, 25.731074928119]}, "properties": {"school_code": 3075, "name": "Saint Kevin Catholic School", "county": "miamidade", "address": "4001 SW 127TH AVENUE", "city": "Miami", "state": "FL", "zip": "33175", "grade_levels": "PK-08", "enroll_pk": 110, "enroll_k4": 313, "enroll_58": 276, "enroll_912": 0, "enroll_k8": 589, "enroll_total": 699, "non_profit": true, "religious": true, "denomination": "CATHOLIC", "sbd": null, "mdc_sbd": 8}}, {"type": "Feature", "geometry": {"type": "Point", "coordinates": [-80.156896112839, 25.951719794404]}, "properties": {"school_code": 2836, "name": "Saint Lawrence School", "county": "miamidade", "address": "2200 NE 191ST STREET", "city": "North Miami Beach", "state": "FL", "zip": "33180", "grade_levels": "PK-08", "enroll_pk": 45, "enroll_k4": 120, "enroll_58": 86, "enroll_912": 0, "enroll_k8": 206, "enroll_total": 251, "non_profit": true, "religious": true, "denomination": "CATHOLIC", "sbd": null, "mdc_sbd": 3}}, {"type": "Feature", "geometry": {"type": "Point", "coordinates": [-80.312437488309, 25.659357726568]}, "properties": {"school_code": 3230, "name": "Saint Louis Covenant School", "county": "miamidade", "address": "7270 SW 120 STREET", "city": "Pinecrest", "state": "FL", "zip": "33156-4659", "grade_levels": "PK-08", "enroll_pk": 117, "enroll_k4": 247, "enroll_58": 200, "enroll_912": 0, "enroll_k8": 447, "enroll_total": 564, "non_profit": true, "religious": true, "denomination": "CATHOLIC", "sbd": null, "mdc_sbd": 9}}, {"type": "Feature", "geometry": {"type": "Point", "coordinates": [-80.200754963422, 25.843481212369]}, "properties": {"school_code": 2844, "name": "Saint Marys Cathedral", "county": "miamidade", "address": "7485 NW 2ND AVENUE", "city": "Miami", "state": "FL", "zip": "33150", "grade_levels": "KG-08", "enroll_pk": 0, "enroll_k4": 224, "enroll_58": 177, "enroll_912": 0, "enroll_k8": 401, "enroll_total": 401, "non_profit": true, "religious": true, "denomination": "CATHOLIC", "sbd": null, "mdc_sbd": 2}}, {"type": "Feature", "geometry": {"type": "Point", "coordinates": [-80.241322712927, 25.775238804015]}, "properties": {"school_code": 2846, "name": "Saint Michael The Archangel", "county": "miamidade", "address": "300 NW 28TH AVENUE", "city": "Miami", "state": "FL", "zip": "33125", "grade_levels": "PK-08", "enroll_pk": 26, "enroll_k4": 170, "enroll_58": 154, "enroll_912": 0, "enroll_k8": 324, "enroll_total": 350, "non_profit": true, "religious": true, "denomination": "CATHOLIC", "sbd": null, "mdc_sbd": 5}}, {"type": "Feature", "geometry": {"type": "Point", "coordinates": [-80.135037623268, 25.811403933064]}, "properties": {"school_code": 2855, "name": "Saint Patrick School", "county": "miamidade", "address": "3700 GARDEN AVENUE", "city": "Miami Beach", "state": "FL", "zip": "33140-3851", "grade_levels": "KG-08", "enroll_pk": 0, "enroll_k4": 157, "enroll_58": 137, "enroll_912": 0, "enroll_k8": 294, "enroll_total": 294, "non_profit": true, "religious": true, "denomination": "CATHOLIC", "sbd": null, "mdc_sbd": 3}}, {"type": "Feature", "geometry": {"type": "Point", "coordinates": [-80.222598195863, 25.84657986681]}, "properties": {"school_code": 3271, "name": "Saint Phil Capital Llc", "county": "miamidade", "address": "1452 NW 79 STREET", "city": "Miami", "state": "FL", "zip": "33147", "grade_levels": "PK-12", "enroll_pk": 0, "enroll_k4": 16, "enroll_58": 0, "enroll_912": 0, "enroll_k8": 16, "enroll_total": 16, "non_profit": false, "religious": false, "denomination": null, "sbd": null, "mdc_sbd": 2}}, {"type": "Feature", "geometry": {"type": "Point", "coordinates": [-80.189186693896, 25.871739324699]}, "properties": {"school_code": 174, "name": "Saint Rose Of Lima", "county": "miamidade", "address": "425 NE 105TH STREET", "city": "Miami Shores", "state": "FL", "zip": "33138", "grade_levels": "PK-08", "enroll_pk": 69, "enroll_k4": 272, "enroll_58": 188, "enroll_912": 0, "enroll_k8": 460, "enroll_total": 529, "non_profit": true, "religious": true, "denomination": "CATHOLIC", "sbd": null, "mdc_sbd": 2}}, {"type": "Feature", "geometry": {"type": "Point", "coordinates": [-80.281857839161, 25.744950914437]}, "properties": {"school_code": 2864, "name": "Saint Theresa Catholic School", "county": "miamidade", "address": "2701 INDIAN MOUND TRAIL", "city": "Coral Gables", "state": "FL", "zip": "33134", "grade_levels": "PK-08", "enroll_pk": 130, "enroll_k4": 431, "enroll_58": 347, "enroll_912": 0, "enroll_k8": 778, "enroll_total": 908, "non_profit": true, "religious": true, "denomination": "CATHOLIC", "sbd": null, "mdc_sbd": 6}}, {"type": "Feature", "geometry": {"type": "Point", "coordinates": [-80.359005333975, 25.717096303028]}, "properties": {"school_code": 179, "name": "Saint Timothy Catholic School", "county": "miamidade", "address": "5400 SW 102ND AVENUE", "city": "Miami", "state": "FL", "zip": "33165", "grade_levels": "PK-08", "enroll_pk": 146, "enroll_k4": 297, "enroll_58": 222, "enroll_912": 0, "enroll_k8": 519, "enroll_total": 665, "non_profit": true, "religious": true, "denomination": "CATHOLIC", "sbd": null, "mdc_sbd": 6}}, {"type": "Feature", "geometry": {"type": "Point", "coordinates": [-80.214188214033, 25.75979814962]}, "properties": {"school_code": 2866, "name": "Saints Peter Paul School", "county": "miamidade", "address": "1435 SW 12TH AVENUE", "city": "Miami", "state": "FL", "zip": "33129", "grade_levels": "PK-08", "enroll_pk": 39, "enroll_k4": 176, "enroll_58": 132, "enroll_912": 0, "enroll_k8": 308, "enroll_total": 347, "non_profit": true, "religious": true, "denomination": "CATHOLIC", "sbd": null, "mdc_sbd": 6}}, {"type": "Feature", "geometry": {"type": "Point", "coordinates": [-80.412821210571, 25.714420342084]}, "properties": {"school_code": 6887, "name": "Sanson'S Preschool Learning Center", "county": "miamidade", "address": "5600 SW 135 AVE SUITE 113", "city": "Miami", "state": "FL", "zip": "33183", "grade_levels": "PK-12", "enroll_pk": 20, "enroll_k4": 64, "enroll_58": 12, "enroll_912": 0, "enroll_k8": 76, "enroll_total": 96, "non_profit": false, "religious": false, "denomination": null, "sbd": null, "mdc_sbd": 8}}, {"type": "Feature", "geometry": {"type": "Point", "coordinates": [-80.150989482738, 25.951136769284]}, "properties": {"school_code": 5542, "name": "Scheck Hillel Community School Inc.", "county": "miamidade", "address": "19000 NE 25TH AVENUE", "city": "North Miami Beach", "state": "FL", "zip": "33180", "grade_levels": "PK-12", "enroll_pk": 64, "enroll_k4": 442, "enroll_58": 352, "enroll_912": 302, "enroll_k8": 794, "enroll_total": 1160, "non_profit": true, "religious": true, "denomination": "JEWISH", "sbd": null, "mdc_sbd": 3}}, {"type": "Feature", "geometry": {"type": "Point", "coordinates": [-80.369808732329, 25.734060905427]}, "properties": {"school_code": 1069, "name": "Schoolhouse Academy", "county": "miamidade", "address": "3800 SW 108 AVENUE", "city": "Miami", "state": "FL", "zip": "33165", "grade_levels": "06-12", "enroll_pk": 0, "enroll_k4": 0, "enroll_58": 3, "enroll_912": 99, "enroll_k8": 3, "enroll_total": 102, "non_profit": false, "religious": false, "denomination": null, "sbd": null, "mdc_sbd": 8}}, {"type": "Feature", "geometry": {"type": "Point", "coordinates": [-80.28396178906, 25.827954200829]}, "properties": {"school_code": 5423, "name": "Second Home Learning Center", "county": "miamidade", "address": "118 WEST 7TH STREET", "city": "Hialeah", "state": "FL", "zip": "33010", "grade_levels": "PK-KG", "enroll_pk": 6, "enroll_k4": 6, "enroll_58": 0, "enroll_912": 0, "enroll_k8": 6, "enroll_total": 12, "non_profit": false, "religious": false, "denomination": null, "sbd": null, "mdc_sbd": 5}}, {"type": "Feature", "geometry": {"type": "Point", "coordinates": [-80.286226067609, 25.847821323804]}, "properties": {"school_code": 3166, "name": "Shanti Kids Preschool", "county": "miamidade", "address": "2863 W. 2ND AVENUE", "city": "Hialeah", "state": "FL", "zip": "33010", "grade_levels": "PK-06", "enroll_pk": 40, "enroll_k4": 23, "enroll_58": 0, "enroll_912": 0, "enroll_k8": 23, "enroll_total": 63, "non_profit": false, "religious": false, "denomination": null, "sbd": null, "mdc_sbd": 4}}, {"type": "Feature", "geometry": {"type": "Point", "coordinates": [-80.386799738157, 25.700900150555]}, "properties": {"school_code": 8342, "name": "Shaping Academy", "county": "miamidade", "address": "11925 SW 72ND STREET", "city": "Miami", "state": "FL", "zip": "33183", "grade_levels": "PK-05", "enroll_pk": 11, "enroll_k4": 57, "enroll_58": 3, "enroll_912": 0, "enroll_k8": 60, "enroll_total": 71, "non_profit": false, "religious": false, "denomination": null, "sbd": null, "mdc_sbd": 8}}, {"type": "Feature", "geometry": {"type": "Point", "coordinates": [-80.351595554855, 25.808950792677]}, "properties": {"school_code": 5967, "name": "Shelton Academy", "county": "miamidade", "address": "9455 NW 40TH STREET RD.", "city": "Doral", "state": "FL", "zip": "33178", "grade_levels": "PK-12", "enroll_pk": 107, "enroll_k4": 323, "enroll_58": 141, "enroll_912": 111, "enroll_k8": 464, "enroll_total": 682, "non_profit": false, "religious": true, "denomination": "CATHOLIC", "sbd": null, "mdc_sbd": 5}}, {"type": "Feature", "geometry": {"type": "Point", "coordinates": [-80.490748598641, 25.447860631428]}, "properties": {"school_code": 6376, "name": "Shepherd Of God Christian Academy Corp.", "county": "miamidade", "address": "824 WEST PALM DRIVE", "city": "Florida City", "state": "FL", "zip": "33034", "grade_levels": "PK-12", "enroll_pk": 15, "enroll_k4": 51, "enroll_58": 37, "enroll_912": 21, "enroll_k8": 88, "enroll_total": 124, "non_profit": true, "religious": true, "denomination": "NON-DENOMINATIONAL", "sbd": null, "mdc_sbd": 9}}, {"type": "Feature", "geometry": {"type": "Point", "coordinates": [-80.245462704878, 25.818530084057]}, "properties": {"school_code": 6457, "name": "Sheye'S Of Miami Elementary Inc.", "county": "miamidade", "address": "3038 NW 48TH TERRACE", "city": "Miami", "state": "FL", "zip": "33142", "grade_levels": "KG-05", "enroll_pk": 0, "enroll_k4": 35, "enroll_58": 3, "enroll_912": 0, "enroll_k8": 38, "enroll_total": 38, "non_profit": false, "religious": false, "denomination": null, "sbd": null, "mdc_sbd": 2}}, {"type": "Feature", "geometry": {"type": "Point", "coordinates": [-80.220510494683, 25.84995518539]}, "properties": {"school_code": 6459, "name": "Shining Light Childcare Development Center", "county": "miamidade", "address": "8220 NW 13TH COURT", "city": "Miami", "state": "FL", "zip": "33147", "grade_levels": "PK-03", "enroll_pk": 0, "enroll_k4": 4, "enroll_58": 0, "enroll_912": 0, "enroll_k8": 4, "enroll_total": 4, "non_profit": false, "religious": false, "denomination": null, "sbd": null, "mdc_sbd": 2}}, {"type": "Feature", "geometry": {"type": "Point", "coordinates": [-80.331248975497, 25.873336467532]}, "properties": {"school_code": 3073, "name": "Snow White The Seven Dwarfs School", "county": "miamidade", "address": "2400 WEST 56TH STREET", "city": "Hialeah", "state": "FL", "zip": "33016", "grade_levels": "PK-06", "enroll_pk": 40, "enroll_k4": 104, "enroll_58": 27, "enroll_912": 0, "enroll_k8": 131, "enroll_total": 171, "non_profit": false, "religious": false, "denomination": null, "sbd": null, "mdc_sbd": 4}}, {"type": "Feature", "geometry": {"type": "Point", "coordinates": [-80.302462065837, 25.703650084057]}, "properties": {"school_code": 8179, "name": "Sol Academy", "county": "miamidade", "address": "6750 SUNSET DRIVE", "city": "Miami", "state": "FL", "zip": "33143", "grade_levels": "PK-PK", "enroll_pk": 35, "enroll_k4": 0, "enroll_58": 0, "enroll_912": 0, "enroll_k8": 0, "enroll_total": 35, "non_profit": false, "religious": false, "denomination": null, "sbd": null, "mdc_sbd": 6}}, {"type": "Feature", "geometry": {"type": "Point", "coordinates": [-80.4834419573, 25.452140221546]}, "properties": {"school_code": 1827, "name": "South Dade Academy", "county": "miamidade", "address": "420 NW 5TH AVE", "city": "Florida City", "state": "FL", "zip": "33034", "grade_levels": "08-12", "enroll_pk": 0, "enroll_k4": 0, "enroll_58": 1, "enroll_912": 74, "enroll_k8": 1, "enroll_total": 75, "non_profit": false, "religious": false, "denomination": null, "sbd": null, "mdc_sbd": 9}}, {"type": "Feature", "geometry": {"type": "Point", "coordinates": [-80.251292905088, 25.90222378791]}, "properties": {"school_code": 6160, "name": "South Florida School Of Excellence", "county": "miamidade", "address": "780 FISHERMAN ST", "city": "Opa Locka", "state": "FL", "zip": "33054", "grade_levels": "PK-12", "enroll_pk": 12, "enroll_k4": 118, "enroll_58": 102, "enroll_912": 78, "enroll_k8": 220, "enroll_total": 310, "non_profit": false, "religious": false, "denomination": null, "sbd": null, "mdc_sbd": 1}}, {"type": "Feature", "geometry": {"type": "Point", "coordinates": [-80.437228173835, 25.508486034706]}, "properties": {"school_code": 6879, "name": "Southpoint Academy", "county": "miamidade", "address": "27835 SOUTH DIXIE HWY", "city": "Homestead", "state": "FL", "zip": "33032", "grade_levels": "PK-12", "enroll_pk": 6, "enroll_k4": 60, "enroll_58": 31, "enroll_912": 6, "enroll_k8": 91, "enroll_total": 103, "non_profit": false, "religious": false, "denomination": null, "sbd": null, "mdc_sbd": 9}}, {"type": "Feature", "geometry": {"type": "Point", "coordinates": [-80.210059003588, 25.830349511641]}, "properties": {"school_code": 9884, "name": "Spark Learning Xiii", "county": "miamidade", "address": "720 NORTHWEST 60TH STREET", "city": "Miami", "state": "FL", "zip": "33127", "grade_levels": "KG-08", "enroll_pk": 0, "enroll_k4": 59, "enroll_58": 44, "enroll_912": 0, "enroll_k8": 103, "enroll_total": 103, "non_profit": false, "religious": false, "denomination": null, "sbd": null, "mdc_sbd": 2}}, {"type": "Feature", "geometry": {"type": "Point", "coordinates": [-80.322780107508, 25.942393158422]}, "properties": {"school_code": 9752, "name": "Springview Academy Inc", "county": "miamidade", "address": "7411 NORTHWEST 186TH STREET", "city": "Miami", "state": "FL", "zip": "33015", "grade_levels": "PK-KG", "enroll_pk": 45, "enroll_k4": 18, "enroll_58": 0, "enroll_912": 0, "enroll_k8": 18, "enroll_total": 63, "non_profit": false, "religious": false, "denomination": null, "sbd": null, "mdc_sbd": 4}}, {"type": "Feature", "geometry": {"type": "Point", "coordinates": [-80.169480821174, 25.930230352961]}, "properties": {"school_code": 7582, "name": "Sprout Kids Academy", "county": "miamidade", "address": "1550 NE 168TH ST", "city": "North Miami Beach", "state": "FL", "zip": "33162", "grade_levels": "PK-12", "enroll_pk": 2, "enroll_k4": 42, "enroll_58": 13, "enroll_912": 0, "enroll_k8": 55, "enroll_total": 57, "non_profit": false, "religious": false, "denomination": null, "sbd": null, "mdc_sbd": 1}}, {"type": "Feature", "geometry": {"type": "Point", "coordinates": [-80.245142905418, 25.938785288346]}, "properties": {"school_code": 7542, "name": "Sprouting To Success Inc.", "county": "miamidade", "address": "18061 NW 27TH AVENUE", "city": "Miami Gardens", "state": "FL", "zip": "33056", "grade_levels": "PK-12", "enroll_pk": 0, "enroll_k4": 16, "enroll_58": 18, "enroll_912": 6, "enroll_k8": 34, "enroll_total": 40, "non_profit": true, "religious": true, "denomination": "NON-DENOMINATIONAL", "sbd": null, "mdc_sbd": 1}}, {"type": "Feature", "geometry": {"type": "Point", "coordinates": [-80.312113976999, 25.886933362582]}, "properties": {"school_code": 3125, "name": "Ss Educational Center Dba Silvia'S School", "county": "miamidade", "address": "7091 W. 14TH COURT", "city": "Hialeah", "state": "FL", "zip": "33014", "grade_levels": "PK-03", "enroll_pk": 40, "enroll_k4": 21, "enroll_58": 0, "enroll_912": 0, "enroll_k8": 21, "enroll_total": 61, "non_profit": false, "religious": false, "denomination": null, "sbd": null, "mdc_sbd": 4}}, {"type": "Feature", "geometry": {"type": "Point", "coordinates": [-80.205175360337, 25.943846735508]}, "properties": {"school_code": 8508, "name": "St. Anthony'S School Of Higher Education", "county": "miamidade", "address": "18441 NW 2 AVE", "city": "Miami Gardens", "state": "FL", "zip": "33169", "grade_levels": "KG-12", "enroll_pk": 0, "enroll_k4": 10, "enroll_58": 18, "enroll_912": 21, "enroll_k8": 28, "enroll_total": 49, "non_profit": true, "religious": false, "denomination": null, "sbd": null, "mdc_sbd": 1}}, {"type": "Feature", "geometry": {"type": "Point", "coordinates": [-80.367338571488, 25.656460274021]}, "properties": {"school_code": 2884, "name": "St. John Neumann Catholic School", "county": "miamidade", "address": "12115 S.W. 107 AVENUE", "city": "Miami", "state": "FL", "zip": "33176", "grade_levels": "PK-08", "enroll_pk": 47, "enroll_k4": 170, "enroll_58": 144, "enroll_912": 0, "enroll_k8": 314, "enroll_total": 361, "non_profit": true, "religious": true, "denomination": "CATHOLIC", "sbd": null, "mdc_sbd": 7}}, {"type": "Feature", "geometry": {"type": "Point", "coordinates": [-80.311234606749, 25.710665514149]}, "properties": {"school_code": 7200, "name": "St. Thomas The Apostle", "county": "miamidade", "address": "7303 SW 64 STREET", "city": "Miami", "state": "FL", "zip": "33143", "grade_levels": "PK-08", "enroll_pk": 139, "enroll_k4": 301, "enroll_58": 183, "enroll_912": 0, "enroll_k8": 484, "enroll_total": 623, "non_profit": true, "religious": true, "denomination": "CATHOLIC", "sbd": null, "mdc_sbd": 6}}, {"type": "Feature", "geometry": {"type": "Point", "coordinates": [-80.445331539942, 25.684438739358]}, "properties": {"school_code": 6704, "name": "Stars Global Preparatory", "county": "miamidade", "address": "15600 SW 88TH STREET", "city": "Miami", "state": "FL", "zip": "33196", "grade_levels": "PK-09", "enroll_pk": 12, "enroll_k4": 43, "enroll_58": 8, "enroll_912": 1, "enroll_k8": 51, "enroll_total": 64, "non_profit": true, "religious": false, "denomination": null, "sbd": null, "mdc_sbd": 8}}, {"type": "Feature", "geometry": {"type": "Point", "coordinates": [-80.190279523186, 25.846341807336]}, "properties": {"school_code": 7792, "name": "Stars Learning Center", "county": "miamidade", "address": "7777 NE 3RD CT", "city": "Miami", "state": "FL", "zip": "33138", "grade_levels": "KG-12", "enroll_pk": 0, "enroll_k4": 28, "enroll_58": 0, "enroll_912": 0, "enroll_k8": 28, "enroll_total": 28, "non_profit": false, "religious": false, "denomination": null, "sbd": null, "mdc_sbd": 2}}, {"type": "Feature", "geometry": {"type": "Point", "coordinates": [-80.190181582298, 25.846477627986]}, "properties": {"school_code": 7793, "name": "Stars Learning Iii", "county": "miamidade", "address": "340 NE 78TH ST", "city": "Miami", "state": "FL", "zip": "33138", "grade_levels": "PK-12", "enroll_pk": 2, "enroll_k4": 38, "enroll_58": 24, "enroll_912": 0, "enroll_k8": 62, "enroll_total": 64, "non_profit": false, "religious": false, "denomination": null, "sbd": null, "mdc_sbd": 2}}, {"type": "Feature", "geometry": {"type": "Point", "coordinates": [-80.334517469083, 25.863599113771]}, "properties": {"school_code": 7218, "name": "Stars Of The World Inc", "county": "miamidade", "address": "10109 WEST OKEECHOBEE RD", "city": "Hialeah Gardens", "state": "FL", "zip": "33016", "grade_levels": "PK-02", "enroll_pk": 5, "enroll_k4": 25, "enroll_58": 0, "enroll_912": 0, "enroll_k8": 25, "enroll_total": 30, "non_profit": false, "religious": false, "denomination": null, "sbd": null, "mdc_sbd": 4}}, {"type": "Feature", "geometry": {"type": "Point", "coordinates": [-80.207709511386, 25.815518966261]}, "properties": {"school_code": 8381, "name": "Step By Step Preparatory School Llc", "county": "miamidade", "address": "4339 NW 7 AVENUE", "city": "Miami", "state": "FL", "zip": "33127", "grade_levels": "KG-05", "enroll_pk": 0, "enroll_k4": 17, "enroll_58": 0, "enroll_912": 0, "enroll_k8": 17, "enroll_total": 17, "non_profit": false, "religious": false, "denomination": null, "sbd": null, "mdc_sbd": 2}}, {"type": "Feature", "geometry": {"type": "Point", "coordinates": [-80.326762602006, 25.934967839981]}, "properties": {"school_code": 9678, "name": "Step By Step Special Needs Academy", "county": "miamidade", "address": "7750 NW 178TH ST", "city": "Hialeah", "state": "FL", "zip": "33015", "grade_levels": "PK-12", "enroll_pk": 6, "enroll_k4": 8, "enroll_58": 4, "enroll_912": 1, "enroll_k8": 12, "enroll_total": 19, "non_profit": true, "religious": false, "denomination": null, "sbd": null, "mdc_sbd": 4}}, {"type": "Feature", "geometry": {"type": "Point", "coordinates": [-80.327128695227, 25.89146199099]}, "properties": {"school_code": 5818, "name": "Steps For Learning Preschool Center", "county": "miamidade", "address": "2150 W 76 STREET 101", "city": "Hialeah", "state": "FL", "zip": "33016", "grade_levels": "PK-01", "enroll_pk": 15, "enroll_k4": 9, "enroll_58": 0, "enroll_912": 0, "enroll_k8": 9, "enroll_total": 24, "non_profit": true, "religious": false, "denomination": null, "sbd": null, "mdc_sbd": 4}}, {"type": "Feature", "geometry": {"type": "Point", "coordinates": [-80.412264433847, 25.499521869263]}, "properties": {"school_code": 5478, "name": "Steve'S Academy", "county": "miamidade", "address": "28901 S.W. 137 TH AVENUE", "city": "Homestead", "state": "FL", "zip": "33033", "grade_levels": "PK-KG", "enroll_pk": 22, "enroll_k4": 0, "enroll_58": 0, "enroll_912": 0, "enroll_k8": 0, "enroll_total": 22, "non_profit": false, "religious": false, "denomination": null, "sbd": null, "mdc_sbd": 9}}, {"type": "Feature", "geometry": {"type": "Point", "coordinates": [-80.195536684294, 25.851210479823]}, "properties": {"school_code": 1576, "name": "Studio Kids Little River", "county": "miamidade", "address": "8282 NORTHEAST 1ST AVENUE", "city": "Miami", "state": "FL", "zip": "33138", "grade_levels": "PK-KG", "enroll_pk": 8, "enroll_k4": 0, "enroll_58": 0, "enroll_912": 0, "enroll_k8": 0, "enroll_total": 8, "non_profit": false, "religious": false, "denomination": null, "sbd": null, "mdc_sbd": 2}}, {"type": "Feature", "geometry": {"type": "Point", "coordinates": [-80.446773493966, 25.498918498031]}, "properties": {"school_code": 7317, "name": "Su'S Creative Corner", "county": "miamidade", "address": "28834 SOUTH DIXIE HWY", "city": "Homestead", "state": "FL", "zip": "33031", "grade_levels": "PK-12", "enroll_pk": 11, "enroll_k4": 14, "enroll_58": 0, "enroll_912": 0, "enroll_k8": 14, "enroll_total": 25, "non_profit": false, "religious": true, "denomination": "NON-DENOMINATIONAL", "sbd": null, "mdc_sbd": 7}}, {"type": "Feature", "geometry": {"type": "Point", "coordinates": [-80.432003656854, 25.657516563728]}, "properties": {"school_code": 8808, "name": "Sun City Academy", "county": "miamidade", "address": "11735 SW 147TH AVE 12", "city": "Miami", "state": "FL", "zip": "33196", "grade_levels": "PK-05", "enroll_pk": 35, "enroll_k4": 12, "enroll_58": 0, "enroll_912": 0, "enroll_k8": 12, "enroll_total": 47, "non_profit": false, "religious": false, "denomination": null, "sbd": null, "mdc_sbd": 7}}, {"type": "Feature", "geometry": {"type": "Point", "coordinates": [-80.240980290112, 25.76606988361]}, "properties": {"school_code": 3049, "name": "Sunflowers Academy", "county": "miamidade", "address": "2901 SW 7TH STREET", "city": "Miami", "state": "FL", "zip": "33135", "grade_levels": "PK-08", "enroll_pk": 50, "enroll_k4": 190, "enroll_58": 143, "enroll_912": 0, "enroll_k8": 333, "enroll_total": 383, "non_profit": true, "religious": false, "denomination": null, "sbd": null, "mdc_sbd": 6}}, {"type": "Feature", "geometry": {"type": "Point", "coordinates": [-80.301210102411, 25.63274853766]}, "properties": {"school_code": 4857, "name": "Sunrise School Of Miami Inc.", "county": "miamidade", "address": "14920 SW 67TH AVENUE", "city": "Palmetto Bay", "state": "FL", "zip": "33158", "grade_levels": "PK-08", "enroll_pk": 8, "enroll_k4": 60, "enroll_58": 23, "enroll_912": 0, "enroll_k8": 83, "enroll_total": 91, "non_profit": true, "religious": false, "denomination": null, "sbd": null, "mdc_sbd": 9}}, {"type": "Feature", "geometry": {"type": "Point", "coordinates": [-80.306678454875, 25.858545383369]}, "properties": {"school_code": 1093, "name": "Sunshine Childcare Preschool Center", "county": "miamidade", "address": "4056 W 12 AVE", "city": "Hialeah", "state": "FL", "zip": "33012", "grade_levels": "PK-05", "enroll_pk": 20, "enroll_k4": 64, "enroll_58": 10, "enroll_912": 0, "enroll_k8": 74, "enroll_total": 94, "non_profit": false, "religious": false, "denomination": null, "sbd": null, "mdc_sbd": 4}}, {"type": "Feature", "geometry": {"type": "Point", "coordinates": [-80.410588260719, 25.652527946846]}, "properties": {"school_code": 7649, "name": "Sunshine Learning Miami", "county": "miamidade", "address": "13335 SW 124TH ST", "city": "Miami", "state": "FL", "zip": "33186", "grade_levels": "KG-12", "enroll_pk": 0, "enroll_k4": 20, "enroll_58": 41, "enroll_912": 24, "enroll_k8": 61, "enroll_total": 85, "non_profit": false, "religious": false, "denomination": null, "sbd": null, "mdc_sbd": 7}}, {"type": "Feature", "geometry": {"type": "Point", "coordinates": [-80.322330360246, 25.758729177077]}, "properties": {"school_code": 7543, "name": "Tamiami Academy", "county": "miamidade", "address": "1210 SW 78 COURT", "city": "Miami", "state": "FL", "zip": "33144", "grade_levels": "PK-01", "enroll_pk": 9, "enroll_k4": 2, "enroll_58": 0, "enroll_912": 0, "enroll_k8": 2, "enroll_total": 11, "non_profit": false, "religious": false, "denomination": null, "sbd": null, "mdc_sbd": 8}}, {"type": "Feature", "geometry": {"type": "Point", "coordinates": [-80.21787276019, 25.766381043509]}, "properties": {"school_code": 249, "name": "Tamiami United Methodist Elementary", "county": "miamidade", "address": "726 S.W. 14TH AVENUE", "city": "Miami", "state": "FL", "zip": "33135", "grade_levels": "KG-08", "enroll_pk": 31, "enroll_k4": 121, "enroll_58": 90, "enroll_912": 0, "enroll_k8": 211, "enroll_total": 242, "non_profit": true, "religious": true, "denomination": "METHODIST", "sbd": null, "mdc_sbd": 6}}, {"type": "Feature", "geometry": {"type": "Point", "coordinates": [-80.184471777808, 25.84544250614]}, "properties": {"school_code": 8993, "name": "Tangerine Learning Center", "county": "miamidade", "address": "7657 BISCAYNE BLVD", "city": "Miami", "state": "FL", "zip": "33138", "grade_levels": "PK-05", "enroll_pk": 15, "enroll_k4": 16, "enroll_58": 2, "enroll_912": 0, "enroll_k8": 18, "enroll_total": 33, "non_profit": false, "religious": false, "denomination": null, "sbd": null, "mdc_sbd": 3}}, {"type": "Feature", "geometry": {"type": "Point", "coordinates": [-80.156743543652, 25.948719255049]}, "properties": {"school_code": 340, "name": "Temple Sinai Of North Dade", "county": "miamidade", "address": "18801 NE 22ND AVENUE", "city": "North Miami Beach", "state": "FL", "zip": "33180", "grade_levels": "PK-03", "enroll_pk": 115, "enroll_k4": 23, "enroll_58": 0, "enroll_912": 0, "enroll_k8": 23, "enroll_total": 138, "non_profit": true, "religious": true, "denomination": "JEWISH", "sbd": null, "mdc_sbd": 3}}, {"type": "Feature", "geometry": {"type": "Point", "coordinates": [-80.333836253632, 25.769604454609]}, "properties": {"school_code": 6782, "name": "The 2Nd House Academy Corp.", "county": "miamidade", "address": "8510 WEST FLAGLER ST", "city": "Miami", "state": "FL", "zip": "33144", "grade_levels": "PK-03", "enroll_pk": 28, "enroll_k4": 75, "enroll_58": 0, "enroll_912": 0, "enroll_k8": 75, "enroll_total": 103, "non_profit": false, "religious": false, "denomination": null, "sbd": null, "mdc_sbd": 5}}, {"type": "Feature", "geometry": {"type": "Point", "coordinates": [-80.235284473663, 25.882710237427]}, "properties": {"school_code": 7636, "name": "The Academy Of Knowledge Preparatory School", "county": "miamidade", "address": "2240 NW 119TH STREET", "city": "Miami", "state": "FL", "zip": "33167", "grade_levels": "KG-05", "enroll_pk": 0, "enroll_k4": 45, "enroll_58": 0, "enroll_912": 0, "enroll_k8": 45, "enroll_total": 45, "non_profit": false, "religious": false, "denomination": null, "sbd": null, "mdc_sbd": 2}}, {"type": "Feature", "geometry": {"type": "Point", "coordinates": [-80.39362895992, 25.760930004859]}, "properties": {"school_code": 6674, "name": "The Advent School Academy Learning Center", "county": "miamidade", "address": "12240 SW 8TH ST", "city": "Miami", "state": "FL", "zip": "33184", "grade_levels": "PK-05", "enroll_pk": 16, "enroll_k4": 55, "enroll_58": 7, "enroll_912": 0, "enroll_k8": 62, "enroll_total": 78, "non_profit": false, "religious": false, "denomination": null, "sbd": null, "mdc_sbd": 8}}, {"type": "Feature", "geometry": {"type": "Point", "coordinates": [-80.28318409213, 25.939633749275]}, "properties": {"school_code": 8102, "name": "The Art Of Learning Plc", "county": "miamidade", "address": "4875 NW 183 STREET", "city": "Miami Gardens", "state": "FL", "zip": "33055", "grade_levels": "PK-02", "enroll_pk": 15, "enroll_k4": 32, "enroll_58": 0, "enroll_912": 0, "enroll_k8": 32, "enroll_total": 47, "non_profit": false, "religious": false, "denomination": null, "sbd": null, "mdc_sbd": 1}}, {"type": "Feature", "geometry": {"type": "Point", "coordinates": [-80.280041131915, 25.771077997929]}, "properties": {"school_code": 9355, "name": "The Bright Days Preschool", "county": "miamidade", "address": "5202 W FLAGLER", "city": "Coral Gables", "state": "FL", "zip": "33134", "grade_levels": "PK-KG", "enroll_pk": 12, "enroll_k4": 15, "enroll_58": 0, "enroll_912": 0, "enroll_k8": 15, "enroll_total": 27, "non_profit": false, "religious": false, "denomination": null, "sbd": null, "mdc_sbd": 8}}, {"type": "Feature", "geometry": {"type": "Point", "coordinates": [-80.315934241054, 25.703025758722]}, "properties": {"school_code": 843, "name": "The Carrie Brazer Center For Autism Inc.", "county": "miamidade", "address": "7530 SUNSET DRIVE", "city": "Miami Fl", "state": "FL", "zip": "33143", "grade_levels": "PK-12", "enroll_pk": 4, "enroll_k4": 13, "enroll_58": 9, "enroll_912": 9, "enroll_k8": 22, "enroll_total": 35, "non_profit": false, "religious": false, "denomination": null, "sbd": null, "mdc_sbd": 6}}, {"type": "Feature", "geometry": {"type": "Point", "coordinates": [-80.218760772263, 25.888025913641]}, "properties": {"school_code": 5520, "name": "The Challenger School", "county": "miamidade", "address": "1195 NW 124TH STREET", "city": "North Miami", "state": "FL", "zip": "33168", "grade_levels": "KG-08", "enroll_pk": 0, "enroll_k4": 51, "enroll_58": 34, "enroll_912": 0, "enroll_k8": 85, "enroll_total": 85, "non_profit": true, "religious": false, "denomination": null, "sbd": null, "mdc_sbd": 2}}, {"type": "Feature", "geometry": {"type": "Point", "coordinates": [-80.266624886292, 25.861927566755]}, "properties": {"school_code": 6035, "name": "The Creative Child Day Care Learning Cent", "county": "miamidade", "address": "4305 E 8 AVE STE A-B", "city": "Hialeah", "state": "FL", "zip": "33013", "grade_levels": "PK-01", "enroll_pk": 10, "enroll_k4": 12, "enroll_58": 0, "enroll_912": 0, "enroll_k8": 12, "enroll_total": 22, "non_profit": false, "religious": false, "denomination": null, "sbd": null, "mdc_sbd": 4}}, {"type": "Feature", "geometry": {"type": "Point", "coordinates": [-80.184214929152, 25.831889759316]}, "properties": {"school_code": 326, "name": "The Cushman School", "county": "miamidade", "address": "592 NE 60TH STREET", "city": "Miami", "state": "FL", "zip": "33137", "grade_levels": "PK-12", "enroll_pk": 90, "enroll_k4": 278, "enroll_58": 247, "enroll_912": 204, "enroll_k8": 525, "enroll_total": 819, "non_profit": true, "religious": false, "denomination": null, "sbd": null, "mdc_sbd": 2}}, {"type": "Feature", "geometry": {"type": "Point", "coordinates": [-80.365955237429, 25.828160096157]}, "properties": {"school_code": 8393, "name": "The Divine Savior School", "county": "miamidade", "address": "6055 NW 104TH AVE SUITE 1", "city": "Doral", "state": "FL", "zip": "33178", "grade_levels": "PK-12", "enroll_pk": 3, "enroll_k4": 15, "enroll_58": 19, "enroll_912": 16, "enroll_k8": 34, "enroll_total": 53, "non_profit": true, "religious": true, "denomination": "LUTHERAN", "sbd": null, "mdc_sbd": 5}}, {"type": "Feature", "geometry": {"type": "Point", "coordinates": [-80.272899529123, 25.833762127282]}, "properties": {"school_code": 3193, "name": "The Glory Of God Christian School", "county": "miamidade", "address": "440 E. 13TH STREET", "city": "Hialeah", "state": "FL", "zip": "33010", "grade_levels": "KG-12", "enroll_pk": 0, "enroll_k4": 17, "enroll_58": 24, "enroll_912": 31, "enroll_k8": 41, "enroll_total": 72, "non_profit": true, "religious": true, "denomination": "ASSEMBLIES OF GOD", "sbd": null, "mdc_sbd": 5}}, {"type": "Feature", "geometry": {"type": "Point", "coordinates": [-80.265555996262, 25.749280380507]}, "properties": {"school_code": 526, "name": "The Growing Place", "county": "miamidade", "address": "536 CORAL WAY", "city": "Coral Gables", "state": "FL", "zip": "33134", "grade_levels": "PK-05", "enroll_pk": 52, "enroll_k4": 86, "enroll_58": 2, "enroll_912": 0, "enroll_k8": 88, "enroll_total": 140, "non_profit": true, "religious": true, "denomination": "METHODIST", "sbd": null, "mdc_sbd": 6}}, {"type": "Feature", "geometry": {"type": "Point", "coordinates": [-80.131718869593, 25.814361193693]}, "properties": {"school_code": 8389, "name": "The Innovative School Of Temple Beth Sholom", "county": "miamidade", "address": "4144 CHASE AVENUE", "city": "Miami Beach", "state": "FL", "zip": "33140", "grade_levels": "KG-05", "enroll_pk": 0, "enroll_k4": 80, "enroll_58": 13, "enroll_912": 0, "enroll_k8": 93, "enroll_total": 93, "non_profit": true, "religious": true, "denomination": "JEWISH", "sbd": null, "mdc_sbd": 3}}, {"type": "Feature", "geometry": {"type": "Point", "coordinates": [-80.306820991654, 25.863781961451]}, "properties": {"school_code": 8380, "name": "The Learning Corner Academy Inc", "county": "miamidade", "address": "4556 WEST 12TH AVE", "city": "Hialeah", "state": "FL", "zip": "33012", "grade_levels": "PK-01", "enroll_pk": 5, "enroll_k4": 9, "enroll_58": 0, "enroll_912": 0, "enroll_k8": 9, "enroll_total": 14, "non_profit": false, "religious": false, "denomination": null, "sbd": null, "mdc_sbd": 4}}, {"type": "Feature", "geometry": {"type": "Point", "coordinates": [-80.254302152068, 25.74135035248]}, "properties": {"school_code": 9306, "name": "The Miami Sudbury School", "county": "miamidade", "address": "2700 SW 37TH AVE.", "city": "Miami", "state": "FL", "zip": "33133", "grade_levels": "KG-12", "enroll_pk": 0, "enroll_k4": 7, "enroll_58": 9, "enroll_912": 8, "enroll_k8": 16, "enroll_total": 24, "non_profit": true, "religious": false, "denomination": null, "sbd": null, "mdc_sbd": 6}}, {"type": "Feature", "geometry": {"type": "Point", "coordinates": [-80.125834753394, 25.822836007584]}, "properties": {"school_code": 6415, "name": "The Montessori Academy At St . John'S", "county": "miamidade", "address": "4760 PINE TREE DR", "city": "Miami Beach", "state": "FL", "zip": "33140", "grade_levels": "PK-05", "enroll_pk": 30, "enroll_k4": 12, "enroll_58": 0, "enroll_912": 0, "enroll_k8": 12, "enroll_total": 42, "non_profit": true, "religious": false, "denomination": null, "sbd": null, "mdc_sbd": 3}}, {"type": "Feature", "geometry": {"type": "Point", "coordinates": [-80.324042064931, 25.666343481455]}, "properties": {"school_code": 5176, "name": "The Roig Academy", "county": "miamidade", "address": "8000 SW 112 STREET", "city": "Miami", "state": "FL", "zip": "33156", "grade_levels": "KG-08", "enroll_pk": 0, "enroll_k4": 26, "enroll_58": 26, "enroll_912": 0, "enroll_k8": 52, "enroll_total": 52, "non_profit": false, "religious": false, "denomination": null, "sbd": null, "mdc_sbd": 7}}, {"type": "Feature", "geometry": {"type": "Point", "coordinates": [-80.122703577816, 25.886002979484]}, "properties": {"school_code": 7360, "name": "The Shul'S Child Enrichment Center", "county": "miamidade", "address": "9540 COLLINS AVE", "city": "Surfside", "state": "FL", "zip": "33154", "grade_levels": "PK-KG", "enroll_pk": 44, "enroll_k4": 39, "enroll_58": 0, "enroll_912": 0, "enroll_k8": 39, "enroll_total": 83, "non_profit": true, "religious": true, "denomination": "JEWISH", "sbd": null, "mdc_sbd": 3}}, {"type": "Feature", "geometry": {"type": "Point", "coordinates": [-80.141539255938, 25.964662451171]}, "properties": {"school_code": 4118, "name": "The Tauber Academy", "county": "miamidade", "address": "20400 N.E. 30TH AVENUE", "city": "Aventura", "state": "FL", "zip": "33180", "grade_levels": "PK-KG", "enroll_pk": 33, "enroll_k4": 25, "enroll_58": 0, "enroll_912": 0, "enroll_k8": 25, "enroll_total": 58, "non_profit": true, "religious": true, "denomination": "JEWISH", "sbd": null, "mdc_sbd": 3}}, {"type": "Feature", "geometry": {"type": "Point", "coordinates": [-80.171896241222, 25.884132664994]}, "properties": {"school_code": 2922, "name": "The Von Wedel Montessori School", "county": "miamidade", "address": "11820 NE 13TH AVENUE", "city": "Miami", "state": "FL", "zip": "33161", "grade_levels": "PK-05", "enroll_pk": 65, "enroll_k4": 65, "enroll_58": 0, "enroll_912": 0, "enroll_k8": 65, "enroll_total": 130, "non_profit": false, "religious": false, "denomination": null, "sbd": null, "mdc_sbd": 2}}, {"type": "Feature", "geometry": {"type": "Point", "coordinates": [-80.480705275249, 25.473512765228]}, "properties": {"school_code": 4993, "name": "Thinking Child Christian Academy School", "county": "miamidade", "address": "155 NW 4TH ST", "city": "Homestead", "state": "FL", "zip": "33030", "grade_levels": "PK-08", "enroll_pk": 10, "enroll_k4": 103, "enroll_58": 43, "enroll_912": 0, "enroll_k8": 146, "enroll_total": 156, "non_profit": false, "religious": true, "denomination": "NON-DENOMINATIONAL", "sbd": null, "mdc_sbd": 9}}, {"type": "Feature", "geometry": {"type": "Point", "coordinates": [-80.312015581442, 25.88505991015]}, "properties": {"school_code": 5247, "name": "Three Flags Academy Inc", "county": "miamidade", "address": "6861 WEST 14 COURT", "city": "Hialeah", "state": "FL", "zip": "33014", "grade_levels": "PK-04", "enroll_pk": 7, "enroll_k4": 27, "enroll_58": 0, "enroll_912": 0, "enroll_k8": 27, "enroll_total": 34, "non_profit": false, "religious": false, "denomination": null, "sbd": null, "mdc_sbd": 4}}, {"type": "Feature", "geometry": {"type": "Point", "coordinates": [-80.272811933007, 25.851441285281]}, "properties": {"school_code": 4364, "name": "Thumbelina Learning Center 2", "county": "miamidade", "address": "490 EAST 32ND STREET", "city": "Hialeah", "state": "FL", "zip": "33013", "grade_levels": "PK-03", "enroll_pk": 20, "enroll_k4": 48, "enroll_58": 0, "enroll_912": 0, "enroll_k8": 48, "enroll_total": 68, "non_profit": false, "religious": false, "denomination": null, "sbd": null, "mdc_sbd": 4}}, {"type": "Feature", "geometry": {"type": "Point", "coordinates": [-80.32471888908, 25.867951767347]}, "properties": {"school_code": 6366, "name": "Tiny Smile Learning Center", "county": "miamidade", "address": "10550 NW 77TH CT UNIT 321-324", "city": "Hialeah", "state": "FL", "zip": "33016", "grade_levels": "PK-05", "enroll_pk": 18, "enroll_k4": 61, "enroll_58": 5, "enroll_912": 0, "enroll_k8": 66, "enroll_total": 84, "non_profit": false, "religious": false, "denomination": null, "sbd": null, "mdc_sbd": 4}}, {"type": "Feature", "geometry": {"type": "Point", "coordinates": [-80.31023042019, 25.770306694508]}, "properties": {"school_code": 5486, "name": "Tiny Steps Daycare Learning Center", "county": "miamidade", "address": "7121 WEST FLAGLER STREET", "city": "Miami", "state": "FL", "zip": "33144", "grade_levels": "PK-04", "enroll_pk": 24, "enroll_k4": 50, "enroll_58": 0, "enroll_912": 0, "enroll_k8": 50, "enroll_total": 74, "non_profit": false, "religious": false, "denomination": null, "sbd": null, "mdc_sbd": 5}}, {"type": "Feature", "geometry": {"type": "Point", "coordinates": [-80.363433734558, 25.687150610202]}, "properties": {"school_code": 7910, "name": "Tiny Steps Preschool", "county": "miamidade", "address": "10491 SW 88 ST", "city": "Miami", "state": "FL", "zip": "33176", "grade_levels": "PK-03", "enroll_pk": 12, "enroll_k4": 24, "enroll_58": 0, "enroll_912": 0, "enroll_k8": 24, "enroll_total": 36, "non_profit": false, "religious": false, "denomination": null, "sbd": null, "mdc_sbd": 7}}, {"type": "Feature", "geometry": {"type": "Point", "coordinates": [-80.179071085428, 25.926391823798]}, "properties": {"school_code": 199, "name": "Toras Emes Academy Of Miami", "county": "miamidade", "address": "1051 N. MIAMI BEACH BLVD.", "city": "North Miami Beach", "state": "FL", "zip": "33162", "grade_levels": "PK-08", "enroll_pk": 98, "enroll_k4": 645, "enroll_58": 405, "enroll_912": 0, "enroll_k8": 1050, "enroll_total": 1148, "non_profit": true, "religious": true, "denomination": "JEWISH", "sbd": null, "mdc_sbd": 1}}, {"type": "Feature", "geometry": {"type": "Point", "coordinates": [-80.444092317197, 25.672930352359]}, "properties": {"school_code": 590, "name": "Town Center Preschool", "county": "miamidade", "address": "10201 HAMMOCKS BLVD. 149", "city": "Miami", "state": "FL", "zip": "33196", "grade_levels": "KG-05", "enroll_pk": 0, "enroll_k4": 46, "enroll_58": 2, "enroll_912": 0, "enroll_k8": 48, "enroll_total": 48, "non_profit": false, "religious": false, "denomination": null, "sbd": null, "mdc_sbd": 8}}, {"type": "Feature", "geometry": {"type": "Point", "coordinates": [-80.207335136205, 25.869240994046]}, "properties": {"school_code": 313, "name": "Trinity By Faith Academy", "county": "miamidade", "address": "520 NW 103RD STREET", "city": "Miami", "state": "FL", "zip": "33150", "grade_levels": "KG-05", "enroll_pk": 0, "enroll_k4": 77, "enroll_58": 22, "enroll_912": 0, "enroll_k8": 99, "enroll_total": 99, "non_profit": true, "religious": true, "denomination": "BAPTIST", "sbd": null, "mdc_sbd": 2}}, {"type": "Feature", "geometry": {"type": "Point", "coordinates": [-80.314088039859, 25.898500486716]}, "properties": {"school_code": 3233, "name": "Trinity Christian Academy", "county": "miamidade", "address": "1498 WEST 84 ST.", "city": "Hialeah", "state": "FL", "zip": "33014", "grade_levels": "KG-12", "enroll_pk": 0, "enroll_k4": 10, "enroll_58": 4, "enroll_912": 0, "enroll_k8": 14, "enroll_total": 14, "non_profit": false, "religious": false, "denomination": null, "sbd": null, "mdc_sbd": 4}}, {"type": "Feature", "geometry": {"type": "Point", "coordinates": [-80.314088039859, 25.898500486716]}, "properties": {"school_code": 4467, "name": "Trinity Christian Academy H.S.", "county": "miamidade", "address": "1498 WEST 84 ST.", "city": "Hialeah", "state": "FL", "zip": "33014", "grade_levels": "KG-12", "enroll_pk": 0, "enroll_k4": 0, "enroll_58": 0, "enroll_912": 19, "enroll_k8": 0, "enroll_total": 19, "non_profit": true, "religious": false, "denomination": null, "sbd": null, "mdc_sbd": 4}}, {"type": "Feature", "geometry": {"type": "Point", "coordinates": [-80.314088039859, 25.898500486716]}, "properties": {"school_code": 8462, "name": "Trinity Christian Academy Middle School", "county": "miamidade", "address": "1498 WEST 84 ST.", "city": "Hialeah", "state": "FL", "zip": "33014", "grade_levels": "KG-12", "enroll_pk": 0, "enroll_k4": 0, "enroll_58": 8, "enroll_912": 1, "enroll_k8": 8, "enroll_total": 9, "non_profit": false, "religious": false, "denomination": null, "sbd": null, "mdc_sbd": 4}}, {"type": "Feature", "geometry": {"type": "Point", "coordinates": [-80.333347739761, 25.884419775206]}, "properties": {"school_code": 456, "name": "Tutor Me Daycare Academy", "county": "miamidade", "address": "2451 WEST 68 STREET 7", "city": "Hialeah", "state": "FL", "zip": "33016", "grade_levels": "KG-05", "enroll_pk": 0, "enroll_k4": 42, "enroll_58": 8, "enroll_912": 0, "enroll_k8": 50, "enroll_total": 50, "non_profit": false, "religious": false, "denomination": null, "sbd": null, "mdc_sbd": 4}}, {"type": "Feature", "geometry": {"type": "Point", "coordinates": [-80.293167402134, 25.917022855939]}, "properties": {"school_code": 5227, "name": "Tutor Me Daycare And Preschool 2", "county": "miamidade", "address": "5713-5715 NW 158TH ST.", "city": "Miami Lakes", "state": "FL", "zip": "33014", "grade_levels": "PK-12", "enroll_pk": 5, "enroll_k4": 86, "enroll_58": 82, "enroll_912": 52, "enroll_k8": 168, "enroll_total": 225, "non_profit": false, "religious": false, "denomination": null, "sbd": null, "mdc_sbd": 4}}, {"type": "Feature", "geometry": {"type": "Point", "coordinates": [-80.150919018666, 25.950168302889]}, "properties": {"school_code": 5980, "name": "Tvc Academy", "county": "miamidade", "address": "18900 NE 25TH AVENUE", "city": "N. Miami Beach", "state": "FL", "zip": "33180", "grade_levels": "KG-12", "enroll_pk": 0, "enroll_k4": 11, "enroll_58": 7, "enroll_912": 11, "enroll_k8": 18, "enroll_total": 29, "non_profit": true, "religious": false, "denomination": null, "sbd": null, "mdc_sbd": 3}}, {"type": "Feature", "geometry": {"type": "Point", "coordinates": [-80.191238518143, 25.91659589454]}, "properties": {"school_code": 8565, "name": "Two Sisters Angels Preschool", "county": "miamidade", "address": "425 NE 154 STREET", "city": "North Miami Beach", "state": "FL", "zip": "33162", "grade_levels": "PK-02", "enroll_pk": 10, "enroll_k4": 27, "enroll_58": 0, "enroll_912": 0, "enroll_k8": 27, "enroll_total": 37, "non_profit": false, "religious": false, "denomination": null, "sbd": null, "mdc_sbd": 1}}, {"type": "Feature", "geometry": {"type": "Point", "coordinates": [-80.435209087833, 25.679341610765]}, "properties": {"school_code": 2939, "name": "Unique Explorers Academy", "county": "miamidade", "address": "9280 HAMMOCKS BLVD SUITE 101", "city": "Miami", "state": "FL", "zip": "33196", "grade_levels": "PK-03", "enroll_pk": 6, "enroll_k4": 23, "enroll_58": 0, "enroll_912": 0, "enroll_k8": 23, "enroll_total": 29, "non_profit": false, "religious": false, "denomination": null, "sbd": null, "mdc_sbd": 8}}, {"type": "Feature", "geometry": {"type": "Point", "coordinates": [-80.36270404393, 25.590411359078]}, "properties": {"school_code": 908, "name": "Unique Learning Center Inc.", "county": "miamidade", "address": "18950 SW 106TH AVE", "city": "Miami", "state": "FL", "zip": "33157", "grade_levels": "PK-12", "enroll_pk": 6, "enroll_k4": 7, "enroll_58": 5, "enroll_912": 15, "enroll_k8": 12, "enroll_total": 33, "non_profit": true, "religious": false, "denomination": null, "sbd": null, "mdc_sbd": 7}}, {"type": "Feature", "geometry": {"type": "Point", "coordinates": [-80.218936440051, 25.788327656952]}, "properties": {"school_code": 3506, "name": "United Cerebral Palsy Transitional Learning", "county": "miamidade", "address": "1411 NW 14TH AVE.", "city": "Miami", "state": "FL", "zip": "33125", "grade_levels": "06-12", "enroll_pk": 0, "enroll_k4": 0, "enroll_58": 21, "enroll_912": 10, "enroll_k8": 21, "enroll_total": 31, "non_profit": true, "religious": false, "denomination": null, "sbd": null, "mdc_sbd": 2}}, {"type": "Feature", "geometry": {"type": "Point", "coordinates": [-80.198999654684, 25.788880727734]}, "properties": {"school_code": 8303, "name": "Urgent Academy", "county": "miamidade", "address": "219 NORTHWEST 14TH TERRACE", "city": "Miami", "state": "FL", "zip": "33136", "grade_levels": "06-08", "enroll_pk": 0, "enroll_k4": 0, "enroll_58": 17, "enroll_912": 0, "enroll_k8": 17, "enroll_total": 17, "non_profit": true, "religious": false, "denomination": null, "sbd": null, "mdc_sbd": 2}}, {"type": "Feature", "geometry": {"type": "Point", "coordinates": [-80.252408364662, 25.718231835912]}, "properties": {"school_code": 246, "name": "Vanguard School Of Coconut Grove Fla.", "county": "miamidade", "address": "3939 MAIN HIGHWAY", "city": "Coconut Grove", "state": "FL", "zip": "33133", "grade_levels": "01-08", "enroll_pk": 0, "enroll_k4": 16, "enroll_58": 22, "enroll_912": 0, "enroll_k8": 38, "enroll_total": 38, "non_profit": true, "religious": false, "denomination": null, "sbd": null, "mdc_sbd": 3}}, {"type": "Feature", "geometry": {"type": "Point", "coordinates": [-80.356726826501, 25.687362189068]}, "properties": {"school_code": 6409, "name": "Victoria'S Playhouse Daycare Pre-K", "county": "miamidade", "address": "10095 SW 88 ST SUITE 101", "city": "Miami", "state": "FL", "zip": "33176", "grade_levels": "PK-01", "enroll_pk": 55, "enroll_k4": 0, "enroll_58": 0, "enroll_912": 0, "enroll_k8": 0, "enroll_total": 55, "non_profit": false, "religious": false, "denomination": null, "sbd": null, "mdc_sbd": 7}}, {"type": "Feature", "geometry": {"type": "Point", "coordinates": [-80.401376991761, 25.685917741481]}, "properties": {"school_code": 6406, "name": "Victoria'S Playhouse Pre-K Ii", "county": "miamidade", "address": "12781 SW 88TH ST", "city": "Miami", "state": "FL", "zip": "33186", "grade_levels": "PK-01", "enroll_pk": 76, "enroll_k4": 0, "enroll_58": 0, "enroll_912": 0, "enroll_k8": 0, "enroll_total": 76, "non_profit": false, "religious": false, "denomination": null, "sbd": null, "mdc_sbd": 7}}, {"type": "Feature", "geometry": {"type": "Point", "coordinates": [-80.407683424446, 25.499622724636]}, "properties": {"school_code": 6230, "name": "Villa Prepatory Academy Corp", "county": "miamidade", "address": "13350 SW 288 ST", "city": "Homestead", "state": "FL", "zip": "33033", "grade_levels": "KG-08", "enroll_pk": 0, "enroll_k4": 105, "enroll_58": 85, "enroll_912": 0, "enroll_k8": 190, "enroll_total": 190, "non_profit": true, "religious": false, "denomination": null, "sbd": null, "mdc_sbd": 9}}, {"type": "Feature", "geometry": {"type": "Point", "coordinates": [-80.218564464376, 25.750897176208]}, "properties": {"school_code": 457, "name": "Village Montessori School Corp", "county": "miamidade", "address": "1414 SW 22ND ST", "city": "Miami", "state": "FL", "zip": "33145", "grade_levels": "PK-03", "enroll_pk": 24, "enroll_k4": 0, "enroll_58": 0, "enroll_912": 0, "enroll_k8": 0, "enroll_total": 24, "non_profit": false, "religious": false, "denomination": null, "sbd": null, "mdc_sbd": 6}}, {"type": "Feature", "geometry": {"type": "Point", "coordinates": [-80.215942754358, 25.750251435225]}, "properties": {"school_code": 829, "name": "Village Montessori School Corp", "county": "miamidade", "address": "1273 SW 22ND ST", "city": "Miami", "state": "FL", "zip": "33145", "grade_levels": "PK-KG", "enroll_pk": 30, "enroll_k4": 3, "enroll_58": 0, "enroll_912": 0, "enroll_k8": 3, "enroll_total": 33, "non_profit": false, "religious": false, "denomination": null, "sbd": null, "mdc_sbd": 6}}, {"type": "Feature", "geometry": {"type": "Point", "coordinates": [-80.341851814388, 25.630675463042]}, "properties": {"school_code": 2918, "name": "Village Pines School", "county": "miamidade", "address": "15000 SW 92ND AVENUE", "city": "Miami", "state": "FL", "zip": "33176", "grade_levels": "PK-05", "enroll_pk": 12, "enroll_k4": 39, "enroll_58": 7, "enroll_912": 0, "enroll_k8": 46, "enroll_total": 58, "non_profit": false, "religious": false, "denomination": null, "sbd": null, "mdc_sbd": 9}}, {"type": "Feature", "geometry": {"type": "Point", "coordinates": [-80.352988763247, 25.60648034684]}, "properties": {"school_code": 5474, "name": "Vip Christian Academy", "county": "miamidade", "address": "17445 HOMESTEAD AVE", "city": "Miami", "state": "FL", "zip": "33157", "grade_levels": "PK-08", "enroll_pk": 3, "enroll_k4": 13, "enroll_58": 6, "enroll_912": 0, "enroll_k8": 19, "enroll_total": 22, "non_profit": true, "religious": true, "denomination": "NON-DENOMINATIONAL", "sbd": null, "mdc_sbd": 7}}, {"type": "Feature", "geometry": {"type": "Point", "coordinates": [-80.248179537841, 25.803254990105]}, "properties": {"school_code": 5785, "name": "Watch Me Grow Learning Center Ii Inc.", "county": "miamidade", "address": "2999 NW 32ND AVENUE", "city": "Miami", "state": "FL", "zip": "33142", "grade_levels": "PK-05", "enroll_pk": 50, "enroll_k4": 106, "enroll_58": 14, "enroll_912": 0, "enroll_k8": 120, "enroll_total": 170, "non_profit": false, "religious": false, "denomination": null, "sbd": null, "mdc_sbd": 5}}, {"type": "Feature", "geometry": {"type": "Point", "coordinates": [-80.229671029686, 25.779661105129]}, "properties": {"school_code": 5786, "name": "Watch Me Grow Learning Center Inc.", "county": "miamidade", "address": "2100 NW 7TH STREET", "city": "Miami", "state": "FL", "zip": "33125", "grade_levels": "PK-05", "enroll_pk": 20, "enroll_k4": 50, "enroll_58": 4, "enroll_912": 0, "enroll_k8": 54, "enroll_total": 74, "non_profit": false, "religious": false, "denomination": null, "sbd": null, "mdc_sbd": 6}}, {"type": "Feature", "geometry": {"type": "Point", "coordinates": [-80.248104855819, 25.803370706817]}, "properties": {"school_code": 7694, "name": "Watch Me Grow Learning Center Iv", "county": "miamidade", "address": "3195 NW 30TH ST", "city": "Miami", "state": "FL", "zip": "33142", "grade_levels": "KG-05", "enroll_pk": 0, "enroll_k4": 22, "enroll_58": 4, "enroll_912": 0, "enroll_k8": 26, "enroll_total": 26, "non_profit": false, "religious": false, "denomination": null, "sbd": null, "mdc_sbd": 5}}, {"type": "Feature", "geometry": {"type": "Point", "coordinates": [-80.229666703108, 25.772664582157]}, "properties": {"school_code": 7444, "name": "Waymaker Academy", "county": "miamidade", "address": "2123 W FLAGLER ST", "city": "Miami", "state": "FL", "zip": "33135", "grade_levels": "PK-01", "enroll_pk": 6, "enroll_k4": 7, "enroll_58": 0, "enroll_912": 0, "enroll_k8": 7, "enroll_total": 13, "non_profit": false, "religious": false, "denomination": null, "sbd": null, "mdc_sbd": 6}}, {"type": "Feature", "geometry": {"type": "Point", "coordinates": [-80.262971467347, 25.830534708061]}, "properties": {"school_code": 5576, "name": "Wca Private School Inc.", "county": "miamidade", "address": "930 E 9 ST", "city": "Hialeah", "state": "FL", "zip": "33010", "grade_levels": "KG-06", "enroll_pk": 0, "enroll_k4": 100, "enroll_58": 22, "enroll_912": 0, "enroll_k8": 122, "enroll_total": 122, "non_profit": false, "religious": false, "denomination": null, "sbd": null, "mdc_sbd": 5}}, {"type": "Feature", "geometry": {"type": "Point", "coordinates": [-80.373319308541, 25.737597765666]}, "properties": {"school_code": 3848, "name": "West Dade Academy", "county": "miamidade", "address": "10950 SW 34 STREET", "city": "Miami", "state": "FL", "zip": "33165", "grade_levels": "KG-12", "enroll_pk": 0, "enroll_k4": 28, "enroll_58": 31, "enroll_912": 29, "enroll_k8": 59, "enroll_total": 88, "non_profit": false, "religious": false, "denomination": null, "sbd": null, "mdc_sbd": 8}}, {"type": "Feature", "geometry": {"type": "Point", "coordinates": [-80.317049355233, 25.749119530336]}, "properties": {"school_code": 7810, "name": "Westchester Academy And Learning Center", "county": "miamidade", "address": "7490 SW 23RD STREET", "city": "Miami", "state": "FL", "zip": "33155", "grade_levels": "PK-05", "enroll_pk": 7, "enroll_k4": 18, "enroll_58": 0, "enroll_912": 0, "enroll_k8": 18, "enroll_total": 25, "non_profit": false, "religious": false, "denomination": null, "sbd": null, "mdc_sbd": 8}}, {"type": "Feature", "geometry": {"type": "Point", "coordinates": [-80.302040434951, 25.629980268137]}, "properties": {"school_code": 2925, "name": "Westminster Christian School", "county": "miamidade", "address": "6855 SW 152 STREET", "city": "Palmetto Bay", "state": "FL", "zip": "33157", "grade_levels": "PK-12", "enroll_pk": 46, "enroll_k4": 265, "enroll_58": 398, "enroll_912": 569, "enroll_k8": 663, "enroll_total": 1278, "non_profit": true, "religious": true, "denomination": "PRESBYTERIAN", "sbd": null, "mdc_sbd": 9}}, {"type": "Feature", "geometry": {"type": "Point", "coordinates": [-80.388862571572, 25.713470604171]}, "properties": {"school_code": 3057, "name": "Westwood Christian School", "county": "miamidade", "address": "5801 SOUTH WEST 120TH AVENUE", "city": "Miami", "state": "FL", "zip": "33183", "grade_levels": "PK-12", "enroll_pk": 74, "enroll_k4": 220, "enroll_58": 169, "enroll_912": 168, "enroll_k8": 389, "enroll_total": 631, "non_profit": true, "religious": true, "denomination": "BAPTIST", "sbd": null, "mdc_sbd": 8}}, {"type": "Feature", "geometry": {"type": "Point", "coordinates": [-80.253698684851, 25.946090738872]}, "properties": {"school_code": 347, "name": "William A. Kirlew Jr. Academy", "county": "miamidade", "address": "18900 NW 32ND AVE.", "city": "Miami Gardens", "state": "FL", "zip": "33056", "grade_levels": "KG-08", "enroll_pk": 0, "enroll_k4": 69, "enroll_58": 69, "enroll_912": 0, "enroll_k8": 138, "enroll_total": 138, "non_profit": true, "religious": true, "denomination": "SEVENTH DAY ADVENTIST", "sbd": null, "mdc_sbd": 1}}, {"type": "Feature", "geometry": {"type": "Point", "coordinates": [-80.242418757604, 25.900042473262]}, "properties": {"school_code": 4260, "name": "World Mission Of Jesus Christ Christian", "county": "miamidade", "address": "13850 NW 26 AVENUE 6", "city": "Miami", "state": "FL", "zip": "33054", "grade_levels": "KG-12", "enroll_pk": 0, "enroll_k4": 6, "enroll_58": 9, "enroll_912": 14, "enroll_k8": 15, "enroll_total": 29, "non_profit": true, "religious": true, "denomination": "NON-DENOMINATIONAL", "sbd": null, "mdc_sbd": 1}}, {"type": "Feature", "geometry": {"type": "Point", "coordinates": [-80.328780617753, 25.824336215229]}, "properties": {"school_code": 6439, "name": "World Of Kids Academy", "county": "miamidade", "address": "8130 NW 56 ST", "city": "Miami", "state": "FL", "zip": "33166", "grade_levels": "PK-05", "enroll_pk": 27, "enroll_k4": 67, "enroll_58": 7, "enroll_912": 0, "enroll_k8": 74, "enroll_total": 101, "non_profit": false, "religious": false, "denomination": null, "sbd": null, "mdc_sbd": 5}}, {"type": "Feature", "geometry": {"type": "Point", "coordinates": [-80.20937903054, 25.851538440451]}, "properties": {"school_code": 3625, "name": "Worshipers' House Of Prayer Academy", "county": "miamidade", "address": "8350 NW 7TH AVENUE", "city": "Miami", "state": "FL", "zip": "33150", "grade_levels": "KG-10", "enroll_pk": 0, "enroll_k4": 48, "enroll_58": 40, "enroll_912": 10, "enroll_k8": 88, "enroll_total": 98, "non_profit": true, "religious": true, "denomination": "PENTECOSTAL", "sbd": null, "mdc_sbd": 2}}, {"type": "Feature", "geometry": {"type": "Point", "coordinates": [-80.313988941636, 25.683695841181]}, "properties": {"school_code": 8902, "name": "Xceed Prep Miami-Dadeland", "county": "miamidade", "address": "9350 SOUTH DIXIE HIGHWAY", "city": "Miami", "state": "FL", "zip": "33156", "grade_levels": "05-12", "enroll_pk": 0, "enroll_k4": 0, "enroll_58": 13, "enroll_912": 56, "enroll_k8": 13, "enroll_total": 69, "non_profit": false, "religious": false, "denomination": null, "sbd": null, "mdc_sbd": 6}}, {"type": "Feature", "geometry": {"type": "Point", "coordinates": [-80.124761887986, 25.864098822143]}, "properties": {"school_code": 3519, "name": "Yeshiva Elementary", "county": "miamidade", "address": "7902 CARLYLE AVENUE", "city": "Miami Beach", "state": "FL", "zip": "33141", "grade_levels": "PK-08", "enroll_pk": 21, "enroll_k4": 154, "enroll_58": 99, "enroll_912": 0, "enroll_k8": 253, "enroll_total": 274, "non_profit": true, "religious": true, "denomination": "JEWISH", "sbd": null, "mdc_sbd": 3}}, {"type": "Feature", "geometry": {"type": "Point", "coordinates": [-80.193963142903, 25.897306948824]}, "properties": {"school_code": 6482, "name": "Yeshiva Elementary", "county": "miamidade", "address": "13300 W MEMORIAL HIGHWAY", "city": "North Miami", "state": "FL", "zip": "33161", "grade_levels": "KG-08", "enroll_pk": 0, "enroll_k4": 214, "enroll_58": 159, "enroll_912": 0, "enroll_k8": 373, "enroll_total": 373, "non_profit": true, "religious": true, "denomination": "JEWISH", "sbd": null, "mdc_sbd": 1}}, {"type": "Feature", "geometry": {"type": "Point", "coordinates": [-80.293764173434, 25.763438878989]}, "properties": {"school_code": 6755, "name": "Yin Yang Academy", "county": "miamidade", "address": "6031 SW 8 STREET", "city": "Miami", "state": "FL", "zip": "33144", "grade_levels": "KG-08", "enroll_pk": 0, "enroll_k4": 38, "enroll_58": 19, "enroll_912": 0, "enroll_k8": 57, "enroll_total": 57, "non_profit": true, "religious": false, "denomination": null, "sbd": null, "mdc_sbd": 8}}, {"type": "Feature", "geometry": {"type": "Point", "coordinates": [-80.150919018666, 25.950168302889]}, "properties": {"school_code": 5272, "name": "Yotzer Ohr Inc.", "county": "miamidade", "address": "18900 NE 25TH AVE", "city": "Miami", "state": "FL", "zip": "33180", "grade_levels": "06-12", "enroll_pk": 0, "enroll_k4": 0, "enroll_58": 3, "enroll_912": 45, "enroll_k8": 3, "enroll_total": 48, "non_profit": true, "religious": true, "denomination": "JEWISH", "sbd": null, "mdc_sbd": 3}}]}