{"type": "FeatureCollection", "features": [{"type": "Feature", "geometry": {"type": "Point", "coordinates": [-80.28320760704815, 26.24449902355539]}, "properties": {"id": "BRW-2681", "county": "broward", "name": "Westchester Elementary", "school_num": "2681", "school_type": "Elementary School", "role": "district", "enrollment_2526": 922}}, {"type": "Feature", "geometry": {"type": "Point", "coordinates": [-80.19805919921448, 26.244689739801238]}, "properties": {"id": "BRW-3821", "county": "broward", "name": "Liberty Elementary", "school_num": "3821", "school_type": "Elementary School", "role": "district", "enrollment_2526": 644}}, {"type": "Feature", "geometry": {"type": "Point", "coordinates": [-80.21195926193258, 26.260806968810776]}, "properties": {"id": "BRW-1161", "county": "broward", "name": "Margate Elementary", "school_num": "1161", "school_type": "Elementary School", "role": "district", "enrollment_2526": 952}}, {"type": "Feature", "geometry": {"type": "Point", "coordinates": [-80.165627226048, 26.240741926724]}, "properties": {"id": "BRW-3221", "county": "broward", "name": "Charles Drew Elementary", "school_num": "3221", "school_type": "Elementary School", "role": "district", "enrollment_2526": 386}}, {"type": "Feature", "geometry": {"type": "Point", "coordinates": [-80.132445091255, 26.254508748785]}, "properties": {"id": "BRW-1671", "county": "broward", "name": "C. Robert Markham Elementary", "school_num": "1671", "school_type": "Elementary School", "role": "district", "enrollment_2526": 526}}, {"type": "Feature", "geometry": {"type": "Point", "coordinates": [-80.12647909169395, 26.26563600920593]}, "properties": {"id": "BRW-1131", "county": "broward", "name": "Palmview Elementary", "school_num": "1131", "school_type": "Elementary School", "role": "district", "enrollment_2526": 536}}, {"type": "Feature", "geometry": {"type": "Point", "coordinates": [-80.24207075491975, 26.304030776227993]}, "properties": {"id": "BRW-3011", "county": "broward", "name": "Marjory Stoneman Douglas High", "school_num": "3011", "school_type": "High School", "role": "district", "enrollment_2526": 3092}}, {"type": "Feature", "geometry": {"type": "Point", "coordinates": [-80.30336777234719, 25.97778805761379]}, "properties": {"id": "BRW-3911", "county": "broward", "name": "New Renaissance Middle", "school_num": "3911", "school_type": "Middle School", "role": "district", "enrollment_2526": 830}}, {"type": "Feature", "geometry": {"type": "Point", "coordinates": [-80.17342487671844, 25.98499441473509]}, "properties": {"id": "BRW-0481", "county": "broward", "name": "Mcnicol Middle", "school_num": "0481", "school_type": "Middle School", "role": "district", "enrollment_2526": 482}}, {"type": "Feature", "geometry": {"type": "Point", "coordinates": [-80.33773270304827, 25.98055661382211]}, "properties": {"id": "BRW-2021", "county": "broward", "name": "Glades Middle", "school_num": "2021", "school_type": "Middle School", "role": "district", "enrollment_2526": 854}}, {"type": "Feature", "geometry": {"type": "Point", "coordinates": [-80.21940868906363, 26.007473051022085]}, "properties": {"id": "BRW-1791", "county": "broward", "name": "Apollo Middle", "school_num": "1791", "school_type": "Middle School", "role": "district", "enrollment_2526": 1223}}, {"type": "Feature", "geometry": {"type": "Point", "coordinates": [-80.34402770650965, 26.03151430161277]}, "properties": {"id": "BRW-3331", "county": "broward", "name": "Silver Trail Middle", "school_num": "3331", "school_type": "Middle School", "role": "district", "enrollment_2526": 1139}}, {"type": "Feature", "geometry": {"type": "Point", "coordinates": [-80.26379797028441, 26.040495205101216]}, "properties": {"id": "BRW-2571", "county": "broward", "name": "Pioneer Middle", "school_num": "2571", "school_type": "Middle School", "role": "district", "enrollment_2526": 1457}}, {"type": "Feature", "geometry": {"type": "Point", "coordinates": [-80.17966230479595, 26.039192810935425]}, "properties": {"id": "BRW-0343", "county": "broward", "name": "Attucks Middle", "school_num": "0343", "school_type": "Middle School", "role": "district", "enrollment_2526": 493}}, {"type": "Feature", "geometry": {"type": "Point", "coordinates": [-80.22917388471602, 26.27906778635822]}, "properties": {"id": "BRW-1971", "county": "broward", "name": "James S. Hunt Elementary", "school_num": "1971", "school_type": "Elementary School", "role": "district", "enrollment_2526": 434}}, {"type": "Feature", "geometry": {"type": "Point", "coordinates": [-80.28859432036555, 26.279523658071486]}, "properties": {"id": "BRW-2551", "county": "broward", "name": "Coral Springs Elementary", "school_num": "2551", "school_type": "Elementary School", "role": "district", "enrollment_2526": 336}}, {"type": "Feature", "geometry": {"type": "Point", "coordinates": [-80.110676708546, 26.238049490107]}, "properties": {"id": "BRW-0571", "county": "broward", "name": "Tedder Elementary", "school_num": "0571", "school_type": "Elementary School", "role": "district", "enrollment_2526": 594}}, {"type": "Feature", "geometry": {"type": "Point", "coordinates": [-80.21026372186981, 26.287906063376994]}, "properties": {"id": "BRW-3171", "county": "broward", "name": "Park Springs Elementary", "school_num": "3171", "school_type": "Elementary School", "role": "district", "enrollment_2526": 728}}, {"type": "Feature", "geometry": {"type": "Point", "coordinates": [-80.24107641245185, 26.295511556797937]}, "properties": {"id": "BRW-3041", "county": "broward", "name": "Coral Park Elementary", "school_num": "3041", "school_type": "Elementary School", "role": "district", "enrollment_2526": 435}}, {"type": "Feature", "geometry": {"type": "Point", "coordinates": [-80.29060094014427, 26.298727457985876]}, "properties": {"id": "BRW-3441", "county": "broward", "name": "Eagle Ridge Elementary", "school_num": "3441", "school_type": "Elementary School", "role": "district", "enrollment_2526": 669}}, {"type": "Feature", "geometry": {"type": "Point", "coordinates": [-80.25497316453006, 26.293835646202382]}, "properties": {"id": "BRW-3111", "county": "broward", "name": "Country Hills Elementary", "school_num": "3111", "school_type": "Elementary School", "role": "district", "enrollment_2526": 799}}, {"type": "Feature", "geometry": {"type": "Point", "coordinates": [-80.12620358263551, 26.2946315531964]}, "properties": {"id": "BRW-1951", "county": "broward", "name": "Park Ridge Elementary", "school_num": "1951", "school_type": "Elementary School", "role": "district", "enrollment_2526": 514}}, {"type": "Feature", "geometry": {"type": "Point", "coordinates": [-80.23682841393871, 26.05682136126486]}, "properties": {"id": "BRW-0861", "county": "broward", "name": "Driftwood Middle", "school_num": "0861", "school_type": "Middle School", "role": "district", "enrollment_2526": 837}}, {"type": "Feature", "geometry": {"type": "Point", "coordinates": [-80.33996957489212, 26.09078749642873]}, "properties": {"id": "BRW-3471", "county": "broward", "name": "Indian Ridge Middle", "school_num": "3471", "school_type": "Middle School", "role": "district", "enrollment_2526": 1768}}, {"type": "Feature", "geometry": {"type": "Point", "coordinates": [-80.1907033678214, 26.092068892353442]}, "properties": {"id": "BRW-0881", "county": "broward", "name": "New River Middle", "school_num": "0881", "school_type": "Middle School", "role": "district", "enrollment_2526": 1408}}, {"type": "Feature", "geometry": {"type": "Point", "coordinates": [-80.37652688659149, 26.10709458993415]}, "properties": {"id": "BRW-3151", "county": "broward", "name": "Tequesta Trace Middle", "school_num": "3151", "school_type": "Middle School", "role": "district", "enrollment_2526": 1236}}, {"type": "Feature", "geometry": {"type": "Point", "coordinates": [-80.2261931147982, 26.1128708763368]}, "properties": {"id": "BRW-1891", "county": "broward", "name": "Seminole Middle", "school_num": "1891", "school_type": "Middle School", "role": "district", "enrollment_2526": 955}}, {"type": "Feature", "geometry": {"type": "Point", "coordinates": [-80.18013859536778, 26.12843740918743]}, "properties": {"id": "BRW-0701", "county": "broward", "name": "Parkway Middle", "school_num": "0701", "school_type": "Middle School", "role": "district", "enrollment_2526": 790}}, {"type": "Feature", "geometry": {"type": "Point", "coordinates": [-80.38570970647503, 26.097049000283302]}, "properties": {"id": "BRW-3622", "county": "broward", "name": "Falcon Cove Middle", "school_num": "3622", "school_type": "Middle School", "role": "district", "enrollment_2526": 2083}}, {"type": "Feature", "geometry": {"type": "Point", "coordinates": [-80.25774929661712, 26.135758905932608]}, "properties": {"id": "BRW-0551", "county": "broward", "name": "Plantation Middle", "school_num": "0551", "school_type": "Middle School", "role": "district", "enrollment_2526": 529}}, {"type": "Feature", "geometry": {"type": "Point", "coordinates": [-80.21145064319289, 26.147493423593893]}, "properties": {"id": "BRW-1391", "county": "broward", "name": "Lauderhill 6-12", "school_num": "1391", "school_type": "Middle School", "role": "district", "enrollment_2526": 622}}, {"type": "Feature", "geometry": {"type": "Point", "coordinates": [-80.28686128789082, 26.1526792683526]}, "properties": {"id": "BRW-2611", "county": "broward", "name": "Bair Middle", "school_num": "2611", "school_type": "Middle School", "role": "district", "enrollment_2526": 641}}, {"type": "Feature", "geometry": {"type": "Point", "coordinates": [-80.12980105052281, 26.153386369971138]}, "properties": {"id": "BRW-0251", "county": "broward", "name": "Sunrise Middle", "school_num": "0251", "school_type": "Middle School", "role": "district", "enrollment_2526": 1045}}, {"type": "Feature", "geometry": {"type": "Point", "coordinates": [-80.1862692064997, 26.294786565166632]}, "properties": {"id": "BRW-3091", "county": "broward", "name": "Winston Park Elementary", "school_num": "3091", "school_type": "Elementary School", "role": "district", "enrollment_2526": 857}}, {"type": "Feature", "geometry": {"type": "Point", "coordinates": [-80.09289922322198, 26.269467327419918]}, "properties": {"id": "BRW-0901", "county": "broward", "name": "Cresthaven Elementary", "school_num": "0901", "school_type": "Elementary School", "role": "district", "enrollment_2526": 493}}, {"type": "Feature", "geometry": {"type": "Point", "coordinates": [-80.1850783329044, 26.307611440670904]}, "properties": {"id": "BRW-3481", "county": "broward", "name": "Tradewinds Elementary", "school_num": "3481", "school_type": "Elementary School", "role": "district", "enrollment_2526": 843}}, {"type": "Feature", "geometry": {"type": "Point", "coordinates": [-80.14365461223882, 26.304305139509122]}, "properties": {"id": "BRW-3121", "county": "broward", "name": "Quiet Waters Elementary", "school_num": "3121", "school_type": "Elementary School", "role": "district", "enrollment_2526": 1013}}, {"type": "Feature", "geometry": {"type": "Point", "coordinates": [-80.116621330971, 26.31597839858468]}, "properties": {"id": "BRW-0391", "county": "broward", "name": "Deerfield Park Elementary", "school_num": "0391", "school_type": "Elementary School", "role": "district", "enrollment_2526": 411}}, {"type": "Feature", "geometry": {"type": "Point", "coordinates": [-80.25761308356506, 26.18502315220402]}, "properties": {"id": "BRW-3962", "county": "broward", "name": "Discovery Elementary", "school_num": "3962", "school_type": "Elementary School", "role": "district", "enrollment_2526": 728}}, {"type": "Feature", "geometry": {"type": "Point", "coordinates": [-80.21411319685488, 26.236671353697336]}, "properties": {"id": "BRW-2511", "county": "broward", "name": "Atlantic West Elementary", "school_num": "2511", "school_type": "Elementary School", "role": "district", "enrollment_2526": 537}}, {"type": "Feature", "geometry": {"type": "Point", "coordinates": [-80.27878937666182, 26.173505333494877]}, "properties": {"id": "BRW-2052", "county": "broward", "name": "Westpine Middle", "school_num": "2052", "school_type": "Middle School", "role": "district", "enrollment_2526": 623}}, {"type": "Feature", "geometry": {"type": "Point", "coordinates": [-80.175263864648, 26.158120972537]}, "properties": {"id": "BRW-1071", "county": "broward", "name": "William Dandy Middle", "school_num": "1071", "school_type": "Middle School", "role": "district", "enrollment_2526": 628}}, {"type": "Feature", "geometry": {"type": "Point", "coordinates": [-80.21518391033193, 26.183427367631104]}, "properties": {"id": "BRW-1701", "county": "broward", "name": "Lauderdale Lakes Middle", "school_num": "1701", "school_type": "Middle School", "role": "district", "enrollment_2526": 661}}, {"type": "Feature", "geometry": {"type": "Point", "coordinates": [-80.13416322551016, 26.185289925751743]}, "properties": {"id": "BRW-2121", "county": "broward", "name": "James S. Rickards Middle", "school_num": "2121", "school_type": "Middle School", "role": "district", "enrollment_2526": 826}}, {"type": "Feature", "geometry": {"type": "Point", "coordinates": [-80.2524100516483, 26.182103140201647]}, "properties": {"id": "BRW-4772", "county": "broward", "name": "Millennium 6-12 Collegiate Academy", "school_num": "4772", "school_type": "Middle School", "role": "district", "enrollment_2526": 1420}}, {"type": "Feature", "geometry": {"type": "Point", "coordinates": [-80.15586478670329, 26.22197427885146]}, "properties": {"id": "BRW-0021", "county": "broward", "name": "Pompano Beach Middle", "school_num": "0021", "school_type": "Middle School", "role": "district", "enrollment_2526": 1124}}, {"type": "Feature", "geometry": {"type": "Point", "coordinates": [-80.22383577737013, 26.227852184244405]}, "properties": {"id": "BRW-2691", "county": "broward", "name": "Morrow Elementary", "school_num": "2691", "school_type": "Elementary School", "role": "district", "enrollment_2526": 507}}, {"type": "Feature", "geometry": {"type": "Point", "coordinates": [-80.29634999772995, 25.978146753839315]}, "properties": {"id": "BRW-2871", "county": "broward", "name": "Sea Castle Elementary", "school_num": "2871", "school_type": "Elementary School", "role": "district", "enrollment_2526": 916}}, {"type": "Feature", "geometry": {"type": "Point", "coordinates": [-80.22246185705103, 26.305766287349297]}, "properties": {"id": "BRW-2891", "county": "broward", "name": "Riverglades Elementary", "school_num": "2891", "school_type": "Elementary School", "role": "district", "enrollment_2526": 984}}, {"type": "Feature", "geometry": {"type": "Point", "coordinates": [-80.26023489897464, 26.043602841040055]}, "properties": {"id": "BRW-1211", "county": "broward", "name": "Cooper City Elementary", "school_num": "1211", "school_type": "Elementary School", "role": "district", "enrollment_2526": 764}}, {"type": "Feature", "geometry": {"type": "Point", "coordinates": [-80.27575911172157, 26.042211461338354]}, "properties": {"id": "BRW-3191", "county": "broward", "name": "Embassy Creek Elementary", "school_num": "3191", "school_type": "Elementary School", "role": "district", "enrollment_2526": 1085}}, {"type": "Feature", "geometry": {"type": "Point", "coordinates": [-80.16573038162453, 26.13074278890815]}, "properties": {"id": "BRW-1191", "county": "broward", "name": "North Fork Elementary", "school_num": "1191", "school_type": "Elementary School", "role": "district", "enrollment_2526": 389}}, {"type": "Feature", "geometry": {"type": "Point", "coordinates": [-80.35497060099571, 25.973622174246074]}, "properties": {"id": "BRW-3751", "county": "broward", "name": "Dolphin Bay Elementary", "school_num": "3751", "school_type": "Elementary School", "role": "district", "enrollment_2526": 471}}, {"type": "Feature", "geometry": {"type": "Point", "coordinates": [-80.2714506758431, 26.24405489483926]}, "properties": {"id": "BRW-2711", "county": "broward", "name": "Ramblewood Middle", "school_num": "2711", "school_type": "Middle School", "role": "district", "enrollment_2526": 1047}}, {"type": "Feature", "geometry": {"type": "Point", "coordinates": [-80.281748168439, 26.244452455204318]}, "properties": {"id": "BRW-3431", "county": "broward", "name": "Sawgrass Springs Middle", "school_num": "3431", "school_type": "Middle School", "role": "district", "enrollment_2526": 903}}, {"type": "Feature", "geometry": {"type": "Point", "coordinates": [-80.22727424614749, 26.28732942910988]}, "properties": {"id": "BRW-3051", "county": "broward", "name": "Forest Glen Middle", "school_num": "3051", "school_type": "Middle School", "role": "district", "enrollment_2526": 931}}, {"type": "Feature", "geometry": {"type": "Point", "coordinates": [-80.27412881434431, 26.290857878740304]}, "properties": {"id": "BRW-2561", "county": "broward", "name": "Coral Springs Middle", "school_num": "2561", "school_type": "Middle School", "role": "district", "enrollment_2526": 1029}}, {"type": "Feature", "geometry": {"type": "Point", "coordinates": [-80.13990408877007, 26.261171593741558]}, "properties": {"id": "BRW-1871", "county": "broward", "name": "Crystal Lake Middle", "school_num": "1871", "school_type": "Middle School", "role": "district", "enrollment_2526": 823}}, {"type": "Feature", "geometry": {"type": "Point", "coordinates": [-80.10522630160675, 26.295819263380235]}, "properties": {"id": "BRW-0911", "county": "broward", "name": "Deerfield Beach Middle", "school_num": "0911", "school_type": "Middle School", "role": "district", "enrollment_2526": 1054}}, {"type": "Feature", "geometry": {"type": "Point", "coordinates": [-80.22064356802643, 25.980776679174678]}, "properties": {"id": "BRW-1631", "county": "broward", "name": "Annabel C. Perry Pk-8", "school_num": "1631", "school_type": "Elementary School", "role": "district", "enrollment_2526": 507}}, {"type": "Feature", "geometry": {"type": "Point", "coordinates": [-80.31818430761093, 25.984006914375755]}, "properties": {"id": "BRW-3741", "county": "broward", "name": "Coconut Palm Elementary", "school_num": "3741", "school_type": "Elementary School", "role": "district", "enrollment_2526": 517}}, {"type": "Feature", "geometry": {"type": "Point", "coordinates": [-80.24247696266988, 25.97714104923145]}, "properties": {"id": "BRW-1641", "county": "broward", "name": "Fairway Elementary", "school_num": "1641", "school_type": "Elementary School", "role": "district", "enrollment_2526": 447}}, {"type": "Feature", "geometry": {"type": "Point", "coordinates": [-80.217168519341, 25.991649405599]}, "properties": {"id": "BRW-1171", "county": "broward", "name": "Sunshine Elementary", "school_num": "1171", "school_type": "Elementary School", "role": "district", "enrollment_2526": 388}}, {"type": "Feature", "geometry": {"type": "Point", "coordinates": [-80.20081429251326, 25.983643772019292]}, "properties": {"id": "BRW-0511", "county": "broward", "name": "Watkins Elementary", "school_num": "0511", "school_type": "Elementary School", "role": "district", "enrollment_2526": 334}}, {"type": "Feature", "geometry": {"type": "Point", "coordinates": [-80.22416276276108, 25.987121784514052]}, "properties": {"id": "BRW-0531", "county": "broward", "name": "Miramar Elementary", "school_num": "0531", "school_type": "Elementary School", "role": "district", "enrollment_2526": 405}}, {"type": "Feature", "geometry": {"type": "Point", "coordinates": [-80.17111048714949, 25.983876172016792]}, "properties": {"id": "BRW-0831", "county": "broward", "name": "Lake Forest Elementary", "school_num": "0831", "school_type": "Elementary School", "role": "district", "enrollment_2526": 546}}, {"type": "Feature", "geometry": {"type": "Point", "coordinates": [-80.1568939014901, 26.154549890374533]}, "properties": {"id": "BRW-3291", "county": "broward", "name": "Thurgood Marshall Elementary", "school_num": "3291", "school_type": "Elementary School", "role": "district", "enrollment_2526": 326}}, {"type": "Feature", "geometry": {"type": "Point", "coordinates": [-80.25266972446832, 26.306773408247533]}, "properties": {"id": "BRW-3871", "county": "broward", "name": "Westglades Middle", "school_num": "3871", "school_type": "Middle School", "role": "district", "enrollment_2526": 1695}}, {"type": "Feature", "geometry": {"type": "Point", "coordinates": [-80.32324251377513, 26.0242271009779]}, "properties": {"id": "BRW-3001", "county": "broward", "name": "Walter C. Young Middle", "school_num": "3001", "school_type": "Middle School", "role": "district", "enrollment_2526": 647}}, {"type": "Feature", "geometry": {"type": "Point", "coordinates": [-80.21982476456796, 26.20294495403139]}, "properties": {"id": "BRW-2971", "county": "broward", "name": "Silver Lakes Middle", "school_num": "2971", "school_type": "Middle School", "role": "district", "enrollment_2526": 613}}, {"type": "Feature", "geometry": {"type": "Point", "coordinates": [-80.15890887896163, 26.294836677514578]}, "properties": {"id": "BRW-3101", "county": "broward", "name": "Lyons Creek Middle", "school_num": "3101", "school_type": "Middle School", "role": "district", "enrollment_2526": 1284}}, {"type": "Feature", "geometry": {"type": "Point", "coordinates": [-80.19410763362693, 26.24927491366585]}, "properties": {"id": "BRW-0581", "county": "broward", "name": "Margate Middle", "school_num": "0581", "school_type": "Middle School", "role": "district", "enrollment_2526": 804}}, {"type": "Feature", "geometry": {"type": "Point", "coordinates": [-80.1734780428881, 26.142031638491375]}, "properties": {"id": "BRW-0371", "county": "broward", "name": "Dillard 6-12", "school_num": "0371", "school_type": "Middle School", "role": "district", "enrollment_2526": 1789}}, {"type": "Feature", "geometry": {"type": "Point", "coordinates": [-80.15408797868052, 25.983061208272076]}, "properties": {"id": "BRW-0131", "county": "broward", "name": "Gulfstream Academy Of Hallandale Beach", "school_num": "0131", "school_type": "Middle School", "role": "district", "enrollment_2526": 1137}}, {"type": "Feature", "geometry": {"type": "Point", "coordinates": [-80.16221230317369, 26.0286317124512]}, "properties": {"id": "BRW-0471", "county": "broward", "name": "Olsen Middle", "school_num": "0471", "school_type": "Middle School", "role": "district", "enrollment_2526": 545}}, {"type": "Feature", "geometry": {"type": "Point", "coordinates": [-80.28568878693308, 26.310090978922315]}, "properties": {"id": "BRW-3781", "county": "broward", "name": "Park Trails Elementary", "school_num": "3781", "school_type": "Elementary School", "role": "district", "enrollment_2526": 1035}}, {"type": "Feature", "geometry": {"type": "Point", "coordinates": [-80.11052906480273, 26.23915814696301]}, "properties": {"id": "BRW-0751", "county": "broward", "name": "Pompano Beach Elementary", "school_num": "0751", "school_type": "Elementary School", "role": "district", "enrollment_2526": 466}}, {"type": "Feature", "geometry": {"type": "Point", "coordinates": [-80.1903, 26.1828]}, "properties": {"id": "BRW-1851", "county": "broward", "name": "Royal Palm Elementary", "school_num": "1851", "school_type": "Elementary School", "role": "district", "enrollment_2526": 751}}, {"type": "Feature", "geometry": {"type": "Point", "coordinates": [-80.22393503001565, 26.16094844714045]}, "properties": {"id": "BRW-3301", "county": "broward", "name": "Endeavour Primary Learning Center", "school_num": "3301", "school_type": "Elementary School", "role": "district", "enrollment_2526": 341}}, {"type": "Feature", "geometry": {"type": "Point", "coordinates": [-80.12389626928777, 26.15930098106096]}, "properties": {"id": "BRW-0201", "county": "broward", "name": "Bennett Elementary", "school_num": "0201", "school_type": "Elementary School", "role": "district", "enrollment_2526": 282}}, {"type": "Feature", "geometry": {"type": "Point", "coordinates": [-80.24558836989992, 26.17139389820465]}, "properties": {"id": "BRW-1621", "county": "broward", "name": "Village Elementary", "school_num": "1621", "school_type": "Elementary School", "role": "district", "enrollment_2526": 643}}, {"type": "Feature", "geometry": {"type": "Point", "coordinates": [-80.40262563879723, 25.986193014642886]}, "properties": {"id": "BRW-3661", "county": "broward", "name": "Sunset Lakes Elementary", "school_num": "3661", "school_type": "Elementary School", "role": "district", "enrollment_2526": 556}}, {"type": "Feature", "geometry": {"type": "Point", "coordinates": [-80.38052607972318, 25.99667073772574]}, "properties": {"id": "BRW-3371", "county": "broward", "name": "Silver Lakes Elementary", "school_num": "3371", "school_type": "Elementary School", "role": "district", "enrollment_2526": 335}}, {"type": "Feature", "geometry": {"type": "Point", "coordinates": [-80.28468433000913, 26.000091587892715]}, "properties": {"id": "BRW-3311", "county": "broward", "name": "Palm Cove Elementary", "school_num": "3311", "school_type": "Elementary School", "role": "district", "enrollment_2526": 341}}, {"type": "Feature", "geometry": {"type": "Point", "coordinates": [-80.27637898659918, 26.01736416861871]}, "properties": {"id": "BRW-1881", "county": "broward", "name": "Pines Collegiate Academy 6-12", "school_num": "1881", "school_type": "Middle School", "role": "district", "enrollment_2526": 726}}, {"type": "Feature", "geometry": {"type": "Point", "coordinates": [-80.2227923889772, 26.002068679629566]}, "properties": {"id": "BRW-1221", "county": "broward", "name": "Pembroke Pines Elementary", "school_num": "1221", "school_type": "Elementary School", "role": "district", "enrollment_2526": 526}}, {"type": "Feature", "geometry": {"type": "Point", "coordinates": [-80.20541145850937, 26.001850992862867]}, "properties": {"id": "BRW-0711", "county": "broward", "name": "Orange Brook Elementary", "school_num": "0711", "school_type": "Elementary School", "role": "district", "enrollment_2526": 615}}, {"type": "Feature", "geometry": {"type": "Point", "coordinates": [-80.1642942692335, 26.00017786618311]}, "properties": {"id": "BRW-0231", "county": "broward", "name": "Colbert Elementary", "school_num": "0231", "school_type": "Elementary School", "role": "district", "enrollment_2526": 544}}, {"type": "Feature", "geometry": {"type": "Point", "coordinates": [-80.29479861995375, 26.013926261223723]}, "properties": {"id": "BRW-2861", "county": "broward", "name": "Pines Lakes Elementary", "school_num": "2861", "school_type": "Elementary School", "role": "district", "enrollment_2526": 398}}, {"type": "Feature", "geometry": {"type": "Point", "coordinates": [-80.24941397640444, 26.016910339857972]}, "properties": {"id": "BRW-0971", "county": "broward", "name": "Boulevard Heights Elementary", "school_num": "0971", "school_type": "Elementary School", "role": "district", "enrollment_2526": 514}}, {"type": "Feature", "geometry": {"type": "Point", "coordinates": [-80.09587380713754, 26.27710226810946]}, "properties": {"id": "BRW-0561", "county": "broward", "name": "Norcrest Elementary", "school_num": "0561", "school_type": "Elementary School", "role": "district", "enrollment_2526": 628}}, {"type": "Feature", "geometry": {"type": "Point", "coordinates": [-80.09547110718236, 26.311304755920517]}, "properties": {"id": "BRW-0011", "county": "broward", "name": "Deerfield Beach Elementary", "school_num": "0011", "school_type": "Elementary School", "role": "district", "enrollment_2526": 527}}, {"type": "Feature", "geometry": {"type": "Point", "coordinates": [-80.15096238326456, 26.127247726955346]}, "properties": {"id": "BRW-0321", "county": "broward", "name": "Walker Elementary", "school_num": "0321", "school_type": "Elementary School", "role": "district", "enrollment_2526": 405}}, {"type": "Feature", "geometry": {"type": "Point", "coordinates": [-80.13303209470712, 26.00463896859381]}, "properties": {"id": "BRW-0121", "county": "broward", "name": "Hollywood Central Preparatory K-8", "school_num": "0121", "school_type": "Elementary School", "role": "district", "enrollment_2526": 361}}, {"type": "Feature", "geometry": {"type": "Point", "coordinates": [-80.34982221695041, 26.018477229465688]}, "properties": {"id": "BRW-3491", "county": "broward", "name": "Silver Palms Elementary", "school_num": "3491", "school_type": "Elementary School", "role": "district", "enrollment_2526": 435}}, {"type": "Feature", "geometry": {"type": "Point", "coordinates": [-80.19388244820696, 26.127603814622425]}, "properties": {"id": "BRW-1611", "county": "broward", "name": "Dr. Martin Luther King, Jr. Elementary", "school_num": "1611", "school_type": "Elementary School", "role": "district", "enrollment_2526": 516}}, {"type": "Feature", "geometry": {"type": "Point", "coordinates": [-80.2238632030782, 26.017553764414174]}, "properties": {"id": "BRW-1761", "county": "broward", "name": "Hollywood Park Elementary", "school_num": "1761", "school_type": "Elementary School", "role": "district", "enrollment_2526": 381}}, {"type": "Feature", "geometry": {"type": "Point", "coordinates": [-80.21459056178125, 26.015462448456667]}, "properties": {"id": "BRW-0161", "county": "broward", "name": "West Hollywood Elementary", "school_num": "0161", "school_type": "Elementary School", "role": "district", "enrollment_2526": 482}}, {"type": "Feature", "geometry": {"type": "Point", "coordinates": [-80.3703215938135, 26.009600798390846]}, "properties": {"id": "BRW-3571", "county": "broward", "name": "Panther Run Elementary", "school_num": "3571", "school_type": "Elementary School", "role": "district", "enrollment_2526": 286}}, {"type": "Feature", "geometry": {"type": "Point", "coordinates": [-80.4132927550744, 26.02105709620593]}, "properties": {"id": "BRW-2961", "county": "broward", "name": "Chapel Trail Elementary", "school_num": "2961", "school_type": "Elementary School", "role": "district", "enrollment_2526": 538}}, {"type": "Feature", "geometry": {"type": "Point", "coordinates": [-80.29766071773273, 26.015461678315113]}, "properties": {"id": "BRW-2661", "county": "broward", "name": "Pembroke Lakes Elementary", "school_num": "2661", "school_type": "Elementary School", "role": "district", "enrollment_2526": 603}}, {"type": "Feature", "geometry": {"type": "Point", "coordinates": [-80.25272255803691, 26.035001214531725]}, "properties": {"id": "BRW-2071", "county": "broward", "name": "Pasadena Lakes Elementary", "school_num": "2071", "school_type": "Elementary School", "role": "district", "enrollment_2526": 449}}, {"type": "Feature", "geometry": {"type": "Point", "coordinates": [-80.20317002407882, 26.026562725900448]}, "properties": {"id": "BRW-1811", "county": "broward", "name": "Sheridan Hills Elementary", "school_num": "1811", "school_type": "Elementary School", "role": "district", "enrollment_2526": 372}}, {"type": "Feature", "geometry": {"type": "Point", "coordinates": [-80.15881579177308, 26.025745542488725]}, "properties": {"id": "BRW-0461", "county": "broward", "name": "Oakridge Elementary", "school_num": "0461", "school_type": "Elementary School", "role": "district", "enrollment_2526": 417}}, {"type": "Feature", "geometry": {"type": "Point", "coordinates": [-80.17946303410277, 26.025010693591234]}, "properties": {"id": "BRW-0111", "county": "broward", "name": "Hollywood Hills Elementary", "school_num": "0111", "school_type": "Elementary School", "role": "district", "enrollment_2526": 664}}, {"type": "Feature", "geometry": {"type": "Point", "coordinates": [-80.17737755386203, 26.24713250808892]}, "properties": {"id": "BRW-1421", "county": "broward", "name": "Coconut Creek K-8 Academy Of Excellence", "school_num": "1421", "school_type": "Elementary School", "role": "district", "enrollment_2526": 497}}, {"type": "Feature", "geometry": {"type": "Point", "coordinates": [-80.33542583652809, 25.9754924304668]}, "properties": {"id": "BRW-2011", "county": "broward", "name": "Coral Cove Academy Of The Arts", "school_num": "2011", "school_type": "Elementary School", "role": "district", "enrollment_2526": 518}}, {"type": "Feature", "geometry": {"type": "Point", "coordinates": [-80.33576154043382, 26.020411244859265]}, "properties": {"id": "BRW-3591", "county": "broward", "name": "Lakeside Elementary", "school_num": "3591", "school_type": "Elementary School", "role": "district", "enrollment_2526": 479}}, {"type": "Feature", "geometry": {"type": "Point", "coordinates": [-80.22897086402574, 26.031823392441925]}, "properties": {"id": "BRW-1321", "county": "broward", "name": "Sheridan Park Elementary", "school_num": "1321", "school_type": "Elementary School", "role": "district", "enrollment_2526": 429}}, {"type": "Feature", "geometry": {"type": "Point", "coordinates": [-80.17570935135396, 26.05323417842431]}, "properties": {"id": "BRW-0341", "county": "broward", "name": "Mary M. Bethune Elementary", "school_num": "0341", "school_type": "Elementary School", "role": "district", "enrollment_2526": 387}}, {"type": "Feature", "geometry": {"type": "Point", "coordinates": [-80.1979597516323, 26.052587541568244]}, "properties": {"id": "BRW-0691", "county": "broward", "name": "Stirling Elementary", "school_num": "0691", "school_type": "Elementary School", "role": "district", "enrollment_2526": 509}}, {"type": "Feature", "geometry": {"type": "Point", "coordinates": [-80.33723615426, 26.035357947775147]}, "properties": {"id": "BRW-3131", "county": "broward", "name": "Hawkes Bluff Elementary", "school_num": "3131", "school_type": "Elementary School", "role": "district", "enrollment_2526": 613}}, {"type": "Feature", "geometry": {"type": "Point", "coordinates": [-80.2979396081958, 26.053983330984025]}, "properties": {"id": "BRW-2851", "county": "broward", "name": "Griffin Elementary", "school_num": "2851", "school_type": "Elementary School", "role": "district", "enrollment_2526": 540}}, {"type": "Feature", "geometry": {"type": "Point", "coordinates": [-80.2170197284794, 26.04441680959829]}, "properties": {"id": "BRW-0721", "county": "broward", "name": "Driftwood Elementary", "school_num": "0721", "school_type": "Elementary School", "role": "district", "enrollment_2526": 413}}, {"type": "Feature", "geometry": {"type": "Point", "coordinates": [-80.38642429421826, 26.120156613865046]}, "properties": {"id": "BRW-3461", "county": "broward", "name": "Eagle Point Elementary", "school_num": "3461", "school_type": "Elementary School", "role": "district", "enrollment_2526": 1157}}, {"type": "Feature", "geometry": {"type": "Point", "coordinates": [-80.19821562638843, 26.148219197012455]}, "properties": {"id": "BRW-0621", "county": "broward", "name": "Larkdale Elementary", "school_num": "0621", "school_type": "Elementary School", "role": "district", "enrollment_2526": 431}}, {"type": "Feature", "geometry": {"type": "Point", "coordinates": [-80.23144016236013, 26.1278920968806]}, "properties": {"id": "BRW-0931", "county": "broward", "name": "Peters Elementary", "school_num": "0931", "school_type": "Elementary School", "role": "district", "enrollment_2526": 534}}, {"type": "Feature", "geometry": {"type": "Point", "coordinates": [-80.21480974198876, 26.13148867808354]}, "properties": {"id": "BRW-0941", "county": "broward", "name": "Plantation Elementary", "school_num": "0941", "school_type": "Elementary School", "role": "district", "enrollment_2526": 648}}, {"type": "Feature", "geometry": {"type": "Point", "coordinates": [-80.12851046773055, 26.13121704372521]}, "properties": {"id": "BRW-0491", "county": "broward", "name": "Harbordale Elementary", "school_num": "0491", "school_type": "Elementary School", "role": "district", "enrollment_2526": 475}}, {"type": "Feature", "geometry": {"type": "Point", "coordinates": [-80.40890067323504, 26.115180886475198]}, "properties": {"id": "BRW-3642", "county": "broward", "name": "Gator Run Elementary", "school_num": "3642", "school_type": "Elementary School", "role": "district", "enrollment_2526": 1100}}, {"type": "Feature", "geometry": {"type": "Point", "coordinates": [-80.13737190283894, 26.137593752256972]}, "properties": {"id": "BRW-0041", "county": "broward", "name": "North Side Elementary", "school_num": "0041", "school_type": "Elementary School", "role": "district", "enrollment_2526": 303}}, {"type": "Feature", "geometry": {"type": "Point", "coordinates": [-80.16682591035514, 26.05919962287982]}, "properties": {"id": "BRW-0331", "county": "broward", "name": "Collins Elementary", "school_num": "0331", "school_type": "Elementary School", "role": "district", "enrollment_2526": 268}}, {"type": "Feature", "geometry": {"type": "Point", "coordinates": [-80.27742836879919, 26.073073504351193]}, "properties": {"id": "BRW-3081", "county": "broward", "name": "Silver Ridge Elementary", "school_num": "3081", "school_type": "Elementary School", "role": "district", "enrollment_2526": 760}}, {"type": "Feature", "geometry": {"type": "Point", "coordinates": [-80.37133693604123, 26.078285461142695]}, "properties": {"id": "BRW-2942", "county": "broward", "name": "Everglades Elementary", "school_num": "2942", "school_type": "Elementary School", "role": "district", "enrollment_2526": 770}}, {"type": "Feature", "geometry": {"type": "Point", "coordinates": [-80.13523668327926, 26.04243640610111]}, "properties": {"id": "BRW-0101", "county": "broward", "name": "Dania Elementary", "school_num": "0101", "school_type": "Elementary School", "role": "district", "enrollment_2526": 423}}, {"type": "Feature", "geometry": {"type": "Point", "coordinates": [-80.23928592199725, 26.07961716104547]}, "properties": {"id": "BRW-2801", "county": "broward", "name": "Davie Elementary", "school_num": "2801", "school_type": "Elementary School", "role": "district", "enrollment_2526": 543}}, {"type": "Feature", "geometry": {"type": "Point", "coordinates": [-80.20082664443407, 26.082143088560446]}, "properties": {"id": "BRW-0921", "county": "broward", "name": "Stephen Foster Elementary", "school_num": "0921", "school_type": "Elementary School", "role": "district", "enrollment_2526": 615}}, {"type": "Feature", "geometry": {"type": "Point", "coordinates": [-80.21118570463054, 26.100556463860933]}, "properties": {"id": "BRW-0761", "county": "broward", "name": "Meadowbrook Elementary", "school_num": "0761", "school_type": "Elementary School", "role": "district", "enrollment_2526": 646}}, {"type": "Feature", "geometry": {"type": "Point", "coordinates": [-80.28560285767674, 26.09397371978241]}, "properties": {"id": "BRW-3531", "county": "broward", "name": "Fox Trail Elementary", "school_num": "3531", "school_type": "Elementary School", "role": "district", "enrollment_2526": 1044}}, {"type": "Feature", "geometry": {"type": "Point", "coordinates": [-80.26318482805722, 26.141029479087315]}, "properties": {"id": "BRW-1841", "county": "broward", "name": "Mirror Lake Elementary", "school_num": "1841", "school_type": "Elementary School", "role": "district", "enrollment_2526": 574}}, {"type": "Feature", "geometry": {"type": "Point", "coordinates": [-80.20767906697174, 26.140502777434683]}, "properties": {"id": "BRW-1381", "county": "broward", "name": "Lauderhill Paul Turner Elementary", "school_num": "1381", "school_type": "Elementary School", "role": "district", "enrollment_2526": 591}}, {"type": "Feature", "geometry": {"type": "Point", "coordinates": [-80.1734780428881, 26.142031638491375]}, "properties": {"id": "BRW-0271", "county": "broward", "name": "Dillard Elementary", "school_num": "0271", "school_type": "Elementary School", "role": "district", "enrollment_2526": 592}}, {"type": "Feature", "geometry": {"type": "Point", "coordinates": [-80.28855792066942, 26.137016449258024]}, "properties": {"id": "BRW-2641", "county": "broward", "name": "Central Park Elementary", "school_num": "2641", "school_type": "Elementary School", "role": "district", "enrollment_2526": 823}}, {"type": "Feature", "geometry": {"type": "Point", "coordinates": [-80.32100882956576, 26.132883021950803]}, "properties": {"id": "BRW-3401", "county": "broward", "name": "Sawgrass Elementary", "school_num": "3401", "school_type": "Elementary School", "role": "district", "enrollment_2526": 798}}, {"type": "Feature", "geometry": {"type": "Point", "coordinates": [-80.2081605083592, 26.153726043419127]}, "properties": {"id": "BRW-1461", "county": "broward", "name": "Castle Hill Elementary", "school_num": "1461", "school_type": "Elementary School", "role": "district", "enrollment_2526": 555}}, {"type": "Feature", "geometry": {"type": "Point", "coordinates": [-80.14094796614417, 26.160187238942303]}, "properties": {"id": "BRW-0191", "county": "broward", "name": "Wilton Manors Elementary", "school_num": "0191", "school_type": "Elementary School", "role": "district", "enrollment_2526": 527}}, {"type": "Feature", "geometry": {"type": "Point", "coordinates": [-80.30025696265977, 26.159223319066562]}, "properties": {"id": "BRW-2671", "county": "broward", "name": "Nob Hill Elementary", "school_num": "2671", "school_type": "Elementary School", "role": "district", "enrollment_2526": 492}}, {"type": "Feature", "geometry": {"type": "Point", "coordinates": [-80.16101062176723, 26.092606789425954]}, "properties": {"id": "BRW-0221", "county": "broward", "name": "Croissant Park Elementary", "school_num": "0221", "school_type": "Elementary School", "role": "district", "enrollment_2526": 665}}, {"type": "Feature", "geometry": {"type": "Point", "coordinates": [-80.35662244259906, 26.091587036013664]}, "properties": {"id": "BRW-2981", "county": "broward", "name": "Country Isles Elementary", "school_num": "2981", "school_type": "Elementary School", "role": "district", "enrollment_2526": 681}}, {"type": "Feature", "geometry": {"type": "Point", "coordinates": [-80.25537060127262, 26.10011425978472]}, "properties": {"id": "BRW-0731", "county": "broward", "name": "Tropical Elementary", "school_num": "0731", "school_type": "Elementary School", "role": "district", "enrollment_2526": 727}}, {"type": "Feature", "geometry": {"type": "Point", "coordinates": [-80.21364318456452, 26.10488135945669]}, "properties": {"id": "BRW-1251", "county": "broward", "name": "Plantation Park Elementary", "school_num": "1251", "school_type": "Elementary School", "role": "district", "enrollment_2526": 452}}, {"type": "Feature", "geometry": {"type": "Point", "coordinates": [-80.40493733016534, 26.096194289559023]}, "properties": {"id": "BRW-3841", "county": "broward", "name": "Manatee Bay Elementary", "school_num": "3841", "school_type": "Elementary School", "role": "district", "enrollment_2526": 918}}, {"type": "Feature", "geometry": {"type": "Point", "coordinates": [-80.18982012779128, 26.11417892704998]}, "properties": {"id": "BRW-0631", "county": "broward", "name": "Westwood Heights Elementary", "school_num": "0631", "school_type": "Elementary School", "role": "district", "enrollment_2526": 511}}, {"type": "Feature", "geometry": {"type": "Point", "coordinates": [-80.17199523646744, 26.107009488782353]}, "properties": {"id": "BRW-0151", "county": "broward", "name": "Riverland Elementary", "school_num": "0151", "school_type": "Elementary School", "role": "district", "enrollment_2526": 451}}, {"type": "Feature", "geometry": {"type": "Point", "coordinates": [-80.33670161669018, 26.111588581138744]}, "properties": {"id": "BRW-2541", "county": "broward", "name": "Flamingo Elementary", "school_num": "2541", "school_type": "Elementary School", "role": "district", "enrollment_2526": 611}}, {"type": "Feature", "geometry": {"type": "Point", "coordinates": [-80.37287210565623, 26.108996130431667]}, "properties": {"id": "BRW-3181", "county": "broward", "name": "Indian Trace Elementary", "school_num": "3181", "school_type": "Elementary School", "role": "district", "enrollment_2526": 612}}, {"type": "Feature", "geometry": {"type": "Point", "coordinates": [-80.16958230004353, 25.990719156421388]}, "properties": {"id": "BRW-0403", "county": "broward", "name": "Hallandale High", "school_num": "0403", "school_type": "High School", "role": "district", "enrollment_2526": 969}}, {"type": "Feature", "geometry": {"type": "Point", "coordinates": [-80.16930550609686, 26.157627791963932]}, "properties": {"id": "BRW-3701", "county": "broward", "name": "Rock Island Elementary", "school_num": "3701", "school_type": "Elementary School", "role": "district", "enrollment_2526": 512}}, {"type": "Feature", "geometry": {"type": "Point", "coordinates": [-80.26682635728424, 26.15590273610384]}, "properties": {"id": "BRW-2531", "county": "broward", "name": "Horizon Elementary", "school_num": "2531", "school_type": "Elementary School", "role": "district", "enrollment_2526": 481}}, {"type": "Feature", "geometry": {"type": "Point", "coordinates": [-80.28349370249377, 26.174797722189457]}, "properties": {"id": "BRW-2881", "county": "broward", "name": "Welleby Elementary", "school_num": "2881", "school_type": "Elementary School", "role": "district", "enrollment_2526": 615}}, {"type": "Feature", "geometry": {"type": "Point", "coordinates": [-80.12840899267411, 26.176572458245964]}, "properties": {"id": "BRW-0031", "county": "broward", "name": "Oakland Park Elementary", "school_num": "0031", "school_type": "Elementary School", "role": "district", "enrollment_2526": 518}}, {"type": "Feature", "geometry": {"type": "Point", "coordinates": [-80.11212210421553, 26.154659489957602]}, "properties": {"id": "BRW-0641", "county": "broward", "name": "Bayview Elementary", "school_num": "0641", "school_type": "Elementary School", "role": "district", "enrollment_2526": 557}}, {"type": "Feature", "geometry": {"type": "Point", "coordinates": [-80.29588824186325, 26.17289224043438]}, "properties": {"id": "BRW-3061", "county": "broward", "name": "Sandpiper Elementary", "school_num": "3061", "school_type": "Elementary School", "role": "district", "enrollment_2526": 617}}, {"type": "Feature", "geometry": {"type": "Point", "coordinates": [-80.22752314749376, 26.022545655546782]}, "properties": {"id": "BRW-0241", "county": "broward", "name": "Mcarthur High", "school_num": "0241", "school_type": "High School", "role": "district", "enrollment_2526": 1863}}, {"type": "Feature", "geometry": {"type": "Point", "coordinates": [-80.26379797028441, 26.040495205101216]}, "properties": {"id": "BRW-1931", "county": "broward", "name": "Cooper City High", "school_num": "1931", "school_type": "High School", "role": "district", "enrollment_2526": 2377}}, {"type": "Feature", "geometry": {"type": "Point", "coordinates": [-80.21250336396972, 26.051944692118013]}, "properties": {"id": "BRW-1661", "county": "broward", "name": "Hollywood Hills High", "school_num": "1661", "school_type": "High School", "role": "district", "enrollment_2526": 1565}}, {"type": "Feature", "geometry": {"type": "Point", "coordinates": [-80.1576871006528, 26.037276828873736]}, "properties": {"id": "BRW-0171", "county": "broward", "name": "South Broward High", "school_num": "0171", "school_type": "High School", "role": "district", "enrollment_2526": 2251}}, {"type": "Feature", "geometry": {"type": "Point", "coordinates": [-80.18247888439073, 26.09492326906232]}, "properties": {"id": "BRW-0211", "county": "broward", "name": "Stranahan High", "school_num": "0211", "school_type": "High School", "role": "district", "enrollment_2526": 1207}}, {"type": "Feature", "geometry": {"type": "Point", "coordinates": [-80.23721311190508, 26.114932826063757]}, "properties": {"id": "BRW-2351", "county": "broward", "name": "South Plantation High", "school_num": "2351", "school_type": "High School", "role": "district", "enrollment_2526": 2288}}, {"type": "Feature", "geometry": {"type": "Point", "coordinates": [-80.33522677338489, 26.08666995323886]}, "properties": {"id": "BRW-2831", "county": "broward", "name": "Western High", "school_num": "2831", "school_type": "High School", "role": "district", "enrollment_2526": 3273}}, {"type": "Feature", "geometry": {"type": "Point", "coordinates": [-80.26197219513332, 26.17625842037543]}, "properties": {"id": "BRW-2001", "county": "broward", "name": "Banyan Elementary", "school_num": "2001", "school_type": "Elementary School", "role": "district", "enrollment_2526": 385}}, {"type": "Feature", "geometry": {"type": "Point", "coordinates": [-80.18878644302907, 26.176906547932397]}, "properties": {"id": "BRW-1831", "county": "broward", "name": "Oriole Elementary", "school_num": "1831", "school_type": "Elementary School", "role": "district", "enrollment_2526": 754}}, {"type": "Feature", "geometry": {"type": "Point", "coordinates": [-80.1526376, 26.1765089]}, "properties": {"id": "BRW-1091", "county": "broward", "name": "Lloyd Estates Elementary", "school_num": "1091", "school_type": "Elementary School", "role": "district", "enrollment_2526": 385}}, {"type": "Feature", "geometry": {"type": "Point", "coordinates": [-80.2179296399646, 26.171740931726674]}, "properties": {"id": "BRW-3761", "county": "broward", "name": "Park Lakes Elementary", "school_num": "3761", "school_type": "Elementary School", "role": "district", "enrollment_2526": 887}}, {"type": "Feature", "geometry": {"type": "Point", "coordinates": [-80.21207571207906, 26.200615421905855]}, "properties": {"id": "BRW-0811", "county": "broward", "name": "Broadview Elementary", "school_num": "0811", "school_type": "Elementary School", "role": "district", "enrollment_2526": 615}}, {"type": "Feature", "geometry": {"type": "Point", "coordinates": [-80.1226663880627, 26.189116492775728]}, "properties": {"id": "BRW-0851", "county": "broward", "name": "Floranada Elementary", "school_num": "0851", "school_type": "Elementary School", "role": "district", "enrollment_2526": 726}}, {"type": "Feature", "geometry": {"type": "Point", "coordinates": [-80.14639365038244, 26.195671193823635]}, "properties": {"id": "BRW-0521", "county": "broward", "name": "North Andrews Gardens Elementary", "school_num": "0521", "school_type": "Elementary School", "role": "district", "enrollment_2526": 685}}, {"type": "Feature", "geometry": {"type": "Point", "coordinates": [-80.38120766275509, 26.09413575238864]}, "properties": {"id": "BRW-3623", "county": "broward", "name": "Cypress Bay High", "school_num": "3623", "school_type": "High School", "role": "district", "enrollment_2526": 4380}}, {"type": "Feature", "geometry": {"type": "Point", "coordinates": [-80.26122926016927, 26.14019342275418]}, "properties": {"id": "BRW-1451", "county": "broward", "name": "Plantation High", "school_num": "1451", "school_type": "High School", "role": "district", "enrollment_2526": 1533}}, {"type": "Feature", "geometry": {"type": "Point", "coordinates": [-80.13520991554242, 26.150914036488704]}, "properties": {"id": "BRW-0951", "county": "broward", "name": "Fort Lauderdale High", "school_num": "0951", "school_type": "High School", "role": "district", "enrollment_2526": 2303}}, {"type": "Feature", "geometry": {"type": "Point", "coordinates": [-80.24597290532571, 26.166956949993416]}, "properties": {"id": "BRW-1901", "county": "broward", "name": "Piper High", "school_num": "1901", "school_type": "High School", "role": "district", "enrollment_2526": 2193}}, {"type": "Feature", "geometry": {"type": "Point", "coordinates": [-80.20504882290514, 26.166709032243425]}, "properties": {"id": "BRW-1741", "county": "broward", "name": "Boyd H. Anderson High", "school_num": "1741", "school_type": "High School", "role": "district", "enrollment_2526": 2090}}, {"type": "Feature", "geometry": {"type": "Point", "coordinates": [-80.14529153537141, 26.1926175018887]}, "properties": {"id": "BRW-1241", "county": "broward", "name": "Northeast High", "school_num": "1241", "school_type": "High School", "role": "district", "enrollment_2526": 1790}}, {"type": "Feature", "geometry": {"type": "Point", "coordinates": [-80.27073553170409, 26.238561516242566]}, "properties": {"id": "BRW-2751", "county": "broward", "name": "J. P. Taravella High", "school_num": "2751", "school_type": "High School", "role": "district", "enrollment_2526": 2280}}, {"type": "Feature", "geometry": {"type": "Point", "coordinates": [-80.18155409812255, 26.239138524853715]}, "properties": {"id": "BRW-1681", "county": "broward", "name": "Coconut Creek High", "school_num": "1681", "school_type": "High School", "role": "district", "enrollment_2526": 1872}}, {"type": "Feature", "geometry": {"type": "Point", "coordinates": [-80.28010736870604, 26.24972668141839]}, "properties": {"id": "BRW-3861", "county": "broward", "name": "Coral Glades High", "school_num": "3861", "school_type": "High School", "role": "district", "enrollment_2526": 2880}}, {"type": "Feature", "geometry": {"type": "Point", "coordinates": [-80.15607983704086, 26.240623893693666]}, "properties": {"id": "BRW-0361", "county": "broward", "name": "Blanche Ely High", "school_num": "0361", "school_type": "High School", "role": "district", "enrollment_2526": 1745}}, {"type": "Feature", "geometry": {"type": "Point", "coordinates": [-80.22714755452486, 26.285169155652216]}, "properties": {"id": "BRW-1151", "county": "broward", "name": "Coral Springs High", "school_num": "1151", "school_type": "High School", "role": "district", "enrollment_2526": 2040}}, {"type": "Feature", "geometry": {"type": "Point", "coordinates": [-80.2253121606269, 26.19662982494921]}, "properties": {"id": "BRW-2811", "county": "broward", "name": "Pinewood Elementary", "school_num": "2811", "school_type": "Elementary School", "role": "district", "enrollment_2526": 513}}, {"type": "Feature", "geometry": {"type": "Point", "coordinates": [-80.21992802843545, 26.213038941627886]}, "properties": {"id": "BRW-2231", "county": "broward", "name": "North Lauderdale Elementary", "school_num": "2231", "school_type": "Elementary School", "role": "district", "enrollment_2526": 649}}, {"type": "Feature", "geometry": {"type": "Point", "coordinates": [-80.28283094864022, 26.213887330909234]}, "properties": {"id": "BRW-3771", "county": "broward", "name": "Challenger Elementary", "school_num": "3771", "school_type": "Elementary School", "role": "district", "enrollment_2526": 784}}, {"type": "Feature", "geometry": {"type": "Point", "coordinates": [-80.27937368124425, 26.21781928267011]}, "properties": {"id": "BRW-2621", "county": "broward", "name": "Tamarac Elementary", "school_num": "2621", "school_type": "Elementary School", "role": "district", "enrollment_2526": 512}}, {"type": "Feature", "geometry": {"type": "Point", "coordinates": [-80.1587087545587, 26.22186508806185]}, "properties": {"id": "BRW-1781", "county": "broward", "name": "Cypress Elementary", "school_num": "1781", "school_type": "Elementary School", "role": "district", "enrollment_2526": 706}}, {"type": "Feature", "geometry": {"type": "Point", "coordinates": [-80.11084109817556, 26.21351454685283]}, "properties": {"id": "BRW-0841", "county": "broward", "name": "Mcnab Elementary", "school_num": "0841", "school_type": "Elementary School", "role": "district", "enrollment_2526": 512}}, {"type": "Feature", "geometry": {"type": "Point", "coordinates": [-80.18603145173343, 26.28789132100219]}, "properties": {"id": "BRW-3541", "county": "broward", "name": "Monarch High", "school_num": "3541", "school_type": "High School", "role": "district", "enrollment_2526": 2188}}, {"type": "Feature", "geometry": {"type": "Point", "coordinates": [-80.1195132391521, 26.296748189837942]}, "properties": {"id": "BRW-1711", "county": "broward", "name": "Deerfield Beach High", "school_num": "1711", "school_type": "High School", "role": "district", "enrollment_2526": 2020}}, {"type": "Feature", "geometry": {"type": "Point", "coordinates": [-80.26310601243922, 25.982785581625475]}, "properties": {"id": "BRW-1751", "county": "broward", "name": "Miramar High", "school_num": "1751", "school_type": "High School", "role": "district", "enrollment_2526": 1777}}, {"type": "Feature", "geometry": {"type": "Point", "coordinates": [-80.34430097334754, 26.031040350663798]}, "properties": {"id": "BRW-3971", "county": "broward", "name": "West Broward High", "school_num": "3971", "school_type": "High School", "role": "district", "enrollment_2526": 2427}}, {"type": "Feature", "geometry": {"type": "Point", "coordinates": [-80.32219732257705, 26.024998601356163]}, "properties": {"id": "BRW-3391", "county": "broward", "name": "Charles W. Flanagan High", "school_num": "3391", "school_type": "High School", "role": "district", "enrollment_2526": 2112}}, {"type": "Feature", "geometry": {"type": "Point", "coordinates": [-80.33055516353659, 25.98777372406936]}, "properties": {"id": "BRW-3731", "county": "broward", "name": "Everglades High", "school_num": "3731", "school_type": "High School", "role": "district", "enrollment_2526": 1863}}, {"type": "Feature", "geometry": {"type": "Point", "coordinates": [-80.27147216824416, 26.23712076545198]}, "properties": {"id": "BRW-3031", "county": "broward", "name": "Riverside Elementary", "school_num": "3031", "school_type": "Elementary School", "role": "district", "enrollment_2526": 704}}, {"type": "Feature", "geometry": {"type": "Point", "coordinates": [-80.13329463981889, 26.247943948883453]}, "properties": {"id": "BRW-0891", "county": "broward", "name": "Sanders Park Elementary", "school_num": "0891", "school_type": "Elementary School", "role": "district", "enrollment_2526": 425}}, {"type": "Feature", "geometry": {"type": "Point", "coordinates": [-80.24853921353426, 26.24646054616722]}, "properties": {"id": "BRW-2721", "county": "broward", "name": "Ramblewood Elementary", "school_num": "2721", "school_type": "Elementary School", "role": "district", "enrollment_2526": 608}}, {"type": "Feature", "geometry": {"type": "Point", "coordinates": [-80.26311768980553, 26.250808332157217]}, "properties": {"id": "BRW-2741", "county": "broward", "name": "Maplewood Elementary", "school_num": "2741", "school_type": "Elementary School", "role": "district", "enrollment_2526": 484}}, {"type": "Feature", "geometry": {"type": "Point", "coordinates": [-80.24105039468908, 26.261981802875766]}, "properties": {"id": "BRW-2631", "county": "broward", "name": "Forest Hills Elementary", "school_num": "2631", "school_type": "Elementary School", "role": "district", "enrollment_2526": 625}}, {"type": "Feature", "geometry": {"type": "Point", "coordinates": [-80.26118882453942, 26.263020210927444]}, "properties": {"id": "BRW-3631", "county": "broward", "name": "Parkside Elementary", "school_num": "3631", "school_type": "Elementary School", "role": "district", "enrollment_2526": 649}}, {"type": "Feature", "geometry": {"type": "Point", "coordinates": [-80.2048880225339, 25.8318125376651]}, "properties": {"id": "MDC-7301", "county": "miamidade", "name": "Miami Edison Senior High", "school_num": "7301", "school_type": "S", "grades": "9-12", "role": "district", "address": "6161 NW 5th Ct", "city": "Miami", "enrollment_2526": 508}}, {"type": "Feature", "geometry": {"type": "Point", "coordinates": [-80.3442203810407, 25.7181784998789]}, "properties": {"id": "MDC-0441", "county": "miamidade", "name": "Blue Lakes K-8 Center", "school_num": "0441", "school_type": "E", "grades": "PK-8", "role": "district", "address": "9250 SW 52nd Ter", "city": "Miami-Dade", "enrollment_2526": 329}}, {"type": "Feature", "geometry": {"type": "Point", "coordinates": [-80.1843648348718, 25.9009727937534]}, "properties": {"id": "MDC-0341", "county": "miamidade", "name": "Arch Creek Elementary", "school_num": "0341", "school_type": "E", "grades": "PK-5", "role": "district", "address": "702 NE 137th St", "city": "North Miami", "enrollment_2526": 405}}, {"type": "Feature", "geometry": {"type": "Point", "coordinates": [-80.4055108895705, 25.7223032208094]}, "properties": {"id": "MDC-4741", "county": "miamidade", "name": "Royal Green Elementary", "school_num": "4741", "school_type": "E", "grades": "PK-5", "role": "district", "address": "13047 SW 47th St", "city": "Miami-Dade", "enrollment_2526": 345}}, {"type": "Feature", "geometry": {"type": "Point", "coordinates": [-80.4520858142585, 25.5367290614381]}, "properties": {"id": "MDC-6761", "county": "miamidade", "name": "Redland Middle", "school_num": "6761", "school_type": "M", "grades": "6-8", "role": "district", "address": "16001 SW 248th St", "city": "Miami-Dade", "enrollment_2526": 622}}, {"type": "Feature", "geometry": {"type": "Point", "coordinates": [-80.3162978215873, 25.8904351157121]}, "properties": {"id": "MDC-4241", "county": "miamidade", "name": "Palm Lakes Elementary", "school_num": "4241", "school_type": "E", "grades": "PK-5", "role": "district", "address": "7450 W 16th Ave", "city": "Hialeah", "enrollment_2526": 530}}, {"type": "Feature", "geometry": {"type": "Point", "coordinates": [-80.2719502741378, 25.7164392340127]}, "properties": {"id": "MDC-6741", "county": "miamidade", "name": "Ponce De Leon Middle", "school_num": "6741", "school_type": "M", "grades": "6-8", "role": "district", "address": "5801 Augusto St", "city": "Coral Gables", "enrollment_2526": 668}}, {"type": "Feature", "geometry": {"type": "Point", "coordinates": [-80.1872475636528, 25.8703788508397]}, "properties": {"id": "MDC-3341", "county": "miamidade", "name": "Miami Shores Elementary", "school_num": "3341", "school_type": "E", "grades": "PK-5", "role": "district", "address": "10351 NE 5th Ave", "city": "Miami Shores", "enrollment_2526": 604}}, {"type": "Feature", "geometry": {"type": "Point", "coordinates": [-80.2290709655281, 25.843406108191]}, "properties": {"id": "MDC-1681", "county": "miamidade", "name": "Lillie C. Evans K-8 Center", "school_num": "1681", "school_type": "E", "grades": "PK-8", "role": "district", "address": "1895 NW 75th St", "city": "Miami-Dade", "enrollment_2526": 307}}, {"type": "Feature", "geometry": {"type": "Point", "coordinates": [-80.1910256926849, 25.7890466141798]}, "properties": {"id": "MDC-9015", "county": "miamidade", "name": "School Board Adm - Main Building", "school_num": "9015", "school_type": "A", "grades": "0", "role": "district", "address": "1450 NE 2nd Ave", "city": "Miami", "enrollment_2526": 0}}, {"type": "Feature", "geometry": {"type": "Point", "coordinates": [-80.4042122472665, 25.7015666751285]}, "properties": {"id": "MDC-7532", "county": "miamidade", "name": "Miami Sunset Adult Education", "school_num": "7532", "school_type": "O", "grades": "0", "role": "district", "address": "13125 SW 72nd St", "city": "Miami-Dade", "enrollment_2526": 0}}, {"type": "Feature", "geometry": {"type": "Point", "coordinates": [-80.2516464317119, 25.7399139210347]}, "properties": {"id": "MDC-7841", "county": "miamidade", "name": "English Center", "school_num": "7841", "school_type": "O", "grades": "0", "role": "district", "address": "3501 SW 28th St", "city": "Miami", "enrollment_2526": 0}}, {"type": "Feature", "geometry": {"type": "Point", "coordinates": [-80.4299146716992, 25.6300423873951]}, "properties": {"id": "MDC-2151", "county": "miamidade", "name": "Jack D. Gordon  Elementary", "school_num": "2151", "school_type": "E", "grades": "PK-5", "role": "district", "address": "14600 Country Walk Dr", "city": "Miami-Dade", "enrollment_2526": 760}}, {"type": "Feature", "geometry": {"type": "Point", "coordinates": [-80.2312502550512, 25.7689609888997]}, "properties": {"id": "MDC-9001", "county": "miamidade", "name": "Former Region Office/Warehouse", "school_num": "9001", "school_type": "A", "grades": "0", "role": "district", "address": "2201 SW 4th St", "city": "Miami", "enrollment_2526": 0}}, {"type": "Feature", "geometry": {"type": "Point", "coordinates": [-80.1466819837367, 25.8466119911539]}, "properties": {"id": "MDC-5481", "county": "miamidade", "name": "Treasure Island Elementary", "school_num": "5481", "school_type": "E", "grades": "PK-5", "role": "district", "address": "7540 E Treasure Dr", "city": "North Bay Village", "enrollment_2526": 356}}, {"type": "Feature", "geometry": {"type": "Point", "coordinates": [-80.2456591962759, 25.8779395753037]}, "properties": {"id": "MDC-7061", "county": "miamidade", "name": "School For Advanced Studies North", "school_num": "7061", "school_type": "S", "grades": "11-12", "role": "district", "address": "11380 NW 27th Ave", "city": "Miami-Dade", "enrollment_2526": 121}}, {"type": "Feature", "geometry": {"type": "Point", "coordinates": [-80.1265249628591, 25.8617163019148]}, "properties": {"id": "MDC-0321", "county": "miamidade", "name": "Biscayne Beach Elementary", "school_num": "0321", "school_type": "E", "grades": "PK-5", "role": "district", "address": "800 77th St", "city": "Miami Beach", "enrollment_2526": 498}}, {"type": "Feature", "geometry": {"type": "Point", "coordinates": [-80.3900687159875, 25.5991523796578]}, "properties": {"id": "MDC-8911", "county": "miamidade", "name": "Robert Morgan Educational Center And Technical College", "school_num": "8911", "school_type": "O", "grades": "0", "role": "district", "address": "18180 SW 122nd Ave", "city": "Miami-Dade", "enrollment_2526": 0}}, {"type": "Feature", "geometry": {"type": "Point", "coordinates": [-80.1904438269259, 25.7897732037458]}, "properties": {"id": "MDC-7001", "county": "miamidade", "name": "Miami-Dade Online Academy", "school_num": "7001", "school_type": "S", "grades": "K-12", "role": "district", "address": "1501 NE 2nd Ave", "city": "Miami", "enrollment_2526": 312}}, {"type": "Feature", "geometry": {"type": "Point", "coordinates": [-80.1470426761879, 25.9164787927816]}, "properties": {"id": "MDC-7048", "county": "miamidade", "name": "Alonzo And Tracy Mourning Senior High", "school_num": "7048", "school_type": "S", "grades": "9-12", "role": "district", "address": "2601 NE 151st St", "city": "North Miami", "enrollment_2526": 1608}}, {"type": "Feature", "geometry": {"type": "Point", "coordinates": [-80.1981723800649, 25.7935380695923]}, "properties": {"id": "MDC-5931", "county": "miamidade", "name": "Phillis Wheatley Elementary", "school_num": "5931", "school_type": "E", "grades": "PK-5", "role": "district", "address": "1801 NW 1st Pl", "city": "Miami", "enrollment_2526": 137}}, {"type": "Feature", "geometry": {"type": "Point", "coordinates": [-80.191885352564, 25.7892909247037]}, "properties": {"id": "MDC-9606", "county": "miamidade", "name": "Anna Brenner Meyers Telecommunication Complex", "school_num": "9606", "school_type": "A", "grades": "0", "role": "district", "address": "172 NE 15th St", "city": "Miami", "enrollment_2526": 0}}, {"type": "Feature", "geometry": {"type": "Point", "coordinates": [-80.4207100526994, 25.7213360618238]}, "properties": {"id": "MDC-0271", "county": "miamidade", "name": "Bent Tree Elementary", "school_num": "0271", "school_type": "E", "grades": "PK-5", "role": "district", "address": "4861 SW 140th Ave", "city": "Miami-Dade", "enrollment_2526": 399}}, {"type": "Feature", "geometry": {"type": "Point", "coordinates": [-80.3073229871456, 25.8949647457844]}, "properties": {"id": "MDC-7132", "county": "miamidade", "name": "Hialeah-Miami Lakes Adult Education", "school_num": "7132", "school_type": "O", "grades": "0", "role": "district", "address": "7977 W 12th Ave", "city": "Hialeah", "enrollment_2526": 0}}, {"type": "Feature", "geometry": {"type": "Point", "coordinates": [-80.2536753603244, 25.8495958131948]}, "properties": {"id": "MDC-0521", "county": "miamidade", "name": "Broadmoor Elementary", "school_num": "0521", "school_type": "E", "grades": "PK-5", "role": "district", "address": "3401 NW 83rd St", "city": "Miami-Dade", "enrollment_2526": 433}}, {"type": "Feature", "geometry": {"type": "Point", "coordinates": [-80.4332072370657, 25.7165059818375]}, "properties": {"id": "MDC-4691", "county": "miamidade", "name": "Jane S. Roberts K-8 Center", "school_num": "4691", "school_type": "E", "grades": "PK-8", "role": "district", "address": "14850 Cottonwood Cir", "city": "Miami-Dade", "enrollment_2526": 599}}, {"type": "Feature", "geometry": {"type": "Point", "coordinates": [-80.3646959642809, 25.8205173806585]}, "properties": {"id": "MDC-5101", "county": "miamidade", "name": "John I. Smith K-8 Center", "school_num": "5101", "school_type": "E", "grades": "PK-8", "role": "district", "address": "10415 NW 52nd St", "city": "Doral", "enrollment_2526": 670}}, {"type": "Feature", "geometry": {"type": "Point", "coordinates": [-80.2727491252587, 25.9212168827004]}, "properties": {"id": "MDC-8101", "county": "miamidade", "name": "Jan Mann Opportunity School", "school_num": "8101", "school_type": "ALT", "grades": "6-12", "role": "district", "address": "16101 NW 44th Ct", "city": "Miami Gardens", "enrollment_2526": 44}}, {"type": "Feature", "geometry": {"type": "Point", "coordinates": [-80.2880741917664, 25.9499317033796]}, "properties": {"id": "MDC-5991", "county": "miamidade", "name": "Charles David Wyche Jr. Elementary", "school_num": "5991", "school_type": "E", "grades": "PK-5", "role": "district", "address": "5241 NW 195th Dr", "city": "Miami-Dade", "enrollment_2526": 581}}, {"type": "Feature", "geometry": {"type": "Point", "coordinates": [-80.4391322165576, 25.7441022883043]}, "properties": {"id": "MDC-6052", "county": "miamidade", "name": "Miami Arts Studio 6-12 At Zelda Glazer", "school_num": "6052", "school_type": "S", "grades": "PK6-12", "role": "district", "address": "15015 SW 24th St", "city": "Miami-Dade", "enrollment_2526": 1819}}, {"type": "Feature", "geometry": {"type": "Point", "coordinates": [-80.2318752767747, 25.9146439334485]}, "properties": {"id": "MDC-4541", "county": "miamidade", "name": "Rainbow Park Elementary", "school_num": "4541", "school_type": "E", "grades": "PK-5", "role": "district", "address": "15355 NW 19th Ave", "city": "Miami Gardens", "enrollment_2526": 147}}, {"type": "Feature", "geometry": {"type": "Point", "coordinates": [-80.3558220223238, 25.5878970004153]}, "properties": {"id": "MDC-0261", "county": "miamidade", "name": "Bel-Aire Elementary", "school_num": "0261", "school_type": "E", "grades": "PK-5", "role": "district", "address": "10205 SW 194th St", "city": "Cutler Bay", "enrollment_2526": 281}}, {"type": "Feature", "geometry": {"type": "Point", "coordinates": [-80.2267760107257, 25.8053128902053]}, "properties": {"id": "MDC-0111", "county": "miamidade", "name": "Maya Angelou Elementary", "school_num": "0111", "school_type": "E", "grades": "PK-5", "role": "district", "address": "1850 NW 32nd St", "city": "Miami", "enrollment_2526": 586}}, {"type": "Feature", "geometry": {"type": "Point", "coordinates": [-80.4604864590452, 25.5013726989477]}, "properties": {"id": "MDC-7701", "county": "miamidade", "name": "South Dade Senior High", "school_num": "7701", "school_type": "S", "grades": "9-12", "role": "district", "address": "28401 SW 167th Ave", "city": "Miami-Dade", "enrollment_2526": 3587}}, {"type": "Feature", "geometry": {"type": "Point", "coordinates": [-80.3381513405233, 25.7220485954733]}, "properties": {"id": "MDC-7741", "county": "miamidade", "name": "Southwest Miami Senior High", "school_num": "7741", "school_type": "S", "grades": "9-12", "role": "district", "address": "8855 SW 50th Ter", "city": "Miami-Dade", "enrollment_2526": 2568}}, {"type": "Feature", "geometry": {"type": "Point", "coordinates": [-80.2578216629774, 25.7541437041534]}, "properties": {"id": "MDC-0961", "county": "miamidade", "name": "Coral Gables Preparatory Academy", "school_num": "0961", "school_type": "E", "grades": "PK-8", "role": "district", "address": "105 Minorca Ave", "city": "Coral Gables", "enrollment_2526": 763}}, {"type": "Feature", "geometry": {"type": "Point", "coordinates": [-80.3809338017622, 25.5644214543037]}, "properties": {"id": "MDC-4461", "county": "miamidade", "name": "Pine Villa Elementary", "school_num": "4461", "school_type": "E", "grades": "PK-5", "role": "district", "address": "21799 SW 117th Ct", "city": "Miami-Dade", "enrollment_2526": 243}}, {"type": "Feature", "geometry": {"type": "Point", "coordinates": [-80.3538675415904, 25.8796846280436]}, "properties": {"id": "MDC-7191", "county": "miamidade", "name": "Hialeah Gardens Senior High", "school_num": "7191", "school_type": "S", "grades": "9-12", "role": "district", "address": "11700 Hialeah Gardens Blvd", "city": "Hialeah Gardens", "enrollment_2526": 2931}}, {"type": "Feature", "geometry": {"type": "Point", "coordinates": [-80.3803910441591, 25.8512785220332]}, "properties": {"id": "MDC-0122", "county": "miamidade", "name": "Dr. Rolando Espinosa K-8 Center", "school_num": "0122", "school_type": "E", "grades": "PK-8", "role": "district", "address": "11250 NW 86th St", "city": "Doral", "enrollment_2526": 499}}, {"type": "Feature", "geometry": {"type": "Point", "coordinates": [-80.2715627499074, 25.9333564724394]}, "properties": {"id": "MDC-0681", "county": "miamidade", "name": "Carol City Elementary", "school_num": "0681", "school_type": "E", "grades": "PK-5", "role": "district", "address": "4375 NW 173rd Dr", "city": "Miami Gardens", "enrollment_2526": 302}}, {"type": "Feature", "geometry": {"type": "Point", "coordinates": [-80.3481136390579, 25.8818455003889]}, "properties": {"id": "MDC-2371", "county": "miamidade", "name": "West Hialeah Gardens Elementary", "school_num": "2371", "school_type": "E", "grades": "PK-5", "role": "district", "address": "11990 NW 92nd Ave", "city": "Hialeah Gardens", "enrollment_2526": 982}}, {"type": "Feature", "geometry": {"type": "Point", "coordinates": [-80.1987720782806, 25.8209677026451]}, "properties": {"id": "MDC-4961", "county": "miamidade", "name": "Shadowlawn Elementary", "school_num": "4961", "school_type": "E", "grades": "PK-5", "role": "district", "address": "149 NW 49th St", "city": "Miami", "enrollment_2526": 0}}, {"type": "Feature", "geometry": {"type": "Point", "coordinates": [-80.2281789734853, 25.7627921183006]}, "properties": {"id": "MDC-5001", "county": "miamidade", "name": "Shenandoah Elementary", "school_num": "5001", "school_type": "E", "grades": "PK-5", "role": "district", "address": "1023 SW 21st Ave", "city": "Miami", "enrollment_2526": 736}}, {"type": "Feature", "geometry": {"type": "Point", "coordinates": [-80.3220741748154, 25.6195267346663]}, "properties": {"id": "MDC-6861", "county": "miamidade", "name": "Southwood Middle", "school_num": "6861", "school_type": "M", "grades": "6-8", "role": "district", "address": "16301 SW 80th Ave", "city": "Palmetto Bay", "enrollment_2526": 1062}}, {"type": "Feature", "geometry": {"type": "Point", "coordinates": [-80.2163586858553, 25.9518559589903]}, "properties": {"id": "MDC-3701", "county": "miamidade", "name": "Norland Elementary", "school_num": "3701", "school_type": "E", "grades": "PK-5", "role": "district", "address": "19340 NW 8th Ct", "city": "Miami Gardens", "enrollment_2526": 476}}, {"type": "Feature", "geometry": {"type": "Point", "coordinates": [-80.4526136786925, 25.6320096497994]}, "properties": {"id": "MDC-0125", "county": "miamidade", "name": "Norma Butler Bossard Elementary", "school_num": "0125", "school_type": "E", "grades": "PK-5", "role": "district", "address": "15950 SW 144th St", "city": "Miami-Dade", "enrollment_2526": 954}}, {"type": "Feature", "geometry": {"type": "Point", "coordinates": [-80.4914615522246, 25.4833516144617]}, "properties": {"id": "MDC-4611", "county": "miamidade", "name": "Redondo Elementary", "school_num": "4611", "school_type": "E", "grades": "PK-3", "role": "district", "address": "18480 SW 304th St", "city": "Homestead", "enrollment_2526": 636}}, {"type": "Feature", "geometry": {"type": "Point", "coordinates": [-80.4055916391314, 25.7447949334361]}, "properties": {"id": "MDC-6901", "county": "miamidade", "name": "W. R. Thomas Middle", "school_num": "6901", "school_type": "M", "grades": "6-8", "role": "district", "address": "13001 SW 26th St", "city": "Miami-Dade", "enrollment_2526": 436}}, {"type": "Feature", "geometry": {"type": "Point", "coordinates": [-80.2873952010572, 25.7296020994573]}, "properties": {"id": "MDC-1761", "county": "miamidade", "name": "David Fairchild Elementary", "school_num": "1761", "school_type": "E", "grades": "PK-5", "role": "district", "address": "5757 SW 45th St", "city": "Miami-Dade", "enrollment_2526": 455}}, {"type": "Feature", "geometry": {"type": "Point", "coordinates": [-80.3596019381049, 25.6296885673231]}, "properties": {"id": "MDC-6781", "county": "miamidade", "name": "Richmond Heights Middle", "school_num": "6781", "school_type": "M", "grades": "6-8", "role": "district", "address": "15015 SW 103rd Ave", "city": "Miami-Dade", "enrollment_2526": 281}}, {"type": "Feature", "geometry": {"type": "Point", "coordinates": [-80.2405303576877, 25.8063835802501]}, "properties": {"id": "MDC-8141", "county": "miamidade", "name": "Juvenile Justice Center", "school_num": "8141", "school_type": "ALT", "grades": "6-12", "role": "district", "address": "3300 NW 27th Ave", "city": "Miami-Dade", "enrollment_2526": 46}}, {"type": "Feature", "geometry": {"type": "Point", "coordinates": [-80.195204269111, 25.7899342290986]}, "properties": {"id": "MDC-0331", "county": "miamidade", "name": "Chapman Partnership Early Childhood Center North", "school_num": "0331", "school_type": "E", "grades": "PK", "role": "district", "address": "1550 North Miami Ave", "city": "Miami", "enrollment_2526": 43}}, {"type": "Feature", "geometry": {"type": "Point", "coordinates": [-80.1332744790009, 25.7864175861327]}, "properties": {"id": "MDC-7202", "county": "miamidade", "name": "Miami Beach Adult & Community Education Center", "school_num": "7202", "school_type": "O", "grades": "0", "role": "district", "address": "1424 Drexel Ave", "city": "Miami Beach", "enrollment_2526": 0}}, {"type": "Feature", "geometry": {"type": "Point", "coordinates": [-80.173463744763, 25.8912911249807]}, "properties": {"id": "MDC-0561", "county": "miamidade", "name": "W.J. Bryan Elementary", "school_num": "0561", "school_type": "E", "grades": "PK-5", "role": "district", "address": "1201 NE 125th St", "city": "North Miami", "enrollment_2526": 519}}, {"type": "Feature", "geometry": {"type": "Point", "coordinates": [-80.3463696057478, 25.7440449332286]}, "properties": {"id": "MDC-4721", "county": "miamidade", "name": "Rockway Elementary", "school_num": "4721", "school_type": "E", "grades": "PK-5", "role": "district", "address": "2790 SW 93rd Ct", "city": "Miami-Dade", "enrollment_2526": 332}}, {"type": "Feature", "geometry": {"type": "Point", "coordinates": [-80.4042122472665, 25.7015666751285]}, "properties": {"id": "MDC-7531", "county": "miamidade", "name": "Miami Sunset Senior High", "school_num": "7531", "school_type": "S", "grades": "9-12", "role": "district", "address": "13125 SW 72nd St", "city": "Miami-Dade", "enrollment_2526": 905}}, {"type": "Feature", "geometry": {"type": "Point", "coordinates": [-80.4457935405963, 25.604365182124]}, "properties": {"id": "MDC-6001", "county": "miamidade", "name": "Herbert A. Ammons Elementary", "school_num": "6001", "school_type": "M", "grades": "1-5", "role": "district", "address": "17475 SW 157th Ave", "city": "Miami-Dade", "enrollment_2526": 1018}}, {"type": "Feature", "geometry": {"type": "Point", "coordinates": [-80.1861951639413, 25.9088971750834]}, "properties": {"id": "MDC-3941", "county": "miamidade", "name": "North Miami Elementary", "school_num": "3941", "school_type": "E", "grades": "PK-5", "role": "district", "address": "655 NE 145th St", "city": "North Miami", "enrollment_2526": 444}}, {"type": "Feature", "geometry": {"type": "Point", "coordinates": [-80.2416895590017, 25.8324935919465]}, "properties": {"id": "MDC-8017", "county": "miamidade", "name": "Educational Alternative Outreach Program", "school_num": "8017", "school_type": "ALT", "grades": "0", "role": "district", "address": "6300 NW 27th Ave", "city": "Miami-Dade", "enrollment_2526": 0}}, {"type": "Feature", "geometry": {"type": "Point", "coordinates": [-80.4257182403585, 25.6923104801561]}, "properties": {"id": "MDC-2651", "county": "miamidade", "name": "Kendale Lakes Elementary", "school_num": "2651", "school_type": "E", "grades": "PK-5", "role": "district", "address": "8000 SW 142nd Ave", "city": "Miami-Dade", "enrollment_2526": 669}}, {"type": "Feature", "geometry": {"type": "Point", "coordinates": [-80.3317529803177, 25.8742280539253]}, "properties": {"id": "MDC-5021", "county": "miamidade", "name": "Ben Sheppard Elementary", "school_num": "5021", "school_type": "E", "grades": "PK-5", "role": "district", "address": "5700 W 24th Ave", "city": "Hialeah", "enrollment_2526": 828}}, {"type": "Feature", "geometry": {"type": "Point", "coordinates": [-80.3809575559133, 25.624364585589]}, "properties": {"id": "MDC-9230", "county": "miamidade", "name": "Transportation Center Administrative Offices", "school_num": "9230", "school_type": "A", "grades": "0", "role": "district", "address": "15401 SW 117th Ave", "city": "Miami-Dade", "enrollment_2526": 0}}, {"type": "Feature", "geometry": {"type": "Point", "coordinates": [-80.3934119247764, 25.5413196121942]}, "properties": {"id": "MDC-3621", "county": "miamidade", "name": "Coconut Palm K-8 Academy", "school_num": "3621", "school_type": "E", "grades": "PK-8", "role": "district", "address": "24400 SW 124th Ave", "city": "Miami-Dade", "enrollment_2526": 950}}, {"type": "Feature", "geometry": {"type": "Point", "coordinates": [-80.3717647829971, 25.6919761531077]}, "properties": {"id": "MDC-9221", "county": "miamidade", "name": "Maintenance Operations Plant Operations Center", "school_num": "9221", "school_type": "A", "grades": "0", "role": "district", "address": "11035 SW 84th St", "city": "Miami-Dade", "enrollment_2526": 0}}, {"type": "Feature", "geometry": {"type": "Point", "coordinates": [-80.3381513405233, 25.7220485954733]}, "properties": {"id": "MDC-7742", "county": "miamidade", "name": "Southwest Miami Adult Center", "school_num": "7742", "school_type": "O", "grades": "0", "role": "district", "address": "8855 SW 50th Ter", "city": "Miami-Dade", "enrollment_2526": 0}}, {"type": "Feature", "geometry": {"type": "Point", "coordinates": [-80.3476793503304, 25.7424774255997]}, "properties": {"id": "MDC-6821", "county": "miamidade", "name": "Rockway Middle", "school_num": "6821", "school_type": "M", "grades": "6-8", "role": "district", "address": "9393 SW 29th Ter", "city": "Miami-Dade", "enrollment_2526": 833}}, {"type": "Feature", "geometry": {"type": "Point", "coordinates": [-80.2589671021012, 25.7272280287374]}, "properties": {"id": "MDC-0721", "county": "miamidade", "name": "George Washington Carver Elementary", "school_num": "0721", "school_type": "E", "grades": "PK-5", "role": "district", "address": "238 Grand Ave", "city": "Coral Gables", "enrollment_2526": 562}}, {"type": "Feature", "geometry": {"type": "Point", "coordinates": [-80.2383748043493, 25.9204081122581]}, "properties": {"id": "MDC-0641", "county": "miamidade", "name": "Bunche Park Elementary", "school_num": "0641", "school_type": "E", "grades": "PK-5", "role": "district", "address": "16001 Bunche Park School Dr", "city": "Miami Gardens", "enrollment_2526": 245}}, {"type": "Feature", "geometry": {"type": "Point", "coordinates": [-80.1992042927981, 25.9662357656466]}, "properties": {"id": "MDC-6023", "county": "miamidade", "name": "Andover Middle", "school_num": "6023", "school_type": "M", "grades": "6-8", "role": "district", "address": "121 NE 207th St", "city": "Miami Gardens", "enrollment_2526": 345}}, {"type": "Feature", "geometry": {"type": "Point", "coordinates": [-80.2199992396982, 25.9342952715081]}, "properties": {"id": "MDC-4881", "county": "miamidade", "name": "Scott Lake Elementary", "school_num": "4881", "school_type": "E", "grades": "PK-5", "role": "district", "address": "1160 NW 175th St", "city": "Miami Gardens", "enrollment_2526": 430}}, {"type": "Feature", "geometry": {"type": "Point", "coordinates": [-80.3714516150177, 25.852591070108]}, "properties": {"id": "MDC-7241", "county": "miamidade", "name": "Ronald W. Reagan/Doral Senior High", "school_num": "7241", "school_type": "S", "grades": "9-12", "role": "district", "address": "8600 NW 107th Ave", "city": "Doral", "enrollment_2526": 1068}}, {"type": "Feature", "geometry": {"type": "Point", "coordinates": [-80.2481041553577, 25.7669384783412]}, "properties": {"id": "MDC-0121", "county": "miamidade", "name": "Auburndale Elementary", "school_num": "0121", "school_type": "E", "grades": "PK-5", "role": "district", "address": "3255 SW 6th St", "city": "Miami", "enrollment_2526": 675}}, {"type": "Feature", "geometry": {"type": "Point", "coordinates": [-80.2589658327817, 25.725904239354]}, "properties": {"id": "MDC-6071", "county": "miamidade", "name": "George Washington Carver Middle", "school_num": "6071", "school_type": "M", "grades": "6-8", "role": "district", "address": "4901 Lincoln Dr", "city": "Coral Gables", "enrollment_2526": 976}}, {"type": "Feature", "geometry": {"type": "Point", "coordinates": [-80.2020145230441, 25.8040712839452]}, "properties": {"id": "MDC-2351", "county": "miamidade", "name": "Eneida Massas Hartner Elementary", "school_num": "2351", "school_type": "E", "grades": "PK-5", "role": "district", "address": "401 NW 29th St", "city": "Miami", "enrollment_2526": 293}}, {"type": "Feature", "geometry": {"type": "Point", "coordinates": [-80.2300936390886, 25.7765704597187]}, "properties": {"id": "MDC-0801", "county": "miamidade", "name": "Citrus Grove K-8 Center", "school_num": "0801", "school_type": "E", "grades": "0", "role": "district", "address": "2153 NW 3rd St", "city": "Miami", "enrollment_2526": 1334}}, {"type": "Feature", "geometry": {"type": "Point", "coordinates": [-80.1493417695288, 25.9478541216265]}, "properties": {"id": "MDC-4061", "county": "miamidade", "name": "Ojus Elementary", "school_num": "4061", "school_type": "E", "grades": "PK-5", "role": "district", "address": "18600 W Dixie Hwy", "city": "Miami-Dade", "enrollment_2526": 703}}, {"type": "Feature", "geometry": {"type": "Point", "coordinates": [-80.2201893959759, 25.8093998225741]}, "properties": {"id": "MDC-8012", "county": "miamidade", "name": "Pace Center For Girls", "school_num": "8012", "school_type": "O", "grades": "6-12", "role": "district", "address": "1400 NW 36th St", "city": "Miami-Dade", "enrollment_2526": 36}}, {"type": "Feature", "geometry": {"type": "Point", "coordinates": [-80.2777602486121, 25.8654468708126]}, "properties": {"id": "MDC-7111", "county": "miamidade", "name": "Hialeah Senior High", "school_num": "7111", "school_type": "S", "grades": "9-12", "role": "district", "address": "251 E 47th St", "city": "Hialeah", "enrollment_2526": 1654}}, {"type": "Feature", "geometry": {"type": "Point", "coordinates": [-80.3807263430339, 25.6238650103981]}, "properties": {"id": "MDC-9235", "county": "miamidade", "name": "Transportation Center Southwest", "school_num": "9235", "school_type": "A", "grades": "0", "role": "district", "address": "15501 SW 117th Ave", "city": "Miami-Dade", "enrollment_2526": 0}}, {"type": "Feature", "geometry": {"type": "Point", "coordinates": [-80.2161782376709, 25.8360419788921]}, "properties": {"id": "MDC-2501", "county": "miamidade", "name": "Holmes Elementary", "school_num": "2501", "school_type": "E", "grades": "PK-5", "role": "district", "address": "1175 NW 67th St", "city": "Miami", "enrollment_2526": 377}}, {"type": "Feature", "geometry": {"type": "Point", "coordinates": [-80.1943537549798, 25.906855858607]}, "properties": {"id": "MDC-2911", "county": "miamidade", "name": "Linda Lentin K-8 Center", "school_num": "2911", "school_type": "E", "grades": "PK-8", "role": "district", "address": "14312 NE 2nd Ct", "city": "Miami-Dade", "enrollment_2526": 525}}, {"type": "Feature", "geometry": {"type": "Point", "coordinates": [-80.23045482202, 25.8657770848421]}, "properties": {"id": "MDC-8121", "county": "miamidade", "name": "C.O.P.E. Center North", "school_num": "8121", "school_type": "ALT", "grades": "6-12", "role": "district", "address": "9950 NW 19th Ave", "city": "Miami-Dade", "enrollment_2526": 28}}, {"type": "Feature", "geometry": {"type": "Point", "coordinates": [-80.2725422432488, 25.8111259766952]}, "properties": {"id": "MDC-3900", "county": "miamidade", "name": "Family Empowerment Scholarship", "school_num": "3900", "school_type": "A", "grades": "0", "role": "district", "address": "489 East Dr", "city": "Miami Springs", "enrollment_2526": 0}}, {"type": "Feature", "geometry": {"type": "Point", "coordinates": [-80.3766097862949, 25.8194942416978]}, "properties": {"id": "MDC-9574", "county": "miamidade", "name": "Central Region Office", "school_num": "9574", "school_type": "A", "grades": "0", "role": "district", "address": "5005 NW 112th Ave", "city": "Doral", "enrollment_2526": 0}}, {"type": "Feature", "geometry": {"type": "Point", "coordinates": [-80.3661788402699, 25.6831424382647]}, "properties": {"id": "MDC-2641", "county": "miamidade", "name": "Kendale Elementary", "school_num": "2641", "school_type": "E", "grades": "PK-5", "role": "district", "address": "10693 SW 93rd St", "city": "Miami-Dade", "enrollment_2526": 310}}, {"type": "Feature", "geometry": {"type": "Point", "coordinates": [-80.3339329265092, 25.7411857076019]}, "properties": {"id": "MDC-0201", "county": "miamidade", "name": "Banyan Elementary", "school_num": "0201", "school_type": "E", "grades": "PK-5", "role": "district", "address": "3060 SW 85th Ave", "city": "Miami-Dade", "enrollment_2526": 346}}, {"type": "Feature", "geometry": {"type": "Point", "coordinates": [-80.3486396188264, 25.8879843822795]}, "properties": {"id": "MDC-5051", "county": "miamidade", "name": "Ernest R. Graham K-8 Center", "school_num": "5051", "school_type": "E", "grades": "PK-8", "role": "district", "address": "7330 W 32nd Ave", "city": "Hialeah", "enrollment_2526": 907}}, {"type": "Feature", "geometry": {"type": "Point", "coordinates": [-80.2924937727085, 25.7571132669727]}, "properties": {"id": "MDC-5441", "county": "miamidade", "name": "Sylvania Heights Elementary", "school_num": "5441", "school_type": "E", "grades": "PK-5", "role": "district", "address": "5901 SW 16th St", "city": "West Miami", "enrollment_2526": 516}}, {"type": "Feature", "geometry": {"type": "Point", "coordinates": [-80.3558677259105, 25.6021639838757]}, "properties": {"id": "MDC-3541", "county": "miamidade", "name": "Robert Russa Moton Elementary", "school_num": "3541", "school_type": "E", "grades": "K-5", "role": "district", "address": "18050 Homestead Ave", "city": "Miami-Dade", "enrollment_2526": 127}}, {"type": "Feature", "geometry": {"type": "Point", "coordinates": [-80.2177798233297, 25.7536884493981]}, "properties": {"id": "MDC-1121", "county": "miamidade", "name": "Coral Way K-8 Center", "school_num": "1121", "school_type": "E", "grades": "PK-8", "role": "district", "address": "1950 SW 13th Ave", "city": "Miami", "enrollment_2526": 991}}, {"type": "Feature", "geometry": {"type": "Point", "coordinates": [-80.1980048622307, 25.8850709423587]}, "properties": {"id": "MDC-2241", "county": "miamidade", "name": "Gratigny Elementary", "school_num": "2241", "school_type": "E", "grades": "PK-5", "role": "district", "address": "11905 N Miami Ave", "city": "Miami-Dade", "enrollment_2526": 377}}, {"type": "Feature", "geometry": {"type": "Point", "coordinates": [-80.2007141874158, 25.8318404723561]}, "properties": {"id": "MDC-9913", "county": "miamidade", "name": "Mdcps Police Center", "school_num": "9913", "school_type": "A", "grades": "0", "role": "district", "address": "6100 NW 2nd Ave", "city": "Miami", "enrollment_2526": 0}}, {"type": "Feature", "geometry": {"type": "Point", "coordinates": [-80.4551074809729, 25.699101784781]}, "properties": {"id": "MDC-1691", "county": "miamidade", "name": "Christina M. Eve Plc - N", "school_num": "1691", "school_type": "PLC", "grades": "0", "role": "district", "address": "16251 SW 72nd St", "city": "Miami-Dade", "enrollment_2526": 429}}, {"type": "Feature", "geometry": {"type": "Point", "coordinates": [-80.2256593051145, 25.8395660683126]}, "properties": {"id": "MDC-8139", "county": "miamidade", "name": "D.A. Dorsey Technical College", "school_num": "8139", "school_type": "O", "grades": "0", "role": "district", "address": "7100 NW 17th Ave", "city": "Miami-Dade", "enrollment_2526": 0}}, {"type": "Feature", "geometry": {"type": "Point", "coordinates": [-80.275310590443, 25.9503381086926]}, "properties": {"id": "MDC-3241", "county": "miamidade", "name": "Miami Gardens Elementary", "school_num": "3241", "school_type": "E", "grades": "PK-5", "role": "district", "address": "4444 NW 195th St", "city": "Miami Gardens", "enrollment_2526": 230}}, {"type": "Feature", "geometry": {"type": "Point", "coordinates": [-80.2316100330174, 25.91677529691]}, "properties": {"id": "MDC-6591", "county": "miamidade", "name": "North Dade Center Middle", "school_num": "6591", "school_type": "M", "grades": "6-8", "role": "district", "address": "1840 NW 157th St", "city": "Miami Gardens", "enrollment_2526": 221}}, {"type": "Feature", "geometry": {"type": "Point", "coordinates": [-80.4093938564878, 25.7735125309198]}, "properties": {"id": "MDC-1371", "county": "miamidade", "name": "Marjory Stoneman Douglas Plc-F", "school_num": "1371", "school_type": "PLC", "grades": "0", "role": "district", "address": "650 NW 132nd Ave", "city": "Miami-Dade", "enrollment_2526": 486}}, {"type": "Feature", "geometry": {"type": "Point", "coordinates": [-80.4804381097775, 25.4745287789057]}, "properties": {"id": "MDC-0921", "county": "miamidade", "name": "Neva King Cooper Educational Center", "school_num": "0921", "school_type": "SPC", "grades": "PK-12", "role": "district", "address": "151 NW 5th St", "city": "Homestead", "enrollment_2526": 46}}, {"type": "Feature", "geometry": {"type": "Point", "coordinates": [-80.3225013030717, 25.6298150384339]}, "properties": {"id": "MDC-1041", "county": "miamidade", "name": "Coral Reef Elementary", "school_num": "1041", "school_type": "E", "grades": "PK-5", "role": "district", "address": "7955 SW 152nd St", "city": "Palmetto Bay", "enrollment_2526": 665}}, {"type": "Feature", "geometry": {"type": "Point", "coordinates": [-80.3573751483646, 25.8897991331295]}, "properties": {"id": "MDC-2111", "county": "miamidade", "name": "Hialeah Gardens Elementary Plc- B", "school_num": "2111", "school_type": "PLC", "grades": "0", "role": "district", "address": "9749 NW 127th Ter", "city": "Hialeah Gardens", "enrollment_2526": 980}}, {"type": "Feature", "geometry": {"type": "Point", "coordinates": [-80.3059194404811, 25.7139789785009]}, "properties": {"id": "MDC-5241", "county": "miamidade", "name": "South Miami K-8 Center", "school_num": "5241", "school_type": "E", "grades": "PK-8", "role": "district", "address": "6800 SW 60th St", "city": "South Miami", "enrollment_2526": 468}}, {"type": "Feature", "geometry": {"type": "Point", "coordinates": [-80.1331151942262, 25.7987497677241]}, "properties": {"id": "MDC-7201", "county": "miamidade", "name": "Miami Beach Senior High", "school_num": "7201", "school_type": "S", "grades": "9-12", "role": "district", "address": "2231 Prairie Ave", "city": "Miami Beach", "enrollment_2526": 2038}}, {"type": "Feature", "geometry": {"type": "Point", "coordinates": [-80.3439541958489, 25.9037283413031]}, "properties": {"id": "MDC-0091", "county": "miamidade", "name": "Bob Graham Education Center Plc-H", "school_num": "0091", "school_type": "PLC", "grades": "0", "role": "district", "address": "8875 NW 143rd St", "city": "Miami Lakes", "enrollment_2526": 1302}}, {"type": "Feature", "geometry": {"type": "Point", "coordinates": [-80.2705122249799, 25.8292320428519]}, "properties": {"id": "MDC-2361", "county": "miamidade", "name": "Hialeah Elementary", "school_num": "2361", "school_type": "E", "grades": "PK-5", "role": "district", "address": "550 E 8th St", "city": "Hialeah", "enrollment_2526": 617}}, {"type": "Feature", "geometry": {"type": "Point", "coordinates": [-80.2190494419652, 25.8277828370551]}, "properties": {"id": "MDC-4171", "county": "miamidade", "name": "Orchard Villa Elementary", "school_num": "4171", "school_type": "E", "grades": "PK-5", "role": "district", "address": "5720 NW 13th Ave", "city": "Miami", "enrollment_2526": 273}}, {"type": "Feature", "geometry": {"type": "Point", "coordinates": [-80.3189435110159, 25.8579265546392]}, "properties": {"id": "MDC-7049", "county": "miamidade", "name": "Westland Hialeah Senior High", "school_num": "7049", "school_type": "S", "grades": "9-12", "role": "district", "address": "4000 W 18th Ave", "city": "Hialeah", "enrollment_2526": 1186}}, {"type": "Feature", "geometry": {"type": "Point", "coordinates": [-80.1494561026066, 25.9705780613715]}, "properties": {"id": "MDC-0231", "county": "miamidade", "name": "Aventura Waterways K-8 Center", "school_num": "0231", "school_type": "E", "grades": "K-8", "role": "district", "address": "21101 NE 26th Ave", "city": "Miami-Dade", "enrollment_2526": 1925}}, {"type": "Feature", "geometry": {"type": "Point", "coordinates": [-80.4122527565576, 25.6790360002024]}, "properties": {"id": "MDC-0671", "county": "miamidade", "name": "Calusa Elementary", "school_num": "0671", "school_type": "E", "grades": "PK-5", "role": "district", "address": "9580 W Calusa Club Dr", "city": "Miami-Dade", "enrollment_2526": 671}}, {"type": "Feature", "geometry": {"type": "Point", "coordinates": [-80.2471116436312, 25.9250404385107]}, "properties": {"id": "MDC-2161", "county": "miamidade", "name": "Golden Glades Elementary", "school_num": "2161", "school_type": "E", "grades": "PK-5", "role": "district", "address": "16520 NW 28th Ave", "city": "Miami Gardens", "enrollment_2526": 160}}, {"type": "Feature", "geometry": {"type": "Point", "coordinates": [-80.4454988518606, 25.4782210564035]}, "properties": {"id": "MDC-7021", "county": "miamidade", "name": "Center For International Education: A Cambridge A S", "school_num": "7021", "school_type": "S", "grades": "9-12", "role": "district", "address": "900 NE 23rd Ave", "city": "Homestead", "enrollment_2526": 392}}, {"type": "Feature", "geometry": {"type": "Point", "coordinates": [-80.2532848806367, 25.8523688474433]}, "properties": {"id": "MDC-6391", "county": "miamidade", "name": "Madison Middle", "school_num": "6391", "school_type": "M", "grades": "6-8", "role": "district", "address": "3400 NW 87th St", "city": "Miami-Dade", "enrollment_2526": 423}}, {"type": "Feature", "geometry": {"type": "Point", "coordinates": [-80.2432849211322, 25.7806138189509]}, "properties": {"id": "MDC-2661", "county": "miamidade", "name": "Kensington Park Elementary", "school_num": "2661", "school_type": "E", "grades": "PK-5", "role": "district", "address": "711 NW 30th Ave", "city": "Miami", "enrollment_2526": 907}}, {"type": "Feature", "geometry": {"type": "Point", "coordinates": [-80.4661212611408, 25.4940438404039]}, "properties": {"id": "MDC-0161", "county": "miamidade", "name": "Avocado Elementary", "school_num": "0161", "school_type": "E", "grades": "PK-3", "role": "district", "address": "16969 SW 294th St", "city": "Miami-Dade", "enrollment_2526": 615}}, {"type": "Feature", "geometry": {"type": "Point", "coordinates": [-80.4818772279306, 25.4763575001202]}, "properties": {"id": "MDC-6251", "county": "miamidade", "name": "Homestead Middle", "school_num": "6251", "school_type": "M", "grades": "6-8", "role": "district", "address": "650 NW 2nd Ave", "city": "Homestead", "enrollment_2526": 493}}, {"type": "Feature", "geometry": {"type": "Point", "coordinates": [-80.382532036705, 25.854080623293]}, "properties": {"id": "MDC-4011", "county": "miamidade", "name": "Dr. Toni Bilbao Preparatory Academy", "school_num": "4011", "school_type": "E", "grades": "PK-8", "role": "district", "address": "8905 NW 114th Ave", "city": "Doral", "enrollment_2526": 462}}, {"type": "Feature", "geometry": {"type": "Point", "coordinates": [-80.227477539267, 25.9557730848436]}, "properties": {"id": "MDC-4001", "county": "miamidade", "name": "Norwood Elementary", "school_num": "4001", "school_type": "E", "grades": "PK-5", "role": "district", "address": "19810 NW 14th Ct", "city": "Miami Gardens", "enrollment_2526": 441}}, {"type": "Feature", "geometry": {"type": "Point", "coordinates": [-80.3445379741212, 25.716883028]}, "properties": {"id": "MDC-9013", "county": "miamidade", "name": "Pre-K Intervention", "school_num": "9013", "school_type": "SPC", "grades": "PK", "role": "district", "address": "5555 SW 93rd Ave", "city": "Miami-Dade", "enrollment_2526": 336}}, {"type": "Feature", "geometry": {"type": "Point", "coordinates": [-80.3249748564274, 25.585372891444]}, "properties": {"id": "MDC-5981", "county": "miamidade", "name": "Dr. Edward L. Whigham Plc-E", "school_num": "5981", "school_type": "PLC", "grades": "0", "role": "district", "address": "8035 SW 196th St", "city": "Cutler Bay", "enrollment_2526": 632}}, {"type": "Feature", "geometry": {"type": "Point", "coordinates": [-80.3587907998275, 25.6328780515232]}, "properties": {"id": "MDC-8131", "county": "miamidade", "name": "Dorothy M. Wallace C.O.P.E. Center", "school_num": "8131", "school_type": "ALT", "grades": "6-12", "role": "district", "address": "10225 SW 147th Ter", "city": "Miami-Dade", "enrollment_2526": 28}}, {"type": "Feature", "geometry": {"type": "Point", "coordinates": [-80.2766219187554, 25.8267436877759]}, "properties": {"id": "MDC-5201", "county": "miamidade", "name": "South Hialeah Elementary", "school_num": "5201", "school_type": "E", "grades": "PK-5", "role": "district", "address": "265 E 5th St", "city": "Hialeah", "enrollment_2526": 815}}, {"type": "Feature", "geometry": {"type": "Point", "coordinates": [-80.4184209126919, 25.7732589221551]}, "properties": {"id": "MDC-9237", "county": "miamidade", "name": "Transportation Center Central West", "school_num": "9237", "school_type": "A", "grades": "0", "role": "district", "address": "13775 NW 6th St", "city": "Miami-Dade", "enrollment_2526": 0}}, {"type": "Feature", "geometry": {"type": "Point", "coordinates": [-80.2098898770702, 25.8354666237228]}, "properties": {"id": "MDC-2531", "county": "miamidade", "name": "Thena C. Crowder Early Childhood Diagnostic Sp Ed", "school_num": "2531", "school_type": "SPC", "grades": "PK", "role": "district", "address": "757 NW 66th St", "city": "Miami", "enrollment_2526": 72}}, {"type": "Feature", "geometry": {"type": "Point", "coordinates": [-80.2683030512022, 25.8749485510329]}, "properties": {"id": "MDC-9571", "county": "miamidade", "name": "North Region Office", "school_num": "9571", "school_type": "A", "grades": "0", "role": "district", "address": "733 E 57th St", "city": "Hialeah", "enrollment_2526": 0}}, {"type": "Feature", "geometry": {"type": "Point", "coordinates": [-80.4510709003454, 25.7126629175877]}, "properties": {"id": "MDC-7121", "county": "miamidade", "name": "John A. Ferguson Senior High", "school_num": "7121", "school_type": "S", "grades": "9-12", "role": "district", "address": "15900 SW 56th St", "city": "Miami-Dade", "enrollment_2526": 4145}}, {"type": "Feature", "geometry": {"type": "Point", "coordinates": [-80.2829396731306, 25.9338820652492]}, "properties": {"id": "MDC-3861", "county": "miamidade", "name": "North Glade Elementary", "school_num": "3861", "school_type": "E", "grades": "PK-5", "role": "district", "address": "5000 NW 177th St", "city": "Miami-Dade", "enrollment_2526": 217}}, {"type": "Feature", "geometry": {"type": "Point", "coordinates": [-80.2452330355051, 25.807696233213]}, "properties": {"id": "MDC-3181", "county": "miamidade", "name": "Melrose Elementary", "school_num": "3181", "school_type": "E", "grades": "PK-5", "role": "district", "address": "3050 NW 35th St", "city": "Miami-Dade", "enrollment_2526": 510}}, {"type": "Feature", "geometry": {"type": "Point", "coordinates": [-80.2678421930036, 25.8529855553764]}, "properties": {"id": "MDC-1921", "county": "miamidade", "name": "Flamingo Elementary", "school_num": "1921", "school_type": "E", "grades": "PK-5", "role": "district", "address": "701 E 33rd St", "city": "Hialeah", "enrollment_2526": 464}}, {"type": "Feature", "geometry": {"type": "Point", "coordinates": [-80.3357712389066, 25.5910039882745]}, "properties": {"id": "MDC-5951", "county": "miamidade", "name": "Whispering Pines Elementary", "school_num": "5951", "school_type": "E", "grades": "PK-5", "role": "district", "address": "18929 SW 89th Rd", "city": "Cutler Bay", "enrollment_2526": 509}}, {"type": "Feature", "geometry": {"type": "Point", "coordinates": [-80.2822442944557, 25.9411562957746]}, "properties": {"id": "MDC-6351", "county": "miamidade", "name": "Lake Stevens Middle", "school_num": "6351", "school_type": "M", "grades": "6-8", "role": "district", "address": "18484 NW 48th Pl", "city": "Miami-Dade", "enrollment_2526": 532}}, {"type": "Feature", "geometry": {"type": "Point", "coordinates": [-80.2262758718946, 25.8302352741078]}, "properties": {"id": "MDC-1401", "county": "miamidade", "name": "Charles R. Drew K-8 Center", "school_num": "1401", "school_type": "E", "grades": "PK-8", "role": "district", "address": "1775 NW 60th St", "city": "Miami-Dade", "enrollment_2526": 523}}, {"type": "Feature", "geometry": {"type": "Point", "coordinates": [-80.4310360063291, 25.7340977868052]}, "properties": {"id": "MDC-7051", "county": "miamidade", "name": "G. Holmes Braddock Senior High", "school_num": "7051", "school_type": "S", "grades": "9-12", "role": "district", "address": "3601 SW 147th Ave", "city": "Miami-Dade", "enrollment_2526": 2155}}, {"type": "Feature", "geometry": {"type": "Point", "coordinates": [-80.3729041243569, 25.6983237067238]}, "properties": {"id": "MDC-9731", "county": "miamidade", "name": "Early Childhood, Ese And Tiitle", "school_num": "9731", "school_type": "SPC", "grades": "6-8", "role": "district", "address": "11001 SW 76th St", "city": "Miami-Dade", "enrollment_2526": 65}}, {"type": "Feature", "geometry": {"type": "Point", "coordinates": [-80.2688059703191, 25.9201069925671]}, "properties": {"id": "MDC-9232", "county": "miamidade", "name": "Transportation Center North", "school_num": "9232", "school_type": "A", "grades": "0", "role": "district", "address": "16150 NW 42nd Ave", "city": "Miami Gardens", "enrollment_2526": 0}}, {"type": "Feature", "geometry": {"type": "Point", "coordinates": [-80.4507343662872, 25.4609028127901]}, "properties": {"id": "MDC-4031", "county": "miamidade", "name": "Gateway Environmental K-8 Learning Center", "school_num": "4031", "school_type": "E", "grades": "PK-8", "role": "district", "address": "955 SE 18th Ave", "city": "Homestead", "enrollment_2526": 1113}}, {"type": "Feature", "geometry": {"type": "Point", "coordinates": [-80.4549823438572, 25.7175014112267]}, "properties": {"id": "MDC-0211", "county": "miamidade", "name": "Dr. Manuel C. Barreiro Elementary", "school_num": "0211", "school_type": "E", "grades": "PK-5", "role": "district", "address": "5125 SW 162nd Ave", "city": "Miami-Dade", "enrollment_2526": 486}}, {"type": "Feature", "geometry": {"type": "Point", "coordinates": [-80.3328241413439, 25.7761601471018]}, "properties": {"id": "MDC-2331", "county": "miamidade", "name": "Charles R. Hadley Plc-A", "school_num": "2331", "school_type": "PLC", "grades": "0", "role": "district", "address": "8390 NW 7th St", "city": "Miami-Dade", "enrollment_2526": 543}}, {"type": "Feature", "geometry": {"type": "Point", "coordinates": [-80.3815551844105, 25.7591907482544]}, "properties": {"id": "MDC-5061", "county": "miamidade", "name": "Dr. Carlos J. Finlay Elementary", "school_num": "5061", "school_type": "E", "grades": "PK-5", "role": "district", "address": "851 SW 117th Ave", "city": "Miami-Dade", "enrollment_2526": 470}}, {"type": "Feature", "geometry": {"type": "Point", "coordinates": [-80.3533935257678, 25.733284257266]}, "properties": {"id": "MDC-4091", "county": "miamidade", "name": "Olympia Heights Elementary", "school_num": "4091", "school_type": "E", "grades": "PK-5", "role": "district", "address": "9797 SW 40th St", "city": "Miami-Dade", "enrollment_2526": 287}}, {"type": "Feature", "geometry": {"type": "Point", "coordinates": [-80.323371374425, 25.7692427011059]}, "properties": {"id": "MDC-4921", "county": "miamidade", "name": "Seminole Elementary", "school_num": "4921", "school_type": "E", "grades": "PK-5", "role": "district", "address": "121 SW 78th Pl", "city": "Miami-Dade", "enrollment_2526": 425}}, {"type": "Feature", "geometry": {"type": "Point", "coordinates": [-80.2624153041839, 25.9452870145301]}, "properties": {"id": "MDC-6051", "county": "miamidade", "name": "Carol City Middle", "school_num": "6051", "school_type": "M", "grades": "6-8", "role": "district", "address": "3737 NW 188th St", "city": "Miami Gardens", "enrollment_2526": 387}}, {"type": "Feature", "geometry": {"type": "Point", "coordinates": [-80.4452832175649, 25.6933992355777]}, "properties": {"id": "MDC-1811", "county": "miamidade", "name": "Dante B. Fascell Elementary", "school_num": "1811", "school_type": "E", "grades": "PK-5", "role": "district", "address": "15625 SW 80th St", "city": "Miami-Dade", "enrollment_2526": 409}}, {"type": "Feature", "geometry": {"type": "Point", "coordinates": [-80.2743169657039, 25.8124375217803]}, "properties": {"id": "MDC-9573", "county": "miamidade", "name": "District Office/Charter School", "school_num": "9573", "school_type": "A", "grades": "0", "role": "district", "address": "1080 La Baron Dr", "city": "Miami Springs", "enrollment_2526": 0}}, {"type": "Feature", "geometry": {"type": "Point", "coordinates": [-80.3907194960035, 25.507594923911]}, "properties": {"id": "MDC-0073", "county": "miamidade", "name": "Mandarin Lakes K-8 Academy", "school_num": "0073", "school_type": "E", "grades": "PK-8", "role": "district", "address": "12225 SW 280TH St", "city": "Miami-Dade", "enrollment_2526": 557}}, {"type": "Feature", "geometry": {"type": "Point", "coordinates": [-80.2359521163, 25.770947249108]}, "properties": {"id": "MDC-7461", "county": "miamidade", "name": "Miami Senior High", "school_num": "7461", "school_type": "S", "grades": "9-12", "role": "district", "address": "2450 SW 1st St", "city": "Miami", "enrollment_2526": 2972}}, {"type": "Feature", "geometry": {"type": "Point", "coordinates": [-80.41794727506, 25.5214203719334]}, "properties": {"id": "MDC-7631", "county": "miamidade", "name": "Miami Macarthur South Sh", "school_num": "7631", "school_type": "ALT", "grades": "6-12", "role": "district", "address": "13990 SW 264th St", "city": "Miami-Dade", "enrollment_2526": 104}}, {"type": "Feature", "geometry": {"type": "Point", "coordinates": [-80.2001012920503, 25.8316119031769]}, "properties": {"id": "MDC-7005", "county": "miamidade", "name": "Itech@Thomas A. Edison Education Center", "school_num": "7005", "school_type": "S", "grades": "9-12", "role": "district", "address": "6101 NW 2nd Ave", "city": "Miami", "enrollment_2526": 199}}, {"type": "Feature", "geometry": {"type": "Point", "coordinates": [-80.1938881554731, 25.8294644055811]}, "properties": {"id": "MDC-3051", "county": "miamidade", "name": "Toussaint L'Ouverture Elementary", "school_num": "3051", "school_type": "E", "grades": "PK-5", "role": "district", "address": "120 NE 59th St", "city": "Miami", "enrollment_2526": 305}}, {"type": "Feature", "geometry": {"type": "Point", "coordinates": [-80.2635670198366, 25.8041978852105]}, "properties": {"id": "MDC-7801", "county": "miamidade", "name": "George T. Baker Aviation Technical College", "school_num": "7801", "school_type": "O", "grades": "0", "role": "district", "address": "3275 NW 42nd Ave", "city": "Miami-Dade", "enrollment_2526": 0}}, {"type": "Feature", "geometry": {"type": "Point", "coordinates": [-80.4840059324218, 25.46301414052]}, "properties": {"id": "MDC-2941", "county": "miamidade", "name": "Laura C. Saunders Elementary", "school_num": "2941", "school_type": "E", "grades": "PK-5", "role": "district", "address": "505 SW 8th St", "city": "Homestead", "enrollment_2526": 502}}, {"type": "Feature", "geometry": {"type": "Point", "coordinates": [-80.1736369875605, 25.8876108654782]}, "properties": {"id": "MDC-5005", "county": "miamidade", "name": "David Lawrence Jr. K-8 Center Plc South Campus", "school_num": "5005", "school_type": "PLC", "grades": "0", "role": "district", "address": "12175 NE 12th Ct", "city": "North Miami", "enrollment_2526": 1069}}, {"type": "Feature", "geometry": {"type": "Point", "coordinates": [-80.2946719986263, 25.8303840149634]}, "properties": {"id": "MDC-7511", "county": "miamidade", "name": "Miami Springs Senior High", "school_num": "7511", "school_type": "S", "grades": "9-12", "role": "district", "address": "751 Dove Ave", "city": "Miami Springs", "enrollment_2526": 1073}}, {"type": "Feature", "geometry": {"type": "Point", "coordinates": [-80.1806250746822, 25.8550208267756]}, "properties": {"id": "MDC-3431", "county": "miamidade", "name": "Phyllis Ruth Miller Elementary", "school_num": "3431", "school_type": "E", "grades": "PK-5", "role": "district", "address": "840 NE 87th St", "city": "Miami", "enrollment_2526": 452}}, {"type": "Feature", "geometry": {"type": "Point", "coordinates": [-80.2776638719586, 25.9616658830709]}, "properties": {"id": "MDC-5081", "county": "miamidade", "name": "Dr. Frederica S. Wilson/Skyway Elementary", "school_num": "5081", "school_type": "E", "grades": "PK-5", "role": "district", "address": "4555 NW 206th Ter", "city": "Miami Gardens", "enrollment_2526": 299}}, {"type": "Feature", "geometry": {"type": "Point", "coordinates": [-80.1733684137484, 25.9715363844854]}, "properties": {"id": "MDC-7141", "county": "miamidade", "name": "Dr. Michael M. Krop Senior High", "school_num": "7141", "school_type": "S", "grades": "9-12", "role": "district", "address": "1410 NE 215th St", "city": "Miami-Dade", "enrollment_2526": 1862}}, {"type": "Feature", "geometry": {"type": "Point", "coordinates": [-80.2036969858246, 25.8059098175866]}, "properties": {"id": "MDC-6361", "county": "miamidade", "name": "Jose De Diego Middle", "school_num": "6361", "school_type": "M", "grades": "6-8", "role": "district", "address": "3100 NW 5th Ave", "city": "Miami", "enrollment_2526": 507}}, {"type": "Feature", "geometry": {"type": "Point", "coordinates": [-80.3716943766384, 25.651055642515]}, "properties": {"id": "MDC-2021", "county": "miamidade", "name": "Gloria Floyd Elementary", "school_num": "2021", "school_type": "E", "grades": "PK-5", "role": "district", "address": "12650 SW 109th Ave", "city": "Miami-Dade", "enrollment_2526": 357}}, {"type": "Feature", "geometry": {"type": "Point", "coordinates": [-80.4126689891479, 25.7498023253578]}, "properties": {"id": "MDC-2341", "county": "miamidade", "name": "Joe Hall Elementary", "school_num": "2341", "school_type": "E", "grades": "PK-5", "role": "district", "address": "1901 SW 134th Ave", "city": "Miami-Dade", "enrollment_2526": 419}}, {"type": "Feature", "geometry": {"type": "Point", "coordinates": [-80.3701688980471, 25.613828999485]}, "properties": {"id": "MDC-4441", "county": "miamidade", "name": "Pine Lake Elementary", "school_num": "4441", "school_type": "E", "grades": "PK-5", "role": "district", "address": "16700 SW 109th Ave", "city": "Miami-Dade", "enrollment_2526": 278}}, {"type": "Feature", "geometry": {"type": "Point", "coordinates": [-80.3093340761149, 25.7699859506594]}, "properties": {"id": "MDC-9025", "county": "miamidade", "name": "Food & Nutrition Center", "school_num": "9025", "school_type": "A", "grades": "0", "role": "district", "address": "7042 W Flagler St", "city": "Miami", "enrollment_2526": 0}}, {"type": "Feature", "geometry": {"type": "Point", "coordinates": [-80.4531900162192, 25.5391439862951]}, "properties": {"id": "MDC-4581", "county": "miamidade", "name": "Redland Elementary", "school_num": "4581", "school_type": "E", "grades": "PK-5", "role": "district", "address": "24501 SW 162nd Ave", "city": "Miami-Dade", "enrollment_2526": 922}}, {"type": "Feature", "geometry": {"type": "Point", "coordinates": [-80.3184581638444, 25.7613195401524]}, "properties": {"id": "MDC-1841", "county": "miamidade", "name": "Flagami Elementary", "school_num": "1841", "school_type": "E", "grades": "PK-5", "role": "district", "address": "920 SW 76th Ave", "city": "Miami-Dade", "enrollment_2526": 329}}, {"type": "Feature", "geometry": {"type": "Point", "coordinates": [-80.3475114057964, 25.7096302176943]}, "properties": {"id": "MDC-6211", "county": "miamidade", "name": "Glades Middle", "school_num": "6211", "school_type": "M", "grades": "6-8", "role": "district", "address": "9451 SW 64th St", "city": "Miami-Dade", "enrollment_2526": 482}}, {"type": "Feature", "geometry": {"type": "Point", "coordinates": [-80.1642906162055, 25.9237414156258]}, "properties": {"id": "MDC-2081", "county": "miamidade", "name": "Fulford Elementary", "school_num": "2081", "school_type": "E", "grades": "PK-5", "role": "district", "address": "16140 NE 18th Ave", "city": "North Miami Beach", "enrollment_2526": 490}}, {"type": "Feature", "geometry": {"type": "Point", "coordinates": [-80.3089115445378, 25.9030440781404]}, "properties": {"id": "MDC-3281", "county": "miamidade", "name": "Miami Lakes K-8 Center", "school_num": "3281", "school_type": "E", "grades": "PK-8", "role": "district", "address": "14250 NW 67th Ave", "city": "Miami Lakes", "enrollment_2526": 1119}}, {"type": "Feature", "geometry": {"type": "Point", "coordinates": [-80.193208512587, 25.7763842956757]}, "properties": {"id": "MDC-7041", "county": "miamidade", "name": "School For Advanced Studies Wolfson", "school_num": "7041", "school_type": "S", "grades": "11-12", "role": "district", "address": "25 NE 2nd St", "city": "Miami", "enrollment_2526": 134}}, {"type": "Feature", "geometry": {"type": "Point", "coordinates": [-80.2125549638208, 25.8046395397192]}, "properties": {"id": "MDC-4841", "county": "miamidade", "name": "Santa Clara Elementary", "school_num": "4841", "school_type": "E", "grades": "PK-5", "role": "district", "address": "1051 NW 29th Ter", "city": "Miami", "enrollment_2526": 489}}, {"type": "Feature", "geometry": {"type": "Point", "coordinates": [-80.3244181884121, 25.7371995801358]}, "properties": {"id": "MDC-1641", "county": "miamidade", "name": "Emerson Elementary", "school_num": "1641", "school_type": "E", "grades": "PK-5", "role": "district", "address": "8001 SW 36th St", "city": "Miami-Dade", "enrollment_2526": 263}}, {"type": "Feature", "geometry": {"type": "Point", "coordinates": [-80.361685123164, 25.7233747739152]}, "properties": {"id": "MDC-6801", "county": "miamidade", "name": "Riviera Middle", "school_num": "6801", "school_type": "M", "grades": "6-8", "role": "district", "address": "10301 SW 48th St", "city": "Miami-Dade", "enrollment_2526": 400}}, {"type": "Feature", "geometry": {"type": "Point", "coordinates": [-80.3702614236231, 25.6926181153873]}, "properties": {"id": "MDC-7029", "county": "miamidade", "name": "Terra Environmental Research Institute Senior High", "school_num": "7029", "school_type": "S", "grades": "9-12", "role": "district", "address": "11005 SW 84th St", "city": "Miami-Dade", "enrollment_2526": 1634}}, {"type": "Feature", "geometry": {"type": "Point", "coordinates": [-80.3073229871456, 25.8949647457844]}, "properties": {"id": "MDC-7131", "county": "miamidade", "name": "Hialeah-Miami Lakes Senior High", "school_num": "7131", "school_type": "S", "grades": "9-12", "role": "district", "address": "7977 W 12th Ave", "city": "Hialeah", "enrollment_2526": 1232}}, {"type": "Feature", "geometry": {"type": "Point", "coordinates": [-80.1512955594577, 25.7154049187834]}, "properties": {"id": "MDC-9485", "county": "miamidade", "name": "Marjory Stoneman Douglas Biscayne Nature Center", "school_num": "9485", "school_type": "O", "grades": "0", "role": "district", "address": "6767 Crandon Blvd", "city": "Miami-Dade", "enrollment_2526": 0}}, {"type": "Feature", "geometry": {"type": "Point", "coordinates": [-80.2949550101616, 25.916240286809]}, "properties": {"id": "MDC-8901", "county": "miamidade", "name": "Miami Lakes Educational Center And Technical College", "school_num": "8901", "school_type": "O", "grades": "0", "role": "district", "address": "5780 NW 158th St", "city": "Miami Lakes", "enrollment_2526": 0}}, {"type": "Feature", "geometry": {"type": "Point", "coordinates": [-80.1392501647973, 25.7732496337621]}, "properties": {"id": "MDC-5091", "county": "miamidade", "name": "Miami Beach South Pointe Elementary", "school_num": "5091", "school_type": "E", "grades": "PK-5", "role": "district", "address": "1050 4th St", "city": "Miami Beach", "enrollment_2526": 448}}, {"type": "Feature", "geometry": {"type": "Point", "coordinates": [-80.2845773477076, 25.822904876448]}, "properties": {"id": "MDC-3381", "county": "miamidade", "name": "Miami Springs Elementary", "school_num": "3381", "school_type": "E", "grades": "PK-5", "role": "district", "address": "51 Park St", "city": "Miami Springs", "enrollment_2526": 349}}, {"type": "Feature", "geometry": {"type": "Point", "coordinates": [-80.3801103017682, 25.6211514249292]}, "properties": {"id": "MDC-9292", "county": "miamidade", "name": "Transportation Center Vehicle Maintenance Office", "school_num": "9292", "school_type": "A", "grades": "0", "role": "district", "address": "11601 SW 160th St", "city": "Miami-Dade", "enrollment_2526": 0}}, {"type": "Feature", "geometry": {"type": "Point", "coordinates": [-80.1700014804529, 25.9400659857694]}, "properties": {"id": "MDC-2281", "county": "miamidade", "name": "Greynolds Park Elementary", "school_num": "2281", "school_type": "E", "grades": "PK-5", "role": "district", "address": "1536 NE 179th St", "city": "North Miami Beach", "enrollment_2526": 489}}, {"type": "Feature", "geometry": {"type": "Point", "coordinates": [-80.3616672934022, 25.6545849088698]}, "properties": {"id": "MDC-2881", "county": "miamidade", "name": "Leewood K-8 Center", "school_num": "2881", "school_type": "E", "grades": "PK-8", "role": "district", "address": "10343 SW 124th St", "city": "Miami-Dade", "enrollment_2526": 419}}, {"type": "Feature", "geometry": {"type": "Point", "coordinates": [-80.2191374220658, 25.9513210168931]}, "properties": {"id": "MDC-7381", "county": "miamidade", "name": "Miami Norland Senior High", "school_num": "7381", "school_type": "S", "grades": "9-12", "role": "district", "address": "1193 NW 193rd St", "city": "Miami Gardens", "enrollment_2526": 1756}}, {"type": "Feature", "geometry": {"type": "Point", "coordinates": [-80.3900687159875, 25.5991523796578]}, "properties": {"id": "MDC-7371", "county": "miamidade", "name": "Robert Morgan Educational Center Senior High", "school_num": "7371", "school_type": "S", "grades": "9-12", "role": "district", "address": "18180 SW 122nd Ave", "city": "Miami-Dade", "enrollment_2526": 1675}}, {"type": "Feature", "geometry": {"type": "Point", "coordinates": [-80.4299559169472, 25.6765415501942]}, "properties": {"id": "MDC-0831", "county": "miamidade", "name": "Claude Pepper Elementary", "school_num": "0831", "school_type": "E", "grades": "PK-5", "role": "district", "address": "14550 SW 96th St", "city": "Miami-Dade", "enrollment_2526": 382}}, {"type": "Feature", "geometry": {"type": "Point", "coordinates": [-80.4497442674355, 25.5372142289092]}, "properties": {"id": "MDC-9261", "county": "miamidade", "name": "Maintenance Service Center 4", "school_num": "9261", "school_type": "A", "grades": "0", "role": "district", "address": "24600 SW 159th Ave", "city": "Miami-Dade", "enrollment_2526": 0}}, {"type": "Feature", "geometry": {"type": "Point", "coordinates": [-80.1745553397671, 25.9656431380719]}, "properties": {"id": "MDC-2581", "county": "miamidade", "name": "Madie Ives Elementary Plc-M", "school_num": "2581", "school_type": "PLC", "grades": "0", "role": "district", "address": "1351 Ives Dairy Rd", "city": "Miami-Dade", "enrollment_2526": 1064}}, {"type": "Feature", "geometry": {"type": "Point", "coordinates": [-80.3862704341504, 25.5804523294847]}, "properties": {"id": "MDC-0661", "county": "miamidade", "name": "Caribbean K-8 Center", "school_num": "0661", "school_type": "E", "grades": "PK-8", "role": "district", "address": "11990 SW 200th St", "city": "Miami-Dade", "enrollment_2526": 711}}, {"type": "Feature", "geometry": {"type": "Point", "coordinates": [-80.2620492092646, 25.9466875986878]}, "properties": {"id": "MDC-3781", "county": "miamidade", "name": "Barbara Hawkins Elementary", "school_num": "3781", "school_type": "E", "grades": "PK-5", "role": "district", "address": "19010 NW 37th Ave", "city": "Miami Gardens", "enrollment_2526": 224}}, {"type": "Feature", "geometry": {"type": "Point", "coordinates": [-80.2652213428908, 25.773021047007]}, "properties": {"id": "MDC-2781", "county": "miamidade", "name": "Kinloch Park Elementary", "school_num": "2781", "school_type": "E", "grades": "PK-5", "role": "district", "address": "4275 NW 1st St", "city": "Miami", "enrollment_2526": 457}}, {"type": "Feature", "geometry": {"type": "Point", "coordinates": [-80.199044151929, 25.8052493657615]}, "properties": {"id": "MDC-7056", "county": "miamidade", "name": "Young Men'S Preparatory Academy Senior High", "school_num": "7056", "school_type": "S", "grades": "6-12", "role": "district", "address": "3001 NW 2nd Ave", "city": "Miami", "enrollment_2526": 158}}, {"type": "Feature", "geometry": {"type": "Point", "coordinates": [-80.2053683984287, 25.8450900927254]}, "properties": {"id": "MDC-3021", "county": "miamidade", "name": "Jesse J. Mccrary Jr. Elementary", "school_num": "3021", "school_type": "E", "grades": "PK-5", "role": "district", "address": "514 NW 77th St", "city": "Miami", "enrollment_2526": 333}}, {"type": "Feature", "geometry": {"type": "Point", "coordinates": [-80.2935104598959, 25.7666400621472]}, "properties": {"id": "MDC-1801", "county": "miamidade", "name": "Fairlawn Elementary", "school_num": "1801", "school_type": "E", "grades": "PK-5", "role": "district", "address": "444 SW 60th Ave", "city": "Miami", "enrollment_2526": 477}}, {"type": "Feature", "geometry": {"type": "Point", "coordinates": [-80.2238604691823, 25.9454382180032]}, "properties": {"id": "MDC-4341", "county": "miamidade", "name": "Parkway Elementary", "school_num": "4341", "school_type": "E", "grades": "PK-5", "role": "district", "address": "1320 NW 188th St", "city": "Miami Gardens", "enrollment_2526": 150}}, {"type": "Feature", "geometry": {"type": "Point", "coordinates": [-80.2429032476292, 25.813094894513]}, "properties": {"id": "MDC-9281", "county": "miamidade", "name": "Maintenance Service Center 2", "school_num": "9281", "school_type": "A", "grades": "0", "role": "district", "address": "2925 NW 41st St", "city": "Miami-Dade", "enrollment_2526": 0}}, {"type": "Feature", "geometry": {"type": "Point", "coordinates": [-80.4787790741613, 25.4415414941589]}, "properties": {"id": "MDC-9233", "county": "miamidade", "name": "Transportation Center South", "school_num": "9233", "school_type": "A", "grades": "0", "role": "district", "address": "660 SW 3rd Ave", "city": "Florida City", "enrollment_2526": 0}}, {"type": "Feature", "geometry": {"type": "Point", "coordinates": [-80.2989855873481, 25.8617229659397]}, "properties": {"id": "MDC-3141", "county": "miamidade", "name": "Meadowlane Elementary", "school_num": "3141", "school_type": "E", "grades": "PK-5", "role": "district", "address": "4280 W 8th Ave", "city": "Hialeah", "enrollment_2526": 706}}, {"type": "Feature", "geometry": {"type": "Point", "coordinates": [-80.3766750947144, 25.7292300316748]}, "properties": {"id": "MDC-4761", "county": "miamidade", "name": "Royal Palm Elementary", "school_num": "4761", "school_type": "E", "grades": "PK-5", "role": "district", "address": "4200 SW 112th Ct", "city": "Miami-Dade", "enrollment_2526": 470}}, {"type": "Feature", "geometry": {"type": "Point", "coordinates": [-80.3030935705659, 25.8332313915449]}, "properties": {"id": "MDC-5361", "county": "miamidade", "name": "Springview Elementary", "school_num": "5361", "school_type": "E", "grades": "PK-5", "role": "district", "address": "1122 Bluebird Ave", "city": "Miami Springs", "enrollment_2526": 266}}, {"type": "Feature", "geometry": {"type": "Point", "coordinates": [-80.2035298318081, 25.8808048864249]}, "properties": {"id": "MDC-5141", "county": "miamidade", "name": "Hubert O. Sibley K-8 Center", "school_num": "5141", "school_type": "E", "grades": "PK-8", "role": "district", "address": "255 NW 115th St", "city": "Miami-Dade", "enrollment_2526": 743}}, {"type": "Feature", "geometry": {"type": "Point", "coordinates": [-80.3093340761149, 25.7699859506594]}, "properties": {"id": "MDC-9134", "county": "miamidade", "name": "Materials Control Center", "school_num": "9134", "school_type": "A", "grades": "0", "role": "district", "address": "7040 W Flagler St", "city": "Miami", "enrollment_2526": 0}}, {"type": "Feature", "geometry": {"type": "Point", "coordinates": [-80.3485807630056, 25.5727610092501]}, "properties": {"id": "MDC-2321", "county": "miamidade", "name": "Gulfstream Elementary", "school_num": "2321", "school_type": "E", "grades": "PK-5", "role": "district", "address": "20900 SW 97th Ave", "city": "Cutler Bay", "enrollment_2526": 530}}, {"type": "Feature", "geometry": {"type": "Point", "coordinates": [-80.2296408396764, 25.9163549699521]}, "properties": {"id": "MDC-5131", "county": "miamidade", "name": "North Dade Center For Modern Languages Elementary", "school_num": "5131", "school_type": "E", "grades": "K-5", "role": "district", "address": "1840 NW 157th St", "city": "Miami Gardens", "enrollment_2526": 318}}, {"type": "Feature", "geometry": {"type": "Point", "coordinates": [-80.1547080436264, 25.9657641889791]}, "properties": {"id": "MDC-2441", "county": "miamidade", "name": "Virginia A. Boone/Highland Oaks Elementary", "school_num": "2441", "school_type": "E", "grades": "PK-5", "role": "district", "address": "20500 NE 24th Ave", "city": "Miami-Dade", "enrollment_2526": 548}}, {"type": "Feature", "geometry": {"type": "Point", "coordinates": [-80.2946719986263, 25.8303840149634]}, "properties": {"id": "MDC-7512", "county": "miamidade", "name": "Miami Springs Adult Education", "school_num": "7512", "school_type": "O", "grades": "0", "role": "district", "address": "751 Dove Ave", "city": "Miami Springs", "enrollment_2526": 0}}, {"type": "Feature", "geometry": {"type": "Point", "coordinates": [-80.407239569774, 25.7442959180197]}, "properties": {"id": "MDC-9412", "county": "miamidade", "name": "Dade County Public School-Management Information", "school_num": "9412", "school_type": "A", "grades": "0", "role": "district", "address": "13135 SW 26th St", "city": "Miami-Dade", "enrollment_2526": 0}}, {"type": "Feature", "geometry": {"type": "Point", "coordinates": [-80.2076262240638, 25.7950491699632]}, "properties": {"id": "MDC-8005", "county": "miamidade", "name": "Lindsey Hopkins Technical College", "school_num": "8005", "school_type": "O", "grades": "0", "role": "district", "address": "750 NW 20th St", "city": "Miami", "enrollment_2526": 0}}, {"type": "Feature", "geometry": {"type": "Point", "coordinates": [-80.1345561395527, 25.8153327412316]}, "properties": {"id": "MDC-6541", "county": "miamidade", "name": "Miami Beach Nautilus Middle", "school_num": "6541", "school_type": "M", "grades": "6-8", "role": "district", "address": "4301 N Michigan Ave", "city": "Miami Beach", "enrollment_2526": 852}}, {"type": "Feature", "geometry": {"type": "Point", "coordinates": [-80.3025643568624, 25.8448264941473]}, "properties": {"id": "MDC-0481", "county": "miamidade", "name": "James H. Bright Elementary/J.W. Johnson Elementary", "school_num": "0481", "school_type": "E", "grades": "PK-5", "role": "district", "address": "2530 W 10th Ave", "city": "Hialeah", "enrollment_2526": 426}}, {"type": "Feature", "geometry": {"type": "Point", "coordinates": [-80.2407598197506, 25.8291884180378]}, "properties": {"id": "MDC-9234", "county": "miamidade", "name": "Transportation Center Northeast", "school_num": "9234", "school_type": "A", "grades": "0", "role": "district", "address": "5901 NW 27th Ave", "city": "Miami-Dade", "enrollment_2526": 0}}, {"type": "Feature", "geometry": {"type": "Point", "coordinates": [-80.3802839038918, 25.6041724671922]}, "properties": {"id": "MDC-3261", "county": "miamidade", "name": "Miami Heights Elementary", "school_num": "3261", "school_type": "E", "grades": "PK-5", "role": "district", "address": "17661 SW 117th Ave", "city": "Miami-Dade", "enrollment_2526": 569}}, {"type": "Feature", "geometry": {"type": "Point", "coordinates": [-80.3895812083676, 25.5903300096517]}, "properties": {"id": "MDC-5281", "county": "miamidade", "name": "South Miami Heights Elementary", "school_num": "5281", "school_type": "E", "grades": "PK-5", "role": "district", "address": "12231 SW 190th Ter", "city": "Miami-Dade", "enrollment_2526": 342}}, {"type": "Feature", "geometry": {"type": "Point", "coordinates": [-80.3538311849743, 25.5797545141452]}, "properties": {"id": "MDC-1241", "county": "miamidade", "name": "Cutler Ridge Elementary", "school_num": "1241", "school_type": "E", "grades": "PK-5", "role": "district", "address": "20210 Coral Sea Rd", "city": "Cutler Bay", "enrollment_2526": 391}}, {"type": "Feature", "geometry": {"type": "Point", "coordinates": [-80.3075657128337, 25.9394141597234]}, "properties": {"id": "MDC-7012", "county": "miamidade", "name": "American Senior High Adult Education", "school_num": "7012", "school_type": "O", "grades": "", "role": "district", "address": "18350 NW 67th Ave", "city": "Miami-Dade", "enrollment_2526": 0}}, {"type": "Feature", "geometry": {"type": "Point", "coordinates": [-80.3405197981772, 25.7552824025911]}, "properties": {"id": "MDC-7272", "county": "miamidade", "name": "Miami Coral Park Adult Education", "school_num": "7272", "school_type": "O", "grades": "0", "role": "district", "address": "8865 SW 16th St", "city": "Miami-Dade", "enrollment_2526": 0}}, {"type": "Feature", "geometry": {"type": "Point", "coordinates": [-80.3479147242062, 25.8798095812685]}, "properties": {"id": "MDC-6751", "county": "miamidade", "name": "Hialeah Gardens Middle", "school_num": "6751", "school_type": "M", "grades": "6-8", "role": "district", "address": "11690 NW 92nd Ave", "city": "Hialeah Gardens", "enrollment_2526": 1455}}, {"type": "Feature", "geometry": {"type": "Point", "coordinates": [-80.308515146749, 25.9396245973196]}, "properties": {"id": "MDC-7011", "county": "miamidade", "name": "American Senior High", "school_num": "7011", "school_type": "S", "grades": "9-12", "role": "district", "address": "18350 NW 67th Ave", "city": "Miami-Dade", "enrollment_2526": 1497}}, {"type": "Feature", "geometry": {"type": "Point", "coordinates": [-80.1231751361815, 25.944747898677]}, "properties": {"id": "MDC-0092", "county": "miamidade", "name": "Norman S. Edelcup/Sunny Isles Beach K-8", "school_num": "0092", "school_type": "E", "grades": "K-8", "role": "district", "address": "201 182nd Dr", "city": "Sunny Isles Beach", "enrollment_2526": 1612}}, {"type": "Feature", "geometry": {"type": "Point", "coordinates": [-80.2226754817281, 25.9509582271357]}, "properties": {"id": "MDC-6571", "county": "miamidade", "name": "Norland Middle", "school_num": "6571", "school_type": "M", "grades": "6-8", "role": "district", "address": "1235 NW 192nd Ter", "city": "Miami Gardens", "enrollment_2526": 613}}, {"type": "Feature", "geometry": {"type": "Point", "coordinates": [-80.2261422313264, 25.810286172312]}, "properties": {"id": "MDC-7341", "county": "miamidade", "name": "Miami Jackson Senior High", "school_num": "7341", "school_type": "S", "grades": "9-12", "role": "district", "address": "1751 NW 36th St", "city": "Miami", "enrollment_2526": 1124}}, {"type": "Feature", "geometry": {"type": "Point", "coordinates": [-80.2315945478586, 25.890751932689]}, "properties": {"id": "MDC-5901", "county": "miamidade", "name": "Carrie P. Meek/Westview K-8 Center Annex", "school_num": "5901", "school_type": "E", "grades": "PK-8", "role": "district", "address": "1901 NW 127th St", "city": "Miami-Dade", "enrollment_2526": 533}}, {"type": "Feature", "geometry": {"type": "Point", "coordinates": [-80.2848015645076, 25.6761982472404]}, "properties": {"id": "MDC-4421", "county": "miamidade", "name": "Pinecrest Elementary", "school_num": "4421", "school_type": "E", "grades": "PK-5", "role": "district", "address": "10250 SW 57th Ave", "city": "Pinecrest", "enrollment_2526": 1018}}, {"type": "Feature", "geometry": {"type": "Point", "coordinates": [-80.154169861143, 25.9639884651692]}, "properties": {"id": "MDC-6241", "county": "miamidade", "name": "Highland Oaks Middle", "school_num": "6241", "school_type": "M", "grades": "6-8", "role": "district", "address": "2375 NE 203rd St", "city": "Miami-Dade", "enrollment_2526": 688}}, {"type": "Feature", "geometry": {"type": "Point", "coordinates": [-80.3770217680573, 25.7580769479676]}, "properties": {"id": "MDC-7073", "county": "miamidade", "name": "Academy For Advanced Academics - South", "school_num": "7073", "school_type": "S", "grades": "11-12", "role": "district", "address": "11200 SW 8th St", "city": "Miami-Dade", "enrollment_2526": 137}}, {"type": "Feature", "geometry": {"type": "Point", "coordinates": [-80.3007804554217, 25.7022460318357]}, "properties": {"id": "MDC-3061", "county": "miamidade", "name": "Ludlam Elementary", "school_num": "3061", "school_type": "E", "grades": "PK-5", "role": "district", "address": "6639 SW 74th St", "city": "South Miami", "enrollment_2526": 227}}, {"type": "Feature", "geometry": {"type": "Point", "coordinates": [-80.2735279161011, 25.814891927167]}, "properties": {"id": "MDC-6521", "county": "miamidade", "name": "Miami Springs Middle", "school_num": "6521", "school_type": "M", "grades": "6-8", "role": "district", "address": "150 S Royal Poinciana Blvd", "city": "Miami Springs", "enrollment_2526": 583}}, {"type": "Feature", "geometry": {"type": "Point", "coordinates": [-80.2448233669046, 25.8527808961531]}, "properties": {"id": "MDC-9271", "county": "miamidade", "name": "Vacant Property", "school_num": "9271", "school_type": "A", "grades": "0", "role": "district", "address": "2780 NW 87th St", "city": "Miami-Dade", "enrollment_2526": 0}}, {"type": "Feature", "geometry": {"type": "Point", "coordinates": [-80.2034137389306, 25.7964287662358]}, "properties": {"id": "MDC-1441", "county": "miamidade", "name": "Paul Laurence Dunbar K-8 Center", "school_num": "1441", "school_type": "E", "grades": "PK-8", "role": "district", "address": "505 NW 20th St", "city": "Miami", "enrollment_2526": 311}}, {"type": "Feature", "geometry": {"type": "Point", "coordinates": [-80.4063587069592, 25.6956874802666]}, "properties": {"id": "MDC-5961", "county": "miamidade", "name": "Winston Park K-8 Center", "school_num": "5961", "school_type": "E", "grades": "PK-8", "role": "district", "address": "13200 SW 79th St", "city": "Miami-Dade", "enrollment_2526": 947}}, {"type": "Feature", "geometry": {"type": "Point", "coordinates": [-80.2547945479807, 25.9640068504618]}, "properties": {"id": "MDC-3821", "county": "miamidade", "name": "North County K-8 Center", "school_num": "3821", "school_type": "E", "grades": "PK-8", "role": "district", "address": "3250 NW 207th St", "city": "Miami Gardens", "enrollment_2526": 315}}, {"type": "Feature", "geometry": {"type": "Point", "coordinates": [-80.231817230336, 25.8762327431392]}, "properties": {"id": "MDC-4491", "county": "miamidade", "name": "Henry E.S. Reeves K-8 Center", "school_num": "4491", "school_type": "E", "grades": "PK-8", "role": "district", "address": "2005 NW 111th St", "city": "Miami-Dade", "enrollment_2526": 776}}, {"type": "Feature", "geometry": {"type": "Point", "coordinates": [-80.2539306947658, 25.7263264770529]}, "properties": {"id": "MDC-5561", "county": "miamidade", "name": "Frances S. Tucker Elementary", "school_num": "5561", "school_type": "E", "grades": "PK-8", "role": "district", "address": "3500 Douglas Rd", "city": "Miami", "enrollment_2526": 287}}, {"type": "Feature", "geometry": {"type": "Point", "coordinates": [-80.4526694748514, 25.6646871502654]}, "properties": {"id": "MDC-4511", "county": "miamidade", "name": "Dr. Gilbert L. Porter Elementary", "school_num": "4511", "school_type": "E", "grades": "PK-5", "role": "district", "address": "15851 SW 112th St", "city": "Miami-Dade", "enrollment_2526": 544}}, {"type": "Feature", "geometry": {"type": "Point", "coordinates": [-80.2283038860222, 25.8617041597113]}, "properties": {"id": "MDC-7251", "county": "miamidade", "name": "Miami Central Senior High", "school_num": "7251", "school_type": "S", "grades": "9-12", "role": "district", "address": "1781 NW 95th St", "city": "Miami-Dade", "enrollment_2526": 1348}}, {"type": "Feature", "geometry": {"type": "Point", "coordinates": [-80.1841253700682, 25.9188011276629]}, "properties": {"id": "MDC-4021", "county": "miamidade", "name": "Oak Grove Elementary", "school_num": "4021", "school_type": "E", "grades": "PK-5", "role": "district", "address": "15640 NE 8th Ave", "city": "Miami-Dade", "enrollment_2526": 477}}, {"type": "Feature", "geometry": {"type": "Point", "coordinates": [-80.3716452675385, 25.5488858079496]}, "properties": {"id": "MDC-0311", "county": "miamidade", "name": "Goulds Elementary", "school_num": "0311", "school_type": "E", "grades": "PK-5", "role": "district", "address": "23555 SW 112th Ave", "city": "Miami-Dade", "enrollment_2526": 383}}, {"type": "Feature", "geometry": {"type": "Point", "coordinates": [-80.2139628960606, 25.7723808713461]}, "properties": {"id": "MDC-7055", "county": "miamidade", "name": "Young Women'S Preparatory Academy", "school_num": "7055", "school_type": "S", "grades": "6-12", "role": "district", "address": "1150 SW 1st St", "city": "Miami", "enrollment_2526": 288}}, {"type": "Feature", "geometry": {"type": "Point", "coordinates": [-80.4862145088197, 25.4520166011929]}, "properties": {"id": "MDC-2001", "county": "miamidade", "name": "Florida City Elementary", "school_num": "2001", "school_type": "E", "grades": "PK-5", "role": "district", "address": "364 NW 6th Ave", "city": "Florida City", "enrollment_2526": 467}}, {"type": "Feature", "geometry": {"type": "Point", "coordinates": [-80.3299798559655, 25.7566247944616]}, "properties": {"id": "MDC-1721", "county": "miamidade", "name": "Everglades K-8 Center", "school_num": "1721", "school_type": "U", "grades": "0", "role": "district", "address": "8300 SW 16th St", "city": "Miami-Dade", "enrollment_2526": 845}}, {"type": "Feature", "geometry": {"type": "Point", "coordinates": [-80.3063068623035, 25.7485224783168]}, "properties": {"id": "MDC-1081", "county": "miamidade", "name": "Coral Terrace Elementary", "school_num": "1081", "school_type": "E", "grades": "PK-5", "role": "district", "address": "6801 SW 24th St", "city": "Miami-Dade", "enrollment_2526": 398}}, {"type": "Feature", "geometry": {"type": "Point", "coordinates": [-80.2270076547965, 25.754230206397]}, "properties": {"id": "MDC-6841", "county": "miamidade", "name": "Shenandoah Middle", "school_num": "6841", "school_type": "M", "grades": "6-8", "role": "district", "address": "1950 SW 19th St", "city": "Miami", "enrollment_2526": 1206}}, {"type": "Feature", "geometry": {"type": "Point", "coordinates": [-80.2019362384603, 25.8556596360018]}, "properties": {"id": "MDC-8019", "county": "miamidade", "name": "Dr. Marvin Dunn Academy For Community Education", "school_num": "8019", "school_type": "ALT", "grades": "9-12", "role": "district", "address": "8950 NW 2nd Ave", "city": "El Portal", "enrollment_2526": 67}}, {"type": "Feature", "geometry": {"type": "Point", "coordinates": [-80.2344464401708, 25.9355474564729]}, "properties": {"id": "MDC-4301", "county": "miamidade", "name": "Parkview Elementary", "school_num": "4301", "school_type": "E", "grades": "PK-5", "role": "district", "address": "17631 NW 20th Ave", "city": "Miami Gardens", "enrollment_2526": 24}}, {"type": "Feature", "geometry": {"type": "Point", "coordinates": [-80.3845641255907, 25.8083374636534]}, "properties": {"id": "MDC-7261", "county": "miamidade", "name": "School For Advanced Studies West", "school_num": "7261", "school_type": "S", "grades": "11-12", "role": "district", "address": "3800 NW 115th Ave", "city": "Doral", "enrollment_2526": 127}}, {"type": "Feature", "geometry": {"type": "Point", "coordinates": [-80.2684831517386, 25.8776165506131]}, "properties": {"id": "MDC-6231", "county": "miamidade", "name": "Hialeah Middle", "school_num": "6231", "school_type": "M", "grades": "6-8", "role": "district", "address": "6027 E 7th Ave", "city": "Hialeah", "enrollment_2526": 960}}, {"type": "Feature", "geometry": {"type": "Point", "coordinates": [-80.2261422313264, 25.810286172312]}, "properties": {"id": "MDC-7342", "county": "miamidade", "name": "Miami Jackson Adult Education", "school_num": "7342", "school_type": "O", "grades": "0", "role": "district", "address": "1751 NW 36th St", "city": "Miami", "enrollment_2526": 0}}, {"type": "Feature", "geometry": {"type": "Point", "coordinates": [-80.2813359656511, 25.7720454313819]}, "properties": {"id": "MDC-1881", "county": "miamidade", "name": "Henry M. Flagler Elementary", "school_num": "1881", "school_type": "E", "grades": "PK-5", "role": "district", "address": "5222 NW 1st St", "city": "Miami", "enrollment_2526": 711}}, {"type": "Feature", "geometry": {"type": "Point", "coordinates": [-80.2522317577814, 25.9344395577348]}, "properties": {"id": "MDC-3581", "county": "miamidade", "name": "Myrtle Grove K-8 Center", "school_num": "3581", "school_type": "E", "grades": "PK-8", "role": "district", "address": "3125 NW 176th St", "city": "Miami Gardens", "enrollment_2526": 160}}, {"type": "Feature", "geometry": {"type": "Point", "coordinates": [-80.4428199508176, 25.6778144659478]}, "properties": {"id": "MDC-7781", "county": "miamidade", "name": "Felix Varela Senior High", "school_num": "7781", "school_type": "S", "grades": "9-12", "role": "district", "address": "15255 SW 96th St", "city": "Miami-Dade", "enrollment_2526": 1697}}, {"type": "Feature", "geometry": {"type": "Point", "coordinates": [-80.234873448053, 25.8360127046597]}, "properties": {"id": "MDC-4501", "county": "miamidade", "name": "Poinciana Park Elementary", "school_num": "4501", "school_type": "E", "grades": "PK-5", "role": "district", "address": "6745 NW 23rd Ave", "city": "Miami-Dade", "enrollment_2526": 195}}, {"type": "Feature", "geometry": {"type": "Point", "coordinates": [-80.3914987297153, 25.6690471710436]}, "properties": {"id": "MDC-1331", "county": "miamidade", "name": "Devon Aire K-8 Center", "school_num": "1331", "school_type": "E", "grades": "PK-8", "role": "district", "address": "10501 SW 122nd Ave", "city": "Miami-Dade", "enrollment_2526": 694}}, {"type": "Feature", "geometry": {"type": "Point", "coordinates": [-80.4373650237812, 25.5038577567906]}, "properties": {"id": "MDC-8981", "county": "miamidade", "name": "South Dade Skill Center", "school_num": "8981", "school_type": "O", "grades": "0", "role": "district", "address": "28300 SW 152nd Ave", "city": "Miami-Dade", "enrollment_2526": 0}}, {"type": "Feature", "geometry": {"type": "Point", "coordinates": [-80.1753192113891, 25.929697155283]}, "properties": {"id": "MDC-7541", "county": "miamidade", "name": "North Miami Beach Senior High", "school_num": "7541", "school_type": "S", "grades": "9-12", "role": "district", "address": "1247 NE 167th St", "city": "Miami-Dade", "enrollment_2526": 1085}}, {"type": "Feature", "geometry": {"type": "Point", "coordinates": [-80.2933283363535, 25.709819586295]}, "properties": {"id": "MDC-9018", "county": "miamidade", "name": "Florida Diagnostic And Learning Resources System/South", "school_num": "9018", "school_type": "SPC", "grades": "0", "role": "district", "address": "6521 SW 62nd Ave", "city": "South Miami", "enrollment_2526": 0}}, {"type": "Feature", "geometry": {"type": "Point", "coordinates": [-80.239725834604, 25.9344527491249]}, "properties": {"id": "MDC-8016", "county": "miamidade", "name": "Tap - Teenage Parent Program", "school_num": "8016", "school_type": "E", "grades": "PK", "role": "district", "address": "2349 NW 175th St", "city": "Miami Gardens", "enrollment_2526": 47}}, {"type": "Feature", "geometry": {"type": "Point", "coordinates": [-80.1832976973997, 25.8969487226882]}, "properties": {"id": "MDC-7591", "county": "miamidade", "name": "North Miami Senior High", "school_num": "7591", "school_type": "S", "grades": "9-12", "role": "district", "address": "13110 NE 8th Ave", "city": "North Miami", "enrollment_2526": 1532}}, {"type": "Feature", "geometry": {"type": "Point", "coordinates": [-80.4489538694614, 25.7202418724654]}, "properties": {"id": "MDC-6921", "county": "miamidade", "name": "Lamar Louise Curry Middle", "school_num": "6921", "school_type": "M", "grades": "6-8", "role": "district", "address": "15750 SW 47th St", "city": "Miami-Dade", "enrollment_2526": 556}}, {"type": "Feature", "geometry": {"type": "Point", "coordinates": [-80.3507869561731, 25.6700983775865]}, "properties": {"id": "MDC-7361", "county": "miamidade", "name": "Miami Killian Senior High", "school_num": "7361", "school_type": "S", "grades": "9-12", "role": "district", "address": "10655 SW 97th Ave", "city": "Miami-Dade", "enrollment_2526": 526}}, {"type": "Feature", "geometry": {"type": "Point", "coordinates": [-80.3157069897434, 25.6608027448607]}, "properties": {"id": "MDC-7431", "county": "miamidade", "name": "Miami Palmetto Senior High", "school_num": "7431", "school_type": "S", "grades": "9-12", "role": "district", "address": "7431 SW 120th St", "city": "Miami", "enrollment_2526": 2619}}, {"type": "Feature", "geometry": {"type": "Point", "coordinates": [-80.2281339930424, 25.839409300881]}, "properties": {"id": "MDC-2981", "county": "miamidade", "name": "Liberty City Elementary", "school_num": "2981", "school_type": "E", "grades": "PK-5", "role": "district", "address": "1855 NW 71st St", "city": "Miami-Dade", "enrollment_2526": 304}}, {"type": "Feature", "geometry": {"type": "Point", "coordinates": [-80.3157069897434, 25.6608027448607]}, "properties": {"id": "MDC-7432", "county": "miamidade", "name": "Miami Palmetto Adult Education", "school_num": "7432", "school_type": "O", "grades": "0", "role": "district", "address": "7431 SW 120th St", "city": "Miami", "enrollment_2526": 0}}, {"type": "Feature", "geometry": {"type": "Point", "coordinates": [-80.4417218969267, 25.7043218163768]}, "properties": {"id": "MDC-0451", "county": "miamidade", "name": "Doolin/Bowman Foster Ashe Elementary", "school_num": "0451", "school_type": "E", "grades": "PK-8", "role": "district", "address": "6601 SW 152nd Ave", "city": "Miami-Dade", "enrollment_2526": 852}}, {"type": "Feature", "geometry": {"type": "Point", "coordinates": [-80.2140201214391, 25.8491879152057]}, "properties": {"id": "MDC-0101", "county": "miamidade", "name": "Arcola Lake Elementary", "school_num": "0101", "school_type": "E", "grades": "PK-5", "role": "district", "address": "1037 NW 81st St", "city": "Miami-Dade", "enrollment_2526": 588}}, {"type": "Feature", "geometry": {"type": "Point", "coordinates": [-80.4744360081218, 25.4742148497226]}, "properties": {"id": "MDC-7551", "county": "miamidade", "name": "School For Advanced Studies Homestead", "school_num": "7551", "school_type": "S", "grades": "11-12", "role": "district", "address": "500 College Ter", "city": "Homestead", "enrollment_2526": 133}}, {"type": "Feature", "geometry": {"type": "Point", "coordinates": [-80.2037501651911, 25.7864813026628]}, "properties": {"id": "MDC-9797", "county": "miamidade", "name": "Chapman House", "school_num": "9797", "school_type": "O", "grades": "0", "role": "district", "address": "526 NW 13th St", "city": "Miami", "enrollment_2526": 0}}, {"type": "Feature", "geometry": {"type": "Point", "coordinates": [-80.2471240026529, 25.8722772734448]}, "properties": {"id": "MDC-8211", "county": "miamidade", "name": "Nathaniel Traz Powell Football Stadium", "school_num": "8211", "school_type": "O", "grades": "0", "role": "district", "address": "11380 NW 27th Ave", "city": "Miami-Dade", "enrollment_2526": 0}}, {"type": "Feature", "geometry": {"type": "Point", "coordinates": [-80.1982069265758, 25.7772752087001]}, "properties": {"id": "MDC-7033", "county": "miamidade", "name": "Law Enforcement Officers Memorial Senior High", "school_num": "7033", "school_type": "S", "grades": "9-12", "role": "district", "address": "300 NW 2nd Ave", "city": "Miami", "enrollment_2526": 279}}, {"type": "Feature", "geometry": {"type": "Point", "coordinates": [-80.318858863665, 25.6439858493146]}, "properties": {"id": "MDC-2541", "county": "miamidade", "name": "Howard Drive Elementary", "school_num": "2541", "school_type": "E", "grades": "PK-5", "role": "district", "address": "7750 SW 136th St", "city": "Palmetto Bay", "enrollment_2526": 306}}, {"type": "Feature", "geometry": {"type": "Point", "coordinates": [-80.2637101367328, 25.7333511760936]}, "properties": {"id": "MDC-7072", "county": "miamidade", "name": "Coral Gables Adult Education", "school_num": "7072", "school_type": "O", "grades": "0", "role": "district", "address": "450 Bird Rd", "city": "Coral Gables", "enrollment_2526": 0}}, {"type": "Feature", "geometry": {"type": "Point", "coordinates": [-80.4953434941642, 25.4639711791179]}, "properties": {"id": "MDC-5791", "county": "miamidade", "name": "West Homestead K-8 Center", "school_num": "5791", "school_type": "E", "grades": "PK-8", "role": "district", "address": "1550 SW 6th St", "city": "Homestead", "enrollment_2526": 847}}, {"type": "Feature", "geometry": {"type": "Point", "coordinates": [-80.2008200817198, 25.7853264705278]}, "properties": {"id": "MDC-1361", "county": "miamidade", "name": "Frederick Douglass Elementary", "school_num": "1361", "school_type": "E", "grades": "PK-5", "role": "district", "address": "314 NW 12th St", "city": "Miami", "enrollment_2526": 173}}, {"type": "Feature", "geometry": {"type": "Point", "coordinates": [-80.2755312499145, 25.8655453309783]}, "properties": {"id": "MDC-7112", "county": "miamidade", "name": "Hialeah Adult Education Center", "school_num": "7112", "school_type": "O", "grades": "0", "role": "district", "address": "251 E 47th St", "city": "Hialeah", "enrollment_2526": 0}}, {"type": "Feature", "geometry": {"type": "Point", "coordinates": [-80.2389212234855, 25.9650125031752]}, "properties": {"id": "MDC-8151", "county": "miamidade", "name": "Robert Renick Education Center", "school_num": "8151", "school_type": "SPC", "grades": "PK-12", "role": "district", "address": "2201 NW 207th St", "city": "Miami Gardens", "enrollment_2526": 24}}, {"type": "Feature", "geometry": {"type": "Point", "coordinates": [-80.2573779149899, 25.9409174584568]}, "properties": {"id": "MDC-7231", "county": "miamidade", "name": "Miami Carol City Senior High", "school_num": "7231", "school_type": "S", "grades": "9-12", "role": "district", "address": "3301 Miami Gardens Dr", "city": "Miami Gardens", "enrollment_2526": 916}}, {"type": "Feature", "geometry": {"type": "Point", "coordinates": [-80.4479713667638, 25.63325279251]}, "properties": {"id": "MDC-6771", "county": "miamidade", "name": "Jorge Mas Canosa Middle", "school_num": "6771", "school_type": "M", "grades": "6-8", "role": "district", "address": "15735 SW 144th St", "city": "Miami-Dade", "enrollment_2526": 952}}, {"type": "Feature", "geometry": {"type": "Point", "coordinates": [-80.2933399659432, 25.8484832374228]}, "properties": {"id": "MDC-6171", "county": "miamidade", "name": "Henry H. Filer Middle", "school_num": "6171", "school_type": "M", "grades": "6-8", "role": "district", "address": "531 W 29th St", "city": "Hialeah", "enrollment_2526": 651}}, {"type": "Feature", "geometry": {"type": "Point", "coordinates": [-80.2844389110341, 25.7071230856724]}, "properties": {"id": "MDC-7571", "county": "miamidade", "name": "International Studies Preparatory Academy", "school_num": "7571", "school_type": "S", "grades": "9-12", "role": "district", "address": "1570 Madruga Ave", "city": "Coral Gables", "enrollment_2526": 349}}, {"type": "Feature", "geometry": {"type": "Point", "coordinates": [-80.2202158639374, 25.8794307301708]}, "properties": {"id": "MDC-2821", "county": "miamidade", "name": "Lakeview Elementary", "school_num": "2821", "school_type": "E", "grades": "PK-5", "role": "district", "address": "1290 NW 115th St", "city": "Miami-Dade", "enrollment_2526": 319}}, {"type": "Feature", "geometry": {"type": "Point", "coordinates": [-80.3729041243569, 25.6983237067238]}, "properties": {"id": "MDC-8181", "county": "miamidade", "name": "Ruth Owens Kruse Educational Center", "school_num": "8181", "school_type": "SPC", "grades": "PK-12", "role": "district", "address": "11001 SW 76th St", "city": "Miami-Dade", "enrollment_2526": 63}}, {"type": "Feature", "geometry": {"type": "Point", "coordinates": [-80.1306678995247, 25.8144707379169]}, "properties": {"id": "MDC-3741", "county": "miamidade", "name": "North Beach Elementary", "school_num": "3741", "school_type": "E", "grades": "PK-5", "role": "district", "address": "4100 Prairie Ave", "city": "Miami Beach", "enrollment_2526": 862}}, {"type": "Feature", "geometry": {"type": "Point", "coordinates": [-80.3052113901707, 25.8738279267318]}, "properties": {"id": "MDC-6681", "county": "miamidade", "name": "Palm Springs Middle", "school_num": "6681", "school_type": "M", "grades": "6-8", "role": "district", "address": "1025 W 56th St", "city": "Hialeah", "enrollment_2526": 561}}, {"type": "Feature", "geometry": {"type": "Point", "coordinates": [-80.3729041243569, 25.6983237067238]}, "properties": {"id": "MDC-9732", "county": "miamidade", "name": "Brucie Ball Educational Center", "school_num": "9732", "school_type": "SPC", "grades": "PK-12", "role": "district", "address": "11001 SW 76th St", "city": "Miami-Dade", "enrollment_2526": 389}}, {"type": "Feature", "geometry": {"type": "Point", "coordinates": [-80.3031225214709, 25.9442260047223]}, "properties": {"id": "MDC-2181", "county": "miamidade", "name": "Joella C. Good Elementary", "school_num": "2181", "school_type": "E", "grades": "PK-5", "role": "district", "address": "6350 NW 188th Ter", "city": "Miami-Dade", "enrollment_2526": 898}}, {"type": "Feature", "geometry": {"type": "Point", "coordinates": [-80.2291973791499, 25.8680917694168]}, "properties": {"id": "MDC-7602", "county": "miamidade", "name": "William H. Turner Technical Adult Education", "school_num": "7602", "school_type": "O", "grades": "0", "role": "district", "address": "10151 NW 19th Ave", "city": "Miami-Dade", "enrollment_2526": 0}}, {"type": "Feature", "geometry": {"type": "Point", "coordinates": [-80.194447597486, 25.7618877548362]}, "properties": {"id": "MDC-5321", "county": "miamidade", "name": "Southside Preparatory Academy", "school_num": "5321", "school_type": "E", "grades": "PK-8", "role": "district", "address": "45 SW 13th St", "city": "Miami", "enrollment_2526": 920}}, {"type": "Feature", "geometry": {"type": "Point", "coordinates": [-80.4458824603347, 25.4814841276451]}, "properties": {"id": "MDC-0651", "county": "miamidade", "name": "Campbell Drive K-8 Center", "school_num": "0651", "school_type": "E", "grades": "PK-8", "role": "district", "address": "15790 SW 307th St", "city": "Miami-Dade", "enrollment_2526": 775}}, {"type": "Feature", "geometry": {"type": "Point", "coordinates": [-80.2431364574635, 25.7288920509693]}, "properties": {"id": "MDC-0841", "county": "miamidade", "name": "Coconut Grove Elementary", "school_num": "0841", "school_type": "E", "grades": "PK-5", "role": "district", "address": "3351 Matilda St", "city": "Miami", "enrollment_2526": 512}}, {"type": "Feature", "geometry": {"type": "Point", "coordinates": [-80.4011654735382, 25.6665411157604]}, "properties": {"id": "MDC-6021", "county": "miamidade", "name": "Arvida Middle", "school_num": "6021", "school_type": "M", "grades": "6-8", "role": "district", "address": "10900 SW 127th Ave", "city": "Miami-Dade", "enrollment_2526": 1000}}, {"type": "Feature", "geometry": {"type": "Point", "coordinates": [-80.4497530296028, 25.6767296987124]}, "properties": {"id": "MDC-2521", "county": "miamidade", "name": "Oliver Hoover Elementary Plc-U", "school_num": "2521", "school_type": "PLC", "grades": "0", "role": "district", "address": "15700 SW 96th St", "city": "Miami-Dade", "enrollment_2526": 544}}, {"type": "Feature", "geometry": {"type": "Point", "coordinates": [-80.363073080465, 25.7253426942094]}, "properties": {"id": "MDC-5521", "county": "miamidade", "name": "Tropical Elementary", "school_num": "5521", "school_type": "E", "grades": "PK-5", "role": "district", "address": "4545 SW 104th Ave", "city": "Miami-Dade", "enrollment_2526": 370}}, {"type": "Feature", "geometry": {"type": "Point", "coordinates": [-80.3489447998846, 25.5872095182358]}, "properties": {"id": "MDC-6111", "county": "miamidade", "name": "Cutler Bay Middle", "school_num": "6111", "school_type": "M", "grades": "6-8", "role": "district", "address": "19400 Gulfstream Rd", "city": "Cutler Bay", "enrollment_2526": 884}}, {"type": "Feature", "geometry": {"type": "Point", "coordinates": [-80.4058918129802, 25.7124316768853]}, "properties": {"id": "MDC-6441", "county": "miamidade", "name": "Howard D. Mcmillan Middle", "school_num": "6441", "school_type": "M", "grades": "6-8", "role": "district", "address": "13100 SW 59th St", "city": "Miami-Dade", "enrollment_2526": 952}}, {"type": "Feature", "geometry": {"type": "Point", "coordinates": [-80.2527306102249, 25.9483980374767]}, "properties": {"id": "MDC-0461", "county": "miamidade", "name": "Brentwood Elementary Plc-D1", "school_num": "0461", "school_type": "PLC", "grades": "0", "role": "district", "address": "3101 NW 191st St", "city": "Miami Gardens", "enrollment_2526": 303}}, {"type": "Feature", "geometry": {"type": "Point", "coordinates": [-80.2851619344636, 25.9401710053106]}, "properties": {"id": "MDC-2801", "county": "miamidade", "name": "Lake Stevens Elementary", "school_num": "2801", "school_type": "E", "grades": "PK-5", "role": "district", "address": "5101 NW 183rd St", "city": "Miami-Dade", "enrollment_2526": 214}}, {"type": "Feature", "geometry": {"type": "Point", "coordinates": [-80.2946440511395, 25.8831537439494]}, "properties": {"id": "MDC-5601", "county": "miamidade", "name": "Twin Lakes Elementary", "school_num": "5601", "school_type": "E", "grades": "PK-5", "role": "district", "address": "6735 W 5TH Pl", "city": "Hialeah", "enrollment_2526": 342}}, {"type": "Feature", "geometry": {"type": "Point", "coordinates": [-80.3826460401011, 25.8277070035063]}, "properties": {"id": "MDC-0071", "county": "miamidade", "name": "Eugenia B. Thomas K-8 Center", "school_num": "0071", "school_type": "E", "grades": "PK-8", "role": "district", "address": "5950 NW 114th Ave", "city": "Doral", "enrollment_2526": 709}}, {"type": "Feature", "geometry": {"type": "Point", "coordinates": [-80.3373069223596, 25.8632300120978]}, "properties": {"id": "MDC-9236", "county": "miamidade", "name": "Transportation Center Northwest", "school_num": "9236", "school_type": "A", "grades": "0", "role": "district", "address": "9900 NW South River Drive", "city": "Medley", "enrollment_2526": 0}}, {"type": "Feature", "geometry": {"type": "Point", "coordinates": [-80.3235869027196, 25.6858486922292]}, "properties": {"id": "MDC-9575", "county": "miamidade", "name": "South Region Office Annex", "school_num": "9575", "school_type": "A", "grades": "0", "role": "district", "address": "9040 SW 79th Ave", "city": "Miami-Dade", "enrollment_2526": 0}}, {"type": "Feature", "geometry": {"type": "Point", "coordinates": [-80.3741425876216, 25.6751620684153]}, "properties": {"id": "MDC-7091", "county": "miamidade", "name": "School For Advanced Studies South", "school_num": "7091", "school_type": "S", "grades": "11-12", "role": "district", "address": "11011 SW 104th St", "city": "Miami-Dade", "enrollment_2526": 300}}, {"type": "Feature", "geometry": {"type": "Point", "coordinates": [-80.166771842072, 25.6908134242885]}, "properties": {"id": "MDC-2741", "county": "miamidade", "name": "Key Biscayne K-8 Center", "school_num": "2741", "school_type": "E", "grades": "PK-8", "role": "district", "address": "150 W McIntyre St", "city": "Key Biscayne", "enrollment_2526": 803}}, {"type": "Feature", "geometry": {"type": "Point", "coordinates": [-80.4805781301808, 25.482374764288]}, "properties": {"id": "MDC-7171", "county": "miamidade", "name": "Medical Academy For Science And Technology", "school_num": "7171", "school_type": "S", "grades": "9-12", "role": "district", "address": "1220 NW 1st Ave", "city": "Homestead", "enrollment_2526": 576}}, {"type": "Feature", "geometry": {"type": "Point", "coordinates": [-80.2136582971106, 25.7713998926817]}, "properties": {"id": "MDC-4681", "county": "miamidade", "name": "Riverside Elementary", "school_num": "4681", "school_type": "E", "grades": "PK-5", "role": "district", "address": "1190 SW 2nd St", "city": "Miami", "enrollment_2526": 675}}, {"type": "Feature", "geometry": {"type": "Point", "coordinates": [-80.4664226414271, 25.6784519740365]}, "properties": {"id": "MDC-3031", "county": "miamidade", "name": "Kendall Square K-8 Center", "school_num": "3031", "school_type": "E", "grades": "K-6", "role": "district", "address": "9325 SW 169th Pl", "city": "Miami-Dade", "enrollment_2526": 603}}, {"type": "Feature", "geometry": {"type": "Point", "coordinates": [-80.3086153250729, 25.7688031240866]}, "properties": {"id": "MDC-9181", "county": "miamidade", "name": "Stores And Distribution Complex", "school_num": "9181", "school_type": "A", "grades": "0", "role": "district", "address": "7001 SW 4th St", "city": "Miami", "enrollment_2526": 0}}, {"type": "Feature", "geometry": {"type": "Point", "coordinates": [-80.3057944282312, 25.9183736566677]}, "properties": {"id": "MDC-6501", "county": "miamidade", "name": "Miami Lakes Middle", "school_num": "6501", "school_type": "M", "grades": "6-8", "role": "district", "address": "6425 Miami Lakeway N", "city": "Miami Lakes", "enrollment_2526": 993}}, {"type": "Feature", "geometry": {"type": "Point", "coordinates": [-80.3061486168797, 25.8760574135513]}, "properties": {"id": "MDC-1481", "county": "miamidade", "name": "John G. Dupuis Elementary", "school_num": "1481", "school_type": "E", "grades": "PK-5", "role": "district", "address": "1150 W 59th Pl", "city": "Hialeah", "enrollment_2526": 479}}, {"type": "Feature", "geometry": {"type": "Point", "coordinates": [-80.2355150293204, 25.7434580646767]}, "properties": {"id": "MDC-5041", "county": "miamidade", "name": "Silver Bluff Elementary", "school_num": "5041", "school_type": "E", "grades": "PK-5", "role": "district", "address": "2609 SW 25th Ave", "city": "Miami", "enrollment_2526": 351}}, {"type": "Feature", "geometry": {"type": "Point", "coordinates": [-80.3539216066958, 25.7700012192491]}, "properties": {"id": "MDC-5381", "county": "miamidade", "name": "E.W.F. Stirrup Elementary", "school_num": "5381", "school_type": "E", "grades": "PK-5", "role": "district", "address": "330 NW 97th Ave", "city": "Miami-Dade", "enrollment_2526": 538}}, {"type": "Feature", "geometry": {"type": "Point", "coordinates": [-80.4427528781069, 25.6742421899347]}, "properties": {"id": "MDC-6221", "county": "miamidade", "name": "Hammocks Middle", "school_num": "6221", "school_type": "M", "grades": "6-8", "role": "district", "address": "9889 Hammocks Blvd", "city": "Miami-Dade", "enrollment_2526": 458}}, {"type": "Feature", "geometry": {"type": "Point", "coordinates": [-80.5063865091047, 25.4960228332893]}, "properties": {"id": "MDC-5003", "county": "miamidade", "name": "South Dade Middle", "school_num": "5003", "school_type": "M", "grades": "4-8", "role": "district", "address": "29100 SW 194th Ave", "city": "Miami-Dade", "enrollment_2526": 1223}}, {"type": "Feature", "geometry": {"type": "Point", "coordinates": [-80.3052934449837, 25.7207481706812]}, "properties": {"id": "MDC-7721", "county": "miamidade", "name": "South Miami Senior High", "school_num": "7721", "school_type": "S", "grades": "9-12", "role": "district", "address": "6856 SW 53rd St", "city": "Miami-Dade", "enrollment_2526": 1535}}, {"type": "Feature", "geometry": {"type": "Point", "coordinates": [-80.2399532601862, 25.9039659433105]}, "properties": {"id": "MDC-5971", "county": "miamidade", "name": "Nathan B. Young Elementary", "school_num": "5971", "school_type": "E", "grades": "PK-5", "role": "district", "address": "14120 NW 24th Ave", "city": "Opa-Locka", "enrollment_2526": 305}}, {"type": "Feature", "geometry": {"type": "Point", "coordinates": [-80.3669377010893, 25.6212517004178]}, "properties": {"id": "MDC-0861", "county": "miamidade", "name": "Johnnie M. Parris Colonial Drive Elementary", "school_num": "0861", "school_type": "E", "grades": "PK-5", "role": "district", "address": "10755 SW 160th St", "city": "Miami-Dade", "enrollment_2526": 262}}, {"type": "Feature", "geometry": {"type": "Point", "coordinates": [-80.3763581421327, 25.7169168736356]}, "properties": {"id": "MDC-1281", "county": "miamidade", "name": "Cypress K-8 Center", "school_num": "1281", "school_type": "E", "grades": "PK-8", "role": "district", "address": "5400 SW 112th Ct", "city": "Miami-Dade", "enrollment_2526": 375}}, {"type": "Feature", "geometry": {"type": "Point", "coordinates": [-80.2446031664723, 25.8883957637128]}, "properties": {"id": "MDC-9251", "county": "miamidade", "name": "Maintenance Service Center 1", "school_num": "9251", "school_type": "A", "grades": "0", "role": "district", "address": "12525 NW 28th Ave", "city": "Miami-Dade", "enrollment_2526": 0}}, {"type": "Feature", "geometry": {"type": "Point", "coordinates": [-80.3339693855334, 25.9346336808185]}, "properties": {"id": "MDC-4281", "county": "miamidade", "name": "Palm Springs North Elementary", "school_num": "4281", "school_type": "E", "grades": "PK-5", "role": "district", "address": "17615 NW 82nd Ave", "city": "Miami-Dade", "enrollment_2526": 1541}}, {"type": "Feature", "geometry": {"type": "Point", "coordinates": [-80.4258923913527, 25.7218274342673]}, "properties": {"id": "MDC-0251", "county": "miamidade", "name": "Ethel Koger Beckham K-8 Center", "school_num": "0251", "school_type": "E", "grades": "PK-8", "role": "district", "address": "4702 SW 143rd Ct", "city": "Miami-Dade", "enrollment_2526": 808}}, {"type": "Feature", "geometry": {"type": "Point", "coordinates": [-80.3568268679191, 25.6297263845083]}, "properties": {"id": "MDC-7101", "county": "miamidade", "name": "Coral Reef Senior High", "school_num": "7101", "school_type": "S", "grades": "9-12", "role": "district", "address": "10101 SW 152nd St", "city": "Miami-Dade", "enrollment_2526": 3474}}, {"type": "Feature", "geometry": {"type": "Point", "coordinates": [-80.1394742827826, 25.9102493520505]}, "properties": {"id": "MDC-7031", "county": "miamidade", "name": "Mast @ Fiu Biscayne Bay Campus", "school_num": "7031", "school_type": "S", "grades": "9-12", "role": "district", "address": "3000 NE 151st St", "city": "North Miami", "enrollment_2526": 518}}, {"type": "Feature", "geometry": {"type": "Point", "coordinates": [-80.3358626865043, 25.6153780403675]}, "properties": {"id": "MDC-4381", "county": "miamidade", "name": "Dr. Henry E. Perrine Academy Of The Arts", "school_num": "4381", "school_type": "E", "grades": "K-5", "role": "district", "address": "8851 SW 168th St", "city": "Palmetto Bay", "enrollment_2526": 490}}, {"type": "Feature", "geometry": {"type": "Point", "coordinates": [-80.1832976973997, 25.8969487226882]}, "properties": {"id": "MDC-7592", "county": "miamidade", "name": "North Miami Adult Education", "school_num": "7592", "school_type": "O", "grades": "0", "role": "district", "address": "13110 NE 8th Ave", "city": "North Miami", "enrollment_2526": 0}}, {"type": "Feature", "geometry": {"type": "Point", "coordinates": [-80.1786243190336, 25.9298100391068]}, "properties": {"id": "MDC-6301", "county": "miamidade", "name": "John F. Kennedy Middle", "school_num": "6301", "school_type": "M", "grades": "6-8", "role": "district", "address": "1075 NE 167th St", "city": "Miami-Dade", "enrollment_2526": 884}}, {"type": "Feature", "geometry": {"type": "Point", "coordinates": [-80.3093040355535, 25.7672987364717]}, "properties": {"id": "MDC-9231", "county": "miamidade", "name": "Transportation Center Central East", "school_num": "9231", "school_type": "A", "grades": "0", "role": "district", "address": "7011 SW 4th St", "city": "Miami", "enrollment_2526": 0}}, {"type": "Feature", "geometry": {"type": "Point", "coordinates": [-80.312602721142, 25.6523384845001]}, "properties": {"id": "MDC-6701", "county": "miamidade", "name": "Palmetto Middle", "school_num": "6701", "school_type": "M", "grades": "6-8", "role": "district", "address": "7351 SW 128th St", "city": "Pinecrest", "enrollment_2526": 688}}, {"type": "Feature", "geometry": {"type": "Point", "coordinates": [-80.193208512587, 25.7763842956757]}, "properties": {"id": "MDC-7901", "county": "miamidade", "name": "New World School Of The Arts", "school_num": "7901", "school_type": "S", "grades": "9-12", "role": "district", "address": "25 NE 2nd St", "city": "Miami", "enrollment_2526": 477}}, {"type": "Feature", "geometry": {"type": "Point", "coordinates": [-80.3798460784971, 25.6670810203832]}, "properties": {"id": "MDC-2891", "county": "miamidade", "name": "William Lehman Elementary", "school_num": "2891", "school_type": "E", "grades": "PK-5", "role": "district", "address": "10990 SW 113th Pl", "city": "Miami-Dade", "enrollment_2526": 433}}, {"type": "Feature", "geometry": {"type": "Point", "coordinates": [-80.2048320556951, 25.7705577415777]}, "properties": {"id": "MDC-3191", "county": "miamidade", "name": "Ada Merritt K-8 Center", "school_num": "3191", "school_type": "E", "grades": "K-8", "role": "district", "address": "660 SW 3rd St", "city": "Miami", "enrollment_2526": 770}}, {"type": "Feature", "geometry": {"type": "Point", "coordinates": [-80.218824110356, 25.8176425454327]}, "properties": {"id": "MDC-6011", "county": "miamidade", "name": "Georgia Jones-Ayers Middle", "school_num": "6011", "school_type": "M", "grades": "6-8", "role": "district", "address": "1331 NW 46th St", "city": "Miami", "enrollment_2526": 455}}, {"type": "Feature", "geometry": {"type": "Point", "coordinates": [-80.1321085070846, 25.8841424470621]}, "properties": {"id": "MDC-0241", "county": "miamidade", "name": "Ruth K. Broad/Bay Harbor K-8 Center", "school_num": "0241", "school_type": "E", "grades": "PK-8", "role": "district", "address": "1155 93rd St", "city": "Bay Harbor Islands", "enrollment_2526": 1253}}, {"type": "Feature", "geometry": {"type": "Point", "coordinates": [-80.2388404514667, 25.8503781312687]}, "properties": {"id": "MDC-5861", "county": "miamidade", "name": "Dr. Henry W. Mack/West Little K-8 Center", "school_num": "5861", "school_type": "E", "grades": "PK-8", "role": "district", "address": "2450 NW 84th St", "city": "Miami-Dade", "enrollment_2526": 360}}, {"type": "Feature", "geometry": {"type": "Point", "coordinates": [-80.3578821000187, 25.7089333895429]}, "properties": {"id": "MDC-5121", "county": "miamidade", "name": "Snapper Creek Elementary", "school_num": "5121", "school_type": "E", "grades": "PK-5", "role": "district", "address": "10151 SW 64th St", "city": "Miami-Dade", "enrollment_2526": 358}}, {"type": "Feature", "geometry": {"type": "Point", "coordinates": [-80.2047780328105, 25.8357610382954]}, "properties": {"id": "MDC-1601", "county": "miamidade", "name": "Edison Park K-8 Center", "school_num": "1601", "school_type": "E", "grades": "PK-8", "role": "district", "address": "500 NW 67th St", "city": "Miami", "enrollment_2526": 420}}, {"type": "Feature", "geometry": {"type": "Point", "coordinates": [-80.2311864971239, 25.8258996875707]}, "properties": {"id": "MDC-4071", "county": "miamidade", "name": "Agenoria S. Paschal/ Olinda Elementary School", "school_num": "4071", "school_type": "E", "grades": "PK-5", "role": "district", "address": "5536 NW 21st Ave", "city": "Miami-Dade", "enrollment_2526": 330}}, {"type": "Feature", "geometry": {"type": "Point", "coordinates": [-80.3305331606883, 25.8748510928611]}, "properties": {"id": "MDC-7291", "county": "miamidade", "name": "Jose Marti Mathematics & Science Technology Academy", "school_num": "7291", "school_type": "S", "grades": "6-12", "role": "district", "address": "5701 W 24th Ave", "city": "Hialeah", "enrollment_2526": 1049}}, {"type": "Feature", "geometry": {"type": "Point", "coordinates": [-80.2081198995164, 25.9098968455259]}, "properties": {"id": "MDC-6281", "county": "miamidade", "name": "Thomas Jefferson Biscayne Gardens K-8 Academy", "school_num": "6281", "school_type": "E", "grades": "PK-8", "role": "district", "address": "525 NW 147th St", "city": "Miami-Dade", "enrollment_2526": 728}}, {"type": "Feature", "geometry": {"type": "Point", "coordinates": [-80.2438988127293, 25.8861020573463]}, "properties": {"id": "MDC-9239", "county": "miamidade", "name": "Transportation Center John H Schee", "school_num": "9239", "school_type": "A", "grades": "0", "role": "district", "address": "2755 NW 122nd St", "city": "Miami-Dade", "enrollment_2526": 0}}, {"type": "Feature", "geometry": {"type": "Point", "coordinates": [-80.3986712867788, 25.514812154812]}, "properties": {"id": "MDC-0041", "county": "miamidade", "name": "Air Base K-8 Center For International Education", "school_num": "0041", "school_type": "E", "grades": "PK-8", "role": "district", "address": "12829 SW 272nd St", "city": "Miami-Dade", "enrollment_2526": 1140}}, {"type": "Feature", "geometry": {"type": "Point", "coordinates": [-80.2355477648277, 25.8195591825122]}, "properties": {"id": "MDC-6031", "county": "miamidade", "name": "Brownsville Middle", "school_num": "6031", "school_type": "M", "grades": "6-8", "role": "district", "address": "4899 NW 24th Ave", "city": "Miami-Dade", "enrollment_2526": 416}}, {"type": "Feature", "geometry": {"type": "Point", "coordinates": [-80.3543625779907, 25.7715476880999]}, "properties": {"id": "MDC-6121", "county": "miamidade", "name": "Ruben Dario Middle", "school_num": "6121", "school_type": "M", "grades": "6-8", "role": "district", "address": "350 NW 97th Ave", "city": "Miami-Dade", "enrollment_2526": 374}}, {"type": "Feature", "geometry": {"type": "Point", "coordinates": [-80.2810322659148, 25.8800125004592]}, "properties": {"id": "MDC-4261", "county": "miamidade", "name": "Palm Springs Elementary", "school_num": "4261", "school_type": "E", "grades": "PK-5", "role": "district", "address": "6304 E 1st Ave", "city": "Hialeah", "enrollment_2526": 544}}, {"type": "Feature", "geometry": {"type": "Point", "coordinates": [-80.3664117473719, 25.7989506803007]}, "properties": {"id": "MDC-9411", "county": "miamidade", "name": "Its Annex Warehouse", "school_num": "9411", "school_type": "A", "grades": "0", "role": "district", "address": "2740 NW 104th Ct", "city": "Doral", "enrollment_2526": 0}}, {"type": "Feature", "geometry": {"type": "Point", "coordinates": [-80.2139181725358, 25.8389830842578]}, "properties": {"id": "MDC-7411", "county": "miamidade", "name": "Miami Northwestern Senior High", "school_num": "7411", "school_type": "S", "grades": "9-12", "role": "district", "address": "1100 NW 71st St", "city": "Miami", "enrollment_2526": 1505}}, {"type": "Feature", "geometry": {"type": "Point", "coordinates": [-80.2292923346686, 25.8671751335582]}, "properties": {"id": "MDC-7601", "county": "miamidade", "name": "William H. Turner Technical Arts High School", "school_num": "7601", "school_type": "S", "grades": "9-12", "role": "district", "address": "10151 NW 19th Ave", "city": "Miami-Dade", "enrollment_2526": 1405}}, {"type": "Feature", "geometry": {"type": "Point", "coordinates": [-80.2478427429151, 25.9044497856251]}, "properties": {"id": "MDC-4121", "county": "miamidade", "name": "Dr. Robert  B. Ingram Elementary", "school_num": "4121", "school_type": "E", "grades": "PK-5", "role": "district", "address": "600 Ahmad St", "city": "Opa-Locka", "enrollment_2526": 220}}, {"type": "Feature", "geometry": {"type": "Point", "coordinates": [-80.220112977193, 25.8950695291288]}, "properties": {"id": "MDC-2041", "county": "miamidade", "name": "Benjamin Franklin K-8 Center", "school_num": "2041", "school_type": "E", "grades": "PK-8", "role": "district", "address": "13100 NW 12th Ave", "city": "North Miami", "enrollment_2526": 484}}, {"type": "Feature", "geometry": {"type": "Point", "coordinates": [-80.3579992331453, 25.6914147716495]}, "properties": {"id": "MDC-5421", "county": "miamidade", "name": "Sunset Park Elementary", "school_num": "5421", "school_type": "E", "grades": "PK-5", "role": "district", "address": "10235 SW 84th St", "city": "Miami-Dade", "enrollment_2526": 319}}, {"type": "Feature", "geometry": {"type": "Point", "coordinates": [-80.4171642073386, 25.514985488526]}, "properties": {"id": "MDC-0771", "county": "miamidade", "name": "William A. Chapman Elementary", "school_num": "0771", "school_type": "E", "grades": "PK-5", "role": "district", "address": "27190 SW 140th Ave", "city": "Miami-Dade", "enrollment_2526": 463}}, {"type": "Feature", "geometry": {"type": "Point", "coordinates": [-80.1323305005542, 25.7861969119854]}, "properties": {"id": "MDC-0761", "county": "miamidade", "name": "Miami Beach Fienberg/Fisher K-8 Center", "school_num": "0761", "school_type": "E", "grades": "PK-8", "role": "district", "address": "1420 Washington Ave", "city": "Miami Beach", "enrollment_2526": 836}}, {"type": "Feature", "geometry": {"type": "Point", "coordinates": [-80.3304762703814, 25.5711033562842]}, "properties": {"id": "MDC-6081", "county": "miamidade", "name": "Cutler Bay Senior High", "school_num": "6081", "school_type": "M", "grades": "9-12", "role": "district", "address": "8601 SW 212th St", "city": "Cutler Bay", "enrollment_2526": 604}}, {"type": "Feature", "geometry": {"type": "Point", "coordinates": [-80.1907411827597, 25.8134907576275]}, "properties": {"id": "MDC-7081", "county": "miamidade", "name": "Design & Architecture Senior High", "school_num": "7081", "school_type": "S", "grades": "9-12", "role": "district", "address": "4001 NE 2nd Ave", "city": "Miami", "enrollment_2526": 468}}, {"type": "Feature", "geometry": {"type": "Point", "coordinates": [-80.2169505148291, 25.8188307482948]}, "properties": {"id": "MDC-0081", "county": "miamidade", "name": "Lenora B. Smith Elementary", "school_num": "0081", "school_type": "E", "grades": "PK-5", "role": "district", "address": "4700 NW 12th Ave", "city": "Miami", "enrollment_2526": 294}}, {"type": "Feature", "geometry": {"type": "Point", "coordinates": [-80.3799875927987, 25.5659149251742]}, "properties": {"id": "MDC-7351", "county": "miamidade", "name": "Arthur & Polly Mays Conservatory Of The Arts", "school_num": "7351", "school_type": "S", "grades": "6-12", "role": "district", "address": "11700 SW 216th St", "city": "Miami-Dade", "enrollment_2526": 445}}, {"type": "Feature", "geometry": {"type": "Point", "coordinates": [-80.33890743004, 25.7553124985595]}, "properties": {"id": "MDC-7271", "county": "miamidade", "name": "Miami Coral Park Senior High", "school_num": "7271", "school_type": "S", "grades": "9-12", "role": "district", "address": "8865 SW 16th St", "city": "Miami-Dade", "enrollment_2526": 1949}}, {"type": "Feature", "geometry": {"type": "Point", "coordinates": [-80.2954746370444, 25.8512725478102]}, "properties": {"id": "MDC-5711", "county": "miamidade", "name": "Mae M. Walters Elementary", "school_num": "5711", "school_type": "E", "grades": "PK-5", "role": "district", "address": "650 W 33rd St", "city": "Hialeah", "enrollment_2526": 562}}, {"type": "Feature", "geometry": {"type": "Point", "coordinates": [-80.3817883421425, 25.6258059870312]}, "properties": {"id": "MDC-9264", "county": "miamidade", "name": "Maintenance Service Center 3", "school_num": "9264", "school_type": "A", "grades": "0", "role": "district", "address": "15301 SW 117th Ave", "city": "Miami-Dade", "enrollment_2526": 0}}, {"type": "Feature", "geometry": {"type": "Point", "coordinates": [-80.3923176779457, 25.7373094772877]}, "properties": {"id": "MDC-5641", "county": "miamidade", "name": "Village Green Elementary", "school_num": "5641", "school_type": "E", "grades": "PK-5", "role": "district", "address": "12265 SW 34th St", "city": "Miami-Dade", "enrollment_2526": 201}}, {"type": "Feature", "geometry": {"type": "Point", "coordinates": [-80.3235916224681, 25.6842891244735]}, "properties": {"id": "MDC-2701", "county": "miamidade", "name": "Kenwood K-8 Center", "school_num": "2701", "school_type": "E", "grades": "PK-8", "role": "district", "address": "9300 SW 79th Ave", "city": "Miami-Dade", "enrollment_2526": 636}}, {"type": "Feature", "geometry": {"type": "Point", "coordinates": [-80.2380735399458, 25.9451364223501]}, "properties": {"id": "MDC-1161", "county": "miamidade", "name": "Crestview Elementary", "school_num": "1161", "school_type": "E", "grades": "PK-5", "role": "district", "address": "2201 NW 187th St", "city": "Miami Gardens", "enrollment_2526": 255}}, {"type": "Feature", "geometry": {"type": "Point", "coordinates": [-80.4598714607236, 25.448776505484]}, "properties": {"id": "MDC-7151", "county": "miamidade", "name": "Homestead Senior High School", "school_num": "7151", "school_type": "S", "grades": "9-12", "role": "district", "address": "2351 SE 12th Ave", "city": "Homestead", "enrollment_2526": 2177}}, {"type": "Feature", "geometry": {"type": "Point", "coordinates": [-80.3922401533367, 25.5055516963884]}, "properties": {"id": "MDC-0351", "county": "miamidade", "name": "Chapman Partnership Early Childhood Center South", "school_num": "0351", "school_type": "E", "grades": "PK", "role": "district", "address": "28205 SW 124th Ct", "city": "Miami-Dade", "enrollment_2526": 77}}, {"type": "Feature", "geometry": {"type": "Point", "coordinates": [-80.247523338831, 25.8212293497878]}, "properties": {"id": "MDC-3041", "county": "miamidade", "name": "Lorah Park Elementary", "school_num": "3041", "school_type": "E", "grades": "PK-5", "role": "district", "address": "5160 NW 31st Ave", "city": "Miami-Dade", "enrollment_2526": 176}}, {"type": "Feature", "geometry": {"type": "Point", "coordinates": [-80.263211693921, 25.7336877368853]}, "properties": {"id": "MDC-7071", "county": "miamidade", "name": "Coral Gables Senior High", "school_num": "7071", "school_type": "S", "grades": "9-12", "role": "district", "address": "450 Bird Rd", "city": "Coral Gables", "enrollment_2526": 2931}}, {"type": "Feature", "geometry": {"type": "Point", "coordinates": [-80.3155736411277, 25.8774616198456]}, "properties": {"id": "MDC-3421", "county": "miamidade", "name": "M.A. Milam K-8 Center", "school_num": "3421", "school_type": "E", "grades": "PK-8", "role": "district", "address": "6020 W 16th Ave", "city": "Hialeah", "enrollment_2526": 1021}}, {"type": "Feature", "geometry": {"type": "Point", "coordinates": [-80.2962825288104, 25.890264643199]}, "properties": {"id": "MDC-3981", "county": "miamidade", "name": "North Twin Lakes Elementary", "school_num": "3981", "school_type": "E", "grades": "PK-5", "role": "district", "address": "625 W 74th Pl", "city": "Hialeah", "enrollment_2526": 538}}, {"type": "Feature", "geometry": {"type": "Point", "coordinates": [-80.2018826072413, 25.8568112869263]}, "properties": {"id": "MDC-6411", "county": "miamidade", "name": "Horace Mann Middle", "school_num": "6411", "school_type": "M", "grades": "6-8", "role": "district", "address": "8950 NW 2nd Ave", "city": "El Portal", "enrollment_2526": 314}}, {"type": "Feature", "geometry": {"type": "Point", "coordinates": [-80.3514425754136, 25.7572740292081]}, "properties": {"id": "MDC-1001", "county": "miamidade", "name": "Coral Park Elementary", "school_num": "1001", "school_type": "E", "grades": "PK-5", "role": "district", "address": "1225 SW 97th Ave", "city": "Miami-Dade", "enrollment_2526": 674}}, {"type": "Feature", "geometry": {"type": "Point", "coordinates": [-80.2157596847323, 25.869717729812]}, "properties": {"id": "MDC-0401", "county": "miamidade", "name": "Van E. Blanton Elementary", "school_num": "0401", "school_type": "E", "grades": "PK-5", "role": "district", "address": "10327 NW 11th Ave", "city": "Miami-Dade", "enrollment_2526": 357}}, {"type": "Feature", "geometry": {"type": "Point", "coordinates": [-80.2051157373736, 25.7865067996188]}, "properties": {"id": "MDC-7791", "county": "miamidade", "name": "Booker T. Washington Senior High", "school_num": "7791", "school_type": "S", "grades": "9-12", "role": "district", "address": "1200 NW 6th Ave", "city": "Miami", "enrollment_2526": 878}}, {"type": "Feature", "geometry": {"type": "Point", "coordinates": [-80.3753625267269, 25.6378464000588]}, "properties": {"id": "MDC-3101", "county": "miamidade", "name": "Frank C. Martin K-8 Center", "school_num": "3101", "school_type": "E", "grades": "PK-8", "role": "district", "address": "14250 Boggs Dr", "city": "Miami-Dade", "enrollment_2526": 563}}, {"type": "Feature", "geometry": {"type": "Point", "coordinates": [-80.2435762807114, 25.8142526875756]}, "properties": {"id": "MDC-9938", "county": "miamidade", "name": "Mdcps Police General Investigations Unit", "school_num": "9938", "school_type": "A", "grades": "0", "role": "district", "address": "2950 NW 43rd Ter", "city": "Miami-Dade", "enrollment_2526": 0}}, {"type": "Feature", "geometry": {"type": "Point", "coordinates": [-80.3317073144602, 25.9490400618293]}, "properties": {"id": "MDC-2191", "county": "miamidade", "name": "Spanish Lake Elementary", "school_num": "2191", "school_type": "E", "grades": "PK-5", "role": "district", "address": "7940 NW 194th St", "city": "Miami-Dade", "enrollment_2526": 1026}}, {"type": "Feature", "geometry": {"type": "Point", "coordinates": [-80.2261215107861, 25.7995816874583]}, "properties": {"id": "MDC-0881", "county": "miamidade", "name": "Comstock Elementary", "school_num": "0881", "school_type": "E", "grades": "PK-5", "role": "district", "address": "2420 NW 18th Ave", "city": "Miami", "enrollment_2526": 546}}, {"type": "Feature", "geometry": {"type": "Point", "coordinates": [-80.3138563093412, 25.6549307065699]}, "properties": {"id": "MDC-4221", "county": "miamidade", "name": "Palmetto Elementary", "school_num": "4221", "school_type": "E", "grades": "PK-5", "role": "district", "address": "12401 SW 74th Ave", "city": "Pinecrest", "enrollment_2526": 658}}, {"type": "Feature", "geometry": {"type": "Point", "coordinates": [-80.1487234303727, 25.9164824690614]}, "properties": {"id": "MDC-8231", "county": "miamidade", "name": "North Miami Stadium - Ronald L Book Athletic Stadium", "school_num": "8231", "school_type": "O", "grades": "0", "role": "district", "address": "2555 NE 151st St", "city": "North Miami", "enrollment_2526": 0}}, {"type": "Feature", "geometry": {"type": "Point", "coordinates": [-80.2738905381335, 25.7211770751455]}, "properties": {"id": "MDC-5831", "county": "miamidade", "name": "Henry S. West Laboratory School", "school_num": "5831", "school_type": "E", "grades": "K-8", "role": "district", "address": "5300 Carillo St", "city": "Coral Gables", "enrollment_2526": 375}}, {"type": "Feature", "geometry": {"type": "Point", "coordinates": [-80.1895105177699, 25.7897760144644]}, "properties": {"id": "MDC-7581", "county": "miamidade", "name": "Iprep Academy", "school_num": "7581", "school_type": "S", "grades": "PK-12", "role": "district", "address": "1500 Biscayne Blvd", "city": "Miami", "enrollment_2526": 746}}, {"type": "Feature", "geometry": {"type": "Point", "coordinates": [-80.2087998864573, 25.9127834643205]}, "properties": {"id": "MDC-0361", "county": "miamidade", "name": "District Office", "school_num": "0361", "school_type": "A", "grades": "0", "role": "district", "address": "560 NW 151st St", "city": "Miami-Dade", "enrollment_2526": 0, "status": "closed"}}, {"type": "Feature", "geometry": {"type": "Point", "coordinates": [-80.400539358565, 25.7394053019645]}, "properties": {"id": "MDC-2261", "county": "miamidade", "name": "Greenglade Elementary", "school_num": "2261", "school_type": "E", "grades": "PK-5", "role": "district", "address": "3060 SW 127th Ave", "city": "Miami-Dade", "enrollment_2526": 250}}, {"type": "Feature", "geometry": {"type": "Point", "coordinates": [-80.2756591403665, 25.7043833486117]}, "properties": {"id": "MDC-5401", "county": "miamidade", "name": "Sunset Elementary", "school_num": "5401", "school_type": "E", "grades": "PK-5", "role": "district", "address": "5120 SW 72nd St", "city": "Miami-Dade", "enrollment_2526": 1178}}, {"type": "Feature", "geometry": {"type": "Point", "coordinates": [-80.4240933910288, 25.4968700048367]}, "properties": {"id": "MDC-4391", "county": "miamidade", "name": "Irving & Beatrice Peskoe K-8 Center", "school_num": "4391", "school_type": "E", "grades": "PK-8", "role": "district", "address": "29035 SW 144th Ave", "city": "Miami-Dade", "enrollment_2526": 675}}, {"type": "Feature", "geometry": {"type": "Point", "coordinates": [-80.333603709229, 25.9519278858019]}, "properties": {"id": "MDC-6161", "county": "miamidade", "name": "Lawton Chiles Middle", "school_num": "6161", "school_type": "M", "grades": "6-8", "role": "district", "address": "8190 NW 197th St", "city": "Miami-Dade", "enrollment_2526": 627}}, {"type": "Feature", "geometry": {"type": "Point", "coordinates": [-80.4072498168564, 25.7470473573201]}, "properties": {"id": "MDC-2511", "county": "miamidade", "name": "Zora Neale Hurston Elementary", "school_num": "2511", "school_type": "E", "grades": "PK-5", "role": "district", "address": "13137 SW 26th St", "city": "Miami-Dade", "enrollment_2526": 420}}, {"type": "Feature", "geometry": {"type": "Point", "coordinates": [-80.3959379487278, 25.7513335864854]}, "properties": {"id": "MDC-3111", "county": "miamidade", "name": "Wesley Matthews Elementary", "school_num": "3111", "school_type": "E", "grades": "PK-5", "role": "district", "address": "12345 SW 18th Ter", "city": "Miami-Dade", "enrollment_2526": 456}}, {"type": "Feature", "geometry": {"type": "Point", "coordinates": [-80.2330304078222, 25.8176097522575]}, "properties": {"id": "MDC-1561", "county": "miamidade", "name": "Earlington Heights Elementary", "school_num": "1561", "school_type": "E", "grades": "PK-5", "role": "district", "address": "4750 NW 22nd Ave", "city": "Miami-Dade", "enrollment_2526": 321}}, {"type": "Feature", "geometry": {"type": "Point", "coordinates": [-80.1865632881548, 25.8367273311781]}, "properties": {"id": "MDC-3501", "county": "miamidade", "name": "Morningside K-8 Center", "school_num": "3501", "school_type": "E", "grades": "PK-8", "role": "district", "address": "6620 NE 5th Ave", "city": "Miami", "enrollment_2526": 408}}, {"type": "Feature", "geometry": {"type": "Point", "coordinates": [-80.2668255740881, 25.7739442938565]}, "properties": {"id": "MDC-6331", "county": "miamidade", "name": "Kinloch Park Middle", "school_num": "6331", "school_type": "M", "grades": "6-8", "role": "district", "address": "4340 NW 3rd St", "city": "Miami", "enrollment_2526": 702}}, {"type": "Feature", "geometry": {"type": "Point", "coordinates": [-80.37619917626, 25.5864676775928]}, "properties": {"id": "MDC-7731", "county": "miamidade", "name": "Miami Southridge Senior High", "school_num": "7731", "school_type": "S", "grades": "9-12", "role": "district", "address": "19355 SW 114th Ave", "city": "Miami-Dade", "enrollment_2526": 2163}}, {"type": "Feature", "geometry": {"type": "Point", "coordinates": [-80.3880646275892, 25.7691161223839]}, "properties": {"id": "MDC-6041", "county": "miamidade", "name": "Paul W. Bell Middle", "school_num": "6041", "school_type": "M", "grades": "6-8", "role": "district", "address": "11800 NW 2nd St", "city": "Miami-Dade", "enrollment_2526": 384}}, {"type": "Feature", "geometry": {"type": "Point", "coordinates": [-80.1654276533865, 25.9055142047433]}, "properties": {"id": "MDC-3661", "county": "miamidade", "name": "Natural Bridge Elementary", "school_num": "3661", "school_type": "E", "grades": "PK-5", "role": "district", "address": "1650 NE 141st St", "city": "North Miami", "enrollment_2526": 315}}, {"type": "Feature", "geometry": {"type": "Point", "coordinates": [-80.1664858894525, 25.7391827820552]}, "properties": {"id": "MDC-7161", "county": "miamidade", "name": "Maritime & Science Technology Academy", "school_num": "7161", "school_type": "S", "grades": "6-12", "role": "district", "address": "3979 Rickenbacker Cswy", "city": "Miami-Dade", "enrollment_2526": 1582}}, {"type": "Feature", "geometry": {"type": "Point", "coordinates": [-80.3035082284095, 25.7144505384296]}, "properties": {"id": "MDC-6881", "county": "miamidade", "name": "South Miami Middle", "school_num": "6881", "school_type": "M", "grades": "6-8", "role": "district", "address": "6750 SW 60th St", "city": "South Miami", "enrollment_2526": 658}}, {"type": "Feature", "geometry": {"type": "Point", "coordinates": [-80.1860430836553, 25.9328105934959]}, "properties": {"id": "MDC-4801", "county": "miamidade", "name": "Gertrude Edelman/Sabal Palm Elementary", "school_num": "4801", "school_type": "E", "grades": "PK-5", "role": "district", "address": "17101 NE 7th Ave", "city": "Miami-Dade", "enrollment_2526": 448}}, {"type": "Feature", "geometry": {"type": "Point", "coordinates": [-80.3596019381049, 25.6296885673231]}, "properties": {"id": "MDC-7008", "county": "miamidade", "name": "Biotech@Richmond Heights 9-12 High School", "school_num": "7008", "school_type": "S", "grades": "9-12", "role": "district", "address": "15015 SW 103rd Ave", "city": "Miami-Dade", "enrollment_2526": 295}}, {"type": "Feature", "geometry": {"type": "Point", "coordinates": [-80.2940401218588, 25.9160432473364]}, "properties": {"id": "MDC-7391", "county": "miamidade", "name": "Miami Lakes Educational Center Senior High", "school_num": "7391", "school_type": "S", "grades": "9-12", "role": "district", "address": "5780 NW 158th St", "city": "Miami Lakes", "enrollment_2526": 1106}}, {"type": "Feature", "geometry": {"type": "Point", "coordinates": [-80.3181231200912, 25.7485130285916]}, "properties": {"id": "MDC-6961", "county": "miamidade", "name": "West Miami Middle", "school_num": "6961", "school_type": "M", "grades": "6-8", "role": "district", "address": "7525 SW 24th St", "city": "Miami-Dade", "enrollment_2526": 467}}, {"type": "Feature", "geometry": {"type": "Point", "coordinates": [-80.3227663240469, 25.9397058982108]}, "properties": {"id": "MDC-6611", "county": "miamidade", "name": "Country Club Middle", "school_num": "6611", "school_type": "M", "grades": "6-8", "role": "district", "address": "18305 NW 75th Pl", "city": "Miami-Dade", "enrollment_2526": 495}}, {"type": "Feature", "geometry": {"type": "Point", "coordinates": [-80.3314138537215, 25.6601678913907]}, "properties": {"id": "MDC-5671", "county": "miamidade", "name": "Vineland K-8 Center", "school_num": "5671", "school_type": "E", "grades": "PK-8", "role": "district", "address": "8455 SW 119th St", "city": "Miami-Dade", "enrollment_2526": 642}}, {"type": "Feature", "geometry": {"type": "Point", "coordinates": [-80.4752682954359, 25.4774858513731]}, "properties": {"id": "MDC-7702", "county": "miamidade", "name": "South Dade Technical College", "school_num": "7702", "school_type": "O", "grades": "0", "role": "district", "address": "109 NE 8th St", "city": "Homestead", "enrollment_2526": 0}}, {"type": "Feature", "geometry": {"type": "Point", "coordinates": [-80.2682540858327, 25.8768674942856]}, "properties": {"id": "MDC-1521", "county": "miamidade", "name": "Amelia Earhart Elementary", "school_num": "1521", "school_type": "E", "grades": "PK-5", "role": "district", "address": "5987 E 7th Ave", "city": "Hialeah", "enrollment_2526": 454}}, {"type": "Feature", "geometry": {"type": "Point", "coordinates": [-80.355242767069, 25.8995708202361]}, "properties": {"id": "MDC-3001", "county": "miamidade", "name": "West Lakes Preparatory Academy", "school_num": "3001", "school_type": "E", "grades": "PK-8", "role": "district", "address": "8435 W 36th Ave", "city": "Hialeah", "enrollment_2526": 552}}, {"type": "Feature", "geometry": {"type": "Point", "coordinates": [-80.2030148986226, 25.9465021927056]}, "properties": {"id": "MDC-2401", "county": "miamidade", "name": "Hibiscus Elementary", "school_num": "2401", "school_type": "E", "grades": "PK-5", "role": "district", "address": "18701 NW 1st Ave", "city": "Miami Gardens", "enrollment_2526": 346}}, {"type": "Feature", "geometry": {"type": "Point", "coordinates": [-80.2359521163, 25.770947249108]}, "properties": {"id": "MDC-7462", "county": "miamidade", "name": "Miami Senior Adult Education", "school_num": "7462", "school_type": "O", "grades": "0", "role": "district", "address": "2450 SW 1st St", "city": "Miami", "enrollment_2526": 0}}, {"type": "Feature", "geometry": {"type": "Point", "coordinates": [-80.2724189000687, 25.8611756149556]}, "properties": {"id": "MDC-3901", "county": "miamidade", "name": "North Hialeah Elementary", "school_num": "3901", "school_type": "E", "grades": "PK-5", "role": "district", "address": "4251 E 5th Ave", "city": "Hialeah", "enrollment_2526": 455}}, {"type": "Feature", "geometry": {"type": "Point", "coordinates": [-80.1845850972879, 25.9005614957518]}, "properties": {"id": "MDC-6631", "county": "miamidade", "name": "North Miami Middle", "school_num": "6631", "school_type": "M", "grades": "6-8", "role": "district", "address": "700 NE 137th St", "city": "North Miami", "enrollment_2526": 632}}, {"type": "Feature", "geometry": {"type": "Point", "coordinates": [-80.3673522250839, 25.7653711717264]}, "properties": {"id": "MDC-5431", "county": "miamidade", "name": "Sweetwater Elementary", "school_num": "5431", "school_type": "E", "grades": "PK-5", "role": "district", "address": "10655 SW 4th St", "city": "Sweetwater", "enrollment_2526": 371}}, {"type": "Feature", "geometry": {"type": "Point", "coordinates": [-80.2297106971644, 25.8163226252889]}, "properties": {"id": "MDC-4401", "county": "miamidade", "name": "Kelsey L. Pharr Elementary", "school_num": "4401", "school_type": "E", "grades": "PK-5", "role": "district", "address": "2000 NW 46th St", "city": "Miami-Dade", "enrollment_2526": 258}}, {"type": "Feature", "geometry": {"type": "Point", "coordinates": [-80.4343121019831, 25.4991301946239]}, "properties": {"id": "MDC-2901", "county": "miamidade", "name": "Leisure City K-8 Center", "school_num": "2901", "school_type": "E", "grades": "PK-8", "role": "district", "address": "14950 SW 288th St", "city": "Miami-Dade", "enrollment_2526": 1054}}, {"type": "Feature", "geometry": {"type": "Point", "coordinates": [-80.3457615487084, 25.9012253846955]}, "properties": {"id": "MDC-7751", "county": "miamidade", "name": "Barbara Goleman Senior High", "school_num": "7751", "school_type": "S", "grades": "9-12", "role": "district", "address": "14100 NW 89th Ave", "city": "Miami Lakes", "enrollment_2526": 3009}}, {"type": "Feature", "geometry": {"type": "Point", "coordinates": [-80.2374691031169, 25.8214604497906]}, "properties": {"id": "MDC-8014", "county": "miamidade", "name": "Alternative Outreach-Ext. Yr", "school_num": "8014", "school_type": "O", "grades": "0", "role": "district", "address": "5120 NW 24th Ave", "city": "Miami", "enrollment_2526": 0}}, {"type": "Feature", "geometry": {"type": "Point", "coordinates": [-80.3629540285371, 25.84453600379]}, "properties": {"id": "MDC-3881", "county": "miamidade", "name": "Andrea Castillo Preparatory Academy", "school_num": "3881", "school_type": "E", "grades": "PK-5", "role": "district", "address": "10201 NW 78th St", "city": "Doral", "enrollment_2526": 446}}, {"type": "Feature", "geometry": {"type": "Point", "coordinates": [-80.1740020323493, 25.9700264142411]}, "properties": {"id": "MDC-7459", "county": "miamidade", "name": "Iprep Academy North", "school_num": "7459", "school_type": "S", "grades": "6-11", "role": "district", "address": "1420 NE 215th St", "city": "Miami-Dade", "enrollment_2526": 531}}, {"type": "Feature", "geometry": {"type": "Point", "coordinates": [-80.376292311792, 25.8197876755007]}, "properties": {"id": "MDC-7641", "county": "miamidade", "name": "J. C. Bermudez Doral Senior High School", "school_num": "7641", "school_type": "S", "grades": "9-12", "role": "district", "address": "5005 NW 112th Ave", "city": "Doral", "enrollment_2526": 1028}}, {"type": "Feature", "geometry": {"type": "Point", "coordinates": [-80.3939565571635, 25.5052942640844]}, "properties": {"id": "MDC-8021", "county": "miamidade", "name": "Title I Migrant Education Program", "school_num": "8021", "school_type": "E", "grades": "PK", "role": "district", "address": "28205 SW 125th Ave", "city": "Homestead", "enrollment_2526": 29}}, {"type": "Feature", "geometry": {"type": "Point", "coordinates": [-80.2374691031169, 25.8214604497906]}, "properties": {"id": "MDC-7013", "county": "miamidade", "name": "Metro West Detention Facility", "school_num": "7013", "school_type": "O", "grades": "0", "role": "district", "address": "5120 NW 24th Ave", "city": "Miami", "enrollment_2526": 0}}, {"type": "Feature", "geometry": {"type": "Point", "coordinates": [-80.2725449480761, 25.8111306711648]}, "properties": {"id": "MDC-9028", "county": "miamidade", "name": "Federal & State Compliance Office", "school_num": "9028", "school_type": "A", "grades": "0", "role": "district", "address": "489 East Dr", "city": "Miami Springs", "enrollment_2526": 0}}, {"type": "Feature", "geometry": {"type": "Point", "coordinates": [-80.1918880331368, 25.7892956151852]}, "properties": {"id": "MDC-8261", "county": "miamidade", "name": "K-12 Distance Learning", "school_num": "8261", "school_type": "ALT", "grades": "K-12", "role": "district", "address": "172 NE 15th St", "city": "Miami", "enrollment_2526": 0}}, {"type": "Feature", "geometry": {"type": "Point", "coordinates": [-80.2088025751149, 25.9127881854582]}, "properties": {"id": "MDC-7004", "county": "miamidade", "name": "Miami-Dade Virtual School", "school_num": "7004", "school_type": "", "grades": "6-12", "role": "district", "address": "560 NW 151st St", "city": "Miami-Dade", "enrollment_2526": 344}}, {"type": "Feature", "geometry": {"type": "Point", "coordinates": [-80.2416922548458, 25.8324982920374]}, "properties": {"id": "MDC-7777", "county": "miamidade", "name": "New Opportunity Educational Center", "school_num": "7777", "school_type": "", "grades": "6-12", "role": "district", "address": "6300 NW 27th Ave", "city": "Miami-Dade", "enrollment_2526": 10}}, {"type": "Feature", "geometry": {"type": "Point", "coordinates": [-80.1895131974444, 25.7897807049267]}, "properties": {"id": "MDC-4081", "county": "miamidade", "name": "Primary Learning Center", "school_num": "4081", "school_type": "", "grades": "PK-4", "role": "district", "address": "1500 Biscayne Blvd, #101", "city": "Miami", "enrollment_2526": 0}}, {"type": "Feature", "geometry": {"type": "Point", "coordinates": [-80.3684952405531, 25.6780239235753]}, "properties": {"id": "MDC-4037", "county": "miamidade", "name": "Somerset Academy Kendall", "school_num": "4037", "school_type": "Charter", "grades": "K-5", "role": "charter", "address": "9790 SW 107th Ct", "city": "Miami", "enrollment_2526": 228}}, {"type": "Feature", "geometry": {"type": "Point", "coordinates": [-80.3715595916166, 25.5556171431399]}, "properties": {"id": "MDC-3032", "county": "miamidade", "name": "Palm Glades Preparatory Academy", "school_num": "3032", "school_type": "Charter", "grades": "6-8", "role": "charter", "address": "22655 SW 112th Ave", "city": "Miami-Dade", "enrollment_2526": 203}}, {"type": "Feature", "geometry": {"type": "Point", "coordinates": [-80.1993119325287, 25.7773327281157]}, "properties": {"id": "MDC-3600", "county": "miamidade", "name": "Downtown Miami Charter School", "school_num": "3600", "school_type": "Charter", "grades": "K-6", "role": "charter", "address": "305 NW 3rd Ave", "city": "Miami", "enrollment_2526": 376}}, {"type": "Feature", "geometry": {"type": "Point", "coordinates": [-80.4367582100102, 25.7289788483614]}, "properties": {"id": "MDC-6022", "county": "miamidade", "name": "Pinecrest Academy Middle School", "school_num": "6022", "school_type": "Charter", "grades": "6-8", "role": "charter", "address": "14901 SW 42nd St", "city": "Miami-Dade", "enrollment_2526": 489}}, {"type": "Feature", "geometry": {"type": "Point", "coordinates": [-80.4331442723508, 25.4621087524651]}, "properties": {"id": "MDC-7059", "county": "miamidade", "name": "Miami Arts Charter School", "school_num": "7059", "school_type": "Charter", "grades": "6-12", "role": "charter", "address": "3000 SE 9th St", "city": "Homestead", "enrollment_2526": 924}}, {"type": "Feature", "geometry": {"type": "Point", "coordinates": [-80.3322454178918, 25.8040754861703]}, "properties": {"id": "MDC-6028", "county": "miamidade", "name": "Renaissance Middle Charter School", "school_num": "6028", "school_type": "Charter", "grades": "6-8", "role": "charter", "address": "8360 NW 33rd St", "city": "Doral", "enrollment_2526": 443}}, {"type": "Feature", "geometry": {"type": "Point", "coordinates": [-80.3734121890237, 25.6653020378966]}, "properties": {"id": "MDC-5002", "county": "miamidade", "name": "Somerset Preparatory Academy", "school_num": "5002", "school_type": "Charter", "grades": "K-8", "role": "charter", "address": "11155 SW 112th Ave", "city": "Miami-Dade", "enrollment_2526": 369}}, {"type": "Feature", "geometry": {"type": "Point", "coordinates": [-80.3678889307369, 25.7134129571397]}, "properties": {"id": "MDC-2003", "county": "miamidade", "name": "Bridgeprep Academy South", "school_num": "2003", "school_type": "Charter", "grades": "K-8", "role": "charter", "address": "10700 SW 56th St", "city": "Miami-Dade", "enrollment_2526": 435}}, {"type": "Feature", "geometry": {"type": "Point", "coordinates": [-80.4331442723508, 25.4621087524651]}, "properties": {"id": "MDC-7242", "county": "miamidade", "name": "Somerset Pahs (Homestead)", "school_num": "7242", "school_type": "Charter", "grades": "9-12", "role": "charter", "address": "3000 SE 9th St", "city": "Homestead", "enrollment_2526": 355}}, {"type": "Feature", "geometry": {"type": "Point", "coordinates": [-80.4781141187301, 25.4860771090079]}, "properties": {"id": "MDC-2012", "county": "miamidade", "name": "Somerset Arts Academy", "school_num": "2012", "school_type": "Charter", "grades": "K-5", "role": "charter", "address": "1700 N Krome Ave", "city": "Homestead", "enrollment_2526": 410}}, {"type": "Feature", "geometry": {"type": "Point", "coordinates": [-80.294955173655, 25.8401517684666]}, "properties": {"id": "MDC-7090", "county": "miamidade", "name": "Imater Preparatory Academy High School", "school_num": "7090", "school_type": "Charter", "grades": "9-12", "role": "charter", "address": "651 W 20th St", "city": "Hialeah", "enrollment_2526": 971}}, {"type": "Feature", "geometry": {"type": "Point", "coordinates": [-80.3711388737381, 25.539163252871]}, "properties": {"id": "MDC-5836", "county": "miamidade", "name": "South Point Scholars Academy", "school_num": "5836", "school_type": "Charter", "grades": "K-5", "role": "charter", "address": "24555 SW 112th Ave", "city": "Miami", "enrollment_2526": 339}}, {"type": "Feature", "geometry": {"type": "Point", "coordinates": [-80.396452416586, 25.5824590391146]}, "properties": {"id": "MDC-0520", "county": "miamidade", "name": "Somerset Academy - Annex", "school_num": "0520", "school_type": "Charter", "grades": "K-5", "role": "charter", "address": "19701 SW 127th Ave", "city": "Miami-Dade", "enrollment_2526": 813}}, {"type": "Feature", "geometry": {"type": "Point", "coordinates": [-80.2146663964039, 25.7794235026493]}, "properties": {"id": "MDC-6015", "county": "miamidade", "name": "Sports Leadership And Management (Slam) Chs", "school_num": "6015", "school_type": "Charter", "grades": "6-8", "role": "charter", "address": "601 NW 12th Ave", "city": "Miami", "enrollment_2526": 831}}, {"type": "Feature", "geometry": {"type": "Point", "coordinates": [-80.3487928022436, 25.9356006561473]}, "properties": {"id": "MDC-6042", "county": "miamidade", "name": "Mater Gardens Academy Middle School", "school_num": "6042", "school_type": "Charter", "grades": "6-8", "role": "charter", "address": "9010 NW 178th Ln", "city": "Miami-Dade", "enrollment_2526": 251}}, {"type": "Feature", "geometry": {"type": "Point", "coordinates": [-80.3255345391888, 25.8933110754256]}, "properties": {"id": "MDC-1020", "county": "miamidade", "name": "Youth Co-Op Charter School", "school_num": "1020", "school_type": "Charter", "grades": "K-8", "role": "charter", "address": "7700 W 20th Ave", "city": "Hialeah", "enrollment_2526": 705}}, {"type": "Feature", "geometry": {"type": "Point", "coordinates": [-80.2108238455896, 25.773434712257]}, "properties": {"id": "MDC-7080", "county": "miamidade", "name": "Charter High School Of The Americas (Gr. 9- 11)", "school_num": "7080", "school_type": "Charter", "grades": "9-12", "role": "charter", "address": "970 W Flagler St", "city": "Miami", "enrollment_2526": 206}}, {"type": "Feature", "geometry": {"type": "Point", "coordinates": [-80.2890457305259, 25.7077852263322]}, "properties": {"id": "MDC-6053", "county": "miamidade", "name": "Somerset Ams South Miami", "school_num": "6053", "school_type": "Charter", "grades": "6-8", "role": "charter", "address": "5876 SW 68th St", "city": "South Miami", "enrollment_2526": 153}}, {"type": "Feature", "geometry": {"type": "Point", "coordinates": [-80.2451347903557, 25.8963512178797]}, "properties": {"id": "MDC-6010", "county": "miamidade", "name": "Florida International Academy", "school_num": "6010", "school_type": "Charter", "grades": "6-8", "role": "charter", "address": "13400 NW 28th Ave", "city": "Opa-Locka", "enrollment_2526": 351}}, {"type": "Feature", "geometry": {"type": "Point", "coordinates": [-80.236421186897, 25.7650891526163]}, "properties": {"id": "MDC-6045", "county": "miamidade", "name": "International Studies Cms", "school_num": "6045", "school_type": "Charter", "grades": "6-8", "role": "charter", "address": "2480 SW 8th St", "city": "Miami", "enrollment_2526": 314}}, {"type": "Feature", "geometry": {"type": "Point", "coordinates": [-80.3423600715969, 25.9308551270966]}, "properties": {"id": "MDC-7018", "county": "miamidade", "name": "Mater Academy Lakes High School", "school_num": "7018", "school_type": "Charter", "grades": "9-12", "role": "charter", "address": "17300 NW 87th Ave", "city": "Hialeah", "enrollment_2526": 1178}}, {"type": "Feature", "geometry": {"type": "Point", "coordinates": [-80.3257686545248, 25.8681278214263]}, "properties": {"id": "MDC-7014", "county": "miamidade", "name": "Mater Performing Arts & Entertainment Academy", "school_num": "7014", "school_type": "Charter", "grades": "9-12", "role": "charter", "address": "7901 NW 103rd St", "city": "Hialeah Gardens", "enrollment_2526": 315}}, {"type": "Feature", "geometry": {"type": "Point", "coordinates": [-80.3750894559485, 25.798253166891]}, "properties": {"id": "MDC-7020", "county": "miamidade", "name": "Doral Academy High School", "school_num": "7020", "school_type": "Charter", "grades": "9-12", "role": "charter", "address": "11100 NW 27th St", "city": "Doral", "enrollment_2526": 2042}}, {"type": "Feature", "geometry": {"type": "Point", "coordinates": [-80.4707754047801, 25.4716593990797]}, "properties": {"id": "MDC-6016", "county": "miamidade", "name": "Colegiate Preparatory Academy", "school_num": "6016", "school_type": "Charter", "grades": "6-12", "role": "charter", "address": "305 NE 2nd Rd", "city": "Homestead", "enrollment_2526": 85}}, {"type": "Feature", "geometry": {"type": "Point", "coordinates": [-80.3778858413594, 25.5510749287285]}, "properties": {"id": "MDC-0332", "county": "miamidade", "name": "Somerset Academy Silver Palms", "school_num": "0332", "school_type": "Charter", "grades": "K-8", "role": "charter", "address": "23255 SW 115th Ave", "city": "Homestead", "enrollment_2526": 1850}}, {"type": "Feature", "geometry": {"type": "Point", "coordinates": [-80.2019441490247, 25.7914423495745]}, "properties": {"id": "MDC-2060", "county": "miamidade", "name": "Theodore R & Thelma A Gibson Charter", "school_num": "2060", "school_type": "Charter", "grades": "K-6", "role": "charter", "address": "1682 NW 4th Ave", "city": "Miami", "enrollment_2526": 166}}, {"type": "Feature", "geometry": {"type": "Point", "coordinates": [-80.3275880555889, 25.8689443065326]}, "properties": {"id": "MDC-0100", "county": "miamidade", "name": "Mater Academy Elementary Building", "school_num": "0100", "school_type": "Charter", "grades": "K-5", "role": "charter", "address": "8003 NW 103rd St", "city": "Hialeah Gardens", "enrollment_2526": 1516}}, {"type": "Feature", "geometry": {"type": "Point", "coordinates": [-80.2457323424962, 25.7382381563568]}, "properties": {"id": "MDC-5045", "county": "miamidade", "name": "Mater Grove Academy", "school_num": "5045", "school_type": "Charter", "grades": "K-8", "role": "charter", "address": "2805 SW 32nd Ave", "city": "Miami", "enrollment_2526": 1194}}, {"type": "Feature", "geometry": {"type": "Point", "coordinates": [-80.1662076318016, 25.924646263425]}, "properties": {"id": "MDC-7062", "county": "miamidade", "name": "C. G. Bethel High School", "school_num": "7062", "school_type": "Charter", "grades": "9-12", "role": "charter", "address": "16150 NE 17th Ave", "city": "North Miami Beach", "enrollment_2526": 290}}, {"type": "Feature", "geometry": {"type": "Point", "coordinates": [-80.3960781703538, 25.5876382792156]}, "properties": {"id": "MDC-1015", "county": "miamidade", "name": "Academir Charter School Preparatory", "school_num": "1015", "school_type": "Charter", "grades": "K-5", "role": "charter", "address": "19185 SW 127th Ave", "city": "Miami-Dade", "enrollment_2526": 1068}}, {"type": "Feature", "geometry": {"type": "Point", "coordinates": [-80.2146663964039, 25.7794235026493]}, "properties": {"id": "MDC-3003", "county": "miamidade", "name": "Mater Preparatory Academy", "school_num": "3003", "school_type": "Charter", "grades": "K-5", "role": "charter", "address": "601 NW 12th Ave", "city": "Miami", "enrollment_2526": 343}}, {"type": "Feature", "geometry": {"type": "Point", "coordinates": [-80.3765610688604, 25.7980600837728]}, "properties": {"id": "MDC-3029", "county": "miamidade", "name": "Doral Academy Of Technology", "school_num": "3029", "school_type": "Charter", "grades": "K-8", "role": "charter", "address": "2601 NW 112th Ave", "city": "Doral", "enrollment_2526": 335}}, {"type": "Feature", "geometry": {"type": "Point", "coordinates": [-80.2181560674151, 25.7880633944907]}, "properties": {"id": "MDC-4070", "county": "miamidade", "name": "Early Beginnings Academy Civic Center", "school_num": "4070", "school_type": "Charter", "grades": "PreK-2", "role": "charter", "address": "1411 NW 14th Ave", "city": "Miami", "enrollment_2526": 51}}, {"type": "Feature", "geometry": {"type": "Point", "coordinates": [-80.3750372503558, 25.7977804134394]}, "properties": {"id": "MDC-7009", "county": "miamidade", "name": "Doral Performing Arts & Entertainment Academy", "school_num": "7009", "school_type": "Charter", "grades": "9-12", "role": "charter", "address": "11100 NW 27th ST", "city": "Doral", "enrollment_2526": 391}}, {"type": "Feature", "geometry": {"type": "Point", "coordinates": [-80.2436937659775, 25.8468698449494]}, "properties": {"id": "MDC-6099", "county": "miamidade", "name": "Phoenix Academy Of Excellence", "school_num": "6099", "school_type": "Charter", "grades": "6-8", "role": "charter", "address": "7900 NW 27th Ave", "city": "Miami-Dade", "enrollment_2526": 11}}, {"type": "Feature", "geometry": {"type": "Point", "coordinates": [-80.2767632758519, 25.9388599503335]}, "properties": {"id": "MDC-7068", "county": "miamidade", "name": "North Gardens High School", "school_num": "7068", "school_type": "Charter", "grades": "9-12", "role": "charter", "address": "4692 NW 183rd St", "city": "Miami Gardens", "enrollment_2526": 425}}, {"type": "Feature", "geometry": {"type": "Point", "coordinates": [-80.4707754047801, 25.4716593990797]}, "properties": {"id": "MDC-6013", "county": "miamidade", "name": "Somerset Achs (Soho) 6-8", "school_num": "6013", "school_type": "Charter", "grades": "6-8", "role": "charter", "address": "305 NE 2nd Rd", "city": "Homestead", "enrollment_2526": 423}}, {"type": "Feature", "geometry": {"type": "Point", "coordinates": [-80.236422662829, 25.7650891598974]}, "properties": {"id": "MDC-6017", "county": "miamidade", "name": "International Studies Virtual Academy", "school_num": "6017", "school_type": "Charter", "grades": "6-12", "role": "charter", "address": "2480 SW 8th St", "city": "Miami", "enrollment_2526": 13}}, {"type": "Feature", "geometry": {"type": "Point", "coordinates": [-80.4452722033212, 25.4718571792739]}, "properties": {"id": "MDC-5006", "county": "miamidade", "name": "Everglades Preparatory Academy Middle School", "school_num": "5006", "school_type": "Charter", "grades": "6-8", "role": "charter", "address": "2251 E. Mowry Drive", "city": "Homestead", "enrollment_2526": 390}}, {"type": "Feature", "geometry": {"type": "Point", "coordinates": [-80.4733816536762, 25.4622965374425]}, "properties": {"id": "MDC-7144", "county": "miamidade", "name": "Charter High School Of The Americas (Florida City)", "school_num": "7144", "school_type": "Charter", "grades": "9-12", "role": "charter", "address": "103 E Lucy St", "city": "Florida City", "enrollment_2526": 54}}, {"type": "Feature", "geometry": {"type": "Point", "coordinates": [-80.274323314098, 25.8124290071333]}, "properties": {"id": "MDC-6093", "county": "miamidade", "name": "Acad. For International Educ. Charter Upper School For Science & Technology", "school_num": "6093", "school_type": "Charter", "grades": "6-12", "role": "charter", "address": "1080 La Baron Dr", "city": "Miami Springs", "enrollment_2526": 1055}}, {"type": "Feature", "geometry": {"type": "Point", "coordinates": [-80.3715214913704, 25.5555959511943]}, "properties": {"id": "MDC-7032", "county": "miamidade", "name": "Palm Glades Preparatory High School", "school_num": "7032", "school_type": "Charter", "grades": "9-12", "role": "charter", "address": "22655 SW 112th Ave", "city": "Miami-Dade", "enrollment_2526": 187}}, {"type": "Feature", "geometry": {"type": "Point", "coordinates": [-80.4733816536762, 25.4622965374425]}, "properties": {"id": "MDC-5043", "county": "miamidade", "name": "Lincoln-Marti Cs International Campus", "school_num": "5043", "school_type": "Charter", "grades": "K-8", "role": "charter", "address": "103 E Lucy St", "city": "Florida City", "enrollment_2526": 180}}, {"type": "Feature", "geometry": {"type": "Point", "coordinates": [-80.2058683513085, 25.8787893612585]}, "properties": {"id": "MDC-6040", "county": "miamidade", "name": "Doctors Charter School Of Miami Shores", "school_num": "6040", "school_type": "Charter", "grades": "6-12", "role": "charter", "address": "11301 NW 5th Ave", "city": "Miami Shores", "enrollment_2526": 563}}, {"type": "Feature", "geometry": {"type": "Point", "coordinates": [-80.2436937659775, 25.8468698449494]}, "properties": {"id": "MDC-7015", "county": "miamidade", "name": "Stellar Leadership Academy", "school_num": "7015", "school_type": "Charter", "grades": "9-12", "role": "charter", "address": "7900 NW 27th Ave", "city": "Miami-Dade", "enrollment_2526": 309}}, {"type": "Feature", "geometry": {"type": "Point", "coordinates": [-80.4351833968418, 25.4513242431814]}, "properties": {"id": "MDC-3610", "county": "miamidade", "name": "Keys Gate Charter School 3-8", "school_num": "3610", "school_type": "Charter", "grades": "3-8", "role": "charter", "address": "2000 SE 28th Ave", "city": "Homestead", "enrollment_2526": 1876}}, {"type": "Feature", "geometry": {"type": "Point", "coordinates": [-80.378563913092, 25.541802741267]}, "properties": {"id": "MDC-0072", "county": "miamidade", "name": "Summerville Advantage Academy", "school_num": "0072", "school_type": "Charter", "grades": "K-8", "role": "charter", "address": "11575 SW 243rd St", "city": "Miami-Dade", "enrollment_2526": 334}}, {"type": "Feature", "geometry": {"type": "Point", "coordinates": [-80.3407653966776, 25.7744238169364]}, "properties": {"id": "MDC-5004", "county": "miamidade", "name": "Pinecrest North Preparatory", "school_num": "5004", "school_type": "Charter", "grades": "K-8", "role": "charter", "address": "8925 Fontainebleau Blvd", "city": "Miami", "enrollment_2526": 740}}, {"type": "Feature", "geometry": {"type": "Point", "coordinates": [-80.4368660365904, 25.691554484024]}, "properties": {"id": "MDC-0342", "county": "miamidade", "name": "Pinecrest Academy School - South", "school_num": "0342", "school_type": "Charter", "grades": "K-5", "role": "charter", "address": "15130 SW 80th St", "city": "Miami-Dade", "enrollment_2526": 719}}, {"type": "Feature", "geometry": {"type": "Point", "coordinates": [-80.3892392691463, 25.7016534770793]}, "properties": {"id": "MDC-5015", "county": "miamidade", "name": "Somerset Palms Academy", "school_num": "5015", "school_type": "Charter", "grades": "K-8", "role": "charter", "address": "12001 SW 72nd St", "city": "Miami", "enrollment_2526": 307}}, {"type": "Feature", "geometry": {"type": "Point", "coordinates": [-80.2319557101287, 25.8906247807514]}, "properties": {"id": "MDC-6018", "county": "miamidade", "name": "The Seed School Of Miami", "school_num": "6018", "school_type": "Charter", "grades": "6-12", "role": "charter", "address": "1901 NW 127th St", "city": "Miami-Dade", "enrollment_2526": 269}}, {"type": "Feature", "geometry": {"type": "Point", "coordinates": [-80.3299966445798, 25.5614601469003]}, "properties": {"id": "MDC-4010", "county": "miamidade", "name": "Mater Academy Bay Elementary", "school_num": "4010", "school_type": "Charter", "grades": "K-5", "role": "charter", "address": "22025 SW 87th Ave", "city": "Cutler Bay", "enrollment_2526": 934}}, {"type": "Feature", "geometry": {"type": "Point", "coordinates": [-80.1369412142427, 25.9738359648527]}, "properties": {"id": "MDC-7026", "county": "miamidade", "name": "Don Soffer Aventura Chs", "school_num": "7026", "school_type": "Charter", "grades": "9-12", "role": "charter", "address": "3151 NE 213rd St", "city": "Aventura", "enrollment_2526": 840}}, {"type": "Feature", "geometry": {"type": "Point", "coordinates": [-80.4357931346291, 25.7425105324676]}, "properties": {"id": "MDC-0410", "county": "miamidade", "name": "Academir Charter School West", "school_num": "0410", "school_type": "Charter", "grades": "K-8", "role": "charter", "address": "14880 SW 26th St", "city": "Miami-Dade", "enrollment_2526": 676}}, {"type": "Feature", "geometry": {"type": "Point", "coordinates": [-80.2376251171256, 25.9403938495117]}, "properties": {"id": "MDC-5032", "county": "miamidade", "name": "Excelsior Charter Academy", "school_num": "5032", "school_type": "Charter", "grades": "K-8", "role": "charter", "address": "18200 NW 22nd Ave", "city": "Miami Gardens", "enrollment_2526": 368}}, {"type": "Feature", "geometry": {"type": "Point", "coordinates": [-80.4060405946525, 25.499321794218]}, "properties": {"id": "MDC-4242", "county": "miamidade", "name": "Academir Charter School Of Math And Science", "school_num": "4242", "school_type": "Charter", "grades": "K-5", "role": "charter", "address": "13330 SW 288th St", "city": "Homestead", "enrollment_2526": 471}}, {"type": "Feature", "geometry": {"type": "Point", "coordinates": [-80.3258526173595, 25.8681242147709]}, "properties": {"id": "MDC-7160", "county": "miamidade", "name": "Mater Academy Charter High School", "school_num": "7160", "school_type": "Charter", "grades": "9-12", "role": "charter", "address": "7901 NW 103rd St", "city": "Hialeah Gardens", "enrollment_2526": 1570}}, {"type": "Feature", "geometry": {"type": "Point", "coordinates": [-80.2974065628776, 25.9291539181421]}, "properties": {"id": "MDC-1014B", "county": "miamidade", "name": "Hive Preparatory School Advance Learning (Campus 2)", "school_num": "1014", "school_type": "Charter", "grades": "K-8", "role": "charter", "address": "5855 NW 171st St", "city": "Miami-Dade", "enrollment_2526": 844}}, {"type": "Feature", "geometry": {"type": "Point", "coordinates": [-80.3538883834033, 25.7949645463993]}, "properties": {"id": "MDC-3030", "county": "miamidade", "name": "Doral Academy", "school_num": "3030", "school_type": "Charter", "grades": "K-5", "role": "charter", "address": "2450 NW 97th Ave", "city": "Doral", "enrollment_2526": 1092}}, {"type": "Feature", "geometry": {"type": "Point", "coordinates": [-80.274323314098, 25.8124290071333]}, "properties": {"id": "MDC-5044", "county": "miamidade", "name": "Academy Of International Education Charter School", "school_num": "5044", "school_type": "Charter", "grades": "K-5", "role": "charter", "address": "1080 La Baron Dr", "city": "Miami Springs", "enrollment_2526": 378, "status": "closed"}}, {"type": "Feature", "geometry": {"type": "Point", "coordinates": [-80.2527809212708, 25.8523243524153]}, "properties": {"id": "MDC-2332", "county": "miamidade", "name": "Kipp Miami - Liberty City", "school_num": "2332", "school_type": "Charter", "grades": "5-8", "role": "charter", "address": "3400 NW 87th St", "city": "Miami", "enrollment_2526": 1347}}, {"type": "Feature", "geometry": {"type": "Point", "coordinates": [-80.3423826184122, 25.9309567310774]}, "properties": {"id": "MDC-6033", "county": "miamidade", "name": "Mater Academy Lakes Middle School", "school_num": "6033", "school_type": "Charter", "grades": "6-8", "role": "charter", "address": "17300 NW 87th Ave", "city": "Hialeah", "enrollment_2526": 900}}, {"type": "Feature", "geometry": {"type": "Point", "coordinates": [-80.1557910372616, 25.9499579381019]}, "properties": {"id": "MDC-4050", "county": "miamidade", "name": "Bridgeprep Academy Of North Miami Beach", "school_num": "4050", "school_type": "Charter", "grades": "K-8", "role": "charter", "address": "18801 NE 22nd Ave", "city": "Miami", "enrollment_2526": 660}}, {"type": "Feature", "geometry": {"type": "Point", "coordinates": [-80.2553357685663, 25.8964865287979]}, "properties": {"id": "MDC-7069", "county": "miamidade", "name": "North Park High School", "school_num": "7069", "school_type": "Charter", "grades": "9-12", "role": "charter", "address": "3400 NW 135TH St", "city": "Opa-Locka", "enrollment_2526": 388}}, {"type": "Feature", "geometry": {"type": "Point", "coordinates": [-80.4940543281881, 25.4401140221805]}, "properties": {"id": "MDC-6048", "county": "miamidade", "name": "Miami Community Charter Middle School", "school_num": "6048", "school_type": "Charter", "grades": "6-8", "role": "charter", "address": "18720 SW 352nd St", "city": "Miami-Dade", "enrollment_2526": 322}}, {"type": "Feature", "geometry": {"type": "Point", "coordinates": [-80.1765322729926, 25.7847103832215]}, "properties": {"id": "MDC-4000", "county": "miamidade", "name": "Miami Children'S Museum Charter School", "school_num": "4000", "school_type": "Charter", "grades": "K-5", "role": "charter", "address": "980 MacArthur Cswy", "city": "Miami", "enrollment_2526": 314}}, {"type": "Feature", "geometry": {"type": "Point", "coordinates": [-80.3733065678075, 25.6663555461841]}, "properties": {"id": "MDC-5022", "county": "miamidade", "name": "Ben Gamla Charter School", "school_num": "5022", "school_type": "Charter", "grades": "K-8", "role": "charter", "address": "11155 SW 112th Ave", "city": "Miami-Dade", "enrollment_2526": 142}}, {"type": "Feature", "geometry": {"type": "Point", "coordinates": [-80.3765789633009, 25.7982478548105]}, "properties": {"id": "MDC-6030", "county": "miamidade", "name": "Doral Academy Charter Middle School", "school_num": "6030", "school_type": "Charter", "grades": "6-8", "role": "charter", "address": "2601 NW 112th Ave", "city": "Doral", "enrollment_2526": 1327}}, {"type": "Feature", "geometry": {"type": "Point", "coordinates": [-80.2456829207825, 25.7382349147373]}, "properties": {"id": "MDC-5046", "county": "miamidade", "name": "Mater Brickell Preparatory Academy", "school_num": "5046", "school_type": "Charter", "grades": "K-8", "role": "charter", "address": "2805 SW 32nd Ave", "city": "Miami", "enrollment_2526": 19}}, {"type": "Feature", "geometry": {"type": "Point", "coordinates": [-80.3949426459357, 25.7010194021716]}, "properties": {"id": "MDC-0510", "county": "miamidade", "name": "Archimedean Academy K-5", "school_num": "0510", "school_type": "Charter", "grades": "K-5", "role": "charter", "address": "12425 SW 72nd St", "city": "Miami-Dade", "enrollment_2526": 672}}, {"type": "Feature", "geometry": {"type": "Point", "coordinates": [-80.3263890660943, 25.8691334152223]}, "properties": {"id": "MDC-6012", "county": "miamidade", "name": "Mater Academy Charter Middle School", "school_num": "6012", "school_type": "Charter", "grades": "6-8", "role": "charter", "address": "10505 NW 80th Ave", "city": "Hialeah Gardens", "enrollment_2526": 1244}}, {"type": "Feature", "geometry": {"type": "Point", "coordinates": [-80.3524115629577, 25.6807398428219]}, "properties": {"id": "MDC-5062", "county": "miamidade", "name": "Somerset Academy Bay Elementary At Pinewood Acres", "school_num": "5062", "school_type": "Charter", "grades": "K-5", "role": "charter", "address": "9500 SW 97th Ave", "city": "Miami-Dade", "enrollment_2526": 379}}, {"type": "Feature", "geometry": {"type": "Point", "coordinates": [-80.2095508888145, 25.8064762190312]}, "properties": {"id": "MDC-1017", "county": "miamidade", "name": "Mater Academy Of International Studies", "school_num": "1017", "school_type": "Charter", "grades": "K-5", "role": "charter", "address": "795 NW 32nd St", "city": "Miami", "enrollment_2526": 437}}, {"type": "Feature", "geometry": {"type": "Point", "coordinates": [-80.3521536126222, 25.6806129537029]}, "properties": {"id": "MDC-6128", "county": "miamidade", "name": "Somerset Academy Bay Middle School", "school_num": "6128", "school_type": "Charter", "grades": "6-8", "role": "charter", "address": "9500 SW 97th Ave", "city": "Miami-Dade", "enrollment_2526": 260}}, {"type": "Feature", "geometry": {"type": "Point", "coordinates": [-80.4413427279267, 25.7603006627879]}, "properties": {"id": "MDC-7027", "county": "miamidade", "name": "Pinecrest Glades Preparatory Amhs", "school_num": "7027", "school_type": "Charter", "grades": "6-12", "role": "charter", "address": "15250 SW 8th St", "city": "Miami-Dade", "enrollment_2526": 1184}}, {"type": "Feature", "geometry": {"type": "Point", "coordinates": [-80.2108321334464, 25.7731825319369]}, "properties": {"id": "MDC-5025", "county": "miamidade", "name": "Lincoln-Marti Charter School", "school_num": "5025", "school_type": "Charter", "grades": "K-8", "role": "charter", "address": "970 W Flagler St", "city": "Miami", "enrollment_2526": 592}}, {"type": "Feature", "geometry": {"type": "Point", "coordinates": [-80.3658836394945, 25.5675241732256]}, "properties": {"id": "MDC-0070", "county": "miamidade", "name": "Coral Reef Montessori Academy Charter School", "school_num": "0070", "school_type": "Charter", "grades": "K-8", "role": "charter", "address": "10853 SW 216th St", "city": "Miami-Dade", "enrollment_2526": 474}}, {"type": "Feature", "geometry": {"type": "Point", "coordinates": [-80.4351833968418, 25.4513242431814]}, "properties": {"id": "MDC-7050", "county": "miamidade", "name": "Keys Gate Charter School", "school_num": "7050", "school_type": "Charter", "grades": "K-8", "role": "charter", "address": "2000 SE 28th Ave", "city": "Homestead", "enrollment_2526": 788}}, {"type": "Feature", "geometry": {"type": "Point", "coordinates": [-80.3789693587124, 25.8985694210465]}, "properties": {"id": "MDC-7066", "county": "miamidade", "name": "Latin Builders Ass Const And Bussiness Mmgt Academy Chs", "school_num": "7066", "school_type": "Charter", "grades": "9-12", "role": "charter", "address": "11093 NW 138th St", "city": "Hialeah Gardens", "enrollment_2526": 0}}, {"type": "Feature", "geometry": {"type": "Point", "coordinates": [-80.3667737747196, 25.8347692509569]}, "properties": {"id": "MDC-3026", "county": "miamidade", "name": "Doral International Academy Of Math And Science", "school_num": "3026", "school_type": "Charter", "grades": "K-8", "role": "charter", "address": "6700 NW 104th Ave", "city": "Doral", "enrollment_2526": 473}}, {"type": "Feature", "geometry": {"type": "Point", "coordinates": [-80.2110721417308, 25.7724670852565]}, "properties": {"id": "MDC-7037", "county": "miamidade", "name": "Mater Academy East High School", "school_num": "7037", "school_type": "Charter", "grades": "9-12", "role": "charter", "address": "998 SW 1st St", "city": "Miami", "enrollment_2526": 283}}, {"type": "Feature", "geometry": {"type": "Point", "coordinates": [-80.3546413090537, 25.8982950106187]}, "properties": {"id": "MDC-5007", "county": "miamidade", "name": "Lincoln-Marti Cs Hialeah", "school_num": "5007", "school_type": "Charter", "grades": "K-12", "role": "charter", "address": "3500 W 84th St", "city": "Hialeah", "enrollment_2526": 90}}, {"type": "Feature", "geometry": {"type": "Point", "coordinates": [-80.2445542253573, 25.727039541625]}, "properties": {"id": "MDC-7022", "county": "miamidade", "name": "Bridgeprep Academy Of Arts & Minds (Baam)", "school_num": "7022", "school_type": "Charter", "grades": "9-12", "role": "charter", "address": "3138 Commodore Plz", "city": "Miami", "enrollment_2526": 371}}, {"type": "Feature", "geometry": {"type": "Point", "coordinates": [-80.3892947383185, 25.7016995965343]}, "properties": {"id": "MDC-7554", "county": "miamidade", "name": "Somerset Academy Palms Performing Arts Academy", "school_num": "7554", "school_type": "Charter", "grades": "9-12", "role": "charter", "address": "12001 SW 72nd St", "city": "Miami", "enrollment_2526": 0}}, {"type": "Feature", "geometry": {"type": "Point", "coordinates": [-80.3455693083393, 25.7029475226118]}, "properties": {"id": "MDC-7039", "county": "miamidade", "name": "True North Classical Academy Hs", "school_num": "7039", "school_type": "Charter", "grades": "9-12", "role": "charter", "address": "9393 Sunset Dr", "city": "Miami-Dade", "enrollment_2526": 0, "status": "closed"}}, {"type": "Feature", "geometry": {"type": "Point", "coordinates": [-80.3948440737996, 25.701483807808]}, "properties": {"id": "MDC-6006", "county": "miamidade", "name": "Archimedean Middle Conservatory", "school_num": "6006", "school_type": "Charter", "grades": "6-8", "role": "charter", "address": "12425 SW 72nd St", "city": "Miami-Dade", "enrollment_2526": 337}}, {"type": "Feature", "geometry": {"type": "Point", "coordinates": [-80.2862550287558, 25.8214130603942]}, "properties": {"id": "MDC-2004", "county": "miamidade", "name": "Integrated Science And Asian Culture (Isaac) Academy", "school_num": "2004", "school_type": "Charter", "grades": "K-8", "role": "charter", "address": "301 Westward Dr", "city": "Miami Springs", "enrollment_2526": 255}}, {"type": "Feature", "geometry": {"type": "Point", "coordinates": [-80.3299966445798, 25.5614601469003]}, "properties": {"id": "MDC-6032", "county": "miamidade", "name": "Mater Academy Bay Middle School", "school_num": "6032", "school_type": "Charter", "grades": "6-8", "role": "charter", "address": "22025 SW 87th Ave", "city": "Cutler Bay", "enrollment_2526": 588}}, {"type": "Feature", "geometry": {"type": "Point", "coordinates": [-80.4191247436153, 25.4790247893356]}, "properties": {"id": "MDC-1010", "county": "miamidade", "name": "The Charter School At Waterstone", "school_num": "1010", "school_type": "Charter", "grades": "K-8", "role": "charter", "address": "855 Waterstone Way", "city": "Homestead", "enrollment_2526": 943}}, {"type": "Feature", "geometry": {"type": "Point", "coordinates": [-80.4331442723508, 25.4621087524651]}, "properties": {"id": "MDC-0754", "county": "miamidade", "name": "Somerset Pa (Homestead)", "school_num": "0754", "school_type": "Charter", "grades": "K-5", "role": "charter", "address": "3000 SE 9th St", "city": "Homestead", "enrollment_2526": 565}}, {"type": "Feature", "geometry": {"type": "Point", "coordinates": [-80.2150331470934, 25.7794573692992]}, "properties": {"id": "MDC-7016", "county": "miamidade", "name": "Sports Leadership Arts Management Chs", "school_num": "7016", "school_type": "Charter", "grades": "9-12", "role": "charter", "address": "604 NW 12th Ave", "city": "Miami", "enrollment_2526": 1015}}, {"type": "Feature", "geometry": {"type": "Point", "coordinates": [-80.3664420457498, 25.6884273028677]}, "properties": {"id": "MDC-7516", "county": "miamidade", "name": "Kendall Greens High School", "school_num": "7516", "school_type": "Charter", "grades": "9-12", "role": "charter", "address": "8610 SW 107th Ave", "city": "Miami", "enrollment_2526": 435}}, {"type": "Feature", "geometry": {"type": "Point", "coordinates": [-80.3418646489211, 25.8068672009735]}, "properties": {"id": "MDC-5028", "county": "miamidade", "name": "Bridgeprep Academy Of Miami-Dade", "school_num": "5028", "school_type": "Charter", "grades": "K-8", "role": "charter", "address": "3500 NW 89th Ct", "city": "Doral", "enrollment_2526": 731}}, {"type": "Feature", "geometry": {"type": "Point", "coordinates": [-80.1234814823546, 25.8714889945387]}, "properties": {"id": "MDC-5047", "county": "miamidade", "name": "Mater Academy Miami Beach", "school_num": "5047", "school_type": "Charter", "grades": "K-9", "role": "charter", "address": "8625 Byron Ave", "city": "Miami Beach", "enrollment_2526": 535}}, {"type": "Feature", "geometry": {"type": "Point", "coordinates": [-80.2942058538422, 25.8392262528788]}, "properties": {"id": "MDC-5384", "county": "miamidade", "name": "Imater Academy", "school_num": "5384", "school_type": "Charter", "grades": "K-5", "role": "charter", "address": "600 W 20th St", "city": "Hialeah", "enrollment_2526": 606}}, {"type": "Feature", "geometry": {"type": "Point", "coordinates": [-80.3340340157248, 25.8193026948351]}, "properties": {"id": "MDC-3002", "county": "miamidade", "name": "Downtown Doral Charter Elementary (Ddces)", "school_num": "3002", "school_type": "Charter", "grades": "K-5", "role": "charter", "address": "8390 NW 53rd St", "city": "Doral", "enrollment_2526": 1086}}, {"type": "Feature", "geometry": {"type": "Point", "coordinates": [-80.3795539095357, 25.8111651829911]}, "properties": {"id": "MDC-0412", "county": "miamidade", "name": "Academir Charter School East", "school_num": "0412", "school_type": "Charter", "grades": "K-5", "role": "charter", "address": "11300 NW 41st St", "city": "Doral", "enrollment_2526": 446}}, {"type": "Feature", "geometry": {"type": "Point", "coordinates": [-80.1679017017139, 25.9281928553903]}, "properties": {"id": "MDC-7108", "county": "miamidade", "name": "Sports Leadership Arts Management Charter High School", "school_num": "7108", "school_type": "Charter", "grades": "9-12", "role": "charter", "address": "16551 NE 16th  Ave", "city": "North Miami Beach", "enrollment_2526": 267}}, {"type": "Feature", "geometry": {"type": "Point", "coordinates": [-80.2095107853253, 25.8064752526037]}, "properties": {"id": "MDC-6047", "county": "miamidade", "name": "Mater International Preparatory", "school_num": "6047", "school_type": "Charter", "grades": "6-9", "role": "charter", "address": "795 NW 32nd St", "city": "Miami", "enrollment_2526": 231}}, {"type": "Feature", "geometry": {"type": "Point", "coordinates": [-80.2742711947435, 25.8312131211102]}, "properties": {"id": "MDC-5029", "county": "miamidade", "name": "Excelsior Language Academy Of Hialeah", "school_num": "5029", "school_type": "Charter", "grades": "K-8", "role": "charter", "address": "369 E 10th St", "city": "Hialeah", "enrollment_2526": 267}}, {"type": "Feature", "geometry": {"type": "Point", "coordinates": [-80.2514459645714, 25.9019604288402]}, "properties": {"id": "MDC-7043", "county": "miamidade", "name": "Arts Academy Of Excellence", "school_num": "7043", "school_type": "Charter", "grades": "6-12", "role": "charter", "address": "780 Fisherman St", "city": "Opa-Locka", "enrollment_2526": 326}}, {"type": "Feature", "geometry": {"type": "Point", "coordinates": [-80.4079746000856, 25.5361852016738]}, "properties": {"id": "MDC-4012", "county": "miamidade", "name": "Somerset Academy Silver Palms At Princeton", "school_num": "4012", "school_type": "Charter", "grades": "K-8", "role": "charter", "address": "13390 SW 248th St", "city": "Homestead", "enrollment_2526": 546}}, {"type": "Feature", "geometry": {"type": "Point", "coordinates": [-80.3508396001437, 25.7079211549897]}, "properties": {"id": "MDC-1024", "county": "miamidade", "name": "True North Classical Academy Kendall", "school_num": "1024", "school_type": "Charter", "grades": "K-8", "role": "charter", "address": "6500 SW 97th Ave", "city": "Miami", "enrollment_2526": 326}}, {"type": "Feature", "geometry": {"type": "Point", "coordinates": [-80.3227663240469, 25.9397058990186]}, "properties": {"id": "MDC-1070", "county": "miamidade", "name": "South Florida Autism Charter School", "school_num": "1070", "school_type": "Charter", "grades": "K-12", "role": "charter", "address": "18305 NW 75th Pl", "city": "Hialeah", "enrollment_2526": 279}}, {"type": "Feature", "geometry": {"type": "Point", "coordinates": [-80.4086958322744, 25.5953219846521]}, "properties": {"id": "MDC-6004", "county": "miamidade", "name": "Somerset Amcs", "school_num": "6004", "school_type": "Charter", "grades": "6-8", "role": "charter", "address": "18491 SW 134th Ave", "city": "Miami-Dade", "enrollment_2526": 675}}, {"type": "Feature", "geometry": {"type": "Point", "coordinates": [-80.1485100221022, 25.9497426434183]}, "properties": {"id": "MDC-2013", "county": "miamidade", "name": "Bridgeprep Academy Of Greater Miami", "school_num": "2013", "school_type": "Charter", "grades": "K-5", "role": "charter", "address": "18801 W Dixie Hwy", "city": "Miami-Dade", "enrollment_2526": 354}}, {"type": "Feature", "geometry": {"type": "Point", "coordinates": [-80.2952501884791, 25.8402487313434]}, "properties": {"id": "MDC-6014", "county": "miamidade", "name": "Imater Academy Middle School", "school_num": "6014", "school_type": "Charter", "grades": "6-8", "role": "charter", "address": "651 W 20th St", "city": "Hialeah", "enrollment_2526": 833}}, {"type": "Feature", "geometry": {"type": "Point", "coordinates": [-80.4413010209447, 25.7601954154302]}, "properties": {"id": "MDC-2031", "county": "miamidade", "name": "Pinecrest Glades Academy", "school_num": "2031", "school_type": "Charter", "grades": "K-5", "role": "charter", "address": "15250 SW 8th St", "city": "Miami-Dade", "enrollment_2526": 870}}, {"type": "Feature", "geometry": {"type": "Point", "coordinates": [-80.3617985300787, 25.7697061785257]}, "properties": {"id": "MDC-5048", "county": "miamidade", "name": "Pinecrest Academy - North", "school_num": "5048", "school_type": "Charter", "grades": "K-5", "role": "charter", "address": "10207 W Flagler St", "city": "Miami-Dade", "enrollment_2526": 448}}, {"type": "Feature", "geometry": {"type": "Point", "coordinates": [-80.1401173705248, 25.8131657729322]}, "properties": {"id": "MDC-5054", "county": "miamidade", "name": "Mater Academy At Mount Sinai", "school_num": "5054", "school_type": "Charter", "grades": "K-5", "role": "charter", "address": "4300 Alton Rd", "city": "Miami Beach", "enrollment_2526": 49, "status": "closed"}}, {"type": "Feature", "geometry": {"type": "Point", "coordinates": [-80.4676026585028, 25.4807472533877]}, "properties": {"id": "MDC-3033", "county": "miamidade", "name": "Somerset Oaks Academy", "school_num": "3033", "school_type": "Charter", "grades": "K-8", "role": "charter", "address": "1000 Old Dixie Hwy", "city": "Homestead", "enrollment_2526": 634}}, {"type": "Feature", "geometry": {"type": "Point", "coordinates": [-80.2350029069635, 25.8364654757339]}, "properties": {"id": "MDC-2008", "county": "miamidade", "name": "Kipp Miami Sunrise Academy", "school_num": "2008", "school_type": "Charter", "grades": "K-5", "role": "charter", "address": "6745 NW 23rd Ave", "city": "Miami", "enrollment_2526": 0}}, {"type": "Feature", "geometry": {"type": "Point", "coordinates": [-80.289055797047, 25.7078206723076]}, "properties": {"id": "MDC-2007", "county": "miamidade", "name": "Somerset Aes", "school_num": "2007", "school_type": "Charter", "grades": "K-5", "role": "charter", "address": "5876 SW 68th St", "city": "South Miami", "enrollment_2526": 469}}, {"type": "Feature", "geometry": {"type": "Point", "coordinates": [-80.1643161741737, 25.8952161382162]}, "properties": {"id": "MDC-2022", "county": "miamidade", "name": "Mater Academy Biscayne North Miami Elementary", "school_num": "2022", "school_type": "Charter", "grades": "K-5", "role": "charter", "address": "12900 NE 17th Ave", "city": "North Miami", "enrollment_2526": 817}}, {"type": "Feature", "geometry": {"type": "Point", "coordinates": [-80.4452506419577, 25.4720689406903]}, "properties": {"id": "MDC-7060", "county": "miamidade", "name": "Everglades Preparatory Academy High School", "school_num": "7060", "school_type": "Charter", "grades": "9-12", "role": "charter", "address": "2251 E. Mowry Dr", "city": "Homestead", "enrollment_2526": 415}}, {"type": "Feature", "geometry": {"type": "Point", "coordinates": [-80.2019543233436, 25.7697657329498]}, "properties": {"id": "MDC-3100", "county": "miamidade", "name": "Mater Academy East Charter School", "school_num": "3100", "school_type": "Charter", "grades": "K-5", "role": "charter", "address": "450 SW 4th St", "city": "Miami", "enrollment_2526": 569}}, {"type": "Feature", "geometry": {"type": "Point", "coordinates": [-80.3670502761641, 25.7919929097676]}, "properties": {"id": "MDC-0400", "county": "miamidade", "name": "Renaissance Elementary Charter School", "school_num": "0400", "school_type": "Charter", "grades": "K-5", "role": "charter", "address": "10651 NW 19th St", "city": "Doral", "enrollment_2526": 863}}, {"type": "Feature", "geometry": {"type": "Point", "coordinates": [-80.2925536184727, 25.9337846048556]}, "properties": {"id": "MDC-1014", "county": "miamidade", "name": "Hive Preparatory School", "school_num": "1014", "school_type": "Charter", "grades": "K-8", "role": "charter", "address": "17701 NW 57th Ave", "city": "Miami Gardens", "enrollment_2526": 844}}, {"type": "Feature", "geometry": {"type": "Point", "coordinates": [-80.4941701066552, 25.4401048660537]}, "properties": {"id": "MDC-7058", "county": "miamidade", "name": "Miami Community Charter Senior High", "school_num": "7058", "school_type": "Charter", "grades": "9-12", "role": "charter", "address": "18720 SW 352nd St", "city": "Miami-Dade", "enrollment_2526": 255}}, {"type": "Feature", "geometry": {"type": "Point", "coordinates": [-80.2147700574962, 25.7697361446375]}, "properties": {"id": "MDC-5410", "county": "miamidade", "name": "Alpha Charter Of Excellence (Ace)", "school_num": "5410", "school_type": "Charter", "grades": "K-5", "role": "charter", "address": "1217 SW 4th St", "city": "Miami", "enrollment_2526": 246}}, {"type": "Feature", "geometry": {"type": "Point", "coordinates": [-80.4750432728471, 25.4673289553616]}, "properties": {"id": "MDC-0339", "county": "miamidade", "name": "Somerset Aces (South Homestead)", "school_num": "0339", "school_type": "Charter", "grades": "K-5", "role": "charter", "address": "300 SE 1st Dr", "city": "Homestead", "enrollment_2526": 548}}, {"type": "Feature", "geometry": {"type": "Point", "coordinates": [-80.136199211208, 25.9499284877497]}, "properties": {"id": "MDC-0950", "county": "miamidade", "name": "Aventura City Of Excellence School", "school_num": "0950", "school_type": "Charter", "grades": "K-8", "role": "charter", "address": "3333 NE 188th St", "city": "Aventura", "enrollment_2526": 1039}}, {"type": "Feature", "geometry": {"type": "Point", "coordinates": [-80.236422662829, 25.7650891598974]}, "properties": {"id": "MDC-7007", "county": "miamidade", "name": "International Studies Charter High School", "school_num": "7007", "school_type": "Charter", "grades": "9-12", "role": "charter", "address": "2480 SW 8th St", "city": "Miami", "enrollment_2526": 382}}, {"type": "Feature", "geometry": {"type": "Point", "coordinates": [-80.2392950636792, 25.8963912347457]}, "properties": {"id": "MDC-6057", "county": "miamidade", "name": "Phoenix Academy Of Excellence North", "school_num": "6057", "school_type": "Charter", "grades": "6-8", "role": "charter", "address": "13301 NW 24th Ave", "city": "Miami", "enrollment_2526": 35}}, {"type": "Feature", "geometry": {"type": "Point", "coordinates": [-80.3667692445156, 25.7273119099423]}, "properties": {"id": "MDC-5049", "county": "miamidade", "name": "Pinecrest Cove Academy", "school_num": "5049", "school_type": "Charter", "grades": "K-8", "role": "charter", "address": "4301 SW 107th Ave", "city": "Miami-Dade", "enrollment_2526": 921}}, {"type": "Feature", "geometry": {"type": "Point", "coordinates": [-80.2397125206732, 25.8075914306457]}, "properties": {"id": "MDC-3000", "county": "miamidade", "name": "Mater International Academy", "school_num": "3000", "school_type": "Charter", "grades": "K-5", "role": "charter", "address": "3405 NW 27th Ave", "city": "Miami", "enrollment_2526": 163}}, {"type": "Feature", "geometry": {"type": "Point", "coordinates": [-80.3455693083393, 25.7029475226118]}, "properties": {"id": "MDC-1000", "county": "miamidade", "name": "True North Classical Academy", "school_num": "1000", "school_type": "Charter", "grades": "K-8", "role": "charter", "address": "9393 Sunset Dr", "city": "Miami-Dade", "enrollment_2526": 1542}}, {"type": "Feature", "geometry": {"type": "Point", "coordinates": [-80.3931923163339, 25.5370421123379]}, "properties": {"id": "MDC-7042", "county": "miamidade", "name": "Somerset Academy Charter Hs", "school_num": "7042", "school_type": "Charter", "grades": "9-12", "role": "charter", "address": "12425 SW 248th St", "city": "Homestead", "enrollment_2526": 967}}, {"type": "Feature", "geometry": {"type": "Point", "coordinates": [-80.2363818550606, 25.7665659094025]}, "properties": {"id": "MDC-5020", "county": "miamidade", "name": "Bridgeprep Academy Interamerican", "school_num": "5020", "school_type": "Charter", "grades": "K-8", "role": "charter", "address": "621 Beacom Blvd", "city": "Miami", "enrollment_2526": 193}}, {"type": "Feature", "geometry": {"type": "Point", "coordinates": [-80.4707754047801, 25.4716593990797]}, "properties": {"id": "MDC-7034", "county": "miamidade", "name": "Somerset Achs (South Homestead) 9-12", "school_num": "7034", "school_type": "Charter", "grades": "9-12", "role": "charter", "address": "305 NE 2nd Rd", "city": "Homestead", "enrollment_2526": 445}}, {"type": "Feature", "geometry": {"type": "Point", "coordinates": [-80.4367597128917, 25.729021619862]}, "properties": {"id": "MDC-7053", "county": "miamidade", "name": "Pinecrest Preparatory Academy Chs", "school_num": "7053", "school_type": "Charter", "grades": "9-12", "role": "charter", "address": "14901 SW 42nd St", "city": "Miami-Dade", "enrollment_2526": 538}}, {"type": "Feature", "geometry": {"type": "Point", "coordinates": [-80.2670906318942, 25.7416362895862]}, "properties": {"id": "MDC-5008", "county": "miamidade", "name": "Somerset Gables Academy", "school_num": "5008", "school_type": "Charter", "grades": "K-8", "role": "charter", "address": "624 Anastasia Ave", "city": "Coral Gables", "enrollment_2526": 622}}, {"type": "Feature", "geometry": {"type": "Point", "coordinates": [-80.3892947383185, 25.7016995965343]}, "properties": {"id": "MDC-3034", "county": "miamidade", "name": "Bridgeprep Academy Of Village Green", "school_num": "3034", "school_type": "Charter", "grades": "K-8", "role": "charter", "address": "12001 SW 72nd St", "city": "Miami-Dade", "enrollment_2526": 791}}, {"type": "Feature", "geometry": {"type": "Point", "coordinates": [-80.4060405946525, 25.499321794218]}, "properties": {"id": "MDC-6060", "county": "miamidade", "name": "Aspira Leadership And College Preparatory Academy", "school_num": "6060", "school_type": "Charter", "grades": "K-8", "role": "charter", "address": "13330 SW 288th St", "city": "Miami-Dade", "enrollment_2526": 297}}, {"type": "Feature", "geometry": {"type": "Point", "coordinates": [-80.2450599418279, 25.8962783439794]}, "properties": {"id": "MDC-4002", "county": "miamidade", "name": "Beacon College Preparatory Elementary (retired)", "school_num": "4002", "school_type": "Charter", "grades": "K-8", "role": "charter", "address": "2750 NW 135th St", "city": "Opa-Locka", "enrollment_2526": 0, "status": "closed"}}, {"type": "Feature", "geometry": {"type": "Point", "coordinates": [-80.3299966445798, 25.5614601469003]}, "properties": {"id": "MDC-7120", "county": "miamidade", "name": "Mater Academy Bay High School", "school_num": "7120", "school_type": "Charter", "grades": "9-12", "role": "charter", "address": "22025 SW 87th Ave", "city": "Cutler Bay", "enrollment_2526": 440}}, {"type": "Feature", "geometry": {"type": "Point", "coordinates": [-80.4130278220864, 25.7129525598829]}, "properties": {"id": "MDC-2002", "county": "miamidade", "name": "Academir Preparatory Academy", "school_num": "2002", "school_type": "Charter", "grades": "K-5", "role": "charter", "address": "5800 SW 135th Ave", "city": "Miami-Dade", "enrollment_2526": 354}}, {"type": "Feature", "geometry": {"type": "Point", "coordinates": [-80.193860158579, 25.7949430192575]}, "properties": {"id": "MDC-6070", "county": "miamidade", "name": "Aspira Arts Deco Charter", "school_num": "6070", "school_type": "Charter", "grades": "6-8", "role": "charter", "address": "1911 NE Miami Ct", "city": "Miami", "enrollment_2526": 467}}, {"type": "Feature", "geometry": {"type": "Point", "coordinates": [-80.4130278220864, 25.7129525598829]}, "properties": {"id": "MDC-6082", "county": "miamidade", "name": "Academir Charter School Middle", "school_num": "6082", "school_type": "Charter", "grades": "6-8", "role": "charter", "address": "5800 SW 135th Ave", "city": "Miami-Dade", "enrollment_2526": 303}}, {"type": "Feature", "geometry": {"type": "Point", "coordinates": [-80.4926163032847, 25.4465616730367]}, "properties": {"id": "MDC-0102", "county": "miamidade", "name": "Miami Community Charter Elementary School", "school_num": "0102", "school_type": "Charter", "grades": "K-5", "role": "charter", "address": "101 S Redland Rd", "city": "Florida City", "enrollment_2526": 554}}, {"type": "Feature", "geometry": {"type": "Point", "coordinates": [-80.3423862583857, 25.930895846417]}, "properties": {"id": "MDC-6997", "county": "miamidade", "name": "Mater Academy Virtual Charter School", "school_num": "6997", "school_type": "Charter", "grades": "K-12", "role": "charter", "address": "17300 NW 87th Ave", "city": "Hialeah", "enrollment_2526": 59}}, {"type": "Feature", "geometry": {"type": "Point", "coordinates": [-80.3684952405531, 25.6780239235753]}, "properties": {"id": "MDC-3025", "county": "miamidade", "name": "Advantage Academy Santa Fe", "school_num": "3025", "school_type": "Charter", "grades": "K-5", "role": "charter", "address": "9790 SW 107th Ct", "city": "Miami-Dade", "enrollment_2526": 292}}, {"type": "Feature", "geometry": {"type": "Point", "coordinates": [-80.1943937318066, 25.8978349497321]}, "properties": {"id": "MDC-6020", "county": "miamidade", "name": "Aspira Raul Arnaldo Martinez Charter School", "school_num": "6020", "school_type": "Charter", "grades": "6-8", "role": "charter", "address": "13300 Memorial Hwy", "city": "North Miami", "enrollment_2526": 601}}, {"type": "Feature", "geometry": {"type": "Point", "coordinates": [-80.4259251026055, 25.7292019700348]}, "properties": {"id": "MDC-0600", "county": "miamidade", "name": "Pinecrest Preparatory Academy", "school_num": "0600", "school_type": "Charter", "grades": "K-5", "role": "charter", "address": "14301 SW 42nd St", "city": "Miami-Dade", "enrollment_2526": 458}}, {"type": "Feature", "geometry": {"type": "Point", "coordinates": [-80.3310582107005, 25.7030578698904]}, "properties": {"id": "MDC-1002", "county": "miamidade", "name": "True North Classical Academy South", "school_num": "1002", "school_type": "Charter", "grades": "K-8", "role": "charter", "address": "8445 SW 72nd St", "city": "Miami", "enrollment_2526": 0, "status": "closed"}}, {"type": "Feature", "geometry": {"type": "Point", "coordinates": [-80.3356224752007, 25.8913184920382]}, "properties": {"id": "MDC-7262", "county": "miamidade", "name": "City Of Hialeah Education Academy", "school_num": "7262", "school_type": "Charter", "grades": "6-12", "role": "charter", "address": "2590 W 76th St", "city": "Hialeah", "enrollment_2526": 1031}}, {"type": "Feature", "geometry": {"type": "Point", "coordinates": [-80.3534511140657, 25.7962293116875]}, "properties": {"id": "MDC-6083", "county": "miamidade", "name": "Just Arts And Management (Jam) Charter Middle", "school_num": "6083", "school_type": "Charter", "grades": "6-8", "role": "charter", "address": "2450 NW 97th Ave", "city": "Doral", "enrollment_2526": 289}}, {"type": "Feature", "geometry": {"type": "Point", "coordinates": [-80.1679017017139, 25.9281928553903]}, "properties": {"id": "MDC-6024", "county": "miamidade", "name": "Sports Leadership And Management (Slam) Ms", "school_num": "6024", "school_type": "Charter", "grades": "6-8", "role": "charter", "address": "16551 NE 16th  Ave", "city": "North Miami Beach", "enrollment_2526": 193}}, {"type": "Feature", "geometry": {"type": "Point", "coordinates": [-80.3777642588772, 25.5513553203816]}, "properties": {"id": "MDC-7038", "county": "miamidade", "name": "Somerset Achs (South Campus)", "school_num": "7038", "school_type": "Charter", "grades": "6-12", "role": "charter", "address": "23255 SW 115th Ave", "city": "Miami-Dade", "enrollment_2526": 17}}, {"type": "Feature", "geometry": {"type": "Point", "coordinates": [-80.3260621628743, 25.8221250710379]}, "properties": {"id": "MDC-7044", "county": "miamidade", "name": "Downtown Doral Charter Upper School", "school_num": "7044", "school_type": "Charter", "grades": "6-12", "role": "charter", "address": "7905 NW 53rd St", "city": "Doral", "enrollment_2526": 1502}}, {"type": "Feature", "geometry": {"type": "Point", "coordinates": [-80.4331442723508, 25.4621087524651]}, "properties": {"id": "MDC-6046", "county": "miamidade", "name": "Somerset Pams (Homestead)", "school_num": "6046", "school_type": "Charter", "grades": "6-8", "role": "charter", "address": "3000 SE 9th St", "city": "Homestead", "enrollment_2526": 389}}, {"type": "Feature", "geometry": {"type": "Point", "coordinates": [-80.2111186025973, 25.7724682453021]}, "properties": {"id": "MDC-6009", "county": "miamidade", "name": "Mater Academy East Middle School", "school_num": "6009", "school_type": "Charter", "grades": "6-9", "role": "charter", "address": "998 SW 1st St", "city": "Miami", "enrollment_2526": 327}}, {"type": "Feature", "geometry": {"type": "Point", "coordinates": [-80.3488575141817, 25.9356062690372]}, "properties": {"id": "MDC-0312", "county": "miamidade", "name": "Mater Gardens Academy", "school_num": "0312", "school_type": "Charter", "grades": "K-5", "role": "charter", "address": "9010 NW 178th Ln", "city": "Miami-Dade", "enrollment_2526": 801}}, {"type": "Feature", "geometry": {"type": "Point", "coordinates": [-80.4673566988797, 25.4748713849952]}, "properties": {"id": "MDC-7065", "county": "miamidade", "name": "Chambers High School", "school_num": "7065", "school_type": "Charter", "grades": "9-12", "role": "charter", "address": "698 N Homestead Blvd", "city": "Homestead", "enrollment_2526": 218}}, {"type": "Feature", "geometry": {"type": "Point", "coordinates": [-80.3256000398477, 25.89325403905]}, "properties": {"id": "MDC-7070", "county": "miamidade", "name": "Youth Co-Op Preparatory High School", "school_num": "7070", "school_type": "Charter", "grades": "9-12", "role": "charter", "address": "7700 W 20th Ave", "city": "Hialeah", "enrollment_2526": 261}}, {"type": "Feature", "geometry": {"type": "Point", "coordinates": [-80.3950192353985, 25.7015424599008]}, "properties": {"id": "MDC-7265", "county": "miamidade", "name": "Archimedean Upper Conservatory", "school_num": "7265", "school_type": "Charter", "grades": "9-12", "role": "charter", "address": "12425 SW 72nd St", "city": "Miami-Dade", "enrollment_2526": 319}}, {"type": "Feature", "geometry": {"type": "Point", "coordinates": [-80.2525582684377, 25.7794124998486]}, "properties": {"id": "MDC-7067", "county": "miamidade", "name": "Green Springs High School", "school_num": "7067", "school_type": "Charter", "grades": "9-12", "role": "charter", "address": "3555 NW 7th St", "city": "Miami", "enrollment_2526": 547}}, {"type": "Feature", "geometry": {"type": "Point", "coordinates": [-80.4284869055563, 25.7428122443203]}, "properties": {"id": "MDC-Academir_Charter_School_West_P", "county": "miamidade", "name": "Academir Charter School West Plc", "school_num": null, "school_type": "Charter", "grades": "", "role": "charter", "address": "2636 SW 144th Ave", "city": "Miami", "enrollment_2526": 0}}, {"type": "Feature", "geometry": {"type": "Point", "coordinates": [-80.4057208267507, 25.4987925379672]}, "properties": {"id": "MDC-Academir_Middle_School_Of_Math", "county": "miamidade", "name": "Academir Middle School Of Math And Science", "school_num": null, "school_type": "Charter", "grades": "6-8", "role": "charter", "address": "13330 SW 288th St", "city": "Homestead", "enrollment_2526": 0}}, {"type": "Feature", "geometry": {"type": "Point", "coordinates": [-80.3795539095357, 25.8111651829911]}, "properties": {"id": "MDC-Academir_Charter_School_East_M", "county": "miamidade", "name": "Academir Charter School East Middle", "school_num": null, "school_type": "Charter", "grades": "6-8", "role": "charter", "address": "11300 NW 41st St", "city": "Doral", "enrollment_2526": 0}}, {"type": "Feature", "geometry": {"type": "Point", "coordinates": [-80.3741235918466, 25.8009185581793]}, "properties": {"id": "MDC-Doral_Academy_North_Charter_El", "county": "miamidade", "name": "Doral Academy North Charter Elementary", "school_num": null, "school_type": "Charter", "grades": "", "role": "charter", "address": "2900 NW 109th Ave", "city": "Doral", "enrollment_2526": 0}}, {"type": "Feature", "geometry": {"type": "Point", "coordinates": [-80.1650194418534, 25.8940836215205]}, "properties": {"id": "MDC-Mater_Academy_Biscayne_North_M", "county": "miamidade", "name": "Mater Academy Biscayne North Miami High School", "school_num": null, "school_type": "Charter", "grades": "9-12", "role": "charter", "address": "1701 NE 127th St", "city": "Miami", "enrollment_2526": 0}}, {"type": "Feature", "geometry": {"type": "Point", "coordinates": [-80.2468097, 25.8672524]}, "properties": {"id": "KIPP-MIAMI-NORTH", "county": "miamidade", "name": "KIPP Miami North", "school_num": "", "school_type": "Incubation", "role": "incubation", "address": "3000 NW 110th Street", "city": "Miami", "enrollment_2526": 0}}, {"type": "Feature", "geometry": {"type": "Point", "coordinates": [-80.15991, 26.01002]}, "properties": {"id": "BRW-5001", "county": "broward", "name": "Ben Gamla Charter School North Campus", "school_num": "5001", "school_type": "K-8 Charter", "role": "charter", "address": "2620 HOLLYWOOD BLVD", "city": "Hollywood", "enrollment_2526": 0, "enroll_key": "06-5001"}}, {"type": "Feature", "geometry": {"type": "Point", "coordinates": [-80.14822, 26.16316]}, "properties": {"id": "BRW-5002", "county": "broward", "name": "Somerset Academy Village Charter Middle School", "school_num": "5002", "school_type": "Middle School", "role": "charter", "address": "225 NW 29TH ST", "city": "Wilton Manors", "enrollment_2526": 152, "enroll_key": "06-5002"}}, {"type": "Feature", "geometry": {"type": "Point", "coordinates": [-80.22095, 26.2191]}, "properties": {"id": "BRW-5003", "county": "broward", "name": "Somerset Preparatory Academy Charter School At North Lauderdale", "school_num": "5003", "school_type": "K-8 Charter", "role": "charter", "address": "7101 KIMBERLY BLVD", "city": "North Lauderdale", "enrollment_2526": 721, "enroll_key": "06-5003"}}, {"type": "Feature", "geometry": {"type": "Point", "coordinates": [-80.14822, 26.16316]}, "properties": {"id": "BRW-5004", "county": "broward", "name": "Somerset Village Academy", "school_num": "5004", "school_type": "Elementary School", "role": "charter", "address": "225 NW 29TH ST", "city": "Wilton Manors", "enrollment_2526": 238, "enroll_key": "06-5004"}}, {"type": "Feature", "geometry": {"type": "Point", "coordinates": [-80.16134, 26.00944]}, "properties": {"id": "BRW-5005", "county": "broward", "name": "Ben Gamla Charter High School", "school_num": "5005", "school_type": "High School", "role": "charter", "address": "2650 VAN BUREN ST", "city": "Hollywood", "enrollment_2526": 0, "enroll_key": "06-5005"}}, {"type": "Feature", "geometry": {"type": "Point", "coordinates": [-80.22095, 26.2191]}, "properties": {"id": "BRW-5006", "county": "broward", "name": "Somerset Preparatory Academy Charter High At North Lauderdale", "school_num": "5006", "school_type": "High School", "role": "charter", "address": "7101 KIMBERLY BLVD", "city": "North Lauderdale", "enrollment_2526": 328, "enroll_key": "06-5006"}}, {"type": "Feature", "geometry": {"type": "Point", "coordinates": [-80.26798, 25.99269]}, "properties": {"id": "BRW-5007", "county": "broward", "name": "Somerset Academy Charter High School Miramar Campus", "school_num": "5007", "school_type": "High School", "role": "charter", "address": "9300 PEMBROKE RD", "city": "Miramar", "enrollment_2526": 276, "enroll_key": "06-5007"}}, {"type": "Feature", "geometry": {"type": "Point", "coordinates": [-80.14504, 26.17115]}, "properties": {"id": "BRW-5009", "county": "broward", "name": "Andrews High School", "school_num": "5009", "school_type": "High School", "role": "charter", "address": "3500 N ANDREWS AVE", "city": "Pompano Beach", "enrollment_2526": 386, "enroll_key": "06-5009"}}, {"type": "Feature", "geometry": {"type": "Point", "coordinates": [-80.28646, 26.18034]}, "properties": {"id": "BRW-5010", "county": "broward", "name": "Franklin Academy Sunrise", "school_num": "5010", "school_type": "K-8 Charter", "role": "charter", "address": "4500 NW 103 AVE", "city": "Sunrise", "enrollment_2526": 1387, "enroll_key": "06-5010"}}, {"type": "Feature", "geometry": {"type": "Point", "coordinates": [-80.189, 26.1667]}, "properties": {"id": "BRW-5011", "county": "broward", "name": "Smart School Institute Of Technology And Commerce", "school_num": "5011", "school_type": "High School", "role": "charter", "address": "3020 NW 33 AVE", "city": "Lauderdale Lakes", "enrollment_2526": 0, "enroll_key": "06-5011"}}, {"type": "Feature", "geometry": {"type": "Point", "coordinates": [-80.39929, 26.00634]}, "properties": {"id": "BRW-5012", "county": "broward", "name": "Franklin Academy Pembroke Pines", "school_num": "5012", "school_type": "K-8 Charter", "role": "charter", "address": "18800 PINES BLVD", "city": "Pembroke Pines", "enrollment_2526": 1329, "enroll_key": "06-5012"}}, {"type": "Feature", "geometry": {"type": "Point", "coordinates": [-80.2864, 26.00912]}, "properties": {"id": "BRW-5014", "county": "broward", "name": "Renaissance Charter Middle School At Pines", "school_num": "5014", "school_type": "K-8 Charter", "role": "charter", "address": "10501 PINES BLVD", "city": "Pembroke Pines", "enrollment_2526": 451, "enroll_key": "06-5014"}}, {"type": "Feature", "geometry": {"type": "Point", "coordinates": [-80.14831, 26.02524]}, "properties": {"id": "BRW-5015", "county": "broward", "name": "Avant Garde Academy K-5 Broward", "school_num": "5015", "school_type": "Elementary School", "role": "charter", "address": "2025 MCKINLEY ST", "city": "Hollywood", "enrollment_2526": 923, "enroll_key": "06-5015"}}, {"type": "Feature", "geometry": {"type": "Point", "coordinates": [-80.14832, 26.02528]}, "properties": {"id": "BRW-5017", "county": "broward", "name": "Avant Garde Academy Foundation K8", "school_num": "5017", "school_type": "K-8 Charter", "role": "charter", "address": "2025 MCKINLEY ST", "city": "Hollywood", "enrollment_2526": 97, "enroll_key": "06-5017"}}, {"type": "Feature", "geometry": {"type": "Point", "coordinates": [-80.20748, 26.27227]}, "properties": {"id": "BRW-5020", "county": "broward", "name": "Renaissance Charter School At Coral Springs", "school_num": "5020", "school_type": "K-8 Charter", "role": "charter", "address": "6250 W SAMPLE RD", "city": "Coral Springs", "enrollment_2526": 1523, "enroll_key": "06-5020"}}, {"type": "Feature", "geometry": {"type": "Point", "coordinates": [-80.26856, 25.99317]}, "properties": {"id": "BRW-5021", "county": "broward", "name": "Somerset Neighborhood School", "school_num": "5021", "school_type": "Elementary School", "role": "charter", "address": "9300 PEMBROKE RD", "city": "Miramar", "enrollment_2526": 466, "enroll_key": "06-5021"}}, {"type": "Feature", "geometry": {"type": "Point", "coordinates": [-80.18996, 26.02251]}, "properties": {"id": "BRW-5022", "county": "broward", "name": "Bridgeprep Academy Of Broward K-8", "school_num": "5022", "school_type": "K-8 Charter", "role": "charter", "address": "1400 N 46TH AVE", "city": "Hollywood", "enrollment_2526": 141, "enroll_key": "06-5022"}}, {"type": "Feature", "geometry": {"type": "Point", "coordinates": [-80.23791, 26.13915]}, "properties": {"id": "BRW-5023", "county": "broward", "name": "Renaissance Charter School At Plantation", "school_num": "5023", "school_type": "K-8 Charter", "role": "charter", "address": "6701 W SUNRISE BLVD", "city": "Plantation", "enrollment_2526": 905, "enroll_key": "06-5023"}}, {"type": "Feature", "geometry": {"type": "Point", "coordinates": [-80.24762, 26.29965]}, "properties": {"id": "BRW-5024", "county": "broward", "name": "Imagine School At Broward", "school_num": "5024", "school_type": "K-8 Charter", "role": "charter", "address": "9001 WESTVIEW DR", "city": "Coral Springs", "enrollment_2526": 1111, "enroll_key": "06-5024"}}, {"type": "Feature", "geometry": {"type": "Point", "coordinates": [-80.23598, 26.13606]}, "properties": {"id": "BRW-5025", "county": "broward", "name": "Ben Gamla Charter School Hallandale", "school_num": "5025", "school_type": "K-8 Charter", "role": "charter", "address": "6511 W SUNRISE BLVD", "city": "Plantation", "enrollment_2526": 0, "enroll_key": "06-5025"}}, {"type": "Feature", "geometry": {"type": "Point", "coordinates": [-80.24995, 26.03326]}, "properties": {"id": "BRW-5026", "county": "broward", "name": "Charter School Of Excellence Davie 2", "school_num": "5026", "school_type": "Elementary School", "role": "charter", "address": "2801 N UNIVERSITY DR", "city": "Pembroke Pines", "enrollment_2526": 0, "enroll_key": "06-5026"}}, {"type": "Feature", "geometry": {"type": "Point", "coordinates": [-80.17018, 26.1875]}, "properties": {"id": "BRW-5028", "county": "broward", "name": "Academic Solutions High School", "school_num": "5028", "school_type": "High School", "role": "charter", "address": "2000 W COMMERCIAL BLVD", "city": "Ft Lauderdale", "enrollment_2526": 152, "enroll_key": "06-5028"}}, {"type": "Feature", "geometry": {"type": "Point", "coordinates": [-80.27752, 26.0084]}, "properties": {"id": "BRW-5029", "county": "broward", "name": "Atlantic Montessori Charter School", "school_num": "5029", "school_type": "Elementary School", "role": "charter", "address": "9893 PINES BLVD", "city": "Pembroke Pines", "enrollment_2526": 54, "enroll_key": "06-5029"}}, {"type": "Feature", "geometry": {"type": "Point", "coordinates": [-80.11, 26.27271]}, "properties": {"id": "BRW-5030", "county": "broward", "name": "Somerset Pines Academy", "school_num": "5030", "school_type": "K-8 Charter", "role": "charter", "address": "901 NE 33RD ST", "city": "Pompano Beach", "enrollment_2526": 439, "enroll_key": "06-5030"}}, {"type": "Feature", "geometry": {"type": "Point", "coordinates": [-80.14035, 26.1069]}, "properties": {"id": "BRW-5031", "county": "broward", "name": "Charter School Of Excellence", "school_num": "5031", "school_type": "Elementary School", "role": "charter", "address": "1217 SE 3RD AVE", "city": "Fort Lauderdale", "enrollment_2526": 0, "enroll_key": "06-5031"}}, {"type": "Feature", "geometry": {"type": "Point", "coordinates": [-80.15061, 26.26093]}, "properties": {"id": "BRW-5032", "county": "broward", "name": "Flagler High", "school_num": "5032", "school_type": "High School", "role": "charter", "address": "1951 W COPANS RD", "city": "Pompano", "enrollment_2526": 0, "enroll_key": "06-5032"}}, {"type": "Feature", "geometry": {"type": "Point", "coordinates": [-80.31296, 26.03993]}, "properties": {"id": "BRW-5037", "county": "broward", "name": "Franklin Academy Cooper City", "school_num": "5037", "school_type": "K-8 Charter", "role": "charter", "address": "6301 FLAMINGO RD", "city": "Cooper City", "enrollment_2526": 1336, "enroll_key": "06-5037"}}, {"type": "Feature", "geometry": {"type": "Point", "coordinates": [-80.2053, 26.26922]}, "properties": {"id": "BRW-5038", "county": "broward", "name": "Broward Math And Science Schools", "school_num": "5038", "school_type": "K-8 Charter", "role": "charter", "address": "6101 NW 31ST ST", "city": "Margate", "enrollment_2526": 223, "enroll_key": "06-5038"}}, {"type": "Feature", "geometry": {"type": "Point", "coordinates": [-80.20527, 26.18173]}, "properties": {"id": "BRW-5041", "county": "broward", "name": "Central Charter School", "school_num": "5041", "school_type": "K-8 Charter", "role": "charter", "address": "4515 STATE ROAD 7", "city": "Lauderdale Lakes", "enrollment_2526": 1392, "enroll_key": "06-5041"}}, {"type": "Feature", "geometry": {"type": "Point", "coordinates": [-80.42144, 26.1371]}, "properties": {"id": "BRW-5042", "county": "broward", "name": "Imagine Middle School West", "school_num": "5042", "school_type": "Middle School", "role": "charter", "address": "2500 GLADES CIRCLE", "city": "Weston", "enrollment_2526": 0, "enroll_key": "06-5042"}}, {"type": "Feature", "geometry": {"type": "Point", "coordinates": [-80.25696, 26.10478]}, "properties": {"id": "BRW-5044", "county": "broward", "name": "Imagine Schools Plantation Campus", "school_num": "5044", "school_type": "K-8 Charter", "role": "charter", "address": "8200 PETERS RD", "city": "Plantation", "enrollment_2526": 552, "enroll_key": "06-5044"}}, {"type": "Feature", "geometry": {"type": "Point", "coordinates": [-80.17, 26.1839]}, "properties": {"id": "BRW-5045", "county": "broward", "name": "Kathleen C. Wright Leadership Academy", "school_num": "5045", "school_type": "K-8 Charter", "role": "charter", "address": "2099 W PROSPECT RD", "city": "Oakland Park", "enrollment_2526": 0, "enroll_key": "06-5045"}}, {"type": "Feature", "geometry": {"type": "Point", "coordinates": [-80.427, 26.05557]}, "properties": {"id": "BRW-5046", "county": "broward", "name": "Franklin Academy F", "school_num": "5046", "school_type": "K-8 Charter", "role": "charter", "address": "5000 SW 207TH TER", "city": "Pembroke Pines", "enrollment_2526": 872, "enroll_key": "06-5046"}}, {"type": "Feature", "geometry": {"type": "Point", "coordinates": [-80.20514, 26.26888]}, "properties": {"id": "BRW-5047", "county": "broward", "name": "College Bound Academy Of Excellence", "school_num": "5047", "school_type": "High School", "role": "charter", "address": "6101 NW 31ST ST", "city": "Margate", "enrollment_2526": 0, "enroll_key": "06-5047"}}, {"type": "Feature", "geometry": {"type": "Point", "coordinates": [-80.25417, 26.22656]}, "properties": {"id": "BRW-5048", "county": "broward", "name": "Renaissance Charter School At University", "school_num": "5048", "school_type": "K-8 Charter", "role": "charter", "address": "8399 N UNIVERSITY DR", "city": "Tamarac", "enrollment_2526": 1454, "enroll_key": "06-5048"}}, {"type": "Feature", "geometry": {"type": "Point", "coordinates": [-80.28059, 26.03365]}, "properties": {"id": "BRW-5049", "county": "broward", "name": "Renaissance Charter School At Cooper City", "school_num": "5049", "school_type": "K-8 Charter", "role": "charter", "address": "2800 NORTH PALM AVE", "city": "Cooper City", "enrollment_2526": 1223, "enroll_key": "06-5049"}}, {"type": "Feature", "geometry": {"type": "Point", "coordinates": [-80.28962, 25.99519]}, "properties": {"id": "BRW-5051", "county": "broward", "name": "Pembroke Pines Charter Elementary School", "school_num": "5051", "school_type": "Elementary School", "role": "charter", "address": "10801 PEMBROKE RD", "city": "Pembroke Pines", "enrollment_2526": 2057, "enroll_key": "06-5051"}}, {"type": "Feature", "geometry": {"type": "Point", "coordinates": [-80.19707, 26.24457]}, "properties": {"id": "BRW-5052", "county": "broward", "name": "West Broward Academy", "school_num": "5052", "school_type": "K-8 Charter", "role": "charter", "address": "5281 COCONUT CREEK PKWY", "city": "Margate", "enrollment_2526": 785, "enroll_key": "06-5052"}}, {"type": "Feature", "geometry": {"type": "Point", "coordinates": [-80.17864, 26.10516]}, "properties": {"id": "BRW-5053", "county": "broward", "name": "Suned High Of South Broward", "school_num": "5053", "school_type": "High School", "role": "charter", "address": "2744 DAVIE BLVD", "city": "Ft Lauderdale", "enrollment_2526": 360, "enroll_key": "06-5053"}}, {"type": "Feature", "geometry": {"type": "Point", "coordinates": [-80.31145, 25.9596]}, "properties": {"id": "BRW-5054", "county": "broward", "name": "Somerset Academy Miramar South", "school_num": "5054", "school_type": "Elementary School", "role": "charter", "address": "12425 SW 53RD ST", "city": "Miramar", "enrollment_2526": 212, "enroll_key": "06-5054"}}, {"type": "Feature", "geometry": {"type": "Point", "coordinates": [-80.26484, 26.02441]}, "properties": {"id": "BRW-5055", "county": "broward", "name": "Broward Charter School Of Science And Technology", "school_num": "5055", "school_type": "K-8 Charter", "role": "charter", "address": "1800 N DOUGLAS RD", "city": "Pembroke Pines", "enrollment_2526": 0, "enroll_key": "06-5055"}}, {"type": "Feature", "geometry": {"type": "Point", "coordinates": [-80.25229, 26.33541]}, "properties": {"id": "BRW-5056", "county": "broward", "name": "Somerset Parkland Academy", "school_num": "5056", "school_type": "K-8 Charter", "role": "charter", "address": "8401 UNIVERSTIY DR", "city": "Parkland", "enrollment_2526": 1027, "enroll_key": "06-5056"}}, {"type": "Feature", "geometry": {"type": "Point", "coordinates": [-80.202, 26.1811]}, "properties": {"id": "BRW-5057", "county": "broward", "name": "Next Generation Charter School", "school_num": "5057", "school_type": "Elementary School", "role": "charter", "address": "4850 N STATE RD 7", "city": "Lauderdale Lakes", "enrollment_2526": 0, "enroll_key": "06-5057"}}, {"type": "Feature", "geometry": {"type": "Point", "coordinates": [-80.14166, 26.11434]}, "properties": {"id": "BRW-5059", "county": "broward", "name": "Florida Virtual Academy At Broward County", "school_num": "5059", "school_type": "K-8 Charter", "role": "charter", "address": "110 SE 6TH ST 15 FL", "city": "Fort Lauderdale", "enrollment_2526": 0, "enroll_key": "06-5059"}}, {"type": "Feature", "geometry": {"type": "Point", "coordinates": [-80.17447, 26.16505]}, "properties": {"id": "BRW-5060", "county": "broward", "name": "Sunfire High School", "school_num": "5060", "school_type": "High School", "role": "charter", "address": "2360 W OAKLAND PARK BLVD", "city": "Oakland Park", "enrollment_2526": 408, "enroll_key": "06-5060"}}, {"type": "Feature", "geometry": {"type": "Point", "coordinates": [-80.2222, 26.2173]}, "properties": {"id": "BRW-5061", "county": "broward", "name": "N. Lauderdale Academy High School", "school_num": "5061", "school_type": "High School", "role": "charter", "address": "7101 KIMBERLY BLVD", "city": "North Lauderdale", "enrollment_2526": 0, "enroll_key": "06-5061"}}, {"type": "Feature", "geometry": {"type": "Point", "coordinates": [-80.189, 26.1667]}, "properties": {"id": "BRW-5071", "county": "broward", "name": "Smart School Charter Middle", "school_num": "5071", "school_type": "Middle School", "role": "charter", "address": "3020 NW 33RD AVE", "city": "Lauderdale Lakes", "enrollment_2526": 0, "enroll_key": "06-5071"}}, {"type": "Feature", "geometry": {"type": "Point", "coordinates": [-80.39408, 25.99372]}, "properties": {"id": "BRW-5081", "county": "broward", "name": "City/Pembroke Pines Charter Middle School", "school_num": "5081", "school_type": "Middle School", "role": "charter", "address": "18500 PEMBROKE RD", "city": "Pembroke Pines", "enrollment_2526": 1362, "enroll_key": "06-5081"}}, {"type": "Feature", "geometry": {"type": "Point", "coordinates": [-80.24832, 26.27086]}, "properties": {"id": "BRW-5091", "county": "broward", "name": "Coral Springs Charter School", "school_num": "5091", "school_type": "High School", "role": "charter", "address": "3205 N UNIVERSITY DR", "city": "Coral Springs", "enrollment_2526": 1767, "enroll_key": "06-5091"}}, {"type": "Feature", "geometry": {"type": "Point", "coordinates": [-80.1544, 25.9914]}, "properties": {"id": "BRW-5101", "county": "broward", "name": "Charter School Institute Training", "school_num": "5101", "school_type": "Elementary School", "role": "charter", "address": "520 NW 5TH ST", "city": "Hallandale", "enrollment_2526": 0, "enroll_key": "06-5101"}}, {"type": "Feature", "geometry": {"type": "Point", "coordinates": [-80.2422, 26.16415]}, "properties": {"id": "BRW-5109", "county": "broward", "name": "Paramount Charter School", "school_num": "5109", "school_type": "K-8 Charter", "role": "charter", "address": "7100 W OAKLAND PARK BLVD", "city": "Sunrise", "enrollment_2526": 0, "enroll_key": "06-5109"}}, {"type": "Feature", "geometry": {"type": "Point", "coordinates": [-80.42118, 26.13713]}, "properties": {"id": "BRW-5111", "county": "broward", "name": "Imagine Charter School At Weston", "school_num": "5111", "school_type": "K-8 Charter", "role": "charter", "address": "2500 GLADES CIR", "city": "Weston", "enrollment_2526": 1105, "enroll_key": "06-5111"}}, {"type": "Feature", "geometry": {"type": "Point", "coordinates": [-80.18996, 26.02251]}, "properties": {"id": "BRW-5116", "county": "broward", "name": "Bridgeprep Academy Of Hollywood Hills", "school_num": "5116", "school_type": "Elementary School", "role": "charter", "address": "1400 N 46TH AVE", "city": "Hollywood", "enrollment_2526": 353, "enroll_key": "06-5116"}}, {"type": "Feature", "geometry": {"type": "Point", "coordinates": [-80.2422, 26.16415]}, "properties": {"id": "BRW-5119", "county": "broward", "name": "Magnolia Academy", "school_num": "5119", "school_type": "Elementary School", "role": "charter", "address": "7100 WEST OAKLAND PARK BLVD", "city": "Sunrise", "enrollment_2526": 0, "enroll_key": "06-5119"}}, {"type": "Feature", "geometry": {"type": "Point", "coordinates": [-80.37526, 26.03166]}, "properties": {"id": "BRW-5121", "county": "broward", "name": "City/Pembroke Pines Charter High School", "school_num": "5121", "school_type": "High School", "role": "charter", "address": "17189 SHERIDAN ST", "city": "Pembroke Pines", "enrollment_2526": 2161, "enroll_key": "06-5121"}}, {"type": "Feature", "geometry": {"type": "Point", "coordinates": [-80.38736, 26.00992]}, "properties": {"id": "BRW-5130", "county": "broward", "name": "Greentree Preparatory Charter School", "school_num": "5130", "school_type": "K-8 Charter", "role": "charter", "address": "6301 SW 160TH AVE", "city": "Southwest Ranches", "enrollment_2526": 252, "enroll_key": "06-5130"}}, {"type": "Feature", "geometry": {"type": "Point", "coordinates": [-80.2045, 26.1911]}, "properties": {"id": "BRW-5131", "county": "broward", "name": "Charter School Institute Training Center Annex", "school_num": "5131", "school_type": "Elementary School", "role": "charter", "address": "5420 N STATE RD 7", "city": "Fort Lauderdale", "enrollment_2526": 0, "enroll_key": "06-5131"}}, {"type": "Feature", "geometry": {"type": "Point", "coordinates": [-80.41013, 26.0061]}, "properties": {"id": "BRW-5141", "county": "broward", "name": "Somerset Academy", "school_num": "5141", "school_type": "Elementary School", "role": "charter", "address": "19620 PINES BLVD.", "city": "Pembroke Pines", "enrollment_2526": 643, "enroll_key": "06-5141"}}, {"type": "Feature", "geometry": {"type": "Point", "coordinates": [-80.427, 26.05557]}, "properties": {"id": "BRW-5142", "county": "broward", "name": "Franklin Academy Pembroke Pines High School", "school_num": "5142", "school_type": "High School", "role": "charter", "address": "5000 SW 207TH TER", "city": "Pembroke Pines", "enrollment_2526": 1206, "enroll_key": "06-5142"}}, {"type": "Feature", "geometry": {"type": "Point", "coordinates": [-80.42612, 26.01581]}, "properties": {"id": "BRW-5151", "county": "broward", "name": "Somerset Academy Middle School", "school_num": "5151", "school_type": "Middle School", "role": "charter", "address": "20803 JOHNSON ST", "city": "Pembroke Pines", "enrollment_2526": 1061, "enroll_key": "06-5151"}}, {"type": "Feature", "geometry": {"type": "Point", "coordinates": [-80.23893, 26.20553]}, "properties": {"id": "BRW-5161", "county": "broward", "name": "North Broward Academy Of Excellence", "school_num": "5161", "school_type": "Elementary School", "role": "charter", "address": "8200 SW 17TH ST", "city": "North Lauderdale", "enrollment_2526": 621, "enroll_key": "06-5161"}}, {"type": "Feature", "geometry": {"type": "Point", "coordinates": [-80.31244, 26.08912]}, "properties": {"id": "BRW-5164", "county": "broward", "name": "Atlantic Montessori Charter School West Campus", "school_num": "5164", "school_type": "Elementary School", "role": "charter", "address": "2550 S FLAMINGO RD", "city": "Davie", "enrollment_2526": 91, "enroll_key": "06-5164"}}, {"type": "Feature", "geometry": {"type": "Point", "coordinates": [-80.2046, 26.20977]}, "properties": {"id": "BRW-5171", "county": "broward", "name": "Imagine Charter School At North Lauderdale Elementary", "school_num": "5171", "school_type": "Elementary School", "role": "charter", "address": "1395 S STATE ROAD 7", "city": "North Lauderdale", "enrollment_2526": 418, "enroll_key": "06-5171"}}, {"type": "Feature", "geometry": {"type": "Point", "coordinates": [-80.13509, 26.22549]}, "properties": {"id": "BRW-5177", "county": "broward", "name": "Innovation Charter School", "school_num": "5177", "school_type": "Elementary School", "role": "charter", "address": "600 SW 3RD ST", "city": "Pompano Beach", "enrollment_2526": 405, "enroll_key": "06-5177"}}, {"type": "Feature", "geometry": {"type": "Point", "coordinates": [-80.236, 25.9741]}, "properties": {"id": "BRW-5181", "county": "broward", "name": "Parkway Academy", "school_num": "5181", "school_type": "High School", "role": "charter", "address": "7451 RIVIERA BLVD", "city": "Miramar", "enrollment_2526": 0, "enroll_key": "06-5181"}}, {"type": "Feature", "geometry": {"type": "Point", "coordinates": [-80.23688, 26.13719]}, "properties": {"id": "BRW-5182", "county": "broward", "name": "The Ben Gamla Preparatory Academy", "school_num": "5182", "school_type": "Middle School", "role": "charter", "address": "6501 W. SUNRISE BOULEVARD", "city": "Plantation", "enrollment_2526": 0, "enroll_key": "06-5182", "status": "closed"}}, {"type": "Feature", "geometry": {"type": "Point", "coordinates": [-80.2504, 26.19997]}, "properties": {"id": "BRW-5201", "county": "broward", "name": "Charter School Of Excellence Tamarac 1", "school_num": "5201", "school_type": "Elementary School", "role": "charter", "address": "7595 NW 61ST ST", "city": "Tamarac", "enrollment_2526": 0, "enroll_key": "06-5201"}}, {"type": "Feature", "geometry": {"type": "Point", "coordinates": [-80.16134, 26.00944]}, "properties": {"id": "BRW-5204", "county": "broward", "name": "Ben Gamla Preparatory School", "school_num": "5204", "school_type": "Middle School", "role": "charter", "address": "2650 VAN BUREN ST", "city": "Hollywood", "enrollment_2526": 0, "enroll_key": "06-5204"}}, {"type": "Feature", "geometry": {"type": "Point", "coordinates": [-80.19691, 26.24457]}, "properties": {"id": "BRW-5209", "county": "broward", "name": "Ascend Career Academy", "school_num": "5209", "school_type": "High School", "role": "charter", "address": "5251 COCONUT CREEK PKWY", "city": "Margate", "enrollment_2526": 177, "enroll_key": "06-5209"}}, {"type": "Feature", "geometry": {"type": "Point", "coordinates": [-80.23169, 26.07515]}, "properties": {"id": "BRW-5211", "county": "broward", "name": "Somerset Academy Davie Charter School", "school_num": "5211", "school_type": "Elementary School", "role": "charter", "address": "3788 DAVIE RD", "city": "Davie", "enrollment_2526": 150, "enroll_key": "06-5211"}}, {"type": "Feature", "geometry": {"type": "Point", "coordinates": [-80.18973, 26.00044]}, "properties": {"id": "BRW-5215", "county": "broward", "name": "Championship Academy Of Distinction Middle School", "school_num": "5215", "school_type": "Middle School", "role": "charter", "address": "1100 HILLCREST DR", "city": "Hollywood", "enrollment_2526": 222, "enroll_key": "06-5215"}}, {"type": "Feature", "geometry": {"type": "Point", "coordinates": [-80.19041, 26.16386]}, "properties": {"id": "BRW-5219", "county": "broward", "name": "Championship Academy Of Distinction High School", "school_num": "5219", "school_type": "High School", "role": "charter", "address": "3020 NW 33RD AVE", "city": "Lauderdale Lakes", "enrollment_2526": 0, "enroll_key": "06-5219", "status": "closed"}}, {"type": "Feature", "geometry": {"type": "Point", "coordinates": [-80.426, 26.01805]}, "properties": {"id": "BRW-5221", "county": "broward", "name": "Somerset Academy Charter High", "school_num": "5221", "school_type": "High School", "role": "charter", "address": "20805 JOHNSON ST", "city": "Pembroke Pines", "enrollment_2526": 1494, "enroll_key": "06-5221"}}, {"type": "Feature", "geometry": {"type": "Point", "coordinates": [-80.09712, 26.30624]}, "properties": {"id": "BRW-5224", "county": "broward", "name": "Somerset Academy Key Charter High School", "school_num": "5224", "school_type": "High School", "role": "charter", "address": "959 SE 6TH AVE", "city": "Deerfield Beach", "enrollment_2526": 298, "enroll_key": "06-5224"}}, {"type": "Feature", "geometry": {"type": "Point", "coordinates": [-80.19056, 26.16382]}, "properties": {"id": "BRW-5231", "county": "broward", "name": "Eagle Academy Charter School", "school_num": "5231", "school_type": "High School", "role": "charter", "address": "3020 NW 33RD AVE", "city": "Lauderdale Lakes", "enrollment_2526": 0, "enroll_key": "06-5231"}}, {"type": "Feature", "geometry": {"type": "Point", "coordinates": [-80.17018, 26.1875]}, "properties": {"id": "BRW-5233", "county": "broward", "name": "Academic Solutions Academy A", "school_num": "5233", "school_type": "High School", "role": "charter", "address": "2000 W COMMERCIAL BLVD", "city": "Ft Lauderdale", "enrollment_2526": 199, "enroll_key": "06-5233"}}, {"type": "Feature", "geometry": {"type": "Point", "coordinates": [-80.2422, 26.16415]}, "properties": {"id": "BRW-5234", "county": "broward", "name": "Championship Academy Of Distinction Of West Broward", "school_num": "5234", "school_type": "K-8 Charter", "role": "charter", "address": "7100 W OAKLAND PARK BLVD", "city": "Sunrise", "enrollment_2526": 0, "enroll_key": "06-5234", "status": "closed"}}, {"type": "Feature", "geometry": {"type": "Point", "coordinates": [-80.2504, 26.19997]}, "properties": {"id": "BRW-5238", "county": "broward", "name": "Bridgeprep Academy Broward County", "school_num": "5238", "school_type": "K-8 Charter", "role": "charter", "address": "7595 NW 61ST ST", "city": "Tamarac", "enrollment_2526": 0, "enroll_key": "06-5238"}}, {"type": "Feature", "geometry": {"type": "Point", "coordinates": [-80.1908, 26.1637]}, "properties": {"id": "BRW-5241", "county": "broward", "name": "Smart School Institute Of Tech/Com", "school_num": "5241", "school_type": "High School", "role": "charter", "address": "3020 NW 33 AVE", "city": "Lauderdale Lakes", "enrollment_2526": 0, "enroll_key": "06-5241"}}, {"type": "Feature", "geometry": {"type": "Point", "coordinates": [-80.2046, 26.20977]}, "properties": {"id": "BRW-5261", "county": "broward", "name": "Imagine At N Lauderdale Middle School", "school_num": "5261", "school_type": "Middle School", "role": "charter", "address": "1395 S STATE ROAD 7", "city": "North Lauderdale", "enrollment_2526": 0, "enroll_key": "06-5261"}}, {"type": "Feature", "geometry": {"type": "Point", "coordinates": [-80.41013, 26.0061]}, "properties": {"id": "BRW-5263", "county": "broward", "name": "Somerset Academy Elementary South Campus", "school_num": "5263", "school_type": "Elementary School", "role": "charter", "address": "19620 PINES BLVD", "city": "Pembroke Pines", "enrollment_2526": 350, "enroll_key": "06-5263"}}, {"type": "Feature", "geometry": {"type": "Point", "coordinates": [-80.25091, 26.03352]}, "properties": {"id": "BRW-5271", "county": "broward", "name": "Charter School Of Excellence At Davie", "school_num": "5271", "school_type": "Elementary School", "role": "charter", "address": "2801 N UNIVERSITY DR", "city": "Pembroke Pines", "enrollment_2526": 233, "enroll_key": "06-5271"}}, {"type": "Feature", "geometry": {"type": "Point", "coordinates": [-80.19464, 26.10413]}, "properties": {"id": "BRW-5281", "county": "broward", "name": "Charter School Of Excellence At Riverland", "school_num": "5281", "school_type": "Elementary School", "role": "charter", "address": "3550 DAVIE BLVD", "city": "Ft Lauderdale", "enrollment_2526": 0, "enroll_key": "06-5281"}}, {"type": "Feature", "geometry": {"type": "Point", "coordinates": [-80.2504, 26.19997]}, "properties": {"id": "BRW-5291", "county": "broward", "name": "Charter School Of Excellence Tamarac 2", "school_num": "5291", "school_type": "Elementary School", "role": "charter", "address": "7595 NW 61ST ST", "city": "Tamarac", "enrollment_2526": 0, "enroll_key": "06-5291"}}, {"type": "Feature", "geometry": {"type": "Point", "coordinates": [-80.283, 26.2997]}, "properties": {"id": "BRW-5315", "county": "broward", "name": "Broward Community Charter School", "school_num": "5315", "school_type": "Elementary School", "role": "charter", "address": "11421 NW 56TH DR", "city": "Coral Springs", "enrollment_2526": 0, "enroll_key": "06-5315"}}, {"type": "Feature", "geometry": {"type": "Point", "coordinates": [-80.28252, 26.30053]}, "properties": {"id": "BRW-5320", "county": "broward", "name": "Summit Academy Charter School", "school_num": "5320", "school_type": "K-8 Charter", "role": "charter", "address": "11421 NW 56TH DR", "city": "Coral Springs", "enrollment_2526": 416, "enroll_key": "06-5320"}}, {"type": "Feature", "geometry": {"type": "Point", "coordinates": [-80.1407, 26.1213]}, "properties": {"id": "BRW-5321", "county": "broward", "name": "Downtown Academy Of Technology & Arts", "school_num": "5321", "school_type": "Middle School", "role": "charter", "address": "101 SE 3 AVE", "city": "Ft Lauderdale", "enrollment_2526": 0, "enroll_key": "06-5321"}}, {"type": "Feature", "geometry": {"type": "Point", "coordinates": [-80.2698, 26.22538]}, "properties": {"id": "BRW-5322", "county": "broward", "name": "Pivot Charter School", "school_num": "5322", "school_type": "High School", "role": "charter", "address": "8129 N PINE ISLAND RD", "city": "Tamarac", "enrollment_2526": 0, "enroll_key": "06-5322"}}, {"type": "Feature", "geometry": {"type": "Point", "coordinates": [-80.17885, 26.10625]}, "properties": {"id": "BRW-5323", "county": "broward", "name": "Melrose High", "school_num": "5323", "school_type": "High School", "role": "charter", "address": "2744 DAVIE BLVD", "city": "Ft Lauderdale", "enrollment_2526": 0, "enroll_key": "06-5323"}}, {"type": "Feature", "geometry": {"type": "Point", "coordinates": [-80.14137, 26.0099]}, "properties": {"id": "BRW-5325", "county": "broward", "name": "Hollywood Academy Of Arts & Science", "school_num": "5325", "school_type": "Elementary School", "role": "charter", "address": "1705 VAN BUREN ST", "city": "Hollywood", "enrollment_2526": 1148, "enroll_key": "06-5325"}}, {"type": "Feature", "geometry": {"type": "Point", "coordinates": [-80.24724, 25.98013]}, "properties": {"id": "BRW-5331", "county": "broward", "name": "Dolphin Park High", "school_num": "5331", "school_type": "High School", "role": "charter", "address": "3206 S UNIVERSITY DR", "city": "Miramar", "enrollment_2526": 0, "enroll_key": "06-5331"}}, {"type": "Feature", "geometry": {"type": "Point", "coordinates": [-80.286, 26.2079]}, "properties": {"id": "BRW-5335", "county": "broward", "name": "Touchdowns4Life", "school_num": "5335", "school_type": "Middle School", "role": "charter", "address": "10044 W MCNAB RD # 28", "city": "Tamarac", "enrollment_2526": 0, "enroll_key": "06-5335"}}, {"type": "Feature", "geometry": {"type": "Point", "coordinates": [-80.251, 26.18376]}, "properties": {"id": "BRW-5341", "county": "broward", "name": "North University High", "school_num": "5341", "school_type": "High School", "role": "charter", "address": "4800 N UNIVERSITY DR", "city": "Lauderhill", "enrollment_2526": 0, "enroll_key": "06-5341"}}, {"type": "Feature", "geometry": {"type": "Point", "coordinates": [-80.221, 26.221]}, "properties": {"id": "BRW-5345", "county": "broward", "name": "North Lauderdale Academy High School", "school_num": "5345", "school_type": "High School", "role": "charter", "address": "7101 KIMBERLY BLVD", "city": "North Lauderdale", "enrollment_2526": 0, "enroll_key": "06-5345"}}, {"type": "Feature", "geometry": {"type": "Point", "coordinates": [-80.20481, 26.14616]}, "properties": {"id": "BRW-5351", "county": "broward", "name": "Lauderhill High", "school_num": "5351", "school_type": "High School", "role": "charter", "address": "4131 NW 16TH ST", "city": "Lauderhill", "enrollment_2526": 0, "enroll_key": "06-5351"}}, {"type": "Feature", "geometry": {"type": "Point", "coordinates": [-80.19588, 26.14448]}, "properties": {"id": "BRW-5355", "county": "broward", "name": "Eagles Nest Charter Academy", "school_num": "5355", "school_type": "K-8 Charter", "role": "charter", "address": "3698 NW 15TH ST", "city": "Lauderhill", "enrollment_2526": 250, "enroll_key": "06-5355"}}, {"type": "Feature", "geometry": {"type": "Point", "coordinates": [-80.25261, 26.23351]}, "properties": {"id": "BRW-5356", "county": "broward", "name": "Eagles Nest Middle Charter School", "school_num": "5356", "school_type": "Middle School", "role": "charter", "address": "201 N UNIVERSITY DR", "city": "Coral Springs", "enrollment_2526": 46, "enroll_key": "06-5356"}}, {"type": "Feature", "geometry": {"type": "Point", "coordinates": [-80.18962, 26.00037]}, "properties": {"id": "BRW-5361", "county": "broward", "name": "Championship Academy Of Distinction At Hollywood", "school_num": "5361", "school_type": "Elementary School", "role": "charter", "address": "1100 HILLCREST DR", "city": "Hollywood", "enrollment_2526": 240, "enroll_key": "06-5361"}}, {"type": "Feature", "geometry": {"type": "Point", "coordinates": [-80.14145, 26.00997]}, "properties": {"id": "BRW-5362", "county": "broward", "name": "Hollywood Academy Of Arts And Science Middle School", "school_num": "5362", "school_type": "Middle School", "role": "charter", "address": "1705 VAN BUREN ST", "city": "Hollywood", "enrollment_2526": 474, "enroll_key": "06-5362"}}, {"type": "Feature", "geometry": {"type": "Point", "coordinates": [-80.1406, 26.14189]}, "properties": {"id": "BRW-5365", "county": "broward", "name": "Success Leadership Academy", "school_num": "5365", "school_type": "High School", "role": "charter", "address": "1237 NE 4TH AVE", "city": "Oakland Park", "enrollment_2526": 0, "enroll_key": "06-5365"}}, {"type": "Feature", "geometry": {"type": "Point", "coordinates": [-80.23893, 26.20553]}, "properties": {"id": "BRW-5371", "county": "broward", "name": "North Broward Academy Of Excellence Middle", "school_num": "5371", "school_type": "Middle School", "role": "charter", "address": "8200 SW 17TH ST", "city": "North Lauderdale", "enrollment_2526": 357, "enroll_key": "06-5371"}}, {"type": "Feature", "geometry": {"type": "Point", "coordinates": [-80.20282, 26.18475]}, "properties": {"id": "BRW-5372", "county": "broward", "name": "Pathways Academy K-8 Center", "school_num": "5372", "school_type": "K-8 Charter", "role": "charter", "address": "4850 N STATE ROAD 7", "city": "Lauderdale Lakes", "enrollment_2526": 0, "enroll_key": "06-5372"}}, {"type": "Feature", "geometry": {"type": "Point", "coordinates": [-80.1408, 26.27274]}, "properties": {"id": "BRW-5375", "county": "broward", "name": "Paragon Elementary Charter School", "school_num": "5375", "school_type": "Elementary School", "role": "charter", "address": "3311 N ANDREWS AVENUE EXT", "city": "Pompano Beach", "enrollment_2526": 0, "enroll_key": "06-5375"}}, {"type": "Feature", "geometry": {"type": "Point", "coordinates": [-80.16461, 26.01529]}, "properties": {"id": "BRW-5381", "county": "broward", "name": "Paragon Academy Of Technology", "school_num": "5381", "school_type": "High School", "role": "charter", "address": "502 N 28TH AVE", "city": "Hollywood", "enrollment_2526": 101, "enroll_key": "06-5381"}}, {"type": "Feature", "geometry": {"type": "Point", "coordinates": [-80.185, 26.1053]}, "properties": {"id": "BRW-5385", "county": "broward", "name": "Early Beginnings Academy West", "school_num": "5385", "school_type": "Elementary School", "role": "charter", "address": "3117 SW 13TH CT", "city": "Fort Lauderdale", "enrollment_2526": 0, "enroll_key": "06-5385"}}, {"type": "Feature", "geometry": {"type": "Point", "coordinates": [-80.23448, 26.25871]}, "properties": {"id": "BRW-5387", "county": "broward", "name": "Somerset Academy Riverside", "school_num": "5387", "school_type": "Elementary School", "role": "charter", "address": "2251 RIVERSIDE DR", "city": "Coral Springs", "enrollment_2526": 407, "enroll_key": "06-5387"}}, {"type": "Feature", "geometry": {"type": "Point", "coordinates": [-80.13597, 26.27123]}, "properties": {"id": "BRW-5388", "county": "broward", "name": "Somerset Academy Pompano (K-5)", "school_num": "5388", "school_type": "Elementary School", "role": "charter", "address": "1101 NW 33RD ST", "city": "Pompano Beach", "enrollment_2526": 154, "enroll_key": "06-5388"}}, {"type": "Feature", "geometry": {"type": "Point", "coordinates": [-80.195, 26.1444]}, "properties": {"id": "BRW-5389", "county": "broward", "name": "Rise Academy Ii", "school_num": "5389", "school_type": "K-8 Charter", "role": "charter", "address": "3698 NW 15TH ST", "city": "Lauderhill", "enrollment_2526": 0, "enroll_key": "06-5389"}}, {"type": "Feature", "geometry": {"type": "Point", "coordinates": [-80.18444, 26.20236]}, "properties": {"id": "BRW-5390", "county": "broward", "name": "New Generation Preparatory High School Of Performing Arts", "school_num": "5390", "school_type": "High School", "role": "charter", "address": "2890 NW 62ND ST", "city": "Ft. Lauderdale", "enrollment_2526": 0, "enroll_key": "06-5390"}}, {"type": "Feature", "geometry": {"type": "Point", "coordinates": [-80.20802, 25.99257]}, "properties": {"id": "BRW-5391", "county": "broward", "name": "Somerset Academy East Preparatory", "school_num": "5391", "school_type": "Elementary School", "role": "charter", "address": "2000 S STATE ROAD 7", "city": "Miramar", "enrollment_2526": 151, "enroll_key": "06-5391"}}, {"type": "Feature", "geometry": {"type": "Point", "coordinates": [-80.16133, 26.00948]}, "properties": {"id": "BRW-5392", "county": "broward", "name": "Ben Gamla Charter School South Broward", "school_num": "5392", "school_type": "K-8 Charter", "role": "charter", "address": "2650 VAN BUREN ST.", "city": "Hollywood", "enrollment_2526": 0, "enroll_key": "06-5392"}}, {"type": "Feature", "geometry": {"type": "Point", "coordinates": [-80.1705, 26.18386]}, "properties": {"id": "BRW-5393", "county": "broward", "name": "Excelsior Charter Of Broward", "school_num": "5393", "school_type": "Elementary School", "role": "charter", "address": "2099 W. PROSPECT RD", "city": "Tamarac", "enrollment_2526": 0, "enroll_key": "06-5393", "status": "closed"}}, {"type": "Feature", "geometry": {"type": "Point", "coordinates": [-80.14035, 26.10691]}, "properties": {"id": "BRW-5394", "county": "broward", "name": "Charter School Of Excellence 2", "school_num": "5394", "school_type": "Elementary School", "role": "charter", "address": "1217 SE 3RD AVE", "city": "Ft Lauderdale", "enrollment_2526": 0, "enroll_key": "06-5394"}}, {"type": "Feature", "geometry": {"type": "Point", "coordinates": [-80.1408, 26.27274]}, "properties": {"id": "BRW-5395", "county": "broward", "name": "Pompano Charter Middle School", "school_num": "5395", "school_type": "Middle School", "role": "charter", "address": "3311 N ANDREWS AVENUE EXT", "city": "Pompano Beach", "enrollment_2526": 0, "enroll_key": "06-5395"}}, {"type": "Feature", "geometry": {"type": "Point", "coordinates": [-80.42646, 26.01504]}, "properties": {"id": "BRW-5396", "county": "broward", "name": "Somerset Arts Conservatory", "school_num": "5396", "school_type": "High School", "role": "charter", "address": "20807 JOHNSON ST", "city": "Pembroke Pines", "enrollment_2526": 390, "enroll_key": "06-5396"}}, {"type": "Feature", "geometry": {"type": "Point", "coordinates": [-80.19464, 26.10413]}, "properties": {"id": "BRW-5397", "county": "broward", "name": "Charter Schools Of Excellence Riverland", "school_num": "5397", "school_type": "Elementary School", "role": "charter", "address": "3550 DAVIE BLVD", "city": "Ft Lauderdale", "enrollment_2526": 0, "enroll_key": "06-5397"}}, {"type": "Feature", "geometry": {"type": "Point", "coordinates": [-80.241, 26.167]}, "properties": {"id": "BRW-5398", "county": "broward", "name": "Sunrise Community Charter", "school_num": "5398", "school_type": "Elementary School", "role": "charter", "address": "7100 W OAKLAND PARK BLVD", "city": "Sunrise", "enrollment_2526": 0, "enroll_key": "06-5398"}}, {"type": "Feature", "geometry": {"type": "Point", "coordinates": [-80.23, 25.9972]}, "properties": {"id": "BRW-5399", "county": "broward", "name": "Sunshine Academy Charter", "school_num": "5399", "school_type": "K-8 Charter", "role": "charter", "address": "7130 PEMBROKE RD", "city": "Miramar", "enrollment_2526": 0, "enroll_key": "06-5399"}}, {"type": "Feature", "geometry": {"type": "Point", "coordinates": [-80.16487, 26.01522]}, "properties": {"id": "BRW-5400", "county": "broward", "name": "Sunshine Elementary Charter School", "school_num": "5400", "school_type": "Elementary School", "role": "charter", "address": "502 N 28TH AVE", "city": "Hollywood", "enrollment_2526": 202, "enroll_key": "06-5400"}}, {"type": "Feature", "geometry": {"type": "Point", "coordinates": [-80.20317, 26.19289]}, "properties": {"id": "BRW-5401", "county": "broward", "name": "Sunfire High School Of Ft Lauderdale", "school_num": "5401", "school_type": "High School", "role": "charter", "address": "5420 STATE ROAD 7", "city": "Oakland", "enrollment_2526": 0, "enroll_key": "06-5401", "status": "closed"}}, {"type": "Feature", "geometry": {"type": "Point", "coordinates": [-80.28255, 26.30054]}, "properties": {"id": "BRW-5403", "county": "broward", "name": "Broward Community Charter West", "school_num": "5403", "school_type": "Elementary School", "role": "charter", "address": "11421 NW 56TH DR", "city": "Coral Springs", "enrollment_2526": 0, "enroll_key": "06-5403"}}, {"type": "Feature", "geometry": {"type": "Point", "coordinates": [-80.186, 25.9933]}, "properties": {"id": "BRW-5404", "county": "broward", "name": "Susie Daniels Charter School", "school_num": "5404", "school_type": "Elementary School", "role": "charter", "address": "2201 SW 42ND AVE", "city": "West Park", "enrollment_2526": 0, "enroll_key": "06-5404"}}, {"type": "Feature", "geometry": {"type": "Point", "coordinates": [-80.31307, 25.96051]}, "properties": {"id": "BRW-5405", "county": "broward", "name": "Somerset Academy Elementary (Miramar Campus)", "school_num": "5405", "school_type": "Elementary School", "role": "charter", "address": "12601 SOMERSET BLVD", "city": "Miramar", "enrollment_2526": 514, "enroll_key": "06-5405"}}, {"type": "Feature", "geometry": {"type": "Point", "coordinates": [-80.31307, 25.96051]}, "properties": {"id": "BRW-5406", "county": "broward", "name": "Somerset Academy Middle (Miramar Campus)", "school_num": "5406", "school_type": "Middle School", "role": "charter", "address": "12601 SOMERSET BLVD", "city": "Miramar", "enrollment_2526": 414, "enroll_key": "06-5406"}}, {"type": "Feature", "geometry": {"type": "Point", "coordinates": [-80.29254, 26.20831]}, "properties": {"id": "BRW-5407", "county": "broward", "name": "Everest Charter School", "school_num": "5407", "school_type": "K-8 Charter", "role": "charter", "address": "10038 W MCNAB RD", "city": "Tamarac", "enrollment_2526": 132, "enroll_key": "06-5407"}}, {"type": "Feature", "geometry": {"type": "Point", "coordinates": [-80.26484, 26.02441]}, "properties": {"id": "BRW-5409", "county": "broward", "name": "Kidz Choice Charter School", "school_num": "5409", "school_type": "Elementary School", "role": "charter", "address": "1800 N DOUGLAS RD", "city": "Pembroke Pines", "enrollment_2526": 0, "enroll_key": "06-5409"}}, {"type": "Feature", "geometry": {"type": "Point", "coordinates": [-80.15991, 26.01002]}, "properties": {"id": "BRW-5410", "county": "broward", "name": "Ben Gamla Charter School", "school_num": "5410", "school_type": "K-8 Charter", "role": "charter", "address": "2620 HOLLYWOOD BLVD", "city": "Hollywood", "enrollment_2526": 650, "enroll_key": "06-5410"}}, {"type": "Feature", "geometry": {"type": "Point", "coordinates": [-80.193, 26.1053]}, "properties": {"id": "BRW-5411", "county": "broward", "name": "Dayspring Elementary Charter School", "school_num": "5411", "school_type": "Elementary School", "role": "charter", "address": "3550 DAVIE BLVD", "city": "Ft. Lauderdale", "enrollment_2526": 0, "enroll_key": "06-5411"}}, {"type": "Feature", "geometry": {"type": "Point", "coordinates": [-80.28255, 26.30054]}, "properties": {"id": "BRW-5412", "county": "broward", "name": "Discovery Middle Charter School", "school_num": "5412", "school_type": "Middle School", "role": "charter", "address": "11421 NW 56TH DR", "city": "Coral Springs", "enrollment_2526": 0, "enroll_key": "06-5412"}}, {"type": "Feature", "geometry": {"type": "Point", "coordinates": [-80.09714, 26.30594]}, "properties": {"id": "BRW-5413", "county": "broward", "name": "Somerset Academy Key Middle School", "school_num": "5413", "school_type": "Middle School", "role": "charter", "address": "959 SE 6TH AVE", "city": "Deerfield Beach", "enrollment_2526": 334, "enroll_key": "06-5413"}}, {"type": "Feature", "geometry": {"type": "Point", "coordinates": [-80.142, 26.0183]}, "properties": {"id": "BRW-5414", "county": "broward", "name": "Florida Intercultural Academy Middle", "school_num": "5414", "school_type": "Middle School", "role": "charter", "address": "1704 BUCHANAN ST", "city": "Hollywood", "enrollment_2526": 0, "enroll_key": "06-5414"}}, {"type": "Feature", "geometry": {"type": "Point", "coordinates": [-80.244, 26.3006]}, "properties": {"id": "BRW-5415", "county": "broward", "name": "Imagine Charter School Of Broward", "school_num": "5415", "school_type": "Elementary School", "role": "charter", "address": "9001 WESTVIEW DR", "city": "Coral Springs", "enrollment_2526": 0, "enroll_key": "06-5415"}}, {"type": "Feature", "geometry": {"type": "Point", "coordinates": [-80.23904, 26.03613]}, "properties": {"id": "BRW-5416", "county": "broward", "name": "International School Of Broward", "school_num": "5416", "school_type": "High School", "role": "charter", "address": "3100 N 75TH AVE", "city": "Hollywood", "enrollment_2526": 61, "enroll_key": "06-5416"}}, {"type": "Feature", "geometry": {"type": "Point", "coordinates": [-80.2053, 26.26922]}, "properties": {"id": "BRW-5417", "county": "broward", "name": "Igeneration Empowerment Academy Of Broward County", "school_num": "5417", "school_type": "High School", "role": "charter", "address": "6101 NW 31ST ST", "city": "Margate", "enrollment_2526": 0, "enroll_key": "06-5417"}}, {"type": "Feature", "geometry": {"type": "Point", "coordinates": [-80.18587, 25.99048]}, "properties": {"id": "BRW-5418", "county": "broward", "name": "Henry Mcneal Turner Learning Academy", "school_num": "5418", "school_type": "Elementary School", "role": "charter", "address": "2201 SW 42ND AVE", "city": "West Park", "enrollment_2526": 0, "enroll_key": "06-5418"}}, {"type": "Feature", "geometry": {"type": "Point", "coordinates": [-80.23448, 26.25871]}, "properties": {"id": "BRW-5419", "county": "broward", "name": "Somerset Academy Riverside Charter Middle School", "school_num": "5419", "school_type": "Middle School", "role": "charter", "address": "2251 RIVERSIDE DR", "city": "Coral Springs", "enrollment_2526": 315, "enroll_key": "06-5419"}}, {"type": "Feature", "geometry": {"type": "Point", "coordinates": [-80.2053, 26.26922]}, "properties": {"id": "BRW-5420", "county": "broward", "name": "Rise Academy School Of Science And Technology", "school_num": "5420", "school_type": "K-8 Charter", "role": "charter", "address": "6101 NW 31ST ST", "city": "Margate", "enrollment_2526": 323, "enroll_key": "06-5420"}}, {"type": "Feature", "geometry": {"type": "Point", "coordinates": [-80.15418, 26.01049]}, "properties": {"id": "BRW-5421", "county": "broward", "name": "Alpha International Academy", "school_num": "5421", "school_type": "Elementary School", "role": "charter", "address": "121 S 24TH AVE", "city": "Hollywood", "enrollment_2526": 0, "enroll_key": "06-5421", "status": "closed"}}, {"type": "Feature", "geometry": {"type": "Point", "coordinates": [-80.24821, 26.04073]}, "properties": {"id": "BRW-5422", "county": "broward", "name": "Championship Academy Of Distinction At Davie", "school_num": "5422", "school_type": "K-8 Charter", "role": "charter", "address": "3367 N UNIVERSITY DR", "city": "Davie", "enrollment_2526": 357, "enroll_key": "06-5422"}}, {"type": "Feature", "geometry": {"type": "Point", "coordinates": [-80.26798, 25.99269]}, "properties": {"id": "BRW-5441", "county": "broward", "name": "Somerset Preparatory Charter Middle School", "school_num": "5441", "school_type": "Middle School", "role": "charter", "address": "9300 PEMBROKE RD", "city": "Miramar", "enrollment_2526": 351, "enroll_key": "06-5441"}}, {"type": "Feature", "geometry": {"type": "Point", "coordinates": [-80.14875, 26.13619]}, "properties": {"id": "BRW-5481", "county": "broward", "name": "Sandra Marie Curtis High School", "school_num": "5481", "school_type": "High School", "role": "charter", "address": "424 W SUNRISE BLVD", "city": "Ft Lauderdale", "enrollment_2526": 457, "enroll_key": "06-5481"}}, {"type": "Feature", "geometry": {"type": "Point", "coordinates": [-80.16133, 26.00948]}, "properties": {"id": "BRW-5555", "county": "broward", "name": "International Studies Academy High School", "school_num": "5555", "school_type": "High School", "role": "charter", "address": "2650 VAN BUREN STREET", "city": "Hollywood", "enrollment_2526": 231, "enroll_key": "06-5555"}}, {"type": "Feature", "geometry": {"type": "Point", "coordinates": [-80.16133, 26.00948]}, "properties": {"id": "BRW-5556", "county": "broward", "name": "International Studies Academy Middle School", "school_num": "5556", "school_type": "Middle School", "role": "charter", "address": "2650 VAN BUREN STREET", "city": "Hollywood", "enrollment_2526": 287, "enroll_key": "06-5556"}}, {"type": "Feature", "geometry": {"type": "Point", "coordinates": [-80.2864, 26.00912]}, "properties": {"id": "BRW-5710", "county": "broward", "name": "Renaissance Charter Schools At Pines", "school_num": "5710", "school_type": "K-8 Charter", "role": "charter", "address": "10501 PINES BLVD", "city": "Pembroke Pines", "enrollment_2526": 658, "enroll_key": "06-5710"}}, {"type": "Feature", "geometry": {"type": "Point", "coordinates": [-80.15425, 25.99106]}, "properties": {"id": "BRW-5717", "county": "broward", "name": "South Broward Montessori Charter School", "school_num": "5717", "school_type": "Elementary School", "role": "charter", "address": "520 NW 5TH ST", "city": "Hallandale Beach", "enrollment_2526": 167, "enroll_key": "06-5717"}}, {"type": "Feature", "geometry": {"type": "Point", "coordinates": [-80.14067, 26.14116]}, "properties": {"id": "BRW-5731", "county": "broward", "name": "Ivy Academy High", "school_num": "5731", "school_type": "High School", "role": "charter", "address": "1237 NE 4 AVE", "city": "Fort Lauderdale", "enrollment_2526": 0, "enroll_key": "06-5731"}}, {"type": "Feature", "geometry": {"type": "Point", "coordinates": [-80.14831, 26.02524]}, "properties": {"id": "BRW-5791", "county": "broward", "name": "Avant Garde Academy Of Broward", "school_num": "5791", "school_type": "High School", "role": "charter", "address": "2025 MCKINLEY ST", "city": "Hollywood", "enrollment_2526": 1126, "enroll_key": "06-5791"}}, {"type": "Feature", "geometry": {"type": "Point", "coordinates": [-80.25268, 26.23357]}, "properties": {"id": "BRW-5801", "county": "broward", "name": "Panacea Prep Charter School", "school_num": "5801", "school_type": "Elementary School", "role": "charter", "address": "201 N UNIVERSITY DR", "city": "Coral Springs", "enrollment_2526": 74, "enroll_key": "06-5801"}}, {"type": "Feature", "geometry": {"type": "Point", "coordinates": [-80.14067, 26.14116]}, "properties": {"id": "BRW-5831", "county": "broward", "name": "Ivy Academy Middle", "school_num": "5831", "school_type": "Middle School", "role": "charter", "address": "1237 NE 4 AVE", "city": "Fort Lauderdale", "enrollment_2526": 0, "enroll_key": "06-5831"}}, {"type": "Feature", "geometry": {"type": "Point", "coordinates": [-80.17536, 26.04735]}, "properties": {"id": "BRW-5852", "county": "broward", "name": "New Life Charter Academy", "school_num": "5852", "school_type": "Elementary School", "role": "charter", "address": "3550 DAVIE BLVD", "city": "Fort Lauderdale", "enrollment_2526": 111, "enroll_key": "06-5852"}}, {"type": "Feature", "geometry": {"type": "Point", "coordinates": [-80.19466, 26.24269]}, "properties": {"id": "BRW-5861", "county": "broward", "name": "Suned High School Of North Broward", "school_num": "5861", "school_type": "High School", "role": "charter", "address": "1117 BANKS RD", "city": "Margate", "enrollment_2526": 350, "enroll_key": "06-5861"}}, {"type": "Feature", "geometry": {"type": "Point", "coordinates": [-80.2450599418279, 25.8962783439794]}, "properties": {"id": "MDC-6034", "county": "miamidade", "name": "Beacon College Prep K-8", "school_num": "6034", "school_type": "Charter", "grades": "K-8", "role": "charter", "address": "2750 NW 135th St", "city": "Opa-Locka", "enrollment_2526": 385, "enroll_key": "13-6034"}}]}